question_id,image_id,sequence_id,sensor,scene_type,split,question_type,variant,template_id,question,question_paraphrased,answer,answer_type,answer_space,image_path,depth_path,source,evidence
test_008674,xtion/sun3ddata/mit_32_g882/g882_1/0004330-000145389547,sun3d:mit_32_g882/g882_1,xtion,classroom,test,nearest_object,,1,Which object is nearest to the wire?,,chair,object,,SUNRGBD/xtion/sun3ddata/mit_32_g882/g882_1/0004330-000145389547/image/0004330-000145389547.jpg,SUNRGBD/xtion/sun3ddata/mit_32_g882/g882_1/0004330-000145389547/depth_bfx/0004349-000145389822.png,rule,"{""anchor_concept"": ""wire"", ""anchor_object_index"": 19, ""answer_concept"": ""chair"", ""answer_object_index"": 13, ""nearest_distance_m"": 1.04, ""second_nearest_distance_m"": 1.356}"
test_006694,xtion/sun3ddata/mit_32_g882/g882_1/0002667-000089652439,sun3d:mit_32_g882/g882_1,xtion,rest_space,test,nearest_object,,1,Which object is nearest to the sofa?,,keyboard,object,,SUNRGBD/xtion/sun3ddata/mit_32_g882/g882_1/0002667-000089652439/image/0002667-000089652439.jpg,SUNRGBD/xtion/sun3ddata/mit_32_g882/g882_1/0002667-000089652439/depth_bfx/0002679-000089663174.png,rule,"{""anchor_concept"": ""sofa"", ""anchor_object_index"": 0, ""answer_concept"": ""keyboard"", ""answer_object_index"": 1, ""nearest_distance_m"": 0.961, ""second_nearest_distance_m"": 1.654}"
test_001299,xtion/sun3ddata/mit_ne47_huge_office/ne47_floor2_office_2/0005634-000188842268,sun3d:mit_ne47_huge_office/ne47_floor2_office_2,xtion,office,test,nearest_object,,2,What sits closest to the table?,,sofa,object,,SUNRGBD/xtion/sun3ddata/mit_ne47_huge_office/ne47_floor2_office_2/0005634-000188842268/image/0005634-000188842268.jpg,SUNRGBD/xtion/sun3ddata/mit_ne47_huge_office/ne47_floor2_office_2/0005634-000188842268/depth_bfx/0005660-000188836586.png,rule,"{""anchor_concept"": ""table"", ""anchor_object_index"": 8, ""answer_concept"": ""sofa"", ""answer_object_index"": 2, ""nearest_distance_m"": 1.251, ""second_nearest_distance_m"": 4.078}"
test_001082,xtion/sun3ddata/mit_dorm_mcc_eflr6/dorm_mcc_eflr6_oct_31_2012_scan1_erika/0007889-000346801287,sun3d:mit_dorm_mcc_eflr6/dorm_mcc_eflr6_oct_31_2012_scan1_erika,xtion,rest_space,test,nearest_object,,1,Which object is nearest to the window?,,refrigerator,object,,SUNRGBD/xtion/sun3ddata/mit_dorm_mcc_eflr6/dorm_mcc_eflr6_oct_31_2012_scan1_erika/0007889-000346801287/image/0007889-000346801287.jpg,SUNRGBD/xtion/sun3ddata/mit_dorm_mcc_eflr6/dorm_mcc_eflr6_oct_31_2012_scan1_erika/0007889-000346801287/depth_bfx/0007865-000346806616.png,rule,"{""anchor_concept"": ""window"", ""anchor_object_index"": 0, ""answer_concept"": ""refrigerator"", ""answer_object_index"": 10, ""nearest_distance_m"": 1.444, ""second_nearest_distance_m"": 2.285}"
test_004859,xtion/sun3ddata/mit_w59_conference/conference_w59_nov_6_2012_scan1_erika/0001127-000046989432,sun3d:mit_w59_conference/conference_w59_nov_6_2012_scan1_erika,xtion,conference_room,test,nearest_object,,5,Which object is closest in distance to the board?,,door,object,,SUNRGBD/xtion/sun3ddata/mit_w59_conference/conference_w59_nov_6_2012_scan1_erika/0001127-000046989432/image/0001127-000046989432.jpg,SUNRGBD/xtion/sun3ddata/mit_w59_conference/conference_w59_nov_6_2012_scan1_erika/0001127-000046989432/depth_bfx/0001121-000046970412.png,rule,"{""anchor_concept"": ""board"", ""anchor_object_index"": 0, ""answer_concept"": ""door"", ""answer_object_index"": 3, ""nearest_distance_m"": 2.253, ""second_nearest_distance_m"": 3.214}"
test_010808,xtion/sun3ddata/mit_ne47_huge_office/ne47_floor2_office_2/0001996-000066877544,sun3d:mit_ne47_huge_office/ne47_floor2_office_2,xtion,office,test,nearest_object,,1,Which object is nearest to the person?,,desk,object,,SUNRGBD/xtion/sun3ddata/mit_ne47_huge_office/ne47_floor2_office_2/0001996-000066877544/image/0001996-000066877544.jpg,SUNRGBD/xtion/sun3ddata/mit_ne47_huge_office/ne47_floor2_office_2/0001996-000066877544/depth_bfx/0002005-000066871977.png,rule,"{""anchor_concept"": ""person"", ""anchor_object_index"": 0, ""answer_concept"": ""desk"", ""answer_object_index"": 2, ""nearest_distance_m"": 0.61, ""second_nearest_distance_m"": 0.89}"
test_007516,xtion/sun3ddata/mit_5_234/classroom_5234_nov_6_2012_scan1_erika/0000237-000010013595,sun3d:mit_5_234/classroom_5234_nov_6_2012_scan1_erika,xtion,classroom,test,nearest_object,,4,What is right next to the board?,,door,object,,SUNRGBD/xtion/sun3ddata/mit_5_234/classroom_5234_nov_6_2012_scan1_erika/0000237-000010013595/image/0000237-000010013595.jpg,SUNRGBD/xtion/sun3ddata/mit_5_234/classroom_5234_nov_6_2012_scan1_erika/0000237-000010013595/depth_bfx/0000236-000010010775.png,rule,"{""anchor_concept"": ""board"", ""anchor_object_index"": 1, ""answer_concept"": ""door"", ""answer_object_index"": 28, ""nearest_distance_m"": 3.749, ""second_nearest_distance_m"": 5.729}"
test_009260,xtion/sun3ddata/mit_76_417/76-417a/0002835-000094984344,sun3d:mit_76_417/76-417a,xtion,lab,test,nearest_object,,3,Which item is positioned nearest to the keyboard?,,monitor,object,,SUNRGBD/xtion/sun3ddata/mit_76_417/76-417a/0002835-000094984344/image/0002835-000094984344.jpg,SUNRGBD/xtion/sun3ddata/mit_76_417/76-417a/0002835-000094984344/depth_bfx/0002847-000094979128.png,rule,"{""anchor_concept"": ""keyboard"", ""anchor_object_index"": 1, ""answer_concept"": ""monitor"", ""answer_object_index"": 0, ""nearest_distance_m"": 0.233, ""second_nearest_distance_m"": 0.656}"
test_011071,xtion/sun3ddata/mit_32_g7_lounge/g7_lounge_1/0005210-000174584844,sun3d:mit_32_g7_lounge/g7_lounge_1,xtion,rest_space,test,nearest_object,,0,What is the closest object to the light switch?,,sofa,object,,SUNRGBD/xtion/sun3ddata/mit_32_g7_lounge/g7_lounge_1/0005210-000174584844/image/0005210-000174584844.jpg,SUNRGBD/xtion/sun3ddata/mit_32_g7_lounge/g7_lounge_1/0005210-000174584844/depth_bfx/0005233-000174598462.png,rule,"{""anchor_concept"": ""lightswitch"", ""anchor_object_index"": 3, ""answer_concept"": ""sofa"", ""answer_object_index"": 15, ""nearest_distance_m"": 1.134, ""second_nearest_distance_m"": 2.208}"
test_005254,xtion/sun3ddata/mit_32_lounge_d429/d4_lounge_1/0003937-000131918976,sun3d:mit_32_lounge_d429/d4_lounge_1,xtion,office,test,nearest_object,,5,Which object is closest in distance to the curtain?,,table,object,,SUNRGBD/xtion/sun3ddata/mit_32_lounge_d429/d4_lounge_1/0003937-000131918976/image/0003937-000131918976.jpg,SUNRGBD/xtion/sun3ddata/mit_32_lounge_d429/d4_lounge_1/0003937-000131918976/depth_bfx/0003952-000131918933.png,rule,"{""anchor_concept"": ""curtain"", ""anchor_object_index"": 3, ""answer_concept"": ""table"", ""answer_object_index"": 8, ""nearest_distance_m"": 0.391, ""second_nearest_distance_m"": 1.306}"
test_003019,xtion/sun3ddata/mit_lab_hj/lab_hj_work_nov_2_2012_scan1_erika/0002891-000118110384,sun3d:mit_lab_hj/lab_hj_work_nov_2_2012_scan1_erika,xtion,office,test,nearest_object,,5,Which object is closest in distance to the cloth?,,wood,object,,SUNRGBD/xtion/sun3ddata/mit_lab_hj/lab_hj_work_nov_2_2012_scan1_erika/0002891-000118110384/image/0002891-000118110384.jpg,SUNRGBD/xtion/sun3ddata/mit_lab_hj/lab_hj_work_nov_2_2012_scan1_erika/0002891-000118110384/depth_bfx/0002898-000118097454.png,rule,"{""anchor_concept"": ""cloth"", ""anchor_object_index"": 7, ""answer_concept"": ""wood"", ""answer_object_index"": 9, ""nearest_distance_m"": 0.293, ""second_nearest_distance_m"": 0.426}"
test_010549,xtion/sun3ddata/mit_36_ti_office/tian_office_1/0000252-000008412516,sun3d:mit_36_ti_office/tian_office_1,xtion,lab,test,nearest_object,,4,What is right next to the book?,,paper,object,,SUNRGBD/xtion/sun3ddata/mit_36_ti_office/tian_office_1/0000252-000008412516/image/0000252-000008412516.jpg,SUNRGBD/xtion/sun3ddata/mit_36_ti_office/tian_office_1/0000252-000008412516/depth_bfx/0000252-000008404774.png,rule,"{""anchor_concept"": ""book"", ""anchor_object_index"": 23, ""answer_concept"": ""paper"", ""answer_object_index"": 22, ""nearest_distance_m"": 0.35, ""second_nearest_distance_m"": 0.453}"
test_012472,xtion/xtion_align_data/2014_12_18_14_12_47,scene:xtion/xtion_align_data/2014_12_18_14_12_47,xtion,corridor,test,nearest_object,,4,What is right next to the door?,,bin,object,,SUNRGBD/xtion/xtion_align_data/2014_12_18_14_12_47/image/0000130.jpg,SUNRGBD/xtion/xtion_align_data/2014_12_18_14_12_47/depth_bfx/0000130.png,rule,"{""anchor_concept"": ""door"", ""anchor_object_index"": 3, ""answer_concept"": ""bin"", ""answer_object_index"": 1, ""nearest_distance_m"": 0.793, ""second_nearest_distance_m"": 1.176}"
test_006850,xtion/sun3ddata/mit_76_4printroom/76-4printroom1/0001557-000052174592,sun3d:mit_76_4printroom/76-4printroom1,xtion,printer_room,test,nearest_object,,2,What sits closest to the box?,,paper,object,,SUNRGBD/xtion/sun3ddata/mit_76_4printroom/76-4printroom1/0001557-000052174592/image/0001557-000052174592.jpg,SUNRGBD/xtion/sun3ddata/mit_76_4printroom/76-4printroom1/0001557-000052174592/depth_bfx/0001565-000052189507.png,rule,"{""anchor_concept"": ""box"", ""anchor_object_index"": 5, ""answer_concept"": ""paper"", ""answer_object_index"": 4, ""nearest_distance_m"": 0.315, ""second_nearest_distance_m"": 1.268}"
test_005638,xtion/sun3ddata/mit_w20_athena/sc_athena_oct_29_2012_scan1_erika/0000493-000021081564,sun3d:mit_w20_athena/sc_athena_oct_29_2012_scan1_erika,xtion,office,test,nearest_object,,5,Which object is closest in distance to the chair?,,table,object,,SUNRGBD/xtion/sun3ddata/mit_w20_athena/sc_athena_oct_29_2012_scan1_erika/0000493-000021081564/image/0000493-000021081564.jpg,SUNRGBD/xtion/sun3ddata/mit_w20_athena/sc_athena_oct_29_2012_scan1_erika/0000493-000021081564/depth_bfx/0000493-000021093607.png,rule,"{""anchor_concept"": ""chair"", ""anchor_object_index"": 19, ""answer_concept"": ""table"", ""answer_object_index"": 4, ""nearest_distance_m"": 0.384, ""second_nearest_distance_m"": 0.521}"
test_010128,xtion/sun3ddata/mit_w85_10/10_1/0000217-000007239456,sun3d:mit_w85_10/10_1,xtion,living_room,test,nearest_object,,0,What is the closest object to the doll?,,carpet,object,,SUNRGBD/xtion/sun3ddata/mit_w85_10/10_1/0000217-000007239456/image/0000217-000007239456.jpg,SUNRGBD/xtion/sun3ddata/mit_w85_10/10_1/0000217-000007239456/depth_bfx/0000217-000007251455.png,rule,"{""anchor_concept"": ""doll"", ""anchor_object_index"": 7, ""answer_concept"": ""carpet"", ""answer_object_index"": 9, ""nearest_distance_m"": 0.397, ""second_nearest_distance_m"": 0.632}"
test_001924,xtion/sun3ddata/mit_w85h/h2_1/0004003-000134164548,sun3d:mit_w85h/h2_1,xtion,bathroom,test,nearest_object,,0,What is the closest object to the sink?,,shower curtain,object,,SUNRGBD/xtion/sun3ddata/mit_w85h/h2_1/0004003-000134164548/image/0004003-000134164548.jpg,SUNRGBD/xtion/sun3ddata/mit_w85h/h2_1/0004003-000134164548/depth_bfx/0004021-000134167864.png,rule,"{""anchor_concept"": ""sink"", ""anchor_object_index"": 3, ""answer_concept"": ""showercurtain"", ""answer_object_index"": 1, ""nearest_distance_m"": 0.427, ""second_nearest_distance_m"": 0.843}"
test_013089,xtion/sun3ddata/mit_dorm_mcc_flr1/dorm_mcc_flr1_oct_31_2012_scan1_erika/0007387-000337088554,sun3d:mit_dorm_mcc_flr1/dorm_mcc_flr1_oct_31_2012_scan1_erika,xtion,idk,test,nearest_object,,4,What is right next to the table?,,photo,object,,SUNRGBD/xtion/sun3ddata/mit_dorm_mcc_flr1/dorm_mcc_flr1_oct_31_2012_scan1_erika/0007387-000337088554/image/0007387-000337088554.jpg,SUNRGBD/xtion/sun3ddata/mit_dorm_mcc_flr1/dorm_mcc_flr1_oct_31_2012_scan1_erika/0007387-000337088554/depth_bfx/0007373-000337096164.png,rule,"{""anchor_concept"": ""table"", ""anchor_object_index"": 11, ""answer_concept"": ""photo"", ""answer_object_index"": 3, ""nearest_distance_m"": 0.211, ""second_nearest_distance_m"": 0.415}"
test_009357,xtion/sun3ddata/mit_dorm_masseeh_md/dorm_masseeh_md_scan1_oct_26_2012_erika/0001066-000048365734,sun3d:mit_dorm_masseeh_md/dorm_masseeh_md_scan1_oct_26_2012_erika,xtion,home_office,test,nearest_object,,1,Which object is nearest to the desk?,,keyboard,object,,SUNRGBD/xtion/sun3ddata/mit_dorm_masseeh_md/dorm_masseeh_md_scan1_oct_26_2012_erika/0001066-000048365734/image/0001066-000048365734.jpg,SUNRGBD/xtion/sun3ddata/mit_dorm_masseeh_md/dorm_masseeh_md_scan1_oct_26_2012_erika/0001066-000048365734/depth_bfx/0001064-000048352043.png,rule,"{""anchor_concept"": ""desk"", ""anchor_object_index"": 1, ""answer_concept"": ""keyboard"", ""answer_object_index"": 7, ""nearest_distance_m"": 0.409, ""second_nearest_distance_m"": 0.98}"
test_007263,xtion/sun3ddata/mit_w85h/h4_1/0003953-000132472215,sun3d:mit_w85h/h4_1,xtion,bedroom,test,nearest_object,,3,Which item is positioned nearest to the cloth?,,box,object,,SUNRGBD/xtion/sun3ddata/mit_w85h/h4_1/0003953-000132472215/image/0003953-000132472215.jpg,SUNRGBD/xtion/sun3ddata/mit_w85h/h4_1/0003953-000132472215/depth_bfx/0003971-000132475923.png,rule,"{""anchor_concept"": ""cloth"", ""anchor_object_index"": 6, ""answer_concept"": ""box"", ""answer_object_index"": 5, ""nearest_distance_m"": 0.318, ""second_nearest_distance_m"": 1.048}"
test_013887,xtion/sun3ddata/mit_76_studyroom/76-1studyroom1/0000884-000029594628,sun3d:mit_76_studyroom/76-1studyroom1,xtion,discussion_area,test,nearest_object,,0,What is the closest object to the tree?,,door,object,,SUNRGBD/xtion/sun3ddata/mit_76_studyroom/76-1studyroom1/0000884-000029594628/image/0000884-000029594628.jpg,SUNRGBD/xtion/sun3ddata/mit_76_studyroom/76-1studyroom1/0000884-000029594628/depth_bfx/0000887-000029588885.png,rule,"{""anchor_concept"": ""tree"", ""anchor_object_index"": 7, ""answer_concept"": ""door"", ""answer_object_index"": 6, ""nearest_distance_m"": 0.877, ""second_nearest_distance_m"": 2.001}"
test_006591,xtion/sun3ddata/mit_ne47_huge_office/ne47_floor2_office_2/0002548-000085378376,sun3d:mit_ne47_huge_office/ne47_floor2_office_2,xtion,office,test,nearest_object,,3,Which item is positioned nearest to the window?,,frame,object,,SUNRGBD/xtion/sun3ddata/mit_ne47_huge_office/ne47_floor2_office_2/0002548-000085378376/image/0002548-000085378376.jpg,SUNRGBD/xtion/sun3ddata/mit_ne47_huge_office/ne47_floor2_office_2/0002548-000085378376/depth_bfx/0002560-000085391911.png,rule,"{""anchor_concept"": ""window"", ""anchor_object_index"": 19, ""answer_concept"": ""frame"", ""answer_object_index"": 20, ""nearest_distance_m"": 0.754, ""second_nearest_distance_m"": 2.198}"
test_000969,xtion/sun3ddata/mit_36_ti_lab/tian_lab_1/0003688-000123593268,sun3d:mit_36_ti_lab/tian_lab_1,xtion,lab,test,nearest_object,,0,What is the closest object to the table?,,file,object,,SUNRGBD/xtion/sun3ddata/mit_36_ti_lab/tian_lab_1/0003688-000123593268/image/0003688-000123593268.jpg,SUNRGBD/xtion/sun3ddata/mit_36_ti_lab/tian_lab_1/0003688-000123593268/depth_bfx/0003705-000123599702.png,rule,"{""anchor_concept"": ""table"", ""anchor_object_index"": 1, ""answer_concept"": ""file"", ""answer_object_index"": 10, ""nearest_distance_m"": 0.195, ""second_nearest_distance_m"": 0.291}"
test_009495,xtion/sun3ddata/mit_36_ti_lab2/tian_lab_a/0003607-000120858696,sun3d:mit_36_ti_lab2/tian_lab_a,xtion,lab,test,nearest_object,,5,Which object is closest in distance to the cable?,,box,object,,SUNRGBD/xtion/sun3ddata/mit_36_ti_lab2/tian_lab_a/0003607-000120858696/image/0003607-000120858696.jpg,SUNRGBD/xtion/sun3ddata/mit_36_ti_lab2/tian_lab_a/0003607-000120858696/depth_bfx/0003622-000120869994.png,rule,"{""anchor_concept"": ""cable"", ""anchor_object_index"": 22, ""answer_concept"": ""box"", ""answer_object_index"": 1, ""nearest_distance_m"": 0.293, ""second_nearest_distance_m"": 0.391}"
test_002327,xtion/sun3ddata/mit_dorm_mcc_wph/dorm_mcc_wph_oct_31_2012_scan1_erika/0007128-000317469074,sun3d:mit_dorm_mcc_wph/dorm_mcc_wph_oct_31_2012_scan1_erika,xtion,corridor,test,nearest_object,,1,Which object is nearest to the frame?,,lamp,object,,SUNRGBD/xtion/sun3ddata/mit_dorm_mcc_wph/dorm_mcc_wph_oct_31_2012_scan1_erika/0007128-000317469074/image/0007128-000317469074.jpg,SUNRGBD/xtion/sun3ddata/mit_dorm_mcc_wph/dorm_mcc_wph_oct_31_2012_scan1_erika/0007128-000317469074/depth_bfx/0007132-000317475044.png,rule,"{""anchor_concept"": ""frame"", ""anchor_object_index"": 3, ""answer_concept"": ""lamp"", ""answer_object_index"": 13, ""nearest_distance_m"": 0.883, ""second_nearest_distance_m"": 1.357}"
test_002630,xtion/sun3ddata/mit_w85_playroom/westgate_playroom_1/0003797-000127237776,sun3d:mit_w85_playroom/westgate_playroom_1,xtion,recreation_room,test,nearest_object,,2,What sits closest to the sink?,,stove,object,,SUNRGBD/xtion/sun3ddata/mit_w85_playroom/westgate_playroom_1/0003797-000127237776/image/0003797-000127237776.jpg,SUNRGBD/xtion/sun3ddata/mit_w85_playroom/westgate_playroom_1/0003797-000127237776/depth_bfx/0003814-000127236950.png,rule,"{""anchor_concept"": ""sink"", ""anchor_object_index"": 10, ""answer_concept"": ""stove"", ""answer_object_index"": 7, ""nearest_distance_m"": 0.249, ""second_nearest_distance_m"": 0.312}"
test_012217,xtion/sun3ddata/mit_w85_12/12_1_1/0003470-000116736228,sun3d:mit_w85_12/12_1_1,xtion,bedroom,test,nearest_object,,5,Which object is closest in distance to the wire?,,table,object,,SUNRGBD/xtion/sun3ddata/mit_w85_12/12_1_1/0003470-000116736228/image/0003470-000116736228.jpg,SUNRGBD/xtion/sun3ddata/mit_w85_12/12_1_1/0003470-000116736228/depth_bfx/0003486-000116748341.png,rule,"{""anchor_concept"": ""wire"", ""anchor_object_index"": 15, ""answer_concept"": ""table"", ""answer_object_index"": 3, ""nearest_distance_m"": 1.035, ""second_nearest_distance_m"": 1.416}"
test_005950,xtion/sun3ddata/mit_w85k1/scan_1/0010182-000341471363,sun3d:mit_w85k1/scan_1,xtion,kitchen,test,nearest_object,,2,What sits closest to the microwave?,,cupboard,object,,SUNRGBD/xtion/sun3ddata/mit_w85k1/scan_1/0010182-000341471363/image/0010182-000341471363.jpg,SUNRGBD/xtion/sun3ddata/mit_w85k1/scan_1/0010182-000341471363/depth_bfx/0010227-000341467535.png,rule,"{""anchor_concept"": ""microwave"", ""anchor_object_index"": 1, ""answer_concept"": ""cupboard"", ""answer_object_index"": 5, ""nearest_distance_m"": 0.412, ""second_nearest_distance_m"": 0.881}"
test_005695,xtion/sun3ddata/mit_w20_flr4/sc_flr4_oct_29_2012_scan1_erika/0014634-000619554135,sun3d:mit_w20_flr4/sc_flr4_oct_29_2012_scan1_erika,xtion,rest_space,test,nearest_object,,0,What is the closest object to the mirror?,,door,object,,SUNRGBD/xtion/sun3ddata/mit_w20_flr4/sc_flr4_oct_29_2012_scan1_erika/0014634-000619554135/image/0014634-000619554135.jpg,SUNRGBD/xtion/sun3ddata/mit_w20_flr4/sc_flr4_oct_29_2012_scan1_erika/0014634-000619554135/depth_bfx/0014643-000619533496.png,rule,"{""anchor_concept"": ""mirror"", ""anchor_object_index"": 9, ""answer_concept"": ""door"", ""answer_object_index"": 3, ""nearest_distance_m"": 0.68, ""second_nearest_distance_m"": 6.212}"
test_010114,xtion/sun3ddata/mit_32_g9_lounge/g9_lounge_1/0005837-000195699924,sun3d:mit_32_g9_lounge/g9_lounge_1,xtion,printer_room,test,nearest_object,,0,What is the closest object to the chair?,,shelf,object,,SUNRGBD/xtion/sun3ddata/mit_32_g9_lounge/g9_lounge_1/0005837-000195699924/image/0005837-000195699924.jpg,SUNRGBD/xtion/sun3ddata/mit_32_g9_lounge/g9_lounge_1/0005837-000195699924/depth_bfx/0005866-000195714033.png,rule,"{""anchor_concept"": ""chair"", ""anchor_object_index"": 4, ""answer_concept"": ""shelf"", ""answer_object_index"": 10, ""nearest_distance_m"": 0.366, ""second_nearest_distance_m"": 0.857}"
test_011381,xtion/sun3ddata/mit_46_5conf_2/bcs_floor5_conf_a/0003556-000119206564,sun3d:mit_46_5conf_2/bcs_floor5_conf_a,xtion,office_kitchen,test,nearest_object,,2,What sits closest to the mug?,,counter,object,,SUNRGBD/xtion/sun3ddata/mit_46_5conf_2/bcs_floor5_conf_a/0003556-000119206564/image/0003556-000119206564.jpg,SUNRGBD/xtion/sun3ddata/mit_46_5conf_2/bcs_floor5_conf_a/0003556-000119206564/depth_bfx/0003573-000119194961.png,rule,"{""anchor_concept"": ""mug"", ""anchor_object_index"": 5, ""answer_concept"": ""counter"", ""answer_object_index"": 0, ""nearest_distance_m"": 0.434, ""second_nearest_distance_m"": 0.574}"
test_013424,xtion/sun3ddata/mit_w85_10/10_1/0000422-000014110236,sun3d:mit_w85_10/10_1,xtion,living_room,test,nearest_object,,2,What sits closest to the chair?,,rack,object,,SUNRGBD/xtion/sun3ddata/mit_w85_10/10_1/0000422-000014110236/image/0000422-000014110236.jpg,SUNRGBD/xtion/sun3ddata/mit_w85_10/10_1/0000422-000014110236/depth_bfx/0000423-000014125521.png,rule,"{""anchor_concept"": ""chair"", ""anchor_object_index"": 5, ""answer_concept"": ""rack"", ""answer_object_index"": 6, ""nearest_distance_m"": 0.487, ""second_nearest_distance_m"": 0.916}"
test_010409,xtion/sun3ddata/mit_32_d530/d530_scan_oldest/0000395-000222791000,sun3d:mit_32_d530/d530_scan_oldest,xtion,discussion_area,test,nearest_object,,0,What is the closest object to the chair?,,door,object,,SUNRGBD/xtion/sun3ddata/mit_32_d530/d530_scan_oldest/0000395-000222791000/image/0000395-000222791000.jpg,SUNRGBD/xtion/sun3ddata/mit_32_d530/d530_scan_oldest/0000395-000222791000/depth_bfx/0000395-000222791000.png,rule,"{""anchor_concept"": ""chair"", ""anchor_object_index"": 2, ""answer_concept"": ""door"", ""answer_object_index"": 1, ""nearest_distance_m"": 1.809, ""second_nearest_distance_m"": 2.369}"
test_006050,xtion/sun3ddata/mit_36_144/classroom_36144_nov_2_2012_scan1_erika/0000566-000023126040,sun3d:mit_36_144/classroom_36144_nov_2_2012_scan1_erika,xtion,classroom,test,nearest_object,,5,Which object is closest in distance to the light?,,blackboard,object,,SUNRGBD/xtion/sun3ddata/mit_36_144/classroom_36144_nov_2_2012_scan1_erika/0000566-000023126040/image/0000566-000023126040.jpg,SUNRGBD/xtion/sun3ddata/mit_36_144/classroom_36144_nov_2_2012_scan1_erika/0000566-000023126040/depth_bfx/0000565-000023133407.png,rule,"{""anchor_concept"": ""light"", ""anchor_object_index"": 15, ""answer_concept"": ""blackboard"", ""answer_object_index"": 3, ""nearest_distance_m"": 1.507, ""second_nearest_distance_m"": 2.178}"
test_011782,xtion/sun3ddata/mit_36_ti_lab2/tian_lab_a/0000318-000010624572,sun3d:mit_36_ti_lab2/tian_lab_a,xtion,lab,test,nearest_object,,1,Which object is nearest to the screen?,,table,object,,SUNRGBD/xtion/sun3ddata/mit_36_ti_lab2/tian_lab_a/0000318-000010624572/image/0000318-000010624572.jpg,SUNRGBD/xtion/sun3ddata/mit_36_ti_lab2/tian_lab_a/0000318-000010624572/depth_bfx/0000318-000010617992.png,rule,"{""anchor_concept"": ""screen"", ""anchor_object_index"": 2, ""answer_concept"": ""table"", ""answer_object_index"": 1, ""nearest_distance_m"": 0.805, ""second_nearest_distance_m"": 1.618}"
test_004729,xtion/sun3ddata/mit_3_huge_office/cl_1/0007203-000241382232,sun3d:mit_3_huge_office/cl_1,xtion,office,test,nearest_object,,3,Which item is positioned nearest to the trash can?,,chair,object,,SUNRGBD/xtion/sun3ddata/mit_3_huge_office/cl_1/0007203-000241382232/image/0007203-000241382232.jpg,SUNRGBD/xtion/sun3ddata/mit_3_huge_office/cl_1/0007203-000241382232/depth_bfx/0007234-000241379849.png,rule,"{""anchor_concept"": ""trashcan"", ""anchor_object_index"": 17, ""answer_concept"": ""chair"", ""answer_object_index"": 14, ""nearest_distance_m"": 0.991, ""second_nearest_distance_m"": 1.576}"
test_009675,xtion/sun3ddata/mit_3_huge_office/cl_1/0007146-000239471820,sun3d:mit_3_huge_office/cl_1,xtion,office,test,nearest_object,,5,Which object is closest in distance to the cabinet?,,chair,object,,SUNRGBD/xtion/sun3ddata/mit_3_huge_office/cl_1/0007146-000239471820/image/0007146-000239471820.jpg,SUNRGBD/xtion/sun3ddata/mit_3_huge_office/cl_1/0007146-000239471820/depth_bfx/0007177-000239477802.png,rule,"{""anchor_concept"": ""cabinet"", ""anchor_object_index"": 1, ""answer_concept"": ""chair"", ""answer_object_index"": 9, ""nearest_distance_m"": 1.115, ""second_nearest_distance_m"": 1.77}"
test_010494,xtion/sun3ddata/mit_w85_4/4_1/0008065-000270373171,sun3d:mit_w85_4/4_1,xtion,bathroom,test,nearest_object,,4,What is right next to the sink?,,faucet,object,,SUNRGBD/xtion/sun3ddata/mit_w85_4/4_1/0008065-000270373171/image/0008065-000270373171.jpg,SUNRGBD/xtion/sun3ddata/mit_w85_4/4_1/0008065-000270373171/depth_bfx/0008103-000270357664.png,rule,"{""anchor_concept"": ""sink"", ""anchor_object_index"": 2, ""answer_concept"": ""faucet"", ""answer_object_index"": 1, ""nearest_distance_m"": 0.159, ""second_nearest_distance_m"": 0.537}"
test_011370,xtion/sun3ddata/mit_36_ti_office/tian_office_1/0001805-000060496380,sun3d:mit_36_ti_office/tian_office_1,xtion,office,test,nearest_object,,0,What is the closest object to the photo?,,picture frame,object,,SUNRGBD/xtion/sun3ddata/mit_36_ti_office/tian_office_1/0001805-000060496380/image/0001805-000060496380.jpg,SUNRGBD/xtion/sun3ddata/mit_36_ti_office/tian_office_1/0001805-000060496380/depth_bfx/0001813-000060494173.png,rule,"{""anchor_concept"": ""photo"", ""anchor_object_index"": 13, ""answer_concept"": ""pictureframe"", ""answer_object_index"": 0, ""nearest_distance_m"": 0.062, ""second_nearest_distance_m"": 1.062}"
test_009457,xtion/sun3ddata/mit_dorm_baker_cj/dorm_baker_cj_oct_29_2012_scan1_erika/0000007-000000234612,sun3d:mit_dorm_baker_cj/dorm_baker_cj_oct_29_2012_scan1_erika,xtion,bedroom,test,nearest_object,,5,Which object is closest in distance to the box?,,cloth,object,,SUNRGBD/xtion/sun3ddata/mit_dorm_baker_cj/dorm_baker_cj_oct_29_2012_scan1_erika/0000007-000000234612/image/0000007-000000234612.jpg,SUNRGBD/xtion/sun3ddata/mit_dorm_baker_cj/dorm_baker_cj_oct_29_2012_scan1_erika/0000007-000000234612/depth_bfx/0000007-000000246962.png,rule,"{""anchor_concept"": ""box"", ""anchor_object_index"": 2, ""answer_concept"": ""cloth"", ""answer_object_index"": 1, ""nearest_distance_m"": 0.502, ""second_nearest_distance_m"": 0.727}"
test_006008,xtion/sun3ddata/mit_dorm_mcc_nk/dorm_mcc_nk_oct_31_2012_scan1_erika/0001328-000061300764,sun3d:mit_dorm_mcc_nk/dorm_mcc_nk_oct_31_2012_scan1_erika,xtion,bedroom,test,nearest_object,,3,Which item is positioned nearest to the shelf?,,wood,object,,SUNRGBD/xtion/sun3ddata/mit_dorm_mcc_nk/dorm_mcc_nk_oct_31_2012_scan1_erika/0001328-000061300764/image/0001328-000061300764.jpg,SUNRGBD/xtion/sun3ddata/mit_dorm_mcc_nk/dorm_mcc_nk_oct_31_2012_scan1_erika/0001328-000061300764/depth_bfx/0001328-000061286172.png,rule,"{""anchor_concept"": ""shelf"", ""anchor_object_index"": 5, ""answer_concept"": ""wood"", ""answer_object_index"": 1, ""nearest_distance_m"": 0.337, ""second_nearest_distance_m"": 0.958}"
test_003524,xtion/sun3ddata/mit_w20_athena/sc_athena_oct_29_2012_scan1_erika/0003567-000152665380,sun3d:mit_w20_athena/sc_athena_oct_29_2012_scan1_erika,xtion,discussion_area,test,nearest_object,,5,Which object is closest in distance to the sofa?,,chair,object,,SUNRGBD/xtion/sun3ddata/mit_w20_athena/sc_athena_oct_29_2012_scan1_erika/0003567-000152665380/image/0003567-000152665380.jpg,SUNRGBD/xtion/sun3ddata/mit_w20_athena/sc_athena_oct_29_2012_scan1_erika/0003567-000152665380/depth_bfx/0003563-000152668560.png,rule,"{""anchor_concept"": ""sofa"", ""anchor_object_index"": 11, ""answer_concept"": ""chair"", ""answer_object_index"": 6, ""nearest_distance_m"": 0.528, ""second_nearest_distance_m"": 0.984}"
test_005924,xtion/sun3ddata/mit_w20_athena/sc_athena_oct_29_2012_scan1_erika/0005986-000258274296,sun3d:mit_w20_athena/sc_athena_oct_29_2012_scan1_erika,xtion,discussion_area,test,nearest_object,,2,What sits closest to the outlet?,,table,object,,SUNRGBD/xtion/sun3ddata/mit_w20_athena/sc_athena_oct_29_2012_scan1_erika/0005986-000258274296/image/0005986-000258274296.jpg,SUNRGBD/xtion/sun3ddata/mit_w20_athena/sc_athena_oct_29_2012_scan1_erika/0005986-000258274296/depth_bfx/0005973-000258248867.png,rule,"{""anchor_concept"": ""outlet"", ""anchor_object_index"": 5, ""answer_concept"": ""table"", ""answer_object_index"": 7, ""nearest_distance_m"": 0.678, ""second_nearest_distance_m"": 3.403}"
test_013626,xtion/sun3ddata/mit_46_6lounge/bcs_floor6_long/0006981-000234230361,sun3d:mit_46_6lounge/bcs_floor6_long,xtion,recreation_room,test,nearest_object,,4,What is right next to the chair?,,window,object,,SUNRGBD/xtion/sun3ddata/mit_46_6lounge/bcs_floor6_long/0006981-000234230361/image/0006981-000234230361.jpg,SUNRGBD/xtion/sun3ddata/mit_46_6lounge/bcs_floor6_long/0006981-000234230361/depth_bfx/0007011-000234218766.png,rule,"{""anchor_concept"": ""chair"", ""anchor_object_index"": 0, ""answer_concept"": ""window"", ""answer_object_index"": 6, ""nearest_distance_m"": 3.463, ""second_nearest_distance_m"": 5.147}"
test_001261,xtion/sun3ddata/mit_lab_16/lab_16_nov_2_2012_scan1_erika/0013944-000595780416,sun3d:mit_lab_16/lab_16_nov_2_2012_scan1_erika,xtion,lab,test,nearest_object,,3,Which item is positioned nearest to the trash can?,,table,object,,SUNRGBD/xtion/sun3ddata/mit_lab_16/lab_16_nov_2_2012_scan1_erika/0013944-000595780416/image/0013944-000595780416.jpg,SUNRGBD/xtion/sun3ddata/mit_lab_16/lab_16_nov_2_2012_scan1_erika/0013944-000595780416/depth_bfx/0013956-000595792388.png,rule,"{""anchor_concept"": ""trashcan"", ""anchor_object_index"": 12, ""answer_concept"": ""table"", ""answer_object_index"": 7, ""nearest_distance_m"": 0.454, ""second_nearest_distance_m"": 0.735}"
test_008686,xtion/sun3ddata/mit_lab_hj/lab_hj_tea_nov_2_2012_scan1_erika/0001280-000051815736,sun3d:mit_lab_hj/lab_hj_tea_nov_2_2012_scan1_erika,xtion,dining_area,test,nearest_object,,5,Which object is closest in distance to the cabinet?,,refrigerator,object,,SUNRGBD/xtion/sun3ddata/mit_lab_hj/lab_hj_tea_nov_2_2012_scan1_erika/0001280-000051815736/image/0001280-000051815736.jpg,SUNRGBD/xtion/sun3ddata/mit_lab_hj/lab_hj_tea_nov_2_2012_scan1_erika/0001280-000051815736/depth_bfx/0001280-000051832608.png,rule,"{""anchor_concept"": ""cabinet"", ""anchor_object_index"": 6, ""answer_concept"": ""refrigerator"", ""answer_object_index"": 1, ""nearest_distance_m"": 0.96, ""second_nearest_distance_m"": 3.035}"
test_008645,xtion/sun3ddata/mit_3_huge_office/cl_1/0001351-000045246600,sun3d:mit_3_huge_office/cl_1,xtion,idk,test,nearest_object,,3,Which item is positioned nearest to the bag?,,shelf,object,,SUNRGBD/xtion/sun3ddata/mit_3_huge_office/cl_1/0001351-000045246600/image/0001351-000045246600.jpg,SUNRGBD/xtion/sun3ddata/mit_3_huge_office/cl_1/0001351-000045246600/depth_bfx/0001356-000045235398.png,rule,"{""anchor_concept"": ""bag"", ""anchor_object_index"": 5, ""answer_concept"": ""shelf"", ""answer_object_index"": 4, ""nearest_distance_m"": 0.975, ""second_nearest_distance_m"": 1.356}"
test_012643,xtion/sun3ddata/mit_dorm_mcc_wflr7/dorm_mcc_wflr7_oct_31_2012_scan1_erika/0001729-000074650116,sun3d:mit_dorm_mcc_wflr7/dorm_mcc_wflr7_oct_31_2012_scan1_erika,xtion,kitchen,test,nearest_object,,4,What is right next to the microwave?,,counter,object,,SUNRGBD/xtion/sun3ddata/mit_dorm_mcc_wflr7/dorm_mcc_wflr7_oct_31_2012_scan1_erika/0001729-000074650116/image/0001729-000074650116.jpg,SUNRGBD/xtion/sun3ddata/mit_dorm_mcc_wflr7/dorm_mcc_wflr7_oct_31_2012_scan1_erika/0001729-000074650116/depth_bfx/0001726-000074647013.png,rule,"{""anchor_concept"": ""microwave"", ""anchor_object_index"": 0, ""answer_concept"": ""counter"", ""answer_object_index"": 8, ""nearest_distance_m"": 0.337, ""second_nearest_distance_m"": 0.619}"
test_002405,xtion/sun3ddata/mit_ne47_2biolab/ne47_floor2/0019456-000652252424,sun3d:mit_ne47_2biolab/ne47_floor2,xtion,lab,test,nearest_object,,0,What is the closest object to the box?,,door,object,,SUNRGBD/xtion/sun3ddata/mit_ne47_2biolab/ne47_floor2/0019456-000652252424/image/0019456-000652252424.jpg,SUNRGBD/xtion/sun3ddata/mit_ne47_2biolab/ne47_floor2/0019456-000652252424/depth_bfx/0019544-000652268730.png,rule,"{""anchor_concept"": ""box"", ""anchor_object_index"": 23, ""answer_concept"": ""door"", ""answer_object_index"": 3, ""nearest_distance_m"": 0.157, ""second_nearest_distance_m"": 0.778}"
test_011257,xtion/sun3ddata/mit_ne47_huge_office/ne47_floor2_office_2/0005810-000194741084,sun3d:mit_ne47_huge_office/ne47_floor2_office_2,xtion,office,test,nearest_object,,3,Which item is positioned nearest to the chair?,,keyboard,object,,SUNRGBD/xtion/sun3ddata/mit_ne47_huge_office/ne47_floor2_office_2/0005810-000194741084/image/0005810-000194741084.jpg,SUNRGBD/xtion/sun3ddata/mit_ne47_huge_office/ne47_floor2_office_2/0005810-000194741084/depth_bfx/0005837-000194742943.png,rule,"{""anchor_concept"": ""chair"", ""anchor_object_index"": 8, ""answer_concept"": ""keyboard"", ""answer_object_index"": 4, ""nearest_distance_m"": 0.65, ""second_nearest_distance_m"": 0.893}"
test_001415,xtion/sun3ddata/mit_w85_basement/wg_big_lounge_1/0003633-000121763628,sun3d:mit_w85_basement/wg_big_lounge_1,xtion,kitchen,test,nearest_object,,4,What is right next to the table?,,cupboard,object,,SUNRGBD/xtion/sun3ddata/mit_w85_basement/wg_big_lounge_1/0003633-000121763628/image/0003633-000121763628.jpg,SUNRGBD/xtion/sun3ddata/mit_w85_basement/wg_big_lounge_1/0003633-000121763628/depth_bfx/0003648-000121753901.png,rule,"{""anchor_concept"": ""table"", ""anchor_object_index"": 2, ""answer_concept"": ""cupboard"", ""answer_object_index"": 1, ""nearest_distance_m"": 0.434, ""second_nearest_distance_m"": 0.846}"
test_004435,kv2/kinect2data/001879_2014-06-22_13-49-56_260595134347_rgbf000029-resize,scene:kv2/kinect2data/001879_2014-06-22_13-49-56_260595134347_rgbf000029-resize,kv2,furniture_store,test,nearest_object,,3,Which item is positioned nearest to the painting?,,lamp,object,,SUNRGBD/kv2/kinect2data/001879_2014-06-22_13-49-56_260595134347_rgbf000029-resize/image/0000029.jpg,SUNRGBD/kv2/kinect2data/001879_2014-06-22_13-49-56_260595134347_rgbf000029-resize/depth_bfx/0000029.png,rule,"{""anchor_concept"": ""painting"", ""anchor_object_index"": 1, ""answer_concept"": ""lamp"", ""answer_object_index"": 16, ""nearest_distance_m"": 1.134, ""second_nearest_distance_m"": 1.688}"
test_003963,kv2/kinect2data/002817_2014-06-22_20-11-20_094959634447_rgbf000079-resize,scene:kv2/kinect2data/002817_2014-06-22_20-11-20_094959634447_rgbf000079-resize,kv2,kitchen,test,nearest_object,,2,What sits closest to the window?,,sink,object,,SUNRGBD/kv2/kinect2data/002817_2014-06-22_20-11-20_094959634447_rgbf000079-resize/image/0000079.jpg,SUNRGBD/kv2/kinect2data/002817_2014-06-22_20-11-20_094959634447_rgbf000079-resize/depth_bfx/0000079.png,rule,"{""anchor_concept"": ""window"", ""anchor_object_index"": 27, ""answer_concept"": ""sink"", ""answer_object_index"": 29, ""nearest_distance_m"": 0.406, ""second_nearest_distance_m"": 2.307}"
test_010746,kv2/kinect2data/003649_2014-05-24_13-58-23_094959634447_rgbf000100-resize,scene:kv2/kinect2data/003649_2014-05-24_13-58-23_094959634447_rgbf000100-resize,kv2,bedroom,test,nearest_object,,3,Which item is positioned nearest to the wood?,,bag,object,,SUNRGBD/kv2/kinect2data/003649_2014-05-24_13-58-23_094959634447_rgbf000100-resize/image/0000100.jpg,SUNRGBD/kv2/kinect2data/003649_2014-05-24_13-58-23_094959634447_rgbf000100-resize/depth_bfx/0000100.png,rule,"{""anchor_concept"": ""wood"", ""anchor_object_index"": 30, ""answer_concept"": ""bag"", ""answer_object_index"": 18, ""nearest_distance_m"": 0.165, ""second_nearest_distance_m"": 0.459}"
test_003486,kv2/kinect2data/002808_2014-06-22_20-07-31_094959634447_rgbf000079-resize,scene:kv2/kinect2data/002808_2014-06-22_20-07-31_094959634447_rgbf000079-resize,kv2,bathroom,test,nearest_object,,0,What is the closest object to the pipe?,,sink,object,,SUNRGBD/kv2/kinect2data/002808_2014-06-22_20-07-31_094959634447_rgbf000079-resize/image/0000079.jpg,SUNRGBD/kv2/kinect2data/002808_2014-06-22_20-07-31_094959634447_rgbf000079-resize/depth_bfx/0000079.png,rule,"{""anchor_concept"": ""pipe"", ""anchor_object_index"": 11, ""answer_concept"": ""sink"", ""answer_object_index"": 4, ""nearest_distance_m"": 0.625, ""second_nearest_distance_m"": 0.86}"
test_006179,kv2/kinect2data/003663_2014-05-24_15-10-19_094959634447_rgbf000100-resize,scene:kv2/kinect2data/003663_2014-05-24_15-10-19_094959634447_rgbf000100-resize,kv2,dining_area,test,nearest_object,,2,What sits closest to the flower?,,window,object,,SUNRGBD/kv2/kinect2data/003663_2014-05-24_15-10-19_094959634447_rgbf000100-resize/image/0000100.jpg,SUNRGBD/kv2/kinect2data/003663_2014-05-24_15-10-19_094959634447_rgbf000100-resize/depth_bfx/0000100.png,rule,"{""anchor_concept"": ""flower"", ""anchor_object_index"": 5, ""answer_concept"": ""window"", ""answer_object_index"": 15, ""nearest_distance_m"": 0.297, ""second_nearest_distance_m"": 0.61}"
test_011697,kv2/kinect2data/003102_2014-06-24_21-05-50_094959634447_rgbf000070-resize,scene:kv2/kinect2data/003102_2014-06-24_21-05-50_094959634447_rgbf000070-resize,kv2,bedroom,test,nearest_object,,3,Which item is positioned nearest to the pillow?,,headboard,object,,SUNRGBD/kv2/kinect2data/003102_2014-06-24_21-05-50_094959634447_rgbf000070-resize/image/0000070.jpg,SUNRGBD/kv2/kinect2data/003102_2014-06-24_21-05-50_094959634447_rgbf000070-resize/depth_bfx/0000070.png,rule,"{""anchor_concept"": ""pillow"", ""anchor_object_index"": 5, ""answer_concept"": ""headboard"", ""answer_object_index"": 6, ""nearest_distance_m"": 0.378, ""second_nearest_distance_m"": 0.916}"
test_000470,kv2/kinect2data/003628_2014-05-23_22-02-26_094959634447_rgbf000101-resize,scene:kv2/kinect2data/003628_2014-05-23_22-02-26_094959634447_rgbf000101-resize,kv2,office,test,nearest_object,,5,Which object is closest in distance to the drawer?,,keyboard,object,,SUNRGBD/kv2/kinect2data/003628_2014-05-23_22-02-26_094959634447_rgbf000101-resize/image/0000101.jpg,SUNRGBD/kv2/kinect2data/003628_2014-05-23_22-02-26_094959634447_rgbf000101-resize/depth_bfx/0000101.png,rule,"{""anchor_concept"": ""drawer"", ""anchor_object_index"": 27, ""answer_concept"": ""keyboard"", ""answer_object_index"": 18, ""nearest_distance_m"": 0.231, ""second_nearest_distance_m"": 0.678}"
test_013537,kv2/kinect2data/000506_2014-06-08_23-21-00_260595134347_rgbf000070-resize,scene:kv2/kinect2data/000506_2014-06-08_23-21-00_260595134347_rgbf000070-resize,kv2,discussion_area,test,nearest_object,,5,Which object is closest in distance to the plant?,,carpet,object,,SUNRGBD/kv2/kinect2data/000506_2014-06-08_23-21-00_260595134347_rgbf000070-resize/image/0000070.jpg,SUNRGBD/kv2/kinect2data/000506_2014-06-08_23-21-00_260595134347_rgbf000070-resize/depth_bfx/0000070.png,rule,"{""anchor_concept"": ""plant"", ""anchor_object_index"": 33, ""answer_concept"": ""carpet"", ""answer_object_index"": 9, ""nearest_distance_m"": 0.665, ""second_nearest_distance_m"": 1.331}"
test_000540,kv2/kinect2data/001842_2014-06-22_13-19-04_260595134347_rgbf000058-resize,scene:kv2/kinect2data/001842_2014-06-22_13-19-04_260595134347_rgbf000058-resize,kv2,furniture_store,test,nearest_object,,5,Which object is closest in distance to the sofa?,,painting,object,,SUNRGBD/kv2/kinect2data/001842_2014-06-22_13-19-04_260595134347_rgbf000058-resize/image/0000058.jpg,SUNRGBD/kv2/kinect2data/001842_2014-06-22_13-19-04_260595134347_rgbf000058-resize/depth_bfx/0000058.png,rule,"{""anchor_concept"": ""sofa"", ""anchor_object_index"": 18, ""answer_concept"": ""painting"", ""answer_object_index"": 22, ""nearest_distance_m"": 1.878, ""second_nearest_distance_m"": 2.704}"
test_008807,kv2/kinect2data/003669_2014-05-24_21-13-51_094959634447_rgbf000100-resize,scene:kv2/kinect2data/003669_2014-05-24_21-13-51_094959634447_rgbf000100-resize,kv2,bedroom,test,nearest_object,,5,Which object is closest in distance to the shelf?,,blanket,object,,SUNRGBD/kv2/kinect2data/003669_2014-05-24_21-13-51_094959634447_rgbf000100-resize/image/0000100.jpg,SUNRGBD/kv2/kinect2data/003669_2014-05-24_21-13-51_094959634447_rgbf000100-resize/depth_bfx/0000100.png,rule,"{""anchor_concept"": ""shelf"", ""anchor_object_index"": 9, ""answer_concept"": ""blanket"", ""answer_object_index"": 10, ""nearest_distance_m"": 0.226, ""second_nearest_distance_m"": 0.794}"
test_005956,kv2/kinect2data/002745_2014-06-22_19-06-33_094959634447_rgbf000071-resize,scene:kv2/kinect2data/002745_2014-06-22_19-06-33_094959634447_rgbf000071-resize,kv2,rest_space,test,nearest_object,,1,Which object is nearest to the television?,,shelf,object,,SUNRGBD/kv2/kinect2data/002745_2014-06-22_19-06-33_094959634447_rgbf000071-resize/image/0000071.jpg,SUNRGBD/kv2/kinect2data/002745_2014-06-22_19-06-33_094959634447_rgbf000071-resize/depth_bfx/0000071.png,rule,"{""anchor_concept"": ""television"", ""anchor_object_index"": 2, ""answer_concept"": ""shelf"", ""answer_object_index"": 8, ""nearest_distance_m"": 0.381, ""second_nearest_distance_m"": 1.398}"
test_010585,kv2/kinect2data/001741_2014-06-26_19-47-54_260595134347_rgbf000061-resize,scene:kv2/kinect2data/001741_2014-06-26_19-47-54_260595134347_rgbf000061-resize,kv2,furniture_store,test,nearest_object,,2,What sits closest to the night stand?,,lamp,object,,SUNRGBD/kv2/kinect2data/001741_2014-06-26_19-47-54_260595134347_rgbf000061-resize/image/0000061.jpg,SUNRGBD/kv2/kinect2data/001741_2014-06-26_19-47-54_260595134347_rgbf000061-resize/depth_bfx/0000061.png,rule,"{""anchor_concept"": ""nightstand"", ""anchor_object_index"": 7, ""answer_concept"": ""lamp"", ""answer_object_index"": 8, ""nearest_distance_m"": 0.682, ""second_nearest_distance_m"": 0.969}"
test_010495,kv2/kinect2data/001805_2014-06-26_20-49-49_260595134347_rgbf000136-resize,scene:kv2/kinect2data/001805_2014-06-26_20-49-49_260595134347_rgbf000136-resize,kv2,furniture_store,test,nearest_object,,5,Which object is closest in distance to the vase?,,night stand,object,,SUNRGBD/kv2/kinect2data/001805_2014-06-26_20-49-49_260595134347_rgbf000136-resize/image/0000136.jpg,SUNRGBD/kv2/kinect2data/001805_2014-06-26_20-49-49_260595134347_rgbf000136-resize/depth_bfx/0000136.png,rule,"{""anchor_concept"": ""vase"", ""anchor_object_index"": 6, ""answer_concept"": ""nightstand"", ""answer_object_index"": 7, ""nearest_distance_m"": 0.588, ""second_nearest_distance_m"": 0.883}"
test_008800,kv2/kinect2data/002957_2014-06-08_17-37-33_094959634447_rgbf000150-resize,scene:kv2/kinect2data/002957_2014-06-08_17-37-33_094959634447_rgbf000150-resize,kv2,furniture_store,test,nearest_object,,2,What sits closest to the door?,,pillow,object,,SUNRGBD/kv2/kinect2data/002957_2014-06-08_17-37-33_094959634447_rgbf000150-resize/image/0000150.jpg,SUNRGBD/kv2/kinect2data/002957_2014-06-08_17-37-33_094959634447_rgbf000150-resize/depth_bfx/0000150.png,rule,"{""anchor_concept"": ""door"", ""anchor_object_index"": 44, ""answer_concept"": ""pillow"", ""answer_object_index"": 30, ""nearest_distance_m"": 1.416, ""second_nearest_distance_m"": 1.792}"
test_006098,kv2/kinect2data/003500_2014-05-21_16-35-28_094959634447_rgbf000100-resize,scene:kv2/kinect2data/003500_2014-05-21_16-35-28_094959634447_rgbf000100-resize,kv2,office,test,nearest_object,,5,Which object is closest in distance to the desk?,,chair,object,,SUNRGBD/kv2/kinect2data/003500_2014-05-21_16-35-28_094959634447_rgbf000100-resize/image/0000100.jpg,SUNRGBD/kv2/kinect2data/003500_2014-05-21_16-35-28_094959634447_rgbf000100-resize/depth_bfx/0000100.png,rule,"{""anchor_concept"": ""desk"", ""anchor_object_index"": 4, ""answer_concept"": ""chair"", ""answer_object_index"": 7, ""nearest_distance_m"": 0.653, ""second_nearest_distance_m"": 1.301}"
test_000856,kv2/kinect2data/000877_2014-06-09_21-02-47_260595134347_rgbf000098-resize,scene:kv2/kinect2data/000877_2014-06-09_21-02-47_260595134347_rgbf000098-resize,kv2,dining_area,test,nearest_object,,2,What sits closest to the table?,,table leg,object,,SUNRGBD/kv2/kinect2data/000877_2014-06-09_21-02-47_260595134347_rgbf000098-resize/image/0000098.jpg,SUNRGBD/kv2/kinect2data/000877_2014-06-09_21-02-47_260595134347_rgbf000098-resize/depth_bfx/0000098.png,rule,"{""anchor_concept"": ""table"", ""anchor_object_index"": 0, ""answer_concept"": ""tableleg"", ""answer_object_index"": 10, ""nearest_distance_m"": 0.662, ""second_nearest_distance_m"": 0.879}"
test_009341,kv2/kinect2data/001049_2014-06-08_17-39-40_260595134347_rgbf000038-resize,scene:kv2/kinect2data/001049_2014-06-08_17-39-40_260595134347_rgbf000038-resize,kv2,office,test,nearest_object,,4,What is right next to the chair?,,box,object,,SUNRGBD/kv2/kinect2data/001049_2014-06-08_17-39-40_260595134347_rgbf000038-resize/image/0000038.jpg,SUNRGBD/kv2/kinect2data/001049_2014-06-08_17-39-40_260595134347_rgbf000038-resize/depth_bfx/0000038.png,rule,"{""anchor_concept"": ""chair"", ""anchor_object_index"": 3, ""answer_concept"": ""box"", ""answer_object_index"": 2, ""nearest_distance_m"": 0.115, ""second_nearest_distance_m"": 0.795}"
test_010900,kv2/kinect2data/000618_2014-06-08_11-09-34_260595134347_rgbf000120-resize,scene:kv2/kinect2data/000618_2014-06-08_11-09-34_260595134347_rgbf000120-resize,kv2,corridor,test,nearest_object,,4,What is right next to the paper?,,whiteboard,object,,SUNRGBD/kv2/kinect2data/000618_2014-06-08_11-09-34_260595134347_rgbf000120-resize/image/0000120.jpg,SUNRGBD/kv2/kinect2data/000618_2014-06-08_11-09-34_260595134347_rgbf000120-resize/depth_bfx/0000120.png,rule,"{""anchor_concept"": ""paper"", ""anchor_object_index"": 11, ""answer_concept"": ""whiteboard"", ""answer_object_index"": 8, ""nearest_distance_m"": 0.498, ""second_nearest_distance_m"": 0.749}"
test_007639,kv2/kinect2data/003575_2014-05-23_11-12-43_094959634447_rgbf002136-resize,scene:kv2/kinect2data/003575_2014-05-23_11-12-43_094959634447_rgbf002136-resize,kv2,dining_area,test,nearest_object,,3,Which item is positioned nearest to the switch board?,,box,object,,SUNRGBD/kv2/kinect2data/003575_2014-05-23_11-12-43_094959634447_rgbf002136-resize/image/0002136.jpg,SUNRGBD/kv2/kinect2data/003575_2014-05-23_11-12-43_094959634447_rgbf002136-resize/depth_bfx/0002136.png,rule,"{""anchor_concept"": ""switchboard"", ""anchor_object_index"": 5, ""answer_concept"": ""box"", ""answer_object_index"": 4, ""nearest_distance_m"": 1.148, ""second_nearest_distance_m"": 1.734}"
test_007596,kv2/kinect2data/003590_2014-05-23_16-56-53_094959634447_rgbf000100-resize,scene:kv2/kinect2data/003590_2014-05-23_16-56-53_094959634447_rgbf000100-resize,kv2,classroom,test,nearest_object,,4,What is right next to the monitor?,,keyboard,object,,SUNRGBD/kv2/kinect2data/003590_2014-05-23_16-56-53_094959634447_rgbf000100-resize/image/0000100.jpg,SUNRGBD/kv2/kinect2data/003590_2014-05-23_16-56-53_094959634447_rgbf000100-resize/depth_bfx/0000100.png,rule,"{""anchor_concept"": ""monitor"", ""anchor_object_index"": 2, ""answer_concept"": ""keyboard"", ""answer_object_index"": 3, ""nearest_distance_m"": 0.471, ""second_nearest_distance_m"": 0.79}"
test_004913,kv2/kinect2data/001738_2014-06-26_19-47-11_260595134347_rgbf000072-resize,scene:kv2/kinect2data/001738_2014-06-26_19-47-11_260595134347_rgbf000072-resize,kv2,furniture_store,test,nearest_object,,2,What sits closest to the picture?,,headboard,object,,SUNRGBD/kv2/kinect2data/001738_2014-06-26_19-47-11_260595134347_rgbf000072-resize/image/0000072.jpg,SUNRGBD/kv2/kinect2data/001738_2014-06-26_19-47-11_260595134347_rgbf000072-resize/depth_bfx/0000072.png,rule,"{""anchor_concept"": ""picture"", ""anchor_object_index"": 3, ""answer_concept"": ""headboard"", ""answer_object_index"": 2, ""nearest_distance_m"": 0.695, ""second_nearest_distance_m"": 1.617}"
test_008635,kv2/kinect2data/001761_2014-06-26_19-55-03_260595134347_rgbf000098-resize,scene:kv2/kinect2data/001761_2014-06-26_19-55-03_260595134347_rgbf000098-resize,kv2,furniture_store,test,nearest_object,,3,Which item is positioned nearest to the pillow?,,headboard,object,,SUNRGBD/kv2/kinect2data/001761_2014-06-26_19-55-03_260595134347_rgbf000098-resize/image/0000098.jpg,SUNRGBD/kv2/kinect2data/001761_2014-06-26_19-55-03_260595134347_rgbf000098-resize/depth_bfx/0000098.png,rule,"{""anchor_concept"": ""pillow"", ""anchor_object_index"": 20, ""answer_concept"": ""headboard"", ""answer_object_index"": 6, ""nearest_distance_m"": 0.494, ""second_nearest_distance_m"": 0.946}"
test_002020,kv2/kinect2data/000961_2014-06-08_16-26-45_260595134347_rgbf000136-resize,scene:kv2/kinect2data/000961_2014-06-08_16-26-45_260595134347_rgbf000136-resize,kv2,office,test,nearest_object,,3,Which item is positioned nearest to the door?,,chair,object,,SUNRGBD/kv2/kinect2data/000961_2014-06-08_16-26-45_260595134347_rgbf000136-resize/image/0000136.jpg,SUNRGBD/kv2/kinect2data/000961_2014-06-08_16-26-45_260595134347_rgbf000136-resize/depth_bfx/0000136.png,rule,"{""anchor_concept"": ""door"", ""anchor_object_index"": 33, ""answer_concept"": ""chair"", ""answer_object_index"": 22, ""nearest_distance_m"": 0.824, ""second_nearest_distance_m"": 1.298}"
test_007399,kv2/kinect2data/001897_2014-06-22_13-57-11_260595134347_rgbf000069-resize,scene:kv2/kinect2data/001897_2014-06-22_13-57-11_260595134347_rgbf000069-resize,kv2,furniture_store,test,nearest_object,,1,Which object is nearest to the night stand?,,lamp,object,,SUNRGBD/kv2/kinect2data/001897_2014-06-22_13-57-11_260595134347_rgbf000069-resize/image/0000069.jpg,SUNRGBD/kv2/kinect2data/001897_2014-06-22_13-57-11_260595134347_rgbf000069-resize/depth_bfx/0000069.png,rule,"{""anchor_concept"": ""nightstand"", ""anchor_object_index"": 11, ""answer_concept"": ""lamp"", ""answer_object_index"": 28, ""nearest_distance_m"": 0.61, ""second_nearest_distance_m"": 1.427}"
test_003559,kv2/kinect2data/000185_2014-05-12_16-41-00_260595134347_rgbf003868-resize,scene:kv2/kinect2data/000185_2014-05-12_16-41-00_260595134347_rgbf003868-resize,kv2,bathroom,test,nearest_object,,5,Which object is closest in distance to the faucet?,,sink,object,,SUNRGBD/kv2/kinect2data/000185_2014-05-12_16-41-00_260595134347_rgbf003868-resize/image/0003868.jpg,SUNRGBD/kv2/kinect2data/000185_2014-05-12_16-41-00_260595134347_rgbf003868-resize/depth_bfx/0003868.png,rule,"{""anchor_concept"": ""faucet"", ""anchor_object_index"": 10, ""answer_concept"": ""sink"", ""answer_object_index"": 0, ""nearest_distance_m"": 0.191, ""second_nearest_distance_m"": 0.279}"
test_001673,kv2/kinect2data/000198_2014-06-02_15-34-15_260595134347_rgbf000026-resize,scene:kv2/kinect2data/000198_2014-06-02_15-34-15_260595134347_rgbf000026-resize,kv2,bathroom,test,nearest_object,,2,What sits closest to the shelf?,,sink,object,,SUNRGBD/kv2/kinect2data/000198_2014-06-02_15-34-15_260595134347_rgbf000026-resize/image/0000026.jpg,SUNRGBD/kv2/kinect2data/000198_2014-06-02_15-34-15_260595134347_rgbf000026-resize/depth_bfx/0000026.png,rule,"{""anchor_concept"": ""shelf"", ""anchor_object_index"": 31, ""answer_concept"": ""sink"", ""answer_object_index"": 17, ""nearest_distance_m"": 0.481, ""second_nearest_distance_m"": 0.708}"
test_003269,kv2/kinect2data/001161_2014-06-17_15-33-56_260595134347_rgbf000100-resize,scene:kv2/kinect2data/001161_2014-06-17_15-33-56_260595134347_rgbf000100-resize,kv2,rest_space,test,nearest_object,,2,What sits closest to the table?,,chair,object,,SUNRGBD/kv2/kinect2data/001161_2014-06-17_15-33-56_260595134347_rgbf000100-resize/image/0000100.jpg,SUNRGBD/kv2/kinect2data/001161_2014-06-17_15-33-56_260595134347_rgbf000100-resize/depth_bfx/0000100.png,rule,"{""anchor_concept"": ""table"", ""anchor_object_index"": 1, ""answer_concept"": ""chair"", ""answer_object_index"": 11, ""nearest_distance_m"": 0.773, ""second_nearest_distance_m"": 1.296}"
test_000120,kv2/kinect2data/000157_2014-05-20_17-29-00_260595134347_rgbf000150-resize,scene:kv2/kinect2data/000157_2014-05-20_17-29-00_260595134347_rgbf000150-resize,kv2,printer_room,test,nearest_object,,5,Which object is closest in distance to the door?,,cabinet,object,,SUNRGBD/kv2/kinect2data/000157_2014-05-20_17-29-00_260595134347_rgbf000150-resize/image/0000150.jpg,SUNRGBD/kv2/kinect2data/000157_2014-05-20_17-29-00_260595134347_rgbf000150-resize/depth_bfx/0000150.png,rule,"{""anchor_concept"": ""door"", ""anchor_object_index"": 13, ""answer_concept"": ""cabinet"", ""answer_object_index"": 7, ""nearest_distance_m"": 0.788, ""second_nearest_distance_m"": 1.016}"
test_010691,kv2/kinect2data/001047_2014-06-08_17-31-41_260595134347_rgbf000088-resize,scene:kv2/kinect2data/001047_2014-06-08_17-31-41_260595134347_rgbf000088-resize,kv2,idk,test,nearest_object,,1,Which object is nearest to the stool?,,file,object,,SUNRGBD/kv2/kinect2data/001047_2014-06-08_17-31-41_260595134347_rgbf000088-resize/image/0000088.jpg,SUNRGBD/kv2/kinect2data/001047_2014-06-08_17-31-41_260595134347_rgbf000088-resize/depth_bfx/0000088.png,rule,"{""anchor_concept"": ""stool"", ""anchor_object_index"": 0, ""answer_concept"": ""file"", ""answer_object_index"": 5, ""nearest_distance_m"": 0.585, ""second_nearest_distance_m"": 0.965}"
test_002867,kv2/kinect2data/000037_2014-05-26_14-54-02_260595134347_rgbf000041-resize,scene:kv2/kinect2data/000037_2014-05-26_14-54-02_260595134347_rgbf000041-resize,kv2,furniture_store,test,nearest_object,,2,What sits closest to the painting?,,bed,object,,SUNRGBD/kv2/kinect2data/000037_2014-05-26_14-54-02_260595134347_rgbf000041-resize/image/0000041.jpg,SUNRGBD/kv2/kinect2data/000037_2014-05-26_14-54-02_260595134347_rgbf000041-resize/depth_bfx/0000041.png,rule,"{""anchor_concept"": ""painting"", ""anchor_object_index"": 1, ""answer_concept"": ""bed"", ""answer_object_index"": 5, ""nearest_distance_m"": 2.254, ""second_nearest_distance_m"": 3.759}"
test_007635,kv2/kinect2data/003502_2014-05-21_16-36-11_094959634447_rgbf000101-resize,scene:kv2/kinect2data/003502_2014-05-21_16-36-11_094959634447_rgbf000101-resize,kv2,office,test,nearest_object,,2,What sits closest to the dresser?,,bed,object,,SUNRGBD/kv2/kinect2data/003502_2014-05-21_16-36-11_094959634447_rgbf000101-resize/image/0000101.jpg,SUNRGBD/kv2/kinect2data/003502_2014-05-21_16-36-11_094959634447_rgbf000101-resize/depth_bfx/0000101.png,rule,"{""anchor_concept"": ""dresser"", ""anchor_object_index"": 0, ""answer_concept"": ""bed"", ""answer_object_index"": 3, ""nearest_distance_m"": 0.74, ""second_nearest_distance_m"": 1.783}"
test_005548,kv2/kinect2data/002734_2014-06-22_12-05-07_094959634447_rgbf000078-resize,scene:kv2/kinect2data/002734_2014-06-22_12-05-07_094959634447_rgbf000078-resize,kv2,bathroom,test,nearest_object,,3,Which item is positioned nearest to the faucet?,,sink,object,,SUNRGBD/kv2/kinect2data/002734_2014-06-22_12-05-07_094959634447_rgbf000078-resize/image/0000078.jpg,SUNRGBD/kv2/kinect2data/002734_2014-06-22_12-05-07_094959634447_rgbf000078-resize/depth_bfx/0000078.png,rule,"{""anchor_concept"": ""faucet"", ""anchor_object_index"": 22, ""answer_concept"": ""sink"", ""answer_object_index"": 6, ""nearest_distance_m"": 0.175, ""second_nearest_distance_m"": 0.474}"
test_013337,kv2/kinect2data/000394_2014-06-08_23-09-42_260595134347_rgbf000100-resize,scene:kv2/kinect2data/000394_2014-06-08_23-09-42_260595134347_rgbf000100-resize,kv2,conference_room,test,nearest_object,,1,Which object is nearest to the door?,,table,object,,SUNRGBD/kv2/kinect2data/000394_2014-06-08_23-09-42_260595134347_rgbf000100-resize/image/0000100.jpg,SUNRGBD/kv2/kinect2data/000394_2014-06-08_23-09-42_260595134347_rgbf000100-resize/depth_bfx/0000100.png,rule,"{""anchor_concept"": ""door"", ""anchor_object_index"": 7, ""answer_concept"": ""table"", ""answer_object_index"": 21, ""nearest_distance_m"": 1.489, ""second_nearest_distance_m"": 2.298}"
test_007765,kv2/align_kv2/2014-12-18_11-34-59_260595134347,scene:kv2/align_kv2/2014-12-18_11-34-59_260595134347,kv2,office,test,nearest_object,,2,What sits closest to the paper?,,desk,object,,SUNRGBD/kv2/align_kv2/2014-12-18_11-34-59_260595134347/image/0000266.jpg,SUNRGBD/kv2/align_kv2/2014-12-18_11-34-59_260595134347/depth_bfx/0000266.png,rule,"{""anchor_concept"": ""paper"", ""anchor_object_index"": 19, ""answer_concept"": ""desk"", ""answer_object_index"": 28, ""nearest_distance_m"": 0.229, ""second_nearest_distance_m"": 0.437}"
test_008321,kv2/kinect2data/000144_2014-05-20_17-15-53_260595134347_rgbf000151-resize,scene:kv2/kinect2data/000144_2014-05-20_17-15-53_260595134347_rgbf000151-resize,kv2,office,test,nearest_object,,0,What is the closest object to the door?,,table,object,,SUNRGBD/kv2/kinect2data/000144_2014-05-20_17-15-53_260595134347_rgbf000151-resize/image/0000151.jpg,SUNRGBD/kv2/kinect2data/000144_2014-05-20_17-15-53_260595134347_rgbf000151-resize/depth_bfx/0000151.png,rule,"{""anchor_concept"": ""door"", ""anchor_object_index"": 20, ""answer_concept"": ""table"", ""answer_object_index"": 15, ""nearest_distance_m"": 1.809, ""second_nearest_distance_m"": 3.373}"
test_007627,kv2/kinect2data/000482_2014-06-09_20-41-12_260595134347_rgbf000101-resize,scene:kv2/kinect2data/000482_2014-06-09_20-41-12_260595134347_rgbf000101-resize,kv2,dining_area,test,nearest_object,,3,Which item is positioned nearest to the recycle bin?,,cabinet,object,,SUNRGBD/kv2/kinect2data/000482_2014-06-09_20-41-12_260595134347_rgbf000101-resize/image/0000101.jpg,SUNRGBD/kv2/kinect2data/000482_2014-06-09_20-41-12_260595134347_rgbf000101-resize/depth_bfx/0000101.png,rule,"{""anchor_concept"": ""recyclebin"", ""anchor_object_index"": 3, ""answer_concept"": ""cabinet"", ""answer_object_index"": 22, ""nearest_distance_m"": 1.81, ""second_nearest_distance_m"": 6.308}"
test_000592,kv2/kinect2data/000022_2014-05-26_14-42-46_260595134347_rgbf000031-resize,scene:kv2/kinect2data/000022_2014-05-26_14-42-46_260595134347_rgbf000031-resize,kv2,furniture_store,test,nearest_object,,5,Which object is closest in distance to the night stand?,,lamp,object,,SUNRGBD/kv2/kinect2data/000022_2014-05-26_14-42-46_260595134347_rgbf000031-resize/image/0000031.jpg,SUNRGBD/kv2/kinect2data/000022_2014-05-26_14-42-46_260595134347_rgbf000031-resize/depth_bfx/0000031.png,rule,"{""anchor_concept"": ""nightstand"", ""anchor_object_index"": 5, ""answer_concept"": ""lamp"", ""answer_object_index"": 8, ""nearest_distance_m"": 0.767, ""second_nearest_distance_m"": 1.009}"
test_001166,kv2/kinect2data/003373_2014-05-20_14-23-59_094959634447_rgbf000050-resize,scene:kv2/kinect2data/003373_2014-05-20_14-23-59_094959634447_rgbf000050-resize,kv2,bathroom,test,nearest_object,,0,What is the closest object to the counter?,,sink,object,,SUNRGBD/kv2/kinect2data/003373_2014-05-20_14-23-59_094959634447_rgbf000050-resize/image/0000050.jpg,SUNRGBD/kv2/kinect2data/003373_2014-05-20_14-23-59_094959634447_rgbf000050-resize/depth_bfx/0000050.png,rule,"{""anchor_concept"": ""counter"", ""anchor_object_index"": 11, ""answer_concept"": ""sink"", ""answer_object_index"": 12, ""nearest_distance_m"": 0.157, ""second_nearest_distance_m"": 0.557}"
test_005866,kv2/kinect2data/000826_2014-06-04_19-28-07_260595134347_rgbf000119-resize,scene:kv2/kinect2data/000826_2014-06-04_19-28-07_260595134347_rgbf000119-resize,kv2,living_room,test,nearest_object,,0,What is the closest object to the desk?,,bottle,object,,SUNRGBD/kv2/kinect2data/000826_2014-06-04_19-28-07_260595134347_rgbf000119-resize/image/0000119.jpg,SUNRGBD/kv2/kinect2data/000826_2014-06-04_19-28-07_260595134347_rgbf000119-resize/depth_bfx/0000119.png,rule,"{""anchor_concept"": ""desk"", ""anchor_object_index"": 18, ""answer_concept"": ""bottle"", ""answer_object_index"": 15, ""nearest_distance_m"": 0.141, ""second_nearest_distance_m"": 2.357}"
test_001335,kv2/kinect2data/003285_2014-05-14_16-23-50_094959634447_rgbf003592-resize,scene:kv2/kinect2data/003285_2014-05-14_16-23-50_094959634447_rgbf003592-resize,kv2,idk,test,nearest_object,,3,Which item is positioned nearest to the window?,,curtain,object,,SUNRGBD/kv2/kinect2data/003285_2014-05-14_16-23-50_094959634447_rgbf003592-resize/image/0003592.jpg,SUNRGBD/kv2/kinect2data/003285_2014-05-14_16-23-50_094959634447_rgbf003592-resize/depth_bfx/0003592.png,rule,"{""anchor_concept"": ""window"", ""anchor_object_index"": 3, ""answer_concept"": ""curtain"", ""answer_object_index"": 13, ""nearest_distance_m"": 0.057, ""second_nearest_distance_m"": 0.15}"
test_008905,kv2/kinect2data/001913_2014-06-22_14-04-40_260595134347_rgbf000019-resize,scene:kv2/kinect2data/001913_2014-06-22_14-04-40_260595134347_rgbf000019-resize,kv2,furniture_store,test,nearest_object,,4,What is right next to the mirror?,,tree,object,,SUNRGBD/kv2/kinect2data/001913_2014-06-22_14-04-40_260595134347_rgbf000019-resize/image/0000019.jpg,SUNRGBD/kv2/kinect2data/001913_2014-06-22_14-04-40_260595134347_rgbf000019-resize/depth_bfx/0000019.png,rule,"{""anchor_concept"": ""mirror"", ""anchor_object_index"": 3, ""answer_concept"": ""tree"", ""answer_object_index"": 8, ""nearest_distance_m"": 0.703, ""second_nearest_distance_m"": 2.239}"
test_011491,kv2/kinect2data/000374_2014-06-08_11-12-01_260595134347_rgbf000130-resize,scene:kv2/kinect2data/000374_2014-06-08_11-12-01_260595134347_rgbf000130-resize,kv2,conference_room,test,nearest_object,,3,Which item is positioned nearest to the table?,,cable,object,,SUNRGBD/kv2/kinect2data/000374_2014-06-08_11-12-01_260595134347_rgbf000130-resize/image/0000130.jpg,SUNRGBD/kv2/kinect2data/000374_2014-06-08_11-12-01_260595134347_rgbf000130-resize/depth_bfx/0000130.png,rule,"{""anchor_concept"": ""table"", ""anchor_object_index"": 35, ""answer_concept"": ""cable"", ""answer_object_index"": 26, ""nearest_distance_m"": 0.309, ""second_nearest_distance_m"": 0.699}"
test_010468,kv2/kinect2data/001868_2014-06-22_13-43-48_260595134347_rgbf000058-resize,scene:kv2/kinect2data/001868_2014-06-22_13-43-48_260595134347_rgbf000058-resize,kv2,furniture_store,test,nearest_object,,1,Which object is nearest to the sign?,,mirror,object,,SUNRGBD/kv2/kinect2data/001868_2014-06-22_13-43-48_260595134347_rgbf000058-resize/image/0000058.jpg,SUNRGBD/kv2/kinect2data/001868_2014-06-22_13-43-48_260595134347_rgbf000058-resize/depth_bfx/0000058.png,rule,"{""anchor_concept"": ""sign"", ""anchor_object_index"": 4, ""answer_concept"": ""mirror"", ""answer_object_index"": 7, ""nearest_distance_m"": 1.004, ""second_nearest_distance_m"": 1.359}"
test_007660,kv2/kinect2data/003369_2014-05-20_14-22-20_094959634447_rgbf000050-resize,scene:kv2/kinect2data/003369_2014-05-20_14-22-20_094959634447_rgbf000050-resize,kv2,reception,test,nearest_object,,2,What sits closest to the door?,,cabinet,object,,SUNRGBD/kv2/kinect2data/003369_2014-05-20_14-22-20_094959634447_rgbf000050-resize/image/0000050.jpg,SUNRGBD/kv2/kinect2data/003369_2014-05-20_14-22-20_094959634447_rgbf000050-resize/depth_bfx/0000050.png,rule,"{""anchor_concept"": ""door"", ""anchor_object_index"": 3, ""answer_concept"": ""cabinet"", ""answer_object_index"": 15, ""nearest_distance_m"": 0.835, ""second_nearest_distance_m"": 1.204}"
test_005765,kv2/kinect2data/000437_2014-06-09_22-25-37_260595134347_rgbf000206-resize,scene:kv2/kinect2data/000437_2014-06-09_22-25-37_260595134347_rgbf000206-resize,kv2,home_office,test,nearest_object,,1,Which object is nearest to the pillow?,,sofa,object,,SUNRGBD/kv2/kinect2data/000437_2014-06-09_22-25-37_260595134347_rgbf000206-resize/image/0000206.jpg,SUNRGBD/kv2/kinect2data/000437_2014-06-09_22-25-37_260595134347_rgbf000206-resize/depth_bfx/0000206.png,rule,"{""anchor_concept"": ""pillow"", ""anchor_object_index"": 6, ""answer_concept"": ""sofa"", ""answer_object_index"": 5, ""nearest_distance_m"": 0.335, ""second_nearest_distance_m"": 0.795}"
test_011366,kv2/align_kv2/2014-12-18_13-47-15_260595134347,scene:kv2/align_kv2/2014-12-18_13-47-15_260595134347,kv2,computer_room,test,nearest_object,,2,What sits closest to the window?,,monitor,object,,SUNRGBD/kv2/align_kv2/2014-12-18_13-47-15_260595134347/image/0000178.jpg,SUNRGBD/kv2/align_kv2/2014-12-18_13-47-15_260595134347/depth_bfx/0000178.png,rule,"{""anchor_concept"": ""window"", ""anchor_object_index"": 3, ""answer_concept"": ""monitor"", ""answer_object_index"": 4, ""nearest_distance_m"": 1.17, ""second_nearest_distance_m"": 1.671}"
test_013751,kv2/align_kv2/2014-12-18_12-08-29_260595134347,scene:kv2/align_kv2/2014-12-18_12-08-29_260595134347,kv2,rest_space,test,nearest_object,,0,What is the closest object to the chair?,,window,object,,SUNRGBD/kv2/align_kv2/2014-12-18_12-08-29_260595134347/image/0000024.jpg,SUNRGBD/kv2/align_kv2/2014-12-18_12-08-29_260595134347/depth_bfx/0000024.png,rule,"{""anchor_concept"": ""chair"", ""anchor_object_index"": 1, ""answer_concept"": ""window"", ""answer_object_index"": 4, ""nearest_distance_m"": 0.608, ""second_nearest_distance_m"": 1.01}"
test_006606,kv2/kinect2data/003425_2014-05-21_10-30-57_094959634447_rgbf002605-resize,scene:kv2/kinect2data/003425_2014-05-21_10-30-57_094959634447_rgbf002605-resize,kv2,classroom,test,nearest_object,,1,Which object is nearest to the person?,,desk,object,,SUNRGBD/kv2/kinect2data/003425_2014-05-21_10-30-57_094959634447_rgbf002605-resize/image/0002605.jpg,SUNRGBD/kv2/kinect2data/003425_2014-05-21_10-30-57_094959634447_rgbf002605-resize/depth_bfx/0002605.png,rule,"{""anchor_concept"": ""person"", ""anchor_object_index"": 4, ""answer_concept"": ""desk"", ""answer_object_index"": 1, ""nearest_distance_m"": 2.576, ""second_nearest_distance_m"": 3.523}"
test_004086,kv2/kinect2data/003126_2014-05-12_10-39-49_094959634447_rgbf000100-resize,scene:kv2/kinect2data/003126_2014-05-12_10-39-49_094959634447_rgbf000100-resize,kv2,classroom,test,nearest_object,,1,Which object is nearest to the door?,,chair,object,,SUNRGBD/kv2/kinect2data/003126_2014-05-12_10-39-49_094959634447_rgbf000100-resize/image/0000100.jpg,SUNRGBD/kv2/kinect2data/003126_2014-05-12_10-39-49_094959634447_rgbf000100-resize/depth_bfx/0000100.png,rule,"{""anchor_concept"": ""door"", ""anchor_object_index"": 4, ""answer_concept"": ""chair"", ""answer_object_index"": 3, ""nearest_distance_m"": 3.607, ""second_nearest_distance_m"": 4.713}"
test_010470,kv1/NYUdata/NYU0862,scene:kv1/NYUdata/NYU0862,kv1,kitchen,test,nearest_object,,3,Which item is positioned nearest to the jar?,,cabinet,object,,SUNRGBD/kv1/NYUdata/NYU0862/image/NYU0862.jpg,SUNRGBD/kv1/NYUdata/NYU0862/depth_bfx/NYU0862.png,rule,"{""anchor_concept"": ""jar"", ""anchor_object_index"": 19, ""answer_concept"": ""cabinet"", ""answer_object_index"": 1, ""nearest_distance_m"": 0.409, ""second_nearest_distance_m"": 0.592}"
test_003902,kv1/NYUdata/NYU1158,scene:kv1/NYUdata/NYU1158,kv1,bedroom,test,nearest_object,,5,Which object is closest in distance to the speaker?,,book,object,,SUNRGBD/kv1/NYUdata/NYU1158/image/NYU1158.jpg,SUNRGBD/kv1/NYUdata/NYU1158/depth_bfx/NYU1158.png,rule,"{""anchor_concept"": ""speaker"", ""anchor_object_index"": 6, ""answer_concept"": ""book"", ""answer_object_index"": 1, ""nearest_distance_m"": 0.274, ""second_nearest_distance_m"": 0.45}"
test_004218,kv1/NYUdata/NYU1235,scene:kv1/NYUdata/NYU1235,kv1,living_room,test,nearest_object,,3,Which item is positioned nearest to the lamp?,,picture,object,,SUNRGBD/kv1/NYUdata/NYU1235/image/NYU1235.jpg,SUNRGBD/kv1/NYUdata/NYU1235/depth_bfx/NYU1235.png,rule,"{""anchor_concept"": ""lamp"", ""anchor_object_index"": 14, ""answer_concept"": ""picture"", ""answer_object_index"": 11, ""nearest_distance_m"": 0.412, ""second_nearest_distance_m"": 0.63}"
test_009729,kv1/NYUdata/NYU1194,scene:kv1/NYUdata/NYU1194,kv1,bedroom,test,nearest_object,,5,Which object is closest in distance to the paper?,,desk,object,,SUNRGBD/kv1/NYUdata/NYU1194/image/NYU1194.jpg,SUNRGBD/kv1/NYUdata/NYU1194/depth_bfx/NYU1194.png,rule,"{""anchor_concept"": ""paper"", ""anchor_object_index"": 3, ""answer_concept"": ""desk"", ""answer_object_index"": 13, ""nearest_distance_m"": 0.503, ""second_nearest_distance_m"": 1.286}"
test_009740,kv1/b3dodata/img_0580,scene:kv1/b3dodata/img_0580,kv1,home_office,test,nearest_object,,3,Which item is positioned nearest to the cup?,,table,object,,SUNRGBD/kv1/b3dodata/img_0580/image/img_0580.jpg,SUNRGBD/kv1/b3dodata/img_0580/depth_bfx/img_0580_abs.png,rule,"{""anchor_concept"": ""cup"", ""anchor_object_index"": 9, ""answer_concept"": ""table"", ""answer_object_index"": 7, ""nearest_distance_m"": 0.345, ""second_nearest_distance_m"": 0.653}"
test_003279,kv1/NYUdata/NYU1081,scene:kv1/NYUdata/NYU1081,kv1,bedroom,test,nearest_object,,4,What is right next to the blind?,,window,object,,SUNRGBD/kv1/NYUdata/NYU1081/image/NYU1081.jpg,SUNRGBD/kv1/NYUdata/NYU1081/depth_bfx/NYU1081.png,rule,"{""anchor_concept"": ""blind"", ""anchor_object_index"": 18, ""answer_concept"": ""window"", ""answer_object_index"": 14, ""nearest_distance_m"": 0.532, ""second_nearest_distance_m"": 1.492}"
test_003423,kv1/NYUdata/NYU0763,scene:kv1/NYUdata/NYU0763,kv1,kitchen,test,nearest_object,,0,What is the closest object to the microwave?,,cabinet,object,,SUNRGBD/kv1/NYUdata/NYU0763/image/NYU0763.jpg,SUNRGBD/kv1/NYUdata/NYU0763/depth_bfx/NYU0763.png,rule,"{""anchor_concept"": ""microwave"", ""anchor_object_index"": 7, ""answer_concept"": ""cabinet"", ""answer_object_index"": 3, ""nearest_distance_m"": 0.431, ""second_nearest_distance_m"": 0.66}"
test_006166,kv1/NYUdata/NYU0046,scene:kv1/NYUdata/NYU0046,kv1,bathroom,test,nearest_object,,0,What is the closest object to the faucet?,,sink,object,,SUNRGBD/kv1/NYUdata/NYU0046/image/NYU0046.jpg,SUNRGBD/kv1/NYUdata/NYU0046/depth_bfx/NYU0046.png,rule,"{""anchor_concept"": ""faucet"", ""anchor_object_index"": 4, ""answer_concept"": ""sink"", ""answer_object_index"": 6, ""nearest_distance_m"": 0.159, ""second_nearest_distance_m"": 0.208}"
test_008993,kv1/NYUdata/NYU0185,scene:kv1/NYUdata/NYU0185,kv1,bedroom,test,nearest_object,,3,Which item is positioned nearest to the curtain?,,lamp,object,,SUNRGBD/kv1/NYUdata/NYU0185/image/NYU0185.jpg,SUNRGBD/kv1/NYUdata/NYU0185/depth_bfx/NYU0185.png,rule,"{""anchor_concept"": ""curtain"", ""anchor_object_index"": 16, ""answer_concept"": ""lamp"", ""answer_object_index"": 19, ""nearest_distance_m"": 0.468, ""second_nearest_distance_m"": 0.78}"
test_012893,kv1/b3dodata/img_0421,scene:kv1/b3dodata/img_0421,kv1,office,test,nearest_object,,2,What sits closest to the keyboard?,,table,object,,SUNRGBD/kv1/b3dodata/img_0421/image/img_0421.jpg,SUNRGBD/kv1/b3dodata/img_0421/depth_bfx/img_0421_abs.png,rule,"{""anchor_concept"": ""keyboard"", ""anchor_object_index"": 2, ""answer_concept"": ""table"", ""answer_object_index"": 18, ""nearest_distance_m"": 0.081, ""second_nearest_distance_m"": 0.228}"
test_003257,kv1/b3dodata/img_0447,scene:kv1/b3dodata/img_0447,kv1,bathroom,test,nearest_object,,0,What is the closest object to the vase?,,bottle,object,,SUNRGBD/kv1/b3dodata/img_0447/image/img_0447.jpg,SUNRGBD/kv1/b3dodata/img_0447/depth_bfx/img_0447_abs.png,rule,"{""anchor_concept"": ""vase"", ""anchor_object_index"": 5, ""answer_concept"": ""bottle"", ""answer_object_index"": 3, ""nearest_distance_m"": 0.109, ""second_nearest_distance_m"": 0.182}"
test_002077,kv1/NYUdata/NYU0201,scene:kv1/NYUdata/NYU0201,kv1,kitchen,test,nearest_object,,4,What is right next to the fan?,,sofa,object,,SUNRGBD/kv1/NYUdata/NYU0201/image/NYU0201.jpg,SUNRGBD/kv1/NYUdata/NYU0201/depth_bfx/NYU0201.png,rule,"{""anchor_concept"": ""fan"", ""anchor_object_index"": 10, ""answer_concept"": ""sofa"", ""answer_object_index"": 12, ""nearest_distance_m"": 0.263, ""second_nearest_distance_m"": 0.941}"
test_006650,kv1/NYUdata/NYU0119,scene:kv1/NYUdata/NYU0119,kv1,bookstore,test,nearest_object,,5,Which object is closest in distance to the picture?,,light,object,,SUNRGBD/kv1/NYUdata/NYU0119/image/NYU0119.jpg,SUNRGBD/kv1/NYUdata/NYU0119/depth_bfx/NYU0119.png,rule,"{""anchor_concept"": ""picture"", ""anchor_object_index"": 22, ""answer_concept"": ""light"", ""answer_object_index"": 14, ""nearest_distance_m"": 1.942, ""second_nearest_distance_m"": 2.468}"
test_001422,kv1/b3dodata/img_0739,scene:kv1/b3dodata/img_0739,kv1,home_office,test,nearest_object,,3,Which item is positioned nearest to the shelf?,,laptop,object,,SUNRGBD/kv1/b3dodata/img_0739/image/img_0739.jpg,SUNRGBD/kv1/b3dodata/img_0739/depth_bfx/img_0739_abs.png,rule,"{""anchor_concept"": ""shelf"", ""anchor_object_index"": 13, ""answer_concept"": ""laptop"", ""answer_object_index"": 0, ""nearest_distance_m"": 0.377, ""second_nearest_distance_m"": 1.139}"
test_009926,kv1/NYUdata/NYU0844,scene:kv1/NYUdata/NYU0844,kv1,kitchen,test,nearest_object,,2,What sits closest to the blind?,,cabinet,object,,SUNRGBD/kv1/NYUdata/NYU0844/image/NYU0844.jpg,SUNRGBD/kv1/NYUdata/NYU0844/depth_bfx/NYU0844.png,rule,"{""anchor_concept"": ""blind"", ""anchor_object_index"": 20, ""answer_concept"": ""cabinet"", ""answer_object_index"": 6, ""nearest_distance_m"": 0.598, ""second_nearest_distance_m"": 1.161}"
test_007587,kv1/NYUdata/NYU0766,scene:kv1/NYUdata/NYU0766,kv1,kitchen,test,nearest_object,,1,Which object is nearest to the bottle?,,sink,object,,SUNRGBD/kv1/NYUdata/NYU0766/image/NYU0766.jpg,SUNRGBD/kv1/NYUdata/NYU0766/depth_bfx/NYU0766.png,rule,"{""anchor_concept"": ""bottle"", ""anchor_object_index"": 0, ""answer_concept"": ""sink"", ""answer_object_index"": 12, ""nearest_distance_m"": 0.259, ""second_nearest_distance_m"": 0.831}"
test_009249,kv1/NYUdata/NYU0571,scene:kv1/NYUdata/NYU0571,kv1,kitchen,test,nearest_object,,4,What is right next to the cabinet?,,counter,object,,SUNRGBD/kv1/NYUdata/NYU0571/image/NYU0571.jpg,SUNRGBD/kv1/NYUdata/NYU0571/depth_bfx/NYU0571.png,rule,"{""anchor_concept"": ""cabinet"", ""anchor_object_index"": 0, ""answer_concept"": ""counter"", ""answer_object_index"": 2, ""nearest_distance_m"": 0.22, ""second_nearest_distance_m"": 0.988}"
test_003252,kv1/NYUdata/NYU0524,scene:kv1/NYUdata/NYU0524,kv1,bedroom,test,nearest_object,,3,Which item is positioned nearest to the cabinet?,,tissue box,object,,SUNRGBD/kv1/NYUdata/NYU0524/image/NYU0524.jpg,SUNRGBD/kv1/NYUdata/NYU0524/depth_bfx/NYU0524.png,rule,"{""anchor_concept"": ""cabinet"", ""anchor_object_index"": 0, ""answer_concept"": ""tissuebox"", ""answer_object_index"": 18, ""nearest_distance_m"": 0.339, ""second_nearest_distance_m"": 0.614}"
test_010902,kv1/NYUdata/NYU1165,scene:kv1/NYUdata/NYU1165,kv1,bedroom,test,nearest_object,,0,What is the closest object to the cabinet?,,window,object,,SUNRGBD/kv1/NYUdata/NYU1165/image/NYU1165.jpg,SUNRGBD/kv1/NYUdata/NYU1165/depth_bfx/NYU1165.png,rule,"{""anchor_concept"": ""cabinet"", ""anchor_object_index"": 0, ""answer_concept"": ""window"", ""answer_object_index"": 6, ""nearest_distance_m"": 1.052, ""second_nearest_distance_m"": 1.841}"
test_009368,kv1/NYUdata/NYU0970,scene:kv1/NYUdata/NYU0970,kv1,bedroom,test,nearest_object,,4,What is right next to the clothes?,,blind,object,,SUNRGBD/kv1/NYUdata/NYU0970/image/NYU0970.jpg,SUNRGBD/kv1/NYUdata/NYU0970/depth_bfx/NYU0970.png,rule,"{""anchor_concept"": ""clothes"", ""anchor_object_index"": 11, ""answer_concept"": ""blind"", ""answer_object_index"": 7, ""nearest_distance_m"": 0.861, ""second_nearest_distance_m"": 1.847}"
test_005838,kv1/NYUdata/NYU0771,scene:kv1/NYUdata/NYU0771,kv1,kitchen,test,nearest_object,,4,What is right next to the sink?,,cabinet,object,,SUNRGBD/kv1/NYUdata/NYU0771/image/NYU0771.jpg,SUNRGBD/kv1/NYUdata/NYU0771/depth_bfx/NYU0771.png,rule,"{""anchor_concept"": ""sink"", ""anchor_object_index"": 8, ""answer_concept"": ""cabinet"", ""answer_object_index"": 3, ""nearest_distance_m"": 0.502, ""second_nearest_distance_m"": 0.74}"
test_005911,kv1/b3dodata/img_0831,scene:kv1/b3dodata/img_0831,kv1,corridor,test,nearest_object,,1,Which object is nearest to the light?,,door,object,,SUNRGBD/kv1/b3dodata/img_0831/image/img_0831.jpg,SUNRGBD/kv1/b3dodata/img_0831/depth_bfx/img_0831_abs.png,rule,"{""anchor_concept"": ""light"", ""anchor_object_index"": 9, ""answer_concept"": ""door"", ""answer_object_index"": 8, ""nearest_distance_m"": 3.682, ""second_nearest_distance_m"": 4.876}"
test_009683,kv1/NYUdata/NYU1388,scene:kv1/NYUdata/NYU1388,kv1,dining_room,test,nearest_object,,1,Which object is nearest to the chair?,,blanket,object,,SUNRGBD/kv1/NYUdata/NYU1388/image/NYU1388.jpg,SUNRGBD/kv1/NYUdata/NYU1388/depth_bfx/NYU1388.png,rule,"{""anchor_concept"": ""chair"", ""anchor_object_index"": 2, ""answer_concept"": ""blanket"", ""answer_object_index"": 27, ""nearest_distance_m"": 0.273, ""second_nearest_distance_m"": 0.822}"
test_011619,kv1/NYUdata/NYU0448,scene:kv1/NYUdata/NYU0448,kv1,playroom,test,nearest_object,,1,Which object is nearest to the paper towel?,,picture,object,,SUNRGBD/kv1/NYUdata/NYU0448/image/NYU0448.jpg,SUNRGBD/kv1/NYUdata/NYU0448/depth_bfx/NYU0448.png,rule,"{""anchor_concept"": ""papertowel"", ""anchor_object_index"": 17, ""answer_concept"": ""picture"", ""answer_object_index"": 14, ""nearest_distance_m"": 0.188, ""second_nearest_distance_m"": 0.324}"
test_012596,kv1/NYUdata/NYU0821,scene:kv1/NYUdata/NYU0821,kv1,kitchen,test,nearest_object,,2,What sits closest to the tray?,,bowl,object,,SUNRGBD/kv1/NYUdata/NYU0821/image/NYU0821.jpg,SUNRGBD/kv1/NYUdata/NYU0821/depth_bfx/NYU0821.png,rule,"{""anchor_concept"": ""tray"", ""anchor_object_index"": 18, ""answer_concept"": ""bowl"", ""answer_object_index"": 14, ""nearest_distance_m"": 0.475, ""second_nearest_distance_m"": 0.63}"
test_007206,kv1/NYUdata/NYU1124,scene:kv1/NYUdata/NYU1124,kv1,bedroom,test,nearest_object,,3,Which item is positioned nearest to the blind?,,picture,object,,SUNRGBD/kv1/NYUdata/NYU1124/image/NYU1124.jpg,SUNRGBD/kv1/NYUdata/NYU1124/depth_bfx/NYU1124.png,rule,"{""anchor_concept"": ""blind"", ""anchor_object_index"": 12, ""answer_concept"": ""picture"", ""answer_object_index"": 10, ""nearest_distance_m"": 0.686, ""second_nearest_distance_m"": 0.931}"
test_010341,kv1/NYUdata/NYU1227,scene:kv1/NYUdata/NYU1227,kv1,living_room,test,nearest_object,,2,What sits closest to the floor mat?,,book,object,,SUNRGBD/kv1/NYUdata/NYU1227/image/NYU1227.jpg,SUNRGBD/kv1/NYUdata/NYU1227/depth_bfx/NYU1227.png,rule,"{""anchor_concept"": ""floormat"", ""anchor_object_index"": 14, ""answer_concept"": ""book"", ""answer_object_index"": 4, ""nearest_distance_m"": 0.511, ""second_nearest_distance_m"": 0.736}"
test_000268,kv1/NYUdata/NYU1156,scene:kv1/NYUdata/NYU1156,kv1,bedroom,test,nearest_object,,1,Which object is nearest to the dresser?,,book,object,,SUNRGBD/kv1/NYUdata/NYU1156/image/NYU1156.jpg,SUNRGBD/kv1/NYUdata/NYU1156/depth_bfx/NYU1156.png,rule,"{""anchor_concept"": ""dresser"", ""anchor_object_index"": 10, ""answer_concept"": ""book"", ""answer_object_index"": 0, ""nearest_distance_m"": 0.291, ""second_nearest_distance_m"": 0.509}"
test_004680,kv1/NYUdata/NYU0843,scene:kv1/NYUdata/NYU0843,kv1,kitchen,test,nearest_object,,2,What sits closest to the refrigerator?,,paper,object,,SUNRGBD/kv1/NYUdata/NYU0843/image/NYU0843.jpg,SUNRGBD/kv1/NYUdata/NYU0843/depth_bfx/NYU0843.png,rule,"{""anchor_concept"": ""refrigerator"", ""anchor_object_index"": 12, ""answer_concept"": ""paper"", ""answer_object_index"": 8, ""nearest_distance_m"": 0.0, ""second_nearest_distance_m"": 0.3}"
test_000861,kv1/NYUdata/NYU1339,scene:kv1/NYUdata/NYU1339,kv1,living_room,test,nearest_object,,5,Which object is closest in distance to the book?,,box,object,,SUNRGBD/kv1/NYUdata/NYU1339/image/NYU1339.jpg,SUNRGBD/kv1/NYUdata/NYU1339/depth_bfx/NYU1339.png,rule,"{""anchor_concept"": ""book"", ""anchor_object_index"": 8, ""answer_concept"": ""box"", ""answer_object_index"": 2, ""nearest_distance_m"": 0.627, ""second_nearest_distance_m"": 1.201}"
test_013467,kv1/b3dodata/img_0687,scene:kv1/b3dodata/img_0687,kv1,bedroom,test,nearest_object,,4,What is right next to the cabinet?,,picture,object,,SUNRGBD/kv1/b3dodata/img_0687/image/img_0687.jpg,SUNRGBD/kv1/b3dodata/img_0687/depth_bfx/img_0687_abs.png,rule,"{""anchor_concept"": ""cabinet"", ""anchor_object_index"": 5, ""answer_concept"": ""picture"", ""answer_object_index"": 3, ""nearest_distance_m"": 0.645, ""second_nearest_distance_m"": 1.198}"
test_011792,kv1/NYUdata/NYU0775,scene:kv1/NYUdata/NYU0775,kv1,kitchen,test,nearest_object,,4,What is right next to the paper?,,counter,object,,SUNRGBD/kv1/NYUdata/NYU0775/image/NYU0775.jpg,SUNRGBD/kv1/NYUdata/NYU0775/depth_bfx/NYU0775.png,rule,"{""anchor_concept"": ""paper"", ""anchor_object_index"": 14, ""answer_concept"": ""counter"", ""answer_object_index"": 9, ""nearest_distance_m"": 0.183, ""second_nearest_distance_m"": 0.258}"
test_001033,kv1/NYUdata/NYU0517,scene:kv1/NYUdata/NYU0517,kv1,bedroom,test,nearest_object,,1,Which object is nearest to the paper?,,book,object,,SUNRGBD/kv1/NYUdata/NYU0517/image/NYU0517.jpg,SUNRGBD/kv1/NYUdata/NYU0517/depth_bfx/NYU0517.png,rule,"{""anchor_concept"": ""paper"", ""anchor_object_index"": 4, ""answer_concept"": ""book"", ""answer_object_index"": 11, ""nearest_distance_m"": 0.192, ""second_nearest_distance_m"": 0.438}"
test_006291,kv1/b3dodata/img_0548,scene:kv1/b3dodata/img_0548,kv1,living_room,test,nearest_object,,2,What sits closest to the clothes?,,window,object,,SUNRGBD/kv1/b3dodata/img_0548/image/img_0548.jpg,SUNRGBD/kv1/b3dodata/img_0548/depth_bfx/img_0548_abs.png,rule,"{""anchor_concept"": ""clothes"", ""anchor_object_index"": 12, ""answer_concept"": ""window"", ""answer_object_index"": 6, ""nearest_distance_m"": 1.528, ""second_nearest_distance_m"": 1.989}"
test_012034,kv1/NYUdata/NYU1119,scene:kv1/NYUdata/NYU1119,kv1,bedroom,test,nearest_object,,0,What is the closest object to the trash can?,,bed,object,,SUNRGBD/kv1/NYUdata/NYU1119/image/NYU1119.jpg,SUNRGBD/kv1/NYUdata/NYU1119/depth_bfx/NYU1119.png,rule,"{""anchor_concept"": ""trashcan"", ""anchor_object_index"": 3, ""answer_concept"": ""bed"", ""answer_object_index"": 16, ""nearest_distance_m"": 0.871, ""second_nearest_distance_m"": 1.237}"
test_010211,kv1/NYUdata/NYU1206,scene:kv1/NYUdata/NYU1206,kv1,living_room,test,nearest_object,,3,Which item is positioned nearest to the vase?,,table,object,,SUNRGBD/kv1/NYUdata/NYU1206/image/NYU1206.jpg,SUNRGBD/kv1/NYUdata/NYU1206/depth_bfx/NYU1206.png,rule,"{""anchor_concept"": ""vase"", ""anchor_object_index"": 11, ""answer_concept"": ""table"", ""answer_object_index"": 2, ""nearest_distance_m"": 0.632, ""second_nearest_distance_m"": 1.151}"
test_005835,kv1/b3dodata/img_0768,scene:kv1/b3dodata/img_0768,kv1,kitchen,test,nearest_object,,2,What sits closest to the cabinet?,,cabinet door,object,,SUNRGBD/kv1/b3dodata/img_0768/image/img_0768.jpg,SUNRGBD/kv1/b3dodata/img_0768/depth_bfx/img_0768_abs.png,rule,"{""anchor_concept"": ""cabinet"", ""anchor_object_index"": 17, ""answer_concept"": ""cabinetdoor"", ""answer_object_index"": 22, ""nearest_distance_m"": 0.084, ""second_nearest_distance_m"": 0.539}"
test_002354,kv1/NYUdata/NYU0697,scene:kv1/NYUdata/NYU0697,kv1,bathroom,test,nearest_object,,1,Which object is nearest to the sink?,,faucet,object,,SUNRGBD/kv1/NYUdata/NYU0697/image/NYU0697.jpg,SUNRGBD/kv1/NYUdata/NYU0697/depth_bfx/NYU0697.png,rule,"{""anchor_concept"": ""sink"", ""anchor_object_index"": 23, ""answer_concept"": ""faucet"", ""answer_object_index"": 17, ""nearest_distance_m"": 0.225, ""second_nearest_distance_m"": 0.427}"
test_012500,realsense/lg/2014_10_24-13_41_48-1311000073,scene:realsense/lg/2014_10_24-13_41_48-1311000073,realsense,lecture_theatre,test,nearest_object,,1,Which object is nearest to the chalkboard?,,door,object,,SUNRGBD/realsense/lg/2014_10_24-13_41_48-1311000073/image/0000063.jpg,SUNRGBD/realsense/lg/2014_10_24-13_41_48-1311000073/depth_bfx/0000063.png,rule,"{""anchor_concept"": ""chalkboard"", ""anchor_object_index"": 16, ""answer_concept"": ""door"", ""answer_object_index"": 4, ""nearest_distance_m"": 0.33, ""second_nearest_distance_m"": 0.425}"
test_006405,realsense/lg/2014_10_26-15_25_45-1311000073,scene:realsense/lg/2014_10_26-15_25_45-1311000073,realsense,library,test,nearest_object,,4,What is right next to the desk?,,bookshelf,object,,SUNRGBD/realsense/lg/2014_10_26-15_25_45-1311000073/image/0000063.jpg,SUNRGBD/realsense/lg/2014_10_26-15_25_45-1311000073/depth_bfx/0000063.png,rule,"{""anchor_concept"": ""desk"", ""anchor_object_index"": 3, ""answer_concept"": ""bookshelf"", ""answer_object_index"": 2, ""nearest_distance_m"": 1.365, ""second_nearest_distance_m"": 1.845}"
test_003944,realsense/lg/2014_10_30-15_45_45-1311000073,scene:realsense/lg/2014_10_30-15_45_45-1311000073,realsense,bathroom,test,nearest_object,,4,What is right next to the sink?,,window,object,,SUNRGBD/realsense/lg/2014_10_30-15_45_45-1311000073/image/0000068.jpg,SUNRGBD/realsense/lg/2014_10_30-15_45_45-1311000073/depth_bfx/0000068.png,rule,"{""anchor_concept"": ""sink"", ""anchor_object_index"": 3, ""answer_concept"": ""window"", ""answer_object_index"": 6, ""nearest_distance_m"": 0.791, ""second_nearest_distance_m"": 1.249}"
test_001569,realsense/lg/2014_10_26-14_11_20-1311000073,scene:realsense/lg/2014_10_26-14_11_20-1311000073,realsense,conference_room,test,nearest_object,,5,Which object is closest in distance to the door?,,chair,object,,SUNRGBD/realsense/lg/2014_10_26-14_11_20-1311000073/image/0000063.jpg,SUNRGBD/realsense/lg/2014_10_26-14_11_20-1311000073/depth_bfx/0000063.png,rule,"{""anchor_concept"": ""door"", ""anchor_object_index"": 11, ""answer_concept"": ""chair"", ""answer_object_index"": 6, ""nearest_distance_m"": 0.721, ""second_nearest_distance_m"": 1.631}"
test_006579,realsense/lg/2014_10_28-15_48_50-1311000073,scene:realsense/lg/2014_10_28-15_48_50-1311000073,realsense,library,test,nearest_object,,4,What is right next to the sofa?,,pillow,object,,SUNRGBD/realsense/lg/2014_10_28-15_48_50-1311000073/image/0000063.jpg,SUNRGBD/realsense/lg/2014_10_28-15_48_50-1311000073/depth_bfx/0000063.png,rule,"{""anchor_concept"": ""sofa"", ""anchor_object_index"": 0, ""answer_concept"": ""pillow"", ""answer_object_index"": 14, ""nearest_distance_m"": 0.316, ""second_nearest_distance_m"": 0.522}"
test_006662,realsense/lg/2014_10_27-15_17_12-1311000073,scene:realsense/lg/2014_10_27-15_17_12-1311000073,realsense,library,test,nearest_object,,3,Which item is positioned nearest to the table?,,shelf,object,,SUNRGBD/realsense/lg/2014_10_27-15_17_12-1311000073/image/0000066.jpg,SUNRGBD/realsense/lg/2014_10_27-15_17_12-1311000073/depth_bfx/0000066.png,rule,"{""anchor_concept"": ""table"", ""anchor_object_index"": 3, ""answer_concept"": ""shelf"", ""answer_object_index"": 2, ""nearest_distance_m"": 0.968, ""second_nearest_distance_m"": 1.85}"
test_009175,realsense/lg/2014_10_24-13_22_07-1311000073,scene:realsense/lg/2014_10_24-13_22_07-1311000073,realsense,rest_space,test,nearest_object,,0,What is the closest object to the desk?,,monitor,object,,SUNRGBD/realsense/lg/2014_10_24-13_22_07-1311000073/image/0000063.jpg,SUNRGBD/realsense/lg/2014_10_24-13_22_07-1311000073/depth_bfx/0000063.png,rule,"{""anchor_concept"": ""desk"", ""anchor_object_index"": 9, ""answer_concept"": ""monitor"", ""answer_object_index"": 4, ""nearest_distance_m"": 0.41, ""second_nearest_distance_m"": 1.024}"
test_006319,realsense/lg/2014_10_29-16_27_06-1311000073,scene:realsense/lg/2014_10_29-16_27_06-1311000073,realsense,conference_room,test,nearest_object,,2,What sits closest to the rug?,,sofa,object,,SUNRGBD/realsense/lg/2014_10_29-16_27_06-1311000073/image/0000063.jpg,SUNRGBD/realsense/lg/2014_10_29-16_27_06-1311000073/depth_bfx/0000063.png,rule,"{""anchor_concept"": ""rug"", ""anchor_object_index"": 7, ""answer_concept"": ""sofa"", ""answer_object_index"": 3, ""nearest_distance_m"": 0.945, ""second_nearest_distance_m"": 1.338}"
test_010434,realsense/lg/2014_10_28-15_34_45-1311000073,scene:realsense/lg/2014_10_28-15_34_45-1311000073,realsense,library,test,nearest_object,,1,Which object is nearest to the chair?,,table,object,,SUNRGBD/realsense/lg/2014_10_28-15_34_45-1311000073/image/0000063.jpg,SUNRGBD/realsense/lg/2014_10_28-15_34_45-1311000073/depth_bfx/0000063.png,rule,"{""anchor_concept"": ""chair"", ""anchor_object_index"": 4, ""answer_concept"": ""table"", ""answer_object_index"": 0, ""nearest_distance_m"": 0.797, ""second_nearest_distance_m"": 1.818}"
test_001256,realsense/lg/2014_10_24-13_29_37-1311000073,scene:realsense/lg/2014_10_24-13_29_37-1311000073,realsense,printer_room,test,nearest_object,,4,What is right next to the cabinet?,,desk,object,,SUNRGBD/realsense/lg/2014_10_24-13_29_37-1311000073/image/0000063.jpg,SUNRGBD/realsense/lg/2014_10_24-13_29_37-1311000073/depth_bfx/0000063.png,rule,"{""anchor_concept"": ""cabinet"", ""anchor_object_index"": 11, ""answer_concept"": ""desk"", ""answer_object_index"": 8, ""nearest_distance_m"": 0.26, ""second_nearest_distance_m"": 0.518}"
test_005441,realsense/lg/2014_10_28-15_11_54-1311000073,scene:realsense/lg/2014_10_28-15_11_54-1311000073,realsense,library,test,nearest_object,,3,Which item is positioned nearest to the window?,,table,object,,SUNRGBD/realsense/lg/2014_10_28-15_11_54-1311000073/image/0000063.jpg,SUNRGBD/realsense/lg/2014_10_28-15_11_54-1311000073/depth_bfx/0000063.png,rule,"{""anchor_concept"": ""window"", ""anchor_object_index"": 11, ""answer_concept"": ""table"", ""answer_object_index"": 6, ""nearest_distance_m"": 0.692, ""second_nearest_distance_m"": 1.654}"
test_006068,realsense/lg/2014_10_29-16_29_27-1311000073,scene:realsense/lg/2014_10_29-16_29_27-1311000073,realsense,dining_area,test,nearest_object,,4,What is right next to the window?,,notice,object,,SUNRGBD/realsense/lg/2014_10_29-16_29_27-1311000073/image/0000063.jpg,SUNRGBD/realsense/lg/2014_10_29-16_29_27-1311000073/depth_bfx/0000063.png,rule,"{""anchor_concept"": ""window"", ""anchor_object_index"": 11, ""answer_concept"": ""notice"", ""answer_object_index"": 7, ""nearest_distance_m"": 0.374, ""second_nearest_distance_m"": 0.531}"
test_005572,kv2/kinect2data/003506_2014-05-21_17-30-36_094959634447_rgbf000102-resize,scene:kv2/kinect2data/003506_2014-05-21_17-30-36_094959634447_rgbf000102-resize,kv2,office,test,existence,negative,5,Is there any sofa visible in the image?,,no,yes_no,yes|no,SUNRGBD/kv2/kinect2data/003506_2014-05-21_17-30-36_094959634447_rgbf000102-resize/image/0000102.jpg,SUNRGBD/kv2/kinect2data/003506_2014-05-21_17-30-36_094959634447_rgbf000102-resize/depth_bfx/0000102.png,rule,"{""concept"": ""sofa"", ""reason"": ""category_or_scene_type_plausible""}"
test_011390,kv2/kinect2data/000402_2014-06-09_22-23-28_260595134347_rgbf000081-resize,scene:kv2/kinect2data/000402_2014-06-09_22-23-28_260595134347_rgbf000081-resize,kv2,dining_room,test,existence,positive,5,Is there any chair visible in the image?,,yes,yes_no,yes|no,SUNRGBD/kv2/kinect2data/000402_2014-06-09_22-23-28_260595134347_rgbf000081-resize/image/0000081.jpg,SUNRGBD/kv2/kinect2data/000402_2014-06-09_22-23-28_260595134347_rgbf000081-resize/depth_bfx/0000081.png,rule,"{""concept"": ""chair"", ""object_index"": 16, ""area_frac"": 0.017839234944430085}"
test_000676,kv2/kinect2data/002955_2014-06-08_17-34-45_094959634447_rgbf000150-resize,scene:kv2/kinect2data/002955_2014-06-08_17-34-45_094959634447_rgbf000150-resize,kv2,furniture_store,test,existence,negative,5,Is there any shower curtain visible in the image?,,no,yes_no,yes|no,SUNRGBD/kv2/kinect2data/002955_2014-06-08_17-34-45_094959634447_rgbf000150-resize/image/0000150.jpg,SUNRGBD/kv2/kinect2data/002955_2014-06-08_17-34-45_094959634447_rgbf000150-resize/depth_bfx/0000150.png,rule,"{""concept"": ""showercurtain"", ""reason"": ""category_or_scene_type_plausible""}"
test_008611,kv2/kinect2data/001730_2014-06-26_19-44-55_260595134347_rgbf000071-resize,scene:kv2/kinect2data/001730_2014-06-26_19-44-55_260595134347_rgbf000071-resize,kv2,furniture_store,test,existence,positive,4,Is a bed present in this scene?,,yes,yes_no,yes|no,SUNRGBD/kv2/kinect2data/001730_2014-06-26_19-44-55_260595134347_rgbf000071-resize/image/0000071.jpg,SUNRGBD/kv2/kinect2data/001730_2014-06-26_19-44-55_260595134347_rgbf000071-resize/depth_bfx/0000071.png,rule,"{""concept"": ""bed"", ""object_index"": 0, ""area_frac"": 0.5491070043939003}"
test_003755,kv2/kinect2data/001155_2014-06-17_15-30-16_260595134347_rgbf000061-resize,scene:kv2/kinect2data/001155_2014-06-17_15-30-16_260595134347_rgbf000061-resize,kv2,library,test,existence,positive,1,Do you see a table here?,,yes,yes_no,yes|no,SUNRGBD/kv2/kinect2data/001155_2014-06-17_15-30-16_260595134347_rgbf000061-resize/image/0000061.jpg,SUNRGBD/kv2/kinect2data/001155_2014-06-17_15-30-16_260595134347_rgbf000061-resize/depth_bfx/0000061.png,rule,"{""concept"": ""table"", ""object_index"": 1, ""area_frac"": 0.1747725510467821}"
test_009965,kv2/align_kv2/2014-12-18_14-08-12_260595134347,scene:kv2/align_kv2/2014-12-18_14-08-12_260595134347,kv2,computer_room,test,existence,positive,5,Is there any drawer visible in the image?,,yes,yes_no,yes|no,SUNRGBD/kv2/align_kv2/2014-12-18_14-08-12_260595134347/image/0000129.jpg,SUNRGBD/kv2/align_kv2/2014-12-18_14-08-12_260595134347/depth_bfx/0000129.png,rule,"{""concept"": ""drawer"", ""object_index"": 4, ""area_frac"": 0.22448694753166193}"
test_009171,kv2/kinect2data/003354_2014-05-20_11-45-39_094959634447_rgbf000101-resize,scene:kv2/kinect2data/003354_2014-05-20_11-45-39_094959634447_rgbf000101-resize,kv2,classroom,test,existence,positive,4,Is a chair present in this scene?,,yes,yes_no,yes|no,SUNRGBD/kv2/kinect2data/003354_2014-05-20_11-45-39_094959634447_rgbf000101-resize/image/0000101.jpg,SUNRGBD/kv2/kinect2data/003354_2014-05-20_11-45-39_094959634447_rgbf000101-resize/depth_bfx/0000101.png,rule,"{""concept"": ""chair"", ""object_index"": 4, ""area_frac"": 0.01811357539288821}"
test_013348,kv2/kinect2data/000817_2014-06-08_22-58-14_260595134347_rgbf000072-resize,scene:kv2/kinect2data/000817_2014-06-08_22-58-14_260595134347_rgbf000072-resize,kv2,classroom,test,existence,positive,0,Is there a table in this room?,,yes,yes_no,yes|no,SUNRGBD/kv2/kinect2data/000817_2014-06-08_22-58-14_260595134347_rgbf000072-resize/image/0000072.jpg,SUNRGBD/kv2/kinect2data/000817_2014-06-08_22-58-14_260595134347_rgbf000072-resize/depth_bfx/0000072.png,rule,"{""concept"": ""table"", ""object_index"": 2, ""area_frac"": 0.13124838459550273}"
test_001782,kv2/kinect2data/002888_2014-06-03_17-41-02_094959634447_rgbf000151-resize,scene:kv2/kinect2data/002888_2014-06-03_17-41-02_094959634447_rgbf000151-resize,kv2,library,test,existence,positive,0,Is there a table in this room?,,yes,yes_no,yes|no,SUNRGBD/kv2/kinect2data/002888_2014-06-03_17-41-02_094959634447_rgbf000151-resize/image/0000151.jpg,SUNRGBD/kv2/kinect2data/002888_2014-06-03_17-41-02_094959634447_rgbf000151-resize/depth_bfx/0000151.png,rule,"{""concept"": ""table"", ""object_index"": 0, ""area_frac"": 0.4046252261566296}"
test_008797,kv2/kinect2data/001883_2014-06-22_13-51-08_260595134347_rgbf000033-resize,scene:kv2/kinect2data/001883_2014-06-22_13-51-08_260595134347_rgbf000033-resize,kv2,furniture_store,test,existence,negative,4,Is a notice present in this scene?,,no,yes_no,yes|no,SUNRGBD/kv2/kinect2data/001883_2014-06-22_13-51-08_260595134347_rgbf000033-resize/image/0000033.jpg,SUNRGBD/kv2/kinect2data/001883_2014-06-22_13-51-08_260595134347_rgbf000033-resize/depth_bfx/0000033.png,rule,"{""concept"": ""notice"", ""reason"": ""category_or_scene_type_plausible""}"
test_003402,kv2/kinect2data/000165_2014-05-16_20-34-36_260595134347_rgbf000130-resize,scene:kv2/kinect2data/000165_2014-05-16_20-34-36_260595134347_rgbf000130-resize,kv2,bathroom,test,existence,positive,1,Do you see a bathtub here?,,yes,yes_no,yes|no,SUNRGBD/kv2/kinect2data/000165_2014-05-16_20-34-36_260595134347_rgbf000130-resize/image/0000130.jpg,SUNRGBD/kv2/kinect2data/000165_2014-05-16_20-34-36_260595134347_rgbf000130-resize/depth_bfx/0000130.png,rule,"{""concept"": ""bathtub"", ""object_index"": 8, ""area_frac"": 0.24423752907728094}"
test_007933,kv2/kinect2data/003623_2014-05-23_22-00-36_094959634447_rgbf000100-resize,scene:kv2/kinect2data/003623_2014-05-23_22-00-36_094959634447_rgbf000100-resize,kv2,office,test,existence,positive,0,Is there a cup in this room?,,yes,yes_no,yes|no,SUNRGBD/kv2/kinect2data/003623_2014-05-23_22-00-36_094959634447_rgbf000100-resize/image/0000100.jpg,SUNRGBD/kv2/kinect2data/003623_2014-05-23_22-00-36_094959634447_rgbf000100-resize/depth_bfx/0000100.png,rule,"{""concept"": ""cup"", ""object_index"": 11, ""area_frac"": 0.005049108296717498}"
test_003261,kv2/kinect2data/001064_2014-06-08_21-58-08_260595134347_rgbf000097-resize,scene:kv2/kinect2data/001064_2014-06-08_21-58-08_260595134347_rgbf000097-resize,kv2,office,test,existence,positive,4,Is a door present in this scene?,,yes,yes_no,yes|no,SUNRGBD/kv2/kinect2data/001064_2014-06-08_21-58-08_260595134347_rgbf000097-resize/image/0000097.jpg,SUNRGBD/kv2/kinect2data/001064_2014-06-08_21-58-08_260595134347_rgbf000097-resize/depth_bfx/0000097.png,rule,"{""concept"": ""door"", ""object_index"": 19, ""area_frac"": 0.05400361850607392}"
test_013806,kv2/kinect2data/001723_2014-06-26_19-28-39_260595134347_rgbf000075-resize,scene:kv2/kinect2data/001723_2014-06-26_19-28-39_260595134347_rgbf000075-resize,kv2,furniture_store,test,existence,negative,1,Do you see a blanket here?,,no,yes_no,yes|no,SUNRGBD/kv2/kinect2data/001723_2014-06-26_19-28-39_260595134347_rgbf000075-resize/image/0000075.jpg,SUNRGBD/kv2/kinect2data/001723_2014-06-26_19-28-39_260595134347_rgbf000075-resize/depth_bfx/0000075.png,rule,"{""concept"": ""blanket"", ""reason"": ""category_or_scene_type_plausible""}"
test_007640,kv2/kinect2data/000825_2014-06-04_19-27-38_260595134347_rgbf000060-resize,scene:kv2/kinect2data/000825_2014-06-04_19-27-38_260595134347_rgbf000060-resize,kv2,living_room,test,existence,negative,2,Does this room contain a bed frame?,,no,yes_no,yes|no,SUNRGBD/kv2/kinect2data/000825_2014-06-04_19-27-38_260595134347_rgbf000060-resize/image/0000060.jpg,SUNRGBD/kv2/kinect2data/000825_2014-06-04_19-27-38_260595134347_rgbf000060-resize/depth_bfx/0000060.png,rule,"{""concept"": ""bedframe"", ""reason"": ""category_or_scene_type_plausible""}"
test_013195,kv2/kinect2data/003467_2014-05-21_13-21-05_094959634447_rgbf000100-resize,scene:kv2/kinect2data/003467_2014-05-21_13-21-05_094959634447_rgbf000100-resize,kv2,classroom,test,existence,negative,5,Is there any door visible in the image?,,no,yes_no,yes|no,SUNRGBD/kv2/kinect2data/003467_2014-05-21_13-21-05_094959634447_rgbf000100-resize/image/0000100.jpg,SUNRGBD/kv2/kinect2data/003467_2014-05-21_13-21-05_094959634447_rgbf000100-resize/depth_bfx/0000100.png,rule,"{""concept"": ""door"", ""reason"": ""category_or_scene_type_plausible""}"
test_001834,kv2/kinect2data/002906_2014-06-03_18-05-12_094959634447_rgbf000150-resize,scene:kv2/kinect2data/002906_2014-06-03_18-05-12_094959634447_rgbf000150-resize,kv2,library,test,existence,negative,2,Does this room contain a drawer?,,no,yes_no,yes|no,SUNRGBD/kv2/kinect2data/002906_2014-06-03_18-05-12_094959634447_rgbf000150-resize/image/0000150.jpg,SUNRGBD/kv2/kinect2data/002906_2014-06-03_18-05-12_094959634447_rgbf000150-resize/depth_bfx/0000150.png,rule,"{""concept"": ""drawer"", ""reason"": ""category_or_scene_type_plausible""}"
test_007870,kv2/kinect2data/000638_2014-06-08_16-47-49_260595134347_rgbf000101-resize,scene:kv2/kinect2data/000638_2014-06-08_16-47-49_260595134347_rgbf000101-resize,kv2,corridor,test,existence,positive,2,Does this room contain a chair?,,yes,yes_no,yes|no,SUNRGBD/kv2/kinect2data/000638_2014-06-08_16-47-49_260595134347_rgbf000101-resize/image/0000101.jpg,SUNRGBD/kv2/kinect2data/000638_2014-06-08_16-47-49_260595134347_rgbf000101-resize/depth_bfx/0000101.png,rule,"{""concept"": ""chair"", ""object_index"": 1, ""area_frac"": 0.10863401395709486}"
test_002824,kv2/kinect2data/000827_2014-06-04_19-29-38_260595134347_rgbf000055-resize,scene:kv2/kinect2data/000827_2014-06-04_19-29-38_260595134347_rgbf000055-resize,kv2,living_room,test,existence,positive,2,Does this room contain a lamp?,,yes,yes_no,yes|no,SUNRGBD/kv2/kinect2data/000827_2014-06-04_19-29-38_260595134347_rgbf000055-resize/image/0000055.jpg,SUNRGBD/kv2/kinect2data/000827_2014-06-04_19-29-38_260595134347_rgbf000055-resize/depth_bfx/0000055.png,rule,"{""concept"": ""lamp"", ""object_index"": 4, ""area_frac"": 0.06233393641767899}"
test_009982,kv2/kinect2data/000652_2014-06-08_17-08-57_260595134347_rgbf000125-resize,scene:kv2/kinect2data/000652_2014-06-08_17-08-57_260595134347_rgbf000125-resize,kv2,corridor,test,existence,negative,1,Do you see a outlet here?,,no,yes_no,yes|no,SUNRGBD/kv2/kinect2data/000652_2014-06-08_17-08-57_260595134347_rgbf000125-resize/image/0000125.jpg,SUNRGBD/kv2/kinect2data/000652_2014-06-08_17-08-57_260595134347_rgbf000125-resize/depth_bfx/0000125.png,rule,"{""concept"": ""outlet"", ""reason"": ""category_or_scene_type_plausible""}"
test_004098,kv2/kinect2data/000128_2014-04-11_17-03-40_094959634447_rgbf000180-resize,scene:kv2/kinect2data/000128_2014-04-11_17-03-40_094959634447_rgbf000180-resize,kv2,office,test,existence,positive,1,Do you see a table here?,,yes,yes_no,yes|no,SUNRGBD/kv2/kinect2data/000128_2014-04-11_17-03-40_094959634447_rgbf000180-resize/image/0000180.jpg,SUNRGBD/kv2/kinect2data/000128_2014-04-11_17-03-40_094959634447_rgbf000180-resize/depth_bfx/0000180.png,rule,"{""concept"": ""table"", ""object_index"": 12, ""area_frac"": 0.030966658051176016}"
test_006410,kv2/kinect2data/003677_2014-05-24_21-17-32_094959634447_rgbf000101-resize,scene:kv2/kinect2data/003677_2014-05-24_21-17-32_094959634447_rgbf000101-resize,kv2,bedroom,test,existence,negative,0,Is there a paper towel in this room?,,no,yes_no,yes|no,SUNRGBD/kv2/kinect2data/003677_2014-05-24_21-17-32_094959634447_rgbf000101-resize/image/0000101.jpg,SUNRGBD/kv2/kinect2data/003677_2014-05-24_21-17-32_094959634447_rgbf000101-resize/depth_bfx/0000101.png,rule,"{""concept"": ""papertowel"", ""reason"": ""category_or_scene_type_plausible""}"
test_004092,kv2/kinect2data/000438_2014-06-09_22-26-12_260595134347_rgbf000149-resize,scene:kv2/kinect2data/000438_2014-06-09_22-26-12_260595134347_rgbf000149-resize,kv2,home_office,test,existence,negative,2,Does this room contain a cupboard?,,no,yes_no,yes|no,SUNRGBD/kv2/kinect2data/000438_2014-06-09_22-26-12_260595134347_rgbf000149-resize/image/0000149.jpg,SUNRGBD/kv2/kinect2data/000438_2014-06-09_22-26-12_260595134347_rgbf000149-resize/depth_bfx/0000149.png,rule,"{""concept"": ""cupboard"", ""reason"": ""category_or_scene_type_plausible""}"
test_012495,kv2/kinect2data/003672_2014-05-24_21-15-12_094959634447_rgbf000101-resize,scene:kv2/kinect2data/003672_2014-05-24_21-15-12_094959634447_rgbf000101-resize,kv2,bedroom,test,existence,negative,4,Is a phone present in this scene?,,no,yes_no,yes|no,SUNRGBD/kv2/kinect2data/003672_2014-05-24_21-15-12_094959634447_rgbf000101-resize/image/0000101.jpg,SUNRGBD/kv2/kinect2data/003672_2014-05-24_21-15-12_094959634447_rgbf000101-resize/depth_bfx/0000101.png,rule,"{""concept"": ""phone"", ""reason"": ""category_or_scene_type_plausible""}"
test_000149,kv2/kinect2data/000457_2014-06-08_16-52-43_260595134347_rgbf000199-resize,scene:kv2/kinect2data/000457_2014-06-08_16-52-43_260595134347_rgbf000199-resize,kv2,discussion_area,test,existence,negative,2,Does this room contain a shower curtain?,,no,yes_no,yes|no,SUNRGBD/kv2/kinect2data/000457_2014-06-08_16-52-43_260595134347_rgbf000199-resize/image/0000199.jpg,SUNRGBD/kv2/kinect2data/000457_2014-06-08_16-52-43_260595134347_rgbf000199-resize/depth_bfx/0000199.png,rule,"{""concept"": ""showercurtain"", ""reason"": ""category_or_scene_type_plausible""}"
test_012569,kv2/kinect2data/000650_2014-06-08_17-07-44_260595134347_rgbf000148-resize,scene:kv2/kinect2data/000650_2014-06-08_17-07-44_260595134347_rgbf000148-resize,kv2,rest_space,test,existence,negative,3,Can you spot a outlet in the picture?,,no,yes_no,yes|no,SUNRGBD/kv2/kinect2data/000650_2014-06-08_17-07-44_260595134347_rgbf000148-resize/image/0000148.jpg,SUNRGBD/kv2/kinect2data/000650_2014-06-08_17-07-44_260595134347_rgbf000148-resize/depth_bfx/0000148.png,rule,"{""concept"": ""outlet"", ""reason"": ""category_or_scene_type_plausible""}"
test_013625,kv2/kinect2data/003454_2014-05-21_12-51-18_094959634447_rgbf000100-resize,scene:kv2/kinect2data/003454_2014-05-21_12-51-18_094959634447_rgbf000100-resize,kv2,classroom,test,existence,positive,3,Can you spot a chair in the picture?,,yes,yes_no,yes|no,SUNRGBD/kv2/kinect2data/003454_2014-05-21_12-51-18_094959634447_rgbf000100-resize/image/0000100.jpg,SUNRGBD/kv2/kinect2data/003454_2014-05-21_12-51-18_094959634447_rgbf000100-resize/depth_bfx/0000100.png,rule,"{""concept"": ""chair"", ""object_index"": 8, ""area_frac"": 0.018206254846213493}"
test_011160,kv2/align_kv2/2014-12-18_13-56-51_260595134347,scene:kv2/align_kv2/2014-12-18_13-56-51_260595134347,kv2,dining_area,test,existence,negative,2,Does this room contain a desk?,,no,yes_no,yes|no,SUNRGBD/kv2/align_kv2/2014-12-18_13-56-51_260595134347/image/0000161.jpg,SUNRGBD/kv2/align_kv2/2014-12-18_13-56-51_260595134347/depth_bfx/0000161.png,rule,"{""concept"": ""desk"", ""reason"": ""category_or_scene_type_plausible""}"
test_013025,kv2/kinect2data/000744_2014-06-08_18-50-10_260595134347_rgbf000105-resize,scene:kv2/kinect2data/000744_2014-06-08_18-50-10_260595134347_rgbf000105-resize,kv2,printer_room,test,existence,positive,0,Is there a table in this room?,,yes,yes_no,yes|no,SUNRGBD/kv2/kinect2data/000744_2014-06-08_18-50-10_260595134347_rgbf000105-resize/image/0000105.jpg,SUNRGBD/kv2/kinect2data/000744_2014-06-08_18-50-10_260595134347_rgbf000105-resize/depth_bfx/0000105.png,rule,"{""concept"": ""table"", ""object_index"": 6, ""area_frac"": 0.15549108296717498}"
test_007826,kv2/kinect2data/002781_2014-06-22_19-25-44_094959634447_rgbf000084-resize,scene:kv2/kinect2data/002781_2014-06-22_19-25-44_094959634447_rgbf000084-resize,kv2,bathroom,test,existence,negative,1,Do you see a bathtub here?,,no,yes_no,yes|no,SUNRGBD/kv2/kinect2data/002781_2014-06-22_19-25-44_094959634447_rgbf000084-resize/image/0000084.jpg,SUNRGBD/kv2/kinect2data/002781_2014-06-22_19-25-44_094959634447_rgbf000084-resize/depth_bfx/0000084.png,rule,"{""concept"": ""bathtub"", ""reason"": ""category_or_scene_type_plausible""}"
test_000519,kv2/kinect2data/003331_2014-05-15_19-05-32_094959634447_rgbf000101-resize,scene:kv2/kinect2data/003331_2014-05-15_19-05-32_094959634447_rgbf000101-resize,kv2,study_space,test,existence,positive,1,Do you see a table here?,,yes,yes_no,yes|no,SUNRGBD/kv2/kinect2data/003331_2014-05-15_19-05-32_094959634447_rgbf000101-resize/image/0000101.jpg,SUNRGBD/kv2/kinect2data/003331_2014-05-15_19-05-32_094959634447_rgbf000101-resize/depth_bfx/0000101.png,rule,"{""concept"": ""table"", ""object_index"": 1, ""area_frac"": 0.10303437580770225}"
test_007840,kv2/kinect2data/001879_2014-06-22_13-49-56_260595134347_rgbf000029-resize,scene:kv2/kinect2data/001879_2014-06-22_13-49-56_260595134347_rgbf000029-resize,kv2,furniture_store,test,existence,positive,5,Is there any cabinet visible in the image?,,yes,yes_no,yes|no,SUNRGBD/kv2/kinect2data/001879_2014-06-22_13-49-56_260595134347_rgbf000029-resize/image/0000029.jpg,SUNRGBD/kv2/kinect2data/001879_2014-06-22_13-49-56_260595134347_rgbf000029-resize/depth_bfx/0000029.png,rule,"{""concept"": ""cabinet"", ""object_index"": 12, ""area_frac"": 0.05663737399844921}"
test_000305,kv2/kinect2data/003178_2014-05-12_21-53-27_094959634447_rgbf000101-resize,scene:kv2/kinect2data/003178_2014-05-12_21-53-27_094959634447_rgbf000101-resize,kv2,classroom,test,existence,negative,1,Do you see a thermostat here?,,no,yes_no,yes|no,SUNRGBD/kv2/kinect2data/003178_2014-05-12_21-53-27_094959634447_rgbf000101-resize/image/0000101.jpg,SUNRGBD/kv2/kinect2data/003178_2014-05-12_21-53-27_094959634447_rgbf000101-resize/depth_bfx/0000101.png,rule,"{""concept"": ""thermostat"", ""reason"": ""category_or_scene_type_plausible""}"
test_006820,kv2/kinect2data/000416_2014-06-04_19-53-49_260595134347_rgbf000045-resize,scene:kv2/kinect2data/000416_2014-06-04_19-53-49_260595134347_rgbf000045-resize,kv2,bathroom,test,existence,positive,1,Do you see a toilet here?,,yes,yes_no,yes|no,SUNRGBD/kv2/kinect2data/000416_2014-06-04_19-53-49_260595134347_rgbf000045-resize/image/0000045.jpg,SUNRGBD/kv2/kinect2data/000416_2014-06-04_19-53-49_260595134347_rgbf000045-resize/depth_bfx/0000045.png,rule,"{""concept"": ""toilet"", ""object_index"": 0, ""area_frac"": 0.163353579736366}"
test_001416,kv2/kinect2data/003441_2014-05-21_11-00-57_094959634447_rgbf000100-resize,scene:kv2/kinect2data/003441_2014-05-21_11-00-57_094959634447_rgbf000100-resize,kv2,classroom,test,existence,positive,3,Can you spot a desk in the picture?,,yes,yes_no,yes|no,SUNRGBD/kv2/kinect2data/003441_2014-05-21_11-00-57_094959634447_rgbf000100-resize/image/0000100.jpg,SUNRGBD/kv2/kinect2data/003441_2014-05-21_11-00-57_094959634447_rgbf000100-resize/depth_bfx/0000100.png,rule,"{""concept"": ""desk"", ""object_index"": 7, ""area_frac"": 0.22971568880847765}"
test_009071,kv2/kinect2data/003148_2014-05-12_11-17-18_094959634447_rgbf000100-resize,scene:kv2/kinect2data/003148_2014-05-12_11-17-18_094959634447_rgbf000100-resize,kv2,classroom,test,existence,positive,0,Is there a chair in this room?,,yes,yes_no,yes|no,SUNRGBD/kv2/kinect2data/003148_2014-05-12_11-17-18_094959634447_rgbf000100-resize/image/0000100.jpg,SUNRGBD/kv2/kinect2data/003148_2014-05-12_11-17-18_094959634447_rgbf000100-resize/depth_bfx/0000100.png,rule,"{""concept"": ""chair"", ""object_index"": 1, ""area_frac"": 0.1559409305463298}"
test_004657,kv2/kinect2data/003601_2014-05-23_17-26-26_094959634447_rgbf000101-resize,scene:kv2/kinect2data/003601_2014-05-23_17-26-26_094959634447_rgbf000101-resize,kv2,classroom,test,existence,positive,2,Does this room contain a chair?,,yes,yes_no,yes|no,SUNRGBD/kv2/kinect2data/003601_2014-05-23_17-26-26_094959634447_rgbf000101-resize/image/0000101.jpg,SUNRGBD/kv2/kinect2data/003601_2014-05-23_17-26-26_094959634447_rgbf000101-resize/depth_bfx/0000101.png,rule,"{""concept"": ""chair"", ""object_index"": 5, ""area_frac"": 0.00591367278366503}"
test_008961,kv2/kinect2data/001740_2014-06-26_19-47-38_260595134347_rgbf000040-resize,scene:kv2/kinect2data/001740_2014-06-26_19-47-38_260595134347_rgbf000040-resize,kv2,furniture_store,test,existence,positive,4,Is a lamp present in this scene?,,yes,yes_no,yes|no,SUNRGBD/kv2/kinect2data/001740_2014-06-26_19-47-38_260595134347_rgbf000040-resize/image/0000040.jpg,SUNRGBD/kv2/kinect2data/001740_2014-06-26_19-47-38_260595134347_rgbf000040-resize/depth_bfx/0000040.png,rule,"{""concept"": ""lamp"", ""object_index"": 3, ""area_frac"": 0.041443525458774874}"
test_003354,kv2/kinect2data/001698_2014-06-26_19-20-56_260595134347_rgbf000087-resize,scene:kv2/kinect2data/001698_2014-06-26_19-20-56_260595134347_rgbf000087-resize,kv2,furniture_store,test,existence,negative,1,Do you see a window here?,,no,yes_no,yes|no,SUNRGBD/kv2/kinect2data/001698_2014-06-26_19-20-56_260595134347_rgbf000087-resize/image/0000087.jpg,SUNRGBD/kv2/kinect2data/001698_2014-06-26_19-20-56_260595134347_rgbf000087-resize/depth_bfx/0000087.png,rule,"{""concept"": ""window"", ""reason"": ""category_or_scene_type_plausible""}"
test_011271,kv2/kinect2data/003414_2014-05-21_09-14-44_094959634447_rgbf000101-resize,scene:kv2/kinect2data/003414_2014-05-21_09-14-44_094959634447_rgbf000101-resize,kv2,classroom,test,existence,negative,0,Is there a toy in this room?,,no,yes_no,yes|no,SUNRGBD/kv2/kinect2data/003414_2014-05-21_09-14-44_094959634447_rgbf000101-resize/image/0000101.jpg,SUNRGBD/kv2/kinect2data/003414_2014-05-21_09-14-44_094959634447_rgbf000101-resize/depth_bfx/0000101.png,rule,"{""concept"": ""toy"", ""reason"": ""category_or_scene_type_plausible""}"
test_004541,kv2/kinect2data/001825_2014-06-26_20-56-47_260595134347_rgbf000102-resize,scene:kv2/kinect2data/001825_2014-06-26_20-56-47_260595134347_rgbf000102-resize,kv2,furniture_store,test,existence,negative,1,Do you see a bookshelf here?,,no,yes_no,yes|no,SUNRGBD/kv2/kinect2data/001825_2014-06-26_20-56-47_260595134347_rgbf000102-resize/image/0000102.jpg,SUNRGBD/kv2/kinect2data/001825_2014-06-26_20-56-47_260595134347_rgbf000102-resize/depth_bfx/0000102.png,rule,"{""concept"": ""bookshelf"", ""reason"": ""category_or_scene_type_plausible""}"
test_009023,kv2/kinect2data/000486_2014-06-09_20-47-20_260595134347_rgbf000143-resize,scene:kv2/kinect2data/000486_2014-06-09_20-47-20_260595134347_rgbf000143-resize,kv2,dining_area,test,existence,positive,5,Is there any trash can visible in the image?,,yes,yes_no,yes|no,SUNRGBD/kv2/kinect2data/000486_2014-06-09_20-47-20_260595134347_rgbf000143-resize/image/0000143.jpg,SUNRGBD/kv2/kinect2data/000486_2014-06-09_20-47-20_260595134347_rgbf000143-resize/depth_bfx/0000143.png,rule,"{""concept"": ""trashcan"", ""object_index"": 2, ""area_frac"": 0.013960971827345568}"
test_012686,kv2/kinect2data/001794_2014-06-26_20-46-26_260595134347_rgbf000065-resize,scene:kv2/kinect2data/001794_2014-06-26_20-46-26_260595134347_rgbf000065-resize,kv2,furniture_store,test,existence,positive,5,Is there any lamp visible in the image?,,yes,yes_no,yes|no,SUNRGBD/kv2/kinect2data/001794_2014-06-26_20-46-26_260595134347_rgbf000065-resize/image/0000065.jpg,SUNRGBD/kv2/kinect2data/001794_2014-06-26_20-46-26_260595134347_rgbf000065-resize/depth_bfx/0000065.png,rule,"{""concept"": ""lamp"", ""object_index"": 31, ""area_frac"": 0.008844662703540966}"
test_011022,kv2/kinect2data/003416_2014-05-21_09-52-18_094959634447_rgbf000100-resize,scene:kv2/kinect2data/003416_2014-05-21_09-52-18_094959634447_rgbf000100-resize,kv2,classroom,test,existence,positive,2,Does this room contain a chair?,,yes,yes_no,yes|no,SUNRGBD/kv2/kinect2data/003416_2014-05-21_09-52-18_094959634447_rgbf000100-resize/image/0000100.jpg,SUNRGBD/kv2/kinect2data/003416_2014-05-21_09-52-18_094959634447_rgbf000100-resize/depth_bfx/0000100.png,rule,"{""concept"": ""chair"", ""object_index"": 6, ""area_frac"": 0.01990695270095632}"
test_007570,kv2/kinect2data/003301_2014-05-14_22-28-06_094959634447_rgbf000159-resize,scene:kv2/kinect2data/003301_2014-05-14_22-28-06_094959634447_rgbf000159-resize,kv2,study_space,test,existence,positive,2,Does this room contain a table?,,yes,yes_no,yes|no,SUNRGBD/kv2/kinect2data/003301_2014-05-14_22-28-06_094959634447_rgbf000159-resize/image/0000159.jpg,SUNRGBD/kv2/kinect2data/003301_2014-05-14_22-28-06_094959634447_rgbf000159-resize/depth_bfx/0000159.png,rule,"{""concept"": ""table"", ""object_index"": 3, ""area_frac"": 0.0661049366761437}"
test_004311,kv2/kinect2data/001802_2014-06-26_20-48-38_260595134347_rgbf000053-resize,scene:kv2/kinect2data/001802_2014-06-26_20-48-38_260595134347_rgbf000053-resize,kv2,furniture_store,test,existence,negative,1,Do you see a file here?,,no,yes_no,yes|no,SUNRGBD/kv2/kinect2data/001802_2014-06-26_20-48-38_260595134347_rgbf000053-resize/image/0000053.jpg,SUNRGBD/kv2/kinect2data/001802_2014-06-26_20-48-38_260595134347_rgbf000053-resize/depth_bfx/0000053.png,rule,"{""concept"": ""file"", ""reason"": ""category_or_scene_type_plausible""}"
test_004676,kv2/kinect2data/003177_2014-05-12_21-53-03_094959634447_rgbf000056-resize,scene:kv2/kinect2data/003177_2014-05-12_21-53-03_094959634447_rgbf000056-resize,kv2,classroom,test,existence,negative,4,Is a shelf present in this scene?,,no,yes_no,yes|no,SUNRGBD/kv2/kinect2data/003177_2014-05-12_21-53-03_094959634447_rgbf000056-resize/image/0000056.jpg,SUNRGBD/kv2/kinect2data/003177_2014-05-12_21-53-03_094959634447_rgbf000056-resize/depth_bfx/0000056.png,rule,"{""concept"": ""shelf"", ""reason"": ""category_or_scene_type_plausible""}"
test_013336,kv2/align_kv2/2014-12-18_13-57-31_260595134347,scene:kv2/align_kv2/2014-12-18_13-57-31_260595134347,kv2,reception_room,test,existence,positive,1,Do you see a door here?,,yes,yes_no,yes|no,SUNRGBD/kv2/align_kv2/2014-12-18_13-57-31_260595134347/image/0000055.jpg,SUNRGBD/kv2/align_kv2/2014-12-18_13-57-31_260595134347/depth_bfx/0000055.png,rule,"{""concept"": ""door"", ""object_index"": 9, ""area_frac"": 0.03571207030240372}"
test_004577,kv2/align_kv2/2014-12-18_12-18-55_260595134347,scene:kv2/align_kv2/2014-12-18_12-18-55_260595134347,kv2,classroom,test,existence,positive,0,Is there a table in this room?,,yes,yes_no,yes|no,SUNRGBD/kv2/align_kv2/2014-12-18_12-18-55_260595134347/image/0000053.jpg,SUNRGBD/kv2/align_kv2/2014-12-18_12-18-55_260595134347/depth_bfx/0000053.png,rule,"{""concept"": ""table"", ""object_index"": 2, ""area_frac"": 0.03829284052726803}"
test_005270,kv2/kinect2data/000866_2014-06-09_20-45-42_260595134347_rgbf000139-resize,scene:kv2/kinect2data/000866_2014-06-09_20-45-42_260595134347_rgbf000139-resize,kv2,dining_area,test,existence,negative,5,Is there any file cabinet visible in the image?,,no,yes_no,yes|no,SUNRGBD/kv2/kinect2data/000866_2014-06-09_20-45-42_260595134347_rgbf000139-resize/image/0000139.jpg,SUNRGBD/kv2/kinect2data/000866_2014-06-09_20-45-42_260595134347_rgbf000139-resize/depth_bfx/0000139.png,rule,"{""concept"": ""filecabinet"", ""reason"": ""category_or_scene_type_plausible""}"
test_004297,kv2/kinect2data/003457_2014-05-21_12-52-39_094959634447_rgbf000101-resize,scene:kv2/kinect2data/003457_2014-05-21_12-52-39_094959634447_rgbf000101-resize,kv2,classroom,test,existence,positive,5,Is there any chair visible in the image?,,yes,yes_no,yes|no,SUNRGBD/kv2/kinect2data/003457_2014-05-21_12-52-39_094959634447_rgbf000101-resize/image/0000101.jpg,SUNRGBD/kv2/kinect2data/003457_2014-05-21_12-52-39_094959634447_rgbf000101-resize/depth_bfx/0000101.png,rule,"{""concept"": ""chair"", ""object_index"": 1, ""area_frac"": 0.059300852933574566}"
test_011979,kv2/kinect2data/001165_2014-06-17_15-36-50_260595134347_rgbf000127-resize,scene:kv2/kinect2data/001165_2014-06-17_15-36-50_260595134347_rgbf000127-resize,kv2,study_space,test,existence,positive,2,Does this room contain a table?,,yes,yes_no,yes|no,SUNRGBD/kv2/kinect2data/001165_2014-06-17_15-36-50_260595134347_rgbf000127-resize/image/0000127.jpg,SUNRGBD/kv2/kinect2data/001165_2014-06-17_15-36-50_260595134347_rgbf000127-resize/depth_bfx/0000127.png,rule,"{""concept"": ""table"", ""object_index"": 10, ""area_frac"": 0.13077293995444558}"
test_002306,kv2/kinect2data/001736_2014-06-26_19-46-21_260595134347_rgbf000066-resize,scene:kv2/kinect2data/001736_2014-06-26_19-46-21_260595134347_rgbf000066-resize,kv2,furniture_store,test,existence,positive,5,Is there any lamp visible in the image?,,yes,yes_no,yes|no,SUNRGBD/kv2/kinect2data/001736_2014-06-26_19-46-21_260595134347_rgbf000066-resize/image/0000066.jpg,SUNRGBD/kv2/kinect2data/001736_2014-06-26_19-46-21_260595134347_rgbf000066-resize/depth_bfx/0000066.png,rule,"{""concept"": ""lamp"", ""object_index"": 6, ""area_frac"": 0.008003360041354355}"
test_002541,kv2/kinect2data/000709_2014-06-08_13-51-55_260595134347_rgbf000068-resize,scene:kv2/kinect2data/000709_2014-06-08_13-51-55_260595134347_rgbf000068-resize,kv2,office,test,existence,negative,0,Is there a stool in this room?,,no,yes_no,yes|no,SUNRGBD/kv2/kinect2data/000709_2014-06-08_13-51-55_260595134347_rgbf000068-resize/image/0000068.jpg,SUNRGBD/kv2/kinect2data/000709_2014-06-08_13-51-55_260595134347_rgbf000068-resize/depth_bfx/0000068.png,rule,"{""concept"": ""stool"", ""reason"": ""category_or_scene_type_plausible""}"
test_010542,kv2/kinect2data/000400_2014-06-08_18-51-40_260595134347_rgbf000123-resize,scene:kv2/kinect2data/000400_2014-06-08_18-51-40_260595134347_rgbf000123-resize,kv2,conference_room,test,existence,negative,3,Can you spot a window in the picture?,,no,yes_no,yes|no,SUNRGBD/kv2/kinect2data/000400_2014-06-08_18-51-40_260595134347_rgbf000123-resize/image/0000123.jpg,SUNRGBD/kv2/kinect2data/000400_2014-06-08_18-51-40_260595134347_rgbf000123-resize/depth_bfx/0000123.png,rule,"{""concept"": ""window"", ""reason"": ""category_or_scene_type_plausible""}"
test_001563,kv2/kinect2data/000910_2014-06-08_18-38-54_260595134347_rgbf000138-resize,scene:kv2/kinect2data/000910_2014-06-08_18-38-54_260595134347_rgbf000138-resize,kv2,rest_space,test,existence,negative,4,Is a keyboard present in this scene?,,no,yes_no,yes|no,SUNRGBD/kv2/kinect2data/000910_2014-06-08_18-38-54_260595134347_rgbf000138-resize/image/0000138.jpg,SUNRGBD/kv2/kinect2data/000910_2014-06-08_18-38-54_260595134347_rgbf000138-resize/depth_bfx/0000138.png,rule,"{""concept"": ""keyboard"", ""reason"": ""category_or_scene_type_plausible""}"
test_001125,xtion/sun3ddata/mit_76_4kitchen/76-4kitchen1/0001309-000044009556,sun3d:mit_76_4kitchen/76-4kitchen1,xtion,rest_space,test,existence,positive,0,Is there a table in this room?,,yes,yes_no,yes|no,SUNRGBD/xtion/sun3ddata/mit_76_4kitchen/76-4kitchen1/0001309-000044009556/image/0001309-000044009556.jpg,SUNRGBD/xtion/sun3ddata/mit_76_4kitchen/76-4kitchen1/0001309-000044009556/depth_bfx/0001315-000044014041.png,rule,"{""concept"": ""table"", ""object_index"": 4, ""area_frac"": 0.016105144821606025}"
test_008960,xtion/sun3ddata/mit_32_g825/g825_1/0002093-000070115472,sun3d:mit_32_g825/g825_1,xtion,conference_room,test,existence,positive,5,Is there any door visible in the image?,,yes,yes_no,yes|no,SUNRGBD/xtion/sun3ddata/mit_32_g825/g825_1/0002093-000070115472/image/0002093-000070115472.jpg,SUNRGBD/xtion/sun3ddata/mit_32_g825/g825_1/0002093-000070115472/depth_bfx/0002101-000070104307.png,rule,"{""concept"": ""door"", ""object_index"": 2, ""area_frac"": 0.08370838465109676}"
test_001679,xtion/sun3ddata/mit_46_ted_lab1/ted_lab_1/0006397-000214514907,sun3d:mit_46_ted_lab1/ted_lab_1,xtion,office,test,existence,positive,5,Is there any door visible in the image?,,yes,yes_no,yes|no,SUNRGBD/xtion/sun3ddata/mit_46_ted_lab1/ted_lab_1/0006397-000214514907/image/0006397-000214514907.jpg,SUNRGBD/xtion/sun3ddata/mit_46_ted_lab1/ted_lab_1/0006397-000214514907/depth_bfx/0006428-000214530908.png,rule,"{""concept"": ""door"", ""object_index"": 3, ""area_frac"": 0.05826628451719097}"
test_007275,xtion/sun3ddata/mit_76_458/76-458a/0000012-000000493167,sun3d:mit_76_458/76-458a,xtion,conference_room,test,existence,negative,5,Is there any door visible in the image?,,no,yes_no,yes|no,SUNRGBD/xtion/sun3ddata/mit_76_458/76-458a/0000012-000000493167/image/0000012-000000493167.jpg,SUNRGBD/xtion/sun3ddata/mit_76_458/76-458a/0000012-000000493167/depth_bfx/0000012-000000500539.png,rule,"{""concept"": ""door"", ""reason"": ""category_or_scene_type_plausible""}"
test_001913,xtion/sun3ddata/mit_w85h/h4_1/0002122-000071104419,sun3d:mit_w85h/h4_1,xtion,bathroom,test,existence,positive,0,Is there a basket in this room?,,yes,yes_no,yes|no,SUNRGBD/xtion/sun3ddata/mit_w85h/h4_1/0002122-000071104419/image/0002122-000071104419.jpg,SUNRGBD/xtion/sun3ddata/mit_w85h/h4_1/0002122-000071104419/depth_bfx/0002132-000071109872.png,rule,"{""concept"": ""basket"", ""object_index"": 2, ""area_frac"": 0.04752312656591119}"
test_004179,xtion/sun3ddata/mit_32_g7_lounge/g7_lounge_1/0003720-000124646004,sun3d:mit_32_g7_lounge/g7_lounge_1,xtion,rest_space,test,existence,negative,2,Does this room contain a chalkboard?,,no,yes_no,yes|no,SUNRGBD/xtion/sun3ddata/mit_32_g7_lounge/g7_lounge_1/0003720-000124646004/image/0003720-000124646004.jpg,SUNRGBD/xtion/sun3ddata/mit_32_g7_lounge/g7_lounge_1/0003720-000124646004/depth_bfx/0003736-000124644694.png,rule,"{""concept"": ""chalkboard"", ""reason"": ""category_or_scene_type_plausible""}"
test_002884,xtion/sun3ddata/mit_dorm_mcc_flr1/dorm_mcc_flr1_oct_31_2012_scan1_erika/0000470-000020563450,sun3d:mit_dorm_mcc_flr1/dorm_mcc_flr1_oct_31_2012_scan1_erika,xtion,rest_space,test,existence,positive,3,Can you spot a chair in the picture?,,yes,yes_no,yes|no,SUNRGBD/xtion/sun3ddata/mit_dorm_mcc_flr1/dorm_mcc_flr1_oct_31_2012_scan1_erika/0000470-000020563450/image/0000470-000020563450.jpg,SUNRGBD/xtion/sun3ddata/mit_dorm_mcc_flr1/dorm_mcc_flr1_oct_31_2012_scan1_erika/0000470-000020563450/depth_bfx/0000469-000020555458.png,rule,"{""concept"": ""chair"", ""object_index"": 5, ""area_frac"": 0.02570300539843687}"
test_004368,xtion/sun3ddata/mit_dorm_next_552/dorm_next_552_oct_30_2012_scan1_erika/0000515-000023494716,sun3d:mit_dorm_next_552/dorm_next_552_oct_30_2012_scan1_erika,xtion,bedroom,test,existence,positive,0,Is there a backpack in this room?,,yes,yes_no,yes|no,SUNRGBD/xtion/sun3ddata/mit_dorm_next_552/dorm_next_552_oct_30_2012_scan1_erika/0000515-000023494716/image/0000515-000023494716.jpg,SUNRGBD/xtion/sun3ddata/mit_dorm_next_552/dorm_next_552_oct_30_2012_scan1_erika/0000515-000023494716/depth_bfx/0000513-000023497326.png,rule,"{""concept"": ""backpack"", ""object_index"": 3, ""area_frac"": 0.037198184406306234}"
test_012416,xtion/sun3ddata/mit_lab_16/lab_16_nov_2_2012_scan1_erika/0015589-000666733788,sun3d:mit_lab_16/lab_16_nov_2_2012_scan1_erika,xtion,lab,test,existence,negative,0,Is there a bench in this room?,,no,yes_no,yes|no,SUNRGBD/xtion/sun3ddata/mit_lab_16/lab_16_nov_2_2012_scan1_erika/0015589-000666733788/image/0015589-000666733788.jpg,SUNRGBD/xtion/sun3ddata/mit_lab_16/lab_16_nov_2_2012_scan1_erika/0015589-000666733788/depth_bfx/0015598-000666735414.png,rule,"{""concept"": ""bench"", ""reason"": ""category_or_scene_type_plausible""}"
test_007859,xtion/sun3ddata/mit_w85_16/16_1/0004308-000144353412,sun3d:mit_w85_16/16_1,xtion,kitchen,test,existence,negative,2,Does this room contain a machine?,,no,yes_no,yes|no,SUNRGBD/xtion/sun3ddata/mit_w85_16/16_1/0004308-000144353412/image/0004308-000144353412.jpg,SUNRGBD/xtion/sun3ddata/mit_w85_16/16_1/0004308-000144353412/depth_bfx/0004326-000144346942.png,rule,"{""concept"": ""machine"", ""reason"": ""category_or_scene_type_plausible""}"
test_002489,xtion/sun3ddata/mit_76_4kitchen/76-4kitchen1/0000008-000000405240,sun3d:mit_76_4kitchen/76-4kitchen1,xtion,office_kitchen,test,existence,negative,0,Is there a ottoman in this room?,,no,yes_no,yes|no,SUNRGBD/xtion/sun3ddata/mit_76_4kitchen/76-4kitchen1/0000008-000000405240/image/0000008-000000405240.jpg,SUNRGBD/xtion/sun3ddata/mit_76_4kitchen/76-4kitchen1/0000008-000000405240/depth_bfx/0000008-000000400431.png,rule,"{""concept"": ""ottoman"", ""reason"": ""category_or_scene_type_plausible""}"
test_001745,xtion/sun3ddata/mit_46_4conf_2/bcs_floor4_conf_a/0002459-000082741702,sun3d:mit_46_4conf_2/bcs_floor4_conf_a,xtion,conference_room,test,existence,negative,0,Is there a thermostat in this room?,,no,yes_no,yes|no,SUNRGBD/xtion/sun3ddata/mit_46_4conf_2/bcs_floor4_conf_a/0002459-000082741702/image/0002459-000082741702.jpg,SUNRGBD/xtion/sun3ddata/mit_46_4conf_2/bcs_floor4_conf_a/0002459-000082741702/depth_bfx/0002471-000082755740.png,rule,"{""concept"": ""thermostat"", ""reason"": ""category_or_scene_type_plausible""}"
test_010230,xtion/sun3ddata/mit_46_6lounge/bcs_floor6_long/0002268-000076269453,sun3d:mit_46_6lounge/bcs_floor6_long,xtion,rest_space,test,existence,negative,3,Can you spot a bench in the picture?,,no,yes_no,yes|no,SUNRGBD/xtion/sun3ddata/mit_46_6lounge/bcs_floor6_long/0002268-000076269453/image/0002268-000076269453.jpg,SUNRGBD/xtion/sun3ddata/mit_46_6lounge/bcs_floor6_long/0002268-000076269453/depth_bfx/0002278-000076282106.png,rule,"{""concept"": ""bench"", ""reason"": ""category_or_scene_type_plausible""}"
test_006922,xtion/sun3ddata/mit_w85_8/8_1/0005390-000180847890,sun3d:mit_w85_8/8_1,xtion,bedroom,test,existence,positive,4,Is a table present in this scene?,,yes,yes_no,yes|no,SUNRGBD/xtion/sun3ddata/mit_w85_8/8_1/0005390-000180847890/image/0005390-000180847890.jpg,SUNRGBD/xtion/sun3ddata/mit_w85_8/8_1/0005390-000180847890/depth_bfx/0005413-000180861335.png,rule,"{""concept"": ""table"", ""object_index"": 4, ""area_frac"": 0.06180577137792511}"
test_007907,xtion/sun3ddata/mit_46_6lounge/bcs_floor6_long/0009313-000312389673,sun3d:mit_46_6lounge/bcs_floor6_long,xtion,bathroom,test,existence,negative,4,Is a pipe present in this scene?,,no,yes_no,yes|no,SUNRGBD/xtion/sun3ddata/mit_46_6lounge/bcs_floor6_long/0009313-000312389673/image/0009313-000312389673.jpg,SUNRGBD/xtion/sun3ddata/mit_46_6lounge/bcs_floor6_long/0009313-000312389673/depth_bfx/0009354-000312402919.png,rule,"{""concept"": ""pipe"", ""reason"": ""category_or_scene_type_plausible""}"
test_000405,xtion/sun3ddata/mit_36_ti_office/tian_office_1/0000252-000008412516,sun3d:mit_36_ti_office/tian_office_1,xtion,lab,test,existence,positive,2,Does this room contain a chair?,,yes,yes_no,yes|no,SUNRGBD/xtion/sun3ddata/mit_36_ti_office/tian_office_1/0000252-000008412516/image/0000252-000008412516.jpg,SUNRGBD/xtion/sun3ddata/mit_36_ti_office/tian_office_1/0000252-000008412516/depth_bfx/0000252-000008404774.png,rule,"{""concept"": ""chair"", ""object_index"": 0, ""area_frac"": 0.13108954805836603}"
test_012497,xtion/sun3ddata/mit_ne47_2biolab/ne47_floor2/0003216-000107818520,sun3d:mit_ne47_2biolab/ne47_floor2,xtion,lab,test,existence,positive,0,Is there a box in this room?,,yes,yes_no,yes|no,SUNRGBD/xtion/sun3ddata/mit_ne47_2biolab/ne47_floor2/0003216-000107818520/image/0003216-000107818520.jpg,SUNRGBD/xtion/sun3ddata/mit_ne47_2biolab/ne47_floor2/0003216-000107818520/depth_bfx/0003232-000107816047.png,rule,"{""concept"": ""box"", ""object_index"": 7, ""area_frac"": 0.013843326388649086}"
test_010697,xtion/xtion_align_data/2014_12_18_11_56_53,scene:xtion/xtion_align_data/2014_12_18_11_56_53,xtion,rest_space,test,existence,positive,1,Do you see a window here?,,yes,yes_no,yes|no,SUNRGBD/xtion/xtion_align_data/2014_12_18_11_56_53/image/0000053.jpg,SUNRGBD/xtion/xtion_align_data/2014_12_18_11_56_53/depth_bfx/0000053.png,rule,"{""concept"": ""window"", ""object_index"": 6, ""area_frac"": 0.04363640549282319}"
test_006886,xtion/sun3ddata/mit_32_g5_lounge/g5_lounge_1/0006425-000215342426,sun3d:mit_32_g5_lounge/g5_lounge_1,xtion,discussion_area,test,existence,negative,1,Do you see a desk here?,,no,yes_no,yes|no,SUNRGBD/xtion/sun3ddata/mit_32_g5_lounge/g5_lounge_1/0006425-000215342426/image/0006425-000215342426.jpg,SUNRGBD/xtion/sun3ddata/mit_32_g5_lounge/g5_lounge_1/0006425-000215342426/depth_bfx/0006454-000215331770.png,rule,"{""concept"": ""desk"", ""reason"": ""category_or_scene_type_plausible""}"
test_007117,xtion/sun3ddata/mit_3_133/classroom_3133_nov_6_2012_scan1_erika/0001142-000050005872,sun3d:mit_3_133/classroom_3133_nov_6_2012_scan1_erika,xtion,lecture_theatre,test,existence,negative,5,Is there any mattress visible in the image?,,no,yes_no,yes|no,SUNRGBD/xtion/sun3ddata/mit_3_133/classroom_3133_nov_6_2012_scan1_erika/0001142-000050005872/image/0001142-000050005872.jpg,SUNRGBD/xtion/sun3ddata/mit_3_133/classroom_3133_nov_6_2012_scan1_erika/0001142-000050005872/depth_bfx/0001143-000050008294.png,rule,"{""concept"": ""mattress"", ""reason"": ""category_or_scene_type_plausible""}"
test_012938,xtion/sun3ddata/mit_lab_pdl/lab_pdl_nov_2_2012_scan1_erika/0000383-000016006401,sun3d:mit_lab_pdl/lab_pdl_nov_2_2012_scan1_erika,xtion,lab,test,existence,positive,4,Is a box present in this scene?,,yes,yes_no,yes|no,SUNRGBD/xtion/sun3ddata/mit_lab_pdl/lab_pdl_nov_2_2012_scan1_erika/0000383-000016006401/image/0000383-000016006401.jpg,SUNRGBD/xtion/sun3ddata/mit_lab_pdl/lab_pdl_nov_2_2012_scan1_erika/0000383-000016006401/depth_bfx/0000392-000016017240.png,rule,"{""concept"": ""box"", ""object_index"": 15, ""area_frac"": 0.01204960269499791}"
test_001829,xtion/sun3ddata/mit_32_g660/g660_1/0001219-000040890142,sun3d:mit_32_g660/g660_1,xtion,bathroom,test,existence,positive,2,Does this room contain a trash can?,,yes,yes_no,yes|no,SUNRGBD/xtion/sun3ddata/mit_32_g660/g660_1/0001219-000040890142/image/0001219-000040890142.jpg,SUNRGBD/xtion/sun3ddata/mit_32_g660/g660_1/0001219-000040890142/depth_bfx/0001224-000040877331.png,rule,"{""concept"": ""trashcan"", ""object_index"": 1, ""area_frac"": 0.1784764667288235}"
test_003967,xtion/sun3ddata/mit_46_5conf_1/bcs_floor5_conf_1/0002145-000072092916,sun3d:mit_46_5conf_1/bcs_floor5_conf_1,xtion,classroom,test,existence,negative,2,Does this room contain a box?,,no,yes_no,yes|no,SUNRGBD/xtion/sun3ddata/mit_46_5conf_1/bcs_floor5_conf_1/0002145-000072092916/image/0002145-000072092916.jpg,SUNRGBD/xtion/sun3ddata/mit_46_5conf_1/bcs_floor5_conf_1/0002145-000072092916/depth_bfx/0002155-000072103310.png,rule,"{""concept"": ""box"", ""reason"": ""category_or_scene_type_plausible""}"
test_008398,xtion/sun3ddata/mit_dorm_mcc_wph/dorm_mcc_wph_oct_31_2012_scan1_erika/0006111-000272054894,sun3d:mit_dorm_mcc_wph/dorm_mcc_wph_oct_31_2012_scan1_erika,xtion,rest_space,test,existence,positive,1,Do you see a cabinet here?,,yes,yes_no,yes|no,SUNRGBD/xtion/sun3ddata/mit_dorm_mcc_wph/dorm_mcc_wph_oct_31_2012_scan1_erika/0006111-000272054894/image/0006111-000272054894.jpg,SUNRGBD/xtion/sun3ddata/mit_dorm_mcc_wph/dorm_mcc_wph_oct_31_2012_scan1_erika/0006111-000272054894/depth_bfx/0006119-000272059495.png,rule,"{""concept"": ""cabinet"", ""object_index"": 1, ""area_frac"": 0.16245573243397754}"
test_013896,xtion/sun3ddata/brown_cs_1/brown_cs1/0003947-000132432002,sun3d:brown_cs_1/brown_cs1,xtion,classroom,test,existence,negative,0,Is there a blind in this room?,,no,yes_no,yes|no,SUNRGBD/xtion/sun3ddata/brown_cs_1/brown_cs1/0003947-000132432002/image/0003947-000132432002.jpg,SUNRGBD/xtion/sun3ddata/brown_cs_1/brown_cs1/0003947-000132432002/depth_bfx/0003965-000132442553.png,rule,"{""concept"": ""blind"", ""reason"": ""category_or_scene_type_plausible""}"
test_000251,xtion/xtion_align_data/2014_12_18_14_11_31,scene:xtion/xtion_align_data/2014_12_18_14_11_31,xtion,computer_room,test,existence,positive,1,Do you see a table here?,,yes,yes_no,yes|no,SUNRGBD/xtion/xtion_align_data/2014_12_18_14_11_31/image/0000045.jpg,SUNRGBD/xtion/xtion_align_data/2014_12_18_14_11_31/depth_bfx/0000045.png,rule,"{""concept"": ""table"", ""object_index"": 14, ""area_frac"": 0.03306974227931443}"
test_007385,xtion/sun3ddata/mit_w85_basement_bathroom/wg_bathroom_1/0000117-000003887856,sun3d:mit_w85_basement_bathroom/wg_bathroom_1,xtion,bathroom,test,existence,positive,0,Is there a sign in this room?,,yes,yes_no,yes|no,SUNRGBD/xtion/sun3ddata/mit_w85_basement_bathroom/wg_bathroom_1/0000117-000003887856/image/0000117-000003887856.jpg,SUNRGBD/xtion/sun3ddata/mit_w85_basement_bathroom/wg_bathroom_1/0000117-000003887856/depth_bfx/0000117-000003892161.png,rule,"{""concept"": ""sign"", ""object_index"": 0, ""area_frac"": 0.07710901619531062}"
test_013163,xtion/sun3ddata/mit_w85k1/scan_1/0010138-000339996659,sun3d:mit_w85k1/scan_1,xtion,kitchen,test,existence,negative,5,Is there any stool visible in the image?,,no,yes_no,yes|no,SUNRGBD/xtion/sun3ddata/mit_w85k1/scan_1/0010138-000339996659/image/0010138-000339996659.jpg,SUNRGBD/xtion/sun3ddata/mit_w85k1/scan_1/0010138-000339996659/depth_bfx/0010183-000339999288.png,rule,"{""concept"": ""stool"", ""reason"": ""category_or_scene_type_plausible""}"
test_009786,xtion/sun3ddata/mit_36_ti_lab/tian_lab_1/0002505-000083943840,sun3d:mit_36_ti_lab/tian_lab_1,xtion,lab,test,existence,positive,0,Is there a book in this room?,,yes,yes_no,yes|no,SUNRGBD/xtion/sun3ddata/mit_36_ti_lab/tian_lab_1/0002505-000083943840/image/0002505-000083943840.jpg,SUNRGBD/xtion/sun3ddata/mit_36_ti_lab/tian_lab_1/0002505-000083943840/depth_bfx/0002517-000083957033.png,rule,"{""concept"": ""book"", ""object_index"": 1, ""area_frac"": 0.016534871139657216}"
test_001144,xtion/sun3ddata/mit_w85a/a2/0004411-000147839076,sun3d:mit_w85a/a2,xtion,living_room,test,existence,negative,1,Do you see a sign here?,,no,yes_no,yes|no,SUNRGBD/xtion/sun3ddata/mit_w85a/a2/0004411-000147839076/image/0004411-000147839076.jpg,SUNRGBD/xtion/sun3ddata/mit_w85a/a2/0004411-000147839076/depth_bfx/0004431-000147853380.png,rule,"{""concept"": ""sign"", ""reason"": ""category_or_scene_type_plausible""}"
test_011780,xtion/sun3ddata/mit_76_417/76-417a/0005596-000187555536,sun3d:mit_76_417/76-417a,xtion,lab,test,existence,negative,0,Is there a bin in this room?,,no,yes_no,yes|no,SUNRGBD/xtion/sun3ddata/mit_76_417/76-417a/0005596-000187555536/image/0005596-000187555536.jpg,SUNRGBD/xtion/sun3ddata/mit_76_417/76-417a/0005596-000187555536/depth_bfx/0005621-000187545428.png,rule,"{""concept"": ""bin"", ""reason"": ""category_or_scene_type_plausible""}"
test_013758,xtion/sun3ddata/mit_46_ted_lab1/ted_lab_1/0008240-000276284895,sun3d:mit_46_ted_lab1/ted_lab_1,xtion,office,test,existence,positive,2,Does this room contain a book?,,yes,yes_no,yes|no,SUNRGBD/xtion/sun3ddata/mit_46_ted_lab1/ted_lab_1/0008240-000276284895/image/0008240-000276284895.jpg,SUNRGBD/xtion/sun3ddata/mit_46_ted_lab1/ted_lab_1/0008240-000276284895/depth_bfx/0008279-000276297390.png,rule,"{""concept"": ""book"", ""object_index"": 7, ""area_frac"": 0.025140908027057412}"
test_009182,xtion/sun3ddata/home_ph_cz/ph_cz_1/0012166-000407722140,sun3d:home_ph_cz/ph_cz_1,xtion,idk,test,existence,positive,1,Do you see a bowl here?,,yes,yes_no,yes|no,SUNRGBD/xtion/sun3ddata/home_ph_cz/ph_cz_1/0012166-000407722140/image/0012166-000407722140.jpg,SUNRGBD/xtion/sun3ddata/home_ph_cz/ph_cz_1/0012166-000407722140/depth_bfx/0012219-000407709906.png,rule,"{""concept"": ""bowl"", ""object_index"": 4, ""area_frac"": 0.018616357992717672}"
test_006138,xtion/sun3ddata/mit_32_d6_lounge/d6_lounge_1/0002358-000079030728,sun3d:mit_32_d6_lounge/d6_lounge_1,xtion,discussion_area,test,existence,negative,2,Does this room contain a mirror?,,no,yes_no,yes|no,SUNRGBD/xtion/sun3ddata/mit_32_d6_lounge/d6_lounge_1/0002358-000079030728/image/0002358-000079030728.jpg,SUNRGBD/xtion/sun3ddata/mit_32_d6_lounge/d6_lounge_1/0002358-000079030728/depth_bfx/0002368-000079027000.png,rule,"{""concept"": ""mirror"", ""reason"": ""category_or_scene_type_plausible""}"
test_011136,xtion/sun3ddata/mit_32_g725/g725_1/0002394-000080239903,sun3d:mit_32_g725/g725_1,xtion,conference_room,test,existence,positive,2,Does this room contain a chair?,,yes,yes_no,yes|no,SUNRGBD/xtion/sun3ddata/mit_32_g725/g725_1/0002394-000080239903/image/0002394-000080239903.jpg,SUNRGBD/xtion/sun3ddata/mit_32_g725/g725_1/0002394-000080239903/depth_bfx/0002406-000080253046.png,rule,"{""concept"": ""chair"", ""object_index"": 2, ""area_frac"": 0.09255614259240075}"
test_013334,xtion/xtion_align_data/2014_12_18_13_59_41,scene:xtion/xtion_align_data/2014_12_18_13_59_41,xtion,bathroom,test,existence,positive,1,Do you see a trash can here?,,yes,yes_no,yes|no,SUNRGBD/xtion/xtion_align_data/2014_12_18_13_59_41/image/0000133.jpg,SUNRGBD/xtion/xtion_align_data/2014_12_18_13_59_41/depth_bfx/0000133.png,rule,"{""concept"": ""trashcan"", ""object_index"": 16, ""area_frac"": 0.04855715551872187}"
test_013834,xtion/xtion_align_data/2014_12_18_12_10_49,scene:xtion/xtion_align_data/2014_12_18_12_10_49,xtion,idk,test,existence,negative,0,Is there a outlet in this room?,,no,yes_no,yes|no,SUNRGBD/xtion/xtion_align_data/2014_12_18_12_10_49/image/0000057.jpg,SUNRGBD/xtion/xtion_align_data/2014_12_18_12_10_49/depth_bfx/0000057.png,rule,"{""concept"": ""outlet"", ""reason"": ""category_or_scene_type_plausible""}"
test_009519,xtion/xtion_align_data/2014_12_18_11_41_0,scene:xtion/xtion_align_data/2014_12_18_11_41_0,xtion,rest_space,test,existence,negative,0,Is there a coffee table in this room?,,no,yes_no,yes|no,SUNRGBD/xtion/xtion_align_data/2014_12_18_11_41_0/image/0000121.jpg,SUNRGBD/xtion/xtion_align_data/2014_12_18_11_41_0/depth_bfx/0000121.png,rule,"{""concept"": ""coffeetable"", ""reason"": ""category_or_scene_type_plausible""}"
test_013293,xtion/sun3ddata/mit_ne47_2biolab/ne47_floor2/0022938-000769022168,sun3d:mit_ne47_2biolab/ne47_floor2,xtion,lab,test,existence,negative,1,Do you see a bookshelf here?,,no,yes_no,yes|no,SUNRGBD/xtion/sun3ddata/mit_ne47_2biolab/ne47_floor2/0022938-000769022168/image/0022938-000769022168.jpg,SUNRGBD/xtion/sun3ddata/mit_ne47_2biolab/ne47_floor2/0022938-000769022168/depth_bfx/0023043-000769027736.png,rule,"{""concept"": ""bookshelf"", ""reason"": ""category_or_scene_type_plausible""}"
test_009028,xtion/sun3ddata/mit_dorm_masseeh_xc/dorm_masseeh_xc_oct_29_2012_scan1_erika/0001531-000066998532,sun3d:mit_dorm_masseeh_xc/dorm_masseeh_xc_oct_29_2012_scan1_erika,xtion,bedroom,test,existence,positive,4,Is a cupboard present in this scene?,,yes,yes_no,yes|no,SUNRGBD/xtion/sun3ddata/mit_dorm_masseeh_xc/dorm_masseeh_xc_oct_29_2012_scan1_erika/0001531-000066998532/image/0001531-000066998532.jpg,SUNRGBD/xtion/sun3ddata/mit_dorm_masseeh_xc/dorm_masseeh_xc_oct_29_2012_scan1_erika/0001531-000066998532/depth_bfx/0001528-000067005454.png,rule,"{""concept"": ""cupboard"", ""object_index"": 26, ""area_frac"": 0.025434426449654875}"
test_002003,xtion/sun3ddata/mit_w85_4/4_1/0006346-000212759167,sun3d:mit_w85_4/4_1,xtion,bedroom,test,existence,positive,5,Is there any clothes visible in the image?,,yes,yes_no,yes|no,SUNRGBD/xtion/sun3ddata/mit_w85_4/4_1/0006346-000212759167/image/0006346-000212759167.jpg,SUNRGBD/xtion/sun3ddata/mit_w85_4/4_1/0006346-000212759167/depth_bfx/0006377-000212762338.png,rule,"{""concept"": ""clothes"", ""object_index"": 12, ""area_frac"": 0.00992015531536924}"
test_005875,xtion/xtion_align_data/2014_12_18_11_35_28,scene:xtion/xtion_align_data/2014_12_18_11_35_28,xtion,office,test,existence,negative,1,Do you see a drawer here?,,no,yes_no,yes|no,SUNRGBD/xtion/xtion_align_data/2014_12_18_11_35_28/image/0000020.jpg,SUNRGBD/xtion/xtion_align_data/2014_12_18_11_35_28/depth_bfx/0000020.png,rule,"{""concept"": ""drawer"", ""reason"": ""category_or_scene_type_plausible""}"
test_012859,xtion/sun3ddata/mit_3_huge_office/cl_2/0000849-000028689696,sun3d:mit_3_huge_office/cl_2,xtion,office,test,existence,positive,3,Can you spot a trash can in the picture?,,yes,yes_no,yes|no,SUNRGBD/xtion/sun3ddata/mit_3_huge_office/cl_2/0000849-000028689696/image/0000849-000028689696.jpg,SUNRGBD/xtion/sun3ddata/mit_3_huge_office/cl_2/0000849-000028689696/depth_bfx/0000851-000028702484.png,rule,"{""concept"": ""trashcan"", ""object_index"": 0, ""area_frac"": 0.07866488687102187}"
test_001803,xtion/sun3ddata/mit_lab_hj/lab_hj_work_nov_2_2012_scan1_erika/0002173-000090158040,sun3d:mit_lab_hj/lab_hj_work_nov_2_2012_scan1_erika,xtion,rest_space,test,existence,negative,2,Does this room contain a cabinet?,,no,yes_no,yes|no,SUNRGBD/xtion/sun3ddata/mit_lab_hj/lab_hj_work_nov_2_2012_scan1_erika/0002173-000090158040/image/0002173-000090158040.jpg,SUNRGBD/xtion/sun3ddata/mit_lab_hj/lab_hj_work_nov_2_2012_scan1_erika/0002173-000090158040/depth_bfx/0002180-000090134023.png,rule,"{""concept"": ""cabinet"", ""reason"": ""category_or_scene_type_plausible""}"
test_005691,xtion/sun3ddata/mit_76_459/76-459a/0002848-000095520600,sun3d:mit_76_459/76-459a,xtion,conference_room,test,existence,positive,2,Does this room contain a table?,,yes,yes_no,yes|no,SUNRGBD/xtion/sun3ddata/mit_76_459/76-459a/0002848-000095520600/image/0002848-000095520600.jpg,SUNRGBD/xtion/sun3ddata/mit_76_459/76-459a/0002848-000095520600/depth_bfx/0002859-000095513962.png,rule,"{""concept"": ""table"", ""object_index"": 3, ""area_frac"": 0.324226588548561}"
test_003202,xtion/sun3ddata/mit_w85_basement/wg_big_lounge_1/0003091-000103597956,sun3d:mit_w85_basement/wg_big_lounge_1,xtion,dining_area,test,existence,positive,3,Can you spot a chair in the picture?,,yes,yes_no,yes|no,SUNRGBD/xtion/sun3ddata/mit_w85_basement/wg_big_lounge_1/0003091-000103597956/image/0003091-000103597956.jpg,SUNRGBD/xtion/sun3ddata/mit_w85_basement/wg_big_lounge_1/0003091-000103597956/depth_bfx/0003104-000103601029.png,rule,"{""concept"": ""chair"", ""object_index"": 2, ""area_frac"": 0.13984330336759634}"
test_004469,xtion/sun3ddata/mit_76_417/76-417a/0006871-000230321952,sun3d:mit_76_417/76-417a,xtion,lab,test,existence,negative,5,Is there any shelf visible in the image?,,no,yes_no,yes|no,SUNRGBD/xtion/sun3ddata/mit_76_417/76-417a/0006871-000230321952/image/0006871-000230321952.jpg,SUNRGBD/xtion/sun3ddata/mit_76_417/76-417a/0006871-000230321952/depth_bfx/0006903-000230324806.png,rule,"{""concept"": ""shelf"", ""reason"": ""category_or_scene_type_plausible""}"
test_012735,xtion/sun3ddata/mit_32_pingpong/pingpong_1/0000837-000028019376,sun3d:mit_32_pingpong/pingpong_1,xtion,idk,test,existence,positive,3,Can you spot a curtain in the picture?,,yes,yes_no,yes|no,SUNRGBD/xtion/sun3ddata/mit_32_pingpong/pingpong_1/0000837-000028019376/image/0000837-000028019376.jpg,SUNRGBD/xtion/sun3ddata/mit_32_pingpong/pingpong_1/0000837-000028019376/depth_bfx/0000840-000028009817.png,rule,"{""concept"": ""curtain"", ""object_index"": 2, ""area_frac"": 0.14715632445871749}"
test_000290,xtion/xtion_align_data/2014_12_18_12_12_54,scene:xtion/xtion_align_data/2014_12_18_12_12_54,xtion,rest_space,test,existence,negative,1,Do you see a stool here?,,no,yes_no,yes|no,SUNRGBD/xtion/xtion_align_data/2014_12_18_12_12_54/image/0000114.jpg,SUNRGBD/xtion/xtion_align_data/2014_12_18_12_12_54/depth_bfx/0000114.png,rule,"{""concept"": ""stool"", ""reason"": ""category_or_scene_type_plausible""}"
test_011287,kv1/b3dodata/img_0611,scene:kv1/b3dodata/img_0611,kv1,home_office,test,existence,positive,0,Is there a bag in this room?,,yes,yes_no,yes|no,SUNRGBD/kv1/b3dodata/img_0611/image/img_0611.jpg,SUNRGBD/kv1/b3dodata/img_0611/depth_bfx/img_0611_abs.png,rule,"{""concept"": ""bag"", ""object_index"": 10, ""area_frac"": 0.04636459650924453}"
test_002681,kv1/b3dodata/img_0706,scene:kv1/b3dodata/img_0706,kv1,idk,test,existence,negative,0,Is there a window in this room?,,no,yes_no,yes|no,SUNRGBD/kv1/b3dodata/img_0706/image/img_0706.jpg,SUNRGBD/kv1/b3dodata/img_0706/depth_bfx/img_0706_abs.png,rule,"{""concept"": ""window"", ""reason"": ""category_or_scene_type_plausible""}"
test_011100,kv1/NYUdata/NYU0811,scene:kv1/NYUdata/NYU0811,kv1,kitchen,test,existence,negative,1,Do you see a door handle here?,,no,yes_no,yes|no,SUNRGBD/kv1/NYUdata/NYU0811/image/NYU0811.jpg,SUNRGBD/kv1/NYUdata/NYU0811/depth_bfx/NYU0811.png,rule,"{""concept"": ""doorhandle"", ""reason"": ""category_or_scene_type_plausible""}"
test_002413,kv1/NYUdata/NYU0679,scene:kv1/NYUdata/NYU0679,kv1,bathroom,test,existence,negative,1,Do you see a fire alarm here?,,no,yes_no,yes|no,SUNRGBD/kv1/NYUdata/NYU0679/image/NYU0679.jpg,SUNRGBD/kv1/NYUdata/NYU0679/depth_bfx/NYU0679.png,rule,"{""concept"": ""firealarm"", ""reason"": ""category_or_scene_type_plausible""}"
test_013734,kv1/NYUdata/NYU1442,scene:kv1/NYUdata/NYU1442,kv1,dining_room,test,existence,negative,3,Can you spot a tray in the picture?,,no,yes_no,yes|no,SUNRGBD/kv1/NYUdata/NYU1442/image/NYU1442.jpg,SUNRGBD/kv1/NYUdata/NYU1442/depth_bfx/NYU1442.png,rule,"{""concept"": ""tray"", ""reason"": ""category_or_scene_type_plausible""}"
test_003074,kv1/NYUdata/NYU0769,scene:kv1/NYUdata/NYU0769,kv1,kitchen,test,existence,negative,0,Is there a bench in this room?,,no,yes_no,yes|no,SUNRGBD/kv1/NYUdata/NYU0769/image/NYU0769.jpg,SUNRGBD/kv1/NYUdata/NYU0769/depth_bfx/NYU0769.png,rule,"{""concept"": ""bench"", ""reason"": ""category_or_scene_type_plausible""}"
test_004581,kv1/NYUdata/NYU1332,scene:kv1/NYUdata/NYU1332,kv1,living_room,test,existence,negative,4,Is a telephone present in this scene?,,no,yes_no,yes|no,SUNRGBD/kv1/NYUdata/NYU1332/image/NYU1332.jpg,SUNRGBD/kv1/NYUdata/NYU1332/depth_bfx/NYU1332.png,rule,"{""concept"": ""telephone"", ""reason"": ""category_or_scene_type_plausible""}"
test_004075,kv1/NYUdata/NYU0325,scene:kv1/NYUdata/NYU0325,kv1,classroom,test,existence,positive,4,Is a sofa present in this scene?,,yes,yes_no,yes|no,SUNRGBD/kv1/NYUdata/NYU0325/image/NYU0325.jpg,SUNRGBD/kv1/NYUdata/NYU0325/depth_bfx/NYU0325.png,rule,"{""concept"": ""sofa"", ""object_index"": 8, ""area_frac"": 0.05187917193703115}"
test_002094,kv1/b3dodata/img_0627,scene:kv1/b3dodata/img_0627,kv1,bedroom,test,existence,positive,3,Can you spot a chair in the picture?,,yes,yes_no,yes|no,SUNRGBD/kv1/b3dodata/img_0627/image/img_0627.jpg,SUNRGBD/kv1/b3dodata/img_0627/depth_bfx/img_0627_abs.png,rule,"{""concept"": ""chair"", ""object_index"": 4, ""area_frac"": 0.18837013195740293}"
test_011252,kv1/b3dodata/img_0555,scene:kv1/b3dodata/img_0555,kv1,home_office,test,existence,positive,3,Can you spot a table in the picture?,,yes,yes_no,yes|no,SUNRGBD/kv1/b3dodata/img_0555/image/img_0555.jpg,SUNRGBD/kv1/b3dodata/img_0555/depth_bfx/img_0555_abs.png,rule,"{""concept"": ""table"", ""object_index"": 2, ""area_frac"": 0.02046571236542307}"
test_011920,kv1/b3dodata/img_0449,scene:kv1/b3dodata/img_0449,kv1,office,test,existence,positive,4,Is a counter present in this scene?,,yes,yes_no,yes|no,SUNRGBD/kv1/b3dodata/img_0449/image/img_0449.jpg,SUNRGBD/kv1/b3dodata/img_0449/depth_bfx/img_0449_abs.png,rule,"{""concept"": ""counter"", ""object_index"": 20, ""area_frac"": 0.30144119356055393}"
test_012789,kv1/NYUdata/NYU0085,scene:kv1/NYUdata/NYU0085,kv1,bookstore,test,existence,negative,2,Does this room contain a headboard?,,no,yes_no,yes|no,SUNRGBD/kv1/NYUdata/NYU0085/image/NYU0085.jpg,SUNRGBD/kv1/NYUdata/NYU0085/depth_bfx/NYU0085.png,rule,"{""concept"": ""headboard"", ""reason"": ""category_or_scene_type_plausible""}"
test_008266,kv1/NYUdata/NYU0718,scene:kv1/NYUdata/NYU0718,kv1,bathroom,test,existence,positive,4,Is a door present in this scene?,,yes,yes_no,yes|no,SUNRGBD/kv1/NYUdata/NYU0718/image/NYU0718.jpg,SUNRGBD/kv1/NYUdata/NYU0718/depth_bfx/NYU0718.png,rule,"{""concept"": ""door"", ""object_index"": 5, ""area_frac"": 0.14571253240491427}"
test_013289,kv1/b3dodata/img_0459,scene:kv1/b3dodata/img_0459,kv1,office,test,existence,negative,3,Can you spot a dishwasher in the picture?,,no,yes_no,yes|no,SUNRGBD/kv1/b3dodata/img_0459/image/img_0459.jpg,SUNRGBD/kv1/b3dodata/img_0459/depth_bfx/img_0459_abs.png,rule,"{""concept"": ""dishwasher"", ""reason"": ""category_or_scene_type_plausible""}"
test_004172,kv1/NYUdata/NYU1088,scene:kv1/NYUdata/NYU1088,kv1,bedroom,test,existence,positive,3,Can you spot a pillow in the picture?,,yes,yes_no,yes|no,SUNRGBD/kv1/NYUdata/NYU1088/image/NYU1088.jpg,SUNRGBD/kv1/NYUdata/NYU1088/depth_bfx/NYU1088.png,rule,"{""concept"": ""pillow"", ""object_index"": 6, ""area_frac"": 0.041167286586765856}"
test_001018,kv1/NYUdata/NYU0018,scene:kv1/NYUdata/NYU0018,kv1,office,test,existence,negative,3,Can you spot a drawer in the picture?,,no,yes_no,yes|no,SUNRGBD/kv1/NYUdata/NYU0018/image/NYU0018.jpg,SUNRGBD/kv1/NYUdata/NYU0018/depth_bfx/NYU0018.png,rule,"{""concept"": ""drawer"", ""reason"": ""category_or_scene_type_plausible""}"
test_012640,kv1/NYUdata/NYU0284,scene:kv1/NYUdata/NYU0284,kv1,classroom,test,existence,positive,3,Can you spot a desk in the picture?,,yes,yes_no,yes|no,SUNRGBD/kv1/NYUdata/NYU0284/image/NYU0284.jpg,SUNRGBD/kv1/NYUdata/NYU0284/depth_bfx/NYU0284.png,rule,"{""concept"": ""desk"", ""object_index"": 22, ""area_frac"": 0.022916170939314622}"
test_012570,kv1/NYUdata/NYU0001,scene:kv1/NYUdata/NYU0001,kv1,kitchen,test,existence,positive,2,Does this room contain a counter?,,yes,yes_no,yes|no,SUNRGBD/kv1/NYUdata/NYU0001/image/NYU0001.jpg,SUNRGBD/kv1/NYUdata/NYU0001/depth_bfx/NYU0001.png,rule,"{""concept"": ""counter"", ""object_index"": 9, ""area_frac"": 0.011315107264962617}"
test_005896,kv1/b3dodata/img_0601,scene:kv1/b3dodata/img_0601,kv1,home_office,test,existence,negative,3,Can you spot a fan in the picture?,,no,yes_no,yes|no,SUNRGBD/kv1/b3dodata/img_0601/image/img_0601.jpg,SUNRGBD/kv1/b3dodata/img_0601/depth_bfx/img_0601_abs.png,rule,"{""concept"": ""fan"", ""reason"": ""category_or_scene_type_plausible""}"
test_006317,kv1/NYUdata/NYU0935,scene:kv1/NYUdata/NYU0935,kv1,bedroom,test,existence,positive,1,Do you see a book here?,,yes,yes_no,yes|no,SUNRGBD/kv1/NYUdata/NYU0935/image/NYU0935.jpg,SUNRGBD/kv1/NYUdata/NYU0935/depth_bfx/NYU0935.png,rule,"{""concept"": ""book"", ""object_index"": 10, ""area_frac"": 0.01145912910618793}"
test_003494,kv1/NYUdata/NYU0689,scene:kv1/NYUdata/NYU0689,kv1,bathroom,test,existence,positive,2,Does this room contain a toilet paper?,,yes,yes_no,yes|no,SUNRGBD/kv1/NYUdata/NYU0689/image/NYU0689.jpg,SUNRGBD/kv1/NYUdata/NYU0689/depth_bfx/NYU0689.png,rule,"{""concept"": ""toiletpaper"", ""object_index"": 7, ""area_frac"": 0.007631070311880341}"
test_001598,kv1/b3dodata/img_0774,scene:kv1/b3dodata/img_0774,kv1,living_room,test,existence,negative,3,Can you spot a counter in the picture?,,no,yes_no,yes|no,SUNRGBD/kv1/b3dodata/img_0774/image/img_0774.jpg,SUNRGBD/kv1/b3dodata/img_0774/depth_bfx/img_0774_abs.png,rule,"{""concept"": ""counter"", ""reason"": ""category_or_scene_type_plausible""}"
test_006870,kv1/NYUdata/NYU0283,scene:kv1/NYUdata/NYU0283,kv1,bedroom,test,existence,negative,5,Is there any cupboard visible in the image?,,no,yes_no,yes|no,SUNRGBD/kv1/NYUdata/NYU0283/image/NYU0283.jpg,SUNRGBD/kv1/NYUdata/NYU0283/depth_bfx/NYU0283.png,rule,"{""concept"": ""cupboard"", ""reason"": ""category_or_scene_type_plausible""}"
test_012945,kv1/NYUdata/NYU0084,scene:kv1/NYUdata/NYU0084,kv1,bookstore,test,existence,positive,0,Is there a table in this room?,,yes,yes_no,yes|no,SUNRGBD/kv1/NYUdata/NYU0084/image/NYU0084.jpg,SUNRGBD/kv1/NYUdata/NYU0084/depth_bfx/NYU0084.png,rule,"{""concept"": ""table"", ""object_index"": 10, ""area_frac"": 0.03424171456958342}"
test_003151,kv1/b3dodata/img_0806,scene:kv1/b3dodata/img_0806,kv1,dining_room,test,existence,negative,2,Does this room contain a shelf?,,no,yes_no,yes|no,SUNRGBD/kv1/b3dodata/img_0806/image/img_0806.jpg,SUNRGBD/kv1/b3dodata/img_0806/depth_bfx/img_0806_abs.png,rule,"{""concept"": ""shelf"", ""reason"": ""category_or_scene_type_plausible""}"
test_008043,kv1/NYUdata/NYU0444,scene:kv1/NYUdata/NYU0444,kv1,playroom,test,existence,positive,5,Is there any clothes visible in the image?,,yes,yes_no,yes|no,SUNRGBD/kv1/NYUdata/NYU0444/image/NYU0444.jpg,SUNRGBD/kv1/NYUdata/NYU0444/depth_bfx/NYU0444.png,rule,"{""concept"": ""clothes"", ""object_index"": 8, ""area_frac"": 0.02276171273278313}"
test_010024,kv1/NYUdata/NYU0029,scene:kv1/NYUdata/NYU0029,kv1,office,test,existence,positive,5,Is there any window visible in the image?,,yes,yes_no,yes|no,SUNRGBD/kv1/NYUdata/NYU0029/image/NYU0029.jpg,SUNRGBD/kv1/NYUdata/NYU0029/depth_bfx/NYU0029.png,rule,"{""concept"": ""window"", ""object_index"": 14, ""area_frac"": 0.016522853552747477}"
test_003448,kv1/NYUdata/NYU1421,scene:kv1/NYUdata/NYU1421,kv1,dining_room,test,existence,positive,3,Can you spot a chair in the picture?,,yes,yes_no,yes|no,SUNRGBD/kv1/NYUdata/NYU1421/image/NYU1421.jpg,SUNRGBD/kv1/NYUdata/NYU1421/depth_bfx/NYU1421.png,rule,"{""concept"": ""chair"", ""object_index"": 5, ""area_frac"": 0.011087594501287847}"
test_011673,realsense/lg/2014_10_30-16_10_36-1311000073,scene:realsense/lg/2014_10_30-16_10_36-1311000073,realsense,bathroom,test,existence,positive,1,Do you see a basket here?,,yes,yes_no,yes|no,SUNRGBD/realsense/lg/2014_10_30-16_10_36-1311000073/image/0000063.jpg,SUNRGBD/realsense/lg/2014_10_30-16_10_36-1311000073/depth_bfx/0000063.png,rule,"{""concept"": ""basket"", ""object_index"": 4, ""area_frac"": 0.08585607185622118}"
test_012944,realsense/lg/2014_10_29-16_28_58-1311000073,scene:realsense/lg/2014_10_29-16_28_58-1311000073,realsense,dining_area,test,existence,positive,2,Does this room contain a window?,,yes,yes_no,yes|no,SUNRGBD/realsense/lg/2014_10_29-16_28_58-1311000073/image/0000071.jpg,SUNRGBD/realsense/lg/2014_10_29-16_28_58-1311000073/depth_bfx/0000071.png,rule,"{""concept"": ""window"", ""object_index"": 1, ""area_frac"": 0.06808974284521212}"
test_000577,realsense/lg/2014_10_27-14_15_29-1311000073,scene:realsense/lg/2014_10_27-14_15_29-1311000073,realsense,rest_space,test,existence,positive,5,Is there any plant visible in the image?,,yes,yes_no,yes|no,SUNRGBD/realsense/lg/2014_10_27-14_15_29-1311000073/image/0000073.jpg,SUNRGBD/realsense/lg/2014_10_27-14_15_29-1311000073/depth_bfx/0000073.png,rule,"{""concept"": ""plant"", ""object_index"": 5, ""area_frac"": 0.022636202991612533}"
test_005169,realsense/lg/2014_10_26-15_00_31-1311000073,scene:realsense/lg/2014_10_26-15_00_31-1311000073,realsense,conference_room,test,existence,negative,1,Do you see a door here?,,no,yes_no,yes|no,SUNRGBD/realsense/lg/2014_10_26-15_00_31-1311000073/image/0000063.jpg,SUNRGBD/realsense/lg/2014_10_26-15_00_31-1311000073/depth_bfx/0000063.png,rule,"{""concept"": ""door"", ""reason"": ""category_or_scene_type_plausible""}"
test_003150,realsense/lg/2014_10_24-11_28_43-1311000073,scene:realsense/lg/2014_10_24-11_28_43-1311000073,realsense,bathroom,test,existence,negative,5,Is there any vent visible in the image?,,no,yes_no,yes|no,SUNRGBD/realsense/lg/2014_10_24-11_28_43-1311000073/image/0000063.jpg,SUNRGBD/realsense/lg/2014_10_24-11_28_43-1311000073/depth_bfx/0000063.png,rule,"{""concept"": ""vent"", ""reason"": ""category_or_scene_type_plausible""}"
test_008169,realsense/lg/2014_10_25-17_45_39-1311000073,scene:realsense/lg/2014_10_25-17_45_39-1311000073,realsense,dining_area,test,existence,positive,4,Is a window present in this scene?,,yes,yes_no,yes|no,SUNRGBD/realsense/lg/2014_10_25-17_45_39-1311000073/image/0000063.jpg,SUNRGBD/realsense/lg/2014_10_25-17_45_39-1311000073/depth_bfx/0000063.png,rule,"{""concept"": ""window"", ""object_index"": 12, ""area_frac"": 0.028422807934493144}"
test_002538,realsense/lg/2014_10_26-15_21_02-1311000073,scene:realsense/lg/2014_10_26-15_21_02-1311000073,realsense,computer_room,test,existence,negative,5,Is there any bench visible in the image?,,no,yes_no,yes|no,SUNRGBD/realsense/lg/2014_10_26-15_21_02-1311000073/image/0000068.jpg,SUNRGBD/realsense/lg/2014_10_26-15_21_02-1311000073/depth_bfx/0000068.png,rule,"{""concept"": ""bench"", ""reason"": ""category_or_scene_type_plausible""}"
test_003022,realsense/lg/2014_10_28-15_49_16-1311000073,scene:realsense/lg/2014_10_28-15_49_16-1311000073,realsense,library,test,existence,negative,0,Is there a fan in this room?,,no,yes_no,yes|no,SUNRGBD/realsense/lg/2014_10_28-15_49_16-1311000073/image/0000064.jpg,SUNRGBD/realsense/lg/2014_10_28-15_49_16-1311000073/depth_bfx/0000064.png,rule,"{""concept"": ""fan"", ""reason"": ""category_or_scene_type_plausible""}"
test_006350,realsense/lg/2014_10_27-14_34_43-1311000073,scene:realsense/lg/2014_10_27-14_34_43-1311000073,realsense,library,test,existence,negative,3,Can you spot a armchair in the picture?,,no,yes_no,yes|no,SUNRGBD/realsense/lg/2014_10_27-14_34_43-1311000073/image/0000063.jpg,SUNRGBD/realsense/lg/2014_10_27-14_34_43-1311000073/depth_bfx/0000063.png,rule,"{""concept"": ""armchair"", ""reason"": ""category_or_scene_type_plausible""}"
test_011007,realsense/lg/2014_10_28-15_49_33-1311000073,scene:realsense/lg/2014_10_28-15_49_33-1311000073,realsense,library,test,existence,positive,3,Can you spot a lamp in the picture?,,yes,yes_no,yes|no,SUNRGBD/realsense/lg/2014_10_28-15_49_33-1311000073/image/0000063.jpg,SUNRGBD/realsense/lg/2014_10_28-15_49_33-1311000073/depth_bfx/0000063.png,rule,"{""concept"": ""lamp"", ""object_index"": 8, ""area_frac"": 0.01751052927040383}"
test_005592,realsense/lg/2014_10_29-16_29_12-1311000073,scene:realsense/lg/2014_10_29-16_29_12-1311000073,realsense,dining_area,test,existence,positive,2,Does this room contain a chair?,,yes,yes_no,yes|no,SUNRGBD/realsense/lg/2014_10_29-16_29_12-1311000073/image/0000064.jpg,SUNRGBD/realsense/lg/2014_10_29-16_29_12-1311000073/depth_bfx/0000064.png,rule,"{""concept"": ""chair"", ""object_index"": 24, ""area_frac"": 0.005416040994328159}"
test_007309,realsense/lg/2014_10_26-14_07_31-1311000073,scene:realsense/lg/2014_10_26-14_07_31-1311000073,realsense,mail_room,test,existence,positive,4,Is a monitor present in this scene?,,yes,yes_no,yes|no,SUNRGBD/realsense/lg/2014_10_26-14_07_31-1311000073/image/0000063.jpg,SUNRGBD/realsense/lg/2014_10_26-14_07_31-1311000073/depth_bfx/0000063.png,rule,"{""concept"": ""monitor"", ""object_index"": 3, ""area_frac"": 0.06853220726139415}"
test_000604,realsense/lg/2014_10_29-16_55_11-1311000073,scene:realsense/lg/2014_10_29-16_55_11-1311000073,realsense,rest_space,test,existence,positive,0,Is there a chair in this room?,,yes,yes_no,yes|no,SUNRGBD/realsense/lg/2014_10_29-16_55_11-1311000073/image/0000064.jpg,SUNRGBD/realsense/lg/2014_10_29-16_55_11-1311000073/depth_bfx/0000064.png,rule,"{""concept"": ""chair"", ""object_index"": 3, ""area_frac"": 0.08090876660278587}"
test_006689,realsense/lg/2014_10_24-09_32_31-1311000073,scene:realsense/lg/2014_10_24-09_32_31-1311000073,realsense,bathroom,test,existence,negative,3,Can you spot a light in the picture?,,no,yes_no,yes|no,SUNRGBD/realsense/lg/2014_10_24-09_32_31-1311000073/image/0000064.jpg,SUNRGBD/realsense/lg/2014_10_24-09_32_31-1311000073/depth_bfx/0000064.png,rule,"{""concept"": ""light"", ""reason"": ""category_or_scene_type_plausible""}"
test_003847,realsense/lg/2014_10_29-16_26_51-1311000073,scene:realsense/lg/2014_10_29-16_26_51-1311000073,realsense,rest_space,test,existence,negative,0,Is there a picture in this room?,,no,yes_no,yes|no,SUNRGBD/realsense/lg/2014_10_29-16_26_51-1311000073/image/0000063.jpg,SUNRGBD/realsense/lg/2014_10_29-16_26_51-1311000073/depth_bfx/0000063.png,rule,"{""concept"": ""picture"", ""reason"": ""category_or_scene_type_plausible""}"
test_003338,realsense/lg/2014_10_30-16_06_41-1311000073,scene:realsense/lg/2014_10_30-16_06_41-1311000073,realsense,office,test,existence,negative,3,Can you spot a heater in the picture?,,no,yes_no,yes|no,SUNRGBD/realsense/lg/2014_10_30-16_06_41-1311000073/image/0000063.jpg,SUNRGBD/realsense/lg/2014_10_30-16_06_41-1311000073/depth_bfx/0000063.png,rule,"{""concept"": ""heater"", ""reason"": ""category_or_scene_type_plausible""}"
test_000087,realsense/lg/2014_10_27-15_17_12-1311000073,scene:realsense/lg/2014_10_27-15_17_12-1311000073,realsense,library,test,existence,positive,0,Is there a table in this room?,,yes,yes_no,yes|no,SUNRGBD/realsense/lg/2014_10_27-15_17_12-1311000073/image/0000066.jpg,SUNRGBD/realsense/lg/2014_10_27-15_17_12-1311000073/depth_bfx/0000066.png,rule,"{""concept"": ""table"", ""object_index"": 3, ""area_frac"": 0.05714013124600745}"
test_011191,kv2/kinect2data/001886_2014-06-22_13-53-06_260595134347_rgbf000066-resize,scene:kv2/kinect2data/001886_2014-06-22_13-53-06_260595134347_rgbf000066-resize,kv2,furniture_store,test,left_right,,1,"Relative to the pillow, is the mirror on the left or the right?",,right,choice,left|right,SUNRGBD/kv2/kinect2data/001886_2014-06-22_13-53-06_260595134347_rgbf000066-resize/image/0000066.jpg,SUNRGBD/kv2/kinect2data/001886_2014-06-22_13-53-06_260595134347_rgbf000066-resize/depth_bfx/0000066.png,rule,"{""a_concept"": ""mirror"", ""b_concept"": ""pillow"", ""a_centroid_x"": 639.2923532693683, ""b_centroid_x"": 358.63008651967624, ""horizontal_gap_px"": 280.66226674969204, ""image_width"": 730}"
test_003154,kv2/kinect2data/000724_2014-06-08_17-28-55_260595134347_rgbf000133-resize,scene:kv2/kinect2data/000724_2014-06-08_17-28-55_260595134347_rgbf000133-resize,kv2,rest_space,test,left_right,,3,Is the chair on the left side or the right side of the picture?,,right,choice,left|right,SUNRGBD/kv2/kinect2data/000724_2014-06-08_17-28-55_260595134347_rgbf000133-resize/image/0000133.jpg,SUNRGBD/kv2/kinect2data/000724_2014-06-08_17-28-55_260595134347_rgbf000133-resize/depth_bfx/0000133.png,rule,"{""a_concept"": ""chair"", ""b_concept"": ""picture"", ""a_centroid_x"": 754.8163562679296, ""b_centroid_x"": 572.4816884704796, ""horizontal_gap_px"": 182.33466779744992, ""image_width"": 730}"
test_005689,kv2/kinect2data/000393_2014-06-08_23-08-44_260595134347_rgbf000119-resize,scene:kv2/kinect2data/000393_2014-06-08_23-08-44_260595134347_rgbf000119-resize,kv2,conference_room,test,left_right,,2,"Looking at the table, is the board positioned on its left or right?",,right,choice,left|right,SUNRGBD/kv2/kinect2data/000393_2014-06-08_23-08-44_260595134347_rgbf000119-resize/image/0000119.jpg,SUNRGBD/kv2/kinect2data/000393_2014-06-08_23-08-44_260595134347_rgbf000119-resize/depth_bfx/0000119.png,rule,"{""a_concept"": ""board"", ""b_concept"": ""table"", ""a_centroid_x"": 621.0943599698048, ""b_centroid_x"": -2.767113756949864, ""horizontal_gap_px"": 623.8614737267546, ""image_width"": 730}"
test_003116,kv2/kinect2data/001814_2014-06-26_20-52-34_260595134347_rgbf000067-resize,scene:kv2/kinect2data/001814_2014-06-26_20-52-34_260595134347_rgbf000067-resize,kv2,furniture_store,test,left_right,,1,"Relative to the pillow, is the desk on the left or the right?",,right,choice,left|right,SUNRGBD/kv2/kinect2data/001814_2014-06-26_20-52-34_260595134347_rgbf000067-resize/image/0000067.jpg,SUNRGBD/kv2/kinect2data/001814_2014-06-26_20-52-34_260595134347_rgbf000067-resize/depth_bfx/0000067.png,rule,"{""a_concept"": ""desk"", ""b_concept"": ""pillow"", ""a_centroid_x"": 425.0037139662632, ""b_centroid_x"": 243.41455860341736, ""horizontal_gap_px"": 181.58915536284584, ""image_width"": 730}"
test_003941,kv2/kinect2data/000637_2014-06-08_16-39-29_260595134347_rgbf000076-resize,scene:kv2/kinect2data/000637_2014-06-08_16-39-29_260595134347_rgbf000076-resize,kv2,office,test,left_right,,0,Is the box to the left or to the right of the window?,,left,choice,left|right,SUNRGBD/kv2/kinect2data/000637_2014-06-08_16-39-29_260595134347_rgbf000076-resize/image/0000076.jpg,SUNRGBD/kv2/kinect2data/000637_2014-06-08_16-39-29_260595134347_rgbf000076-resize/depth_bfx/0000076.png,rule,"{""a_concept"": ""box"", ""b_concept"": ""window"", ""a_centroid_x"": 362.10655322596983, ""b_centroid_x"": 750.3021630003416, ""horizontal_gap_px"": 388.19560977437175, ""image_width"": 730}"
test_004837,kv2/kinect2data/003564_2014-05-23_10-54-14_094959634447_rgbf000100-resize,scene:kv2/kinect2data/003564_2014-05-23_10-54-14_094959634447_rgbf000100-resize,kv2,dining_area,test,left_right,,1,"Relative to the pillar, is the screen on the left or the right?",,right,choice,left|right,SUNRGBD/kv2/kinect2data/003564_2014-05-23_10-54-14_094959634447_rgbf000100-resize/image/0000100.jpg,SUNRGBD/kv2/kinect2data/003564_2014-05-23_10-54-14_094959634447_rgbf000100-resize/depth_bfx/0000100.png,rule,"{""a_concept"": ""screen"", ""b_concept"": ""pillar"", ""a_centroid_x"": 723.4602092741943, ""b_centroid_x"": 75.5896276544355, ""horizontal_gap_px"": 647.8705816197588, ""image_width"": 730}"
test_010369,kv2/kinect2data/000746_2014-06-08_21-53-08_260595134347_rgbf000036-resize,scene:kv2/kinect2data/000746_2014-06-08_21-53-08_260595134347_rgbf000036-resize,kv2,office,test,left_right,,3,Is the monitor on the left side or the right side of the speaker?,,left,choice,left|right,SUNRGBD/kv2/kinect2data/000746_2014-06-08_21-53-08_260595134347_rgbf000036-resize/image/0000036.jpg,SUNRGBD/kv2/kinect2data/000746_2014-06-08_21-53-08_260595134347_rgbf000036-resize/depth_bfx/0000036.png,rule,"{""a_concept"": ""monitor"", ""b_concept"": ""speaker"", ""a_centroid_x"": -46.81980971015327, ""b_centroid_x"": 219.35680858349502, ""horizontal_gap_px"": 266.1766182936483, ""image_width"": 730}"
test_008062,kv2/kinect2data/001058_2014-06-08_21-52-41_260595134347_rgbf000077-resize,scene:kv2/kinect2data/001058_2014-06-08_21-52-41_260595134347_rgbf000077-resize,kv2,office,test,left_right,,5,"From the poster, which direction is the computer in, left or right?",,right,choice,left|right,SUNRGBD/kv2/kinect2data/001058_2014-06-08_21-52-41_260595134347_rgbf000077-resize/image/0000077.jpg,SUNRGBD/kv2/kinect2data/001058_2014-06-08_21-52-41_260595134347_rgbf000077-resize/depth_bfx/0000077.png,rule,"{""a_concept"": ""computer"", ""b_concept"": ""poster"", ""a_centroid_x"": 304.65843884644863, ""b_centroid_x"": 79.45475216007276, ""horizontal_gap_px"": 225.20368668637587, ""image_width"": 730}"
test_004381,kv2/kinect2data/001747_2014-06-26_19-49-23_260595134347_rgbf000037-resize,scene:kv2/kinect2data/001747_2014-06-26_19-49-23_260595134347_rgbf000037-resize,kv2,furniture_store,test,left_right,,0,Is the picture to the left or to the right of the bed?,,left,choice,left|right,SUNRGBD/kv2/kinect2data/001747_2014-06-26_19-49-23_260595134347_rgbf000037-resize/image/0000037.jpg,SUNRGBD/kv2/kinect2data/001747_2014-06-26_19-49-23_260595134347_rgbf000037-resize/depth_bfx/0000037.png,rule,"{""a_concept"": ""picture"", ""b_concept"": ""bed"", ""a_centroid_x"": -85.84420142322533, ""b_centroid_x"": 190.56618745391174, ""horizontal_gap_px"": 276.41038887713705, ""image_width"": 730}"
test_010205,kv2/kinect2data/001717_2014-06-26_19-26-07_260595134347_rgbf000030-resize,scene:kv2/kinect2data/001717_2014-06-26_19-26-07_260595134347_rgbf000030-resize,kv2,furniture_store,test,left_right,,2,"Looking at the glass, is the window positioned on its left or right?",,right,choice,left|right,SUNRGBD/kv2/kinect2data/001717_2014-06-26_19-26-07_260595134347_rgbf000030-resize/image/0000030.jpg,SUNRGBD/kv2/kinect2data/001717_2014-06-26_19-26-07_260595134347_rgbf000030-resize/depth_bfx/0000030.png,rule,"{""a_concept"": ""window"", ""b_concept"": ""glass"", ""a_centroid_x"": 776.0627091589607, ""b_centroid_x"": 664.49213852088, ""horizontal_gap_px"": 111.57057063808077, ""image_width"": 730}"
test_013693,kv2/kinect2data/003122_2014-05-12_10-29-39_094959634447_rgbf002909-resize,scene:kv2/kinect2data/003122_2014-05-12_10-29-39_094959634447_rgbf002909-resize,kv2,classroom,test,left_right,,3,Is the cupboard on the left side or the right side of the door?,,right,choice,left|right,SUNRGBD/kv2/kinect2data/003122_2014-05-12_10-29-39_094959634447_rgbf002909-resize/image/0002909.jpg,SUNRGBD/kv2/kinect2data/003122_2014-05-12_10-29-39_094959634447_rgbf002909-resize/depth_bfx/0002909.png,rule,"{""a_concept"": ""cupboard"", ""b_concept"": ""door"", ""a_centroid_x"": 698.2692532145809, ""b_centroid_x"": 289.14942528735634, ""horizontal_gap_px"": 409.11982792722455, ""image_width"": 730}"
test_007455,kv2/align_kv2/2014-12-18_12-10-39_260595134347,scene:kv2/align_kv2/2014-12-18_12-10-39_260595134347,kv2,idk,test,left_right,,1,"Relative to the doorway, is the table on the left or the right?",,left,choice,left|right,SUNRGBD/kv2/align_kv2/2014-12-18_12-10-39_260595134347/image/0000103.jpg,SUNRGBD/kv2/align_kv2/2014-12-18_12-10-39_260595134347/depth_bfx/0000103.png,rule,"{""a_concept"": ""table"", ""b_concept"": ""doorway"", ""a_centroid_x"": 283.4039772172832, ""b_centroid_x"": 674.7360103792246, ""horizontal_gap_px"": 391.33203316194135, ""image_width"": 730}"
test_005957,kv2/kinect2data/002881_2014-06-03_17-37-20_094959634447_rgbf000151-resize,scene:kv2/kinect2data/002881_2014-06-03_17-37-20_094959634447_rgbf000151-resize,kv2,library,test,left_right,,2,"Looking at the chair, is the desk positioned on its left or right?",,right,choice,left|right,SUNRGBD/kv2/kinect2data/002881_2014-06-03_17-37-20_094959634447_rgbf000151-resize/image/0000151.jpg,SUNRGBD/kv2/kinect2data/002881_2014-06-03_17-37-20_094959634447_rgbf000151-resize/depth_bfx/0000151.png,rule,"{""a_concept"": ""desk"", ""b_concept"": ""chair"", ""a_centroid_x"": 384.6528422335867, ""b_centroid_x"": 308.3006836651331, ""horizontal_gap_px"": 76.3521585684536, ""image_width"": 730}"
test_012701,kv2/kinect2data/003481_2014-05-21_15-29-30_094959634447_rgbf000101-resize,scene:kv2/kinect2data/003481_2014-05-21_15-29-30_094959634447_rgbf000101-resize,kv2,classroom,test,left_right,,3,Is the cabinet on the left side or the right side of the blackboard?,,left,choice,left|right,SUNRGBD/kv2/kinect2data/003481_2014-05-21_15-29-30_094959634447_rgbf000101-resize/image/0000101.jpg,SUNRGBD/kv2/kinect2data/003481_2014-05-21_15-29-30_094959634447_rgbf000101-resize/depth_bfx/0000101.png,rule,"{""a_concept"": ""cabinet"", ""b_concept"": ""blackboard"", ""a_centroid_x"": 112.96199986131337, ""b_centroid_x"": 630.0, ""horizontal_gap_px"": 517.0380001386866, ""image_width"": 730}"
test_013126,kv2/kinect2data/000139_2014-05-20_17-10-49_260595134347_rgbf000070-resize,scene:kv2/kinect2data/000139_2014-05-20_17-10-49_260595134347_rgbf000070-resize,kv2,recreation_room,test,left_right,,5,"From the door frame, which direction is the sofa in, left or right?",,right,choice,left|right,SUNRGBD/kv2/kinect2data/000139_2014-05-20_17-10-49_260595134347_rgbf000070-resize/image/0000070.jpg,SUNRGBD/kv2/kinect2data/000139_2014-05-20_17-10-49_260595134347_rgbf000070-resize/depth_bfx/0000070.png,rule,"{""a_concept"": ""sofa"", ""b_concept"": ""doorframe"", ""a_centroid_x"": 332.0583259623747, ""b_centroid_x"": -10.480537280701755, ""horizontal_gap_px"": 342.53886324307643, ""image_width"": 730}"
test_006574,kv2/kinect2data/000158_2014-05-20_17-33-37_260595134347_rgbf000100-resize,scene:kv2/kinect2data/000158_2014-05-20_17-33-37_260595134347_rgbf000100-resize,kv2,classroom,test,left_right,,1,"Relative to the table, is the wire on the left or the right?",,left,choice,left|right,SUNRGBD/kv2/kinect2data/000158_2014-05-20_17-33-37_260595134347_rgbf000100-resize/image/0000100.jpg,SUNRGBD/kv2/kinect2data/000158_2014-05-20_17-33-37_260595134347_rgbf000100-resize/depth_bfx/0000100.png,rule,"{""a_concept"": ""wire"", ""b_concept"": ""table"", ""a_centroid_x"": 99.13780737704919, ""b_centroid_x"": 718.459285385677, ""horizontal_gap_px"": 619.3214780086279, ""image_width"": 730}"
test_009346,kv2/kinect2data/000998_2014-06-09_21-07-47_260595134347_rgbf000035-resize,scene:kv2/kinect2data/000998_2014-06-09_21-07-47_260595134347_rgbf000035-resize,kv2,office,test,left_right,,1,"Relative to the vent, is the chair on the left or the right?",,right,choice,left|right,SUNRGBD/kv2/kinect2data/000998_2014-06-09_21-07-47_260595134347_rgbf000035-resize/image/0000035.jpg,SUNRGBD/kv2/kinect2data/000998_2014-06-09_21-07-47_260595134347_rgbf000035-resize/depth_bfx/0000035.png,rule,"{""a_concept"": ""chair"", ""b_concept"": ""vent"", ""a_centroid_x"": 122.65011683707583, ""b_centroid_x"": 4.4393873717670855, ""horizontal_gap_px"": 118.21072946530875, ""image_width"": 730}"
test_006860,kv2/kinect2data/003633_2014-05-23_22-04-24_094959634447_rgbf000100-resize,scene:kv2/kinect2data/003633_2014-05-23_22-04-24_094959634447_rgbf000100-resize,kv2,office,test,left_right,,2,"Looking at the file cabinet, is the binder positioned on its left or right?",,left,choice,left|right,SUNRGBD/kv2/kinect2data/003633_2014-05-23_22-04-24_094959634447_rgbf000100-resize/image/0000100.jpg,SUNRGBD/kv2/kinect2data/003633_2014-05-23_22-04-24_094959634447_rgbf000100-resize/depth_bfx/0000100.png,rule,"{""a_concept"": ""binder"", ""b_concept"": ""filecabinet"", ""a_centroid_x"": 114.83724235963042, ""b_centroid_x"": 485.64585698070374, ""horizontal_gap_px"": 370.80861462107333, ""image_width"": 730}"
test_010730,kv2/kinect2data/003130_2014-05-12_10-48-53_094959634447_rgbf000101-resize,scene:kv2/kinect2data/003130_2014-05-12_10-48-53_094959634447_rgbf000101-resize,kv2,classroom,test,left_right,,0,Is the blind to the left or to the right of the desk?,,left,choice,left|right,SUNRGBD/kv2/kinect2data/003130_2014-05-12_10-48-53_094959634447_rgbf000101-resize/image/0000101.jpg,SUNRGBD/kv2/kinect2data/003130_2014-05-12_10-48-53_094959634447_rgbf000101-resize/depth_bfx/0000101.png,rule,"{""a_concept"": ""blind"", ""b_concept"": ""desk"", ""a_centroid_x"": -4.29049664133906, ""b_centroid_x"": 230.01968225549564, ""horizontal_gap_px"": 234.31017889683469, ""image_width"": 730}"
test_009838,kv2/kinect2data/003320_2014-05-15_12-04-51_094959634447_rgbf001159-resize,scene:kv2/kinect2data/003320_2014-05-15_12-04-51_094959634447_rgbf001159-resize,kv2,study_space,test,left_right,,5,"From the curtain, which direction is the table in, left or right?",,left,choice,left|right,SUNRGBD/kv2/kinect2data/003320_2014-05-15_12-04-51_094959634447_rgbf001159-resize/image/0001159.jpg,SUNRGBD/kv2/kinect2data/003320_2014-05-15_12-04-51_094959634447_rgbf001159-resize/depth_bfx/0001159.png,rule,"{""a_concept"": ""table"", ""b_concept"": ""curtain"", ""a_centroid_x"": 404.8229683274848, ""b_centroid_x"": 817.027954879843, ""horizontal_gap_px"": 412.20498655235826, ""image_width"": 730}"
test_004715,kv2/kinect2data/003243_2014-05-14_13-59-46_094959634447_rgbf000914-resize,scene:kv2/kinect2data/003243_2014-05-14_13-59-46_094959634447_rgbf000914-resize,kv2,classroom,test,left_right,,5,"From the fire alarm, which direction is the door in, left or right?",,right,choice,left|right,SUNRGBD/kv2/kinect2data/003243_2014-05-14_13-59-46_094959634447_rgbf000914-resize/image/0000914.jpg,SUNRGBD/kv2/kinect2data/003243_2014-05-14_13-59-46_094959634447_rgbf000914-resize/depth_bfx/0000914.png,rule,"{""a_concept"": ""door"", ""b_concept"": ""firealarm"", ""a_centroid_x"": 238.20971932956462, ""b_centroid_x"": -64.71151515151516, ""horizontal_gap_px"": 302.92123448107975, ""image_width"": 730}"
test_010973,kv2/kinect2data/000907_2014-06-08_13-53-04_260595134347_rgbf000048-resize,scene:kv2/kinect2data/000907_2014-06-08_13-53-04_260595134347_rgbf000048-resize,kv2,classroom,test,left_right,,1,"Relative to the window, is the whiteboard on the left or the right?",,right,choice,left|right,SUNRGBD/kv2/kinect2data/000907_2014-06-08_13-53-04_260595134347_rgbf000048-resize/image/0000048.jpg,SUNRGBD/kv2/kinect2data/000907_2014-06-08_13-53-04_260595134347_rgbf000048-resize/depth_bfx/0000048.png,rule,"{""a_concept"": ""whiteboard"", ""b_concept"": ""window"", ""a_centroid_x"": 514.6829013843467, ""b_centroid_x"": 82.14479511071035, ""horizontal_gap_px"": 432.53810627363634, ""image_width"": 730}"
test_005718,kv2/kinect2data/000959_2014-06-08_16-24-23_260595134347_rgbf000073-resize,scene:kv2/kinect2data/000959_2014-06-08_16-24-23_260595134347_rgbf000073-resize,kv2,office,test,left_right,,3,Is the file cabinet on the left side or the right side of the door frame?,,left,choice,left|right,SUNRGBD/kv2/kinect2data/000959_2014-06-08_16-24-23_260595134347_rgbf000073-resize/image/0000073.jpg,SUNRGBD/kv2/kinect2data/000959_2014-06-08_16-24-23_260595134347_rgbf000073-resize/depth_bfx/0000073.png,rule,"{""a_concept"": ""filecabinet"", ""b_concept"": ""doorframe"", ""a_centroid_x"": 453.365923593377, ""b_centroid_x"": 788.219740411902, ""horizontal_gap_px"": 334.853816818525, ""image_width"": 730}"
test_004209,kv2/kinect2data/003343_2014-05-20_11-19-14_094959634447_rgbf000065-resize,scene:kv2/kinect2data/003343_2014-05-20_11-19-14_094959634447_rgbf000065-resize,kv2,classroom,test,left_right,,2,"Looking at the window, is the table positioned on its left or right?",,left,choice,left|right,SUNRGBD/kv2/kinect2data/003343_2014-05-20_11-19-14_094959634447_rgbf000065-resize/image/0000065.jpg,SUNRGBD/kv2/kinect2data/003343_2014-05-20_11-19-14_094959634447_rgbf000065-resize/depth_bfx/0000065.png,rule,"{""a_concept"": ""table"", ""b_concept"": ""window"", ""a_centroid_x"": 100.74336685217057, ""b_centroid_x"": 527.507423904974, ""horizontal_gap_px"": 426.7640570528034, ""image_width"": 730}"
test_004308,kv2/kinect2data/002980_2014-06-08_18-35-14_094959634447_rgbf000165-resize,scene:kv2/kinect2data/002980_2014-06-08_18-35-14_094959634447_rgbf000165-resize,kv2,furniture_store,test,left_right,,2,"Looking at the bed, is the pillow positioned on its left or right?",,right,choice,left|right,SUNRGBD/kv2/kinect2data/002980_2014-06-08_18-35-14_094959634447_rgbf000165-resize/image/0000165.jpg,SUNRGBD/kv2/kinect2data/002980_2014-06-08_18-35-14_094959634447_rgbf000165-resize/depth_bfx/0000165.png,rule,"{""a_concept"": ""pillow"", ""b_concept"": ""bed"", ""a_centroid_x"": 600.6039942829314, ""b_centroid_x"": 341.6509791739105, ""horizontal_gap_px"": 258.95301510902084, ""image_width"": 730}"
test_006198,kv2/kinect2data/001838_2014-06-22_13-17-37_260595134347_rgbf000055-resize,scene:kv2/kinect2data/001838_2014-06-22_13-17-37_260595134347_rgbf000055-resize,kv2,furniture_store,test,left_right,,1,"Relative to the chair, is the mirror on the left or the right?",,left,choice,left|right,SUNRGBD/kv2/kinect2data/001838_2014-06-22_13-17-37_260595134347_rgbf000055-resize/image/0000055.jpg,SUNRGBD/kv2/kinect2data/001838_2014-06-22_13-17-37_260595134347_rgbf000055-resize/depth_bfx/0000055.png,rule,"{""a_concept"": ""mirror"", ""b_concept"": ""chair"", ""a_centroid_x"": 338.9404377727015, ""b_centroid_x"": 462.15722311707435, ""horizontal_gap_px"": 123.21678534437285, ""image_width"": 730}"
test_005494,kv2/kinect2data/001815_2014-06-26_20-52-55_260595134347_rgbf000020-resize,scene:kv2/kinect2data/001815_2014-06-26_20-52-55_260595134347_rgbf000020-resize,kv2,furniture_store,test,left_right,,2,"Looking at the lamp, is the painting positioned on its left or right?",,left,choice,left|right,SUNRGBD/kv2/kinect2data/001815_2014-06-26_20-52-55_260595134347_rgbf000020-resize/image/0000020.jpg,SUNRGBD/kv2/kinect2data/001815_2014-06-26_20-52-55_260595134347_rgbf000020-resize/depth_bfx/0000020.png,rule,"{""a_concept"": ""painting"", ""b_concept"": ""lamp"", ""a_centroid_x"": 249.1210277214334, ""b_centroid_x"": 518.354889685784, ""horizontal_gap_px"": 269.2338619643506, ""image_width"": 730}"
test_010923,kv2/kinect2data/001688_2014-06-26_19-16-36_260595134347_rgbf000042-resize,scene:kv2/kinect2data/001688_2014-06-26_19-16-36_260595134347_rgbf000042-resize,kv2,furniture_store,test,left_right,,4,"Which side of the window is the painting on, left or right?",,right,choice,left|right,SUNRGBD/kv2/kinect2data/001688_2014-06-26_19-16-36_260595134347_rgbf000042-resize/image/0000042.jpg,SUNRGBD/kv2/kinect2data/001688_2014-06-26_19-16-36_260595134347_rgbf000042-resize/depth_bfx/0000042.png,rule,"{""a_concept"": ""painting"", ""b_concept"": ""window"", ""a_centroid_x"": 453.0646878326758, ""b_centroid_x"": 107.85608805128402, ""horizontal_gap_px"": 345.2085997813918, ""image_width"": 730}"
test_010627,kv2/kinect2data/003657_2014-05-24_14-07-39_094959634447_rgbf000051-resize,scene:kv2/kinect2data/003657_2014-05-24_14-07-39_094959634447_rgbf000051-resize,kv2,office,test,left_right,,5,"From the paper, which direction is the backpack in, left or right?",,left,choice,left|right,SUNRGBD/kv2/kinect2data/003657_2014-05-24_14-07-39_094959634447_rgbf000051-resize/image/0000051.jpg,SUNRGBD/kv2/kinect2data/003657_2014-05-24_14-07-39_094959634447_rgbf000051-resize/depth_bfx/0000051.png,rule,"{""a_concept"": ""backpack"", ""b_concept"": ""paper"", ""a_centroid_x"": 282.8029109072902, ""b_centroid_x"": 417.6658081711266, ""horizontal_gap_px"": 134.86289726383643, ""image_width"": 730}"
test_003229,kv2/kinect2data/003099_2014-06-24_21-04-53_094959634447_rgbf000076-resize,scene:kv2/kinect2data/003099_2014-06-24_21-04-53_094959634447_rgbf000076-resize,kv2,bedroom,test,left_right,,4,"Which side of the bed is the pillow on, left or right?",,right,choice,left|right,SUNRGBD/kv2/kinect2data/003099_2014-06-24_21-04-53_094959634447_rgbf000076-resize/image/0000076.jpg,SUNRGBD/kv2/kinect2data/003099_2014-06-24_21-04-53_094959634447_rgbf000076-resize/depth_bfx/0000076.png,rule,"{""a_concept"": ""pillow"", ""b_concept"": ""bed"", ""a_centroid_x"": 566.5881152284157, ""b_centroid_x"": 466.0327225517099, ""horizontal_gap_px"": 100.55539267670582, ""image_width"": 730}"
test_000730,kv2/kinect2data/000729_2014-06-08_17-32-02_260595134347_rgbf000088-resize,scene:kv2/kinect2data/000729_2014-06-08_17-32-02_260595134347_rgbf000088-resize,kv2,office,test,left_right,,4,"Which side of the computer is the chair on, left or right?",,right,choice,left|right,SUNRGBD/kv2/kinect2data/000729_2014-06-08_17-32-02_260595134347_rgbf000088-resize/image/0000088.jpg,SUNRGBD/kv2/kinect2data/000729_2014-06-08_17-32-02_260595134347_rgbf000088-resize/depth_bfx/0000088.png,rule,"{""a_concept"": ""chair"", ""b_concept"": ""computer"", ""a_centroid_x"": 160.12599816814375, ""b_centroid_x"": -42.93469923824534, ""horizontal_gap_px"": 203.0606974063891, ""image_width"": 730}"
test_013015,kv2/kinect2data/001178_2014-06-17_15-47-11_260595134347_rgbf000124-resize,scene:kv2/kinect2data/001178_2014-06-17_15-47-11_260595134347_rgbf000124-resize,kv2,library,test,left_right,,4,"Which side of the heater is the chair on, left or right?",,right,choice,left|right,SUNRGBD/kv2/kinect2data/001178_2014-06-17_15-47-11_260595134347_rgbf000124-resize/image/0000124.jpg,SUNRGBD/kv2/kinect2data/001178_2014-06-17_15-47-11_260595134347_rgbf000124-resize/depth_bfx/0000124.png,rule,"{""a_concept"": ""chair"", ""b_concept"": ""heater"", ""a_centroid_x"": 401.7734308316086, ""b_centroid_x"": 284.17058414609795, ""horizontal_gap_px"": 117.60284668551066, ""image_width"": 730}"
test_002520,kv2/kinect2data/000117_2014-05-16_20-13-33_260595134347_rgbf000149-resize,scene:kv2/kinect2data/000117_2014-05-16_20-13-33_260595134347_rgbf000149-resize,kv2,living_room,test,left_right,,4,"Which side of the door is the bottle on, left or right?",,left,choice,left|right,SUNRGBD/kv2/kinect2data/000117_2014-05-16_20-13-33_260595134347_rgbf000149-resize/image/0000149.jpg,SUNRGBD/kv2/kinect2data/000117_2014-05-16_20-13-33_260595134347_rgbf000149-resize/depth_bfx/0000149.png,rule,"{""a_concept"": ""bottle"", ""b_concept"": ""door"", ""a_centroid_x"": 498.5608571906914, ""b_centroid_x"": 694.5645883821693, ""horizontal_gap_px"": 196.00373119147787, ""image_width"": 730}"
test_010583,kv2/kinect2data/000836_2014-06-04_19-53-08_260595134347_rgbf000044-resize,scene:kv2/kinect2data/000836_2014-06-04_19-53-08_260595134347_rgbf000044-resize,kv2,bathroom,test,left_right,,2,"Looking at the door frame, is the toilet positioned on its left or right?",,left,choice,left|right,SUNRGBD/kv2/kinect2data/000836_2014-06-04_19-53-08_260595134347_rgbf000044-resize/image/0000044.jpg,SUNRGBD/kv2/kinect2data/000836_2014-06-04_19-53-08_260595134347_rgbf000044-resize/depth_bfx/0000044.png,rule,"{""a_concept"": ""toilet"", ""b_concept"": ""doorframe"", ""a_centroid_x"": 481.40530959210145, ""b_centroid_x"": 691.0239953141663, ""horizontal_gap_px"": 209.61868572206487, ""image_width"": 730}"
test_008495,kv2/kinect2data/001897_2014-06-22_13-57-11_260595134347_rgbf000069-resize,scene:kv2/kinect2data/001897_2014-06-22_13-57-11_260595134347_rgbf000069-resize,kv2,furniture_store,test,left_right,,2,"Looking at the mattress, is the night stand positioned on its left or right?",,right,choice,left|right,SUNRGBD/kv2/kinect2data/001897_2014-06-22_13-57-11_260595134347_rgbf000069-resize/image/0000069.jpg,SUNRGBD/kv2/kinect2data/001897_2014-06-22_13-57-11_260595134347_rgbf000069-resize/depth_bfx/0000069.png,rule,"{""a_concept"": ""nightstand"", ""b_concept"": ""mattress"", ""a_centroid_x"": 695.7865887590428, ""b_centroid_x"": 136.04117885963518, ""horizontal_gap_px"": 559.7454098994076, ""image_width"": 730}"
test_012989,kv2/kinect2data/003637_2014-05-23_22-09-03_094959634447_rgbf000100-resize,scene:kv2/kinect2data/003637_2014-05-23_22-09-03_094959634447_rgbf000100-resize,kv2,office,test,left_right,,3,Is the table on the left side or the right side of the chair?,,left,choice,left|right,SUNRGBD/kv2/kinect2data/003637_2014-05-23_22-09-03_094959634447_rgbf000100-resize/image/0000100.jpg,SUNRGBD/kv2/kinect2data/003637_2014-05-23_22-09-03_094959634447_rgbf000100-resize/depth_bfx/0000100.png,rule,"{""a_concept"": ""table"", ""b_concept"": ""chair"", ""a_centroid_x"": -26.41009902723825, ""b_centroid_x"": 579.1136060781911, ""horizontal_gap_px"": 605.5237051054294, ""image_width"": 730}"
test_011865,kv2/kinect2data/001755_2014-06-26_19-53-05_260595134347_rgbf000045-resize,scene:kv2/kinect2data/001755_2014-06-26_19-53-05_260595134347_rgbf000045-resize,kv2,furniture_store,test,left_right,,1,"Relative to the plant, is the door on the left or the right?",,right,choice,left|right,SUNRGBD/kv2/kinect2data/001755_2014-06-26_19-53-05_260595134347_rgbf000045-resize/image/0000045.jpg,SUNRGBD/kv2/kinect2data/001755_2014-06-26_19-53-05_260595134347_rgbf000045-resize/depth_bfx/0000045.png,rule,"{""a_concept"": ""door"", ""b_concept"": ""plant"", ""a_centroid_x"": 664.6813563790118, ""b_centroid_x"": 206.20740156727828, ""horizontal_gap_px"": 458.47395481173356, ""image_width"": 730}"
test_008231,kv2/align_kv2/2014-12-18_12-22-42_260595134347,scene:kv2/align_kv2/2014-12-18_12-22-42_260595134347,kv2,computer_room,test,left_right,,4,"Which side of the door is the carpet on, left or right?",,right,choice,left|right,SUNRGBD/kv2/align_kv2/2014-12-18_12-22-42_260595134347/image/0000095.jpg,SUNRGBD/kv2/align_kv2/2014-12-18_12-22-42_260595134347/depth_bfx/0000095.png,rule,"{""a_concept"": ""carpet"", ""b_concept"": ""door"", ""a_centroid_x"": 526.7064943498322, ""b_centroid_x"": 118.77705844807149, ""horizontal_gap_px"": 407.92943590176066, ""image_width"": 730}"
test_001747,kv2/kinect2data/000569_2014-06-09_22-51-47_260595134347_rgbf000141-resize,scene:kv2/kinect2data/000569_2014-06-09_22-51-47_260595134347_rgbf000141-resize,kv2,corridor,test,left_right,,0,Is the sofa to the left or to the right of the door?,,right,choice,left|right,SUNRGBD/kv2/kinect2data/000569_2014-06-09_22-51-47_260595134347_rgbf000141-resize/image/0000141.jpg,SUNRGBD/kv2/kinect2data/000569_2014-06-09_22-51-47_260595134347_rgbf000141-resize/depth_bfx/0000141.png,rule,"{""a_concept"": ""sofa"", ""b_concept"": ""door"", ""a_centroid_x"": 755.8225649706887, ""b_centroid_x"": -63.19030222733132, ""horizontal_gap_px"": 819.0128671980201, ""image_width"": 730}"
test_004034,kv2/kinect2data/003265_2014-05-14_15-51-10_094959634447_rgbf000101-resize,scene:kv2/kinect2data/003265_2014-05-14_15-51-10_094959634447_rgbf000101-resize,kv2,classroom,test,left_right,,0,Is the cord to the left or to the right of the door?,,left,choice,left|right,SUNRGBD/kv2/kinect2data/003265_2014-05-14_15-51-10_094959634447_rgbf000101-resize/image/0000101.jpg,SUNRGBD/kv2/kinect2data/003265_2014-05-14_15-51-10_094959634447_rgbf000101-resize/depth_bfx/0000101.png,rule,"{""a_concept"": ""cord"", ""b_concept"": ""door"", ""a_centroid_x"": 435.027223568898, ""b_centroid_x"": 744.4195054913059, ""horizontal_gap_px"": 309.3922819224079, ""image_width"": 730}"
test_003594,kv2/kinect2data/003264_2014-05-14_15-50-39_094959634447_rgbf000100-resize,scene:kv2/kinect2data/003264_2014-05-14_15-50-39_094959634447_rgbf000100-resize,kv2,classroom,test,left_right,,0,Is the chair to the left or to the right of the desk?,,left,choice,left|right,SUNRGBD/kv2/kinect2data/003264_2014-05-14_15-50-39_094959634447_rgbf000100-resize/image/0000100.jpg,SUNRGBD/kv2/kinect2data/003264_2014-05-14_15-50-39_094959634447_rgbf000100-resize/depth_bfx/0000100.png,rule,"{""a_concept"": ""chair"", ""b_concept"": ""desk"", ""a_centroid_x"": 378.4819183376415, ""b_centroid_x"": 629.8106756238705, ""horizontal_gap_px"": 251.32875728622895, ""image_width"": 730}"
test_008103,kv2/kinect2data/000270_2014-06-02_15-00-22_260595134347_rgbf000014-resize,scene:kv2/kinect2data/000270_2014-06-02_15-00-22_260595134347_rgbf000014-resize,kv2,furniture_store,test,left_right,,5,"From the picture, which direction is the bookshelf in, left or right?",,left,choice,left|right,SUNRGBD/kv2/kinect2data/000270_2014-06-02_15-00-22_260595134347_rgbf000014-resize/image/0000014.jpg,SUNRGBD/kv2/kinect2data/000270_2014-06-02_15-00-22_260595134347_rgbf000014-resize/depth_bfx/0000014.png,rule,"{""a_concept"": ""bookshelf"", ""b_concept"": ""picture"", ""a_centroid_x"": 224.10962775750906, ""b_centroid_x"": 592.2966303334298, ""horizontal_gap_px"": 368.1870025759207, ""image_width"": 730}"
test_009220,kv2/kinect2data/001056_2014-06-08_18-46-44_260595134347_rgbf000068-resize,scene:kv2/kinect2data/001056_2014-06-08_18-46-44_260595134347_rgbf000068-resize,kv2,office,test,left_right,,0,Is the bookshelf to the left or to the right of the tree?,,left,choice,left|right,SUNRGBD/kv2/kinect2data/001056_2014-06-08_18-46-44_260595134347_rgbf000068-resize/image/0000068.jpg,SUNRGBD/kv2/kinect2data/001056_2014-06-08_18-46-44_260595134347_rgbf000068-resize/depth_bfx/0000068.png,rule,"{""a_concept"": ""bookshelf"", ""b_concept"": ""tree"", ""a_centroid_x"": 278.78841097385526, ""b_centroid_x"": 652.8752431331916, ""horizontal_gap_px"": 374.0868321593363, ""image_width"": 730}"
test_003419,kv2/kinect2data/003145_2014-05-12_11-15-35_094959634447_rgbf000101-resize,scene:kv2/kinect2data/003145_2014-05-12_11-15-35_094959634447_rgbf000101-resize,kv2,classroom,test,left_right,,5,"From the chair, which direction is the window in, left or right?",,left,choice,left|right,SUNRGBD/kv2/kinect2data/003145_2014-05-12_11-15-35_094959634447_rgbf000101-resize/image/0000101.jpg,SUNRGBD/kv2/kinect2data/003145_2014-05-12_11-15-35_094959634447_rgbf000101-resize/depth_bfx/0000101.png,rule,"{""a_concept"": ""window"", ""b_concept"": ""chair"", ""a_centroid_x"": 376.5438835520189, ""b_centroid_x"": 523.4814507175126, ""horizontal_gap_px"": 146.93756716549376, ""image_width"": 730}"
test_006590,kv2/kinect2data/001740_2014-06-26_19-47-38_260595134347_rgbf000040-resize,scene:kv2/kinect2data/001740_2014-06-26_19-47-38_260595134347_rgbf000040-resize,kv2,furniture_store,test,left_right,,0,Is the lamp to the left or to the right of the bed?,,left,choice,left|right,SUNRGBD/kv2/kinect2data/001740_2014-06-26_19-47-38_260595134347_rgbf000040-resize/image/0000040.jpg,SUNRGBD/kv2/kinect2data/001740_2014-06-26_19-47-38_260595134347_rgbf000040-resize/depth_bfx/0000040.png,rule,"{""a_concept"": ""lamp"", ""b_concept"": ""bed"", ""a_centroid_x"": 93.8202521646034, ""b_centroid_x"": 365.33000280887603, ""horizontal_gap_px"": 271.50975064427263, ""image_width"": 730}"
test_010432,kv2/kinect2data/003311_2014-05-15_11-42-23_094959634447_rgbf000101-resize,scene:kv2/kinect2data/003311_2014-05-15_11-42-23_094959634447_rgbf000101-resize,kv2,study_space,test,left_right,,5,"From the outlet, which direction is the curtain in, left or right?",,right,choice,left|right,SUNRGBD/kv2/kinect2data/003311_2014-05-15_11-42-23_094959634447_rgbf000101-resize/image/0000101.jpg,SUNRGBD/kv2/kinect2data/003311_2014-05-15_11-42-23_094959634447_rgbf000101-resize/depth_bfx/0000101.png,rule,"{""a_concept"": ""curtain"", ""b_concept"": ""outlet"", ""a_centroid_x"": 717.7559939687089, ""b_centroid_x"": 554.7527559055118, ""horizontal_gap_px"": 163.00323806319716, ""image_width"": 730}"
test_002255,kv2/align_kv2/2014-12-18_12-02-26_260595134347,scene:kv2/align_kv2/2014-12-18_12-02-26_260595134347,kv2,rest_space,test,left_right,,4,"Which side of the window is the plant on, left or right?",,left,choice,left|right,SUNRGBD/kv2/align_kv2/2014-12-18_12-02-26_260595134347/image/0000065.jpg,SUNRGBD/kv2/align_kv2/2014-12-18_12-02-26_260595134347/depth_bfx/0000065.png,rule,"{""a_concept"": ""plant"", ""b_concept"": ""window"", ""a_centroid_x"": 357.71602314322826, ""b_centroid_x"": 595.2698901187315, ""horizontal_gap_px"": 237.55386697550324, ""image_width"": 730}"
test_006360,kv2/kinect2data/002977_2014-06-08_18-29-24_094959634447_rgbf000151-resize,scene:kv2/kinect2data/002977_2014-06-08_18-29-24_094959634447_rgbf000151-resize,kv2,furniture_store,test,left_right,,5,"From the drawer, which direction is the chair in, left or right?",,right,choice,left|right,SUNRGBD/kv2/kinect2data/002977_2014-06-08_18-29-24_094959634447_rgbf000151-resize/image/0000151.jpg,SUNRGBD/kv2/kinect2data/002977_2014-06-08_18-29-24_094959634447_rgbf000151-resize/depth_bfx/0000151.png,rule,"{""a_concept"": ""chair"", ""b_concept"": ""drawer"", ""a_centroid_x"": 306.1355315653602, ""b_centroid_x"": 199.67079321412197, ""horizontal_gap_px"": 106.46473835123825, ""image_width"": 730}"
test_004888,kv2/kinect2data/000109_2014-05-14_23-41-52_260595134347_rgbf000035-resize,scene:kv2/kinect2data/000109_2014-05-14_23-41-52_260595134347_rgbf000035-resize,kv2,living_room,test,left_right,,3,Is the sofa on the left side or the right side of the shelf?,,right,choice,left|right,SUNRGBD/kv2/kinect2data/000109_2014-05-14_23-41-52_260595134347_rgbf000035-resize/image/0000035.jpg,SUNRGBD/kv2/kinect2data/000109_2014-05-14_23-41-52_260595134347_rgbf000035-resize/depth_bfx/0000035.png,rule,"{""a_concept"": ""sofa"", ""b_concept"": ""shelf"", ""a_centroid_x"": 544.3458205912335, ""b_centroid_x"": 327.47376505115335, ""horizontal_gap_px"": 216.87205554008017, ""image_width"": 730}"
test_009252,kv2/kinect2data/000045_2014-05-26_14-59-30_260595134347_rgbf000113-resize,scene:kv2/kinect2data/000045_2014-05-26_14-59-30_260595134347_rgbf000113-resize,kv2,furniture_store,test,left_right,,1,"Relative to the dresser, is the lamp on the left or the right?",,left,choice,left|right,SUNRGBD/kv2/kinect2data/000045_2014-05-26_14-59-30_260595134347_rgbf000113-resize/image/0000113.jpg,SUNRGBD/kv2/kinect2data/000045_2014-05-26_14-59-30_260595134347_rgbf000113-resize/depth_bfx/0000113.png,rule,"{""a_concept"": ""lamp"", ""b_concept"": ""dresser"", ""a_centroid_x"": 129.82831545850024, ""b_centroid_x"": 658.3730513053906, ""horizontal_gap_px"": 528.5447358468904, ""image_width"": 730}"
test_001819,kv2/kinect2data/001919_2014-06-22_14-10-24_260595134347_rgbf000037-resize,scene:kv2/kinect2data/001919_2014-06-22_14-10-24_260595134347_rgbf000037-resize,kv2,furniture_store,test,left_right,,3,Is the chair on the left side or the right side of the painting?,,left,choice,left|right,SUNRGBD/kv2/kinect2data/001919_2014-06-22_14-10-24_260595134347_rgbf000037-resize/image/0000037.jpg,SUNRGBD/kv2/kinect2data/001919_2014-06-22_14-10-24_260595134347_rgbf000037-resize/depth_bfx/0000037.png,rule,"{""a_concept"": ""chair"", ""b_concept"": ""painting"", ""a_centroid_x"": 284.87068277260505, ""b_centroid_x"": 627.2905725400651, ""horizontal_gap_px"": 342.41988976746006, ""image_width"": 730}"
test_008627,kv2/align_kv2/2014-12-18_11-51-36_260595134347,scene:kv2/align_kv2/2014-12-18_11-51-36_260595134347,kv2,conference_room,test,left_right,,2,"Looking at the board, is the cupboard positioned on its left or right?",,right,choice,left|right,SUNRGBD/kv2/align_kv2/2014-12-18_11-51-36_260595134347/image/0000161.jpg,SUNRGBD/kv2/align_kv2/2014-12-18_11-51-36_260595134347/depth_bfx/0000161.png,rule,"{""a_concept"": ""cupboard"", ""b_concept"": ""board"", ""a_centroid_x"": 561.0969881581825, ""b_centroid_x"": 13.666666666666666, ""horizontal_gap_px"": 547.4303214915159, ""image_width"": 730}"
test_011435,kv2/kinect2data/002766_2014-06-22_19-18-39_094959634447_rgbf000059-resize,scene:kv2/kinect2data/002766_2014-06-22_19-18-39_094959634447_rgbf000059-resize,kv2,bedroom,test,left_right,,4,"Which side of the backpack is the curtain on, left or right?",,right,choice,left|right,SUNRGBD/kv2/kinect2data/002766_2014-06-22_19-18-39_094959634447_rgbf000059-resize/image/0000059.jpg,SUNRGBD/kv2/kinect2data/002766_2014-06-22_19-18-39_094959634447_rgbf000059-resize/depth_bfx/0000059.png,rule,"{""a_concept"": ""curtain"", ""b_concept"": ""backpack"", ""a_centroid_x"": 810.0735255655813, ""b_centroid_x"": 169.83385831200607, ""horizontal_gap_px"": 640.2396672535752, ""image_width"": 730}"
test_007078,xtion/sun3ddata/mit_w85_basement/wg_big_lounge_1/0003683-000123439428,sun3d:mit_w85_basement/wg_big_lounge_1,xtion,kitchen,test,left_right,,1,"Relative to the machine, is the cupboard on the left or the right?",,left,choice,left|right,SUNRGBD/xtion/sun3ddata/mit_w85_basement/wg_big_lounge_1/0003683-000123439428/image/0003683-000123439428.jpg,SUNRGBD/xtion/sun3ddata/mit_w85_basement/wg_big_lounge_1/0003683-000123439428/depth_bfx/0003699-000123455733.png,rule,"{""a_concept"": ""cupboard"", ""b_concept"": ""machine"", ""a_centroid_x"": 176.0403989267453, ""b_centroid_x"": 500.4586618691647, ""horizontal_gap_px"": 324.4182629424194, ""image_width"": 591}"
test_012324,xtion/sun3ddata/Portland_hotel/Portland_hotel/0000500-000016724484,sun3d:Portland_hotel/Portland_hotel,xtion,bedroom,test,left_right,,2,"Looking at the chair, is the table positioned on its left or right?",,left,choice,left|right,SUNRGBD/xtion/sun3ddata/Portland_hotel/Portland_hotel/0000500-000016724484/image/0000500-000016724484.jpg,SUNRGBD/xtion/sun3ddata/Portland_hotel/Portland_hotel/0000500-000016724484/depth_bfx/0000500-000016724249.png,rule,"{""a_concept"": ""table"", ""b_concept"": ""chair"", ""a_centroid_x"": 48.615000744823476, ""b_centroid_x"": 154.38581128091937, ""horizontal_gap_px"": 105.7708105360959, ""image_width"": 591}"
test_006393,xtion/sun3ddata/mit_46_ted_lab2/ted_lab_a/0006625-000222254943,sun3d:mit_46_ted_lab2/ted_lab_a,xtion,office,test,left_right,,0,Is the monitor to the left or to the right of the keyboard?,,left,choice,left|right,SUNRGBD/xtion/sun3ddata/mit_46_ted_lab2/ted_lab_a/0006625-000222254943/image/0006625-000222254943.jpg,SUNRGBD/xtion/sun3ddata/mit_46_ted_lab2/ted_lab_a/0006625-000222254943/depth_bfx/0006655-000222239205.png,rule,"{""a_concept"": ""monitor"", ""b_concept"": ""keyboard"", ""a_centroid_x"": 356.76344389703036, ""b_centroid_x"": 527.0974667239159, ""horizontal_gap_px"": 170.33402282688553, ""image_width"": 591}"
test_012344,xtion/sun3ddata/mit_w85h/h4_1/0001831-000061351263,sun3d:mit_w85h/h4_1,xtion,bathroom,test,left_right,,1,"Relative to the door frame, is the rug on the left or the right?",,right,choice,left|right,SUNRGBD/xtion/sun3ddata/mit_w85h/h4_1/0001831-000061351263/image/0001831-000061351263.jpg,SUNRGBD/xtion/sun3ddata/mit_w85h/h4_1/0001831-000061351263/depth_bfx/0001840-000061366051.png,rule,"{""a_concept"": ""rug"", ""b_concept"": ""doorframe"", ""a_centroid_x"": 350.22161740194525, ""b_centroid_x"": 290.58974126546417, ""horizontal_gap_px"": 59.63187613648108, ""image_width"": 591}"
test_010638,xtion/sun3ddata/mit_w20_flr4/sc_flr4_oct_29_2012_scan1_erika/0012997-000551583687,sun3d:mit_w20_flr4/sc_flr4_oct_29_2012_scan1_erika,xtion,corridor,test,left_right,,3,Is the blackboard on the left side or the right side of the board?,,right,choice,left|right,SUNRGBD/xtion/sun3ddata/mit_w20_flr4/sc_flr4_oct_29_2012_scan1_erika/0012997-000551583687/image/0012997-000551583687.jpg,SUNRGBD/xtion/sun3ddata/mit_w20_flr4/sc_flr4_oct_29_2012_scan1_erika/0012997-000551583687/depth_bfx/0013000-000551593703.png,rule,"{""a_concept"": ""blackboard"", ""b_concept"": ""board"", ""a_centroid_x"": 150.97848549186128, ""b_centroid_x"": 23.42332029861358, ""horizontal_gap_px"": 127.5551651932477, ""image_width"": 591}"
test_011455,xtion/sun3ddata/Portland_hotel/Portland_hotel/0003210-000107552844,sun3d:Portland_hotel/Portland_hotel,xtion,bedroom,test,left_right,,1,"Relative to the chair, is the curtain on the left or the right?",,left,choice,left|right,SUNRGBD/xtion/sun3ddata/Portland_hotel/Portland_hotel/0003210-000107552844/image/0003210-000107552844.jpg,SUNRGBD/xtion/sun3ddata/Portland_hotel/Portland_hotel/0003210-000107552844/depth_bfx/0003210-000107554585.png,rule,"{""a_concept"": ""curtain"", ""b_concept"": ""chair"", ""a_centroid_x"": 243.6890708839311, ""b_centroid_x"": 437.1610066833751, ""horizontal_gap_px"": 193.471935799444, ""image_width"": 591}"
test_007015,xtion/xtion_align_data/2014_12_18_12_19_52,scene:xtion/xtion_align_data/2014_12_18_12_19_52,xtion,classroom,test,left_right,,4,"Which side of the carpet is the cabinet on, left or right?",,left,choice,left|right,SUNRGBD/xtion/xtion_align_data/2014_12_18_12_19_52/image/0000001.jpg,SUNRGBD/xtion/xtion_align_data/2014_12_18_12_19_52/depth_bfx/0000001.png,rule,"{""a_concept"": ""cabinet"", ""b_concept"": ""carpet"", ""a_centroid_x"": -9.666666666666666, ""b_centroid_x"": 521.602747513027, ""horizontal_gap_px"": 531.2694141796936, ""image_width"": 591}"
test_010949,xtion/sun3ddata/mit_76_417/76-417a/0005596-000187555536,sun3d:mit_76_417/76-417a,xtion,lab,test,left_right,,1,"Relative to the box, is the monitor on the left or the right?",,right,choice,left|right,SUNRGBD/xtion/sun3ddata/mit_76_417/76-417a/0005596-000187555536/image/0005596-000187555536.jpg,SUNRGBD/xtion/sun3ddata/mit_76_417/76-417a/0005596-000187555536/depth_bfx/0005621-000187545428.png,rule,"{""a_concept"": ""monitor"", ""b_concept"": ""box"", ""a_centroid_x"": 461.79817462849627, ""b_centroid_x"": 92.11947127605491, ""horizontal_gap_px"": 369.67870335244135, ""image_width"": 591}"
test_003965,xtion/sun3ddata/mit_ne47_2biolab/ne47_floor2/0022938-000769022168,sun3d:mit_ne47_2biolab/ne47_floor2,xtion,lab,test,left_right,,5,"From the chair, which direction is the shelf in, left or right?",,left,choice,left|right,SUNRGBD/xtion/sun3ddata/mit_ne47_2biolab/ne47_floor2/0022938-000769022168/image/0022938-000769022168.jpg,SUNRGBD/xtion/sun3ddata/mit_ne47_2biolab/ne47_floor2/0022938-000769022168/depth_bfx/0023043-000769027736.png,rule,"{""a_concept"": ""shelf"", ""b_concept"": ""chair"", ""a_centroid_x"": 401.15189985305, ""b_centroid_x"": 596.1370151879738, ""horizontal_gap_px"": 194.98511533492382, ""image_width"": 591}"
test_009078,xtion/sun3ddata/mit_32_lounge_d429/d4_lounge_1/0002478-000083019132,sun3d:mit_32_lounge_d429/d4_lounge_1,xtion,rest_space,test,left_right,,0,Is the coffee table to the left or to the right of the chair?,,right,choice,left|right,SUNRGBD/xtion/sun3ddata/mit_32_lounge_d429/d4_lounge_1/0002478-000083019132/image/0002478-000083019132.jpg,SUNRGBD/xtion/sun3ddata/mit_32_lounge_d429/d4_lounge_1/0002478-000083019132/depth_bfx/0002488-000083032982.png,rule,"{""a_concept"": ""coffeetable"", ""b_concept"": ""chair"", ""a_centroid_x"": 566.6364089361349, ""b_centroid_x"": 8.821806471400093, ""horizontal_gap_px"": 557.8146024647348, ""image_width"": 591}"
test_000589,xtion/sun3ddata/mit_76_458/76-458a/0000165-000005621115,sun3d:mit_76_458/76-458a,xtion,conference_room,test,left_right,,0,Is the chair to the left or to the right of the table?,,left,choice,left|right,SUNRGBD/xtion/sun3ddata/mit_76_458/76-458a/0000165-000005621115/image/0000165-000005621115.jpg,SUNRGBD/xtion/sun3ddata/mit_76_458/76-458a/0000165-000005621115/depth_bfx/0000165-000005606034.png,rule,"{""a_concept"": ""chair"", ""b_concept"": ""table"", ""a_centroid_x"": 298.1271983314774, ""b_centroid_x"": 540.0016358962374, ""horizontal_gap_px"": 241.87443756476, ""image_width"": 591}"
test_007084,xtion/sun3ddata/mit_ne47_2conf/ne47_floor2_conf_room/0001028-000034420932,sun3d:mit_ne47_2conf/ne47_floor2_conf_room,xtion,conference_room,test,left_right,,4,"Which side of the whiteboard is the table on, left or right?",,right,choice,left|right,SUNRGBD/xtion/sun3ddata/mit_ne47_2conf/ne47_floor2_conf_room/0001028-000034420932/image/0001028-000034420932.jpg,SUNRGBD/xtion/sun3ddata/mit_ne47_2conf/ne47_floor2_conf_room/0001028-000034420932/depth_bfx/0001032-000034423835.png,rule,"{""a_concept"": ""table"", ""b_concept"": ""whiteboard"", ""a_centroid_x"": 435.2238397020804, ""b_centroid_x"": 100.86328384666518, ""horizontal_gap_px"": 334.3605558554152, ""image_width"": 591}"
test_004763,xtion/sun3ddata/mit_w85a/a2/0004411-000147839076,sun3d:mit_w85a/a2,xtion,living_room,test,left_right,,2,"Looking at the basket, is the chair positioned on its left or right?",,right,choice,left|right,SUNRGBD/xtion/sun3ddata/mit_w85a/a2/0004411-000147839076/image/0004411-000147839076.jpg,SUNRGBD/xtion/sun3ddata/mit_w85a/a2/0004411-000147839076/depth_bfx/0004431-000147853380.png,rule,"{""a_concept"": ""chair"", ""b_concept"": ""basket"", ""a_centroid_x"": 145.78596566986937, ""b_centroid_x"": 14.87465443209223, ""horizontal_gap_px"": 130.91131123777714, ""image_width"": 591}"
test_009816,xtion/sun3ddata/mit_36_ti_lab2/tian_lab_a/0002163-000072461592,sun3d:mit_36_ti_lab2/tian_lab_a,xtion,lab,test,left_right,,2,"Looking at the baseboard, is the computer positioned on its left or right?",,right,choice,left|right,SUNRGBD/xtion/sun3ddata/mit_36_ti_lab2/tian_lab_a/0002163-000072461592/image/0002163-000072461592.jpg,SUNRGBD/xtion/sun3ddata/mit_36_ti_lab2/tian_lab_a/0002163-000072461592/depth_bfx/0002171-000072451212.png,rule,"{""a_concept"": ""computer"", ""b_concept"": ""baseboard"", ""a_centroid_x"": 523.0465864094183, ""b_centroid_x"": 187.35286588759044, ""horizontal_gap_px"": 335.69372052182786, ""image_width"": 591}"
test_009311,xtion/sun3ddata/mit_36_ti_lab/tian_lab_1/0002067-000069263832,sun3d:mit_36_ti_lab/tian_lab_1,xtion,lab,test,left_right,,5,"From the poster, which direction is the drawer in, left or right?",,left,choice,left|right,SUNRGBD/xtion/sun3ddata/mit_36_ti_lab/tian_lab_1/0002067-000069263832/image/0002067-000069263832.jpg,SUNRGBD/xtion/sun3ddata/mit_36_ti_lab/tian_lab_1/0002067-000069263832/depth_bfx/0002077-000069274563.png,rule,"{""a_concept"": ""drawer"", ""b_concept"": ""poster"", ""a_centroid_x"": 294.51218086179847, ""b_centroid_x"": 591.3529570897241, ""horizontal_gap_px"": 296.84077622792563, ""image_width"": 591}"
test_000088,xtion/sun3ddata/mit_32_g725/g725_1/0000736-000024670375,sun3d:mit_32_g725/g725_1,xtion,conference_room,test,left_right,,2,"Looking at the chair, is the window positioned on its left or right?",,right,choice,left|right,SUNRGBD/xtion/sun3ddata/mit_32_g725/g725_1/0000736-000024670375/image/0000736-000024670375.jpg,SUNRGBD/xtion/sun3ddata/mit_32_g725/g725_1/0000736-000024670375/depth_bfx/0000740-000024659876.png,rule,"{""a_concept"": ""window"", ""b_concept"": ""chair"", ""a_centroid_x"": 593.9755660033316, ""b_centroid_x"": 230.45824854970115, ""horizontal_gap_px"": 363.5173174536304, ""image_width"": 591}"
test_004584,xtion/sun3ddata/mit_w85j/j1/0007006-000234846612,sun3d:mit_w85j/j1,xtion,kitchen,test,left_right,,5,"From the light, which direction is the drawer in, left or right?",,left,choice,left|right,SUNRGBD/xtion/sun3ddata/mit_w85j/j1/0007006-000234846612/image/0007006-000234846612.jpg,SUNRGBD/xtion/sun3ddata/mit_w85j/j1/0007006-000234846612/depth_bfx/0007038-000234839362.png,rule,"{""a_concept"": ""drawer"", ""b_concept"": ""light"", ""a_centroid_x"": 136.47978717667573, ""b_centroid_x"": 550.8044203267198, ""horizontal_gap_px"": 414.32463315004406, ""image_width"": 591}"
test_010656,xtion/sun3ddata/mit_76_417/76-417a/0001305-000043704864,sun3d:mit_76_417/76-417a,xtion,lab,test,left_right,,3,Is the counter on the left side or the right side of the bin?,,right,choice,left|right,SUNRGBD/xtion/sun3ddata/mit_76_417/76-417a/0001305-000043704864/image/0001305-000043704864.jpg,SUNRGBD/xtion/sun3ddata/mit_76_417/76-417a/0001305-000043704864/depth_bfx/0001310-000043690591.png,rule,"{""a_concept"": ""counter"", ""b_concept"": ""bin"", ""a_centroid_x"": 557.6206345891097, ""b_centroid_x"": 230.65602667937114, ""horizontal_gap_px"": 326.96460790973856, ""image_width"": 591}"
test_001927,xtion/sun3ddata/mit_w85h/h2_1/0004003-000134164548,sun3d:mit_w85h/h2_1,xtion,bathroom,test,left_right,,2,"Looking at the rug, is the sink positioned on its left or right?",,right,choice,left|right,SUNRGBD/xtion/sun3ddata/mit_w85h/h2_1/0004003-000134164548/image/0004003-000134164548.jpg,SUNRGBD/xtion/sun3ddata/mit_w85h/h2_1/0004003-000134164548/depth_bfx/0004021-000134167864.png,rule,"{""a_concept"": ""sink"", ""b_concept"": ""rug"", ""a_centroid_x"": 585.0360035498039, ""b_centroid_x"": 418.8326463679475, ""horizontal_gap_px"": 166.2033571818564, ""image_width"": 591}"
test_006793,xtion/sun3ddata/mit_ne47_huge_office/ne47_floor2_office_2/0002695-000090305228,sun3d:mit_ne47_huge_office/ne47_floor2_office_2,xtion,office,test,left_right,,1,"Relative to the chair, is the table on the left or the right?",,right,choice,left|right,SUNRGBD/xtion/sun3ddata/mit_ne47_huge_office/ne47_floor2_office_2/0002695-000090305228/image/0002695-000090305228.jpg,SUNRGBD/xtion/sun3ddata/mit_ne47_huge_office/ne47_floor2_office_2/0002695-000090305228/depth_bfx/0002707-000090297191.png,rule,"{""a_concept"": ""table"", ""b_concept"": ""chair"", ""a_centroid_x"": 422.50486269539505, ""b_centroid_x"": 204.28181684117388, ""horizontal_gap_px"": 218.22304585422117, ""image_width"": 591}"
test_005842,xtion/sun3ddata/home_pt/home_pt_scan1_2012_oct_19/0015226-000510314616,sun3d:home_pt/home_pt_scan1_2012_oct_19,xtion,living_room,test,left_right,,0,Is the rug to the left or to the right of the sofa?,,right,choice,left|right,SUNRGBD/xtion/sun3ddata/home_pt/home_pt_scan1_2012_oct_19/0015226-000510314616/image/0015226-000510314616.jpg,SUNRGBD/xtion/sun3ddata/home_pt/home_pt_scan1_2012_oct_19/0015226-000510314616/depth_bfx/0015293-000510301375.png,rule,"{""a_concept"": ""rug"", ""b_concept"": ""sofa"", ""a_centroid_x"": 235.32661197324637, ""b_centroid_x"": 42.46930100755667, ""horizontal_gap_px"": 192.8573109656897, ""image_width"": 591}"
test_010701,xtion/sun3ddata/mit_46_4conf_1/bcs_floor4_conf_1/0000341-000011730600,sun3d:mit_46_4conf_1/bcs_floor4_conf_1,xtion,conference_room,test,left_right,,0,Is the table to the left or to the right of the curtain?,,left,choice,left|right,SUNRGBD/xtion/sun3ddata/mit_46_4conf_1/bcs_floor4_conf_1/0000341-000011730600/image/0000341-000011730600.jpg,SUNRGBD/xtion/sun3ddata/mit_46_4conf_1/bcs_floor4_conf_1/0000341-000011730600/depth_bfx/0000342-000011739596.png,rule,"{""a_concept"": ""table"", ""b_concept"": ""curtain"", ""a_centroid_x"": 71.95930211982872, ""b_centroid_x"": 525.8498080769696, ""horizontal_gap_px"": 453.8905059571408, ""image_width"": 591}"
test_002239,xtion/sun3ddata/mit_36_ti_lab2/tian_lab_a/0000318-000010624572,sun3d:mit_36_ti_lab2/tian_lab_a,xtion,lab,test,left_right,,4,"Which side of the handle is the machine on, left or right?",,right,choice,left|right,SUNRGBD/xtion/sun3ddata/mit_36_ti_lab2/tian_lab_a/0000318-000010624572/image/0000318-000010624572.jpg,SUNRGBD/xtion/sun3ddata/mit_36_ti_lab2/tian_lab_a/0000318-000010624572/depth_bfx/0000318-000010617992.png,rule,"{""a_concept"": ""machine"", ""b_concept"": ""handle"", ""a_centroid_x"": 497.3664160997507, ""b_centroid_x"": 403.7808, ""horizontal_gap_px"": 93.58561609975072, ""image_width"": 591}"
test_001223,xtion/sun3ddata/mit_46_ted_lab2/ted_lab_a/0006039-000202614567,sun3d:mit_46_ted_lab2/ted_lab_a,xtion,office,test,left_right,,4,"Which side of the paper is the desk on, left or right?",,right,choice,left|right,SUNRGBD/xtion/sun3ddata/mit_46_ted_lab2/ted_lab_a/0006039-000202614567/image/0006039-000202614567.jpg,SUNRGBD/xtion/sun3ddata/mit_46_ted_lab2/ted_lab_a/0006039-000202614567/depth_bfx/0006067-000202618086.png,rule,"{""a_concept"": ""desk"", ""b_concept"": ""paper"", ""a_centroid_x"": 145.4181841422506, ""b_centroid_x"": 42.56073769242494, ""horizontal_gap_px"": 102.85744644982566, ""image_width"": 591}"
test_007568,xtion/sun3ddata/mit_dorm_next_jc/dorm_next_jc_oct_30_2012_scan1_erika/0001708-000074874744,sun3d:mit_dorm_next_jc/dorm_next_jc_oct_30_2012_scan1_erika,xtion,bedroom,test,left_right,,3,Is the picture on the left side or the right side of the bottle?,,left,choice,left|right,SUNRGBD/xtion/sun3ddata/mit_dorm_next_jc/dorm_next_jc_oct_30_2012_scan1_erika/0001708-000074874744/image/0001708-000074874744.jpg,SUNRGBD/xtion/sun3ddata/mit_dorm_next_jc/dorm_next_jc_oct_30_2012_scan1_erika/0001708-000074874744/depth_bfx/0001707-000074856677.png,rule,"{""a_concept"": ""picture"", ""b_concept"": ""bottle"", ""a_centroid_x"": 250.20153746908935, ""b_centroid_x"": 495.54741554741554, ""horizontal_gap_px"": 245.3458780783262, ""image_width"": 591}"
test_012562,xtion/sun3ddata/mit_dorm_masseeh_md/dorm_masseeh_md_scan1_oct_26_2012_erika/0003000-000138188614,sun3d:mit_dorm_masseeh_md/dorm_masseeh_md_scan1_oct_26_2012_erika,xtion,bedroom,test,left_right,,0,Is the cupboard to the left or to the right of the rack?,,left,choice,left|right,SUNRGBD/xtion/sun3ddata/mit_dorm_masseeh_md/dorm_masseeh_md_scan1_oct_26_2012_erika/0003000-000138188614/image/0003000-000138188614.jpg,SUNRGBD/xtion/sun3ddata/mit_dorm_masseeh_md/dorm_masseeh_md_scan1_oct_26_2012_erika/0003000-000138188614/depth_bfx/0002998-000138182064.png,rule,"{""a_concept"": ""cupboard"", ""b_concept"": ""rack"", ""a_centroid_x"": 100.9919167551224, ""b_centroid_x"": 312.4744209822657, ""horizontal_gap_px"": 211.4825042271433, ""image_width"": 591}"
test_010020,xtion/sun3ddata/mit_76_417/76-417a/0015714-000526703940,sun3d:mit_76_417/76-417a,xtion,lab,test,left_right,,5,"From the book, which direction is the paper in, left or right?",,left,choice,left|right,SUNRGBD/xtion/sun3ddata/mit_76_417/76-417a/0015714-000526703940/image/0015714-000526703940.jpg,SUNRGBD/xtion/sun3ddata/mit_76_417/76-417a/0015714-000526703940/depth_bfx/0015785-000526710485.png,rule,"{""a_concept"": ""paper"", ""b_concept"": ""book"", ""a_centroid_x"": 175.28122117690464, ""b_centroid_x"": 578.7393608680654, ""horizontal_gap_px"": 403.4581396911608, ""image_width"": 591}"
test_010101,xtion/sun3ddata/home_puigpunyen/home_puigpunyent_scan1_2012_aug_22/0012465-000673409973,sun3d:home_puigpunyen/home_puigpunyent_scan1_2012_aug_22,xtion,dining_room,test,left_right,,5,"From the chair, which direction is the curtain in, left or right?",,left,choice,left|right,SUNRGBD/xtion/sun3ddata/home_puigpunyen/home_puigpunyent_scan1_2012_aug_22/0012465-000673409973/image/0012465-000673409973.jpg,SUNRGBD/xtion/sun3ddata/home_puigpunyen/home_puigpunyent_scan1_2012_aug_22/0012465-000673409973/depth_bfx/0012465-000673409973.png,rule,"{""a_concept"": ""curtain"", ""b_concept"": ""chair"", ""a_centroid_x"": 106.97771409812205, ""b_centroid_x"": 389.2777426350985, ""horizontal_gap_px"": 282.30002853697647, ""image_width"": 591}"
test_007763,xtion/sun3ddata/mit_32_g7_lounge/g7_lounge_1/0003720-000124646004,sun3d:mit_32_g7_lounge/g7_lounge_1,xtion,rest_space,test,left_right,,1,"Relative to the plant, is the picture on the left or the right?",,right,choice,left|right,SUNRGBD/xtion/sun3ddata/mit_32_g7_lounge/g7_lounge_1/0003720-000124646004/image/0003720-000124646004.jpg,SUNRGBD/xtion/sun3ddata/mit_32_g7_lounge/g7_lounge_1/0003720-000124646004/depth_bfx/0003736-000124644694.png,rule,"{""a_concept"": ""picture"", ""b_concept"": ""plant"", ""a_centroid_x"": 419.80050650397146, ""b_centroid_x"": 330.2748114630468, ""horizontal_gap_px"": 89.52569504092469, ""image_width"": 591}"
test_009858,xtion/sun3ddata/mit_w85_10/10_1/0000217-000007239456,sun3d:mit_w85_10/10_1,xtion,living_room,test,left_right,,2,"Looking at the chair, is the curtain positioned on its left or right?",,right,choice,left|right,SUNRGBD/xtion/sun3ddata/mit_w85_10/10_1/0000217-000007239456/image/0000217-000007239456.jpg,SUNRGBD/xtion/sun3ddata/mit_w85_10/10_1/0000217-000007239456/depth_bfx/0000217-000007251455.png,rule,"{""a_concept"": ""curtain"", ""b_concept"": ""chair"", ""a_centroid_x"": 503.4654133407097, ""b_centroid_x"": 304.8853537387569, ""horizontal_gap_px"": 198.58005960195277, ""image_width"": 591}"
test_008852,xtion/sun3ddata/mit_w85k1/scan_1/0004324-000144900023,sun3d:mit_w85k1/scan_1,xtion,bedroom,test,left_right,,5,"From the shelf, which direction is the bed in, left or right?",,left,choice,left|right,SUNRGBD/xtion/sun3ddata/mit_w85k1/scan_1/0004324-000144900023/image/0004324-000144900023.jpg,SUNRGBD/xtion/sun3ddata/mit_w85k1/scan_1/0004324-000144900023/depth_bfx/0004343-000144889283.png,rule,"{""a_concept"": ""bed"", ""b_concept"": ""shelf"", ""a_centroid_x"": 96.26709944681603, ""b_centroid_x"": 394.52158614912037, ""horizontal_gap_px"": 298.25448670230435, ""image_width"": 591}"
test_006347,xtion/sun3ddata/mit_w59_conference/conference_w59_nov_6_2012_scan1_erika/0001127-000046989432,sun3d:mit_w59_conference/conference_w59_nov_6_2012_scan1_erika,xtion,conference_room,test,left_right,,3,Is the board on the left side or the right side of the table?,,right,choice,left|right,SUNRGBD/xtion/sun3ddata/mit_w59_conference/conference_w59_nov_6_2012_scan1_erika/0001127-000046989432/image/0001127-000046989432.jpg,SUNRGBD/xtion/sun3ddata/mit_w59_conference/conference_w59_nov_6_2012_scan1_erika/0001127-000046989432/depth_bfx/0001121-000046970412.png,rule,"{""a_concept"": ""board"", ""b_concept"": ""table"", ""a_centroid_x"": 358.9342955553415, ""b_centroid_x"": 220.8176924569876, ""horizontal_gap_px"": 138.11660309835392, ""image_width"": 591}"
test_005236,xtion/sun3ddata/mit_w85g/g_0/0000284-000009485028,sun3d:mit_w85g/g_0,xtion,storage_room,test,left_right,,5,"From the photo, which direction is the shelf in, left or right?",,left,choice,left|right,SUNRGBD/xtion/sun3ddata/mit_w85g/g_0/0000284-000009485028/image/0000284-000009485028.jpg,SUNRGBD/xtion/sun3ddata/mit_w85g/g_0/0000284-000009485028/depth_bfx/0000285-000009479239.png,rule,"{""a_concept"": ""shelf"", ""b_concept"": ""photo"", ""a_centroid_x"": 294.1315380762858, ""b_centroid_x"": 606.5105942234849, ""horizontal_gap_px"": 312.3790561471991, ""image_width"": 591}"
test_011202,xtion/sun3ddata/mit_lab_16/lab_16_nov_2_2012_scan1_erika/0003618-000152095608,sun3d:mit_lab_16/lab_16_nov_2_2012_scan1_erika,xtion,lab,test,left_right,,2,"Looking at the light, is the door positioned on its left or right?",,left,choice,left|right,SUNRGBD/xtion/sun3ddata/mit_lab_16/lab_16_nov_2_2012_scan1_erika/0003618-000152095608/image/0003618-000152095608.jpg,SUNRGBD/xtion/sun3ddata/mit_lab_16/lab_16_nov_2_2012_scan1_erika/0003618-000152095608/depth_bfx/0003623-000152114840.png,rule,"{""a_concept"": ""door"", ""b_concept"": ""light"", ""a_centroid_x"": 80.70966824229693, ""b_centroid_x"": 442.79313917975566, ""horizontal_gap_px"": 362.08347093745874, ""image_width"": 591}"
test_003314,xtion/sun3ddata/home_pt/home_pt_scan1_2012_oct_19/0001810-000060630444,sun3d:home_pt/home_pt_scan1_2012_oct_19,xtion,bathroom,test,left_right,,3,Is the curtain on the left side or the right side of the pipe?,,left,choice,left|right,SUNRGBD/xtion/sun3ddata/home_pt/home_pt_scan1_2012_oct_19/0001810-000060630444/image/0001810-000060630444.jpg,SUNRGBD/xtion/sun3ddata/home_pt/home_pt_scan1_2012_oct_19/0001810-000060630444/depth_bfx/0001817-000060617362.png,rule,"{""a_concept"": ""curtain"", ""b_concept"": ""pipe"", ""a_centroid_x"": 75.20656233855888, ""b_centroid_x"": 417.4169968365122, ""horizontal_gap_px"": 342.2104344979533, ""image_width"": 591}"
test_001625,xtion/sun3ddata/mit_w85k1/scan_1/0009660-000323976011,sun3d:mit_w85k1/scan_1,xtion,living_room,test,left_right,,4,"Which side of the refrigerator is the table on, left or right?",,right,choice,left|right,SUNRGBD/xtion/sun3ddata/mit_w85k1/scan_1/0009660-000323976011/image/0009660-000323976011.jpg,SUNRGBD/xtion/sun3ddata/mit_w85k1/scan_1/0009660-000323976011/depth_bfx/0009703-000323982048.png,rule,"{""a_concept"": ""table"", ""b_concept"": ""refrigerator"", ""a_centroid_x"": 276.23926149811297, ""b_centroid_x"": 98.09693389144108, ""horizontal_gap_px"": 178.14232760667187, ""image_width"": 591}"
test_009211,xtion/sun3ddata/mit_w85d/d1/0000005-000000161536,sun3d:mit_w85d/d1,xtion,living_room,test,left_right,,0,Is the door to the left or to the right of the cupboard?,,left,choice,left|right,SUNRGBD/xtion/sun3ddata/mit_w85d/d1/0000005-000000161536/image/0000005-000000161536.jpg,SUNRGBD/xtion/sun3ddata/mit_w85d/d1/0000005-000000161536/depth_bfx/0000006-000000166847.png,rule,"{""a_concept"": ""door"", ""b_concept"": ""cupboard"", ""a_centroid_x"": 164.66107860497343, ""b_centroid_x"": 606.5637752959947, ""horizontal_gap_px"": 441.9026966910212, ""image_width"": 591}"
test_012576,xtion/sun3ddata/Portland_hotel/Portland_hotel/0009214-000308782908,sun3d:Portland_hotel/Portland_hotel,xtion,bedroom,test,left_right,,4,"Which side of the book is the laptop on, left or right?",,left,choice,left|right,SUNRGBD/xtion/sun3ddata/Portland_hotel/Portland_hotel/0009214-000308782908/image/0009214-000308782908.jpg,SUNRGBD/xtion/sun3ddata/Portland_hotel/Portland_hotel/0009214-000308782908/depth_bfx/0009214-000308784371.png,rule,"{""a_concept"": ""laptop"", ""b_concept"": ""book"", ""a_centroid_x"": 184.79898269696366, ""b_centroid_x"": 344.64545624183614, ""horizontal_gap_px"": 159.84647354487248, ""image_width"": 591}"
test_003055,xtion/sun3ddata/mit_32_g442/g442_1/0002762-000092583282,sun3d:mit_32_g442/g442_1,xtion,office,test,left_right,,5,"From the box, which direction is the table in, left or right?",,left,choice,left|right,SUNRGBD/xtion/sun3ddata/mit_32_g442/g442_1/0002762-000092583282/image/0002762-000092583282.jpg,SUNRGBD/xtion/sun3ddata/mit_32_g442/g442_1/0002762-000092583282/depth_bfx/0002775-000092599669.png,rule,"{""a_concept"": ""table"", ""b_concept"": ""box"", ""a_centroid_x"": 184.39130449879858, ""b_centroid_x"": 590.4067509014333, ""horizontal_gap_px"": 406.01544640263467, ""image_width"": 591}"
test_008123,xtion/sun3ddata/mit_dorm_sh_basement/dorm_sh_basement_oct_28_2012_scan1_erika/0001456-000060442002,sun3d:mit_dorm_sh_basement/dorm_sh_basement_oct_28_2012_scan1_erika,xtion,idk,test,left_right,,1,"Relative to the counter, is the light on the left or the right?",,right,choice,left|right,SUNRGBD/xtion/sun3ddata/mit_dorm_sh_basement/dorm_sh_basement_oct_28_2012_scan1_erika/0001456-000060442002/image/0001456-000060442002.jpg,SUNRGBD/xtion/sun3ddata/mit_dorm_sh_basement/dorm_sh_basement_oct_28_2012_scan1_erika/0001456-000060442002/depth_bfx/0001466-000060431711.png,rule,"{""a_concept"": ""light"", ""b_concept"": ""counter"", ""a_centroid_x"": 359.11623246492985, ""b_centroid_x"": 225.58055907102735, ""horizontal_gap_px"": 133.5356733939025, ""image_width"": 591}"
test_004586,xtion/sun3ddata/mit_dorm_masseeh_wm/dorm_masseeh_wm_oct_29_2012_scan1_erika/0005679-000252853085,sun3d:mit_dorm_masseeh_wm/dorm_masseeh_wm_oct_29_2012_scan1_erika,xtion,bedroom,test,left_right,,4,"Which side of the poster is the cupboard on, left or right?",,left,choice,left|right,SUNRGBD/xtion/sun3ddata/mit_dorm_masseeh_wm/dorm_masseeh_wm_oct_29_2012_scan1_erika/0005679-000252853085/image/0005679-000252853085.jpg,SUNRGBD/xtion/sun3ddata/mit_dorm_masseeh_wm/dorm_masseeh_wm_oct_29_2012_scan1_erika/0005679-000252853085/depth_bfx/0005681-000252872176.png,rule,"{""a_concept"": ""cupboard"", ""b_concept"": ""poster"", ""a_centroid_x"": 303.3957874025778, ""b_centroid_x"": 391.1408064516129, ""horizontal_gap_px"": 87.74501904903508, ""image_width"": 591}"
test_001176,xtion/sun3ddata/mit_46_4conf_1/bcs_floor4_conf_1/0000003-000000067032,sun3d:mit_46_4conf_1/bcs_floor4_conf_1,xtion,office,test,left_right,,1,"Relative to the curtain, is the shelf on the left or the right?",,right,choice,left|right,SUNRGBD/xtion/sun3ddata/mit_46_4conf_1/bcs_floor4_conf_1/0000003-000000067032/image/0000003-000000067032.jpg,SUNRGBD/xtion/sun3ddata/mit_46_4conf_1/bcs_floor4_conf_1/0000003-000000067032/depth_bfx/0000002-000000060358.png,rule,"{""a_concept"": ""shelf"", ""b_concept"": ""curtain"", ""a_centroid_x"": 421.2069828686106, ""b_centroid_x"": 141.26924274698854, ""horizontal_gap_px"": 279.9377401216221, ""image_width"": 591}"
test_002194,xtion/sun3ddata/mit_46_6conf/bcs_floor6_conf_1/0001736-000058451904,sun3d:mit_46_6conf/bcs_floor6_conf_1,xtion,conference_room,test,left_right,,1,"Relative to the computer, is the chair on the left or the right?",,right,choice,left|right,SUNRGBD/xtion/sun3ddata/mit_46_6conf/bcs_floor6_conf_1/0001736-000058451904/image/0001736-000058451904.jpg,SUNRGBD/xtion/sun3ddata/mit_46_6conf/bcs_floor6_conf_1/0001736-000058451904/depth_bfx/0001743-000058449236.png,rule,"{""a_concept"": ""chair"", ""b_concept"": ""computer"", ""a_centroid_x"": 416.0071100762962, ""b_centroid_x"": 134.70425272589517, ""horizontal_gap_px"": 281.30285735040104, ""image_width"": 591}"
test_010196,xtion/sun3ddata/mit_3_133/classroom_3133_nov_6_2012_scan1_erika/0000414-000017495352,sun3d:mit_3_133/classroom_3133_nov_6_2012_scan1_erika,xtion,lecture_theatre,test,left_right,,0,Is the chair to the left or to the right of the machine?,,left,choice,left|right,SUNRGBD/xtion/sun3ddata/mit_3_133/classroom_3133_nov_6_2012_scan1_erika/0000414-000017495352/image/0000414-000017495352.jpg,SUNRGBD/xtion/sun3ddata/mit_3_133/classroom_3133_nov_6_2012_scan1_erika/0000414-000017495352/depth_bfx/0000415-000017506645.png,rule,"{""a_concept"": ""chair"", ""b_concept"": ""machine"", ""a_centroid_x"": 266.2096696243886, ""b_centroid_x"": 524.7915034158618, ""horizontal_gap_px"": 258.58183379147323, ""image_width"": 591}"
test_009963,xtion/sun3ddata/mit_lab_hj/lab_hj_work_nov_2_2012_scan1_erika/0002891-000118110384,sun3d:mit_lab_hj/lab_hj_work_nov_2_2012_scan1_erika,xtion,office,test,left_right,,5,"From the wood, which direction is the window in, left or right?",,right,choice,left|right,SUNRGBD/xtion/sun3ddata/mit_lab_hj/lab_hj_work_nov_2_2012_scan1_erika/0002891-000118110384/image/0002891-000118110384.jpg,SUNRGBD/xtion/sun3ddata/mit_lab_hj/lab_hj_work_nov_2_2012_scan1_erika/0002891-000118110384/depth_bfx/0002898-000118097454.png,rule,"{""a_concept"": ""window"", ""b_concept"": ""wood"", ""a_centroid_x"": 455.70257889839246, ""b_centroid_x"": 116.86595123788007, ""horizontal_gap_px"": 338.83662766051236, ""image_width"": 591}"
test_006787,xtion/sun3ddata/brown_cogsci_6/brown_cogsci_6/0001909-000064157791,sun3d:brown_cogsci_6/brown_cogsci_6,xtion,corridor,test,left_right,,5,"From the frame, which direction is the sign in, left or right?",,right,choice,left|right,SUNRGBD/xtion/sun3ddata/brown_cogsci_6/brown_cogsci_6/0001909-000064157791/image/0001909-000064157791.jpg,SUNRGBD/xtion/sun3ddata/brown_cogsci_6/brown_cogsci_6/0001909-000064157791/depth_bfx/0001918-000064169068.png,rule,"{""a_concept"": ""sign"", ""b_concept"": ""frame"", ""a_centroid_x"": 287.09010430361997, ""b_centroid_x"": 13.924796747967479, ""horizontal_gap_px"": 273.1653075556525, ""image_width"": 591}"
test_001651,xtion/sun3ddata/mit_76_417/76-417a/0004168-000139694688,sun3d:mit_76_417/76-417a,xtion,lab,test,left_right,,2,"Looking at the trash can, is the refrigerator positioned on its left or right?",,left,choice,left|right,SUNRGBD/xtion/sun3ddata/mit_76_417/76-417a/0004168-000139694688/image/0004168-000139694688.jpg,SUNRGBD/xtion/sun3ddata/mit_76_417/76-417a/0004168-000139694688/depth_bfx/0004187-000139693923.png,rule,"{""a_concept"": ""refrigerator"", ""b_concept"": ""trashcan"", ""a_centroid_x"": 285.01635068450344, ""b_centroid_x"": 436.0147789369101, ""horizontal_gap_px"": 150.99842825240665, ""image_width"": 591}"
test_010506,xtion/sun3ddata/mit_36_ti_lab/tian_lab_1/0003688-000123593268,sun3d:mit_36_ti_lab/tian_lab_1,xtion,lab,test,left_right,,4,"Which side of the cupboard is the paper on, left or right?",,left,choice,left|right,SUNRGBD/xtion/sun3ddata/mit_36_ti_lab/tian_lab_1/0003688-000123593268/image/0003688-000123593268.jpg,SUNRGBD/xtion/sun3ddata/mit_36_ti_lab/tian_lab_1/0003688-000123593268/depth_bfx/0003705-000123599702.png,rule,"{""a_concept"": ""paper"", ""b_concept"": ""cupboard"", ""a_centroid_x"": 82.59235099980586, ""b_centroid_x"": 580.5528725081786, ""horizontal_gap_px"": 497.9605215083727, ""image_width"": 591}"
test_008172,xtion/xtion_align_data/2014_12_18_12_0_43,scene:xtion/xtion_align_data/2014_12_18_12_0_43,xtion,office_dining,test,left_right,,3,Is the whiteboard on the left side or the right side of the table?,,left,choice,left|right,SUNRGBD/xtion/xtion_align_data/2014_12_18_12_0_43/image/0000213.jpg,SUNRGBD/xtion/xtion_align_data/2014_12_18_12_0_43/depth_bfx/0000213.png,rule,"{""a_concept"": ""whiteboard"", ""b_concept"": ""table"", ""a_centroid_x"": 4.188852052015683, ""b_centroid_x"": 377.11834748938895, ""horizontal_gap_px"": 372.92949543737325, ""image_width"": 591}"
test_001805,xtion/sun3ddata/mit_36_ti_lab/tian_lab_1/0006275-000210332676,sun3d:mit_36_ti_lab/tian_lab_1,xtion,lab,test,left_right,,4,"Which side of the machine is the shelf on, left or right?",,left,choice,left|right,SUNRGBD/xtion/sun3ddata/mit_36_ti_lab/tian_lab_1/0006275-000210332676/image/0006275-000210332676.jpg,SUNRGBD/xtion/sun3ddata/mit_36_ti_lab/tian_lab_1/0006275-000210332676/depth_bfx/0006304-000210326383.png,rule,"{""a_concept"": ""shelf"", ""b_concept"": ""machine"", ""a_centroid_x"": 153.23614043403825, ""b_centroid_x"": 332.1002939094244, ""horizontal_gap_px"": 178.86415347538616, ""image_width"": 591}"
test_007389,xtion/sun3ddata/mit_46_4conf_1/bcs_floor4_conf_1/0001022-000034554996,sun3d:mit_46_4conf_1/bcs_floor4_conf_1,xtion,conference_room,test,left_right,,4,"Which side of the table is the sofa on, left or right?",,right,choice,left|right,SUNRGBD/xtion/sun3ddata/mit_46_4conf_1/bcs_floor4_conf_1/0001022-000034554996/image/0001022-000034554996.jpg,SUNRGBD/xtion/sun3ddata/mit_46_4conf_1/bcs_floor4_conf_1/0001022-000034554996/depth_bfx/0001026-000034564163.png,rule,"{""a_concept"": ""sofa"", ""b_concept"": ""table"", ""a_centroid_x"": 464.9705244164268, ""b_centroid_x"": 139.49311974553902, ""horizontal_gap_px"": 325.47740467088784, ""image_width"": 591}"
test_007479,xtion/sun3ddata/mit_ne47_2conf/ne47_floor2_conf_room/0000667-000022321656,sun3d:mit_ne47_2conf/ne47_floor2_conf_room,xtion,conference_room,test,left_right,,5,"From the cpu, which direction is the table in, left or right?",,right,choice,left|right,SUNRGBD/xtion/sun3ddata/mit_ne47_2conf/ne47_floor2_conf_room/0000667-000022321656/image/0000667-000022321656.jpg,SUNRGBD/xtion/sun3ddata/mit_ne47_2conf/ne47_floor2_conf_room/0000667-000022321656/depth_bfx/0000669-000022310798.png,rule,"{""a_concept"": ""table"", ""b_concept"": ""cpu"", ""a_centroid_x"": 499.57457263676054, ""b_centroid_x"": 376.23526744531483, ""horizontal_gap_px"": 123.3393051914457, ""image_width"": 591}"
test_009113,kv1/NYUdata/NYU1163,scene:kv1/NYUdata/NYU1163,kv1,bedroom,test,left_right,,0,Is the bed to the left or to the right of the night stand?,,right,choice,left|right,SUNRGBD/kv1/NYUdata/NYU1163/image/NYU1163.jpg,SUNRGBD/kv1/NYUdata/NYU1163/depth_bfx/NYU1163.png,rule,"{""a_concept"": ""bed"", ""b_concept"": ""nightstand"", ""a_centroid_x"": 194.74831814236111, ""b_centroid_x"": 72.12616060327149, ""horizontal_gap_px"": 122.62215753908963, ""image_width"": 561}"
test_001005,kv1/b3dodata/img_0702,scene:kv1/b3dodata/img_0702,kv1,bedroom,test,left_right,,0,Is the stool to the left or to the right of the cloth?,,right,choice,left|right,SUNRGBD/kv1/b3dodata/img_0702/image/img_0702.jpg,SUNRGBD/kv1/b3dodata/img_0702/depth_bfx/img_0702_abs.png,rule,"{""a_concept"": ""stool"", ""b_concept"": ""cloth"", ""a_centroid_x"": 559.7669058637225, ""b_centroid_x"": 184.18695748086722, ""horizontal_gap_px"": 375.57994838285526, ""image_width"": 561}"
test_012139,kv1/b3dodata/img_0422,scene:kv1/b3dodata/img_0422,kv1,office,test,left_right,,4,"Which side of the mouse is the cloth on, left or right?",,right,choice,left|right,SUNRGBD/kv1/b3dodata/img_0422/image/img_0422.jpg,SUNRGBD/kv1/b3dodata/img_0422/depth_bfx/img_0422_abs.png,rule,"{""a_concept"": ""cloth"", ""b_concept"": ""mouse"", ""a_centroid_x"": 428.17482489169606, ""b_centroid_x"": 303.091412865186, ""horizontal_gap_px"": 125.08341202651008, ""image_width"": 561}"
test_009589,kv1/b3dodata/img_0569,scene:kv1/b3dodata/img_0569,kv1,bedroom,test,left_right,,3,Is the door on the left side or the right side of the table?,,right,choice,left|right,SUNRGBD/kv1/b3dodata/img_0569/image/img_0569.jpg,SUNRGBD/kv1/b3dodata/img_0569/depth_bfx/img_0569_abs.png,rule,"{""a_concept"": ""door"", ""b_concept"": ""table"", ""a_centroid_x"": 562.6019272293661, ""b_centroid_x"": 298.94571385613335, ""horizontal_gap_px"": 263.65621337323273, ""image_width"": 561}"
test_010566,kv1/NYUdata/NYU0841,scene:kv1/NYUdata/NYU0841,kv1,kitchen,test,left_right,,3,Is the window on the left side or the right side of the file?,,left,choice,left|right,SUNRGBD/kv1/NYUdata/NYU0841/image/NYU0841.jpg,SUNRGBD/kv1/NYUdata/NYU0841/depth_bfx/NYU0841.png,rule,"{""a_concept"": ""window"", ""b_concept"": ""file"", ""a_centroid_x"": 186.17278400790582, ""b_centroid_x"": 454.99080374883505, ""horizontal_gap_px"": 268.81801974092923, ""image_width"": 561}"
test_003945,kv1/NYUdata/NYU0390,scene:kv1/NYUdata/NYU0390,kv1,home_office,test,left_right,,0,Is the clock to the left or to the right of the window?,,left,choice,left|right,SUNRGBD/kv1/NYUdata/NYU0390/image/NYU0390.jpg,SUNRGBD/kv1/NYUdata/NYU0390/depth_bfx/NYU0390.png,rule,"{""a_concept"": ""clock"", ""b_concept"": ""window"", ""a_centroid_x"": 329.25274725274727, ""b_centroid_x"": 488.27465966700123, ""horizontal_gap_px"": 159.02191241425396, ""image_width"": 561}"
test_010530,kv1/NYUdata/NYU0017,scene:kv1/NYUdata/NYU0017,kv1,office,test,left_right,,5,"From the box, which direction is the table in, left or right?",,left,choice,left|right,SUNRGBD/kv1/NYUdata/NYU0017/image/NYU0017.jpg,SUNRGBD/kv1/NYUdata/NYU0017/depth_bfx/NYU0017.png,rule,"{""a_concept"": ""table"", ""b_concept"": ""box"", ""a_centroid_x"": 97.91243106770315, ""b_centroid_x"": 506.8461641630901, ""horizontal_gap_px"": 408.93373309538697, ""image_width"": 561}"
test_000456,kv1/NYUdata/NYU0194,scene:kv1/NYUdata/NYU0194,kv1,kitchen,test,left_right,,2,"Looking at the picture, is the sink positioned on its left or right?",,left,choice,left|right,SUNRGBD/kv1/NYUdata/NYU0194/image/NYU0194.jpg,SUNRGBD/kv1/NYUdata/NYU0194/depth_bfx/NYU0194.png,rule,"{""a_concept"": ""sink"", ""b_concept"": ""picture"", ""a_centroid_x"": 338.1220512820513, ""b_centroid_x"": 548.9226170707407, ""horizontal_gap_px"": 210.80056578868937, ""image_width"": 561}"
test_011401,kv1/NYUdata/NYU0713,scene:kv1/NYUdata/NYU0713,kv1,bathroom,test,left_right,,1,"Relative to the mirror, is the door on the left or the right?",,left,choice,left|right,SUNRGBD/kv1/NYUdata/NYU0713/image/NYU0713.jpg,SUNRGBD/kv1/NYUdata/NYU0713/depth_bfx/NYU0713.png,rule,"{""a_concept"": ""door"", ""b_concept"": ""mirror"", ""a_centroid_x"": 254.21023522069427, ""b_centroid_x"": 493.1334135821045, ""horizontal_gap_px"": 238.9231783614102, ""image_width"": 561}"
test_013250,kv1/NYUdata/NYU0967,scene:kv1/NYUdata/NYU0967,kv1,bedroom,test,left_right,,1,"Relative to the television, is the chair on the left or the right?",,left,choice,left|right,SUNRGBD/kv1/NYUdata/NYU0967/image/NYU0967.jpg,SUNRGBD/kv1/NYUdata/NYU0967/depth_bfx/NYU0967.png,rule,"{""a_concept"": ""chair"", ""b_concept"": ""television"", ""a_centroid_x"": 59.07278218195545, ""b_centroid_x"": 464.9243371350587, ""horizontal_gap_px"": 405.85155495310323, ""image_width"": 561}"
test_005492,kv1/b3dodata/img_0418,scene:kv1/b3dodata/img_0418,kv1,office,test,left_right,,0,Is the door to the left or to the right of the cabinet?,,right,choice,left|right,SUNRGBD/kv1/b3dodata/img_0418/image/img_0418.jpg,SUNRGBD/kv1/b3dodata/img_0418/depth_bfx/img_0418_abs.png,rule,"{""a_concept"": ""door"", ""b_concept"": ""cabinet"", ""a_centroid_x"": 395.3551085484646, ""b_centroid_x"": 302.0465170099514, ""horizontal_gap_px"": 93.30859153851321, ""image_width"": 561}"
test_001460,kv1/NYUdata/NYU1211,scene:kv1/NYUdata/NYU1211,kv1,living_room,test,left_right,,0,Is the book to the left or to the right of the sofa?,,right,choice,left|right,SUNRGBD/kv1/NYUdata/NYU1211/image/NYU1211.jpg,SUNRGBD/kv1/NYUdata/NYU1211/depth_bfx/NYU1211.png,rule,"{""a_concept"": ""book"", ""b_concept"": ""sofa"", ""a_centroid_x"": 305.8345715700842, ""b_centroid_x"": 123.85123117134052, ""horizontal_gap_px"": 181.9833403987437, ""image_width"": 561}"
test_003450,kv1/NYUdata/NYU0676,scene:kv1/NYUdata/NYU0676,kv1,bathroom,test,left_right,,3,Is the door on the left side or the right side of the blind?,,left,choice,left|right,SUNRGBD/kv1/NYUdata/NYU0676/image/NYU0676.jpg,SUNRGBD/kv1/NYUdata/NYU0676/depth_bfx/NYU0676.png,rule,"{""a_concept"": ""door"", ""b_concept"": ""blind"", ""a_centroid_x"": 50.244757633995306, ""b_centroid_x"": 380.4090593302765, ""horizontal_gap_px"": 330.1643016962812, ""image_width"": 561}"
test_011876,kv1/NYUdata/NYU0187,scene:kv1/NYUdata/NYU0187,kv1,bedroom,test,left_right,,0,Is the paper to the left or to the right of the box?,,right,choice,left|right,SUNRGBD/kv1/NYUdata/NYU0187/image/NYU0187.jpg,SUNRGBD/kv1/NYUdata/NYU0187/depth_bfx/NYU0187.png,rule,"{""a_concept"": ""paper"", ""b_concept"": ""box"", ""a_centroid_x"": 330.0230694037146, ""b_centroid_x"": 152.37275433733703, ""horizontal_gap_px"": 177.65031506637757, ""image_width"": 561}"
test_013463,kv1/NYUdata/NYU0836,scene:kv1/NYUdata/NYU0836,kv1,kitchen,test,left_right,,1,"Relative to the stool, is the paper on the left or the right?",,right,choice,left|right,SUNRGBD/kv1/NYUdata/NYU0836/image/NYU0836.jpg,SUNRGBD/kv1/NYUdata/NYU0836/depth_bfx/NYU0836.png,rule,"{""a_concept"": ""paper"", ""b_concept"": ""stool"", ""a_centroid_x"": 491.6277240490007, ""b_centroid_x"": 368.66250520183104, ""horizontal_gap_px"": 122.96521884716964, ""image_width"": 561}"
test_007162,kv1/NYUdata/NYU0581,scene:kv1/NYUdata/NYU0581,kv1,living_room,test,left_right,,4,"Which side of the clothes is the curtain on, left or right?",,right,choice,left|right,SUNRGBD/kv1/NYUdata/NYU0581/image/NYU0581.jpg,SUNRGBD/kv1/NYUdata/NYU0581/depth_bfx/NYU0581.png,rule,"{""a_concept"": ""curtain"", ""b_concept"": ""clothes"", ""a_centroid_x"": 180.3573193446611, ""b_centroid_x"": 82.57475686651705, ""horizontal_gap_px"": 97.78256247814406, ""image_width"": 561}"
test_001139,kv1/NYUdata/NYU1335,scene:kv1/NYUdata/NYU1335,kv1,living_room,test,left_right,,5,"From the clothes, which direction is the blind in, left or right?",,left,choice,left|right,SUNRGBD/kv1/NYUdata/NYU1335/image/NYU1335.jpg,SUNRGBD/kv1/NYUdata/NYU1335/depth_bfx/NYU1335.png,rule,"{""a_concept"": ""blind"", ""b_concept"": ""clothes"", ""a_centroid_x"": 237.31611404057557, ""b_centroid_x"": 536.0873659953912, ""horizontal_gap_px"": 298.7712519548156, ""image_width"": 561}"
test_013513,kv1/NYUdata/NYU0414,scene:kv1/NYUdata/NYU0414,kv1,office_kitchen,test,left_right,,5,"From the basket, which direction is the trash can in, left or right?",,right,choice,left|right,SUNRGBD/kv1/NYUdata/NYU0414/image/NYU0414.jpg,SUNRGBD/kv1/NYUdata/NYU0414/depth_bfx/NYU0414.png,rule,"{""a_concept"": ""trashcan"", ""b_concept"": ""basket"", ""a_centroid_x"": 428.1592493214903, ""b_centroid_x"": 55.30283224400871, ""horizontal_gap_px"": 372.8564170774816, ""image_width"": 561}"
test_012328,kv1/NYUdata/NYU0212,scene:kv1/NYUdata/NYU0212,kv1,living_room,test,left_right,,2,"Looking at the basket, is the table positioned on its left or right?",,left,choice,left|right,SUNRGBD/kv1/NYUdata/NYU0212/image/NYU0212.jpg,SUNRGBD/kv1/NYUdata/NYU0212/depth_bfx/NYU0212.png,rule,"{""a_concept"": ""table"", ""b_concept"": ""basket"", ""a_centroid_x"": 79.11798649822124, ""b_centroid_x"": 275.54032751760025, ""horizontal_gap_px"": 196.42234101937902, ""image_width"": 561}"
test_009472,kv1/NYUdata/NYU0435,scene:kv1/NYUdata/NYU0435,kv1,playroom,test,left_right,,2,"Looking at the television, is the sofa positioned on its left or right?",,right,choice,left|right,SUNRGBD/kv1/NYUdata/NYU0435/image/NYU0435.jpg,SUNRGBD/kv1/NYUdata/NYU0435/depth_bfx/NYU0435.png,rule,"{""a_concept"": ""sofa"", ""b_concept"": ""television"", ""a_centroid_x"": 331.8325540779013, ""b_centroid_x"": 260.85128714275584, ""horizontal_gap_px"": 70.98126693514547, ""image_width"": 561}"
test_000238,kv1/b3dodata/img_0620,scene:kv1/b3dodata/img_0620,kv1,home_office,test,left_right,,4,"Which side of the table is the monitor on, left or right?",,left,choice,left|right,SUNRGBD/kv1/b3dodata/img_0620/image/img_0620.jpg,SUNRGBD/kv1/b3dodata/img_0620/depth_bfx/img_0620_abs.png,rule,"{""a_concept"": ""monitor"", ""b_concept"": ""table"", ""a_centroid_x"": 320.2402965547318, ""b_centroid_x"": 542.1919817949201, ""horizontal_gap_px"": 221.95168524018834, ""image_width"": 561}"
test_007557,kv1/NYUdata/NYU1424,scene:kv1/NYUdata/NYU1424,kv1,dining_room,test,left_right,,0,Is the table to the left or to the right of the flower?,,left,choice,left|right,SUNRGBD/kv1/NYUdata/NYU1424/image/NYU1424.jpg,SUNRGBD/kv1/NYUdata/NYU1424/depth_bfx/NYU1424.png,rule,"{""a_concept"": ""table"", ""b_concept"": ""flower"", ""a_centroid_x"": 204.4137398833051, ""b_centroid_x"": 280.2622716894977, ""horizontal_gap_px"": 75.8485318061926, ""image_width"": 561}"
test_009694,kv1/NYUdata/NYU0559,scene:kv1/NYUdata/NYU0559,kv1,kitchen,test,left_right,,0,Is the counter to the left or to the right of the door?,,left,choice,left|right,SUNRGBD/kv1/NYUdata/NYU0559/image/NYU0559.jpg,SUNRGBD/kv1/NYUdata/NYU0559/depth_bfx/NYU0559.png,rule,"{""a_concept"": ""counter"", ""b_concept"": ""door"", ""a_centroid_x"": 268.79751707014276, ""b_centroid_x"": 531.9960775063773, ""horizontal_gap_px"": 263.1985604362346, ""image_width"": 561}"
test_000078,kv1/NYUdata/NYU0710,scene:kv1/NYUdata/NYU0710,kv1,bathroom,test,left_right,,5,"From the tissue box, which direction is the counter in, left or right?",,right,choice,left|right,SUNRGBD/kv1/NYUdata/NYU0710/image/NYU0710.jpg,SUNRGBD/kv1/NYUdata/NYU0710/depth_bfx/NYU0710.png,rule,"{""a_concept"": ""counter"", ""b_concept"": ""tissuebox"", ""a_centroid_x"": 387.53732261324194, ""b_centroid_x"": 120.54275149045354, ""horizontal_gap_px"": 266.9945711227884, ""image_width"": 561}"
test_011934,kv1/b3dodata/img_0659,scene:kv1/b3dodata/img_0659,kv1,living_room,test,left_right,,3,Is the window on the left side or the right side of the floor mat?,,right,choice,left|right,SUNRGBD/kv1/b3dodata/img_0659/image/img_0659.jpg,SUNRGBD/kv1/b3dodata/img_0659/depth_bfx/img_0659_abs.png,rule,"{""a_concept"": ""window"", ""b_concept"": ""floormat"", ""a_centroid_x"": 521.6106961816491, ""b_centroid_x"": 28.34157832744405, ""horizontal_gap_px"": 493.2691178542051, ""image_width"": 561}"
test_009533,kv1/b3dodata/img_0667,scene:kv1/b3dodata/img_0667,kv1,living_room,test,left_right,,5,"From the cloth, which direction is the book in, left or right?",,left,choice,left|right,SUNRGBD/kv1/b3dodata/img_0667/image/img_0667.jpg,SUNRGBD/kv1/b3dodata/img_0667/depth_bfx/img_0667_abs.png,rule,"{""a_concept"": ""book"", ""b_concept"": ""cloth"", ""a_centroid_x"": 22.320849356294936, ""b_centroid_x"": 190.56118565436006, ""horizontal_gap_px"": 168.24033629806513, ""image_width"": 561}"
test_000190,kv1/NYUdata/NYU0434,scene:kv1/NYUdata/NYU0434,kv1,playroom,test,left_right,,0,Is the window to the left or to the right of the ottoman?,,right,choice,left|right,SUNRGBD/kv1/NYUdata/NYU0434/image/NYU0434.jpg,SUNRGBD/kv1/NYUdata/NYU0434/depth_bfx/NYU0434.png,rule,"{""a_concept"": ""window"", ""b_concept"": ""ottoman"", ""a_centroid_x"": 282.4689057321002, ""b_centroid_x"": 134.0169341985428, ""horizontal_gap_px"": 148.4519715335574, ""image_width"": 561}"
test_009328,kv1/NYUdata/NYU1175,scene:kv1/NYUdata/NYU1175,kv1,bedroom,test,left_right,,5,"From the clothes, which direction is the curtain in, left or right?",,right,choice,left|right,SUNRGBD/kv1/NYUdata/NYU1175/image/NYU1175.jpg,SUNRGBD/kv1/NYUdata/NYU1175/depth_bfx/NYU1175.png,rule,"{""a_concept"": ""curtain"", ""b_concept"": ""clothes"", ""a_centroid_x"": 335.61243789617953, ""b_centroid_x"": 218.1589598108747, ""horizontal_gap_px"": 117.45347808530482, ""image_width"": 561}"
test_009952,kv1/NYUdata/NYU0361,scene:kv1/NYUdata/NYU0361,kv1,home_office,test,left_right,,1,"Relative to the mouse, is the chair on the left or the right?",,left,choice,left|right,SUNRGBD/kv1/NYUdata/NYU0361/image/NYU0361.jpg,SUNRGBD/kv1/NYUdata/NYU0361/depth_bfx/NYU0361.png,rule,"{""a_concept"": ""chair"", ""b_concept"": ""mouse"", ""a_centroid_x"": 70.74938154412611, ""b_centroid_x"": 415.31356837606836, ""horizontal_gap_px"": 344.56418683194227, ""image_width"": 561}"
test_003783,kv1/b3dodata/img_0807,scene:kv1/b3dodata/img_0807,kv1,kitchen,test,left_right,,2,"Looking at the refrigerator, is the cupboard positioned on its left or right?",,right,choice,left|right,SUNRGBD/kv1/b3dodata/img_0807/image/img_0807.jpg,SUNRGBD/kv1/b3dodata/img_0807/depth_bfx/img_0807_abs.png,rule,"{""a_concept"": ""cupboard"", ""b_concept"": ""refrigerator"", ""a_centroid_x"": 543.2296278663811, ""b_centroid_x"": 103.55329090404375, ""horizontal_gap_px"": 439.6763369623373, ""image_width"": 561}"
test_001152,kv1/NYUdata/NYU0769,scene:kv1/NYUdata/NYU0769,kv1,kitchen,test,left_right,,0,Is the microwave to the left or to the right of the stove?,,left,choice,left|right,SUNRGBD/kv1/NYUdata/NYU0769/image/NYU0769.jpg,SUNRGBD/kv1/NYUdata/NYU0769/depth_bfx/NYU0769.png,rule,"{""a_concept"": ""microwave"", ""b_concept"": ""stove"", ""a_centroid_x"": 116.85693848354792, ""b_centroid_x"": 195.32871062769092, ""horizontal_gap_px"": 78.471772144143, ""image_width"": 561}"
test_001466,realsense/lg/2014_10_26-14_59_19-1311000073,scene:realsense/lg/2014_10_26-14_59_19-1311000073,realsense,conference_room,test,left_right,,0,Is the table to the left or to the right of the machine?,,right,choice,left|right,SUNRGBD/realsense/lg/2014_10_26-14_59_19-1311000073/image/0000063.jpg,SUNRGBD/realsense/lg/2014_10_26-14_59_19-1311000073/depth_bfx/0000063.png,rule,"{""a_concept"": ""table"", ""b_concept"": ""machine"", ""a_centroid_x"": 626.1437909757038, ""b_centroid_x"": -94.2448018112504, ""horizontal_gap_px"": 720.3885927869542, ""image_width"": 681}"
test_001497,realsense/lg/2014_10_30-16_10_52-1311000073,scene:realsense/lg/2014_10_30-16_10_52-1311000073,realsense,bathroom,test,left_right,,0,Is the toilet to the left or to the right of the trash can?,,left,choice,left|right,SUNRGBD/realsense/lg/2014_10_30-16_10_52-1311000073/image/0000063.jpg,SUNRGBD/realsense/lg/2014_10_30-16_10_52-1311000073/depth_bfx/0000063.png,rule,"{""a_concept"": ""toilet"", ""b_concept"": ""trashcan"", ""a_centroid_x"": 293.03236418472414, ""b_centroid_x"": 558.505545764574, ""horizontal_gap_px"": 265.47318157984984, ""image_width"": 681}"
test_010223,realsense/lg/2014_10_29-16_24_26-1311000073,scene:realsense/lg/2014_10_29-16_24_26-1311000073,realsense,dining_area,test,left_right,,0,Is the table to the left or to the right of the window?,,left,choice,left|right,SUNRGBD/realsense/lg/2014_10_29-16_24_26-1311000073/image/0000063.jpg,SUNRGBD/realsense/lg/2014_10_29-16_24_26-1311000073/depth_bfx/0000063.png,rule,"{""a_concept"": ""table"", ""b_concept"": ""window"", ""a_centroid_x"": 259.95115420394126, ""b_centroid_x"": 775.5802277432712, ""horizontal_gap_px"": 515.62907353933, ""image_width"": 681}"
test_009355,realsense/lg/2014_10_29-16_30_13-1311000073,scene:realsense/lg/2014_10_29-16_30_13-1311000073,realsense,dining_area,test,left_right,,5,"From the table, which direction is the sign in, left or right?",,right,choice,left|right,SUNRGBD/realsense/lg/2014_10_29-16_30_13-1311000073/image/0000064.jpg,SUNRGBD/realsense/lg/2014_10_29-16_30_13-1311000073/depth_bfx/0000064.png,rule,"{""a_concept"": ""sign"", ""b_concept"": ""table"", ""a_centroid_x"": 484.61081622080945, ""b_centroid_x"": 379.18153392593916, ""horizontal_gap_px"": 105.42928229487029, ""image_width"": 681}"
test_008418,realsense/lg/2014_10_24-13_24_59-1311000073,scene:realsense/lg/2014_10_24-13_24_59-1311000073,realsense,printer_room,test,left_right,,3,Is the door on the left side or the right side of the shelf?,,left,choice,left|right,SUNRGBD/realsense/lg/2014_10_24-13_24_59-1311000073/image/0000061.jpg,SUNRGBD/realsense/lg/2014_10_24-13_24_59-1311000073/depth_bfx/0000061.png,rule,"{""a_concept"": ""door"", ""b_concept"": ""shelf"", ""a_centroid_x"": -18.104043053468807, ""b_centroid_x"": 513.3333333333334, ""horizontal_gap_px"": 531.4373763868022, ""image_width"": 681}"
test_001362,realsense/lg/2014_10_28-15_30_26-1311000073,scene:realsense/lg/2014_10_28-15_30_26-1311000073,realsense,library,test,left_right,,3,Is the shelf on the left side or the right side of the person?,,right,choice,left|right,SUNRGBD/realsense/lg/2014_10_28-15_30_26-1311000073/image/0000063.jpg,SUNRGBD/realsense/lg/2014_10_28-15_30_26-1311000073/depth_bfx/0000063.png,rule,"{""a_concept"": ""shelf"", ""b_concept"": ""person"", ""a_centroid_x"": 659.9110646255269, ""b_centroid_x"": -52.82067977067977, ""horizontal_gap_px"": 712.7317443962068, ""image_width"": 681}"
test_010602,realsense/lg/2014_10_28-14_56_00-1311000073,scene:realsense/lg/2014_10_28-14_56_00-1311000073,realsense,library,test,left_right,,0,Is the table to the left or to the right of the board?,,right,choice,left|right,SUNRGBD/realsense/lg/2014_10_28-14_56_00-1311000073/image/0000063.jpg,SUNRGBD/realsense/lg/2014_10_28-14_56_00-1311000073/depth_bfx/0000063.png,rule,"{""a_concept"": ""table"", ""b_concept"": ""board"", ""a_centroid_x"": 335.73140915128084, ""b_centroid_x"": -86.54675513419762, ""horizontal_gap_px"": 422.27816428547845, ""image_width"": 681}"
test_005844,realsense/lg/2014_10_28-15_52_05-1311000073,scene:realsense/lg/2014_10_28-15_52_05-1311000073,realsense,library,test,left_right,,5,"From the window, which direction is the desk in, left or right?",,right,choice,left|right,SUNRGBD/realsense/lg/2014_10_28-15_52_05-1311000073/image/0000065.jpg,SUNRGBD/realsense/lg/2014_10_28-15_52_05-1311000073/depth_bfx/0000065.png,rule,"{""a_concept"": ""desk"", ""b_concept"": ""window"", ""a_centroid_x"": 295.26335332656544, ""b_centroid_x"": 44.14150050598256, ""horizontal_gap_px"": 251.1218528205829, ""image_width"": 681}"
test_011738,realsense/lg/2014_10_27-14_29_47-1311000073,scene:realsense/lg/2014_10_27-14_29_47-1311000073,realsense,library,test,left_right,,3,Is the desk on the left side or the right side of the paper?,,left,choice,left|right,SUNRGBD/realsense/lg/2014_10_27-14_29_47-1311000073/image/0000063.jpg,SUNRGBD/realsense/lg/2014_10_27-14_29_47-1311000073/depth_bfx/0000063.png,rule,"{""a_concept"": ""desk"", ""b_concept"": ""paper"", ""a_centroid_x"": 268.4966911868622, ""b_centroid_x"": 599.5525139735934, ""horizontal_gap_px"": 331.05582278673114, ""image_width"": 681}"
test_002444,realsense/lg/2014_10_24-13_22_28-1311000073,scene:realsense/lg/2014_10_24-13_22_28-1311000073,realsense,computer_room,test,left_right,,4,"Which side of the desk is the trash can on, left or right?",,left,choice,left|right,SUNRGBD/realsense/lg/2014_10_24-13_22_28-1311000073/image/0000063.jpg,SUNRGBD/realsense/lg/2014_10_24-13_22_28-1311000073/depth_bfx/0000063.png,rule,"{""a_concept"": ""trashcan"", ""b_concept"": ""desk"", ""a_centroid_x"": -112.59725907485922, ""b_centroid_x"": 371.26691963153206, ""horizontal_gap_px"": 483.8641787063913, ""image_width"": 681}"
test_013274,realsense/lg/2014_10_27-15_40_30-1311000073,scene:realsense/lg/2014_10_27-15_40_30-1311000073,realsense,rest_space,test,left_right,,2,"Looking at the table, is the chair positioned on its left or right?",,right,choice,left|right,SUNRGBD/realsense/lg/2014_10_27-15_40_30-1311000073/image/0000063.jpg,SUNRGBD/realsense/lg/2014_10_27-15_40_30-1311000073/depth_bfx/0000063.png,rule,"{""a_concept"": ""chair"", ""b_concept"": ""table"", ""a_centroid_x"": 571.7634392411846, ""b_centroid_x"": 245.53030258360604, ""horizontal_gap_px"": 326.2331366575786, ""image_width"": 681}"
test_000469,realsense/lg/2014_10_30-15_33_21-1311000073,scene:realsense/lg/2014_10_30-15_33_21-1311000073,realsense,dining_area,test,left_right,,0,Is the chair to the left or to the right of the bench?,,left,choice,left|right,SUNRGBD/realsense/lg/2014_10_30-15_33_21-1311000073/image/0000063.jpg,SUNRGBD/realsense/lg/2014_10_30-15_33_21-1311000073/depth_bfx/0000063.png,rule,"{""a_concept"": ""chair"", ""b_concept"": ""bench"", ""a_centroid_x"": 328.40023378051546, ""b_centroid_x"": 664.3009936572939, ""horizontal_gap_px"": 335.90075987677847, ""image_width"": 681}"
test_008743,realsense/lg/2014_10_25-17_26_45-1311000073,scene:realsense/lg/2014_10_25-17_26_45-1311000073,realsense,bathroom,test,left_right,,0,Is the table to the left or to the right of the mirror?,,right,choice,left|right,SUNRGBD/realsense/lg/2014_10_25-17_26_45-1311000073/image/0000063.jpg,SUNRGBD/realsense/lg/2014_10_25-17_26_45-1311000073/depth_bfx/0000063.png,rule,"{""a_concept"": ""table"", ""b_concept"": ""mirror"", ""a_centroid_x"": 258.9559734756319, ""b_centroid_x"": 154.07911939206434, ""horizontal_gap_px"": 104.87685408356754, ""image_width"": 681}"
test_005581,realsense/lg/2014_10_26-14_05_45-1311000073,scene:realsense/lg/2014_10_26-14_05_45-1311000073,realsense,library,test,left_right,,0,Is the table to the left or to the right of the window?,,left,choice,left|right,SUNRGBD/realsense/lg/2014_10_26-14_05_45-1311000073/image/0000063.jpg,SUNRGBD/realsense/lg/2014_10_26-14_05_45-1311000073/depth_bfx/0000063.png,rule,"{""a_concept"": ""table"", ""b_concept"": ""window"", ""a_centroid_x"": 408.56727358093224, ""b_centroid_x"": 780.4705415198292, ""horizontal_gap_px"": 371.903267938897, ""image_width"": 681}"
test_001193,xtion/sun3ddata/mit_dorm_next_dn/dorm_next_dn_oct_30_2012_scan1_erika/0002916-000128236020,sun3d:mit_dorm_next_dn/dorm_next_dn_oct_30_2012_scan1_erika,xtion,bedroom,test,relative_depth,farther,5,"Which one is farther, the stuffed animal or the towel?",,towel,choice,stuffed_animal|towel,SUNRGBD/xtion/sun3ddata/mit_dorm_next_dn/dorm_next_dn_oct_30_2012_scan1_erika/0002916-000128236020/image/0002916-000128236020.jpg,SUNRGBD/xtion/sun3ddata/mit_dorm_next_dn/dorm_next_dn_oct_30_2012_scan1_erika/0002916-000128236020/depth_bfx/0002911-000128238028.png,rule,"{""a_concept"": ""towel"", ""a_depth_m"": 1.4950000047683716, ""b_concept"": ""stuffedanimal"", ""b_depth_m"": 1.0379999876022339, ""comparative"": ""farther"", ""answer_concept"": ""towel""}"
test_007073,xtion/sun3ddata/mit_5_234/classroom_5234_nov_6_2012_scan1_erika/0001745-000076911531,sun3d:mit_5_234/classroom_5234_nov_6_2012_scan1_erika,xtion,classroom,test,relative_depth,farther,1,"Between the trash can and the blackboard, which one is farther from the camera?",,blackboard,choice,trash_can|blackboard,SUNRGBD/xtion/sun3ddata/mit_5_234/classroom_5234_nov_6_2012_scan1_erika/0001745-000076911531/image/0001745-000076911531.jpg,SUNRGBD/xtion/sun3ddata/mit_5_234/classroom_5234_nov_6_2012_scan1_erika/0001745-000076911531/depth_bfx/0001748-000076916122.png,rule,"{""a_concept"": ""blackboard"", ""a_depth_m"": 2.5769999027252197, ""b_concept"": ""trashcan"", ""b_depth_m"": 1.6469999551773071, ""comparative"": ""farther"", ""answer_concept"": ""blackboard""}"
test_009530,xtion/sun3ddata/mit_76_417/76-417a/0007884-000264273660,sun3d:mit_76_417/76-417a,xtion,lab,test,relative_depth,farther,1,"Between the chair and the shelf, which one is farther from the camera?",,chair,choice,chair|shelf,SUNRGBD/xtion/sun3ddata/mit_76_417/76-417a/0007884-000264273660/image/0007884-000264273660.jpg,SUNRGBD/xtion/sun3ddata/mit_76_417/76-417a/0007884-000264273660/depth_bfx/0007920-000264261333.png,rule,"{""a_concept"": ""shelf"", ""a_depth_m"": 2.3469998836517334, ""b_concept"": ""chair"", ""b_depth_m"": 4.198999881744385, ""comparative"": ""farther"", ""answer_concept"": ""chair""}"
test_002168,xtion/sun3ddata/mit_dorm_sh_flr1/dorm_sh_flr1_oct_28_2012_scan1_erika/0001522-000061032636,sun3d:mit_dorm_sh_flr1/dorm_sh_flr1_oct_28_2012_scan1_erika,xtion,basement,test,relative_depth,closer,1,"Between the door and the trash can, which one is closer to the camera?",,trash can,choice,door|trash_can,SUNRGBD/xtion/sun3ddata/mit_dorm_sh_flr1/dorm_sh_flr1_oct_28_2012_scan1_erika/0001522-000061032636/image/0001522-000061032636.jpg,SUNRGBD/xtion/sun3ddata/mit_dorm_sh_flr1/dorm_sh_flr1_oct_28_2012_scan1_erika/0001522-000061032636/depth_bfx/0001523-000061034187.png,rule,"{""a_concept"": ""trashcan"", ""a_depth_m"": 1.7979999780654907, ""b_concept"": ""door"", ""b_depth_m"": 2.5989999771118164, ""comparative"": ""closer"", ""answer_concept"": ""trashcan""}"
test_012977,xtion/sun3ddata/mit_76_417/76-417a/0014805-000496237896,sun3d:mit_76_417/76-417a,xtion,lab,test,relative_depth,farther,0,"Which is farther from the camera, the paper or the window?",,window,choice,paper|window,SUNRGBD/xtion/sun3ddata/mit_76_417/76-417a/0014805-000496237896/image/0014805-000496237896.jpg,SUNRGBD/xtion/sun3ddata/mit_76_417/76-417a/0014805-000496237896/depth_bfx/0014872-000496244359.png,rule,"{""a_concept"": ""paper"", ""a_depth_m"": 1.5180000066757202, ""b_concept"": ""window"", ""b_depth_m"": 4.638000011444092, ""comparative"": ""farther"", ""answer_concept"": ""window""}"
test_007376,xtion/sun3ddata/mit_76_459/76-459a/0000003-000000067032,sun3d:mit_76_459/76-459a,xtion,conference_room,test,relative_depth,farther,4,"Of the table and the door, which is farther?",,door,choice,table|door,SUNRGBD/xtion/sun3ddata/mit_76_459/76-459a/0000003-000000067032/image/0000003-000000067032.jpg,SUNRGBD/xtion/sun3ddata/mit_76_459/76-459a/0000003-000000067032/depth_bfx/0000003-000000077907.png,rule,"{""a_concept"": ""door"", ""a_depth_m"": 2.507999897003174, ""b_concept"": ""table"", ""b_depth_m"": 1.1410000324249268, ""comparative"": ""farther"", ""answer_concept"": ""door""}"
test_000897,xtion/sun3ddata/mit_76_458/76-458a/0000012-000000493167,sun3d:mit_76_458/76-458a,xtion,conference_room,test,relative_depth,farther,5,"Which one is farther, the table or the curtain?",,curtain,choice,table|curtain,SUNRGBD/xtion/sun3ddata/mit_76_458/76-458a/0000012-000000493167/image/0000012-000000493167.jpg,SUNRGBD/xtion/sun3ddata/mit_76_458/76-458a/0000012-000000493167/depth_bfx/0000012-000000500539.png,rule,"{""a_concept"": ""table"", ""a_depth_m"": 1.8450000286102295, ""b_concept"": ""curtain"", ""b_depth_m"": 2.2200000286102295, ""comparative"": ""farther"", ""answer_concept"": ""curtain""}"
test_011936,xtion/sun3ddata/mit_3_huge_office/cl_1/0007203-000241382232,sun3d:mit_3_huge_office/cl_1,xtion,office,test,relative_depth,closer,3,"Which object is closer to the camera, the trash can or the cpu?",,trash can,choice,trash_can|cpu,SUNRGBD/xtion/sun3ddata/mit_3_huge_office/cl_1/0007203-000241382232/image/0007203-000241382232.jpg,SUNRGBD/xtion/sun3ddata/mit_3_huge_office/cl_1/0007203-000241382232/depth_bfx/0007234-000241379849.png,rule,"{""a_concept"": ""cpu"", ""a_depth_m"": 2.430999994277954, ""b_concept"": ""trashcan"", ""b_depth_m"": 1.6319999694824219, ""comparative"": ""closer"", ""answer_concept"": ""trashcan""}"
test_005459,xtion/sun3ddata/mit_46_ted_lab1/ted_lab_1/0004651-000155995971,sun3d:mit_46_ted_lab1/ted_lab_1,xtion,office,test,relative_depth,farther,4,"Of the shelf and the window, which is farther?",,window,choice,shelf|window,SUNRGBD/xtion/sun3ddata/mit_46_ted_lab1/ted_lab_1/0004651-000155995971/image/0004651-000155995971.jpg,SUNRGBD/xtion/sun3ddata/mit_46_ted_lab1/ted_lab_1/0004651-000155995971/depth_bfx/0004674-000156001244.png,rule,"{""a_concept"": ""window"", ""a_depth_m"": 3.242000102996826, ""b_concept"": ""shelf"", ""b_depth_m"": 2.062999963760376, ""comparative"": ""farther"", ""answer_concept"": ""window""}"
test_006061,xtion/sun3ddata/mit_lab_16/lab_16_nov_2_2012_scan1_erika/0016817-000718918200,sun3d:mit_lab_16/lab_16_nov_2_2012_scan1_erika,xtion,lab,test,relative_depth,closer,1,"Between the box and the rack, which one is closer to the camera?",,box,choice,box|rack,SUNRGBD/xtion/sun3ddata/mit_lab_16/lab_16_nov_2_2012_scan1_erika/0016817-000718918200/image/0016817-000718918200.jpg,SUNRGBD/xtion/sun3ddata/mit_lab_16/lab_16_nov_2_2012_scan1_erika/0016817-000718918200/depth_bfx/0016826-000718924921.png,rule,"{""a_concept"": ""box"", ""a_depth_m"": 0.5669999718666077, ""b_concept"": ""rack"", ""b_depth_m"": 3.4030001163482666, ""comparative"": ""closer"", ""answer_concept"": ""box""}"
test_007325,xtion/sun3ddata/mit_w85d/d1/0002016-000067863856,sun3d:mit_w85d/d1,xtion,bedroom,test,relative_depth,closer,0,"Which is closer to the camera, the bag or the sofa?",,sofa,choice,bag|sofa,SUNRGBD/xtion/sun3ddata/mit_w85d/d1/0002016-000067863856/image/0002016-000067863856.jpg,SUNRGBD/xtion/sun3ddata/mit_w85d/d1/0002016-000067863856/depth_bfx/0002026-000067873055.png,rule,"{""a_concept"": ""sofa"", ""a_depth_m"": 1.8910000324249268, ""b_concept"": ""bag"", ""b_depth_m"": 2.194000005722046, ""comparative"": ""closer"", ""answer_concept"": ""sofa""}"
test_003365,xtion/sun3ddata/mit_32_g660/g660_1/0001219-000040890142,sun3d:mit_32_g660/g660_1,xtion,bathroom,test,relative_depth,closer,5,"Which one is closer, the toilet or the door?",,door,choice,toilet|door,SUNRGBD/xtion/sun3ddata/mit_32_g660/g660_1/0001219-000040890142/image/0001219-000040890142.jpg,SUNRGBD/xtion/sun3ddata/mit_32_g660/g660_1/0001219-000040890142/depth_bfx/0001224-000040877331.png,rule,"{""a_concept"": ""door"", ""a_depth_m"": 2.3940000534057617, ""b_concept"": ""toilet"", ""b_depth_m"": 3.8369998931884766, ""comparative"": ""closer"", ""answer_concept"": ""door""}"
test_003938,xtion/sun3ddata/mit_w85a/a_living_room/0000009-000000302184,sun3d:mit_w85a/a_living_room,xtion,kitchen,test,relative_depth,closer,2,Is the towel or the chair closer to the camera?,,chair,choice,towel|chair,SUNRGBD/xtion/sun3ddata/mit_w85a/a_living_room/0000009-000000302184/image/0000009-000000302184.jpg,SUNRGBD/xtion/sun3ddata/mit_w85a/a_living_room/0000009-000000302184/depth_bfx/0000010-000000300324.png,rule,"{""a_concept"": ""towel"", ""a_depth_m"": 2.8299999237060547, ""b_concept"": ""chair"", ""b_depth_m"": 1.746999979019165, ""comparative"": ""closer"", ""answer_concept"": ""chair""}"
test_008670,xtion/sun3ddata/mit_32_g431/g431_1/0005035-000168724155,sun3d:mit_32_g431/g431_1,xtion,classroom,test,relative_depth,farther,3,"Which object is farther from the camera, the door or the trash can?",,trash can,choice,door|trash_can,SUNRGBD/xtion/sun3ddata/mit_32_g431/g431_1/0005035-000168724155/image/0005035-000168724155.jpg,SUNRGBD/xtion/sun3ddata/mit_32_g431/g431_1/0005035-000168724155/depth_bfx/0005057-000168714928.png,rule,"{""a_concept"": ""trashcan"", ""a_depth_m"": 1.7979999780654907, ""b_concept"": ""door"", ""b_depth_m"": 1.0609999895095825, ""comparative"": ""farther"", ""answer_concept"": ""trashcan""}"
test_006390,xtion/sun3ddata/mit_w85h/h4_1/0005984-000200576727,sun3d:mit_w85h/h4_1,xtion,bedroom,test,relative_depth,closer,4,"Of the bag and the bed, which is closer?",,bed,choice,bag|bed,SUNRGBD/xtion/sun3ddata/mit_w85h/h4_1/0005984-000200576727/image/0005984-000200576727.jpg,SUNRGBD/xtion/sun3ddata/mit_w85h/h4_1/0005984-000200576727/depth_bfx/0006012-000200582562.png,rule,"{""a_concept"": ""bed"", ""a_depth_m"": 1.2699999809265137, ""b_concept"": ""bag"", ""b_depth_m"": 1.5980000495910645, ""comparative"": ""closer"", ""answer_concept"": ""bed""}"
test_003530,xtion/sun3ddata/mit_32_g5_lounge/g5_lounge_1/0005528-000185278574,sun3d:mit_32_g5_lounge/g5_lounge_1,xtion,rest_space,test,relative_depth,closer,2,Is the trash can or the window closer to the camera?,,trash can,choice,trash_can|window,SUNRGBD/xtion/sun3ddata/mit_32_g5_lounge/g5_lounge_1/0005528-000185278574/image/0005528-000185278574.jpg,SUNRGBD/xtion/sun3ddata/mit_32_g5_lounge/g5_lounge_1/0005528-000185278574/depth_bfx/0005553-000185266076.png,rule,"{""a_concept"": ""window"", ""a_depth_m"": 6.618000030517578, ""b_concept"": ""trashcan"", ""b_depth_m"": 5.206999778747559, ""comparative"": ""closer"", ""answer_concept"": ""trashcan""}"
test_009713,xtion/sun3ddata/mit_dorm_next_jc/dorm_next_jc_oct_30_2012_scan1_erika/0001708-000074874744,sun3d:mit_dorm_next_jc/dorm_next_jc_oct_30_2012_scan1_erika,xtion,bedroom,test,relative_depth,farther,0,"Which is farther from the camera, the dresser or the bag?",,dresser,choice,dresser|bag,SUNRGBD/xtion/sun3ddata/mit_dorm_next_jc/dorm_next_jc_oct_30_2012_scan1_erika/0001708-000074874744/image/0001708-000074874744.jpg,SUNRGBD/xtion/sun3ddata/mit_dorm_next_jc/dorm_next_jc_oct_30_2012_scan1_erika/0001708-000074874744/depth_bfx/0001707-000074856677.png,rule,"{""a_concept"": ""dresser"", ""a_depth_m"": 2.99399995803833, ""b_concept"": ""bag"", ""b_depth_m"": 1.8339999914169312, ""comparative"": ""farther"", ""answer_concept"": ""dresser""}"
test_001249,xtion/sun3ddata/mit_dorm_masseeh_wm/dorm_masseeh_wm_oct_29_2012_scan1_erika/0000004-000000175961,sun3d:mit_dorm_masseeh_wm/dorm_masseeh_wm_oct_29_2012_scan1_erika,xtion,bedroom,test,relative_depth,farther,4,"Of the chair and the box, which is farther?",,box,choice,chair|box,SUNRGBD/xtion/sun3ddata/mit_dorm_masseeh_wm/dorm_masseeh_wm_oct_29_2012_scan1_erika/0000004-000000175961/image/0000004-000000175961.jpg,SUNRGBD/xtion/sun3ddata/mit_dorm_masseeh_wm/dorm_masseeh_wm_oct_29_2012_scan1_erika/0000004-000000175961/depth_bfx/0000004-000000166846.png,rule,"{""a_concept"": ""chair"", ""a_depth_m"": 1.8650000095367432, ""b_concept"": ""box"", ""b_depth_m"": 3.0190000534057617, ""comparative"": ""farther"", ""answer_concept"": ""box""}"
test_002273,xtion/sun3ddata/mit_w20_athena/sc_athena_oct_29_2012_scan1_erika/0001752-000073835748,sun3d:mit_w20_athena/sc_athena_oct_29_2012_scan1_erika,xtion,office,test,relative_depth,closer,0,"Which is closer to the camera, the chair or the monitor?",,chair,choice,chair|monitor,SUNRGBD/xtion/sun3ddata/mit_w20_athena/sc_athena_oct_29_2012_scan1_erika/0001752-000073835748/image/0001752-000073835748.jpg,SUNRGBD/xtion/sun3ddata/mit_w20_athena/sc_athena_oct_29_2012_scan1_erika/0001752-000073835748/depth_bfx/0001747-000073850391.png,rule,"{""a_concept"": ""monitor"", ""a_depth_m"": 2.2720000743865967, ""b_concept"": ""chair"", ""b_depth_m"": 1.4420000314712524, ""comparative"": ""closer"", ""answer_concept"": ""chair""}"
test_000757,xtion/sun3ddata/mit_w85h/h4_1/0000820-000027466587,sun3d:mit_w85h/h4_1,xtion,idk,test,relative_depth,farther,4,"Of the trash can and the paper, which is farther?",,trash can,choice,trash_can|paper,SUNRGBD/xtion/sun3ddata/mit_w85h/h4_1/0000820-000027466587/image/0000820-000027466587.jpg,SUNRGBD/xtion/sun3ddata/mit_w85h/h4_1/0000820-000027466587/depth_bfx/0000824-000027462893.png,rule,"{""a_concept"": ""paper"", ""a_depth_m"": 1.5049999952316284, ""b_concept"": ""trashcan"", ""b_depth_m"": 2.552000045776367, ""comparative"": ""farther"", ""answer_concept"": ""trashcan""}"
test_006813,xtion/sun3ddata/mit_dorm_mcc_wph/dorm_mcc_wph_oct_31_2012_scan1_erika/0007128-000317469074,sun3d:mit_dorm_mcc_wph/dorm_mcc_wph_oct_31_2012_scan1_erika,xtion,corridor,test,relative_depth,farther,5,"Which one is farther, the frame or the door?",,frame,choice,frame|door,SUNRGBD/xtion/sun3ddata/mit_dorm_mcc_wph/dorm_mcc_wph_oct_31_2012_scan1_erika/0007128-000317469074/image/0007128-000317469074.jpg,SUNRGBD/xtion/sun3ddata/mit_dorm_mcc_wph/dorm_mcc_wph_oct_31_2012_scan1_erika/0007128-000317469074/depth_bfx/0007132-000317475044.png,rule,"{""a_concept"": ""frame"", ""a_depth_m"": 4.090000152587891, ""b_concept"": ""door"", ""b_depth_m"": 3.5280001163482666, ""comparative"": ""farther"", ""answer_concept"": ""frame""}"
test_007293,xtion/xtion_align_data/2014_12_18_13_58_10,scene:xtion/xtion_align_data/2014_12_18_13_58_10,xtion,dining_area,test,relative_depth,closer,4,"Of the person and the counter, which is closer?",,person,choice,person|counter,SUNRGBD/xtion/xtion_align_data/2014_12_18_13_58_10/image/0000016.jpg,SUNRGBD/xtion/xtion_align_data/2014_12_18_13_58_10/depth_bfx/0000016.png,rule,"{""a_concept"": ""person"", ""a_depth_m"": 2.2730000019073486, ""b_concept"": ""counter"", ""b_depth_m"": 3.621000051498413, ""comparative"": ""closer"", ""answer_concept"": ""person""}"
test_000221,xtion/sun3ddata/mit_76_417/76-417a/0015471-000518559552,sun3d:mit_76_417/76-417a,xtion,lab,test,relative_depth,closer,2,Is the desk or the desktop closer to the camera?,,desktop,choice,desk|desktop,SUNRGBD/xtion/sun3ddata/mit_76_417/76-417a/0015471-000518559552/image/0015471-000518559552.jpg,SUNRGBD/xtion/sun3ddata/mit_76_417/76-417a/0015471-000518559552/depth_bfx/0015541-000518568388.png,rule,"{""a_concept"": ""desktop"", ""a_depth_m"": 0.7549999952316284, ""b_concept"": ""desk"", ""b_depth_m"": 1.3530000448226929, ""comparative"": ""closer"", ""answer_concept"": ""desktop""}"
test_006025,xtion/sun3ddata/mit_w85_8/8_1/0005171-000173507886,sun3d:mit_w85_8/8_1,xtion,home_office,test,relative_depth,farther,0,"Which is farther from the camera, the mirror or the backpack?",,backpack,choice,mirror|backpack,SUNRGBD/xtion/sun3ddata/mit_w85_8/8_1/0005171-000173507886/image/0005171-000173507886.jpg,SUNRGBD/xtion/sun3ddata/mit_w85_8/8_1/0005171-000173507886/depth_bfx/0005193-000173520100.png,rule,"{""a_concept"": ""mirror"", ""a_depth_m"": 1.9930000305175781, ""b_concept"": ""backpack"", ""b_depth_m"": 2.9260001182556152, ""comparative"": ""farther"", ""answer_concept"": ""backpack""}"
test_008082,xtion/sun3ddata/mit_46_ted_lab1/ted_lab_1/0006397-000214514907,sun3d:mit_46_ted_lab1/ted_lab_1,xtion,office,test,relative_depth,closer,5,"Which one is closer, the door or the stand?",,stand,choice,door|stand,SUNRGBD/xtion/sun3ddata/mit_46_ted_lab1/ted_lab_1/0006397-000214514907/image/0006397-000214514907.jpg,SUNRGBD/xtion/sun3ddata/mit_46_ted_lab1/ted_lab_1/0006397-000214514907/depth_bfx/0006428-000214530908.png,rule,"{""a_concept"": ""door"", ""a_depth_m"": 3.0840001106262207, ""b_concept"": ""stand"", ""b_depth_m"": 1.8660000562667847, ""comparative"": ""closer"", ""answer_concept"": ""stand""}"
test_006189,xtion/sun3ddata/mit_ne47_huge_office/ne47_floor2_office_1/0000936-000031337460,sun3d:mit_ne47_huge_office/ne47_floor2_office_1,xtion,office,test,relative_depth,closer,0,"Which is closer to the camera, the bottle or the keyboard?",,keyboard,choice,bottle|keyboard,SUNRGBD/xtion/sun3ddata/mit_ne47_huge_office/ne47_floor2_office_1/0000936-000031337460/image/0000936-000031337460.jpg,SUNRGBD/xtion/sun3ddata/mit_ne47_huge_office/ne47_floor2_office_1/0000936-000031337460/depth_bfx/0000940-000031344866.png,rule,"{""a_concept"": ""keyboard"", ""a_depth_m"": 1.149999976158142, ""b_concept"": ""bottle"", ""b_depth_m"": 1.6469999551773071, ""comparative"": ""closer"", ""answer_concept"": ""keyboard""}"
test_011908,xtion/sun3ddata/Portland_hotel/Portland_hotel/0003210-000107552844,sun3d:Portland_hotel/Portland_hotel,xtion,bedroom,test,relative_depth,farther,0,"Which is farther from the camera, the blanket or the window?",,blanket,choice,blanket|window,SUNRGBD/xtion/sun3ddata/Portland_hotel/Portland_hotel/0003210-000107552844/image/0003210-000107552844.jpg,SUNRGBD/xtion/sun3ddata/Portland_hotel/Portland_hotel/0003210-000107552844/depth_bfx/0003210-000107554585.png,rule,"{""a_concept"": ""window"", ""a_depth_m"": 1.184999942779541, ""b_concept"": ""blanket"", ""b_depth_m"": 1.8020000457763672, ""comparative"": ""farther"", ""answer_concept"": ""blanket""}"
test_007990,xtion/sun3ddata/mit_ne47_2biolab/ne47_floor2/0003216-000107818520,sun3d:mit_ne47_2biolab/ne47_floor2,xtion,lab,test,relative_depth,farther,1,"Between the bottle and the desk, which one is farther from the camera?",,bottle,choice,bottle|desk,SUNRGBD/xtion/sun3ddata/mit_ne47_2biolab/ne47_floor2/0003216-000107818520/image/0003216-000107818520.jpg,SUNRGBD/xtion/sun3ddata/mit_ne47_2biolab/ne47_floor2/0003216-000107818520/depth_bfx/0003232-000107816047.png,rule,"{""a_concept"": ""bottle"", ""a_depth_m"": 1.996000051498413, ""b_concept"": ""desk"", ""b_depth_m"": 1.121000051498413, ""comparative"": ""farther"", ""answer_concept"": ""bottle""}"
test_002060,xtion/sun3ddata/mit_lab_16/lab_16_nov_2_2012_scan1_erika/0006110-000261257220,sun3d:mit_lab_16/lab_16_nov_2_2012_scan1_erika,xtion,lab,test,relative_depth,farther,4,"Of the shelf and the window, which is farther?",,window,choice,shelf|window,SUNRGBD/xtion/sun3ddata/mit_lab_16/lab_16_nov_2_2012_scan1_erika/0006110-000261257220/image/0006110-000261257220.jpg,SUNRGBD/xtion/sun3ddata/mit_lab_16/lab_16_nov_2_2012_scan1_erika/0006110-000261257220/depth_bfx/0006114-000261232288.png,rule,"{""a_concept"": ""shelf"", ""a_depth_m"": 3.6619999408721924, ""b_concept"": ""window"", ""b_depth_m"": 6.632999897003174, ""comparative"": ""farther"", ""answer_concept"": ""window""}"
test_013225,xtion/sun3ddata/mit_w85h/h4_1/0001091-000036549423,sun3d:mit_w85h/h4_1,xtion,living_room,test,relative_depth,closer,4,"Of the toy and the frame, which is closer?",,toy,choice,toy|frame,SUNRGBD/xtion/sun3ddata/mit_w85h/h4_1/0001091-000036549423/image/0001091-000036549423.jpg,SUNRGBD/xtion/sun3ddata/mit_w85h/h4_1/0001091-000036549423/depth_bfx/0001096-000036539329.png,rule,"{""a_concept"": ""toy"", ""a_depth_m"": 1.777999997138977, ""b_concept"": ""frame"", ""b_depth_m"": 2.805000066757202, ""comparative"": ""closer"", ""answer_concept"": ""toy""}"
test_005639,xtion/xtion_align_data/2014_12_18_11_44_53,scene:xtion/xtion_align_data/2014_12_18_11_44_53,xtion,bathroom,test,relative_depth,farther,4,"Of the sign and the trash can, which is farther?",,trash can,choice,sign|trash_can,SUNRGBD/xtion/xtion_align_data/2014_12_18_11_44_53/image/0000043.jpg,SUNRGBD/xtion/xtion_align_data/2014_12_18_11_44_53/depth_bfx/0000043.png,rule,"{""a_concept"": ""sign"", ""a_depth_m"": 1.4700000286102295, ""b_concept"": ""trashcan"", ""b_depth_m"": 1.7960000038146973, ""comparative"": ""farther"", ""answer_concept"": ""trashcan""}"
test_006945,xtion/xtion_align_data/2014_12_18_14_21_13,scene:xtion/xtion_align_data/2014_12_18_14_21_13,xtion,corridor,test,relative_depth,farther,3,"Which object is farther from the camera, the tray or the trash can?",,trash can,choice,tray|trash_can,SUNRGBD/xtion/xtion_align_data/2014_12_18_14_21_13/image/0000138.jpg,SUNRGBD/xtion/xtion_align_data/2014_12_18_14_21_13/depth_bfx/0000138.png,rule,"{""a_concept"": ""trashcan"", ""a_depth_m"": 1.6770000457763672, ""b_concept"": ""tray"", ""b_depth_m"": 1.2009999752044678, ""comparative"": ""farther"", ""answer_concept"": ""trashcan""}"
test_000606,xtion/sun3ddata/mit_w85j/j1/0006210-000208167876,sun3d:mit_w85j/j1,xtion,home_office,test,relative_depth,closer,5,"Which one is closer, the laptop or the counter?",,laptop,choice,laptop|counter,SUNRGBD/xtion/sun3ddata/mit_w85j/j1/0006210-000208167876/image/0006210-000208167876.jpg,SUNRGBD/xtion/sun3ddata/mit_w85j/j1/0006210-000208167876/depth_bfx/0006239-000208177331.png,rule,"{""a_concept"": ""laptop"", ""a_depth_m"": 1.6950000524520874, ""b_concept"": ""counter"", ""b_depth_m"": 3.0920000076293945, ""comparative"": ""closer"", ""answer_concept"": ""laptop""}"
test_007771,xtion/sun3ddata/mit_dorm_next_552/dorm_next_552_oct_30_2012_scan1_erika/0000266-000012467952,sun3d:mit_dorm_next_552/dorm_next_552_oct_30_2012_scan1_erika,xtion,bedroom,test,relative_depth,farther,4,"Of the dresser and the bookshelf, which is farther?",,bookshelf,choice,dresser|bookshelf,SUNRGBD/xtion/sun3ddata/mit_dorm_next_552/dorm_next_552_oct_30_2012_scan1_erika/0000266-000012467952/image/0000266-000012467952.jpg,SUNRGBD/xtion/sun3ddata/mit_dorm_next_552/dorm_next_552_oct_30_2012_scan1_erika/0000266-000012467952/depth_bfx/0000265-000012452104.png,rule,"{""a_concept"": ""dresser"", ""a_depth_m"": 0.8370000123977661, ""b_concept"": ""bookshelf"", ""b_depth_m"": 1.61899995803833, ""comparative"": ""farther"", ""answer_concept"": ""bookshelf""}"
test_003306,xtion/sun3ddata/mit_w85j/j1/0005244-000175791420,sun3d:mit_w85j/j1,xtion,living_room,test,relative_depth,closer,2,Is the door or the table closer to the camera?,,table,choice,door|table,SUNRGBD/xtion/sun3ddata/mit_w85j/j1/0005244-000175791420/image/0005244-000175791420.jpg,SUNRGBD/xtion/sun3ddata/mit_w85j/j1/0005244-000175791420/depth_bfx/0005268-000175775789.png,rule,"{""a_concept"": ""door"", ""a_depth_m"": 1.7970000505447388, ""b_concept"": ""table"", ""b_depth_m"": 1.0169999599456787, ""comparative"": ""closer"", ""answer_concept"": ""table""}"
test_002819,xtion/sun3ddata/mit_w85h/h4_1/0000359-000012015711,sun3d:mit_w85h/h4_1,xtion,dining_room,test,relative_depth,farther,2,Is the shelf or the window farther from the camera?,,window,choice,shelf|window,SUNRGBD/xtion/sun3ddata/mit_w85h/h4_1/0000359-000012015711/image/0000359-000012015711.jpg,SUNRGBD/xtion/sun3ddata/mit_w85h/h4_1/0000359-000012015711/depth_bfx/0000361-000012012930.png,rule,"{""a_concept"": ""window"", ""a_depth_m"": 2.3550000190734863, ""b_concept"": ""shelf"", ""b_depth_m"": 1.1299999952316284, ""comparative"": ""farther"", ""answer_concept"": ""window""}"
test_010458,xtion/xtion_align_data/2014_12_18_11_56_37,scene:xtion/xtion_align_data/2014_12_18_11_56_37,xtion,rest_space,test,relative_depth,closer,5,"Which one is closer, the table or the tree?",,tree,choice,table|tree,SUNRGBD/xtion/xtion_align_data/2014_12_18_11_56_37/image/0000023.jpg,SUNRGBD/xtion/xtion_align_data/2014_12_18_11_56_37/depth_bfx/0000023.png,rule,"{""a_concept"": ""table"", ""a_depth_m"": 1.9880000352859497, ""b_concept"": ""tree"", ""b_depth_m"": 1.3589999675750732, ""comparative"": ""closer"", ""answer_concept"": ""tree""}"
test_010826,xtion/sun3ddata/mit_36_ti_office/tian_office_1/0002091-000070081956,sun3d:mit_36_ti_office/tian_office_1,xtion,office,test,relative_depth,farther,0,"Which is farther from the camera, the sofa or the chair?",,chair,choice,sofa|chair,SUNRGBD/xtion/sun3ddata/mit_36_ti_office/tian_office_1/0002091-000070081956/image/0002091-000070081956.jpg,SUNRGBD/xtion/sun3ddata/mit_36_ti_office/tian_office_1/0002091-000070081956/depth_bfx/0002100-000070071148.png,rule,"{""a_concept"": ""sofa"", ""a_depth_m"": 2.880000114440918, ""b_concept"": ""chair"", ""b_depth_m"": 4.414000034332275, ""comparative"": ""farther"", ""answer_concept"": ""chair""}"
test_006085,xtion/xtion_align_data/2014_12_18_13_58_21,scene:xtion/xtion_align_data/2014_12_18_13_58_21,xtion,reception_room,test,relative_depth,closer,2,Is the table or the door closer to the camera?,,table,choice,table|door,SUNRGBD/xtion/xtion_align_data/2014_12_18_13_58_21/image/0000064.jpg,SUNRGBD/xtion/xtion_align_data/2014_12_18_13_58_21/depth_bfx/0000064.png,rule,"{""a_concept"": ""table"", ""a_depth_m"": 1.5770000219345093, ""b_concept"": ""door"", ""b_depth_m"": 4.300000190734863, ""comparative"": ""closer"", ""answer_concept"": ""table""}"
test_004963,xtion/sun3ddata/mit_w85_8/8_1/0001473-000049364622,sun3d:mit_w85_8/8_1,xtion,bedroom,test,relative_depth,closer,0,"Which is closer to the camera, the bag or the mirror?",,bag,choice,bag|mirror,SUNRGBD/xtion/sun3ddata/mit_w85_8/8_1/0001473-000049364622/image/0001473-000049364622.jpg,SUNRGBD/xtion/sun3ddata/mit_w85_8/8_1/0001473-000049364622/depth_bfx/0001479-000049353120.png,rule,"{""a_concept"": ""mirror"", ""a_depth_m"": 1.940000057220459, ""b_concept"": ""bag"", ""b_depth_m"": 1.3880000114440918, ""comparative"": ""closer"", ""answer_concept"": ""bag""}"
test_000071,xtion/sun3ddata/mit_w85_10/10_1/0000217-000007239456,sun3d:mit_w85_10/10_1,xtion,living_room,test,relative_depth,closer,1,"Between the curtain and the television, which one is closer to the camera?",,television,choice,curtain|television,SUNRGBD/xtion/sun3ddata/mit_w85_10/10_1/0000217-000007239456/image/0000217-000007239456.jpg,SUNRGBD/xtion/sun3ddata/mit_w85_10/10_1/0000217-000007239456/depth_bfx/0000217-000007251455.png,rule,"{""a_concept"": ""curtain"", ""a_depth_m"": 3.3540000915527344, ""b_concept"": ""television"", ""b_depth_m"": 2.6610000133514404, ""comparative"": ""closer"", ""answer_concept"": ""television""}"
test_009386,xtion/sun3ddata/mit_32_g531/g531_1/0000504-000016858548,sun3d:mit_32_g531/g531_1,xtion,conference_room,test,relative_depth,closer,1,"Between the board and the table, which one is closer to the camera?",,table,choice,board|table,SUNRGBD/xtion/sun3ddata/mit_32_g531/g531_1/0000504-000016858548/image/0000504-000016858548.jpg,SUNRGBD/xtion/sun3ddata/mit_32_g531/g531_1/0000504-000016858548/depth_bfx/0000505-000016844957.png,rule,"{""a_concept"": ""board"", ""a_depth_m"": 2.23799991607666, ""b_concept"": ""table"", ""b_depth_m"": 1.343999981880188, ""comparative"": ""closer"", ""answer_concept"": ""table""}"
test_008194,xtion/sun3ddata/mit_lab_16/lab_16_nov_2_2012_scan1_erika/0022254-000951284628,sun3d:mit_lab_16/lab_16_nov_2_2012_scan1_erika,xtion,lab,test,relative_depth,closer,4,"Of the rack and the chair, which is closer?",,chair,choice,rack|chair,SUNRGBD/xtion/sun3ddata/mit_lab_16/lab_16_nov_2_2012_scan1_erika/0022254-000951284628/image/0022254-000951284628.jpg,SUNRGBD/xtion/sun3ddata/mit_lab_16/lab_16_nov_2_2012_scan1_erika/0022254-000951284628/depth_bfx/0022263-000951275008.png,rule,"{""a_concept"": ""chair"", ""a_depth_m"": 0.8999999761581421, ""b_concept"": ""rack"", ""b_depth_m"": 8.0, ""comparative"": ""closer"", ""answer_concept"": ""chair""}"
test_007965,xtion/sun3ddata/mit_76_417/76-417a/0010066-000337405572,sun3d:mit_76_417/76-417a,xtion,lab,test,relative_depth,farther,2,Is the door or the oven farther from the camera?,,door,choice,door|oven,SUNRGBD/xtion/sun3ddata/mit_76_417/76-417a/0010066-000337405572/image/0010066-000337405572.jpg,SUNRGBD/xtion/sun3ddata/mit_76_417/76-417a/0010066-000337405572/depth_bfx/0010112-000337406729.png,rule,"{""a_concept"": ""oven"", ""a_depth_m"": 1.3459999561309814, ""b_concept"": ""door"", ""b_depth_m"": 1.8040000200271606, ""comparative"": ""farther"", ""answer_concept"": ""door""}"
test_013064,xtion/sun3ddata/harvard_corridor_lounge/hv_lounge_corridor2_1/0002035-000068171662,sun3d:harvard_corridor_lounge/hv_lounge_corridor2_1,xtion,corridor,test,relative_depth,farther,1,"Between the door and the picture, which one is farther from the camera?",,picture,choice,door|picture,SUNRGBD/xtion/sun3ddata/harvard_corridor_lounge/hv_lounge_corridor2_1/0002035-000068171662/image/0002035-000068171662.jpg,SUNRGBD/xtion/sun3ddata/harvard_corridor_lounge/hv_lounge_corridor2_1/0002035-000068171662/depth_bfx/0002044-000068173378.png,rule,"{""a_concept"": ""door"", ""a_depth_m"": 1.6269999742507935, ""b_concept"": ""picture"", ""b_depth_m"": 2.0959999561309814, ""comparative"": ""farther"", ""answer_concept"": ""picture""}"
test_003488,xtion/sun3ddata/mit_dorm_mcc_nk/dorm_mcc_nk_oct_31_2012_scan1_erika/0004237-000192884580,sun3d:mit_dorm_mcc_nk/dorm_mcc_nk_oct_31_2012_scan1_erika,xtion,bedroom,test,relative_depth,farther,1,"Between the window and the book, which one is farther from the camera?",,window,choice,window|book,SUNRGBD/xtion/sun3ddata/mit_dorm_mcc_nk/dorm_mcc_nk_oct_31_2012_scan1_erika/0004237-000192884580/image/0004237-000192884580.jpg,SUNRGBD/xtion/sun3ddata/mit_dorm_mcc_nk/dorm_mcc_nk_oct_31_2012_scan1_erika/0004237-000192884580/depth_bfx/0004243-000192894494.png,rule,"{""a_concept"": ""window"", ""a_depth_m"": 3.6579999923706055, ""b_concept"": ""book"", ""b_depth_m"": 2.808000087738037, ""comparative"": ""farther"", ""answer_concept"": ""window""}"
test_013005,xtion/sun3ddata/mit_dorm_mcc_wph/dorm_mcc_wph_oct_31_2012_scan1_erika/0006762-000300845138,sun3d:mit_dorm_mcc_wph/dorm_mcc_wph_oct_31_2012_scan1_erika,xtion,rest_space,test,relative_depth,farther,1,"Between the table and the plant, which one is farther from the camera?",,plant,choice,table|plant,SUNRGBD/xtion/sun3ddata/mit_dorm_mcc_wph/dorm_mcc_wph_oct_31_2012_scan1_erika/0006762-000300845138/image/0006762-000300845138.jpg,SUNRGBD/xtion/sun3ddata/mit_dorm_mcc_wph/dorm_mcc_wph_oct_31_2012_scan1_erika/0006762-000300845138/depth_bfx/0006769-000300823788.png,rule,"{""a_concept"": ""plant"", ""a_depth_m"": 3.4630000591278076, ""b_concept"": ""table"", ""b_depth_m"": 1.6419999599456787, ""comparative"": ""farther"", ""answer_concept"": ""plant""}"
test_010031,xtion/sun3ddata/mit_32_pingpong/pingpong_1/0002565-000085935024,sun3d:mit_32_pingpong/pingpong_1,xtion,recreation_room,test,relative_depth,closer,0,"Which is closer to the camera, the stool or the glass?",,stool,choice,stool|glass,SUNRGBD/xtion/sun3ddata/mit_32_pingpong/pingpong_1/0002565-000085935024/image/0002565-000085935024.jpg,SUNRGBD/xtion/sun3ddata/mit_32_pingpong/pingpong_1/0002565-000085935024/depth_bfx/0002576-000085938835.png,rule,"{""a_concept"": ""stool"", ""a_depth_m"": 4.714000225067139, ""b_concept"": ""glass"", ""b_depth_m"": 7.684999942779541, ""comparative"": ""closer"", ""answer_concept"": ""stool""}"
test_002464,xtion/sun3ddata/mit_76_studyroom/76-1studyroom1/0000884-000029594628,sun3d:mit_76_studyroom/76-1studyroom1,xtion,discussion_area,test,relative_depth,farther,2,Is the whiteboard or the stand farther from the camera?,,whiteboard,choice,whiteboard|stand,SUNRGBD/xtion/sun3ddata/mit_76_studyroom/76-1studyroom1/0000884-000029594628/image/0000884-000029594628.jpg,SUNRGBD/xtion/sun3ddata/mit_76_studyroom/76-1studyroom1/0000884-000029594628/depth_bfx/0000887-000029588885.png,rule,"{""a_concept"": ""whiteboard"", ""a_depth_m"": 3.693000078201294, ""b_concept"": ""stand"", ""b_depth_m"": 1.343999981880188, ""comparative"": ""farther"", ""answer_concept"": ""whiteboard""}"
test_008991,xtion/sun3ddata/mit_dorm_masseeh_md/dorm_masseeh_md_scan1_oct_26_2012_erika/0001871-000085300366,sun3d:mit_dorm_masseeh_md/dorm_masseeh_md_scan1_oct_26_2012_erika,xtion,bedroom,test,relative_depth,closer,4,"Of the door and the shelf, which is closer?",,shelf,choice,door|shelf,SUNRGBD/xtion/sun3ddata/mit_dorm_masseeh_md/dorm_masseeh_md_scan1_oct_26_2012_erika/0001871-000085300366/image/0001871-000085300366.jpg,SUNRGBD/xtion/sun3ddata/mit_dorm_masseeh_md/dorm_masseeh_md_scan1_oct_26_2012_erika/0001871-000085300366/depth_bfx/0001869-000085325172.png,rule,"{""a_concept"": ""door"", ""a_depth_m"": 3.5920000076293945, ""b_concept"": ""shelf"", ""b_depth_m"": 2.497999906539917, ""comparative"": ""closer"", ""answer_concept"": ""shelf""}"
test_004904,xtion/sun3ddata/mit_dorm_masseeh_xc/dorm_masseeh_xc_oct_29_2012_scan1_erika/0000851-000036096780,sun3d:mit_dorm_masseeh_xc/dorm_masseeh_xc_oct_29_2012_scan1_erika,xtion,bedroom,test,relative_depth,closer,1,"Between the trash can and the lamp, which one is closer to the camera?",,trash can,choice,trash_can|lamp,SUNRGBD/xtion/sun3ddata/mit_dorm_masseeh_xc/dorm_masseeh_xc_oct_29_2012_scan1_erika/0000851-000036096780/image/0000851-000036096780.jpg,SUNRGBD/xtion/sun3ddata/mit_dorm_masseeh_xc/dorm_masseeh_xc_oct_29_2012_scan1_erika/0000851-000036096780/depth_bfx/0000847-000036105529.png,rule,"{""a_concept"": ""trashcan"", ""a_depth_m"": 1.9259999990463257, ""b_concept"": ""lamp"", ""b_depth_m"": 3.388000011444092, ""comparative"": ""closer"", ""answer_concept"": ""trashcan""}"
test_001980,xtion/sun3ddata/mit_w85a/a2/0000944-000031605588,sun3d:mit_w85a/a2,xtion,bedroom,test,relative_depth,closer,4,"Of the mattress and the blanket, which is closer?",,blanket,choice,mattress|blanket,SUNRGBD/xtion/sun3ddata/mit_w85a/a2/0000944-000031605588/image/0000944-000031605588.jpg,SUNRGBD/xtion/sun3ddata/mit_w85a/a2/0000944-000031605588/depth_bfx/0000947-000031594913.png,rule,"{""a_concept"": ""mattress"", ""a_depth_m"": 2.0989999771118164, ""b_concept"": ""blanket"", ""b_depth_m"": 1.4279999732971191, ""comparative"": ""closer"", ""answer_concept"": ""blanket""}"
test_001833,kv2/kinect2data/001805_2014-06-26_20-49-49_260595134347_rgbf000136-resize,scene:kv2/kinect2data/001805_2014-06-26_20-49-49_260595134347_rgbf000136-resize,kv2,furniture_store,test,relative_depth,farther,3,"Which object is farther from the camera, the plant or the dresser?",,dresser,choice,plant|dresser,SUNRGBD/kv2/kinect2data/001805_2014-06-26_20-49-49_260595134347_rgbf000136-resize/image/0000136.jpg,SUNRGBD/kv2/kinect2data/001805_2014-06-26_20-49-49_260595134347_rgbf000136-resize/depth_bfx/0000136.png,rule,"{""a_concept"": ""dresser"", ""a_depth_m"": 3.3259999752044678, ""b_concept"": ""plant"", ""b_depth_m"": 2.8570001125335693, ""comparative"": ""farther"", ""answer_concept"": ""dresser""}"
test_003480,kv2/kinect2data/003105_2014-06-24_21-07-25_094959634447_rgbf000071-resize,scene:kv2/kinect2data/003105_2014-06-24_21-07-25_094959634447_rgbf000071-resize,kv2,kitchen,test,relative_depth,closer,1,"Between the stove and the bag, which one is closer to the camera?",,bag,choice,stove|bag,SUNRGBD/kv2/kinect2data/003105_2014-06-24_21-07-25_094959634447_rgbf000071-resize/image/0000071.jpg,SUNRGBD/kv2/kinect2data/003105_2014-06-24_21-07-25_094959634447_rgbf000071-resize/depth_bfx/0000071.png,rule,"{""a_concept"": ""bag"", ""a_depth_m"": 1.1009999513626099, ""b_concept"": ""stove"", ""b_depth_m"": 1.9700000286102295, ""comparative"": ""closer"", ""answer_concept"": ""bag""}"
test_005040,kv2/kinect2data/002797_2014-06-22_19-40-05_094959634447_rgbf000085-resize,scene:kv2/kinect2data/002797_2014-06-22_19-40-05_094959634447_rgbf000085-resize,kv2,kitchen,test,relative_depth,closer,2,Is the window or the sink closer to the camera?,,window,choice,window|sink,SUNRGBD/kv2/kinect2data/002797_2014-06-22_19-40-05_094959634447_rgbf000085-resize/image/0000085.jpg,SUNRGBD/kv2/kinect2data/002797_2014-06-22_19-40-05_094959634447_rgbf000085-resize/depth_bfx/0000085.png,rule,"{""a_concept"": ""sink"", ""a_depth_m"": 2.3340001106262207, ""b_concept"": ""window"", ""b_depth_m"": 1.2410000562667847, ""comparative"": ""closer"", ""answer_concept"": ""window""}"
test_007281,kv2/kinect2data/002759_2014-06-22_19-11-37_094959634447_rgbf000059-resize,scene:kv2/kinect2data/002759_2014-06-22_19-11-37_094959634447_rgbf000059-resize,kv2,bedroom,test,relative_depth,closer,5,"Which one is closer, the laptop or the cord?",,cord,choice,laptop|cord,SUNRGBD/kv2/kinect2data/002759_2014-06-22_19-11-37_094959634447_rgbf000059-resize/image/0000059.jpg,SUNRGBD/kv2/kinect2data/002759_2014-06-22_19-11-37_094959634447_rgbf000059-resize/depth_bfx/0000059.png,rule,"{""a_concept"": ""cord"", ""a_depth_m"": 1.628999948501587, ""b_concept"": ""laptop"", ""b_depth_m"": 2.1459999084472656, ""comparative"": ""closer"", ""answer_concept"": ""cord""}"
test_007052,kv2/kinect2data/000841_2014-06-08_16-56-24_260595134347_rgbf000138-resize,scene:kv2/kinect2data/000841_2014-06-08_16-56-24_260595134347_rgbf000138-resize,kv2,kitchen,test,relative_depth,farther,3,"Which object is farther from the camera, the bottle or the plate?",,plate,choice,bottle|plate,SUNRGBD/kv2/kinect2data/000841_2014-06-08_16-56-24_260595134347_rgbf000138-resize/image/0000138.jpg,SUNRGBD/kv2/kinect2data/000841_2014-06-08_16-56-24_260595134347_rgbf000138-resize/depth_bfx/0000138.png,rule,"{""a_concept"": ""bottle"", ""a_depth_m"": 1.2070000171661377, ""b_concept"": ""plate"", ""b_depth_m"": 1.9450000524520874, ""comparative"": ""farther"", ""answer_concept"": ""plate""}"
test_011992,kv2/kinect2data/000851_2014-06-08_16-52-19_260595134347_rgbf000149-resize,scene:kv2/kinect2data/000851_2014-06-08_16-52-19_260595134347_rgbf000149-resize,kv2,rest_space,test,relative_depth,farther,5,"Which one is farther, the whiteboard or the window?",,whiteboard,choice,whiteboard|window,SUNRGBD/kv2/kinect2data/000851_2014-06-08_16-52-19_260595134347_rgbf000149-resize/image/0000149.jpg,SUNRGBD/kv2/kinect2data/000851_2014-06-08_16-52-19_260595134347_rgbf000149-resize/depth_bfx/0000149.png,rule,"{""a_concept"": ""whiteboard"", ""a_depth_m"": 3.003000020980835, ""b_concept"": ""window"", ""b_depth_m"": 2.3329999446868896, ""comparative"": ""farther"", ""answer_concept"": ""whiteboard""}"
test_002718,kv2/kinect2data/001906_2014-06-22_14-00-56_260595134347_rgbf000051-resize,scene:kv2/kinect2data/001906_2014-06-22_14-00-56_260595134347_rgbf000051-resize,kv2,furniture_store,test,relative_depth,closer,2,Is the cabinet or the price tag closer to the camera?,,price tag,choice,cabinet|price_tag,SUNRGBD/kv2/kinect2data/001906_2014-06-22_14-00-56_260595134347_rgbf000051-resize/image/0000051.jpg,SUNRGBD/kv2/kinect2data/001906_2014-06-22_14-00-56_260595134347_rgbf000051-resize/depth_bfx/0000051.png,rule,"{""a_concept"": ""pricetag"", ""a_depth_m"": 1.7239999771118164, ""b_concept"": ""cabinet"", ""b_depth_m"": 5.500999927520752, ""comparative"": ""closer"", ""answer_concept"": ""pricetag""}"
test_000681,kv2/kinect2data/001161_2014-06-17_15-33-56_260595134347_rgbf000100-resize,scene:kv2/kinect2data/001161_2014-06-17_15-33-56_260595134347_rgbf000100-resize,kv2,rest_space,test,relative_depth,farther,4,"Of the chair and the table, which is farther?",,table,choice,chair|table,SUNRGBD/kv2/kinect2data/001161_2014-06-17_15-33-56_260595134347_rgbf000100-resize/image/0000100.jpg,SUNRGBD/kv2/kinect2data/001161_2014-06-17_15-33-56_260595134347_rgbf000100-resize/depth_bfx/0000100.png,rule,"{""a_concept"": ""table"", ""a_depth_m"": 2.2200000286102295, ""b_concept"": ""chair"", ""b_depth_m"": 1.7580000162124634, ""comparative"": ""farther"", ""answer_concept"": ""table""}"
test_007087,kv2/kinect2data/003675_2014-05-24_21-16-46_094959634447_rgbf000100-resize,scene:kv2/kinect2data/003675_2014-05-24_21-16-46_094959634447_rgbf000100-resize,kv2,bedroom,test,relative_depth,farther,1,"Between the bag and the book, which one is farther from the camera?",,bag,choice,bag|book,SUNRGBD/kv2/kinect2data/003675_2014-05-24_21-16-46_094959634447_rgbf000100-resize/image/0000100.jpg,SUNRGBD/kv2/kinect2data/003675_2014-05-24_21-16-46_094959634447_rgbf000100-resize/depth_bfx/0000100.png,rule,"{""a_concept"": ""bag"", ""a_depth_m"": 2.121000051498413, ""b_concept"": ""book"", ""b_depth_m"": 0.8379999995231628, ""comparative"": ""farther"", ""answer_concept"": ""bag""}"
test_006408,kv2/kinect2data/001879_2014-06-22_13-49-56_260595134347_rgbf000029-resize,scene:kv2/kinect2data/001879_2014-06-22_13-49-56_260595134347_rgbf000029-resize,kv2,furniture_store,test,relative_depth,closer,0,"Which is closer to the camera, the painting or the dresser?",,dresser,choice,painting|dresser,SUNRGBD/kv2/kinect2data/001879_2014-06-22_13-49-56_260595134347_rgbf000029-resize/image/0000029.jpg,SUNRGBD/kv2/kinect2data/001879_2014-06-22_13-49-56_260595134347_rgbf000029-resize/depth_bfx/0000029.png,rule,"{""a_concept"": ""painting"", ""a_depth_m"": 4.031000137329102, ""b_concept"": ""dresser"", ""b_depth_m"": 3.2730000019073486, ""comparative"": ""closer"", ""answer_concept"": ""dresser""}"
test_007712,kv2/kinect2data/003629_2014-05-23_22-02-55_094959634447_rgbf000100-resize,scene:kv2/kinect2data/003629_2014-05-23_22-02-55_094959634447_rgbf000100-resize,kv2,office,test,relative_depth,closer,0,"Which is closer to the camera, the monitor or the bottle?",,bottle,choice,monitor|bottle,SUNRGBD/kv2/kinect2data/003629_2014-05-23_22-02-55_094959634447_rgbf000100-resize/image/0000100.jpg,SUNRGBD/kv2/kinect2data/003629_2014-05-23_22-02-55_094959634447_rgbf000100-resize/depth_bfx/0000100.png,rule,"{""a_concept"": ""monitor"", ""a_depth_m"": 1.652999997138977, ""b_concept"": ""bottle"", ""b_depth_m"": 1.0540000200271606, ""comparative"": ""closer"", ""answer_concept"": ""bottle""}"
test_013388,kv2/kinect2data/003150_2014-05-12_11-26-59_094959634447_rgbf000101-resize,scene:kv2/kinect2data/003150_2014-05-12_11-26-59_094959634447_rgbf000101-resize,kv2,classroom,test,relative_depth,closer,2,Is the monitor or the desk closer to the camera?,,desk,choice,monitor|desk,SUNRGBD/kv2/kinect2data/003150_2014-05-12_11-26-59_094959634447_rgbf000101-resize/image/0000101.jpg,SUNRGBD/kv2/kinect2data/003150_2014-05-12_11-26-59_094959634447_rgbf000101-resize/depth_bfx/0000101.png,rule,"{""a_concept"": ""monitor"", ""a_depth_m"": 3.1589999198913574, ""b_concept"": ""desk"", ""b_depth_m"": 1.4769999980926514, ""comparative"": ""closer"", ""answer_concept"": ""desk""}"
test_010182,kv2/kinect2data/001835_2014-06-22_13-16-04_260595134347_rgbf000064-resize,scene:kv2/kinect2data/001835_2014-06-22_13-16-04_260595134347_rgbf000064-resize,kv2,furniture_store,test,relative_depth,closer,5,"Which one is closer, the box or the basket?",,basket,choice,box|basket,SUNRGBD/kv2/kinect2data/001835_2014-06-22_13-16-04_260595134347_rgbf000064-resize/image/0000064.jpg,SUNRGBD/kv2/kinect2data/001835_2014-06-22_13-16-04_260595134347_rgbf000064-resize/depth_bfx/0000064.png,rule,"{""a_concept"": ""box"", ""a_depth_m"": 1.8910000324249268, ""b_concept"": ""basket"", ""b_depth_m"": 0.5080000162124634, ""comparative"": ""closer"", ""answer_concept"": ""basket""}"
test_011448,kv2/kinect2data/000404_2014-06-04_19-34-11_260595134347_rgbf006501-resize,scene:kv2/kinect2data/000404_2014-06-04_19-34-11_260595134347_rgbf006501-resize,kv2,bathroom,test,relative_depth,closer,1,"Between the door and the laptop, which one is closer to the camera?",,laptop,choice,door|laptop,SUNRGBD/kv2/kinect2data/000404_2014-06-04_19-34-11_260595134347_rgbf006501-resize/image/0006501.jpg,SUNRGBD/kv2/kinect2data/000404_2014-06-04_19-34-11_260595134347_rgbf006501-resize/depth_bfx/0006501.png,rule,"{""a_concept"": ""door"", ""a_depth_m"": 2.0209999084472656, ""b_concept"": ""laptop"", ""b_depth_m"": 1.13100004196167, ""comparative"": ""closer"", ""answer_concept"": ""laptop""}"
test_005438,kv2/kinect2data/000745_2014-06-08_18-50-55_260595134347_rgbf000171-resize,scene:kv2/kinect2data/000745_2014-06-08_18-50-55_260595134347_rgbf000171-resize,kv2,printer_room,test,relative_depth,farther,3,"Which object is farther from the camera, the vent or the door?",,door,choice,vent|door,SUNRGBD/kv2/kinect2data/000745_2014-06-08_18-50-55_260595134347_rgbf000171-resize/image/0000171.jpg,SUNRGBD/kv2/kinect2data/000745_2014-06-08_18-50-55_260595134347_rgbf000171-resize/depth_bfx/0000171.png,rule,"{""a_concept"": ""door"", ""a_depth_m"": 5.801000118255615, ""b_concept"": ""vent"", ""b_depth_m"": 2.5759999752044678, ""comparative"": ""farther"", ""answer_concept"": ""door""}"
test_007944,kv2/kinect2data/001063_2014-06-08_21-55-46_260595134347_rgbf000069-resize,scene:kv2/kinect2data/001063_2014-06-08_21-55-46_260595134347_rgbf000069-resize,kv2,office,test,relative_depth,farther,1,"Between the chair and the printer, which one is farther from the camera?",,chair,choice,chair|printer,SUNRGBD/kv2/kinect2data/001063_2014-06-08_21-55-46_260595134347_rgbf000069-resize/image/0000069.jpg,SUNRGBD/kv2/kinect2data/001063_2014-06-08_21-55-46_260595134347_rgbf000069-resize/depth_bfx/0000069.png,rule,"{""a_concept"": ""chair"", ""a_depth_m"": 2.634999990463257, ""b_concept"": ""printer"", ""b_depth_m"": 2.062000036239624, ""comparative"": ""farther"", ""answer_concept"": ""chair""}"
test_004405,kv2/kinect2data/001188_2014-06-17_15-54-10_260595134347_rgbf000090-resize,scene:kv2/kinect2data/001188_2014-06-17_15-54-10_260595134347_rgbf000090-resize,kv2,study_space,test,relative_depth,closer,3,"Which object is closer to the camera, the container or the table?",,table,choice,container|table,SUNRGBD/kv2/kinect2data/001188_2014-06-17_15-54-10_260595134347_rgbf000090-resize/image/0000090.jpg,SUNRGBD/kv2/kinect2data/001188_2014-06-17_15-54-10_260595134347_rgbf000090-resize/depth_bfx/0000090.png,rule,"{""a_concept"": ""table"", ""a_depth_m"": 2.181999921798706, ""b_concept"": ""container"", ""b_depth_m"": 2.5929999351501465, ""comparative"": ""closer"", ""answer_concept"": ""table""}"
test_013582,kv2/kinect2data/000143_2014-05-20_17-14-32_260595134347_rgbf000021-resize,scene:kv2/kinect2data/000143_2014-05-20_17-14-32_260595134347_rgbf000021-resize,kv2,recreation_room,test,relative_depth,farther,3,"Which object is farther from the camera, the sofa or the whiteboard?",,whiteboard,choice,sofa|whiteboard,SUNRGBD/kv2/kinect2data/000143_2014-05-20_17-14-32_260595134347_rgbf000021-resize/image/0000021.jpg,SUNRGBD/kv2/kinect2data/000143_2014-05-20_17-14-32_260595134347_rgbf000021-resize/depth_bfx/0000021.png,rule,"{""a_concept"": ""sofa"", ""a_depth_m"": 4.484000205993652, ""b_concept"": ""whiteboard"", ""b_depth_m"": 5.348999977111816, ""comparative"": ""farther"", ""answer_concept"": ""whiteboard""}"
test_000285,kv2/kinect2data/000111_2014-05-14_23-42-56_260595134347_rgbf000075-resize,scene:kv2/kinect2data/000111_2014-05-14_23-42-56_260595134347_rgbf000075-resize,kv2,living_room,test,relative_depth,closer,5,"Which one is closer, the file or the chair?",,file,choice,file|chair,SUNRGBD/kv2/kinect2data/000111_2014-05-14_23-42-56_260595134347_rgbf000075-resize/image/0000075.jpg,SUNRGBD/kv2/kinect2data/000111_2014-05-14_23-42-56_260595134347_rgbf000075-resize/depth_bfx/0000075.png,rule,"{""a_concept"": ""chair"", ""a_depth_m"": 2.2809998989105225, ""b_concept"": ""file"", ""b_depth_m"": 1.1699999570846558, ""comparative"": ""closer"", ""answer_concept"": ""file""}"
test_013889,kv2/kinect2data/002747_2014-06-22_19-07-02_094959634447_rgbf000083-resize,scene:kv2/kinect2data/002747_2014-06-22_19-07-02_094959634447_rgbf000083-resize,kv2,rest_space,test,relative_depth,closer,1,"Between the table and the door, which one is closer to the camera?",,table,choice,table|door,SUNRGBD/kv2/kinect2data/002747_2014-06-22_19-07-02_094959634447_rgbf000083-resize/image/0000083.jpg,SUNRGBD/kv2/kinect2data/002747_2014-06-22_19-07-02_094959634447_rgbf000083-resize/depth_bfx/0000083.png,rule,"{""a_concept"": ""table"", ""a_depth_m"": 1.5290000438690186, ""b_concept"": ""door"", ""b_depth_m"": 7.047999858856201, ""comparative"": ""closer"", ""answer_concept"": ""table""}"
test_011596,kv2/kinect2data/002815_2014-06-22_20-10-40_094959634447_rgbf000080-resize,scene:kv2/kinect2data/002815_2014-06-22_20-10-40_094959634447_rgbf000080-resize,kv2,rest_space,test,relative_depth,closer,5,"Which one is closer, the television or the table?",,television,choice,television|table,SUNRGBD/kv2/kinect2data/002815_2014-06-22_20-10-40_094959634447_rgbf000080-resize/image/0000080.jpg,SUNRGBD/kv2/kinect2data/002815_2014-06-22_20-10-40_094959634447_rgbf000080-resize/depth_bfx/0000080.png,rule,"{""a_concept"": ""television"", ""a_depth_m"": 1.3250000476837158, ""b_concept"": ""table"", ""b_depth_m"": 1.6729999780654907, ""comparative"": ""closer"", ""answer_concept"": ""television""}"
test_007545,kv2/kinect2data/002914_2014-06-03_18-10-14_094959634447_rgbf000067-resize,scene:kv2/kinect2data/002914_2014-06-03_18-10-14_094959634447_rgbf000067-resize,kv2,library,test,relative_depth,closer,2,Is the bookshelf or the table closer to the camera?,,table,choice,bookshelf|table,SUNRGBD/kv2/kinect2data/002914_2014-06-03_18-10-14_094959634447_rgbf000067-resize/image/0000067.jpg,SUNRGBD/kv2/kinect2data/002914_2014-06-03_18-10-14_094959634447_rgbf000067-resize/depth_bfx/0000067.png,rule,"{""a_concept"": ""table"", ""a_depth_m"": 2.319999933242798, ""b_concept"": ""bookshelf"", ""b_depth_m"": 3.3269999027252197, ""comparative"": ""closer"", ""answer_concept"": ""table""}"
test_012658,kv2/kinect2data/001187_2014-06-17_15-53-48_260595134347_rgbf000063-resize,scene:kv2/kinect2data/001187_2014-06-17_15-53-48_260595134347_rgbf000063-resize,kv2,dining_area,test,relative_depth,closer,3,"Which object is closer to the camera, the table or the door?",,table,choice,table|door,SUNRGBD/kv2/kinect2data/001187_2014-06-17_15-53-48_260595134347_rgbf000063-resize/image/0000063.jpg,SUNRGBD/kv2/kinect2data/001187_2014-06-17_15-53-48_260595134347_rgbf000063-resize/depth_bfx/0000063.png,rule,"{""a_concept"": ""table"", ""a_depth_m"": 2.446000099182129, ""b_concept"": ""door"", ""b_depth_m"": 7.738999843597412, ""comparative"": ""closer"", ""answer_concept"": ""table""}"
test_013600,kv2/kinect2data/003119_2014-05-12_10-27-16_094959634447_rgbf000100-resize,scene:kv2/kinect2data/003119_2014-05-12_10-27-16_094959634447_rgbf000100-resize,kv2,classroom,test,relative_depth,farther,1,"Between the wood and the board, which one is farther from the camera?",,board,choice,wood|board,SUNRGBD/kv2/kinect2data/003119_2014-05-12_10-27-16_094959634447_rgbf000100-resize/image/0000100.jpg,SUNRGBD/kv2/kinect2data/003119_2014-05-12_10-27-16_094959634447_rgbf000100-resize/depth_bfx/0000100.png,rule,"{""a_concept"": ""wood"", ""a_depth_m"": 2.191999912261963, ""b_concept"": ""board"", ""b_depth_m"": 5.428999900817871, ""comparative"": ""farther"", ""answer_concept"": ""board""}"
test_001037,kv2/kinect2data/003648_2014-05-23_22-18-39_094959634447_rgbf000475-resize,scene:kv2/kinect2data/003648_2014-05-23_22-18-39_094959634447_rgbf000475-resize,kv2,office,test,relative_depth,farther,5,"Which one is farther, the door or the paper?",,door,choice,door|paper,SUNRGBD/kv2/kinect2data/003648_2014-05-23_22-18-39_094959634447_rgbf000475-resize/image/0000475.jpg,SUNRGBD/kv2/kinect2data/003648_2014-05-23_22-18-39_094959634447_rgbf000475-resize/depth_bfx/0000475.png,rule,"{""a_concept"": ""door"", ""a_depth_m"": 2.296999931335449, ""b_concept"": ""paper"", ""b_depth_m"": 1.847000002861023, ""comparative"": ""farther"", ""answer_concept"": ""door""}"
test_010349,kv2/kinect2data/002818_2014-06-22_20-11-31_094959634447_rgbf000107-resize,scene:kv2/kinect2data/002818_2014-06-22_20-11-31_094959634447_rgbf000107-resize,kv2,kitchen,test,relative_depth,farther,5,"Which one is farther, the microwave or the sign?",,sign,choice,microwave|sign,SUNRGBD/kv2/kinect2data/002818_2014-06-22_20-11-31_094959634447_rgbf000107-resize/image/0000107.jpg,SUNRGBD/kv2/kinect2data/002818_2014-06-22_20-11-31_094959634447_rgbf000107-resize/depth_bfx/0000107.png,rule,"{""a_concept"": ""microwave"", ""a_depth_m"": 1.6390000581741333, ""b_concept"": ""sign"", ""b_depth_m"": 2.0220000743865967, ""comparative"": ""farther"", ""answer_concept"": ""sign""}"
test_000874,kv2/kinect2data/002964_2014-06-08_17-46-11_094959634447_rgbf000091-resize,scene:kv2/kinect2data/002964_2014-06-08_17-46-11_094959634447_rgbf000091-resize,kv2,furniture_store,test,relative_depth,closer,4,"Of the television and the pillow, which is closer?",,pillow,choice,television|pillow,SUNRGBD/kv2/kinect2data/002964_2014-06-08_17-46-11_094959634447_rgbf000091-resize/image/0000091.jpg,SUNRGBD/kv2/kinect2data/002964_2014-06-08_17-46-11_094959634447_rgbf000091-resize/depth_bfx/0000091.png,rule,"{""a_concept"": ""television"", ""a_depth_m"": 2.186000108718872, ""b_concept"": ""pillow"", ""b_depth_m"": 1.7170000076293945, ""comparative"": ""closer"", ""answer_concept"": ""pillow""}"
test_004855,kv2/kinect2data/000406_2014-06-04_19-20-50_260595134347_rgbf000119-resize,scene:kv2/kinect2data/000406_2014-06-04_19-20-50_260595134347_rgbf000119-resize,kv2,bedroom,test,relative_depth,closer,1,"Between the bed and the table, which one is closer to the camera?",,table,choice,bed|table,SUNRGBD/kv2/kinect2data/000406_2014-06-04_19-20-50_260595134347_rgbf000119-resize/image/0000119.jpg,SUNRGBD/kv2/kinect2data/000406_2014-06-04_19-20-50_260595134347_rgbf000119-resize/depth_bfx/0000119.png,rule,"{""a_concept"": ""table"", ""a_depth_m"": 1.7899999618530273, ""b_concept"": ""bed"", ""b_depth_m"": 3.2070000171661377, ""comparative"": ""closer"", ""answer_concept"": ""table""}"
test_008442,kv2/kinect2data/002764_2014-06-22_19-13-43_094959634447_rgbf000068-resize,scene:kv2/kinect2data/002764_2014-06-22_19-13-43_094959634447_rgbf000068-resize,kv2,bedroom,test,relative_depth,closer,3,"Which object is closer to the camera, the stuffed animal or the trash can?",,stuffed animal,choice,stuffed_animal|trash_can,SUNRGBD/kv2/kinect2data/002764_2014-06-22_19-13-43_094959634447_rgbf000068-resize/image/0000068.jpg,SUNRGBD/kv2/kinect2data/002764_2014-06-22_19-13-43_094959634447_rgbf000068-resize/depth_bfx/0000068.png,rule,"{""a_concept"": ""stuffedanimal"", ""a_depth_m"": 1.6490000486373901, ""b_concept"": ""trashcan"", ""b_depth_m"": 2.4560000896453857, ""comparative"": ""closer"", ""answer_concept"": ""stuffedanimal""}"
test_002534,kv2/kinect2data/003315_2014-05-15_11-47-52_094959634447_rgbf000271-resize,scene:kv2/kinect2data/003315_2014-05-15_11-47-52_094959634447_rgbf000271-resize,kv2,idk,test,relative_depth,farther,2,Is the curtain or the person farther from the camera?,,curtain,choice,curtain|person,SUNRGBD/kv2/kinect2data/003315_2014-05-15_11-47-52_094959634447_rgbf000271-resize/image/0000271.jpg,SUNRGBD/kv2/kinect2data/003315_2014-05-15_11-47-52_094959634447_rgbf000271-resize/depth_bfx/0000271.png,rule,"{""a_concept"": ""curtain"", ""a_depth_m"": 2.1579999923706055, ""b_concept"": ""person"", ""b_depth_m"": 1.055999994277954, ""comparative"": ""farther"", ""answer_concept"": ""curtain""}"
test_007298,kv2/kinect2data/003427_2014-05-21_10-35-52_094959634447_rgbf000100-resize,scene:kv2/kinect2data/003427_2014-05-21_10-35-52_094959634447_rgbf000100-resize,kv2,classroom,test,relative_depth,closer,3,"Which object is closer to the camera, the shelf or the chalkboard?",,shelf,choice,shelf|chalkboard,SUNRGBD/kv2/kinect2data/003427_2014-05-21_10-35-52_094959634447_rgbf000100-resize/image/0000100.jpg,SUNRGBD/kv2/kinect2data/003427_2014-05-21_10-35-52_094959634447_rgbf000100-resize/depth_bfx/0000100.png,rule,"{""a_concept"": ""chalkboard"", ""a_depth_m"": 1.4490000009536743, ""b_concept"": ""shelf"", ""b_depth_m"": 1.0700000524520874, ""comparative"": ""closer"", ""answer_concept"": ""shelf""}"
test_010858,kv2/kinect2data/000176_2014-05-12_16-22-15_260595134347_rgbf000436-resize,scene:kv2/kinect2data/000176_2014-05-12_16-22-15_260595134347_rgbf000436-resize,kv2,bedroom,test,relative_depth,farther,3,"Which object is farther from the camera, the lamp or the bed?",,lamp,choice,lamp|bed,SUNRGBD/kv2/kinect2data/000176_2014-05-12_16-22-15_260595134347_rgbf000436-resize/image/0000436.jpg,SUNRGBD/kv2/kinect2data/000176_2014-05-12_16-22-15_260595134347_rgbf000436-resize/depth_bfx/0000436.png,rule,"{""a_concept"": ""bed"", ""a_depth_m"": 1.9259999990463257, ""b_concept"": ""lamp"", ""b_depth_m"": 3.493000030517578, ""comparative"": ""farther"", ""answer_concept"": ""lamp""}"
test_013750,kv2/kinect2data/000191_2014-05-12_17-07-38_260595134347_rgbf000199-resize,scene:kv2/kinect2data/000191_2014-05-12_17-07-38_260595134347_rgbf000199-resize,kv2,bedroom,test,relative_depth,farther,4,"Of the bed and the carpet, which is farther?",,bed,choice,bed|carpet,SUNRGBD/kv2/kinect2data/000191_2014-05-12_17-07-38_260595134347_rgbf000199-resize/image/0000199.jpg,SUNRGBD/kv2/kinect2data/000191_2014-05-12_17-07-38_260595134347_rgbf000199-resize/depth_bfx/0000199.png,rule,"{""a_concept"": ""carpet"", ""a_depth_m"": 2.0369999408721924, ""b_concept"": ""bed"", ""b_depth_m"": 2.8610000610351562, ""comparative"": ""farther"", ""answer_concept"": ""bed""}"
test_000997,kv2/kinect2data/000152_2014-05-20_17-25-25_260595134347_rgbf000150-resize,scene:kv2/kinect2data/000152_2014-05-20_17-25-25_260595134347_rgbf000150-resize,kv2,recreation_room,test,relative_depth,farther,5,"Which one is farther, the table or the door?",,table,choice,table|door,SUNRGBD/kv2/kinect2data/000152_2014-05-20_17-25-25_260595134347_rgbf000150-resize/image/0000150.jpg,SUNRGBD/kv2/kinect2data/000152_2014-05-20_17-25-25_260595134347_rgbf000150-resize/depth_bfx/0000150.png,rule,"{""a_concept"": ""table"", ""a_depth_m"": 4.607999801635742, ""b_concept"": ""door"", ""b_depth_m"": 2.3929998874664307, ""comparative"": ""farther"", ""answer_concept"": ""table""}"
test_011498,kv2/kinect2data/002855_2014-06-03_18-57-10_094959634447_rgbf000151-resize,scene:kv2/kinect2data/002855_2014-06-03_18-57-10_094959634447_rgbf000151-resize,kv2,office,test,relative_depth,closer,1,"Between the chair and the keyboard, which one is closer to the camera?",,chair,choice,chair|keyboard,SUNRGBD/kv2/kinect2data/002855_2014-06-03_18-57-10_094959634447_rgbf000151-resize/image/0000151.jpg,SUNRGBD/kv2/kinect2data/002855_2014-06-03_18-57-10_094959634447_rgbf000151-resize/depth_bfx/0000151.png,rule,"{""a_concept"": ""keyboard"", ""a_depth_m"": 1.2610000371932983, ""b_concept"": ""chair"", ""b_depth_m"": 0.8109999895095825, ""comparative"": ""closer"", ""answer_concept"": ""chair""}"
test_001077,kv2/kinect2data/002709_2014-06-22_11-31-35_094959634447_rgbf000095-resize,scene:kv2/kinect2data/002709_2014-06-22_11-31-35_094959634447_rgbf000095-resize,kv2,bathroom,test,relative_depth,farther,1,"Between the sink and the vent, which one is farther from the camera?",,vent,choice,sink|vent,SUNRGBD/kv2/kinect2data/002709_2014-06-22_11-31-35_094959634447_rgbf000095-resize/image/0000095.jpg,SUNRGBD/kv2/kinect2data/002709_2014-06-22_11-31-35_094959634447_rgbf000095-resize/depth_bfx/0000095.png,rule,"{""a_concept"": ""vent"", ""a_depth_m"": 1.3609999418258667, ""b_concept"": ""sink"", ""b_depth_m"": 0.8870000243186951, ""comparative"": ""farther"", ""answer_concept"": ""vent""}"
test_006051,kv2/kinect2data/003650_2014-05-24_13-58-41_094959634447_rgbf000101-resize,scene:kv2/kinect2data/003650_2014-05-24_13-58-41_094959634447_rgbf000101-resize,kv2,home_office,test,relative_depth,closer,2,Is the cabinet or the towel closer to the camera?,,towel,choice,cabinet|towel,SUNRGBD/kv2/kinect2data/003650_2014-05-24_13-58-41_094959634447_rgbf000101-resize/image/0000101.jpg,SUNRGBD/kv2/kinect2data/003650_2014-05-24_13-58-41_094959634447_rgbf000101-resize/depth_bfx/0000101.png,rule,"{""a_concept"": ""towel"", ""a_depth_m"": 0.7979999780654907, ""b_concept"": ""cabinet"", ""b_depth_m"": 1.3949999809265137, ""comparative"": ""closer"", ""answer_concept"": ""towel""}"
test_003971,kv2/kinect2data/003452_2014-05-21_12-50-32_094959634447_rgbf000101-resize,scene:kv2/kinect2data/003452_2014-05-21_12-50-32_094959634447_rgbf000101-resize,kv2,classroom,test,relative_depth,farther,4,"Of the desk and the chair, which is farther?",,desk,choice,desk|chair,SUNRGBD/kv2/kinect2data/003452_2014-05-21_12-50-32_094959634447_rgbf000101-resize/image/0000101.jpg,SUNRGBD/kv2/kinect2data/003452_2014-05-21_12-50-32_094959634447_rgbf000101-resize/depth_bfx/0000101.png,rule,"{""a_concept"": ""desk"", ""a_depth_m"": 2.746000051498413, ""b_concept"": ""chair"", ""b_depth_m"": 1.5299999713897705, ""comparative"": ""farther"", ""answer_concept"": ""desk""}"
test_003754,kv2/kinect2data/000158_2014-05-20_17-33-37_260595134347_rgbf000100-resize,scene:kv2/kinect2data/000158_2014-05-20_17-33-37_260595134347_rgbf000100-resize,kv2,classroom,test,relative_depth,farther,2,Is the board or the wire farther from the camera?,,wire,choice,board|wire,SUNRGBD/kv2/kinect2data/000158_2014-05-20_17-33-37_260595134347_rgbf000100-resize/image/0000100.jpg,SUNRGBD/kv2/kinect2data/000158_2014-05-20_17-33-37_260595134347_rgbf000100-resize/depth_bfx/0000100.png,rule,"{""a_concept"": ""board"", ""a_depth_m"": 1.062999963760376, ""b_concept"": ""wire"", ""b_depth_m"": 4.15500020980835, ""comparative"": ""farther"", ""answer_concept"": ""wire""}"
test_012424,kv2/kinect2data/003443_2014-05-21_12-04-08_094959634447_rgbf000075-resize,scene:kv2/kinect2data/003443_2014-05-21_12-04-08_094959634447_rgbf000075-resize,kv2,classroom,test,relative_depth,closer,4,"Of the curtain and the desk, which is closer?",,desk,choice,curtain|desk,SUNRGBD/kv2/kinect2data/003443_2014-05-21_12-04-08_094959634447_rgbf000075-resize/image/0000075.jpg,SUNRGBD/kv2/kinect2data/003443_2014-05-21_12-04-08_094959634447_rgbf000075-resize/depth_bfx/0000075.png,rule,"{""a_concept"": ""curtain"", ""a_depth_m"": 5.934000015258789, ""b_concept"": ""desk"", ""b_depth_m"": 2.572999954223633, ""comparative"": ""closer"", ""answer_concept"": ""desk""}"
test_013866,kv2/kinect2data/003596_2014-05-23_17-15-36_094959634447_rgbf004396-resize,scene:kv2/kinect2data/003596_2014-05-23_17-15-36_094959634447_rgbf004396-resize,kv2,classroom,test,relative_depth,closer,5,"Which one is closer, the door or the chalkboard?",,chalkboard,choice,door|chalkboard,SUNRGBD/kv2/kinect2data/003596_2014-05-23_17-15-36_094959634447_rgbf004396-resize/image/0004396.jpg,SUNRGBD/kv2/kinect2data/003596_2014-05-23_17-15-36_094959634447_rgbf004396-resize/depth_bfx/0004396.png,rule,"{""a_concept"": ""chalkboard"", ""a_depth_m"": 2.2809998989105225, ""b_concept"": ""door"", ""b_depth_m"": 3.868000030517578, ""comparative"": ""closer"", ""answer_concept"": ""chalkboard""}"
test_007255,kv2/kinect2data/003183_2014-05-12_22-05-39_094959634447_rgbf000025-resize,scene:kv2/kinect2data/003183_2014-05-12_22-05-39_094959634447_rgbf000025-resize,kv2,classroom,test,relative_depth,farther,4,"Of the window and the desk, which is farther?",,window,choice,window|desk,SUNRGBD/kv2/kinect2data/003183_2014-05-12_22-05-39_094959634447_rgbf000025-resize/image/0000025.jpg,SUNRGBD/kv2/kinect2data/003183_2014-05-12_22-05-39_094959634447_rgbf000025-resize/depth_bfx/0000025.png,rule,"{""a_concept"": ""desk"", ""a_depth_m"": 1.9249999523162842, ""b_concept"": ""window"", ""b_depth_m"": 6.770999908447266, ""comparative"": ""farther"", ""answer_concept"": ""window""}"
test_001711,kv2/kinect2data/000163_2014-05-16_20-29-14_260595134347_rgbf000170-resize,scene:kv2/kinect2data/000163_2014-05-16_20-29-14_260595134347_rgbf000170-resize,kv2,bathroom,test,relative_depth,closer,2,Is the towel or the toilet paper closer to the camera?,,towel,choice,towel|toilet_paper,SUNRGBD/kv2/kinect2data/000163_2014-05-16_20-29-14_260595134347_rgbf000170-resize/image/0000170.jpg,SUNRGBD/kv2/kinect2data/000163_2014-05-16_20-29-14_260595134347_rgbf000170-resize/depth_bfx/0000170.png,rule,"{""a_concept"": ""towel"", ""a_depth_m"": 1.3730000257492065, ""b_concept"": ""toiletpaper"", ""b_depth_m"": 1.7359999418258667, ""comparative"": ""closer"", ""answer_concept"": ""towel""}"
test_007026,kv2/kinect2data/001691_2014-06-26_19-17-37_260595134347_rgbf000073-resize,scene:kv2/kinect2data/001691_2014-06-26_19-17-37_260595134347_rgbf000073-resize,kv2,furniture_store,test,relative_depth,closer,2,Is the bed or the pillow closer to the camera?,,bed,choice,bed|pillow,SUNRGBD/kv2/kinect2data/001691_2014-06-26_19-17-37_260595134347_rgbf000073-resize/image/0000073.jpg,SUNRGBD/kv2/kinect2data/001691_2014-06-26_19-17-37_260595134347_rgbf000073-resize/depth_bfx/0000073.png,rule,"{""a_concept"": ""bed"", ""a_depth_m"": 2.8540000915527344, ""b_concept"": ""pillow"", ""b_depth_m"": 3.6689999103546143, ""comparative"": ""closer"", ""answer_concept"": ""bed""}"
test_009970,kv2/kinect2data/003481_2014-05-21_15-29-30_094959634447_rgbf000101-resize,scene:kv2/kinect2data/003481_2014-05-21_15-29-30_094959634447_rgbf000101-resize,kv2,classroom,test,relative_depth,farther,1,"Between the blackboard and the curtain, which one is farther from the camera?",,curtain,choice,blackboard|curtain,SUNRGBD/kv2/kinect2data/003481_2014-05-21_15-29-30_094959634447_rgbf000101-resize/image/0000101.jpg,SUNRGBD/kv2/kinect2data/003481_2014-05-21_15-29-30_094959634447_rgbf000101-resize/depth_bfx/0000101.png,rule,"{""a_concept"": ""blackboard"", ""a_depth_m"": 2.2950000762939453, ""b_concept"": ""curtain"", ""b_depth_m"": 2.859999895095825, ""comparative"": ""farther"", ""answer_concept"": ""curtain""}"
test_012915,kv2/kinect2data/002496_2014-05-25_16-51-16_094959634447_rgbf000101-resize,scene:kv2/kinect2data/002496_2014-05-25_16-51-16_094959634447_rgbf000101-resize,kv2,bedroom,test,relative_depth,farther,2,Is the lamp or the night stand farther from the camera?,,night stand,choice,lamp|night_stand,SUNRGBD/kv2/kinect2data/002496_2014-05-25_16-51-16_094959634447_rgbf000101-resize/image/0000101.jpg,SUNRGBD/kv2/kinect2data/002496_2014-05-25_16-51-16_094959634447_rgbf000101-resize/depth_bfx/0000101.png,rule,"{""a_concept"": ""lamp"", ""a_depth_m"": 1.0989999771118164, ""b_concept"": ""nightstand"", ""b_depth_m"": 1.468999981880188, ""comparative"": ""farther"", ""answer_concept"": ""nightstand""}"
test_011372,kv2/align_kv2/2014-12-18_11-33-17_260595134347,scene:kv2/align_kv2/2014-12-18_11-33-17_260595134347,kv2,office,test,relative_depth,farther,1,"Between the picture and the chair, which one is farther from the camera?",,picture,choice,picture|chair,SUNRGBD/kv2/align_kv2/2014-12-18_11-33-17_260595134347/image/0000161.jpg,SUNRGBD/kv2/align_kv2/2014-12-18_11-33-17_260595134347/depth_bfx/0000161.png,rule,"{""a_concept"": ""picture"", ""a_depth_m"": 2.6429998874664307, ""b_concept"": ""chair"", ""b_depth_m"": 1.8960000276565552, ""comparative"": ""farther"", ""answer_concept"": ""picture""}"
test_009996,kv2/kinect2data/001134_2014-06-17_15-18-31_260595134347_rgbf000034-resize,scene:kv2/kinect2data/001134_2014-06-17_15-18-31_260595134347_rgbf000034-resize,kv2,library,test,relative_depth,closer,3,"Which object is closer to the camera, the bookshelf or the lamp?",,lamp,choice,bookshelf|lamp,SUNRGBD/kv2/kinect2data/001134_2014-06-17_15-18-31_260595134347_rgbf000034-resize/image/0000034.jpg,SUNRGBD/kv2/kinect2data/001134_2014-06-17_15-18-31_260595134347_rgbf000034-resize/depth_bfx/0000034.png,rule,"{""a_concept"": ""lamp"", ""a_depth_m"": 1.871000051498413, ""b_concept"": ""bookshelf"", ""b_depth_m"": 3.3510000705718994, ""comparative"": ""closer"", ""answer_concept"": ""lamp""}"
test_010874,kv2/kinect2data/003676_2014-05-24_21-17-13_094959634447_rgbf000100-resize,scene:kv2/kinect2data/003676_2014-05-24_21-17-13_094959634447_rgbf000100-resize,kv2,bedroom,test,relative_depth,closer,4,"Of the pillow and the book, which is closer?",,pillow,choice,pillow|book,SUNRGBD/kv2/kinect2data/003676_2014-05-24_21-17-13_094959634447_rgbf000100-resize/image/0000100.jpg,SUNRGBD/kv2/kinect2data/003676_2014-05-24_21-17-13_094959634447_rgbf000100-resize/depth_bfx/0000100.png,rule,"{""a_concept"": ""pillow"", ""a_depth_m"": 1.465000033378601, ""b_concept"": ""book"", ""b_depth_m"": 2.502000093460083, ""comparative"": ""closer"", ""answer_concept"": ""pillow""}"
test_004474,kv2/kinect2data/000905_2014-06-08_13-32-55_260595134347_rgbf000150-resize,scene:kv2/kinect2data/000905_2014-06-08_13-32-55_260595134347_rgbf000150-resize,kv2,discussion_area,test,relative_depth,closer,5,"Which one is closer, the window or the desk?",,desk,choice,window|desk,SUNRGBD/kv2/kinect2data/000905_2014-06-08_13-32-55_260595134347_rgbf000150-resize/image/0000150.jpg,SUNRGBD/kv2/kinect2data/000905_2014-06-08_13-32-55_260595134347_rgbf000150-resize/depth_bfx/0000150.png,rule,"{""a_concept"": ""desk"", ""a_depth_m"": 2.6470000743865967, ""b_concept"": ""window"", ""b_depth_m"": 4.340000152587891, ""comparative"": ""closer"", ""answer_concept"": ""desk""}"
test_006544,kv1/NYUdata/NYU1305,scene:kv1/NYUdata/NYU1305,kv1,living_room,test,relative_depth,farther,2,Is the sofa or the mirror farther from the camera?,,mirror,choice,sofa|mirror,SUNRGBD/kv1/NYUdata/NYU1305/image/NYU1305.jpg,SUNRGBD/kv1/NYUdata/NYU1305/depth_bfx/NYU1305.png,rule,"{""a_concept"": ""sofa"", ""a_depth_m"": 4.089000225067139, ""b_concept"": ""mirror"", ""b_depth_m"": 4.953999996185303, ""comparative"": ""farther"", ""answer_concept"": ""mirror""}"
test_011754,kv1/b3dodata/img_0650,scene:kv1/b3dodata/img_0650,kv1,living_room,test,relative_depth,farther,2,Is the flower pot or the ottoman farther from the camera?,,flower pot,choice,flower_pot|ottoman,SUNRGBD/kv1/b3dodata/img_0650/image/img_0650.jpg,SUNRGBD/kv1/b3dodata/img_0650/depth_bfx/img_0650_abs.png,rule,"{""a_concept"": ""ottoman"", ""a_depth_m"": 1.468000054359436, ""b_concept"": ""flowerpot"", ""b_depth_m"": 3.822999954223633, ""comparative"": ""farther"", ""answer_concept"": ""flowerpot""}"
test_005519,kv1/NYUdata/NYU1278,scene:kv1/NYUdata/NYU1278,kv1,living_room,test,relative_depth,closer,0,"Which is closer to the camera, the floor mat or the coffee table?",,coffee table,choice,floor_mat|coffee_table,SUNRGBD/kv1/NYUdata/NYU1278/image/NYU1278.jpg,SUNRGBD/kv1/NYUdata/NYU1278/depth_bfx/NYU1278.png,rule,"{""a_concept"": ""floormat"", ""a_depth_m"": 3.3420000076293945, ""b_concept"": ""coffeetable"", ""b_depth_m"": 2.803999900817871, ""comparative"": ""closer"", ""answer_concept"": ""coffeetable""}"
test_013703,kv1/NYUdata/NYU0769,scene:kv1/NYUdata/NYU0769,kv1,kitchen,test,relative_depth,closer,4,"Of the refrigerator and the door, which is closer?",,refrigerator,choice,refrigerator|door,SUNRGBD/kv1/NYUdata/NYU0769/image/NYU0769.jpg,SUNRGBD/kv1/NYUdata/NYU0769/depth_bfx/NYU0769.png,rule,"{""a_concept"": ""refrigerator"", ""a_depth_m"": 1.4470000267028809, ""b_concept"": ""door"", ""b_depth_m"": 3.440999984741211, ""comparative"": ""closer"", ""answer_concept"": ""refrigerator""}"
test_011263,kv1/b3dodata/img_0815,scene:kv1/b3dodata/img_0815,kv1,kitchen,test,relative_depth,closer,2,Is the cupboard or the bag closer to the camera?,,bag,choice,cupboard|bag,SUNRGBD/kv1/b3dodata/img_0815/image/img_0815.jpg,SUNRGBD/kv1/b3dodata/img_0815/depth_bfx/img_0815_abs.png,rule,"{""a_concept"": ""cupboard"", ""a_depth_m"": 1.5180000066757202, ""b_concept"": ""bag"", ""b_depth_m"": 0.8130000233650208, ""comparative"": ""closer"", ""answer_concept"": ""bag""}"
test_006863,kv1/NYUdata/NYU0606,scene:kv1/NYUdata/NYU0606,kv1,living_room,test,relative_depth,farther,5,"Which one is farther, the sofa or the fan?",,fan,choice,sofa|fan,SUNRGBD/kv1/NYUdata/NYU0606/image/NYU0606.jpg,SUNRGBD/kv1/NYUdata/NYU0606/depth_bfx/NYU0606.png,rule,"{""a_concept"": ""fan"", ""a_depth_m"": 3.0999999046325684, ""b_concept"": ""sofa"", ""b_depth_m"": 1.8009999990463257, ""comparative"": ""farther"", ""answer_concept"": ""fan""}"
test_001221,kv1/NYUdata/NYU0657,scene:kv1/NYUdata/NYU0657,kv1,bathroom,test,relative_depth,farther,1,"Between the sink and the tissue box, which one is farther from the camera?",,sink,choice,sink|tissue_box,SUNRGBD/kv1/NYUdata/NYU0657/image/NYU0657.jpg,SUNRGBD/kv1/NYUdata/NYU0657/depth_bfx/NYU0657.png,rule,"{""a_concept"": ""sink"", ""a_depth_m"": 1.6009999513626099, ""b_concept"": ""tissuebox"", ""b_depth_m"": 1.1519999504089355, ""comparative"": ""farther"", ""answer_concept"": ""sink""}"
test_011325,kv1/b3dodata/img_0799,scene:kv1/b3dodata/img_0799,kv1,living_room,test,relative_depth,closer,2,Is the rack or the bag closer to the camera?,,bag,choice,rack|bag,SUNRGBD/kv1/b3dodata/img_0799/image/img_0799.jpg,SUNRGBD/kv1/b3dodata/img_0799/depth_bfx/img_0799_abs.png,rule,"{""a_concept"": ""bag"", ""a_depth_m"": 1.409999966621399, ""b_concept"": ""rack"", ""b_depth_m"": 4.447999954223633, ""comparative"": ""closer"", ""answer_concept"": ""bag""}"
test_002685,kv1/b3dodata/img_0682,scene:kv1/b3dodata/img_0682,kv1,living_room,test,relative_depth,closer,1,"Between the sofa and the paper, which one is closer to the camera?",,paper,choice,sofa|paper,SUNRGBD/kv1/b3dodata/img_0682/image/img_0682.jpg,SUNRGBD/kv1/b3dodata/img_0682/depth_bfx/img_0682_abs.png,rule,"{""a_concept"": ""sofa"", ""a_depth_m"": 1.7680000066757202, ""b_concept"": ""paper"", ""b_depth_m"": 1.2890000343322754, ""comparative"": ""closer"", ""answer_concept"": ""paper""}"
test_010234,kv1/b3dodata/img_0547,scene:kv1/b3dodata/img_0547,kv1,living_room,test,relative_depth,closer,3,"Which object is closer to the camera, the sofa or the laptop?",,sofa,choice,sofa|laptop,SUNRGBD/kv1/b3dodata/img_0547/image/img_0547.jpg,SUNRGBD/kv1/b3dodata/img_0547/depth_bfx/img_0547_abs.png,rule,"{""a_concept"": ""laptop"", ""a_depth_m"": 2.984999895095825, ""b_concept"": ""sofa"", ""b_depth_m"": 0.6039999723434448, ""comparative"": ""closer"", ""answer_concept"": ""sofa""}"
test_007058,kv1/NYUdata/NYU0973,scene:kv1/NYUdata/NYU0973,kv1,bedroom,test,relative_depth,farther,5,"Which one is farther, the towel or the lamp?",,lamp,choice,towel|lamp,SUNRGBD/kv1/NYUdata/NYU0973/image/NYU0973.jpg,SUNRGBD/kv1/NYUdata/NYU0973/depth_bfx/NYU0973.png,rule,"{""a_concept"": ""towel"", ""a_depth_m"": 2.134999990463257, ""b_concept"": ""lamp"", ""b_depth_m"": 3.3359999656677246, ""comparative"": ""farther"", ""answer_concept"": ""lamp""}"
test_004726,kv1/NYUdata/NYU1128,scene:kv1/NYUdata/NYU1128,kv1,bedroom,test,relative_depth,farther,2,Is the clothes or the chair farther from the camera?,,chair,choice,clothes|chair,SUNRGBD/kv1/NYUdata/NYU1128/image/NYU1128.jpg,SUNRGBD/kv1/NYUdata/NYU1128/depth_bfx/NYU1128.png,rule,"{""a_concept"": ""chair"", ""a_depth_m"": 3.2109999656677246, ""b_concept"": ""clothes"", ""b_depth_m"": 0.9279999732971191, ""comparative"": ""farther"", ""answer_concept"": ""chair""}"
test_004446,kv1/NYUdata/NYU0966,scene:kv1/NYUdata/NYU0966,kv1,bedroom,test,relative_depth,closer,1,"Between the stuffed animal and the bottle, which one is closer to the camera?",,bottle,choice,stuffed_animal|bottle,SUNRGBD/kv1/NYUdata/NYU0966/image/NYU0966.jpg,SUNRGBD/kv1/NYUdata/NYU0966/depth_bfx/NYU0966.png,rule,"{""a_concept"": ""bottle"", ""a_depth_m"": 1.4609999656677246, ""b_concept"": ""stuffedanimal"", ""b_depth_m"": 2.5199999809265137, ""comparative"": ""closer"", ""answer_concept"": ""bottle""}"
test_002897,kv1/NYUdata/NYU0764,scene:kv1/NYUdata/NYU0764,kv1,kitchen,test,relative_depth,farther,5,"Which one is farther, the table or the book?",,table,choice,table|book,SUNRGBD/kv1/NYUdata/NYU0764/image/NYU0764.jpg,SUNRGBD/kv1/NYUdata/NYU0764/depth_bfx/NYU0764.png,rule,"{""a_concept"": ""table"", ""a_depth_m"": 6.948999881744385, ""b_concept"": ""book"", ""b_depth_m"": 1.9429999589920044, ""comparative"": ""farther"", ""answer_concept"": ""table""}"
test_006280,kv1/b3dodata/img_0431,scene:kv1/b3dodata/img_0431,kv1,office,test,relative_depth,farther,2,Is the phone or the laptop farther from the camera?,,laptop,choice,phone|laptop,SUNRGBD/kv1/b3dodata/img_0431/image/img_0431.jpg,SUNRGBD/kv1/b3dodata/img_0431/depth_bfx/img_0431_abs.png,rule,"{""a_concept"": ""laptop"", ""a_depth_m"": 1.0720000267028809, ""b_concept"": ""phone"", ""b_depth_m"": 0.7559999823570251, ""comparative"": ""farther"", ""answer_concept"": ""laptop""}"
test_004142,kv1/NYUdata/NYU0464,scene:kv1/NYUdata/NYU0464,kv1,reception_room,test,relative_depth,closer,2,Is the sofa or the bench closer to the camera?,,bench,choice,sofa|bench,SUNRGBD/kv1/NYUdata/NYU0464/image/NYU0464.jpg,SUNRGBD/kv1/NYUdata/NYU0464/depth_bfx/NYU0464.png,rule,"{""a_concept"": ""sofa"", ""a_depth_m"": 3.9830000400543213, ""b_concept"": ""bench"", ""b_depth_m"": 1.7829999923706055, ""comparative"": ""closer"", ""answer_concept"": ""bench""}"
test_000626,kv1/b3dodata/img_0433,scene:kv1/b3dodata/img_0433,kv1,office,test,relative_depth,closer,2,Is the wire or the cupboard closer to the camera?,,cupboard,choice,wire|cupboard,SUNRGBD/kv1/b3dodata/img_0433/image/img_0433.jpg,SUNRGBD/kv1/b3dodata/img_0433/depth_bfx/img_0433_abs.png,rule,"{""a_concept"": ""cupboard"", ""a_depth_m"": 1.5759999752044678, ""b_concept"": ""wire"", ""b_depth_m"": 3.0920000076293945, ""comparative"": ""closer"", ""answer_concept"": ""cupboard""}"
test_001127,kv1/b3dodata/img_0543,scene:kv1/b3dodata/img_0543,kv1,living_room,test,relative_depth,closer,4,"Of the sofa and the bookshelf, which is closer?",,sofa,choice,sofa|bookshelf,SUNRGBD/kv1/b3dodata/img_0543/image/img_0543.jpg,SUNRGBD/kv1/b3dodata/img_0543/depth_bfx/img_0543_abs.png,rule,"{""a_concept"": ""sofa"", ""a_depth_m"": 1.315000057220459, ""b_concept"": ""bookshelf"", ""b_depth_m"": 2.140000104904175, ""comparative"": ""closer"", ""answer_concept"": ""sofa""}"
test_003814,kv1/NYUdata/NYU1395,scene:kv1/NYUdata/NYU1395,kv1,dining_room,test,relative_depth,farther,4,"Of the table and the counter, which is farther?",,counter,choice,table|counter,SUNRGBD/kv1/NYUdata/NYU1395/image/NYU1395.jpg,SUNRGBD/kv1/NYUdata/NYU1395/depth_bfx/NYU1395.png,rule,"{""a_concept"": ""counter"", ""a_depth_m"": 3.7980000972747803, ""b_concept"": ""table"", ""b_depth_m"": 1.9149999618530273, ""comparative"": ""farther"", ""answer_concept"": ""counter""}"
test_006965,kv1/b3dodata/img_0804,scene:kv1/b3dodata/img_0804,kv1,dining_room,test,relative_depth,farther,3,"Which object is farther from the camera, the chair or the light?",,chair,choice,chair|light,SUNRGBD/kv1/b3dodata/img_0804/image/img_0804.jpg,SUNRGBD/kv1/b3dodata/img_0804/depth_bfx/img_0804_abs.png,rule,"{""a_concept"": ""chair"", ""a_depth_m"": 2.7249999046325684, ""b_concept"": ""light"", ""b_depth_m"": 2.2330000400543213, ""comparative"": ""farther"", ""answer_concept"": ""chair""}"
test_010309,kv1/NYUdata/NYU0813,scene:kv1/NYUdata/NYU0813,kv1,kitchen,test,relative_depth,closer,1,"Between the paper towel and the paper, which one is closer to the camera?",,paper,choice,paper_towel|paper,SUNRGBD/kv1/NYUdata/NYU0813/image/NYU0813.jpg,SUNRGBD/kv1/NYUdata/NYU0813/depth_bfx/NYU0813.png,rule,"{""a_concept"": ""paper"", ""a_depth_m"": 0.6919999718666077, ""b_concept"": ""papertowel"", ""b_depth_m"": 2.9739999771118164, ""comparative"": ""closer"", ""answer_concept"": ""paper""}"
test_000684,kv1/b3dodata/img_0770,scene:kv1/b3dodata/img_0770,kv1,bedroom,test,relative_depth,closer,1,"Between the door and the pillow, which one is closer to the camera?",,pillow,choice,door|pillow,SUNRGBD/kv1/b3dodata/img_0770/image/img_0770.jpg,SUNRGBD/kv1/b3dodata/img_0770/depth_bfx/img_0770_abs.png,rule,"{""a_concept"": ""pillow"", ""a_depth_m"": 1.2450000047683716, ""b_concept"": ""door"", ""b_depth_m"": 3.0950000286102295, ""comparative"": ""closer"", ""answer_concept"": ""pillow""}"
test_012299,kv1/b3dodata/img_0430,scene:kv1/b3dodata/img_0430,kv1,office,test,relative_depth,closer,5,"Which one is closer, the window or the cabinet?",,window,choice,window|cabinet,SUNRGBD/kv1/b3dodata/img_0430/image/img_0430.jpg,SUNRGBD/kv1/b3dodata/img_0430/depth_bfx/img_0430_abs.png,rule,"{""a_concept"": ""window"", ""a_depth_m"": 3.3580000400543213, ""b_concept"": ""cabinet"", ""b_depth_m"": 4.007999897003174, ""comparative"": ""closer"", ""answer_concept"": ""window""}"
test_008343,kv1/b3dodata/img_0626,scene:kv1/b3dodata/img_0626,kv1,home_office,test,relative_depth,closer,1,"Between the bed and the blind, which one is closer to the camera?",,bed,choice,bed|blind,SUNRGBD/kv1/b3dodata/img_0626/image/img_0626.jpg,SUNRGBD/kv1/b3dodata/img_0626/depth_bfx/img_0626_abs.png,rule,"{""a_concept"": ""blind"", ""a_depth_m"": 1.7480000257492065, ""b_concept"": ""bed"", ""b_depth_m"": 1.1890000104904175, ""comparative"": ""closer"", ""answer_concept"": ""bed""}"
test_005963,kv1/NYUdata/NYU0516,scene:kv1/NYUdata/NYU0516,kv1,bedroom,test,relative_depth,closer,0,"Which is closer to the camera, the box or the bed?",,bed,choice,box|bed,SUNRGBD/kv1/NYUdata/NYU0516/image/NYU0516.jpg,SUNRGBD/kv1/NYUdata/NYU0516/depth_bfx/NYU0516.png,rule,"{""a_concept"": ""box"", ""a_depth_m"": 2.2720000743865967, ""b_concept"": ""bed"", ""b_depth_m"": 1.781000018119812, ""comparative"": ""closer"", ""answer_concept"": ""bed""}"
test_003858,kv1/NYUdata/NYU0331,scene:kv1/NYUdata/NYU0331,kv1,classroom,test,relative_depth,farther,3,"Which object is farther from the camera, the rug or the box?",,rug,choice,rug|box,SUNRGBD/kv1/NYUdata/NYU0331/image/NYU0331.jpg,SUNRGBD/kv1/NYUdata/NYU0331/depth_bfx/NYU0331.png,rule,"{""a_concept"": ""box"", ""a_depth_m"": 1.3329999446868896, ""b_concept"": ""rug"", ""b_depth_m"": 3.308000087738037, ""comparative"": ""farther"", ""answer_concept"": ""rug""}"
test_006037,kv1/b3dodata/img_0408,scene:kv1/b3dodata/img_0408,kv1,bedroom,test,relative_depth,farther,3,"Which object is farther from the camera, the shoe or the book?",,shoe,choice,shoe|book,SUNRGBD/kv1/b3dodata/img_0408/image/img_0408.jpg,SUNRGBD/kv1/b3dodata/img_0408/depth_bfx/img_0408_abs.png,rule,"{""a_concept"": ""shoe"", ""a_depth_m"": 2.0280001163482666, ""b_concept"": ""book"", ""b_depth_m"": 1.6150000095367432, ""comparative"": ""farther"", ""answer_concept"": ""shoe""}"
test_012275,kv1/NYUdata/NYU1431,scene:kv1/NYUdata/NYU1431,kv1,dining_room,test,relative_depth,farther,4,"Of the table and the window, which is farther?",,window,choice,table|window,SUNRGBD/kv1/NYUdata/NYU1431/image/NYU1431.jpg,SUNRGBD/kv1/NYUdata/NYU1431/depth_bfx/NYU1431.png,rule,"{""a_concept"": ""table"", ""a_depth_m"": 1.7319999933242798, ""b_concept"": ""window"", ""b_depth_m"": 3.5269999504089355, ""comparative"": ""farther"", ""answer_concept"": ""window""}"
test_011702,kv1/NYUdata/NYU0571,scene:kv1/NYUdata/NYU0571,kv1,kitchen,test,relative_depth,closer,4,"Of the cabinet and the refrigerator, which is closer?",,cabinet,choice,cabinet|refrigerator,SUNRGBD/kv1/NYUdata/NYU0571/image/NYU0571.jpg,SUNRGBD/kv1/NYUdata/NYU0571/depth_bfx/NYU0571.png,rule,"{""a_concept"": ""cabinet"", ""a_depth_m"": 1.0859999656677246, ""b_concept"": ""refrigerator"", ""b_depth_m"": 1.8819999694824219, ""comparative"": ""closer"", ""answer_concept"": ""cabinet""}"
test_004409,kv1/NYUdata/NYU1235,scene:kv1/NYUdata/NYU1235,kv1,living_room,test,relative_depth,farther,4,"Of the sofa and the lamp, which is farther?",,sofa,choice,sofa|lamp,SUNRGBD/kv1/NYUdata/NYU1235/image/NYU1235.jpg,SUNRGBD/kv1/NYUdata/NYU1235/depth_bfx/NYU1235.png,rule,"{""a_concept"": ""sofa"", ""a_depth_m"": 2.0190000534057617, ""b_concept"": ""lamp"", ""b_depth_m"": 1.4520000219345093, ""comparative"": ""farther"", ""answer_concept"": ""sofa""}"
test_008684,kv1/NYUdata/NYU1413,scene:kv1/NYUdata/NYU1413,kv1,dining_room,test,relative_depth,farther,5,"Which one is farther, the chair or the lamp?",,lamp,choice,chair|lamp,SUNRGBD/kv1/NYUdata/NYU1413/image/NYU1413.jpg,SUNRGBD/kv1/NYUdata/NYU1413/depth_bfx/NYU1413.png,rule,"{""a_concept"": ""chair"", ""a_depth_m"": 0.9520000219345093, ""b_concept"": ""lamp"", ""b_depth_m"": 2.23799991607666, ""comparative"": ""farther"", ""answer_concept"": ""lamp""}"
test_002134,kv1/NYUdata/NYU1109,scene:kv1/NYUdata/NYU1109,kv1,bedroom,test,relative_depth,closer,4,"Of the bed and the door, which is closer?",,bed,choice,bed|door,SUNRGBD/kv1/NYUdata/NYU1109/image/NYU1109.jpg,SUNRGBD/kv1/NYUdata/NYU1109/depth_bfx/NYU1109.png,rule,"{""a_concept"": ""door"", ""a_depth_m"": 3.01200008392334, ""b_concept"": ""bed"", ""b_depth_m"": 1.3980000019073486, ""comparative"": ""closer"", ""answer_concept"": ""bed""}"
test_003666,kv1/NYUdata/NYU0441,scene:kv1/NYUdata/NYU0441,kv1,playroom,test,relative_depth,farther,2,Is the book or the mirror farther from the camera?,,mirror,choice,book|mirror,SUNRGBD/kv1/NYUdata/NYU0441/image/NYU0441.jpg,SUNRGBD/kv1/NYUdata/NYU0441/depth_bfx/NYU0441.png,rule,"{""a_concept"": ""book"", ""a_depth_m"": 1.61899995803833, ""b_concept"": ""mirror"", ""b_depth_m"": 4.888999938964844, ""comparative"": ""farther"", ""answer_concept"": ""mirror""}"
test_012815,kv1/NYUdata/NYU0694,scene:kv1/NYUdata/NYU0694,kv1,bathroom,test,relative_depth,farther,2,Is the blind or the counter farther from the camera?,,blind,choice,blind|counter,SUNRGBD/kv1/NYUdata/NYU0694/image/NYU0694.jpg,SUNRGBD/kv1/NYUdata/NYU0694/depth_bfx/NYU0694.png,rule,"{""a_concept"": ""counter"", ""a_depth_m"": 0.8460000157356262, ""b_concept"": ""blind"", ""b_depth_m"": 1.562999963760376, ""comparative"": ""farther"", ""answer_concept"": ""blind""}"
test_002844,kv1/NYUdata/NYU0039,scene:kv1/NYUdata/NYU0039,kv1,office,test,relative_depth,farther,3,"Which object is farther from the camera, the table or the heater?",,heater,choice,table|heater,SUNRGBD/kv1/NYUdata/NYU0039/image/NYU0039.jpg,SUNRGBD/kv1/NYUdata/NYU0039/depth_bfx/NYU0039.png,rule,"{""a_concept"": ""table"", ""a_depth_m"": 1.6119999885559082, ""b_concept"": ""heater"", ""b_depth_m"": 3.1679999828338623, ""comparative"": ""farther"", ""answer_concept"": ""heater""}"
test_000346,kv1/NYUdata/NYU1394,scene:kv1/NYUdata/NYU1394,kv1,dining_room,test,relative_depth,closer,4,"Of the table and the cabinet, which is closer?",,table,choice,table|cabinet,SUNRGBD/kv1/NYUdata/NYU1394/image/NYU1394.jpg,SUNRGBD/kv1/NYUdata/NYU1394/depth_bfx/NYU1394.png,rule,"{""a_concept"": ""cabinet"", ""a_depth_m"": 7.296000003814697, ""b_concept"": ""table"", ""b_depth_m"": 2.00600004196167, ""comparative"": ""closer"", ""answer_concept"": ""table""}"
test_005007,realsense/lg/2014_10_28-15_45_36-1311000073,scene:realsense/lg/2014_10_28-15_45_36-1311000073,realsense,library,test,relative_depth,closer,4,"Of the recycle bin and the vent, which is closer?",,vent,choice,recycle_bin|vent,SUNRGBD/realsense/lg/2014_10_28-15_45_36-1311000073/image/0000063.jpg,SUNRGBD/realsense/lg/2014_10_28-15_45_36-1311000073/depth_bfx/0000063.png,rule,"{""a_concept"": ""vent"", ""a_depth_m"": 2.2200000286102295, ""b_concept"": ""recyclebin"", ""b_depth_m"": 4.89300012588501, ""comparative"": ""closer"", ""answer_concept"": ""vent""}"
test_000303,realsense/lg/2014_10_26-14_43_27-1311000073,scene:realsense/lg/2014_10_26-14_43_27-1311000073,realsense,discussion_area,test,relative_depth,closer,2,Is the table or the trash can closer to the camera?,,table,choice,table|trash_can,SUNRGBD/realsense/lg/2014_10_26-14_43_27-1311000073/image/0000063.jpg,SUNRGBD/realsense/lg/2014_10_26-14_43_27-1311000073/depth_bfx/0000063.png,rule,"{""a_concept"": ""table"", ""a_depth_m"": 2.0999999046325684, ""b_concept"": ""trashcan"", ""b_depth_m"": 3.61899995803833, ""comparative"": ""closer"", ""answer_concept"": ""table""}"
test_012430,realsense/lg/2014_10_30-15_39_14-1311000073,scene:realsense/lg/2014_10_30-15_39_14-1311000073,realsense,rest_space,test,relative_depth,closer,2,Is the bag or the book closer to the camera?,,bag,choice,bag|book,SUNRGBD/realsense/lg/2014_10_30-15_39_14-1311000073/image/0000064.jpg,SUNRGBD/realsense/lg/2014_10_30-15_39_14-1311000073/depth_bfx/0000064.png,rule,"{""a_concept"": ""book"", ""a_depth_m"": 2.1389999389648438, ""b_concept"": ""bag"", ""b_depth_m"": 1.6390000581741333, ""comparative"": ""closer"", ""answer_concept"": ""bag""}"
test_001508,realsense/lg/2014_10_27-15_15_40-1311000073,scene:realsense/lg/2014_10_27-15_15_40-1311000073,realsense,rest_space,test,relative_depth,closer,0,"Which is closer to the camera, the table or the bench?",,table,choice,table|bench,SUNRGBD/realsense/lg/2014_10_27-15_15_40-1311000073/image/0000063.jpg,SUNRGBD/realsense/lg/2014_10_27-15_15_40-1311000073/depth_bfx/0000063.png,rule,"{""a_concept"": ""table"", ""a_depth_m"": 1.4390000104904175, ""b_concept"": ""bench"", ""b_depth_m"": 2.562000036239624, ""comparative"": ""closer"", ""answer_concept"": ""table""}"
test_008798,realsense/lg/2014_10_27-15_12_49-1311000073,scene:realsense/lg/2014_10_27-15_12_49-1311000073,realsense,rest_space,test,relative_depth,closer,2,Is the book or the door closer to the camera?,,book,choice,book|door,SUNRGBD/realsense/lg/2014_10_27-15_12_49-1311000073/image/0000064.jpg,SUNRGBD/realsense/lg/2014_10_27-15_12_49-1311000073/depth_bfx/0000064.png,rule,"{""a_concept"": ""door"", ""a_depth_m"": 4.039000034332275, ""b_concept"": ""book"", ""b_depth_m"": 2.2769999504089355, ""comparative"": ""closer"", ""answer_concept"": ""book""}"
test_008805,realsense/lg/2014_10_30-15_34_50-1311000073,scene:realsense/lg/2014_10_30-15_34_50-1311000073,realsense,office_kitchen,test,relative_depth,farther,2,Is the container or the cabinet farther from the camera?,,container,choice,container|cabinet,SUNRGBD/realsense/lg/2014_10_30-15_34_50-1311000073/image/0000064.jpg,SUNRGBD/realsense/lg/2014_10_30-15_34_50-1311000073/depth_bfx/0000064.png,rule,"{""a_concept"": ""container"", ""a_depth_m"": 1.9270000457763672, ""b_concept"": ""cabinet"", ""b_depth_m"": 1.5130000114440918, ""comparative"": ""farther"", ""answer_concept"": ""container""}"
test_013545,realsense/lg/2014_10_25-17_48_56-1311000073,scene:realsense/lg/2014_10_25-17_48_56-1311000073,realsense,rest_space,test,relative_depth,farther,1,"Between the paper and the drawer, which one is farther from the camera?",,paper,choice,paper|drawer,SUNRGBD/realsense/lg/2014_10_25-17_48_56-1311000073/image/0000063.jpg,SUNRGBD/realsense/lg/2014_10_25-17_48_56-1311000073/depth_bfx/0000063.png,rule,"{""a_concept"": ""drawer"", ""a_depth_m"": 1.5700000524520874, ""b_concept"": ""paper"", ""b_depth_m"": 3.240000009536743, ""comparative"": ""farther"", ""answer_concept"": ""paper""}"
test_010999,realsense/lg/2014_10_25-17_19_01-1311000073,scene:realsense/lg/2014_10_25-17_19_01-1311000073,realsense,rest_space,test,relative_depth,closer,4,"Of the trash can and the cabinet, which is closer?",,cabinet,choice,trash_can|cabinet,SUNRGBD/realsense/lg/2014_10_25-17_19_01-1311000073/image/0000063.jpg,SUNRGBD/realsense/lg/2014_10_25-17_19_01-1311000073/depth_bfx/0000063.png,rule,"{""a_concept"": ""trashcan"", ""a_depth_m"": 3.302000045776367, ""b_concept"": ""cabinet"", ""b_depth_m"": 2.1440000534057617, ""comparative"": ""closer"", ""answer_concept"": ""cabinet""}"
test_005083,realsense/lg/2014_10_28-15_49_03-1311000073,scene:realsense/lg/2014_10_28-15_49_03-1311000073,realsense,library,test,relative_depth,farther,4,"Of the window and the monitor, which is farther?",,monitor,choice,window|monitor,SUNRGBD/realsense/lg/2014_10_28-15_49_03-1311000073/image/0000063.jpg,SUNRGBD/realsense/lg/2014_10_28-15_49_03-1311000073/depth_bfx/0000063.png,rule,"{""a_concept"": ""monitor"", ""a_depth_m"": 3.9639999866485596, ""b_concept"": ""window"", ""b_depth_m"": 2.944999933242798, ""comparative"": ""farther"", ""answer_concept"": ""monitor""}"
test_006888,realsense/lg/2014_10_29-16_14_36-1311000073,scene:realsense/lg/2014_10_29-16_14_36-1311000073,realsense,reception_room,test,relative_depth,closer,5,"Which one is closer, the paper or the door?",,door,choice,paper|door,SUNRGBD/realsense/lg/2014_10_29-16_14_36-1311000073/image/0000069.jpg,SUNRGBD/realsense/lg/2014_10_29-16_14_36-1311000073/depth_bfx/0000069.png,rule,"{""a_concept"": ""door"", ""a_depth_m"": 0.6880000233650208, ""b_concept"": ""paper"", ""b_depth_m"": 2.2709999084472656, ""comparative"": ""closer"", ""answer_concept"": ""door""}"
test_006471,realsense/lg/2014_10_26-13_53_26-1311000073,scene:realsense/lg/2014_10_26-13_53_26-1311000073,realsense,mail_room,test,relative_depth,farther,1,"Between the cabinet and the table, which one is farther from the camera?",,cabinet,choice,cabinet|table,SUNRGBD/realsense/lg/2014_10_26-13_53_26-1311000073/image/0000063.jpg,SUNRGBD/realsense/lg/2014_10_26-13_53_26-1311000073/depth_bfx/0000063.png,rule,"{""a_concept"": ""cabinet"", ""a_depth_m"": 2.6070001125335693, ""b_concept"": ""table"", ""b_depth_m"": 1.7230000495910645, ""comparative"": ""farther"", ""answer_concept"": ""cabinet""}"
test_007022,realsense/lg/2014_10_30-15_39_41-1311000073,scene:realsense/lg/2014_10_30-15_39_41-1311000073,realsense,rest_space,test,relative_depth,closer,1,"Between the door and the table, which one is closer to the camera?",,table,choice,door|table,SUNRGBD/realsense/lg/2014_10_30-15_39_41-1311000073/image/0000064.jpg,SUNRGBD/realsense/lg/2014_10_30-15_39_41-1311000073/depth_bfx/0000064.png,rule,"{""a_concept"": ""table"", ""a_depth_m"": 1.6150000095367432, ""b_concept"": ""door"", ""b_depth_m"": 4.553999900817871, ""comparative"": ""closer"", ""answer_concept"": ""table""}"
test_005138,kv2/kinect2data/003248_2014-05-14_14-15-01_094959634447_rgbf000100-resize,scene:kv2/kinect2data/003248_2014-05-14_14-15-01_094959634447_rgbf000100-resize,kv2,classroom,test,identify_superlative,largest,0,Which object takes up the most space in the image?,,whiteboard,object,,SUNRGBD/kv2/kinect2data/003248_2014-05-14_14-15-01_094959634447_rgbf000100-resize/image/0000100.jpg,SUNRGBD/kv2/kinect2data/003248_2014-05-14_14-15-01_094959634447_rgbf000100-resize/depth_bfx/0000100.png,rule,"{""winner_concept"": ""whiteboard"", ""winner_object_index"": 0, ""winner_area_frac"": 0.17354872059963816, ""winner_depth_m"": 2.5190000534057617, ""runner_up_concept"": ""desk"", ""runner_up_area_frac"": 0.10641638666322047, ""runner_up_depth_m"": 1.8769999742507935}"
test_001197,kv2/kinect2data/001227_2014-06-17_16-28-55_260595134347_rgbf000083-resize,scene:kv2/kinect2data/001227_2014-06-17_16-28-55_260595134347_rgbf000083-resize,kv2,printer_room,test,identify_superlative,farthest_camera,1,What is the most distant object from the camera?,,computer,object,,SUNRGBD/kv2/kinect2data/001227_2014-06-17_16-28-55_260595134347_rgbf000083-resize/image/0000083.jpg,SUNRGBD/kv2/kinect2data/001227_2014-06-17_16-28-55_260595134347_rgbf000083-resize/depth_bfx/0000083.png,rule,"{""winner_concept"": ""computer"", ""winner_object_index"": 0, ""winner_area_frac"": 0.023521581804083744, ""winner_depth_m"": 2.427999973297119, ""runner_up_concept"": ""desk"", ""runner_up_area_frac"": 0.1622719048849832, ""runner_up_depth_m"": 1.9190000295639038}"
test_006514,kv2/kinect2data/001721_2014-06-26_19-27-15_260595134347_rgbf000087-resize,scene:kv2/kinect2data/001721_2014-06-26_19-27-15_260595134347_rgbf000087-resize,kv2,furniture_store,test,identify_superlative,closest_camera,5,What is the closest visible object to the camera?,,window,object,,SUNRGBD/kv2/kinect2data/001721_2014-06-26_19-27-15_260595134347_rgbf000087-resize/image/0000087.jpg,SUNRGBD/kv2/kinect2data/001721_2014-06-26_19-27-15_260595134347_rgbf000087-resize/depth_bfx/0000087.png,rule,"{""winner_concept"": ""window"", ""winner_object_index"": 3, ""winner_area_frac"": 0.018251486172137503, ""winner_depth_m"": 1.0019999742507935, ""runner_up_concept"": ""chair"", ""runner_up_area_frac"": 0.11817782372706126, ""runner_up_depth_m"": 1.3179999589920044}"
test_000103,kv2/kinect2data/002750_2014-06-22_19-08-03_094959634447_rgbf000094-resize,scene:kv2/kinect2data/002750_2014-06-22_19-08-03_094959634447_rgbf000094-resize,kv2,kitchen,test,identify_superlative,largest,1,What is the largest object in this room?,,cabinet,object,,SUNRGBD/kv2/kinect2data/002750_2014-06-22_19-08-03_094959634447_rgbf000094-resize/image/0000094.jpg,SUNRGBD/kv2/kinect2data/002750_2014-06-22_19-08-03_094959634447_rgbf000094-resize/depth_bfx/0000094.png,rule,"{""winner_concept"": ""cabinet"", ""winner_object_index"": 3, ""winner_area_frac"": 0.25066497220506423, ""winner_depth_m"": 2.306999921798706, ""runner_up_concept"": ""cabinet"", ""runner_up_area_frac"": 0.11620002823876178, ""runner_up_depth_m"": 2.055999994277954}"
test_010995,kv2/kinect2data/003572_2014-05-23_11-08-31_094959634447_rgbf000101-resize,scene:kv2/kinect2data/003572_2014-05-23_11-08-31_094959634447_rgbf000101-resize,kv2,dining_area,test,identify_superlative,largest,5,What is the largest visible object in the scene?,,table,object,,SUNRGBD/kv2/kinect2data/003572_2014-05-23_11-08-31_094959634447_rgbf000101-resize/image/0000101.jpg,SUNRGBD/kv2/kinect2data/003572_2014-05-23_11-08-31_094959634447_rgbf000101-resize/depth_bfx/0000101.png,rule,"{""winner_concept"": ""table"", ""winner_object_index"": 7, ""winner_area_frac"": 0.15715162828198503, ""winner_depth_m"": 1.5640000104904175, ""runner_up_concept"": ""chair"", ""runner_up_area_frac"": 0.0393693460842595, ""runner_up_depth_m"": 1.3229999542236328}"
test_011622,kv2/kinect2data/001774_2014-06-26_20-00-11_260595134347_rgbf000023-resize,scene:kv2/kinect2data/001774_2014-06-26_20-00-11_260595134347_rgbf000023-resize,kv2,furniture_store,test,identify_superlative,largest,0,Which object takes up the most space in the image?,,sofa,object,,SUNRGBD/kv2/kinect2data/001774_2014-06-26_20-00-11_260595134347_rgbf000023-resize/image/0000023.jpg,SUNRGBD/kv2/kinect2data/001774_2014-06-26_20-00-11_260595134347_rgbf000023-resize/depth_bfx/0000023.png,rule,"{""winner_concept"": ""sofa"", ""winner_object_index"": 1, ""winner_area_frac"": 0.3974881750878001, ""winner_depth_m"": null, ""runner_up_concept"": ""coffeetable"", ""runner_up_area_frac"": 0.14092271904884984, ""runner_up_depth_m"": 2.0739998817443848}"
test_005295,kv2/kinect2data/000501_2014-06-08_23-02-15_260595134347_rgbf000057-resize,scene:kv2/kinect2data/000501_2014-06-08_23-02-15_260595134347_rgbf000057-resize,kv2,rest_space,test,identify_superlative,farthest_camera,3,What object is farthest from the viewer?,,door,object,,SUNRGBD/kv2/kinect2data/000501_2014-06-08_23-02-15_260595134347_rgbf000057-resize/image/0000057.jpg,SUNRGBD/kv2/kinect2data/000501_2014-06-08_23-02-15_260595134347_rgbf000057-resize/depth_bfx/0000057.png,rule,"{""winner_concept"": ""door"", ""winner_object_index"": 5, ""winner_area_frac"": 0.020582837942620832, ""winner_depth_m"": 6.747000217437744, ""runner_up_concept"": ""sofa"", ""runner_up_area_frac"": 0.21667614370638408, ""runner_up_depth_m"": 1.968000054359436}"
test_011590,kv2/kinect2data/000025_2014-05-26_14-45-00_260595134347_rgbf000031-resize,scene:kv2/kinect2data/000025_2014-05-26_14-45-00_260595134347_rgbf000031-resize,kv2,furniture_store,test,identify_superlative,closest_camera,2,Which item is closest to where the picture was taken from?,,bed,object,,SUNRGBD/kv2/kinect2data/000025_2014-05-26_14-45-00_260595134347_rgbf000031-resize/image/0000031.jpg,SUNRGBD/kv2/kinect2data/000025_2014-05-26_14-45-00_260595134347_rgbf000031-resize/depth_bfx/0000031.png,rule,"{""winner_concept"": ""bed"", ""winner_object_index"": 13, ""winner_area_frac"": 0.07645644869475317, ""winner_depth_m"": 1.9589999914169312, ""runner_up_concept"": ""pillow"", ""runner_up_area_frac"": 0.011849315068493151, ""runner_up_depth_m"": 3.0739998817443848}"
test_005531,kv2/kinect2data/001778_2014-06-26_20-01-10_260595134347_rgbf000069-resize,scene:kv2/kinect2data/001778_2014-06-26_20-01-10_260595134347_rgbf000069-resize,kv2,furniture_store,test,identify_superlative,largest,0,Which object takes up the most space in the image?,,sofa,object,,SUNRGBD/kv2/kinect2data/001778_2014-06-26_20-01-10_260595134347_rgbf000069-resize/image/0000069.jpg,SUNRGBD/kv2/kinect2data/001778_2014-06-26_20-01-10_260595134347_rgbf000069-resize/depth_bfx/0000069.png,rule,"{""winner_concept"": ""sofa"", ""winner_object_index"": 2, ""winner_area_frac"": 0.18309769966399586, ""winner_depth_m"": 1.9259999990463257, ""runner_up_concept"": ""sofa"", ""runner_up_area_frac"": 0.07858361333677953, ""runner_up_depth_m"": 2.374000072479248}"
test_013056,kv2/kinect2data/000860_2014-06-09_20-30-52_260595134347_rgbf000115-resize,scene:kv2/kinect2data/000860_2014-06-09_20-30-52_260595134347_rgbf000115-resize,kv2,dining_area,test,identify_superlative,closest_camera,3,What object is nearest the viewer?,,coffee table,object,,SUNRGBD/kv2/kinect2data/000860_2014-06-09_20-30-52_260595134347_rgbf000115-resize/image/0000115.jpg,SUNRGBD/kv2/kinect2data/000860_2014-06-09_20-30-52_260595134347_rgbf000115-resize/depth_bfx/0000115.png,rule,"{""winner_concept"": ""coffeetable"", ""winner_object_index"": 1, ""winner_area_frac"": 0.057333936417678984, ""winner_depth_m"": 3.0199999809265137, ""runner_up_concept"": null, ""runner_up_area_frac"": null, ""runner_up_depth_m"": null}"
test_009439,kv2/kinect2data/000031_2014-05-26_14-50-05_260595134347_rgbf000051-resize,scene:kv2/kinect2data/000031_2014-05-26_14-50-05_260595134347_rgbf000051-resize,kv2,furniture_store,test,identify_superlative,closest_camera,5,What is the closest visible object to the camera?,,lamp,object,,SUNRGBD/kv2/kinect2data/000031_2014-05-26_14-50-05_260595134347_rgbf000051-resize/image/0000051.jpg,SUNRGBD/kv2/kinect2data/000031_2014-05-26_14-50-05_260595134347_rgbf000051-resize/depth_bfx/0000051.png,rule,"{""winner_concept"": ""lamp"", ""winner_object_index"": 7, ""winner_area_frac"": 0.008803308348410442, ""winner_depth_m"": 3.8519999980926514, ""runner_up_concept"": null, ""runner_up_area_frac"": null, ""runner_up_depth_m"": null}"
test_006987,kv2/kinect2data/001877_2014-06-22_13-49-29_260595134347_rgbf000039-resize,scene:kv2/kinect2data/001877_2014-06-22_13-49-29_260595134347_rgbf000039-resize,kv2,furniture_store,test,identify_superlative,largest,0,Which object takes up the most space in the image?,,bed,object,,SUNRGBD/kv2/kinect2data/001877_2014-06-22_13-49-29_260595134347_rgbf000039-resize/image/0000039.jpg,SUNRGBD/kv2/kinect2data/001877_2014-06-22_13-49-29_260595134347_rgbf000039-resize/depth_bfx/0000039.png,rule,"{""winner_concept"": ""bed"", ""winner_object_index"": 8, ""winner_area_frac"": 0.24867407598862756, ""winner_depth_m"": 1.7730000019073486, ""runner_up_concept"": ""bedframe"", ""runner_up_area_frac"": 0.1287787542000517, ""runner_up_depth_m"": 3.4760000705718994}"
test_009671,kv2/kinect2data/003142_2014-05-12_11-06-33_094959634447_rgbf000100-resize,scene:kv2/kinect2data/003142_2014-05-12_11-06-33_094959634447_rgbf000100-resize,kv2,classroom,test,identify_superlative,largest,4,Which object covers the most of the image?,,desk,object,,SUNRGBD/kv2/kinect2data/003142_2014-05-12_11-06-33_094959634447_rgbf000100-resize/image/0000100.jpg,SUNRGBD/kv2/kinect2data/003142_2014-05-12_11-06-33_094959634447_rgbf000100-resize/depth_bfx/0000100.png,rule,"{""winner_concept"": ""desk"", ""winner_object_index"": 0, ""winner_area_frac"": 0.40918351956169763, ""winner_depth_m"": null, ""runner_up_concept"": ""window"", ""runner_up_area_frac"": 0.02993796846730421, ""runner_up_depth_m"": null}"
test_007984,kv2/kinect2data/003306_2014-05-15_11-38-28_094959634447_rgbf000100-resize,scene:kv2/kinect2data/003306_2014-05-15_11-38-28_094959634447_rgbf000100-resize,kv2,study_space,test,identify_superlative,largest,5,What is the largest visible object in the scene?,,table,object,,SUNRGBD/kv2/kinect2data/003306_2014-05-15_11-38-28_094959634447_rgbf000100-resize/image/0000100.jpg,SUNRGBD/kv2/kinect2data/003306_2014-05-15_11-38-28_094959634447_rgbf000100-resize/depth_bfx/0000100.png,rule,"{""winner_concept"": ""table"", ""winner_object_index"": 6, ""winner_area_frac"": 0.23975575084001033, ""winner_depth_m"": null, ""runner_up_concept"": ""chair"", ""runner_up_area_frac"": 0.1171921303848582, ""runner_up_depth_m"": null}"
test_009206,kv2/kinect2data/001711_2014-06-26_19-24-23_260595134347_rgbf000070-resize,scene:kv2/kinect2data/001711_2014-06-26_19-24-23_260595134347_rgbf000070-resize,kv2,furniture_store,test,identify_superlative,largest,3,What object is the biggest one visible here?,,table,object,,SUNRGBD/kv2/kinect2data/001711_2014-06-26_19-24-23_260595134347_rgbf000070-resize/image/0000070.jpg,SUNRGBD/kv2/kinect2data/001711_2014-06-26_19-24-23_260595134347_rgbf000070-resize/depth_bfx/0000070.png,rule,"{""winner_concept"": ""table"", ""winner_object_index"": 25, ""winner_area_frac"": 0.2126695066146291, ""winner_depth_m"": null, ""runner_up_concept"": ""chair"", ""runner_up_area_frac"": 0.09448549086961051, ""runner_up_depth_m"": 1.7599999904632568}"
test_005158,kv2/kinect2data/000528_2014-06-08_14-00-26_260595134347_rgbf000083-resize,scene:kv2/kinect2data/000528_2014-06-08_14-00-26_260595134347_rgbf000083-resize,kv2,rest_space,test,identify_superlative,farthest_camera,5,What is the most distant visible object in the scene?,,door,object,,SUNRGBD/kv2/kinect2data/000528_2014-06-08_14-00-26_260595134347_rgbf000083-resize/image/0000083.jpg,SUNRGBD/kv2/kinect2data/000528_2014-06-08_14-00-26_260595134347_rgbf000083-resize/depth_bfx/0000083.png,rule,"{""winner_concept"": ""door"", ""winner_object_index"": 3, ""winner_area_frac"": 0.027110364435254587, ""winner_depth_m"": 4.859000205993652, ""runner_up_concept"": ""table"", ""runner_up_area_frac"": 0.09726920722370122, ""runner_up_depth_m"": 1.8079999685287476}"
test_013200,kv2/kinect2data/003637_2014-05-23_22-09-03_094959634447_rgbf000100-resize,scene:kv2/kinect2data/003637_2014-05-23_22-09-03_094959634447_rgbf000100-resize,kv2,office,test,identify_superlative,farthest_camera,5,What is the most distant visible object in the scene?,,door,object,,SUNRGBD/kv2/kinect2data/003637_2014-05-23_22-09-03_094959634447_rgbf000100-resize/image/0000100.jpg,SUNRGBD/kv2/kinect2data/003637_2014-05-23_22-09-03_094959634447_rgbf000100-resize/depth_bfx/0000100.png,rule,"{""winner_concept"": ""door"", ""winner_object_index"": 2, ""winner_area_frac"": 0.1304561902300336, ""winner_depth_m"": 2.365999937057495, ""runner_up_concept"": ""desk"", ""runner_up_area_frac"": 0.12348022744895322, ""runner_up_depth_m"": 1.9520000219345093}"
test_008035,kv2/align_kv2/2014-12-18_12-22-00_260595134347,scene:kv2/align_kv2/2014-12-18_12-22-00_260595134347,kv2,computer_room,test,identify_superlative,farthest_camera,5,What is the most distant visible object in the scene?,,monitor,object,,SUNRGBD/kv2/align_kv2/2014-12-18_12-22-00_260595134347/image/0000148.jpg,SUNRGBD/kv2/align_kv2/2014-12-18_12-22-00_260595134347/depth_bfx/0000148.png,rule,"{""winner_concept"": ""monitor"", ""winner_object_index"": 5, ""winner_area_frac"": 0.011677436029981907, ""winner_depth_m"": 2.815000057220459, ""runner_up_concept"": ""chair"", ""runner_up_area_frac"": 0.04395967950374774, ""runner_up_depth_m"": 1.687999963760376}"
test_013028,kv2/kinect2data/001825_2014-06-26_20-56-47_260595134347_rgbf000102-resize,scene:kv2/kinect2data/001825_2014-06-26_20-56-47_260595134347_rgbf000102-resize,kv2,furniture_store,test,identify_superlative,largest,4,Which object covers the most of the image?,,picture,object,,SUNRGBD/kv2/kinect2data/001825_2014-06-26_20-56-47_260595134347_rgbf000102-resize/image/0000102.jpg,SUNRGBD/kv2/kinect2data/001825_2014-06-26_20-56-47_260595134347_rgbf000102-resize/depth_bfx/0000102.png,rule,"{""winner_concept"": ""picture"", ""winner_object_index"": 8, ""winner_area_frac"": 0.05061902300336004, ""winner_depth_m"": 4.047999858856201, ""runner_up_concept"": ""tree"", ""runner_up_area_frac"": 0.028751615404497288, ""runner_up_depth_m"": 3.1389999389648438}"
test_007888,kv2/kinect2data/002979_2014-06-08_18-31-42_094959634447_rgbf000075-resize,scene:kv2/kinect2data/002979_2014-06-08_18-31-42_094959634447_rgbf000075-resize,kv2,furniture_store,test,identify_superlative,largest,2,Which item occupies the biggest area in the picture?,,bed,object,,SUNRGBD/kv2/kinect2data/002979_2014-06-08_18-31-42_094959634447_rgbf000075-resize/image/0000075.jpg,SUNRGBD/kv2/kinect2data/002979_2014-06-08_18-31-42_094959634447_rgbf000075-resize/depth_bfx/0000075.png,rule,"{""winner_concept"": ""bed"", ""winner_object_index"": 0, ""winner_area_frac"": 0.6823365210648746, ""winner_depth_m"": 1.6239999532699585, ""runner_up_concept"": ""blanket"", ""runner_up_area_frac"": 0.2527061256138537, ""runner_up_depth_m"": 1.4859999418258667}"
test_001282,kv2/kinect2data/003090_2014-06-24_21-01-05_094959634447_rgbf000072-resize,scene:kv2/kinect2data/003090_2014-06-24_21-01-05_094959634447_rgbf000072-resize,kv2,living_room,test,identify_superlative,farthest_camera,3,What object is farthest from the viewer?,,door,object,,SUNRGBD/kv2/kinect2data/003090_2014-06-24_21-01-05_094959634447_rgbf000072-resize/image/0000072.jpg,SUNRGBD/kv2/kinect2data/003090_2014-06-24_21-01-05_094959634447_rgbf000072-resize/depth_bfx/0000072.png,rule,"{""winner_concept"": ""door"", ""winner_object_index"": 17, ""winner_area_frac"": 0.06927629878521582, ""winner_depth_m"": 3.1050000190734863, ""runner_up_concept"": ""chair"", ""runner_up_area_frac"": 0.007062548462134919, ""runner_up_depth_m"": 2.430999994277954}"
test_008361,kv2/kinect2data/003472_2014-05-21_15-02-25_094959634447_rgbf000101-resize,scene:kv2/kinect2data/003472_2014-05-21_15-02-25_094959634447_rgbf000101-resize,kv2,classroom,test,identify_superlative,closest_camera,3,What object is nearest the viewer?,,desk,object,,SUNRGBD/kv2/kinect2data/003472_2014-05-21_15-02-25_094959634447_rgbf000101-resize/image/0000101.jpg,SUNRGBD/kv2/kinect2data/003472_2014-05-21_15-02-25_094959634447_rgbf000101-resize/depth_bfx/0000101.png,rule,"{""winner_concept"": ""desk"", ""winner_object_index"": 8, ""winner_area_frac"": 0.1260144740242957, ""winner_depth_m"": 0.8069999814033508, ""runner_up_concept"": ""desk"", ""runner_up_area_frac"": 0.0888950633238563, ""runner_up_depth_m"": 1.2599999904632568}"
test_003956,kv2/kinect2data/000285_2014-06-02_16-16-14_260595134347_rgbf000065-resize,scene:kv2/kinect2data/000285_2014-06-02_16-16-14_260595134347_rgbf000065-resize,kv2,furniture_store,test,identify_superlative,largest,3,What object is the biggest one visible here?,,sofa,object,,SUNRGBD/kv2/kinect2data/000285_2014-06-02_16-16-14_260595134347_rgbf000065-resize/image/0000065.jpg,SUNRGBD/kv2/kinect2data/000285_2014-06-02_16-16-14_260595134347_rgbf000065-resize/depth_bfx/0000065.png,rule,"{""winner_concept"": ""sofa"", ""winner_object_index"": 5, ""winner_area_frac"": 0.34336175645401945, ""winner_depth_m"": 2.240999937057495, ""runner_up_concept"": ""cushion"", ""runner_up_area_frac"": 0.028905401912638923, ""runner_up_depth_m"": null}"
test_007039,kv2/kinect2data/000709_2014-06-08_13-51-55_260595134347_rgbf000068-resize,scene:kv2/kinect2data/000709_2014-06-08_13-51-55_260595134347_rgbf000068-resize,kv2,office,test,identify_superlative,largest,2,Which item occupies the biggest area in the picture?,,drawer,object,,SUNRGBD/kv2/kinect2data/000709_2014-06-08_13-51-55_260595134347_rgbf000068-resize/image/0000068.jpg,SUNRGBD/kv2/kinect2data/000709_2014-06-08_13-51-55_260595134347_rgbf000068-resize/depth_bfx/0000068.png,rule,"{""winner_concept"": ""drawer"", ""winner_object_index"": 18, ""winner_area_frac"": 0.2782346859653657, ""winner_depth_m"": 1.8919999599456787, ""runner_up_concept"": ""cabinet"", ""runner_up_area_frac"": 0.062239596795037475, ""runner_up_depth_m"": null}"
test_001378,kv2/kinect2data/002757_2014-06-22_19-11-06_094959634447_rgbf000044-resize,scene:kv2/kinect2data/002757_2014-06-22_19-11-06_094959634447_rgbf000044-resize,kv2,bedroom,test,identify_superlative,closest_camera,4,Which object is closest to us in this image?,,blanket,object,,SUNRGBD/kv2/kinect2data/002757_2014-06-22_19-11-06_094959634447_rgbf000044-resize/image/0000044.jpg,SUNRGBD/kv2/kinect2data/002757_2014-06-22_19-11-06_094959634447_rgbf000044-resize/depth_bfx/0000044.png,rule,"{""winner_concept"": ""blanket"", ""winner_object_index"": 1, ""winner_area_frac"": 0.08903292540314163, ""winner_depth_m"": 0.9539999961853027, ""runner_up_concept"": ""backpack"", ""runner_up_area_frac"": 0.029088911863530627, ""runner_up_depth_m"": 1.2920000553131104}"
test_004478,kv2/kinect2data/001198_2014-06-17_16-02-15_260595134347_rgbf000061-resize,scene:kv2/kinect2data/001198_2014-06-17_16-02-15_260595134347_rgbf000061-resize,kv2,rest_space,test,identify_superlative,largest,2,Which item occupies the biggest area in the picture?,,carpet,object,,SUNRGBD/kv2/kinect2data/001198_2014-06-17_16-02-15_260595134347_rgbf000061-resize/image/0000061.jpg,SUNRGBD/kv2/kinect2data/001198_2014-06-17_16-02-15_260595134347_rgbf000061-resize/depth_bfx/0000061.png,rule,"{""winner_concept"": ""carpet"", ""winner_object_index"": 0, ""winner_area_frac"": 0.4212070302403722, ""winner_depth_m"": 2.13700008392334, ""runner_up_concept"": ""table"", ""runner_up_area_frac"": 0.14066037735849057, ""runner_up_depth_m"": 2.1110000610351562}"
test_010079,kv2/align_kv2/2014-12-18_14-03-19_260595134347,scene:kv2/align_kv2/2014-12-18_14-03-19_260595134347,kv2,office,test,identify_superlative,largest,4,Which object covers the most of the image?,,window,object,,SUNRGBD/kv2/align_kv2/2014-12-18_14-03-19_260595134347/image/0000134.jpg,SUNRGBD/kv2/align_kv2/2014-12-18_14-03-19_260595134347/depth_bfx/0000134.png,rule,"{""winner_concept"": ""window"", ""winner_object_index"": 10, ""winner_area_frac"": 0.1256978547428276, ""winner_depth_m"": 3.2219998836517334, ""runner_up_concept"": ""desk"", ""runner_up_area_frac"": 0.094463685706901, ""runner_up_depth_m"": 2.7730000019073486}"
test_010688,kv2/kinect2data/003510_2014-05-21_17-32-00_094959634447_rgbf000101-resize,scene:kv2/kinect2data/003510_2014-05-21_17-32-00_094959634447_rgbf000101-resize,kv2,office,test,identify_superlative,largest,2,Which item occupies the biggest area in the picture?,,cabinet,object,,SUNRGBD/kv2/kinect2data/003510_2014-05-21_17-32-00_094959634447_rgbf000101-resize/image/0000101.jpg,SUNRGBD/kv2/kinect2data/003510_2014-05-21_17-32-00_094959634447_rgbf000101-resize/depth_bfx/0000101.png,rule,"{""winner_concept"": ""cabinet"", ""winner_object_index"": 1, ""winner_area_frac"": 0.2616076505556991, ""winner_depth_m"": 2.0299999713897705, ""runner_up_concept"": ""window"", ""runner_up_area_frac"": 0.19701602481261307, ""runner_up_depth_m"": 2.697000026702881}"
test_003830,kv2/kinect2data/001141_2014-06-17_15-23-42_260595134347_rgbf000106-resize,scene:kv2/kinect2data/001141_2014-06-17_15-23-42_260595134347_rgbf000106-resize,kv2,library,test,identify_superlative,largest,0,Which object takes up the most space in the image?,,chair,object,,SUNRGBD/kv2/kinect2data/001141_2014-06-17_15-23-42_260595134347_rgbf000106-resize/image/0000106.jpg,SUNRGBD/kv2/kinect2data/001141_2014-06-17_15-23-42_260595134347_rgbf000106-resize/depth_bfx/0000106.png,rule,"{""winner_concept"": ""chair"", ""winner_object_index"": 0, ""winner_area_frac"": 0.07985525975704316, ""winner_depth_m"": 1.6410000324249268, ""runner_up_concept"": ""chair"", ""runner_up_area_frac"": 0.032881881623158436, ""runner_up_depth_m"": 2.7139999866485596}"
test_003348,kv2/kinect2data/003232_2014-05-14_13-44-11_094959634447_rgbf000101-resize,scene:kv2/kinect2data/003232_2014-05-14_13-44-11_094959634447_rgbf000101-resize,kv2,classroom,test,identify_superlative,closest_camera,3,What object is nearest the viewer?,,desk,object,,SUNRGBD/kv2/kinect2data/003232_2014-05-14_13-44-11_094959634447_rgbf000101-resize/image/0000101.jpg,SUNRGBD/kv2/kinect2data/003232_2014-05-14_13-44-11_094959634447_rgbf000101-resize/depth_bfx/0000101.png,rule,"{""winner_concept"": ""desk"", ""winner_object_index"": 25, ""winner_area_frac"": 0.11900361850607392, ""winner_depth_m"": 0.8830000162124634, ""runner_up_concept"": ""desk"", ""runner_up_area_frac"": 0.041060997673817524, ""runner_up_depth_m"": 1.2259999513626099}"
test_008460,kv2/kinect2data/000286_2014-06-02_16-16-45_260595134347_rgbf000048-resize,scene:kv2/kinect2data/000286_2014-06-02_16-16-45_260595134347_rgbf000048-resize,kv2,furniture_store,test,identify_superlative,largest,2,Which item occupies the biggest area in the picture?,,sofa,object,,SUNRGBD/kv2/kinect2data/000286_2014-06-02_16-16-45_260595134347_rgbf000048-resize/image/0000048.jpg,SUNRGBD/kv2/kinect2data/000286_2014-06-02_16-16-45_260595134347_rgbf000048-resize/depth_bfx/0000048.png,rule,"{""winner_concept"": ""sofa"", ""winner_object_index"": 0, ""winner_area_frac"": 0.3354290514344792, ""winner_depth_m"": 1.8639999628067017, ""runner_up_concept"": ""bin"", ""runner_up_area_frac"": 0.051049366761437065, ""runner_up_depth_m"": 2.941999912261963}"
test_003725,kv2/kinect2data/000199_2014-06-02_15-35-11_260595134347_rgbf000034-resize,scene:kv2/kinect2data/000199_2014-06-02_15-35-11_260595134347_rgbf000034-resize,kv2,bathroom,test,identify_superlative,largest,1,What is the largest object in this room?,,shower curtain,object,,SUNRGBD/kv2/kinect2data/000199_2014-06-02_15-35-11_260595134347_rgbf000034-resize/image/0000034.jpg,SUNRGBD/kv2/kinect2data/000199_2014-06-02_15-35-11_260595134347_rgbf000034-resize/depth_bfx/0000034.png,rule,"{""winner_concept"": ""showercurtain"", ""winner_object_index"": 9, ""winner_area_frac"": 0.15598216593434996, ""winner_depth_m"": 1.9630000591278076, ""runner_up_concept"": ""toilet"", ""runner_up_area_frac"": 0.09573274747996899, ""runner_up_depth_m"": 1.5679999589920044}"
test_000831,kv2/kinect2data/000055_2014-05-26_15-06-33_260595134347_rgbf000123-resize,scene:kv2/kinect2data/000055_2014-05-26_15-06-33_260595134347_rgbf000123-resize,kv2,furniture_store,test,identify_superlative,closest_camera,0,Which object is closest to the camera?,,bed,object,,SUNRGBD/kv2/kinect2data/000055_2014-05-26_15-06-33_260595134347_rgbf000123-resize/image/0000123.jpg,SUNRGBD/kv2/kinect2data/000055_2014-05-26_15-06-33_260595134347_rgbf000123-resize/depth_bfx/0000123.png,rule,"{""winner_concept"": ""bed"", ""winner_object_index"": 1, ""winner_area_frac"": 0.5056681313000776, ""winner_depth_m"": 1.4359999895095825, ""runner_up_concept"": ""dresser"", ""runner_up_area_frac"": 0.0699728612044456, ""runner_up_depth_m"": 3.13100004196167}"
test_008908,kv2/kinect2data/000970_2014-06-08_16-37-48_260595134347_rgbf000115-resize,scene:kv2/kinect2data/000970_2014-06-08_16-37-48_260595134347_rgbf000115-resize,kv2,office,test,identify_superlative,largest,3,What object is the biggest one visible here?,,carpet,object,,SUNRGBD/kv2/kinect2data/000970_2014-06-08_16-37-48_260595134347_rgbf000115-resize/image/0000115.jpg,SUNRGBD/kv2/kinect2data/000970_2014-06-08_16-37-48_260595134347_rgbf000115-resize/depth_bfx/0000115.png,rule,"{""winner_concept"": ""carpet"", ""winner_object_index"": 4, ""winner_area_frac"": 0.32530240372189195, ""winner_depth_m"": 1.9859999418258667, ""runner_up_concept"": ""glass"", ""runner_up_area_frac"": 0.06856810545360559, ""runner_up_depth_m"": 2.255000114440918}"
test_005771,kv2/kinect2data/001871_2014-06-22_13-45-18_260595134347_rgbf000021-resize,scene:kv2/kinect2data/001871_2014-06-22_13-45-18_260595134347_rgbf000021-resize,kv2,furniture_store,test,identify_superlative,largest,5,What is the largest visible object in the scene?,,bed,object,,SUNRGBD/kv2/kinect2data/001871_2014-06-22_13-45-18_260595134347_rgbf000021-resize/image/0000021.jpg,SUNRGBD/kv2/kinect2data/001871_2014-06-22_13-45-18_260595134347_rgbf000021-resize/depth_bfx/0000021.png,rule,"{""winner_concept"": ""bed"", ""winner_object_index"": 24, ""winner_area_frac"": 0.45795295942103903, ""winner_depth_m"": 1.5509999990463257, ""runner_up_concept"": ""pictureframe"", ""runner_up_area_frac"": 0.22183851560829673, ""runner_up_depth_m"": 2.7990000247955322}"
test_009921,kv2/kinect2data/000618_2014-06-08_11-09-34_260595134347_rgbf000120-resize,scene:kv2/kinect2data/000618_2014-06-08_11-09-34_260595134347_rgbf000120-resize,kv2,corridor,test,identify_superlative,largest,2,Which item occupies the biggest area in the picture?,,whiteboard,object,,SUNRGBD/kv2/kinect2data/000618_2014-06-08_11-09-34_260595134347_rgbf000120-resize/image/0000120.jpg,SUNRGBD/kv2/kinect2data/000618_2014-06-08_11-09-34_260595134347_rgbf000120-resize/depth_bfx/0000120.png,rule,"{""winner_concept"": ""whiteboard"", ""winner_object_index"": 8, ""winner_area_frac"": 0.28064486947531664, ""winner_depth_m"": 2.6500000953674316, ""runner_up_concept"": ""table"", ""runner_up_area_frac"": 0.07995218402688033, ""runner_up_depth_m"": 2.2920000553131104}"
test_008298,kv2/kinect2data/001826_2014-06-26_20-56-59_260595134347_rgbf000023-resize,scene:kv2/kinect2data/001826_2014-06-26_20-56-59_260595134347_rgbf000023-resize,kv2,furniture_store,test,identify_superlative,closest_camera,3,What object is nearest the viewer?,,stool,object,,SUNRGBD/kv2/kinect2data/001826_2014-06-26_20-56-59_260595134347_rgbf000023-resize/image/0000023.jpg,SUNRGBD/kv2/kinect2data/001826_2014-06-26_20-56-59_260595134347_rgbf000023-resize/depth_bfx/0000023.png,rule,"{""winner_concept"": ""stool"", ""winner_object_index"": 21, ""winner_area_frac"": 0.024935383820108556, ""winner_depth_m"": 1.5729999542236328, ""runner_up_concept"": ""coffeetable"", ""runner_up_area_frac"": 0.05545489790643577, ""runner_up_depth_m"": 2.0209999084472656}"
test_001997,kv2/kinect2data/001677_2014-06-26_19-13-41_260595134347_rgbf000059-resize,scene:kv2/kinect2data/001677_2014-06-26_19-13-41_260595134347_rgbf000059-resize,kv2,furniture_store,test,identify_superlative,largest,3,What object is the biggest one visible here?,,table,object,,SUNRGBD/kv2/kinect2data/001677_2014-06-26_19-13-41_260595134347_rgbf000059-resize/image/0000059.jpg,SUNRGBD/kv2/kinect2data/001677_2014-06-26_19-13-41_260595134347_rgbf000059-resize/depth_bfx/0000059.png,rule,"{""winner_concept"": ""table"", ""winner_object_index"": 75, ""winner_area_frac"": 0.09185060739209099, ""winner_depth_m"": 2.265000104904175, ""runner_up_concept"": ""chair"", ""runner_up_area_frac"": 0.06928276040320497, ""runner_up_depth_m"": 1.8589999675750732}"
test_009847,kv2/kinect2data/000185_2014-05-12_16-41-00_260595134347_rgbf003868-resize,scene:kv2/kinect2data/000185_2014-05-12_16-41-00_260595134347_rgbf003868-resize,kv2,bathroom,test,identify_superlative,farthest_camera,3,What object is farthest from the viewer?,,door,object,,SUNRGBD/kv2/kinect2data/000185_2014-05-12_16-41-00_260595134347_rgbf003868-resize/image/0003868.jpg,SUNRGBD/kv2/kinect2data/000185_2014-05-12_16-41-00_260595134347_rgbf003868-resize/depth_bfx/0003868.png,rule,"{""winner_concept"": ""door"", ""winner_object_index"": 16, ""winner_area_frac"": 0.01899198759369346, ""winner_depth_m"": 2.0439999103546143, ""runner_up_concept"": ""mirror"", ""runner_up_area_frac"": 0.1749418454380977, ""runner_up_depth_m"": 1.6039999723434448}"
test_012962,kv2/kinect2data/000109_2014-05-14_23-41-52_260595134347_rgbf000035-resize,scene:kv2/kinect2data/000109_2014-05-14_23-41-52_260595134347_rgbf000035-resize,kv2,living_room,test,identify_superlative,largest,2,Which item occupies the biggest area in the picture?,,sofa,object,,SUNRGBD/kv2/kinect2data/000109_2014-05-14_23-41-52_260595134347_rgbf000035-resize/image/0000035.jpg,SUNRGBD/kv2/kinect2data/000109_2014-05-14_23-41-52_260595134347_rgbf000035-resize/depth_bfx/0000035.png,rule,"{""winner_concept"": ""sofa"", ""winner_object_index"": 1, ""winner_area_frac"": 0.32623933833031793, ""winner_depth_m"": 1.6610000133514404, ""runner_up_concept"": ""table"", ""runner_up_area_frac"": 0.22053760661669683, ""runner_up_depth_m"": 1.3049999475479126}"
test_006460,kv2/kinect2data/000664_2014-06-09_20-14-33_260595134347_rgbf000202-resize,scene:kv2/kinect2data/000664_2014-06-09_20-14-33_260595134347_rgbf000202-resize,kv2,office,test,identify_superlative,closest_camera,5,What is the closest visible object to the camera?,,paper,object,,SUNRGBD/kv2/kinect2data/000664_2014-06-09_20-14-33_260595134347_rgbf000202-resize/image/0000202.jpg,SUNRGBD/kv2/kinect2data/000664_2014-06-09_20-14-33_260595134347_rgbf000202-resize/depth_bfx/0000202.png,rule,"{""winner_concept"": ""paper"", ""winner_object_index"": 21, ""winner_area_frac"": 0.02987981390540191, ""winner_depth_m"": 0.7039999961853027, ""runner_up_concept"": ""bottle"", ""runner_up_area_frac"": 0.029945722408891186, ""runner_up_depth_m"": 1.0520000457763672}"
test_007433,kv2/kinect2data/003132_2014-05-12_10-49-43_094959634447_rgbf002599-resize,scene:kv2/kinect2data/003132_2014-05-12_10-49-43_094959634447_rgbf002599-resize,kv2,classroom,test,identify_superlative,farthest_camera,4,Which object is farthest away in this image?,,desk,object,,SUNRGBD/kv2/kinect2data/003132_2014-05-12_10-49-43_094959634447_rgbf002599-resize/image/0002599.jpg,SUNRGBD/kv2/kinect2data/003132_2014-05-12_10-49-43_094959634447_rgbf002599-resize/depth_bfx/0002599.png,rule,"{""winner_concept"": ""desk"", ""winner_object_index"": 3, ""winner_area_frac"": 0.04885370896872577, ""winner_depth_m"": 5.064000129699707, ""runner_up_concept"": ""desk"", ""runner_up_area_frac"": 0.10031144998707676, ""runner_up_depth_m"": 2.9600000381469727}"
test_005931,kv2/kinect2data/003225_2014-05-14_13-41-16_094959634447_rgbf000101-resize,scene:kv2/kinect2data/003225_2014-05-14_13-41-16_094959634447_rgbf000101-resize,kv2,classroom,test,identify_superlative,largest,5,What is the largest visible object in the scene?,,desk,object,,SUNRGBD/kv2/kinect2data/003225_2014-05-14_13-41-16_094959634447_rgbf000101-resize/image/0000101.jpg,SUNRGBD/kv2/kinect2data/003225_2014-05-14_13-41-16_094959634447_rgbf000101-resize/depth_bfx/0000101.png,rule,"{""winner_concept"": ""desk"", ""winner_object_index"": 1, ""winner_area_frac"": 0.21929051434479194, ""winner_depth_m"": 2.4570000171661377, ""runner_up_concept"": ""whiteboard"", ""runner_up_area_frac"": 0.08922331351770484, ""runner_up_depth_m"": 1.9700000286102295}"
test_006562,kv2/kinect2data/003442_2014-05-21_11-58-50_094959634447_rgbf003064-resize,scene:kv2/kinect2data/003442_2014-05-21_11-58-50_094959634447_rgbf003064-resize,kv2,classroom,test,identify_superlative,farthest_camera,0,Which object is farthest from the camera?,,door,object,,SUNRGBD/kv2/kinect2data/003442_2014-05-21_11-58-50_094959634447_rgbf003064-resize/image/0003064.jpg,SUNRGBD/kv2/kinect2data/003442_2014-05-21_11-58-50_094959634447_rgbf003064-resize/depth_bfx/0003064.png,rule,"{""winner_concept"": ""door"", ""winner_object_index"": 3, ""winner_area_frac"": 0.046858361333677954, ""winner_depth_m"": 6.36899995803833, ""runner_up_concept"": ""chalkboard"", ""runner_up_area_frac"": 0.26177306797622124, ""runner_up_depth_m"": 3.9189999103546143}"
test_001808,kv2/kinect2data/000958_2014-06-08_16-23-21_260595134347_rgbf000247-resize,scene:kv2/kinect2data/000958_2014-06-08_16-23-21_260595134347_rgbf000247-resize,kv2,office,test,identify_superlative,largest,0,Which object takes up the most space in the image?,,desk,object,,SUNRGBD/kv2/kinect2data/000958_2014-06-08_16-23-21_260595134347_rgbf000247-resize/image/0000247.jpg,SUNRGBD/kv2/kinect2data/000958_2014-06-08_16-23-21_260595134347_rgbf000247-resize/depth_bfx/0000247.png,rule,"{""winner_concept"": ""desk"", ""winner_object_index"": 12, ""winner_area_frac"": 0.26123170624601955, ""winner_depth_m"": null, ""runner_up_concept"": ""chair"", ""runner_up_area_frac"": 0.11934349961230292, ""runner_up_depth_m"": null}"
test_010343,kv2/kinect2data/001172_2014-06-17_15-44-50_260595134347_rgbf000076-resize,scene:kv2/kinect2data/001172_2014-06-17_15-44-50_260595134347_rgbf000076-resize,kv2,mail_room,test,identify_superlative,closest_camera,1,What is the nearest object to the camera?,,desk,object,,SUNRGBD/kv2/kinect2data/001172_2014-06-17_15-44-50_260595134347_rgbf000076-resize/image/0000076.jpg,SUNRGBD/kv2/kinect2data/001172_2014-06-17_15-44-50_260595134347_rgbf000076-resize/depth_bfx/0000076.png,rule,"{""winner_concept"": ""desk"", ""winner_object_index"": 0, ""winner_area_frac"": 0.2343745153786508, ""winner_depth_m"": 1.1160000562667847, ""runner_up_concept"": ""chair"", ""runner_up_area_frac"": 0.07264667872835358, ""runner_up_depth_m"": 1.7740000486373901}"
test_012041,kv2/kinect2data/000151_2014-05-20_17-24-31_260595134347_rgbf000151-resize,scene:kv2/kinect2data/000151_2014-05-20_17-24-31_260595134347_rgbf000151-resize,kv2,recreation_room,test,identify_superlative,largest,1,What is the largest object in this room?,,table,object,,SUNRGBD/kv2/kinect2data/000151_2014-05-20_17-24-31_260595134347_rgbf000151-resize/image/0000151.jpg,SUNRGBD/kv2/kinect2data/000151_2014-05-20_17-24-31_260595134347_rgbf000151-resize/depth_bfx/0000151.png,rule,"{""winner_concept"": ""table"", ""winner_object_index"": 0, ""winner_area_frac"": 0.10160377358490566, ""winner_depth_m"": 2.115000009536743, ""runner_up_concept"": ""chair"", ""runner_up_area_frac"": 0.0584479193590075, ""runner_up_depth_m"": 1.9359999895095825}"
test_000082,kv2/kinect2data/003657_2014-05-24_14-07-39_094959634447_rgbf000051-resize,scene:kv2/kinect2data/003657_2014-05-24_14-07-39_094959634447_rgbf000051-resize,kv2,office,test,identify_superlative,farthest_camera,1,What is the most distant object from the camera?,,backpack,object,,SUNRGBD/kv2/kinect2data/003657_2014-05-24_14-07-39_094959634447_rgbf000051-resize/image/0000051.jpg,SUNRGBD/kv2/kinect2data/003657_2014-05-24_14-07-39_094959634447_rgbf000051-resize/depth_bfx/0000051.png,rule,"{""winner_concept"": ""backpack"", ""winner_object_index"": 3, ""winner_area_frac"": 0.06002326182476092, ""winner_depth_m"": 1.1490000486373901, ""runner_up_concept"": null, ""runner_up_area_frac"": null, ""runner_up_depth_m"": null}"
test_013406,kv2/kinect2data/001754_2014-06-26_19-52-48_260595134347_rgbf000055-resize,scene:kv2/kinect2data/001754_2014-06-26_19-52-48_260595134347_rgbf000055-resize,kv2,furniture_store,test,identify_superlative,largest,2,Which item occupies the biggest area in the picture?,,bed,object,,SUNRGBD/kv2/kinect2data/001754_2014-06-26_19-52-48_260595134347_rgbf000055-resize/image/0000055.jpg,SUNRGBD/kv2/kinect2data/001754_2014-06-26_19-52-48_260595134347_rgbf000055-resize/depth_bfx/0000055.png,rule,"{""winner_concept"": ""bed"", ""winner_object_index"": 3, ""winner_area_frac"": 0.49370638407857326, ""winner_depth_m"": 1.4299999475479126, ""runner_up_concept"": ""dresser"", ""runner_up_area_frac"": 0.2729671749806151, ""runner_up_depth_m"": 1.4299999475479126}"
test_013531,kv2/kinect2data/001811_2014-06-26_20-51-51_260595134347_rgbf000106-resize,scene:kv2/kinect2data/001811_2014-06-26_20-51-51_260595134347_rgbf000106-resize,kv2,furniture_store,test,identify_superlative,farthest_camera,3,What object is farthest from the viewer?,,plant,object,,SUNRGBD/kv2/kinect2data/001811_2014-06-26_20-51-51_260595134347_rgbf000106-resize/image/0000106.jpg,SUNRGBD/kv2/kinect2data/001811_2014-06-26_20-51-51_260595134347_rgbf000106-resize/depth_bfx/0000106.png,rule,"{""winner_concept"": ""plant"", ""winner_object_index"": 4, ""winner_area_frac"": 0.021999224605841302, ""winner_depth_m"": 4.2220001220703125, ""runner_up_concept"": ""bed"", ""runner_up_area_frac"": 0.3160739209097958, ""runner_up_depth_m"": 2.3910000324249268}"
test_003544,kv2/kinect2data/002883_2014-06-03_17-38-24_094959634447_rgbf000150-resize,scene:kv2/kinect2data/002883_2014-06-03_17-38-24_094959634447_rgbf000150-resize,kv2,library,test,identify_superlative,closest_camera,5,What is the closest visible object to the camera?,,window,object,,SUNRGBD/kv2/kinect2data/002883_2014-06-03_17-38-24_094959634447_rgbf000150-resize/image/0000150.jpg,SUNRGBD/kv2/kinect2data/002883_2014-06-03_17-38-24_094959634447_rgbf000150-resize/depth_bfx/0000150.png,rule,"{""winner_concept"": ""window"", ""winner_object_index"": 11, ""winner_area_frac"": 0.02231584388730938, ""winner_depth_m"": 3.380000114440918, ""runner_up_concept"": null, ""runner_up_area_frac"": null, ""runner_up_depth_m"": null}"
test_008318,kv2/kinect2data/000561_2014-06-09_22-46-31_260595134347_rgbf000098-resize,scene:kv2/kinect2data/000561_2014-06-09_22-46-31_260595134347_rgbf000098-resize,kv2,kitchen,test,identify_superlative,largest,4,Which object covers the most of the image?,,cabinet,object,,SUNRGBD/kv2/kinect2data/000561_2014-06-09_22-46-31_260595134347_rgbf000098-resize/image/0000098.jpg,SUNRGBD/kv2/kinect2data/000561_2014-06-09_22-46-31_260595134347_rgbf000098-resize/depth_bfx/0000098.png,rule,"{""winner_concept"": ""cabinet"", ""winner_object_index"": 3, ""winner_area_frac"": 0.32512147841819594, ""winner_depth_m"": 1.7079999446868896, ""runner_up_concept"": ""cupboard"", ""runner_up_area_frac"": 0.20154820367019902, ""runner_up_depth_m"": 1.75}"
test_013288,kv2/kinect2data/000481_2014-06-09_20-40-39_260595134347_rgbf000199-resize,scene:kv2/kinect2data/000481_2014-06-09_20-40-39_260595134347_rgbf000199-resize,kv2,office_dining,test,identify_superlative,closest_camera,2,Which item is closest to where the picture was taken from?,,table,object,,SUNRGBD/kv2/kinect2data/000481_2014-06-09_20-40-39_260595134347_rgbf000199-resize/image/0000199.jpg,SUNRGBD/kv2/kinect2data/000481_2014-06-09_20-40-39_260595134347_rgbf000199-resize/depth_bfx/0000199.png,rule,"{""winner_concept"": ""table"", ""winner_object_index"": 0, ""winner_area_frac"": 0.0845528560351512, ""winner_depth_m"": 1.6759999990463257, ""runner_up_concept"": ""door"", ""runner_up_area_frac"": 0.1143783923494443, ""runner_up_depth_m"": 3.3299999237060547}"
test_010169,kv2/kinect2data/000748_2014-06-08_21-54-27_260595134347_rgbf000052-resize,scene:kv2/kinect2data/000748_2014-06-08_21-54-27_260595134347_rgbf000052-resize,kv2,office,test,identify_superlative,farthest_camera,4,Which object is farthest away in this image?,,door,object,,SUNRGBD/kv2/kinect2data/000748_2014-06-08_21-54-27_260595134347_rgbf000052-resize/image/0000052.jpg,SUNRGBD/kv2/kinect2data/000748_2014-06-08_21-54-27_260595134347_rgbf000052-resize/depth_bfx/0000052.png,rule,"{""winner_concept"": ""door"", ""winner_object_index"": 13, ""winner_area_frac"": 0.01788188162315844, ""winner_depth_m"": 6.000999927520752, ""runner_up_concept"": ""cupboard"", ""runner_up_area_frac"": 0.014884983199793228, ""runner_up_depth_m"": 4.843999862670898}"
test_001521,kv2/kinect2data/001045_2014-06-08_17-29-48_260595134347_rgbf000081-resize,scene:kv2/kinect2data/001045_2014-06-08_17-29-48_260595134347_rgbf000081-resize,kv2,corridor,test,identify_superlative,farthest_camera,5,What is the most distant visible object in the scene?,,window,object,,SUNRGBD/kv2/kinect2data/001045_2014-06-08_17-29-48_260595134347_rgbf000081-resize/image/0000081.jpg,SUNRGBD/kv2/kinect2data/001045_2014-06-08_17-29-48_260595134347_rgbf000081-resize/depth_bfx/0000081.png,rule,"{""winner_concept"": ""window"", ""winner_object_index"": 16, ""winner_area_frac"": 0.02380330834841044, ""winner_depth_m"": 4.482999801635742, ""runner_up_concept"": ""filecabinet"", ""runner_up_area_frac"": 0.05750710777978806, ""runner_up_depth_m"": 2.815000057220459}"
test_011840,xtion/sun3ddata/mit_w85_playroom/westgate_playroom_1/0000764-000025583748,sun3d:mit_w85_playroom/westgate_playroom_1,xtion,recreation_room,test,identify_superlative,largest,3,What object is the biggest one visible here?,,door,object,,SUNRGBD/xtion/sun3ddata/mit_w85_playroom/westgate_playroom_1/0000764-000025583748/image/0000764-000025583748.jpg,SUNRGBD/xtion/sun3ddata/mit_w85_playroom/westgate_playroom_1/0000764-000025583748/depth_bfx/0000768-000025594215.png,rule,"{""winner_concept"": ""door"", ""winner_object_index"": 1, ""winner_area_frac"": 0.19181141153584955, ""winner_depth_m"": 2.507999897003174, ""runner_up_concept"": ""sofa"", ""runner_up_area_frac"": 0.13785390072554685, ""runner_up_depth_m"": 2.246000051498413}"
test_007138,xtion/xtion_align_data/2014_12_18_13_47_57,scene:xtion/xtion_align_data/2014_12_18_13_47_57,xtion,computer_room,test,identify_superlative,largest,3,What object is the biggest one visible here?,,table,object,,SUNRGBD/xtion/xtion_align_data/2014_12_18_13_47_57/image/0000240.jpg,SUNRGBD/xtion/xtion_align_data/2014_12_18_13_47_57/depth_bfx/0000240.png,rule,"{""winner_concept"": ""table"", ""winner_object_index"": 0, ""winner_area_frac"": 0.19253081943437272, ""winner_depth_m"": 1.6330000162124634, ""runner_up_concept"": ""chair"", ""runner_up_area_frac"": 0.09205159785290315, ""runner_up_depth_m"": 1.3459999561309814}"
test_001584,xtion/sun3ddata/mit_76_417/76-417a/0015714-000526703940,sun3d:mit_76_417/76-417a,xtion,lab,test,identify_superlative,closest_camera,5,What is the closest visible object to the camera?,,paper,object,,SUNRGBD/xtion/sun3ddata/mit_76_417/76-417a/0015714-000526703940/image/0015714-000526703940.jpg,SUNRGBD/xtion/sun3ddata/mit_76_417/76-417a/0015714-000526703940/depth_bfx/0015785-000526710485.png,rule,"{""winner_concept"": ""paper"", ""winner_object_index"": 4, ""winner_area_frac"": 0.041599042324205485, ""winner_depth_m"": 1.1619999408721924, ""runner_up_concept"": ""cloth"", ""runner_up_area_frac"": 0.008686610572034792, ""runner_up_depth_m"": 1.3960000276565552}"
test_007626,xtion/sun3ddata/mit_dorm_mcc_wph/dorm_mcc_wph_oct_31_2012_scan1_erika/0006111-000272054894,sun3d:mit_dorm_mcc_wph/dorm_mcc_wph_oct_31_2012_scan1_erika,xtion,rest_space,test,identify_superlative,largest,5,What is the largest visible object in the scene?,,cabinet,object,,SUNRGBD/xtion/sun3ddata/mit_dorm_mcc_wph/dorm_mcc_wph_oct_31_2012_scan1_erika/0006111-000272054894/image/0006111-000272054894.jpg,SUNRGBD/xtion/sun3ddata/mit_dorm_mcc_wph/dorm_mcc_wph_oct_31_2012_scan1_erika/0006111-000272054894/depth_bfx/0006119-000272059495.png,rule,"{""winner_concept"": ""cabinet"", ""winner_object_index"": 1, ""winner_area_frac"": 0.16245573243397754, ""winner_depth_m"": 3.234999895095825, ""runner_up_concept"": ""chair"", ""runner_up_area_frac"": 0.033457678363855416, ""runner_up_depth_m"": null}"
test_009295,xtion/sun3ddata/mit_36_144/classroom_36144_nov_2_2012_scan1_erika/0001647-000066797388,sun3d:mit_36_144/classroom_36144_nov_2_2012_scan1_erika,xtion,classroom,test,identify_superlative,largest,1,What is the largest object in this room?,,door,object,,SUNRGBD/xtion/sun3ddata/mit_36_144/classroom_36144_nov_2_2012_scan1_erika/0001647-000066797388/image/0001647-000066797388.jpg,SUNRGBD/xtion/sun3ddata/mit_36_144/classroom_36144_nov_2_2012_scan1_erika/0001647-000066797388/depth_bfx/0001643-000066813755.png,rule,"{""winner_concept"": ""door"", ""winner_object_index"": 2, ""winner_area_frac"": 0.5156025185031712, ""winner_depth_m"": null, ""runner_up_concept"": ""blackboard"", ""runner_up_area_frac"": 0.11313120849016425, ""runner_up_depth_m"": 2.8450000286102295}"
test_003353,xtion/sun3ddata/mit_ne47_2biolab/ne47_floor2/0011579-000388112828,sun3d:mit_ne47_2biolab/ne47_floor2,xtion,lab,test,identify_superlative,largest,5,What is the largest visible object in the scene?,,cabinet,object,,SUNRGBD/xtion/sun3ddata/mit_ne47_2biolab/ne47_floor2/0011579-000388112828/image/0011579-000388112828.jpg,SUNRGBD/xtion/sun3ddata/mit_ne47_2biolab/ne47_floor2/0011579-000388112828/depth_bfx/0011632-000388117747.png,rule,"{""winner_concept"": ""cabinet"", ""winner_object_index"": 11, ""winner_area_frac"": 0.6509970034263001, ""winner_depth_m"": 1.7230000495910645, ""runner_up_concept"": ""stool"", ""runner_up_area_frac"": 0.03328076859621457, ""runner_up_depth_m"": 2.1410000324249268}"
test_003907,xtion/xtion_align_data/2014_12_18_11_48_33,scene:xtion/xtion_align_data/2014_12_18_11_48_33,xtion,rest_space,test,identify_superlative,largest,4,Which object covers the most of the image?,,television,object,,SUNRGBD/xtion/xtion_align_data/2014_12_18_11_48_33/image/0000078.jpg,SUNRGBD/xtion/xtion_align_data/2014_12_18_11_48_33/depth_bfx/0000078.png,rule,"{""winner_concept"": ""television"", ""winner_object_index"": 3, ""winner_area_frac"": 0.08717349955876315, ""winner_depth_m"": 2.005000114440918, ""runner_up_concept"": ""recyclebin"", ""runner_up_area_frac"": 0.043175682461027286, ""runner_up_depth_m"": 1.8140000104904175}"
test_012530,xtion/sun3ddata/mit_w85_8/8_1/0000205-000006866334,sun3d:mit_w85_8/8_1,xtion,bathroom,test,identify_superlative,largest,2,Which item occupies the biggest area in the picture?,,sink,object,,SUNRGBD/xtion/sun3ddata/mit_w85_8/8_1/0000205-000006866334/image/0000205-000006866334.jpg,SUNRGBD/xtion/sun3ddata/mit_w85_8/8_1/0000205-000006866334/depth_bfx/0000206-000006874065.png,rule,"{""winner_concept"": ""sink"", ""winner_object_index"": 5, ""winner_area_frac"": 0.37272810985646376, ""winner_depth_m"": 1.0520000457763672, ""runner_up_concept"": ""showercurtain"", ""runner_up_area_frac"": 0.048952350257643946, ""runner_up_depth_m"": 1.2430000305175781}"
test_012116,xtion/sun3ddata/mit_w85h/h4_1/0005501-000184388499,sun3d:mit_w85h/h4_1,xtion,bedroom,test,identify_superlative,largest,2,Which item occupies the biggest area in the picture?,,bed,object,,SUNRGBD/xtion/sun3ddata/mit_w85h/h4_1/0005501-000184388499/image/0005501-000184388499.jpg,SUNRGBD/xtion/sun3ddata/mit_w85h/h4_1/0005501-000184388499/depth_bfx/0005527-000184398476.png,rule,"{""winner_concept"": ""bed"", ""winner_object_index"": 0, ""winner_area_frac"": 0.542047952852884, ""winner_depth_m"": 1.7450000047683716, ""runner_up_concept"": ""pillow"", ""runner_up_area_frac"": 0.12160103748211072, ""runner_up_depth_m"": 2.1640000343322754}"
test_010586,xtion/sun3ddata/mit_w85_basement_bathroom/wg_bathroom_1/0001035-000034655544,sun3d:mit_w85_basement_bathroom/wg_bathroom_1,xtion,bathroom,test,identify_superlative,largest,4,Which object covers the most of the image?,,counter,object,,SUNRGBD/xtion/sun3ddata/mit_w85_basement_bathroom/wg_bathroom_1/0001035-000034655544/image/0001035-000034655544.jpg,SUNRGBD/xtion/sun3ddata/mit_w85_basement_bathroom/wg_bathroom_1/0001035-000034655544/depth_bfx/0001039-000034658609.png,rule,"{""winner_concept"": ""counter"", ""winner_object_index"": 4, ""winner_area_frac"": 0.23752163019748226, ""winner_depth_m"": 1.190999984741211, ""runner_up_concept"": ""sink"", ""runner_up_area_frac"": 0.08781572414639854, ""runner_up_depth_m"": 0.9660000205039978}"
test_006143,xtion/sun3ddata/mit_32_g660/g660_1/0005415-000181523278,sun3d:mit_32_g660/g660_1,xtion,bathroom,test,identify_superlative,closest_camera,2,Which item is closest to where the picture was taken from?,,door,object,,SUNRGBD/xtion/sun3ddata/mit_32_g660/g660_1/0005415-000181523278/image/0005415-000181523278.jpg,SUNRGBD/xtion/sun3ddata/mit_32_g660/g660_1/0005415-000181523278/depth_bfx/0005439-000181528720.png,rule,"{""winner_concept"": ""door"", ""winner_object_index"": 22, ""winner_area_frac"": 0.023230160648579794, ""winner_depth_m"": 1.465000033378601, ""runner_up_concept"": ""toilet"", ""runner_up_area_frac"": 0.022882926436225928, ""runner_up_depth_m"": 2.884000062942505}"
test_001307,xtion/sun3ddata/mit_w85_8/8_1/0005807-000194824062,sun3d:mit_w85_8/8_1,xtion,bedroom,test,identify_superlative,largest,1,What is the largest object in this room?,,screen,object,,SUNRGBD/xtion/sun3ddata/mit_w85_8/8_1/0005807-000194824062/image/0005807-000194824062.jpg,SUNRGBD/xtion/sun3ddata/mit_w85_8/8_1/0005807-000194824062/depth_bfx/0005831-000194809681.png,rule,"{""winner_concept"": ""screen"", ""winner_object_index"": 2, ""winner_area_frac"": 0.1702705319283418, ""winner_depth_m"": 2.2679998874664307, ""runner_up_concept"": ""table"", ""runner_up_area_frac"": 0.12819081383258324, ""runner_up_depth_m"": 1.7960000038146973}"
test_009631,xtion/sun3ddata/mit_dorm_mcc_wph/dorm_mcc_wph_oct_31_2012_scan1_erika/0007393-000329836478,sun3d:mit_dorm_mcc_wph/dorm_mcc_wph_oct_31_2012_scan1_erika,xtion,rest_space,test,identify_superlative,closest_camera,0,Which object is closest to the camera?,,window,object,,SUNRGBD/xtion/sun3ddata/mit_dorm_mcc_wph/dorm_mcc_wph_oct_31_2012_scan1_erika/0007393-000329836478/image/0007393-000329836478.jpg,SUNRGBD/xtion/sun3ddata/mit_dorm_mcc_wph/dorm_mcc_wph_oct_31_2012_scan1_erika/0007393-000329836478/depth_bfx/0007396-000329821667.png,rule,"{""winner_concept"": ""window"", ""winner_object_index"": 27, ""winner_area_frac"": 0.0520083950105705, ""winner_depth_m"": 1.0010000467300415, ""runner_up_concept"": ""chair"", ""runner_up_area_frac"": 0.22635066434921403, ""runner_up_depth_m"": 1.309000015258789}"
test_003219,xtion/sun3ddata/mit_46_6lounge/bcs_floor6_long/0004556-000152954061,sun3d:mit_46_6lounge/bcs_floor6_long,xtion,rest_space,test,identify_superlative,farthest_camera,4,Which object is farthest away in this image?,,window,object,,SUNRGBD/xtion/sun3ddata/mit_46_6lounge/bcs_floor6_long/0004556-000152954061/image/0004556-000152954061.jpg,SUNRGBD/xtion/sun3ddata/mit_46_6lounge/bcs_floor6_long/0004556-000152954061/depth_bfx/0004576-000152964642.png,rule,"{""winner_concept"": ""window"", ""winner_object_index"": 3, ""winner_area_frac"": 0.028373447517754988, ""winner_depth_m"": 4.627999782562256, ""runner_up_concept"": ""table"", ""runner_up_area_frac"": 0.07608841618993903, ""runner_up_depth_m"": 3.447000026702881}"
test_012228,xtion/sun3ddata/mit_w85h/h4_1/0004962-000166323375,sun3d:mit_w85h/h4_1,xtion,bedroom,test,identify_superlative,closest_camera,1,What is the nearest object to the camera?,,door,object,,SUNRGBD/xtion/sun3ddata/mit_w85h/h4_1/0004962-000166323375/image/0004962-000166323375.jpg,SUNRGBD/xtion/sun3ddata/mit_w85h/h4_1/0004962-000166323375/depth_bfx/0004985-000166312342.png,rule,"{""winner_concept"": ""door"", ""winner_object_index"": 0, ""winner_area_frac"": 0.23140186700737825, ""winner_depth_m"": 0.949999988079071, ""runner_up_concept"": ""trashcan"", ""runner_up_area_frac"": 0.04820800288530528, ""runner_up_depth_m"": 1.5839999914169312}"
test_003939,xtion/sun3ddata/mit_46_ted_lab2/ted_lab_a/0006301-000211395759,sun3d:mit_46_ted_lab2/ted_lab_a,xtion,office,test,identify_superlative,largest,3,What object is the biggest one visible here?,,cabinet,object,,SUNRGBD/xtion/sun3ddata/mit_46_ted_lab2/ted_lab_a/0006301-000211395759/image/0006301-000211395759.jpg,SUNRGBD/xtion/sun3ddata/mit_46_ted_lab2/ted_lab_a/0006301-000211395759/depth_bfx/0006330-000211394198.png,rule,"{""winner_concept"": ""cabinet"", ""winner_object_index"": 5, ""winner_area_frac"": 0.20676358529875571, ""winner_depth_m"": 1.3660000562667847, ""runner_up_concept"": ""monitor"", ""runner_up_area_frac"": 0.14107492968986804, ""runner_up_depth_m"": 1.4299999475479126}"
test_006190,xtion/xtion_align_data/2014_12_18_11_56_12,scene:xtion/xtion_align_data/2014_12_18_11_56_12,xtion,rest_space,test,identify_superlative,largest,4,Which object covers the most of the image?,,window,object,,SUNRGBD/xtion/xtion_align_data/2014_12_18_11_56_12/image/0000073.jpg,SUNRGBD/xtion/xtion_align_data/2014_12_18_11_56_12/depth_bfx/0000073.png,rule,"{""winner_concept"": ""window"", ""winner_object_index"": 10, ""winner_area_frac"": 0.474746221899294, ""winner_depth_m"": null, ""runner_up_concept"": ""table"", ""runner_up_area_frac"": 0.16997978047499207, ""runner_up_depth_m"": null}"
test_013487,xtion/sun3ddata/Portland_hotel/Portland_hotel/0001632-000054664596,sun3d:Portland_hotel/Portland_hotel,xtion,bedroom,test,identify_superlative,closest_camera,2,Which item is closest to where the picture was taken from?,,bed,object,,SUNRGBD/xtion/sun3ddata/Portland_hotel/Portland_hotel/0001632-000054664596/image/0001632-000054664596.jpg,SUNRGBD/xtion/sun3ddata/Portland_hotel/Portland_hotel/0001632-000054664596/depth_bfx/0001632-000054666134.png,rule,"{""winner_concept"": ""bed"", ""winner_object_index"": 1, ""winner_area_frac"": 0.31603684903177287, ""winner_depth_m"": 0.9750000238418579, ""runner_up_concept"": ""clothes"", ""runner_up_area_frac"": 0.07593110566279529, ""runner_up_depth_m"": 1.6349999904632568}"
test_001650,xtion/sun3ddata/mit_w85_basement/wg_small_lounge_1/0000280-000009405944,sun3d:mit_w85_basement/wg_small_lounge_1,xtion,study_space,test,identify_superlative,closest_camera,1,What is the nearest object to the camera?,,picture frame,object,,SUNRGBD/xtion/sun3ddata/mit_w85_basement/wg_small_lounge_1/0000280-000009405944/image/0000280-000009405944.jpg,SUNRGBD/xtion/sun3ddata/mit_w85_basement/wg_small_lounge_1/0000280-000009405944/depth_bfx/0000283-000009410129.png,rule,"{""winner_concept"": ""pictureframe"", ""winner_object_index"": 17, ""winner_area_frac"": 0.04031370021217737, ""winner_depth_m"": 1.6169999837875366, ""runner_up_concept"": ""chair"", ""runner_up_area_frac"": 0.07863416094017979, ""runner_up_depth_m"": 1.9989999532699585}"
test_008880,xtion/xtion_align_data/2014_12_18_12_20_31,scene:xtion/xtion_align_data/2014_12_18_12_20_31,xtion,classroom,test,identify_superlative,largest,3,What object is the biggest one visible here?,,table,object,,SUNRGBD/xtion/xtion_align_data/2014_12_18_12_20_31/image/0000001.jpg,SUNRGBD/xtion/xtion_align_data/2014_12_18_12_20_31/depth_bfx/0000001.png,rule,"{""winner_concept"": ""table"", ""winner_object_index"": 5, ""winner_area_frac"": 0.10597933476831228, ""winner_depth_m"": 1.687000036239624, ""runner_up_concept"": ""chair"", ""runner_up_area_frac"": 0.07585628724134888, ""runner_up_depth_m"": 1.3839999437332153}"
test_001907,xtion/sun3ddata/mit_ne47_2biolab/ne47_floor2/0022938-000769022168,sun3d:mit_ne47_2biolab/ne47_floor2,xtion,lab,test,identify_superlative,largest,5,What is the largest visible object in the scene?,,shelf,object,,SUNRGBD/xtion/sun3ddata/mit_ne47_2biolab/ne47_floor2/0022938-000769022168/image/0022938-000769022168.jpg,SUNRGBD/xtion/sun3ddata/mit_ne47_2biolab/ne47_floor2/0022938-000769022168/depth_bfx/0023043-000769027736.png,rule,"{""winner_concept"": ""shelf"", ""winner_object_index"": 13, ""winner_area_frac"": 0.11575369008291415, ""winner_depth_m"": 1.9019999504089355, ""runner_up_concept"": ""chair"", ""runner_up_area_frac"": 0.049430037102263354, ""runner_up_depth_m"": 2.3429999351501465}"
test_010139,xtion/sun3ddata/mit_dorm_masseeh_xc/dorm_masseeh_xc_oct_29_2012_scan1_erika/0000006-000000268176,sun3d:mit_dorm_masseeh_xc/dorm_masseeh_xc_oct_29_2012_scan1_erika,xtion,bedroom,test,identify_superlative,largest,4,Which object covers the most of the image?,,bed,object,,SUNRGBD/xtion/sun3ddata/mit_dorm_masseeh_xc/dorm_masseeh_xc_oct_29_2012_scan1_erika/0000006-000000268176/image/0000006-000000268176.jpg,SUNRGBD/xtion/sun3ddata/mit_dorm_masseeh_xc/dorm_masseeh_xc_oct_29_2012_scan1_erika/0000006-000000268176/depth_bfx/0000006-000000266954.png,rule,"{""winner_concept"": ""bed"", ""winner_object_index"": 6, ""winner_area_frac"": 0.2539970302841949, ""winner_depth_m"": 3.0439999103546143, ""runner_up_concept"": ""mattress"", ""runner_up_area_frac"": 0.04828857656993988, ""runner_up_depth_m"": 2.8299999237060547}"
test_005626,xtion/sun3ddata/mit_w85_playroom/westgate_playroom_1/0000199-000006647208,sun3d:mit_w85_playroom/westgate_playroom_1,xtion,recreation_room,test,identify_superlative,largest,4,Which object covers the most of the image?,,window,object,,SUNRGBD/xtion/sun3ddata/mit_w85_playroom/westgate_playroom_1/0000199-000006647208/image/0000199-000006647208.jpg,SUNRGBD/xtion/sun3ddata/mit_w85_playroom/westgate_playroom_1/0000199-000006647208/depth_bfx/0000200-000006640481.png,rule,"{""winner_concept"": ""window"", ""winner_object_index"": 13, ""winner_area_frac"": 0.19696812735246383, ""winner_depth_m"": 3.265000104904175, ""runner_up_concept"": ""cabinet"", ""runner_up_area_frac"": 0.12040010589684266, ""runner_up_depth_m"": 2.115000009536743}"
test_005594,xtion/sun3ddata/mit_32_lounge_d429/d4_lounge_1/0005500-000184304484,sun3d:mit_32_lounge_d429/d4_lounge_1,xtion,stairs,test,identify_superlative,largest,1,What is the largest object in this room?,,window,object,,SUNRGBD/xtion/sun3ddata/mit_32_lounge_d429/d4_lounge_1/0005500-000184304484/image/0005500-000184304484.jpg,SUNRGBD/xtion/sun3ddata/mit_32_lounge_d429/d4_lounge_1/0005500-000184304484/depth_bfx/0005522-000184308656.png,rule,"{""winner_concept"": ""window"", ""winner_object_index"": 7, ""winner_area_frac"": 0.17984567405964222, ""winner_depth_m"": null, ""runner_up_concept"": ""chair"", ""runner_up_area_frac"": 0.1310665270056133, ""runner_up_depth_m"": 2.7850000858306885}"
test_008152,xtion/sun3ddata/mit_32_g7_lounge/g7_lounge_1/0003594-000120422988,sun3d:mit_32_g7_lounge/g7_lounge_1,xtion,rest_space,test,identify_superlative,largest,3,What object is the biggest one visible here?,,chair,object,,SUNRGBD/xtion/sun3ddata/mit_32_g7_lounge/g7_lounge_1/0003594-000120422988/image/0003594-000120422988.jpg,SUNRGBD/xtion/sun3ddata/mit_32_g7_lounge/g7_lounge_1/0003594-000120422988/depth_bfx/0003609-000120406800.png,rule,"{""winner_concept"": ""chair"", ""winner_object_index"": 0, ""winner_area_frac"": 0.17492930618383845, ""winner_depth_m"": 2.130000114440918, ""runner_up_concept"": ""window"", ""runner_up_area_frac"": 0.09155021710639, ""runner_up_depth_m"": 2.6449999809265137}"
test_008287,xtion/sun3ddata/mit_76_417/76-417a/0003421-000114624720,sun3d:mit_76_417/76-417a,xtion,lab,test,identify_superlative,largest,2,Which item occupies the biggest area in the picture?,,shelf,object,,SUNRGBD/xtion/sun3ddata/mit_76_417/76-417a/0003421-000114624720/image/0003421-000114624720.jpg,SUNRGBD/xtion/sun3ddata/mit_76_417/76-417a/0003421-000114624720/depth_bfx/0003436-000114633616.png,rule,"{""winner_concept"": ""shelf"", ""winner_object_index"": 15, ""winner_area_frac"": 0.26839478035997255, ""winner_depth_m"": 2.325000047683716, ""runner_up_concept"": ""counter"", ""runner_up_area_frac"": 0.10569157160890301, ""runner_up_depth_m"": 1.7630000114440918}"
test_009909,xtion/sun3ddata/home_puigpunyen/home_puigpunyent_scan1_2012_aug_22/0002338-000323954010,sun3d:home_puigpunyen/home_puigpunyent_scan1_2012_aug_22,xtion,bathroom,test,identify_superlative,largest,2,Which item occupies the biggest area in the picture?,,pipe,object,,SUNRGBD/xtion/sun3ddata/home_puigpunyen/home_puigpunyent_scan1_2012_aug_22/0002338-000323954010/image/0002338-000323954010.jpg,SUNRGBD/xtion/sun3ddata/home_puigpunyen/home_puigpunyent_scan1_2012_aug_22/0002338-000323954010/depth_bfx/0002338-000323954010.png,rule,"{""winner_concept"": ""pipe"", ""winner_object_index"": 3, ""winner_area_frac"": 0.014121497442744723, ""winner_depth_m"": null, ""runner_up_concept"": null, ""runner_up_area_frac"": null, ""runner_up_depth_m"": null}"
test_000028,xtion/sun3ddata/mit_46_6bathroom/bcs_floor6_restroom/0000648-000021986496,sun3d:mit_46_6bathroom/bcs_floor6_restroom,xtion,bathroom,test,identify_superlative,largest,4,Which object covers the most of the image?,,toilet,object,,SUNRGBD/xtion/sun3ddata/mit_46_6bathroom/bcs_floor6_restroom/0000648-000021986496/image/0000648-000021986496.jpg,SUNRGBD/xtion/sun3ddata/mit_46_6bathroom/bcs_floor6_restroom/0000648-000021986496/depth_bfx/0000650-000021979884.png,rule,"{""winner_concept"": ""toilet"", ""winner_object_index"": 3, ""winner_area_frac"": 0.04953555026071342, ""winner_depth_m"": 2.5950000286102295, ""runner_up_concept"": null, ""runner_up_area_frac"": null, ""runner_up_depth_m"": null}"
test_007547,xtion/sun3ddata/mit_w85h/h2_1/0004003-000134164548,sun3d:mit_w85h/h2_1,xtion,bathroom,test,identify_superlative,largest,2,Which item occupies the biggest area in the picture?,,shower curtain,object,,SUNRGBD/xtion/sun3ddata/mit_w85h/h2_1/0004003-000134164548/image/0004003-000134164548.jpg,SUNRGBD/xtion/sun3ddata/mit_w85h/h2_1/0004003-000134164548/depth_bfx/0004021-000134167864.png,rule,"{""winner_concept"": ""showercurtain"", ""winner_object_index"": 1, ""winner_area_frac"": 0.22990933542057546, ""winner_depth_m"": 0.8650000095367432, ""runner_up_concept"": ""sink"", ""runner_up_area_frac"": 0.05692530819434373, ""runner_up_depth_m"": 0.9470000267028809}"
test_000332,xtion/sun3ddata/mit_46_4conf_1/bcs_floor4_conf_1/0001837-000061870536,sun3d:mit_46_4conf_1/bcs_floor4_conf_1,xtion,conference_room,test,identify_superlative,largest,1,What is the largest object in this room?,,table,object,,SUNRGBD/xtion/sun3ddata/mit_46_4conf_1/bcs_floor4_conf_1/0001837-000061870536/image/0001837-000061870536.jpg,SUNRGBD/xtion/sun3ddata/mit_46_4conf_1/bcs_floor4_conf_1/0001837-000061870536/depth_bfx/0001844-000061860209.png,rule,"{""winner_concept"": ""table"", ""winner_object_index"": 15, ""winner_area_frac"": 0.5103191868964168, ""winner_depth_m"": 1.9010000228881836, ""runner_up_concept"": ""chair"", ""runner_up_area_frac"": 0.08256884253983601, ""runner_up_depth_m"": 1.3650000095367432}"
test_011966,xtion/sun3ddata/mit_w85k2/k1/0000758-000025385259,sun3d:mit_w85k2/k1,xtion,bedroom,test,identify_superlative,farthest_camera,4,Which object is farthest away in this image?,,window,object,,SUNRGBD/xtion/sun3ddata/mit_w85k2/k1/0000758-000025385259/image/0000758-000025385259.jpg,SUNRGBD/xtion/sun3ddata/mit_w85k2/k1/0000758-000025385259/depth_bfx/0000762-000025393999.png,rule,"{""winner_concept"": ""window"", ""winner_object_index"": 7, ""winner_area_frac"": 0.02656437645560198, ""winner_depth_m"": 2.0250000953674316, ""runner_up_concept"": null, ""runner_up_area_frac"": null, ""runner_up_depth_m"": null}"
test_010819,xtion/sun3ddata/mit_lab_koch/lab_koch_hood_nov_2_2012_scan1_erika/0001538-000065701966,sun3d:mit_lab_koch/lab_koch_hood_nov_2_2012_scan1_erika,xtion,lab,test,identify_superlative,largest,5,What is the largest visible object in the scene?,,shelf,object,,SUNRGBD/xtion/sun3ddata/mit_lab_koch/lab_koch_hood_nov_2_2012_scan1_erika/0001538-000065701966/image/0001538-000065701966.jpg,SUNRGBD/xtion/sun3ddata/mit_lab_koch/lab_koch_hood_nov_2_2012_scan1_erika/0001538-000065701966/depth_bfx/0001533-000065670684.png,rule,"{""winner_concept"": ""shelf"", ""winner_object_index"": 6, ""winner_area_frac"": 0.5405419923186421, ""winner_depth_m"": 1.3940000534057617, ""runner_up_concept"": ""glass"", ""runner_up_area_frac"": 0.2153485195544659, ""runner_up_depth_m"": 1.527999997138977}"
test_013723,xtion/xtion_align_data/2014_12_18_13_49_26,scene:xtion/xtion_align_data/2014_12_18_13_49_26,xtion,idk,test,identify_superlative,largest,2,Which item occupies the biggest area in the picture?,,chair,object,,SUNRGBD/xtion/xtion_align_data/2014_12_18_13_49_26/image/0000096.jpg,SUNRGBD/xtion/xtion_align_data/2014_12_18_13_49_26/depth_bfx/0000096.png,rule,"{""winner_concept"": ""chair"", ""winner_object_index"": 1, ""winner_area_frac"": 0.26685620666766424, ""winner_depth_m"": 1.3559999465942383, ""runner_up_concept"": ""book"", ""runner_up_area_frac"": 0.025188868553625624, ""runner_up_depth_m"": 1.468999981880188}"
test_005849,xtion/sun3ddata/mit_32_pingpong/pingpong_1/0003048-000102123252,sun3d:mit_32_pingpong/pingpong_1,xtion,recreation_room,test,identify_superlative,closest_camera,5,What is the closest visible object to the camera?,,lamp,object,,SUNRGBD/xtion/sun3ddata/mit_32_pingpong/pingpong_1/0003048-000102123252/image/0003048-000102123252.jpg,SUNRGBD/xtion/sun3ddata/mit_32_pingpong/pingpong_1/0003048-000102123252/depth_bfx/0003061-000102122921.png,rule,"{""winner_concept"": ""lamp"", ""winner_object_index"": 6, ""winner_area_frac"": 0.019945823789188546, ""winner_depth_m"": 2.2660000324249268, ""runner_up_concept"": ""lamp"", ""runner_up_area_frac"": 0.005500113186842701, ""runner_up_depth_m"": 5.739999771118164}"
test_003406,xtion/sun3ddata/mit_32_g631/g631_1/0002784-000093298333,sun3d:mit_32_g631/g631_1,xtion,conference_room,test,identify_superlative,largest,5,What is the largest visible object in the scene?,,table,object,,SUNRGBD/xtion/sun3ddata/mit_32_g631/g631_1/0002784-000093298333/image/0002784-000093298333.jpg,SUNRGBD/xtion/sun3ddata/mit_32_g631/g631_1/0002784-000093298333/depth_bfx/0002796-000093300423.png,rule,"{""winner_concept"": ""table"", ""winner_object_index"": 12, ""winner_area_frac"": 0.1003928926336468, ""winner_depth_m"": 1.9539999961853027, ""runner_up_concept"": ""chair"", ""runner_up_area_frac"": 0.058433187149648354, ""runner_up_depth_m"": 1.9539999961853027}"
test_009008,xtion/sun3ddata/mit_w85_10/10_1/0000006-000000167580,sun3d:mit_w85_10/10_1,xtion,living_room,test,identify_superlative,largest,2,Which item occupies the biggest area in the picture?,,curtain,object,,SUNRGBD/xtion/sun3ddata/mit_w85_10/10_1/0000006-000000167580/image/0000006-000000167580.jpg,SUNRGBD/xtion/sun3ddata/mit_w85_10/10_1/0000006-000000167580/depth_bfx/0000005-000000143805.png,rule,"{""winner_concept"": ""curtain"", ""winner_object_index"": 2, ""winner_area_frac"": 0.37099193879469444, ""winner_depth_m"": null, ""runner_up_concept"": ""sofa"", ""runner_up_area_frac"": 0.2710805698477925, ""runner_up_depth_m"": 2.296999931335449}"
test_013419,xtion/sun3ddata/mit_32_g531/g531_1/0000101-000003351600,sun3d:mit_32_g531/g531_1,xtion,conference_room,test,identify_superlative,largest,5,What is the largest visible object in the scene?,,screen,object,,SUNRGBD/xtion/sun3ddata/mit_32_g531/g531_1/0000101-000003351600/image/0000101-000003351600.jpg,SUNRGBD/xtion/sun3ddata/mit_32_g531/g531_1/0000101-000003351600/depth_bfx/0000101-000003363780.png,rule,"{""winner_concept"": ""screen"", ""winner_object_index"": 7, ""winner_area_frac"": 0.11151319991679401, ""winner_depth_m"": 1.8639999628067017, ""runner_up_concept"": ""window"", ""runner_up_area_frac"": 0.06922117608359751, ""runner_up_depth_m"": 2.819999933242798}"
test_004551,xtion/sun3ddata/mit_lab_hj/lab_hj_work_nov_2_2012_scan1_erika/0000805-000035292348,sun3d:mit_lab_hj/lab_hj_work_nov_2_2012_scan1_erika,xtion,office,test,identify_superlative,largest,1,What is the largest object in this room?,,table,object,,SUNRGBD/xtion/sun3ddata/mit_lab_hj/lab_hj_work_nov_2_2012_scan1_erika/0000805-000035292348/image/0000805-000035292348.jpg,SUNRGBD/xtion/sun3ddata/mit_lab_hj/lab_hj_work_nov_2_2012_scan1_erika/0000805-000035292348/depth_bfx/0000810-000035308345.png,rule,"{""winner_concept"": ""table"", ""winner_object_index"": 7, ""winner_area_frac"": 0.34008425705307505, ""winner_depth_m"": 0.8600000143051147, ""runner_up_concept"": ""chair"", ""runner_up_area_frac"": 0.2551941250273375, ""runner_up_depth_m"": 0.6010000109672546}"
test_005276,xtion/sun3ddata/mit_3_huge_office/cl_1/0007738-000259313292,sun3d:mit_3_huge_office/cl_1,xtion,office,test,identify_superlative,farthest_camera,0,Which object is farthest from the camera?,,curtain,object,,SUNRGBD/xtion/sun3ddata/mit_3_huge_office/cl_1/0007738-000259313292/image/0007738-000259313292.jpg,SUNRGBD/xtion/sun3ddata/mit_3_huge_office/cl_1/0007738-000259313292/depth_bfx/0007771-000259299136.png,rule,"{""winner_concept"": ""curtain"", ""winner_object_index"": 33, ""winner_area_frac"": 0.005085734237293338, ""winner_depth_m"": 5.841000080108643, ""runner_up_concept"": ""picture"", ""runner_up_area_frac"": 0.015481657976219252, ""runner_up_depth_m"": 3.678999900817871}"
test_004553,xtion/sun3ddata/mit_32_g7_lounge/g7_lounge_1/0003720-000124646004,sun3d:mit_32_g7_lounge/g7_lounge_1,xtion,rest_space,test,identify_superlative,farthest_camera,0,Which object is farthest from the camera?,,window,object,,SUNRGBD/xtion/sun3ddata/mit_32_g7_lounge/g7_lounge_1/0003720-000124646004/image/0003720-000124646004.jpg,SUNRGBD/xtion/sun3ddata/mit_32_g7_lounge/g7_lounge_1/0003720-000124646004/depth_bfx/0003736-000124644694.png,rule,"{""winner_concept"": ""window"", ""winner_object_index"": 5, ""winner_area_frac"": 0.11332496901749983, ""winner_depth_m"": 4.173999786376953, ""runner_up_concept"": ""plant"", ""runner_up_area_frac"": 0.01907869746883525, ""runner_up_depth_m"": 3.0840001106262207}"
test_011477,xtion/sun3ddata/mit_dorm_sh_basement/dorm_sh_basement_oct_28_2012_scan1_erika/0013603-000562545198,sun3d:mit_dorm_sh_basement/dorm_sh_basement_oct_28_2012_scan1_erika,xtion,basement,test,identify_superlative,closest_camera,3,What object is nearest the viewer?,,pipe,object,,SUNRGBD/xtion/sun3ddata/mit_dorm_sh_basement/dorm_sh_basement_oct_28_2012_scan1_erika/0013603-000562545198/image/0013603-000562545198.jpg,SUNRGBD/xtion/sun3ddata/mit_dorm_sh_basement/dorm_sh_basement_oct_28_2012_scan1_erika/0013603-000562545198/depth_bfx/0013618-000562538816.png,rule,"{""winner_concept"": ""pipe"", ""winner_object_index"": 12, ""winner_area_frac"": 0.10158998737678941, ""winner_depth_m"": 2.950000047683716, ""runner_up_concept"": ""pipe"", ""runner_up_area_frac"": 0.25192897237857353, ""runner_up_depth_m"": 3.559999942779541}"
test_011469,xtion/sun3ddata/mit_dorm_next_jc/dorm_next_jc_oct_30_2012_scan1_erika/0000586-000026209512,sun3d:mit_dorm_next_jc/dorm_next_jc_oct_30_2012_scan1_erika,xtion,bedroom,test,identify_superlative,largest,0,Which object takes up the most space in the image?,,window,object,,SUNRGBD/xtion/sun3ddata/mit_dorm_next_jc/dorm_next_jc_oct_30_2012_scan1_erika/0000586-000026209512/image/0000586-000026209512.jpg,SUNRGBD/xtion/sun3ddata/mit_dorm_next_jc/dorm_next_jc_oct_30_2012_scan1_erika/0000586-000026209512/depth_bfx/0000589-000026204310.png,rule,"{""winner_concept"": ""window"", ""winner_object_index"": 0, ""winner_area_frac"": 0.1879227720416988, ""winner_depth_m"": 2.756999969482422, ""runner_up_concept"": ""chair"", ""runner_up_area_frac"": 0.10012239526380208, ""runner_up_depth_m"": 1.2660000324249268}"
test_006939,xtion/sun3ddata/mit_lab_koch/lab_koch_chem_nov_2_2012_scan1_erika/0000705-000029360016,sun3d:mit_lab_koch/lab_koch_chem_nov_2_2012_scan1_erika,xtion,lab,test,identify_superlative,largest,0,Which object takes up the most space in the image?,,cabinet,object,,SUNRGBD/xtion/sun3ddata/mit_lab_koch/lab_koch_chem_nov_2_2012_scan1_erika/0000705-000029360016/image/0000705-000029360016.jpg,SUNRGBD/xtion/sun3ddata/mit_lab_koch/lab_koch_chem_nov_2_2012_scan1_erika/0000705-000029360016/depth_bfx/0000704-000029368181.png,rule,"{""winner_concept"": ""cabinet"", ""winner_object_index"": 4, ""winner_area_frac"": 0.15192743764172337, ""winner_depth_m"": null, ""runner_up_concept"": ""shelf"", ""runner_up_area_frac"": 0.07869746883524983, ""runner_up_depth_m"": null}"
test_005368,xtion/sun3ddata/mit_46_6conf/bcs_floor6_conf_1/0002833-000095252472,sun3d:mit_46_6conf/bcs_floor6_conf_1,xtion,office_kitchen,test,identify_superlative,farthest_camera,4,Which object is farthest away in this image?,,box,object,,SUNRGBD/xtion/sun3ddata/mit_46_6conf/bcs_floor6_conf_1/0002833-000095252472/image/0002833-000095252472.jpg,SUNRGBD/xtion/sun3ddata/mit_46_6conf/bcs_floor6_conf_1/0002833-000095252472/depth_bfx/0002846-000095255519.png,rule,"{""winner_concept"": ""box"", ""winner_object_index"": 5, ""winner_area_frac"": 0.06080627400424355, ""winner_depth_m"": 1.562999963760376, ""runner_up_concept"": ""refrigerator"", ""runner_up_area_frac"": 0.1987081352563586, ""runner_up_depth_m"": 1.2130000591278076}"
test_009369,xtion/sun3ddata/mit_32_g631/g631_1/0003307-000110827201,sun3d:mit_32_g631/g631_1,xtion,conference_room,test,identify_superlative,farthest_camera,1,What is the most distant object from the camera?,,window,object,,SUNRGBD/xtion/sun3ddata/mit_32_g631/g631_1/0003307-000110827201/image/0003307-000110827201.jpg,SUNRGBD/xtion/sun3ddata/mit_32_g631/g631_1/0003307-000110827201/depth_bfx/0003321-000110819279.png,rule,"{""winner_concept"": ""window"", ""winner_object_index"": 2, ""winner_area_frac"": 0.1856647904508673, ""winner_depth_m"": 1.5759999752044678, ""runner_up_concept"": null, ""runner_up_area_frac"": null, ""runner_up_depth_m"": null}"
test_002621,xtion/xtion_align_data/2014_12_18_12_18_42,scene:xtion/xtion_align_data/2014_12_18_12_18_42,xtion,classroom,test,identify_superlative,farthest_camera,5,What is the most distant visible object in the scene?,,door,object,,SUNRGBD/xtion/xtion_align_data/2014_12_18_12_18_42/image/0000070.jpg,SUNRGBD/xtion/xtion_align_data/2014_12_18_12_18_42/depth_bfx/0000070.png,rule,"{""winner_concept"": ""door"", ""winner_object_index"": 2, ""winner_area_frac"": 0.053669747650893405, ""winner_depth_m"": 2.5390000343322754, ""runner_up_concept"": ""table"", ""runner_up_area_frac"": 0.07694786882604142, ""runner_up_depth_m"": 1.4700000286102295}"
test_011148,xtion/sun3ddata/mit_dorm_mcc_flr1/dorm_mcc_flr1_oct_31_2012_scan1_erika/0002737-000124898758,sun3d:mit_dorm_mcc_flr1/dorm_mcc_flr1_oct_31_2012_scan1_erika,xtion,rest_space,test,identify_superlative,largest,0,Which object takes up the most space in the image?,,rug,object,,SUNRGBD/xtion/sun3ddata/mit_dorm_mcc_flr1/dorm_mcc_flr1_oct_31_2012_scan1_erika/0002737-000124898758/image/0002737-000124898758.jpg,SUNRGBD/xtion/sun3ddata/mit_dorm_mcc_flr1/dorm_mcc_flr1_oct_31_2012_scan1_erika/0002737-000124898758/depth_bfx/0002732-000124901103.png,rule,"{""winner_concept"": ""rug"", ""winner_object_index"": 8, ""winner_area_frac"": 0.12302930196331212, ""winner_depth_m"": null, ""runner_up_concept"": ""table"", ""runner_up_area_frac"": 0.06447237665511778, ""runner_up_depth_m"": 1.6080000400543213}"
test_007572,xtion/sun3ddata/mit_36_ti_lab/tian_lab_1/0006630-000222230856,sun3d:mit_36_ti_lab/tian_lab_1,xtion,lab,test,identify_superlative,largest,5,What is the largest visible object in the scene?,,file cabinet,object,,SUNRGBD/xtion/sun3ddata/mit_36_ti_lab/tian_lab_1/0006630-000222230856/image/0006630-000222230856.jpg,SUNRGBD/xtion/sun3ddata/mit_36_ti_lab/tian_lab_1/0006630-000222230856/depth_bfx/0006661-000222239205.png,rule,"{""winner_concept"": ""filecabinet"", ""winner_object_index"": 12, ""winner_area_frac"": 0.20278478001465675, ""winner_depth_m"": 1.090999960899353, ""runner_up_concept"": ""board"", ""runner_up_area_frac"": 0.033800660704214, ""runner_up_depth_m"": 1.1759999990463257}"
test_009428,xtion/sun3ddata/mit_w20_athena/sc_athena_oct_29_2012_scan1_erika/0005518-000238198212,sun3d:mit_w20_athena/sc_athena_oct_29_2012_scan1_erika,xtion,discussion_area,test,identify_superlative,largest,4,Which object covers the most of the image?,,carpet,object,,SUNRGBD/xtion/sun3ddata/mit_w20_athena/sc_athena_oct_29_2012_scan1_erika/0005518-000238198212/image/0005518-000238198212.jpg,SUNRGBD/xtion/sun3ddata/mit_w20_athena/sc_athena_oct_29_2012_scan1_erika/0005518-000238198212/depth_bfx/0005508-000238193947.png,rule,"{""winner_concept"": ""carpet"", ""winner_object_index"": 16, ""winner_area_frac"": 0.182946387804981, ""winner_depth_m"": null, ""runner_up_concept"": ""door"", ""runner_up_area_frac"": 0.12667046514037086, ""runner_up_depth_m"": null}"
test_003634,xtion/sun3ddata/mit_w85j/j1/0000912-000030533076,sun3d:mit_w85j/j1,xtion,bedroom,test,identify_superlative,largest,5,What is the largest visible object in the scene?,,desk,object,,SUNRGBD/xtion/sun3ddata/mit_w85j/j1/0000912-000030533076/image/0000912-000030533076.jpg,SUNRGBD/xtion/sun3ddata/mit_w85j/j1/0000912-000030533076/depth_bfx/0000915-000030519444.png,rule,"{""winner_concept"": ""desk"", ""winner_object_index"": 2, ""winner_area_frac"": 0.12205762169504011, ""winner_depth_m"": 1.8220000267028809, ""runner_up_concept"": ""bed"", ""runner_up_area_frac"": 0.07180266353580349, ""runner_up_depth_m"": 1.6360000371932983}"
test_002458,kv1/NYUdata/NYU1314,scene:kv1/NYUdata/NYU1314,kv1,living_room,test,identify_superlative,closest_camera,0,Which object is closest to the camera?,,chair,object,,SUNRGBD/kv1/NYUdata/NYU1314/image/NYU1314.jpg,SUNRGBD/kv1/NYUdata/NYU1314/depth_bfx/NYU1314.png,rule,"{""winner_concept"": ""chair"", ""winner_object_index"": 0, ""winner_area_frac"": 0.2514224765912326, ""winner_depth_m"": 1.3880000114440918, ""runner_up_concept"": ""sofa"", ""runner_up_area_frac"": 0.2141896997248974, ""runner_up_depth_m"": 2.2190001010894775}"
test_004744,kv1/NYUdata/NYU1158,scene:kv1/NYUdata/NYU1158,kv1,bedroom,test,identify_superlative,farthest_camera,3,What object is farthest from the viewer?,,pillow,object,,SUNRGBD/kv1/NYUdata/NYU1158/image/NYU1158.jpg,SUNRGBD/kv1/NYUdata/NYU1158/depth_bfx/NYU1158.png,rule,"{""winner_concept"": ""pillow"", ""winner_object_index"": 7, ""winner_area_frac"": 0.011492525475167712, ""winner_depth_m"": 2.7009999752044678, ""runner_up_concept"": ""speaker"", ""runner_up_area_frac"": 0.010444714398427032, ""runner_up_depth_m"": 1.6390000581741333}"
test_003036,kv1/NYUdata/NYU1192,scene:kv1/NYUdata/NYU1192,kv1,bedroom,test,identify_superlative,largest,4,Which object covers the most of the image?,,night stand,object,,SUNRGBD/kv1/NYUdata/NYU1192/image/NYU1192.jpg,SUNRGBD/kv1/NYUdata/NYU1192/depth_bfx/NYU1192.png,rule,"{""winner_concept"": ""nightstand"", ""winner_object_index"": 14, ""winner_area_frac"": 0.08995311984704463, ""winner_depth_m"": 2.2679998874664307, ""runner_up_concept"": ""pillow"", ""runner_up_area_frac"": 0.01872910117847437, ""runner_up_depth_m"": 2.882999897003174}"
test_005841,kv1/NYUdata/NYU0296,scene:kv1/NYUdata/NYU0296,kv1,classroom,test,identify_superlative,largest,5,What is the largest visible object in the scene?,,book,object,,SUNRGBD/kv1/NYUdata/NYU0296/image/NYU0296.jpg,SUNRGBD/kv1/NYUdata/NYU0296/depth_bfx/NYU0296.png,rule,"{""winner_concept"": ""book"", ""winner_object_index"": 50, ""winner_area_frac"": 0.042979039603919064, ""winner_depth_m"": 1.1330000162124634, ""runner_up_concept"": ""desk"", ""runner_up_area_frac"": 0.023556963769114203, ""runner_up_depth_m"": 3.2269999980926514}"
test_002191,kv1/NYUdata/NYU0389,scene:kv1/NYUdata/NYU0389,kv1,home_office,test,identify_superlative,largest,4,Which object covers the most of the image?,,desk,object,,SUNRGBD/kv1/NYUdata/NYU0389/image/NYU0389.jpg,SUNRGBD/kv1/NYUdata/NYU0389/depth_bfx/NYU0389.png,rule,"{""winner_concept"": ""desk"", ""winner_object_index"": 10, ""winner_area_frac"": 0.20679866581505926, ""winner_depth_m"": 1.402999997138977, ""runner_up_concept"": ""printer"", ""runner_up_area_frac"": 0.04313558508351179, ""runner_up_depth_m"": 1.312999963760376}"
test_012900,kv1/NYUdata/NYU1235,scene:kv1/NYUdata/NYU1235,kv1,living_room,test,identify_superlative,largest,3,What object is the biggest one visible here?,,lamp,object,,SUNRGBD/kv1/NYUdata/NYU1235/image/NYU1235.jpg,SUNRGBD/kv1/NYUdata/NYU1235/depth_bfx/NYU1235.png,rule,"{""winner_concept"": ""lamp"", ""winner_object_index"": 14, ""winner_area_frac"": 0.04473443624841889, ""winner_depth_m"": 1.4520000219345093, ""runner_up_concept"": ""picture"", ""runner_up_area_frac"": 0.015136904240086497, ""runner_up_depth_m"": 1.4869999885559082}"
test_004295,kv1/b3dodata/img_0680,scene:kv1/b3dodata/img_0680,kv1,living_room,test,identify_superlative,largest,3,What object is the biggest one visible here?,,sofa,object,,SUNRGBD/kv1/b3dodata/img_0680/image/img_0680.jpg,SUNRGBD/kv1/b3dodata/img_0680/depth_bfx/img_0680_abs.png,rule,"{""winner_concept"": ""sofa"", ""winner_object_index"": 4, ""winner_area_frac"": 0.3332561042300676, ""winner_depth_m"": 1.5520000457763672, ""runner_up_concept"": ""chair"", ""runner_up_area_frac"": 0.1761032281765165, ""runner_up_depth_m"": 1.437999963760376}"
test_007730,kv1/NYUdata/NYU0195,scene:kv1/NYUdata/NYU0195,kv1,kitchen,test,identify_superlative,largest,3,What object is the biggest one visible here?,,towel,object,,SUNRGBD/kv1/NYUdata/NYU0195/image/NYU0195.jpg,SUNRGBD/kv1/NYUdata/NYU0195/depth_bfx/NYU0195.png,rule,"{""winner_concept"": ""towel"", ""winner_object_index"": 11, ""winner_area_frac"": 0.16482151728053368, ""winner_depth_m"": 0.9480000138282776, ""runner_up_concept"": ""sink"", ""runner_up_area_frac"": 0.1111118068687982, ""runner_up_depth_m"": 1.1449999809265137}"
test_007999,kv1/NYUdata/NYU0711,scene:kv1/NYUdata/NYU0711,kv1,bathroom,test,identify_superlative,largest,5,What is the largest visible object in the scene?,,door,object,,SUNRGBD/kv1/NYUdata/NYU0711/image/NYU0711.jpg,SUNRGBD/kv1/NYUdata/NYU0711/depth_bfx/NYU0711.png,rule,"{""winner_concept"": ""door"", ""winner_object_index"": 7, ""winner_area_frac"": 0.34543534254238206, ""winner_depth_m"": 1.7289999723434448, ""runner_up_concept"": ""shelf"", ""runner_up_area_frac"": 0.13385055959790773, ""runner_up_depth_m"": 3.188999891281128}"
test_003918,kv1/b3dodata/img_0616,scene:kv1/b3dodata/img_0616,kv1,home_office,test,identify_superlative,largest,0,Which object takes up the most space in the image?,,table,object,,SUNRGBD/kv1/b3dodata/img_0616/image/img_0616.jpg,SUNRGBD/kv1/b3dodata/img_0616/depth_bfx/img_0616_abs.png,rule,"{""winner_concept"": ""table"", ""winner_object_index"": 12, ""winner_area_frac"": 0.6106233849724688, ""winner_depth_m"": 0.8560000061988831, ""runner_up_concept"": ""monitor"", ""runner_up_area_frac"": 0.11776812066108112, ""runner_up_depth_m"": 1.0470000505447388}"
test_003990,kv1/NYUdata/NYU1446,scene:kv1/NYUdata/NYU1446,kv1,dining_room,test,identify_superlative,largest,4,Which object covers the most of the image?,,floor mat,object,,SUNRGBD/kv1/NYUdata/NYU1446/image/NYU1446.jpg,SUNRGBD/kv1/NYUdata/NYU1446/depth_bfx/NYU1446.png,rule,"{""winner_concept"": ""floormat"", ""winner_object_index"": 23, ""winner_area_frac"": 0.18340659661778272, ""winner_depth_m"": 2.555999994277954, ""runner_up_concept"": ""curtain"", ""runner_up_area_frac"": 0.08015337282453965, ""runner_up_depth_m"": 3.931999921798706}"
test_003805,kv1/NYUdata/NYU0264,scene:kv1/NYUdata/NYU0264,kv1,living_room,test,identify_superlative,largest,2,Which item occupies the biggest area in the picture?,,blind,object,,SUNRGBD/kv1/NYUdata/NYU0264/image/NYU0264.jpg,SUNRGBD/kv1/NYUdata/NYU0264/depth_bfx/NYU0264.png,rule,"{""winner_concept"": ""blind"", ""winner_object_index"": 19, ""winner_area_frac"": 0.28368754357182513, ""winner_depth_m"": 2.888000011444092, ""runner_up_concept"": ""sofa"", ""runner_up_area_frac"": 0.05819526022033254, ""runner_up_depth_m"": 1.7949999570846558}"
test_011363,kv1/NYUdata/NYU1011,scene:kv1/NYUdata/NYU1011,kv1,bedroom,test,identify_superlative,largest,4,Which object covers the most of the image?,,sofa,object,,SUNRGBD/kv1/NYUdata/NYU1011/image/NYU1011.jpg,SUNRGBD/kv1/NYUdata/NYU1011/depth_bfx/NYU1011.png,rule,"{""winner_concept"": ""sofa"", ""winner_object_index"": 5, ""winner_area_frac"": 0.06166848259422994, ""winner_depth_m"": 1.9859999418258667, ""runner_up_concept"": ""clothes"", ""runner_up_area_frac"": 0.045379403624340946, ""runner_up_depth_m"": 1.8880000114440918}"
test_011806,kv1/b3dodata/img_0678,scene:kv1/b3dodata/img_0678,kv1,corridor,test,identify_superlative,largest,5,What is the largest visible object in the scene?,,door,object,,SUNRGBD/kv1/b3dodata/img_0678/image/img_0678.jpg,SUNRGBD/kv1/b3dodata/img_0678/depth_bfx/img_0678_abs.png,rule,"{""winner_concept"": ""door"", ""winner_object_index"": 3, ""winner_area_frac"": 0.4048391338651705, ""winner_depth_m"": 1.4670000076293945, ""runner_up_concept"": ""doorknob"", ""runner_up_area_frac"": 0.06973579297590869, ""runner_up_depth_m"": 4.815000057220459}"
test_009622,kv1/b3dodata/img_0447,scene:kv1/b3dodata/img_0447,kv1,bathroom,test,identify_superlative,farthest_camera,0,Which object is farthest from the camera?,,mirror,object,,SUNRGBD/kv1/b3dodata/img_0447/image/img_0447.jpg,SUNRGBD/kv1/b3dodata/img_0447/depth_bfx/img_0447_abs.png,rule,"{""winner_concept"": ""mirror"", ""winner_object_index"": 14, ""winner_area_frac"": 0.04683214567496149, ""winner_depth_m"": 2.056999921798706, ""runner_up_concept"": ""curtain"", ""runner_up_area_frac"": 0.2434720535009831, ""runner_up_depth_m"": 1.0579999685287476}"
test_010792,kv1/NYUdata/NYU0804,scene:kv1/NYUdata/NYU0804,kv1,kitchen,test,identify_superlative,closest_camera,0,Which object is closest to the camera?,,chair,object,,SUNRGBD/kv1/NYUdata/NYU0804/image/NYU0804.jpg,SUNRGBD/kv1/NYUdata/NYU0804/depth_bfx/NYU0804.png,rule,"{""winner_concept"": ""chair"", ""winner_object_index"": 3, ""winner_area_frac"": 0.017171995474792003, ""winner_depth_m"": 0.7260000109672546, ""runner_up_concept"": ""counter"", ""runner_up_area_frac"": 0.14229984094979273, ""runner_up_depth_m"": 0.9440000057220459}"
test_007320,kv1/b3dodata/img_0520,scene:kv1/b3dodata/img_0520,kv1,bathroom,test,identify_superlative,farthest_camera,0,Which object is farthest from the camera?,,mirror,object,,SUNRGBD/kv1/b3dodata/img_0520/image/img_0520.jpg,SUNRGBD/kv1/b3dodata/img_0520/depth_bfx/img_0520_abs.png,rule,"{""winner_concept"": ""mirror"", ""winner_object_index"": 6, ""winner_area_frac"": 0.1976605843529662, ""winner_depth_m"": 1.722000002861023, ""runner_up_concept"": ""mirror"", ""runner_up_area_frac"": 0.059362045861563704, ""runner_up_depth_m"": 0.906000018119812}"
test_011852,kv1/NYUdata/NYU1220,scene:kv1/NYUdata/NYU1220,kv1,living_room,test,identify_superlative,largest,0,Which object takes up the most space in the image?,,sofa,object,,SUNRGBD/kv1/NYUdata/NYU1220/image/NYU1220.jpg,SUNRGBD/kv1/NYUdata/NYU1220/depth_bfx/NYU1220.png,rule,"{""winner_concept"": ""sofa"", ""winner_object_index"": 6, ""winner_area_frac"": 0.09213640746909792, ""winner_depth_m"": 1.4700000286102295, ""runner_up_concept"": ""pillow"", ""runner_up_area_frac"": 0.042862152312489826, ""runner_up_depth_m"": 1.4700000286102295}"
test_007486,kv1/b3dodata/img_0776,scene:kv1/b3dodata/img_0776,kv1,living_room,test,identify_superlative,farthest_camera,5,What is the most distant visible object in the scene?,,sofa,object,,SUNRGBD/kv1/b3dodata/img_0776/image/img_0776.jpg,SUNRGBD/kv1/b3dodata/img_0776/depth_bfx/img_0776_abs.png,rule,"{""winner_concept"": ""sofa"", ""winner_object_index"": 1, ""winner_area_frac"": 0.25502302262186544, ""winner_depth_m"": 1.8650000095367432, ""runner_up_concept"": ""pillow"", ""runner_up_area_frac"": 0.015045064225392094, ""runner_up_depth_m"": 1.3200000524520874}"
test_003315,kv1/b3dodata/img_0597,scene:kv1/b3dodata/img_0597,kv1,home_office,test,identify_superlative,farthest_camera,4,Which object is farthest away in this image?,,door,object,,SUNRGBD/kv1/b3dodata/img_0597/image/img_0597.jpg,SUNRGBD/kv1/b3dodata/img_0597/depth_bfx/img_0597_abs.png,rule,"{""winner_concept"": ""door"", ""winner_object_index"": 7, ""winner_area_frac"": 0.05840190025339495, ""winner_depth_m"": 2.9070000648498535, ""runner_up_concept"": ""bookshelf"", ""runner_up_area_frac"": 0.21359482690244502, ""runner_up_depth_m"": 2.069000005722046}"
test_010676,kv1/b3dodata/img_0532,scene:kv1/b3dodata/img_0532,kv1,bathroom,test,identify_superlative,largest,1,What is the largest object in this room?,,sink,object,,SUNRGBD/kv1/b3dodata/img_0532/image/img_0532.jpg,SUNRGBD/kv1/b3dodata/img_0532/depth_bfx/img_0532_abs.png,rule,"{""winner_concept"": ""sink"", ""winner_object_index"": 7, ""winner_area_frac"": 0.48096824422764634, ""winner_depth_m"": 0.878000020980835, ""runner_up_concept"": ""counter"", ""runner_up_area_frac"": 0.36986896099721556, ""runner_up_depth_m"": 0.8560000061988831}"
test_008630,kv1/b3dodata/img_0457,scene:kv1/b3dodata/img_0457,kv1,kitchen,test,identify_superlative,largest,5,What is the largest visible object in the scene?,,counter,object,,SUNRGBD/kv1/b3dodata/img_0457/image/img_0457.jpg,SUNRGBD/kv1/b3dodata/img_0457/depth_bfx/img_0457_abs.png,rule,"{""winner_concept"": ""counter"", ""winner_object_index"": 0, ""winner_area_frac"": 0.6575416283668758, ""winner_depth_m"": 0.7950000166893005, ""runner_up_concept"": ""tray"", ""runner_up_area_frac"": 0.01707598091397513, ""runner_up_depth_m"": 1.13100004196167}"
test_008652,kv1/NYUdata/NYU1292,scene:kv1/NYUdata/NYU1292,kv1,living_room,test,identify_superlative,closest_camera,3,What object is nearest the viewer?,,television,object,,SUNRGBD/kv1/NYUdata/NYU1292/image/NYU1292.jpg,SUNRGBD/kv1/NYUdata/NYU1292/depth_bfx/NYU1292.png,rule,"{""winner_concept"": ""television"", ""winner_object_index"": 13, ""winner_area_frac"": 0.057147449143591864, ""winner_depth_m"": 2.374000072479248, ""runner_up_concept"": ""floormat"", ""runner_up_area_frac"": 0.051572342797029394, ""runner_up_depth_m"": 3.2100000381469727}"
test_006316,kv1/b3dodata/img_0598,scene:kv1/b3dodata/img_0598,kv1,home_office,test,identify_superlative,largest,1,What is the largest object in this room?,,shelf,object,,SUNRGBD/kv1/b3dodata/img_0598/image/img_0598.jpg,SUNRGBD/kv1/b3dodata/img_0598/depth_bfx/img_0598_abs.png,rule,"{""winner_concept"": ""shelf"", ""winner_object_index"": 2, ""winner_area_frac"": 0.8248443937932848, ""winner_depth_m"": 1.1859999895095825, ""runner_up_concept"": ""table"", ""runner_up_area_frac"": 0.2969813856988399, ""runner_up_depth_m"": 0.890999972820282}"
test_003394,kv1/b3dodata/img_0620,scene:kv1/b3dodata/img_0620,kv1,home_office,test,identify_superlative,closest_camera,1,What is the nearest object to the camera?,,chair,object,,SUNRGBD/kv1/b3dodata/img_0620/image/img_0620.jpg,SUNRGBD/kv1/b3dodata/img_0620/depth_bfx/img_0620_abs.png,rule,"{""winner_concept"": ""chair"", ""winner_object_index"": 3, ""winner_area_frac"": 0.30369854039958755, ""winner_depth_m"": 1.218000054359436, ""runner_up_concept"": ""paper"", ""runner_up_area_frac"": 0.011108467231900211, ""runner_up_depth_m"": 1.468999981880188}"
test_000401,kv1/NYUdata/NYU1288,scene:kv1/NYUdata/NYU1288,kv1,living_room,test,identify_superlative,closest_camera,1,What is the nearest object to the camera?,,pillow,object,,SUNRGBD/kv1/NYUdata/NYU1288/image/NYU1288.jpg,SUNRGBD/kv1/NYUdata/NYU1288/depth_bfx/NYU1288.png,rule,"{""winner_concept"": ""pillow"", ""winner_object_index"": 36, ""winner_area_frac"": 0.02005869411848197, ""winner_depth_m"": 1.4730000495910645, ""runner_up_concept"": ""book"", ""runner_up_area_frac"": 0.009474132424952098, ""runner_up_depth_m"": 1.7829999923706055}"
test_000800,kv1/NYUdata/NYU0594,scene:kv1/NYUdata/NYU0594,kv1,living_room,test,identify_superlative,largest,4,Which object covers the most of the image?,,curtain,object,,SUNRGBD/kv1/NYUdata/NYU0594/image/NYU0594.jpg,SUNRGBD/kv1/NYUdata/NYU0594/depth_bfx/NYU0594.png,rule,"{""winner_concept"": ""curtain"", ""winner_object_index"": 19, ""winner_area_frac"": 0.0426200286373864, ""winner_depth_m"": 2.9820001125335693, ""runner_up_concept"": ""chair"", ""runner_up_area_frac"": 0.016337086250297436, ""runner_up_depth_m"": 4.435999870300293}"
test_000116,kv1/NYUdata/NYU0669,scene:kv1/NYUdata/NYU0669,kv1,bathroom,test,identify_superlative,farthest_camera,4,Which object is farthest away in this image?,,faucet,object,,SUNRGBD/kv1/NYUdata/NYU0669/image/NYU0669.jpg,SUNRGBD/kv1/NYUdata/NYU0669/depth_bfx/NYU0669.png,rule,"{""winner_concept"": ""faucet"", ""winner_object_index"": 4, ""winner_area_frac"": 0.013281318488647323, ""winner_depth_m"": 2.9649999141693115, ""runner_up_concept"": ""towel"", ""runner_up_area_frac"": 0.00794624854412704, ""runner_up_depth_m"": 2.359999895095825}"
test_013111,kv1/NYUdata/NYU0180,scene:kv1/NYUdata/NYU0180,kv1,bedroom,test,identify_superlative,closest_camera,0,Which object is closest to the camera?,,blanket,object,,SUNRGBD/kv1/NYUdata/NYU0180/image/NYU0180.jpg,SUNRGBD/kv1/NYUdata/NYU0180/depth_bfx/NYU0180.png,rule,"{""winner_concept"": ""blanket"", ""winner_object_index"": 15, ""winner_area_frac"": 0.08360154792170221, ""winner_depth_m"": 1.1260000467300415, ""runner_up_concept"": ""bed"", ""runner_up_area_frac"": 0.12454132174479329, ""runner_up_depth_m"": 1.6319999694824219}"
test_001013,realsense/lg/2014_10_25-17_27_03-1311000073,scene:realsense/lg/2014_10_25-17_27_03-1311000073,realsense,bathroom,test,identify_superlative,farthest_camera,3,What object is farthest from the viewer?,,toilet,object,,SUNRGBD/realsense/lg/2014_10_25-17_27_03-1311000073/image/0000069.jpg,SUNRGBD/realsense/lg/2014_10_25-17_27_03-1311000073/depth_bfx/0000069.png,rule,"{""winner_concept"": ""toilet"", ""winner_object_index"": 0, ""winner_area_frac"": 0.09447721446526793, ""winner_depth_m"": 1.9220000505447388, ""runner_up_concept"": ""trashcan"", ""runner_up_area_frac"": 0.010455987234901593, ""runner_up_depth_m"": 1.569000005722046}"
test_006262,realsense/lg/2014_10_30-16_09_04-1311000073,scene:realsense/lg/2014_10_30-16_09_04-1311000073,realsense,library,test,identify_superlative,largest,0,Which object takes up the most space in the image?,,shelf,object,,SUNRGBD/realsense/lg/2014_10_30-16_09_04-1311000073/image/0000063.jpg,SUNRGBD/realsense/lg/2014_10_30-16_09_04-1311000073/depth_bfx/0000063.png,rule,"{""winner_concept"": ""shelf"", ""winner_object_index"": 2, ""winner_area_frac"": 0.8402993824855992, ""winner_depth_m"": 1.9220000505447388, ""runner_up_concept"": ""shelf"", ""runner_up_area_frac"": 0.13746678060125384, ""runner_up_depth_m"": 2.7249999046325684}"
test_010983,realsense/sa/2014_10_21-18_13_37-1311000073,scene:realsense/sa/2014_10_21-18_13_37-1311000073,realsense,idk,test,identify_superlative,largest,0,Which object takes up the most space in the image?,,refrigerator,object,,SUNRGBD/realsense/sa/2014_10_21-18_13_37-1311000073/image/0000062.jpg,SUNRGBD/realsense/sa/2014_10_21-18_13_37-1311000073/depth_bfx/0000062.png,rule,"{""winner_concept"": ""refrigerator"", ""winner_object_index"": 0, ""winner_area_frac"": 0.8771663472626663, ""winner_depth_m"": null, ""runner_up_concept"": ""box"", ""runner_up_area_frac"": 0.08924369004261486, ""runner_up_depth_m"": 1.0230000019073486}"
test_001008,realsense/lg/2014_10_25-17_20_20-1311000073,scene:realsense/lg/2014_10_25-17_20_20-1311000073,realsense,lecture_theatre,test,identify_superlative,largest,1,What is the largest object in this room?,,desk,object,,SUNRGBD/realsense/lg/2014_10_25-17_20_20-1311000073/image/0000063.jpg,SUNRGBD/realsense/lg/2014_10_25-17_20_20-1311000073/depth_bfx/0000063.png,rule,"{""winner_concept"": ""desk"", ""winner_object_index"": 2, ""winner_area_frac"": 0.8092715653008343, ""winner_depth_m"": null, ""runner_up_concept"": ""chair"", ""runner_up_area_frac"": 0.06720066590894636, ""runner_up_depth_m"": null}"
test_000873,realsense/lg/2014_10_30-16_13_27-1311000073,scene:realsense/lg/2014_10_30-16_13_27-1311000073,realsense,conference_room,test,identify_superlative,largest,2,Which item occupies the biggest area in the picture?,,table,object,,SUNRGBD/realsense/lg/2014_10_30-16_13_27-1311000073/image/0000070.jpg,SUNRGBD/realsense/lg/2014_10_30-16_13_27-1311000073/depth_bfx/0000070.png,rule,"{""winner_concept"": ""table"", ""winner_object_index"": 0, ""winner_area_frac"": 0.5502764019899837, ""winner_depth_m"": 1.2319999933242798, ""runner_up_concept"": ""chair"", ""runner_up_area_frac"": 0.22011222003755418, ""runner_up_depth_m"": 1.0440000295639038}"
test_013175,realsense/sa/2014_10_21-15_22_06-1311000073,scene:realsense/sa/2014_10_21-15_22_06-1311000073,realsense,cafeteria,test,identify_superlative,largest,0,Which object takes up the most space in the image?,,shelf,object,,SUNRGBD/realsense/sa/2014_10_21-15_22_06-1311000073/image/0000063.jpg,SUNRGBD/realsense/sa/2014_10_21-15_22_06-1311000073/depth_bfx/0000063.png,rule,"{""winner_concept"": ""shelf"", ""winner_object_index"": 1, ""winner_area_frac"": 0.17526292065230317, ""winner_depth_m"": 3.5969998836517334, ""runner_up_concept"": ""door"", ""runner_up_area_frac"": 0.11826382493895374, ""runner_up_depth_m"": null}"
test_004375,realsense/lg/2014_10_28-15_52_05-1311000073,scene:realsense/lg/2014_10_28-15_52_05-1311000073,realsense,library,test,identify_superlative,closest_camera,4,Which object is closest to us in this image?,,window,object,,SUNRGBD/realsense/lg/2014_10_28-15_52_05-1311000073/image/0000065.jpg,SUNRGBD/realsense/lg/2014_10_28-15_52_05-1311000073/depth_bfx/0000065.png,rule,"{""winner_concept"": ""window"", ""winner_object_index"": 5, ""winner_area_frac"": 0.02561476530412884, ""winner_depth_m"": 0.8429999947547913, ""runner_up_concept"": ""chair"", ""runner_up_area_frac"": 0.23554628490387494, ""runner_up_depth_m"": 1.6180000305175781}"
test_011954,realsense/lg/2014_10_25-17_47_23-1311000073,scene:realsense/lg/2014_10_25-17_47_23-1311000073,realsense,classroom,test,identify_superlative,closest_camera,1,What is the nearest object to the camera?,,window,object,,SUNRGBD/realsense/lg/2014_10_25-17_47_23-1311000073/image/0000063.jpg,SUNRGBD/realsense/lg/2014_10_25-17_47_23-1311000073/depth_bfx/0000063.png,rule,"{""winner_concept"": ""window"", ""winner_object_index"": 9, ""winner_area_frac"": 0.048560469675977776, ""winner_depth_m"": 0.878000020980835, ""runner_up_concept"": ""chair"", ""runner_up_area_frac"": 0.6217565284241906, ""runner_up_depth_m"": 1.9570000171661377}"
test_003608,realsense/lg/2014_10_27-15_41_09-1311000073,scene:realsense/lg/2014_10_27-15_41_09-1311000073,realsense,rest_space,test,identify_superlative,closest_camera,5,What is the closest visible object to the camera?,,dresser,object,,SUNRGBD/realsense/lg/2014_10_27-15_41_09-1311000073/image/0000063.jpg,SUNRGBD/realsense/lg/2014_10_27-15_41_09-1311000073/depth_bfx/0000063.png,rule,"{""winner_concept"": ""dresser"", ""winner_object_index"": 3, ""winner_area_frac"": 0.3569737626259986, ""winner_depth_m"": 1.805999994277954, ""runner_up_concept"": null, ""runner_up_area_frac"": null, ""runner_up_depth_m"": null}"
test_001131,realsense/lg/2014_10_28-15_45_09-1311000073,scene:realsense/lg/2014_10_28-15_45_09-1311000073,realsense,library,test,identify_superlative,largest,4,Which object covers the most of the image?,,sofa,object,,SUNRGBD/realsense/lg/2014_10_28-15_45_09-1311000073/image/0000063.jpg,SUNRGBD/realsense/lg/2014_10_28-15_45_09-1311000073/depth_bfx/0000063.png,rule,"{""winner_concept"": ""sofa"", ""winner_object_index"": 3, ""winner_area_frac"": 0.27879959403889815, ""winner_depth_m"": 1.375, ""runner_up_concept"": ""sofa"", ""runner_up_area_frac"": 0.10546830710348966, ""runner_up_depth_m"": 2.7679998874664307}"
test_013784,realsense/lg/2014_10_28-14_55_47-1311000073,scene:realsense/lg/2014_10_28-14_55_47-1311000073,realsense,library,test,identify_superlative,largest,0,Which object takes up the most space in the image?,,sofa,object,,SUNRGBD/realsense/lg/2014_10_28-14_55_47-1311000073/image/0000070.jpg,SUNRGBD/realsense/lg/2014_10_28-14_55_47-1311000073/depth_bfx/0000070.png,rule,"{""winner_concept"": ""sofa"", ""winner_object_index"": 4, ""winner_area_frac"": 0.26329812975822087, ""winner_depth_m"": 2.490999937057495, ""runner_up_concept"": ""table"", ""runner_up_area_frac"": 0.14115306226857036, ""runner_up_depth_m"": 1.621000051498413}"
test_001536,realsense/lg/2014_10_28-15_40_13-1311000073,scene:realsense/lg/2014_10_28-15_40_13-1311000073,realsense,library,test,identify_superlative,largest,0,Which object takes up the most space in the image?,,desk,object,,SUNRGBD/realsense/lg/2014_10_28-15_40_13-1311000073/image/0000063.jpg,SUNRGBD/realsense/lg/2014_10_28-15_40_13-1311000073/depth_bfx/0000063.png,rule,"{""winner_concept"": ""desk"", ""winner_object_index"": 4, ""winner_area_frac"": 0.37774293370500345, ""winner_depth_m"": 1.8680000305175781, ""runner_up_concept"": ""chair"", ""runner_up_area_frac"": 0.22177146159823677, ""runner_up_depth_m"": 1.4299999475479126}"
test_007449,realsense/lg/2014_10_27-14_40_33-1311000073,scene:realsense/lg/2014_10_27-14_40_33-1311000073,realsense,library,test,identify_superlative,farthest_camera,1,What is the most distant object from the camera?,,door,object,,SUNRGBD/realsense/lg/2014_10_27-14_40_33-1311000073/image/0000063.jpg,SUNRGBD/realsense/lg/2014_10_27-14_40_33-1311000073/depth_bfx/0000063.png,rule,"{""winner_concept"": ""door"", ""winner_object_index"": 5, ""winner_area_frac"": 0.052975434928694096, ""winner_depth_m"": 2.740000009536743, ""runner_up_concept"": ""basket"", ""runner_up_area_frac"": 0.07611467512846341, ""runner_up_depth_m"": 2.191999912261963}"
test_008160,realsense/lg/2014_10_30-16_08_17-1311000073,scene:realsense/lg/2014_10_30-16_08_17-1311000073,realsense,library,test,identify_superlative,farthest_camera,1,What is the most distant object from the camera?,,chair,object,,SUNRGBD/realsense/lg/2014_10_30-16_08_17-1311000073/image/0000063.jpg,SUNRGBD/realsense/lg/2014_10_30-16_08_17-1311000073/depth_bfx/0000063.png,rule,"{""winner_concept"": ""chair"", ""winner_object_index"": 0, ""winner_area_frac"": 0.14642253692503823, ""winner_depth_m"": 2.0329999923706055, ""runner_up_concept"": null, ""runner_up_area_frac"": null, ""runner_up_depth_m"": null}"
test_003824,realsense/lg/2014_10_26-15_23_35-1311000073,scene:realsense/lg/2014_10_26-15_23_35-1311000073,realsense,library,test,identify_superlative,largest,2,Which item occupies the biggest area in the picture?,,desk,object,,SUNRGBD/realsense/lg/2014_10_26-15_23_35-1311000073/image/0000063.jpg,SUNRGBD/realsense/lg/2014_10_26-15_23_35-1311000073/depth_bfx/0000063.png,rule,"{""winner_concept"": ""desk"", ""winner_object_index"": 3, ""winner_area_frac"": 0.1763082428355332, ""winner_depth_m"": 1.965999960899353, ""runner_up_concept"": ""door"", ""runner_up_area_frac"": 0.0705591335204535, ""runner_up_depth_m"": 3.9000000953674316}"
test_004180,realsense/lg/2014_10_27-14_48_24-1311000073,scene:realsense/lg/2014_10_27-14_48_24-1311000073,realsense,library,test,identify_superlative,largest,3,What object is the biggest one visible here?,,computer,object,,SUNRGBD/realsense/lg/2014_10_27-14_48_24-1311000073/image/0000063.jpg,SUNRGBD/realsense/lg/2014_10_27-14_48_24-1311000073/depth_bfx/0000063.png,rule,"{""winner_concept"": ""computer"", ""winner_object_index"": 5, ""winner_area_frac"": 0.007188664061657416, ""winner_depth_m"": 2.8929998874664307, ""runner_up_concept"": null, ""runner_up_area_frac"": null, ""runner_up_depth_m"": null}"
