image_id,sequence_id,sensor,scene_type,split,question_type,variant,template_id,question,question_paraphrased,answer,answer_type,answer_space,image_path,depth_path,source,evidence
41048071/4469.317,41048071,lidar,unknown,train,left_right,,3,Is the sofa on the left side or the right side of the chair?,,right,choice,left|right,ARKitScenes/3dod/Training/41048071/41048071_frames/lowres_wide/41048071_4469.317.png,ARKitScenes/3dod/Training/41048071/41048071_frames/lowres_depth/41048071_4469.317.png,rule,"{""a_concept"": ""sofa"", ""b_concept"": ""chair"", ""a_centroid_x"": 98.55755468614196, ""b_centroid_x"": 72.53498976636226, ""horizontal_gap_px"": 26.022564919779697, ""image_width"": 256}"
41048071/4469.317,41048071,lidar,unknown,train,left_right,,2,"Looking at the chair, is the table positioned on its left or right?",,right,choice,left|right,ARKitScenes/3dod/Training/41048071/41048071_frames/lowres_wide/41048071_4469.317.png,ARKitScenes/3dod/Training/41048071/41048071_frames/lowres_depth/41048071_4469.317.png,rule,"{""a_concept"": ""table"", ""b_concept"": ""chair"", ""a_centroid_x"": 107.84859380162483, ""b_centroid_x"": 72.53498976636226, ""horizontal_gap_px"": 35.31360403526257, ""image_width"": 256}"
41069050/5056.912,41069050,lidar,unknown,test,left_right,,3,Is the toilet on the left side or the right side of the sink?,,right,choice,left|right,ARKitScenes/3dod/Validation/41069050/41069050_frames/lowres_wide/41069050_5056.912.png,ARKitScenes/3dod/Validation/41069050/41069050_frames/lowres_depth/41069050_5056.912.png,rule,"{""a_concept"": ""toilet"", ""b_concept"": ""sink"", ""a_centroid_x"": 214.23040377380323, ""b_centroid_x"": 22.009831862255123, ""horizontal_gap_px"": 192.22057191154812, ""image_width"": 256}"
41069050/5060.810,41069050,lidar,unknown,test,left_right,,0,Is the toilet to the left or to the right of the sink?,,right,choice,left|right,ARKitScenes/3dod/Validation/41069050/41069050_frames/lowres_wide/41069050_5060.810.png,ARKitScenes/3dod/Validation/41069050/41069050_frames/lowres_depth/41069050_5060.810.png,rule,"{""a_concept"": ""toilet"", ""b_concept"": ""sink"", ""a_centroid_x"": 245.5889349789511, ""b_centroid_x"": 78.10839601789192, ""horizontal_gap_px"": 167.48053896105918, ""image_width"": 256}"
41069050/5064.709,41069050,lidar,unknown,test,left_right,,0,Is the sink to the left or to the right of the bathtub?,,left,choice,left|right,ARKitScenes/3dod/Validation/41069050/41069050_frames/lowres_wide/41069050_5064.709.png,ARKitScenes/3dod/Validation/41069050/41069050_frames/lowres_depth/41069050_5064.709.png,rule,"{""a_concept"": ""sink"", ""b_concept"": ""bathtub"", ""a_centroid_x"": 47.564952268893876, ""b_centroid_x"": 148.0495167048643, ""horizontal_gap_px"": 100.48456443597041, ""image_width"": 256}"
41069130/4282.908,41069130,lidar,unknown,train,left_right,,4,"Which side of the chair is the table on, left or right?",,right,choice,left|right,ARKitScenes/3dod/Training/41069130/41069130_frames/lowres_wide/41069130_4282.908.png,ARKitScenes/3dod/Training/41069130/41069130_frames/lowres_depth/41069130_4282.908.png,rule,"{""a_concept"": ""table"", ""b_concept"": ""chair"", ""a_centroid_x"": 252.74852388703607, ""b_centroid_x"": 225.42874232450794, ""horizontal_gap_px"": 27.319781562528135, ""image_width"": 256}"
41098140/844.436,41098140,lidar,unknown,train,left_right,,5,"From the chair, which direction is the washer in, left or right?",,right,choice,left|right,ARKitScenes/3dod/Training/41098140/41098140_frames/lowres_wide/41098140_844.436.png,ARKitScenes/3dod/Training/41098140/41098140_frames/lowres_depth/41098140_844.436.png,rule,"{""a_concept"": ""washer"", ""b_concept"": ""chair"", ""a_centroid_x"": 246.19508559321037, ""b_centroid_x"": 179.67959040650078, ""horizontal_gap_px"": 66.51549518670959, ""image_width"": 256}"
41125011/6833.435,41125011,lidar,unknown,train,left_right,,1,"Relative to the table, is the sofa on the left or the right?",,left,choice,left|right,ARKitScenes/3dod/Training/41125011/41125011_frames/lowres_wide/41125011_6833.435.png,ARKitScenes/3dod/Training/41125011/41125011_frames/lowres_depth/41125011_6833.435.png,rule,"{""a_concept"": ""sofa"", ""b_concept"": ""table"", ""a_centroid_x"": 35.66615652270974, ""b_centroid_x"": 83.64897119319197, ""horizontal_gap_px"": 47.98281467048223, ""image_width"": 256}"
41125011/6833.435,41125011,lidar,unknown,train,left_right,,5,"From the television, which direction is the sofa in, left or right?",,left,choice,left|right,ARKitScenes/3dod/Training/41125011/41125011_frames/lowres_wide/41125011_6833.435.png,ARKitScenes/3dod/Training/41125011/41125011_frames/lowres_depth/41125011_6833.435.png,rule,"{""a_concept"": ""sofa"", ""b_concept"": ""television"", ""a_centroid_x"": 35.66615652270974, ""b_centroid_x"": 173.79653999979573, ""horizontal_gap_px"": 138.13038347708599, ""image_width"": 256}"
41125011/6833.435,41125011,lidar,unknown,train,left_right,,1,"Relative to the television, is the table on the left or the right?",,left,choice,left|right,ARKitScenes/3dod/Training/41125011/41125011_frames/lowres_wide/41125011_6833.435.png,ARKitScenes/3dod/Training/41125011/41125011_frames/lowres_depth/41125011_6833.435.png,rule,"{""a_concept"": ""table"", ""b_concept"": ""television"", ""a_centroid_x"": 83.64897119319197, ""b_centroid_x"": 173.79653999979573, ""horizontal_gap_px"": 90.14756880660376, ""image_width"": 256}"
41125438/1332.944,41125438,lidar,unknown,train,left_right,,3,Is the cabinet on the left side or the right side of the television?,,left,choice,left|right,ARKitScenes/3dod/Training/41125438/41125438_frames/lowres_wide/41125438_1332.944.png,ARKitScenes/3dod/Training/41125438/41125438_frames/lowres_depth/41125438_1332.944.png,rule,"{""a_concept"": ""cabinet"", ""b_concept"": ""television"", ""a_centroid_x"": 37.76743447255914, ""b_centroid_x"": 90.72659890224189, ""horizontal_gap_px"": 52.95916442968275, ""image_width"": 256}"
41126466/5186.047,41126466,lidar,unknown,train,left_right,,2,"Looking at the bed, is the cabinet positioned on its left or right?",,left,choice,left|right,ARKitScenes/3dod/Training/41126466/41126466_frames/lowres_wide/41126466_5186.047.png,ARKitScenes/3dod/Training/41126466/41126466_frames/lowres_depth/41126466_5186.047.png,rule,"{""a_concept"": ""cabinet"", ""b_concept"": ""bed"", ""a_centroid_x"": 53.07743729951641, ""b_centroid_x"": 102.01043755264908, ""horizontal_gap_px"": 48.93300025313267, ""image_width"": 256}"
41126667/1409.576,41126667,lidar,unknown,train,left_right,,2,"Looking at the cabinet, is the table positioned on its left or right?",,right,choice,left|right,ARKitScenes/3dod/Training/41126667/41126667_frames/lowres_wide/41126667_1409.576.png,ARKitScenes/3dod/Training/41126667/41126667_frames/lowres_depth/41126667_1409.576.png,rule,"{""a_concept"": ""table"", ""b_concept"": ""cabinet"", ""a_centroid_x"": 175.08154012989013, ""b_centroid_x"": 12.739417274458326, ""horizontal_gap_px"": 162.3421228554318, ""image_width"": 256}"
41126783/4688.052,41126783,lidar,unknown,train,left_right,,3,Is the table on the left side or the right side of the chair?,,right,choice,left|right,ARKitScenes/3dod/Training/41126783/41126783_frames/lowres_wide/41126783_4688.052.png,ARKitScenes/3dod/Training/41126783/41126783_frames/lowres_depth/41126783_4688.052.png,rule,"{""a_concept"": ""table"", ""b_concept"": ""chair"", ""a_centroid_x"": 130.4494200247468, ""b_centroid_x"": 54.2060801105649, ""horizontal_gap_px"": 76.24333991418189, ""image_width"": 256}"
41126792/6202.145,41126792,lidar,unknown,train,left_right,,0,Is the bathtub to the left or to the right of the sink?,,right,choice,left|right,ARKitScenes/3dod/Training/41126792/41126792_frames/lowres_wide/41126792_6202.145.png,ARKitScenes/3dod/Training/41126792/41126792_frames/lowres_depth/41126792_6202.145.png,rule,"{""a_concept"": ""bathtub"", ""b_concept"": ""sink"", ""a_centroid_x"": 110.51756889242104, ""b_centroid_x"": 56.01255962571752, ""horizontal_gap_px"": 54.50500926670352, ""image_width"": 256}"
41126792/6202.145,41126792,lidar,unknown,train,left_right,,5,"From the toilet, which direction is the bathtub in, left or right?",,left,choice,left|right,ARKitScenes/3dod/Training/41126792/41126792_frames/lowres_wide/41126792_6202.145.png,ARKitScenes/3dod/Training/41126792/41126792_frames/lowres_depth/41126792_6202.145.png,rule,"{""a_concept"": ""bathtub"", ""b_concept"": ""toilet"", ""a_centroid_x"": 110.51756889242104, ""b_centroid_x"": 141.82623657278805, ""horizontal_gap_px"": 31.30866768036701, ""image_width"": 256}"
41126792/6202.145,41126792,lidar,unknown,train,left_right,,0,Is the cabinet to the left or to the right of the sink?,,right,choice,left|right,ARKitScenes/3dod/Training/41126792/41126792_frames/lowres_wide/41126792_6202.145.png,ARKitScenes/3dod/Training/41126792/41126792_frames/lowres_depth/41126792_6202.145.png,rule,"{""a_concept"": ""cabinet"", ""b_concept"": ""sink"", ""a_centroid_x"": 128.61039137418248, ""b_centroid_x"": 56.01255962571752, ""horizontal_gap_px"": 72.59783174846496, ""image_width"": 256}"
41126792/6202.145,41126792,lidar,unknown,train,left_right,,5,"From the toilet, which direction is the sink in, left or right?",,left,choice,left|right,ARKitScenes/3dod/Training/41126792/41126792_frames/lowres_wide/41126792_6202.145.png,ARKitScenes/3dod/Training/41126792/41126792_frames/lowres_depth/41126792_6202.145.png,rule,"{""a_concept"": ""sink"", ""b_concept"": ""toilet"", ""a_centroid_x"": 56.01255962571752, ""b_centroid_x"": 141.82623657278805, ""horizontal_gap_px"": 85.81367694707052, ""image_width"": 256}"
41126867/1143.696,41126867,lidar,unknown,train,left_right,,4,"Which side of the oven is the chair on, left or right?",,left,choice,left|right,ARKitScenes/3dod/Training/41126867/41126867_frames/lowres_wide/41126867_1143.696.png,ARKitScenes/3dod/Training/41126867/41126867_frames/lowres_depth/41126867_1143.696.png,rule,"{""a_concept"": ""chair"", ""b_concept"": ""oven"", ""a_centroid_x"": 86.52361805792202, ""b_centroid_x"": 160.49322624798288, ""horizontal_gap_px"": 73.96960819006085, ""image_width"": 256}"
41126867/1143.696,41126867,lidar,unknown,train,left_right,,0,Is the chair to the left or to the right of the stove?,,left,choice,left|right,ARKitScenes/3dod/Training/41126867/41126867_frames/lowres_wide/41126867_1143.696.png,ARKitScenes/3dod/Training/41126867/41126867_frames/lowres_depth/41126867_1143.696.png,rule,"{""a_concept"": ""chair"", ""b_concept"": ""stove"", ""a_centroid_x"": 86.52361805792202, ""b_centroid_x"": 169.59030920502877, ""horizontal_gap_px"": 83.06669114710675, ""image_width"": 256}"
41126867/1143.696,41126867,lidar,unknown,train,left_right,,0,Is the chair to the left or to the right of the refrigerator?,,right,choice,left|right,ARKitScenes/3dod/Training/41126867/41126867_frames/lowres_wide/41126867_1143.696.png,ARKitScenes/3dod/Training/41126867/41126867_frames/lowres_depth/41126867_1143.696.png,rule,"{""a_concept"": ""chair"", ""b_concept"": ""refrigerator"", ""a_centroid_x"": 86.52361805792202, ""b_centroid_x"": 56.22343485576392, ""horizontal_gap_px"": 30.300183202158102, ""image_width"": 256}"
41126867/1143.696,41126867,lidar,unknown,train,left_right,,1,"Relative to the refrigerator, is the oven on the left or the right?",,right,choice,left|right,ARKitScenes/3dod/Training/41126867/41126867_frames/lowres_wide/41126867_1143.696.png,ARKitScenes/3dod/Training/41126867/41126867_frames/lowres_depth/41126867_1143.696.png,rule,"{""a_concept"": ""oven"", ""b_concept"": ""refrigerator"", ""a_centroid_x"": 160.49322624798288, ""b_centroid_x"": 56.22343485576392, ""horizontal_gap_px"": 104.26979139221896, ""image_width"": 256}"
41126867/1143.696,41126867,lidar,unknown,train,left_right,,4,"Which side of the refrigerator is the stove on, left or right?",,right,choice,left|right,ARKitScenes/3dod/Training/41126867/41126867_frames/lowres_wide/41126867_1143.696.png,ARKitScenes/3dod/Training/41126867/41126867_frames/lowres_depth/41126867_1143.696.png,rule,"{""a_concept"": ""stove"", ""b_concept"": ""refrigerator"", ""a_centroid_x"": 169.59030920502877, ""b_centroid_x"": 56.22343485576392, ""horizontal_gap_px"": 113.36687434926486, ""image_width"": 256}"
41159639/58464.197,41159639,lidar,unknown,train,left_right,,1,"Relative to the table, is the bed on the left or the right?",,left,choice,left|right,ARKitScenes/3dod/Training/41159639/41159639_frames/lowres_wide/41159639_58464.197.png,ARKitScenes/3dod/Training/41159639/41159639_frames/lowres_depth/41159639_58464.197.png,rule,"{""a_concept"": ""bed"", ""b_concept"": ""table"", ""a_centroid_x"": 87.9856824192245, ""b_centroid_x"": 167.93657135619313, ""horizontal_gap_px"": 79.95088893696862, ""image_width"": 256}"
41165735/7237.390,41165735,lidar,unknown,train,left_right,,3,Is the sink on the left side or the right side of the toilet?,,left,choice,left|right,ARKitScenes/3dod/Training/41165735/41165735_frames/lowres_wide/41165735_7237.390.png,ARKitScenes/3dod/Training/41165735/41165735_frames/lowres_depth/41165735_7237.390.png,rule,"{""a_concept"": ""sink"", ""b_concept"": ""toilet"", ""a_centroid_x"": 144.4501816776336, ""b_centroid_x"": 252.33075621259562, ""horizontal_gap_px"": 107.88057453496202, ""image_width"": 256}"
42444711/74074.426,42444711,lidar,unknown,train,left_right,,0,Is the cabinet to the left or to the right of the sink?,,right,choice,left|right,ARKitScenes/3dod/Training/42444711/42444711_frames/lowres_wide/42444711_74074.426.png,ARKitScenes/3dod/Training/42444711/42444711_frames/lowres_depth/42444711_74074.426.png,rule,"{""a_concept"": ""cabinet"", ""b_concept"": ""sink"", ""a_centroid_x"": 119.9559694415881, ""b_centroid_x"": 84.0254800788253, ""horizontal_gap_px"": 35.9304893627628, ""image_width"": 256}"
42445599/285096.845,42445599,lidar,unknown,val,left_right,,4,"Which side of the cabinet is the bed on, left or right?",,right,choice,left|right,ARKitScenes/3dod/Training/42445599/42445599_frames/lowres_wide/42445599_285096.845.png,ARKitScenes/3dod/Training/42445599/42445599_frames/lowres_depth/42445599_285096.845.png,rule,"{""a_concept"": ""bed"", ""b_concept"": ""cabinet"", ""a_centroid_x"": 212.1482874558623, ""b_centroid_x"": 165.65284441575724, ""horizontal_gap_px"": 46.495443040105044, ""image_width"": 256}"
42445966/347146.240,42445966,lidar,unknown,test,left_right,,5,"From the chair, which direction is the sofa in, left or right?",,right,choice,left|right,ARKitScenes/3dod/Validation/42445966/42445966_frames/lowres_wide/42445966_347146.240.png,ARKitScenes/3dod/Validation/42445966/42445966_frames/lowres_depth/42445966_347146.240.png,rule,"{""a_concept"": ""sofa"", ""b_concept"": ""chair"", ""a_centroid_x"": 53.23709375984503, ""b_centroid_x"": 16.673765914002892, ""horizontal_gap_px"": 36.56332784584214, ""image_width"": 256}"
42446025/134627.650,42446025,lidar,unknown,train,left_right,,3,Is the sofa on the left side or the right side of the table?,,right,choice,left|right,ARKitScenes/3dod/Training/42446025/42446025_frames/lowres_wide/42446025_134627.650.png,ARKitScenes/3dod/Training/42446025/42446025_frames/lowres_depth/42446025_134627.650.png,rule,"{""a_concept"": ""sofa"", ""b_concept"": ""table"", ""a_centroid_x"": 140.78665532231926, ""b_centroid_x"": 95.05156825583671, ""horizontal_gap_px"": 45.73508706648255, ""image_width"": 256}"
42446025/134654.922,42446025,lidar,unknown,train,left_right,,2,"Looking at the table, is the cabinet positioned on its left or right?",,left,choice,left|right,ARKitScenes/3dod/Training/42446025/42446025_frames/lowres_wide/42446025_134654.922.png,ARKitScenes/3dod/Training/42446025/42446025_frames/lowres_depth/42446025_134654.922.png,rule,"{""a_concept"": ""cabinet"", ""b_concept"": ""table"", ""a_centroid_x"": 37.14513463527214, ""b_centroid_x"": 176.1425746943247, ""horizontal_gap_px"": 138.99744005905256, ""image_width"": 256}"
42446025/134654.922,42446025,lidar,unknown,train,left_right,,1,"Relative to the table, is the sofa on the left or the right?",,left,choice,left|right,ARKitScenes/3dod/Training/42446025/42446025_frames/lowres_wide/42446025_134654.922.png,ARKitScenes/3dod/Training/42446025/42446025_frames/lowres_depth/42446025_134654.922.png,rule,"{""a_concept"": ""sofa"", ""b_concept"": ""table"", ""a_centroid_x"": 75.00839901477218, ""b_centroid_x"": 176.1425746943247, ""horizontal_gap_px"": 101.13417567955253, ""image_width"": 256}"
42446025/134695.922,42446025,lidar,unknown,train,left_right,,2,"Looking at the table, is the cabinet positioned on its left or right?",,left,choice,left|right,ARKitScenes/3dod/Training/42446025/42446025_frames/lowres_wide/42446025_134695.922.png,ARKitScenes/3dod/Training/42446025/42446025_frames/lowres_depth/42446025_134695.922.png,rule,"{""a_concept"": ""cabinet"", ""b_concept"": ""table"", ""a_centroid_x"": 23.096094992645643, ""b_centroid_x"": 126.7577998535301, ""horizontal_gap_px"": 103.66170486088446, ""image_width"": 256}"
42446025/134695.922,42446025,lidar,unknown,train,left_right,,3,Is the sofa on the left side or the right side of the table?,,left,choice,left|right,ARKitScenes/3dod/Training/42446025/42446025_frames/lowres_wide/42446025_134695.922.png,ARKitScenes/3dod/Training/42446025/42446025_frames/lowres_depth/42446025_134695.922.png,rule,"{""a_concept"": ""sofa"", ""b_concept"": ""table"", ""a_centroid_x"": 51.12466666583206, ""b_centroid_x"": 126.7577998535301, ""horizontal_gap_px"": 75.63313318769804, ""image_width"": 256}"
42446050/79846.187,42446050,lidar,unknown,train,left_right,,2,"Looking at the cabinet, is the bed positioned on its left or right?",,left,choice,left|right,ARKitScenes/3dod/Training/42446050/42446050_frames/lowres_wide/42446050_79846.187.png,ARKitScenes/3dod/Training/42446050/42446050_frames/lowres_depth/42446050_79846.187.png,rule,"{""a_concept"": ""bed"", ""b_concept"": ""cabinet"", ""a_centroid_x"": 43.727856269124814, ""b_centroid_x"": 193.50448986137536, ""horizontal_gap_px"": 149.77663359225056, ""image_width"": 256}"
42446103/78068.983,42446103,lidar,unknown,test,left_right,,0,Is the cabinet to the left or to the right of the chair?,,right,choice,left|right,ARKitScenes/3dod/Validation/42446103/42446103_frames/lowres_wide/42446103_78068.983.png,ARKitScenes/3dod/Validation/42446103/42446103_frames/lowres_depth/42446103_78068.983.png,rule,"{""a_concept"": ""cabinet"", ""b_concept"": ""chair"", ""a_centroid_x"": 226.77596895093265, ""b_centroid_x"": 179.7494510910496, ""horizontal_gap_px"": 47.02651785988306, ""image_width"": 256}"
42446576/205904.260,42446576,lidar,unknown,train,left_right,,1,"Relative to the table, is the sofa on the left or the right?",,right,choice,left|right,ARKitScenes/3dod/Training/42446576/42446576_frames/lowres_wide/42446576_205904.260.png,ARKitScenes/3dod/Training/42446576/42446576_frames/lowres_depth/42446576_205904.260.png,rule,"{""a_concept"": ""sofa"", ""b_concept"": ""table"", ""a_centroid_x"": 180.35918459606245, ""b_centroid_x"": 66.33658741672104, ""horizontal_gap_px"": 114.0225971793414, ""image_width"": 256}"
42446576/205920.270,42446576,lidar,unknown,train,left_right,,0,Is the sofa to the left or to the right of the table?,,right,choice,left|right,ARKitScenes/3dod/Training/42446576/42446576_frames/lowres_wide/42446576_205920.270.png,ARKitScenes/3dod/Training/42446576/42446576_frames/lowres_depth/42446576_205920.270.png,rule,"{""a_concept"": ""sofa"", ""b_concept"": ""table"", ""a_centroid_x"": 210.69836522087834, ""b_centroid_x"": 100.84618523205057, ""horizontal_gap_px"": 109.85217998882777, ""image_width"": 256}"
42897521/273977.004,42897521,lidar,unknown,test,left_right,,0,Is the washer to the left or to the right of the cabinet?,,left,choice,left|right,ARKitScenes/3dod/Validation/42897521/42897521_frames/lowres_wide/42897521_273977.004.png,ARKitScenes/3dod/Validation/42897521/42897521_frames/lowres_depth/42897521_273977.004.png,rule,"{""a_concept"": ""washer"", ""b_concept"": ""cabinet"", ""a_centroid_x"": 137.02192369094496, ""b_centroid_x"": 171.7143076668982, ""horizontal_gap_px"": 34.69238397595325, ""image_width"": 256}"
42897550/276541.271,42897550,lidar,unknown,test,left_right,,0,Is the sink to the left or to the right of the cabinet?,,left,choice,left|right,ARKitScenes/3dod/Validation/42897550/42897550_frames/lowres_wide/42897550_276541.271.png,ARKitScenes/3dod/Validation/42897550/42897550_frames/lowres_depth/42897550_276541.271.png,rule,"{""a_concept"": ""sink"", ""b_concept"": ""cabinet"", ""a_centroid_x"": 99.80731576212034, ""b_centroid_x"": 239.8083338825929, ""horizontal_gap_px"": 140.00101812047257, ""image_width"": 256}"
42897780/129143.539,42897780,lidar,unknown,train,left_right,,0,Is the bed to the left or to the right of the stool?,,left,choice,left|right,ARKitScenes/3dod/Training/42897780/42897780_frames/lowres_wide/42897780_129143.539.png,ARKitScenes/3dod/Training/42897780/42897780_frames/lowres_depth/42897780_129143.539.png,rule,"{""a_concept"": ""bed"", ""b_concept"": ""stool"", ""a_centroid_x"": 67.8525999104648, ""b_centroid_x"": 208.26202982983963, ""horizontal_gap_px"": 140.40942991937482, ""image_width"": 256}"
42897947/533448.647,42897947,lidar,unknown,train,left_right,,1,"Relative to the table, is the sink on the left or the right?",,right,choice,left|right,ARKitScenes/3dod/Training/42897947/42897947_frames/lowres_wide/42897947_533448.647.png,ARKitScenes/3dod/Training/42897947/42897947_frames/lowres_depth/42897947_533448.647.png,rule,"{""a_concept"": ""sink"", ""b_concept"": ""table"", ""a_centroid_x"": 196.53163300638118, ""b_centroid_x"": 84.71282691223487, ""horizontal_gap_px"": 111.81880609414631, ""image_width"": 256}"
42897994/219087.578,42897994,lidar,unknown,train,left_right,,1,"Relative to the cabinet, is the bed on the left or the right?",,left,choice,left|right,ARKitScenes/3dod/Training/42897994/42897994_frames/lowres_wide/42897994_219087.578.png,ARKitScenes/3dod/Training/42897994/42897994_frames/lowres_depth/42897994_219087.578.png,rule,"{""a_concept"": ""bed"", ""b_concept"": ""cabinet"", ""a_centroid_x"": 10.29925226322175, ""b_centroid_x"": 52.643264131945436, ""horizontal_gap_px"": 42.34401186872368, ""image_width"": 256}"
42898089/129521.399,42898089,lidar,unknown,train,left_right,,0,Is the bed to the left or to the right of the stool?,,left,choice,left|right,ARKitScenes/3dod/Training/42898089/42898089_frames/lowres_wide/42898089_129521.399.png,ARKitScenes/3dod/Training/42898089/42898089_frames/lowres_depth/42898089_129521.399.png,rule,"{""a_concept"": ""bed"", ""b_concept"": ""stool"", ""a_centroid_x"": 155.86394329833664, ""b_centroid_x"": 199.0796184344398, ""horizontal_gap_px"": 43.21567513610316, ""image_width"": 256}"
42898405/369775.283,42898405,lidar,unknown,train,left_right,,0,Is the cabinet to the left or to the right of the toilet?,,right,choice,left|right,ARKitScenes/3dod/Training/42898405/42898405_frames/lowres_wide/42898405_369775.283.png,ARKitScenes/3dod/Training/42898405/42898405_frames/lowres_depth/42898405_369775.283.png,rule,"{""a_concept"": ""cabinet"", ""b_concept"": ""toilet"", ""a_centroid_x"": 88.52404461013381, ""b_centroid_x"": 33.381898851894405, ""horizontal_gap_px"": 55.14214575823941, ""image_width"": 256}"
42898405/369775.283,42898405,lidar,unknown,train,left_right,,0,Is the sink to the left or to the right of the toilet?,,right,choice,left|right,ARKitScenes/3dod/Training/42898405/42898405_frames/lowres_wide/42898405_369775.283.png,ARKitScenes/3dod/Training/42898405/42898405_frames/lowres_depth/42898405_369775.283.png,rule,"{""a_concept"": ""sink"", ""b_concept"": ""toilet"", ""a_centroid_x"": 74.85443343256534, ""b_centroid_x"": 33.381898851894405, ""horizontal_gap_px"": 41.47253458067094, ""image_width"": 256}"
42898405/369786.795,42898405,lidar,unknown,train,left_right,,0,Is the cabinet to the left or to the right of the sink?,,right,choice,left|right,ARKitScenes/3dod/Training/42898405/42898405_frames/lowres_wide/42898405_369786.795.png,ARKitScenes/3dod/Training/42898405/42898405_frames/lowres_depth/42898405_369786.795.png,rule,"{""a_concept"": ""cabinet"", ""b_concept"": ""sink"", ""a_centroid_x"": 127.2535974724119, ""b_centroid_x"": 81.83069281247444, ""horizontal_gap_px"": 45.42290465993746, ""image_width"": 256}"
42898405/369786.795,42898405,lidar,unknown,train,left_right,,0,Is the sink to the left or to the right of the toilet?,,left,choice,left|right,ARKitScenes/3dod/Training/42898405/42898405_frames/lowres_wide/42898405_369786.795.png,ARKitScenes/3dod/Training/42898405/42898405_frames/lowres_depth/42898405_369786.795.png,rule,"{""a_concept"": ""sink"", ""b_concept"": ""toilet"", ""a_centroid_x"": 81.83069281247444, ""b_centroid_x"": 126.04395711678399, ""horizontal_gap_px"": 44.21326430430955, ""image_width"": 256}"
42898438/2173.654,42898438,lidar,unknown,val,left_right,,3,Is the oven on the left side or the right side of the stove?,,right,choice,left|right,ARKitScenes/3dod/Training/42898438/42898438_frames/lowres_wide/42898438_2173.654.png,ARKitScenes/3dod/Training/42898438/42898438_frames/lowres_depth/42898438_2173.654.png,rule,"{""a_concept"": ""oven"", ""b_concept"": ""stove"", ""a_centroid_x"": 60.87952681019212, ""b_centroid_x"": 30.688284457127537, ""horizontal_gap_px"": 30.19124235306458, ""image_width"": 256}"
42898653/573072.141,42898653,lidar,unknown,train,left_right,,2,"Looking at the table, is the sofa positioned on its left or right?",,left,choice,left|right,ARKitScenes/3dod/Training/42898653/42898653_frames/lowres_wide/42898653_573072.141.png,ARKitScenes/3dod/Training/42898653/42898653_frames/lowres_depth/42898653_573072.141.png,rule,"{""a_concept"": ""sofa"", ""b_concept"": ""table"", ""a_centroid_x"": 21.682014047133457, ""b_centroid_x"": 59.61818481164569, ""horizontal_gap_px"": 37.936170764512234, ""image_width"": 256}"
42898653/573164.836,42898653,lidar,unknown,train,left_right,,1,"Relative to the cabinet, is the table on the left or the right?",,left,choice,left|right,ARKitScenes/3dod/Training/42898653/42898653_frames/lowres_wide/42898653_573164.836.png,ARKitScenes/3dod/Training/42898653/42898653_frames/lowres_depth/42898653_573164.836.png,rule,"{""a_concept"": ""table"", ""b_concept"": ""cabinet"", ""a_centroid_x"": 4.786196905108615, ""b_centroid_x"": 72.18594918972084, ""horizontal_gap_px"": 67.39975228461223, ""image_width"": 256}"
42898653/573164.836,42898653,lidar,unknown,train,left_right,,5,"From the television, which direction is the table in, left or right?",,left,choice,left|right,ARKitScenes/3dod/Training/42898653/42898653_frames/lowres_wide/42898653_573164.836.png,ARKitScenes/3dod/Training/42898653/42898653_frames/lowres_depth/42898653_573164.836.png,rule,"{""a_concept"": ""table"", ""b_concept"": ""television"", ""a_centroid_x"": 4.786196905108615, ""b_centroid_x"": 96.64701037420528, ""horizontal_gap_px"": 91.86081346909667, ""image_width"": 256}"
42898653/573164.836,42898653,lidar,unknown,train,left_right,,5,"From the sofa, which direction is the table in, left or right?",,left,choice,left|right,ARKitScenes/3dod/Training/42898653/42898653_frames/lowres_wide/42898653_573164.836.png,ARKitScenes/3dod/Training/42898653/42898653_frames/lowres_depth/42898653_573164.836.png,rule,"{""a_concept"": ""table"", ""b_concept"": ""sofa"", ""a_centroid_x"": 4.786196905108615, ""b_centroid_x"": 167.33460175100888, ""horizontal_gap_px"": 162.54840484590025, ""image_width"": 256}"
42898653/573164.836,42898653,lidar,unknown,train,left_right,,2,"Looking at the sofa, is the cabinet positioned on its left or right?",,left,choice,left|right,ARKitScenes/3dod/Training/42898653/42898653_frames/lowres_wide/42898653_573164.836.png,ARKitScenes/3dod/Training/42898653/42898653_frames/lowres_depth/42898653_573164.836.png,rule,"{""a_concept"": ""cabinet"", ""b_concept"": ""sofa"", ""a_centroid_x"": 72.18594918972084, ""b_centroid_x"": 167.33460175100888, ""horizontal_gap_px"": 95.14865256128803, ""image_width"": 256}"
42898653/573164.836,42898653,lidar,unknown,train,left_right,,5,"From the sofa, which direction is the television in, left or right?",,left,choice,left|right,ARKitScenes/3dod/Training/42898653/42898653_frames/lowres_wide/42898653_573164.836.png,ARKitScenes/3dod/Training/42898653/42898653_frames/lowres_depth/42898653_573164.836.png,rule,"{""a_concept"": ""television"", ""b_concept"": ""sofa"", ""a_centroid_x"": 96.64701037420528, ""b_centroid_x"": 167.33460175100888, ""horizontal_gap_px"": 70.6875913768036, ""image_width"": 256}"
42898653/573226.627,42898653,lidar,unknown,train,left_right,,5,"From the cabinet, which direction is the sofa in, left or right?",,right,choice,left|right,ARKitScenes/3dod/Training/42898653/42898653_frames/lowres_wide/42898653_573226.627.png,ARKitScenes/3dod/Training/42898653/42898653_frames/lowres_depth/42898653_573226.627.png,rule,"{""a_concept"": ""sofa"", ""b_concept"": ""cabinet"", ""a_centroid_x"": 219.03986006766883, ""b_centroid_x"": 187.8371394089043, ""horizontal_gap_px"": 31.20272065876452, ""image_width"": 256}"
42898655/572864.461,42898655,lidar,unknown,train,left_right,,2,"Looking at the sofa, is the table positioned on its left or right?",,left,choice,left|right,ARKitScenes/3dod/Training/42898655/42898655_frames/lowres_wide/42898655_572864.461.png,ARKitScenes/3dod/Training/42898655/42898655_frames/lowres_depth/42898655_572864.461.png,rule,"{""a_concept"": ""table"", ""b_concept"": ""sofa"", ""a_centroid_x"": 79.75833905450094, ""b_centroid_x"": 211.8239054141542, ""horizontal_gap_px"": 132.06556635965327, ""image_width"": 256}"
42898655/572864.461,42898655,lidar,unknown,train,left_right,,4,"Which side of the cabinet is the table on, left or right?",,left,choice,left|right,ARKitScenes/3dod/Training/42898655/42898655_frames/lowres_wide/42898655_572864.461.png,ARKitScenes/3dod/Training/42898655/42898655_frames/lowres_depth/42898655_572864.461.png,rule,"{""a_concept"": ""table"", ""b_concept"": ""cabinet"", ""a_centroid_x"": 79.75833905450094, ""b_centroid_x"": 206.28248453168305, ""horizontal_gap_px"": 126.52414547718212, ""image_width"": 256}"
42898655/572864.461,42898655,lidar,unknown,train,left_right,,0,Is the table to the left or to the right of the television?,,left,choice,left|right,ARKitScenes/3dod/Training/42898655/42898655_frames/lowres_wide/42898655_572864.461.png,ARKitScenes/3dod/Training/42898655/42898655_frames/lowres_depth/42898655_572864.461.png,rule,"{""a_concept"": ""table"", ""b_concept"": ""television"", ""a_centroid_x"": 79.75833905450094, ""b_centroid_x"": 242.62968057257905, ""horizontal_gap_px"": 162.8713415180781, ""image_width"": 256}"
42898655/572864.461,42898655,lidar,unknown,train,left_right,,1,"Relative to the television, is the sofa on the left or the right?",,left,choice,left|right,ARKitScenes/3dod/Training/42898655/42898655_frames/lowres_wide/42898655_572864.461.png,ARKitScenes/3dod/Training/42898655/42898655_frames/lowres_depth/42898655_572864.461.png,rule,"{""a_concept"": ""sofa"", ""b_concept"": ""television"", ""a_centroid_x"": 211.8239054141542, ""b_centroid_x"": 242.62968057257905, ""horizontal_gap_px"": 30.805775158424836, ""image_width"": 256}"
42898655/572864.461,42898655,lidar,unknown,train,left_right,,4,"Which side of the television is the cabinet on, left or right?",,left,choice,left|right,ARKitScenes/3dod/Training/42898655/42898655_frames/lowres_wide/42898655_572864.461.png,ARKitScenes/3dod/Training/42898655/42898655_frames/lowres_depth/42898655_572864.461.png,rule,"{""a_concept"": ""cabinet"", ""b_concept"": ""television"", ""a_centroid_x"": 206.28248453168305, ""b_centroid_x"": 242.62968057257905, ""horizontal_gap_px"": 36.347196040895994, ""image_width"": 256}"
42898671/574189.698,42898671,lidar,unknown,train,left_right,,1,"Relative to the cabinet, is the bed on the left or the right?",,left,choice,left|right,ARKitScenes/3dod/Training/42898671/42898671_frames/lowres_wide/42898671_574189.698.png,ARKitScenes/3dod/Training/42898671/42898671_frames/lowres_depth/42898671_574189.698.png,rule,"{""a_concept"": ""bed"", ""b_concept"": ""cabinet"", ""a_centroid_x"": 149.7667465746137, ""b_centroid_x"": 203.31518520877006, ""horizontal_gap_px"": 53.548438634156355, ""image_width"": 256}"
42898671/574236.379,42898671,lidar,unknown,train,left_right,,0,Is the bed to the left or to the right of the cabinet?,,left,choice,left|right,ARKitScenes/3dod/Training/42898671/42898671_frames/lowres_wide/42898671_574236.379.png,ARKitScenes/3dod/Training/42898671/42898671_frames/lowres_depth/42898671_574236.379.png,rule,"{""a_concept"": ""bed"", ""b_concept"": ""cabinet"", ""a_centroid_x"": 163.6521342220489, ""b_centroid_x"": 236.96518437870574, ""horizontal_gap_px"": 73.31305015665686, ""image_width"": 256}"
42898728/583470.086,42898728,lidar,unknown,train,left_right,,2,"Looking at the sink, is the bathtub positioned on its left or right?",,left,choice,left|right,ARKitScenes/3dod/Training/42898728/42898728_frames/lowres_wide/42898728_583470.086.png,ARKitScenes/3dod/Training/42898728/42898728_frames/lowres_depth/42898728_583470.086.png,rule,"{""a_concept"": ""bathtub"", ""b_concept"": ""sink"", ""a_centroid_x"": 183.63592454212085, ""b_centroid_x"": 243.2435969449364, ""horizontal_gap_px"": 59.60767240281555, ""image_width"": 256}"
42898803/69016.605,42898803,lidar,unknown,train,left_right,,2,"Looking at the television, is the cabinet positioned on its left or right?",,right,choice,left|right,ARKitScenes/3dod/Training/42898803/42898803_frames/lowres_wide/42898803_69016.605.png,ARKitScenes/3dod/Training/42898803/42898803_frames/lowres_depth/42898803_69016.605.png,rule,"{""a_concept"": ""cabinet"", ""b_concept"": ""television"", ""a_centroid_x"": 122.55754983065184, ""b_centroid_x"": 34.473552858568134, ""horizontal_gap_px"": 88.0839969720837, ""image_width"": 256}"
42899065/648858.051,42899065,lidar,unknown,train,left_right,,3,Is the bathtub on the left side or the right side of the sink?,,left,choice,left|right,ARKitScenes/3dod/Training/42899065/42899065_frames/lowres_wide/42899065_648858.051.png,ARKitScenes/3dod/Training/42899065/42899065_frames/lowres_depth/42899065_648858.051.png,rule,"{""a_concept"": ""bathtub"", ""b_concept"": ""sink"", ""a_centroid_x"": 50.26250573657039, ""b_centroid_x"": 145.57993045224822, ""horizontal_gap_px"": 95.31742471567783, ""image_width"": 256}"
42899065/648858.051,42899065,lidar,unknown,train,left_right,,0,Is the bathtub to the left or to the right of the cabinet?,,left,choice,left|right,ARKitScenes/3dod/Training/42899065/42899065_frames/lowres_wide/42899065_648858.051.png,ARKitScenes/3dod/Training/42899065/42899065_frames/lowres_depth/42899065_648858.051.png,rule,"{""a_concept"": ""bathtub"", ""b_concept"": ""cabinet"", ""a_centroid_x"": 50.26250573657039, ""b_centroid_x"": 139.46654330870984, ""horizontal_gap_px"": 89.20403757213946, ""image_width"": 256}"
42899065/648869.646,42899065,lidar,unknown,train,left_right,,2,"Looking at the sink, is the bathtub positioned on its left or right?",,right,choice,left|right,ARKitScenes/3dod/Training/42899065/42899065_frames/lowres_wide/42899065_648869.646.png,ARKitScenes/3dod/Training/42899065/42899065_frames/lowres_depth/42899065_648869.646.png,rule,"{""a_concept"": ""bathtub"", ""b_concept"": ""sink"", ""a_centroid_x"": 94.84106115952643, ""b_centroid_x"": 21.219027019480976, ""horizontal_gap_px"": 73.62203414004546, ""image_width"": 256}"
42899065/648869.646,42899065,lidar,unknown,train,left_right,,4,"Which side of the cabinet is the bathtub on, left or right?",,right,choice,left|right,ARKitScenes/3dod/Training/42899065/42899065_frames/lowres_wide/42899065_648869.646.png,ARKitScenes/3dod/Training/42899065/42899065_frames/lowres_depth/42899065_648869.646.png,rule,"{""a_concept"": ""bathtub"", ""b_concept"": ""cabinet"", ""a_centroid_x"": 94.84106115952643, ""b_centroid_x"": 64.08253444057922, ""horizontal_gap_px"": 30.75852671894721, ""image_width"": 256}"
42899065/648875.443,42899065,lidar,unknown,train,left_right,,2,"Looking at the sink, is the bathtub positioned on its left or right?",,right,choice,left|right,ARKitScenes/3dod/Training/42899065/42899065_frames/lowres_wide/42899065_648875.443.png,ARKitScenes/3dod/Training/42899065/42899065_frames/lowres_depth/42899065_648875.443.png,rule,"{""a_concept"": ""bathtub"", ""b_concept"": ""sink"", ""a_centroid_x"": 152.83213883810654, ""b_centroid_x"": 27.04169092628949, ""horizontal_gap_px"": 125.79044791181705, ""image_width"": 256}"
42899065/648875.443,42899065,lidar,unknown,train,left_right,,5,"From the cabinet, which direction is the bathtub in, left or right?",,right,choice,left|right,ARKitScenes/3dod/Training/42899065/42899065_frames/lowres_wide/42899065_648875.443.png,ARKitScenes/3dod/Training/42899065/42899065_frames/lowres_depth/42899065_648875.443.png,rule,"{""a_concept"": ""bathtub"", ""b_concept"": ""cabinet"", ""a_centroid_x"": 152.83213883810654, ""b_centroid_x"": 57.09891148833592, ""horizontal_gap_px"": 95.73322734977063, ""image_width"": 256}"
42899725/799579.269,42899725,lidar,unknown,test,left_right,,4,"Which side of the toilet is the bathtub on, left or right?",,right,choice,left|right,ARKitScenes/3dod/Validation/42899725/42899725_frames/lowres_wide/42899725_799579.269.png,ARKitScenes/3dod/Validation/42899725/42899725_frames/lowres_depth/42899725_799579.269.png,rule,"{""a_concept"": ""bathtub"", ""b_concept"": ""toilet"", ""a_centroid_x"": 184.3414406831744, ""b_centroid_x"": 59.16413982248091, ""horizontal_gap_px"": 125.17730086069349, ""image_width"": 256}"
42899725/799598.244,42899725,lidar,unknown,test,left_right,,4,"Which side of the toilet is the bathtub on, left or right?",,right,choice,left|right,ARKitScenes/3dod/Validation/42899725/42899725_frames/lowres_wide/42899725_799598.244.png,ARKitScenes/3dod/Validation/42899725/42899725_frames/lowres_depth/42899725_799598.244.png,rule,"{""a_concept"": ""bathtub"", ""b_concept"": ""toilet"", ""a_centroid_x"": 90.43620256296876, ""b_centroid_x"": 46.673754350613656, ""horizontal_gap_px"": 43.7624482123551, ""image_width"": 256}"
42899970/654.785,42899970,lidar,unknown,train,left_right,,5,"From the television, which direction is the shelf in, left or right?",,right,choice,left|right,ARKitScenes/3dod/Training/42899970/42899970_frames/lowres_wide/42899970_654.785.png,ARKitScenes/3dod/Training/42899970/42899970_frames/lowres_depth/42899970_654.785.png,rule,"{""a_concept"": ""shelf"", ""b_concept"": ""television"", ""a_centroid_x"": 232.04197664885282, ""b_centroid_x"": 172.3986832321073, ""horizontal_gap_px"": 59.643293416745536, ""image_width"": 256}"
42899970/654.785,42899970,lidar,unknown,train,left_right,,4,"Which side of the television is the table on, left or right?",,right,choice,left|right,ARKitScenes/3dod/Training/42899970/42899970_frames/lowres_wide/42899970_654.785.png,ARKitScenes/3dod/Training/42899970/42899970_frames/lowres_depth/42899970_654.785.png,rule,"{""a_concept"": ""table"", ""b_concept"": ""television"", ""a_centroid_x"": 236.36959992202904, ""b_centroid_x"": 172.3986832321073, ""horizontal_gap_px"": 63.97091668992175, ""image_width"": 256}"
43649451/12739.355,43649451,lidar,unknown,train,left_right,,3,Is the cabinet on the left side or the right side of the refrigerator?,,left,choice,left|right,ARKitScenes/3dod/Training/43649451/43649451_frames/lowres_wide/43649451_12739.355.png,ARKitScenes/3dod/Training/43649451/43649451_frames/lowres_depth/43649451_12739.355.png,rule,"{""a_concept"": ""cabinet"", ""b_concept"": ""refrigerator"", ""a_centroid_x"": 28.92339110352253, ""b_centroid_x"": 174.50608479542007, ""horizontal_gap_px"": 145.58269369189753, ""image_width"": 256}"
43649451/12739.355,43649451,lidar,unknown,train,left_right,,4,"Which side of the chair is the cabinet on, left or right?",,left,choice,left|right,ARKitScenes/3dod/Training/43649451/43649451_frames/lowres_wide/43649451_12739.355.png,ARKitScenes/3dod/Training/43649451/43649451_frames/lowres_depth/43649451_12739.355.png,rule,"{""a_concept"": ""cabinet"", ""b_concept"": ""chair"", ""a_centroid_x"": 28.92339110352253, ""b_centroid_x"": 111.34782785674632, ""horizontal_gap_px"": 82.42443675322379, ""image_width"": 256}"
43649451/12739.355,43649451,lidar,unknown,train,left_right,,0,Is the fireplace to the left or to the right of the refrigerator?,,left,choice,left|right,ARKitScenes/3dod/Training/43649451/43649451_frames/lowres_wide/43649451_12739.355.png,ARKitScenes/3dod/Training/43649451/43649451_frames/lowres_depth/43649451_12739.355.png,rule,"{""a_concept"": ""fireplace"", ""b_concept"": ""refrigerator"", ""a_centroid_x"": 71.3058400477905, ""b_centroid_x"": 174.50608479542007, ""horizontal_gap_px"": 103.20024474762957, ""image_width"": 256}"
43649451/12739.355,43649451,lidar,unknown,train,left_right,,1,"Relative to the sofa, is the fireplace on the left or the right?",,right,choice,left|right,ARKitScenes/3dod/Training/43649451/43649451_frames/lowres_wide/43649451_12739.355.png,ARKitScenes/3dod/Training/43649451/43649451_frames/lowres_depth/43649451_12739.355.png,rule,"{""a_concept"": ""fireplace"", ""b_concept"": ""sofa"", ""a_centroid_x"": 71.3058400477905, ""b_centroid_x"": 26.32321442625173, ""horizontal_gap_px"": 44.982625621538766, ""image_width"": 256}"
43649451/12739.355,43649451,lidar,unknown,train,left_right,,3,Is the refrigerator on the left side or the right side of the sofa?,,right,choice,left|right,ARKitScenes/3dod/Training/43649451/43649451_frames/lowres_wide/43649451_12739.355.png,ARKitScenes/3dod/Training/43649451/43649451_frames/lowres_depth/43649451_12739.355.png,rule,"{""a_concept"": ""refrigerator"", ""b_concept"": ""sofa"", ""a_centroid_x"": 174.50608479542007, ""b_centroid_x"": 26.32321442625173, ""horizontal_gap_px"": 148.18287036916834, ""image_width"": 256}"
43649451/12739.355,43649451,lidar,unknown,train,left_right,,3,Is the refrigerator on the left side or the right side of the chair?,,right,choice,left|right,ARKitScenes/3dod/Training/43649451/43649451_frames/lowres_wide/43649451_12739.355.png,ARKitScenes/3dod/Training/43649451/43649451_frames/lowres_depth/43649451_12739.355.png,rule,"{""a_concept"": ""refrigerator"", ""b_concept"": ""chair"", ""a_centroid_x"": 174.50608479542007, ""b_centroid_x"": 111.34782785674632, ""horizontal_gap_px"": 63.158256938673745, ""image_width"": 256}"
43649451/12739.355,43649451,lidar,unknown,train,left_right,,0,Is the sofa to the left or to the right of the chair?,,left,choice,left|right,ARKitScenes/3dod/Training/43649451/43649451_frames/lowres_wide/43649451_12739.355.png,ARKitScenes/3dod/Training/43649451/43649451_frames/lowres_depth/43649451_12739.355.png,rule,"{""a_concept"": ""sofa"", ""b_concept"": ""chair"", ""a_centroid_x"": 26.32321442625173, ""b_centroid_x"": 111.34782785674632, ""horizontal_gap_px"": 85.02461343049458, ""image_width"": 256}"
43649586/35275.849,43649586,lidar,unknown,train,left_right,,3,Is the oven on the left side or the right side of the shelf?,,right,choice,left|right,ARKitScenes/3dod/Training/43649586/43649586_frames/lowres_wide/43649586_35275.849.png,ARKitScenes/3dod/Training/43649586/43649586_frames/lowres_depth/43649586_35275.849.png,rule,"{""a_concept"": ""oven"", ""b_concept"": ""shelf"", ""a_centroid_x"": 249.23521575325196, ""b_centroid_x"": 7.50307548226078, ""horizontal_gap_px"": 241.73214027099118, ""image_width"": 256}"
43649586/35282.146,43649586,lidar,unknown,train,left_right,,3,Is the cabinet on the left side or the right side of the shelf?,,right,choice,left|right,ARKitScenes/3dod/Training/43649586/43649586_frames/lowres_wide/43649586_35282.146.png,ARKitScenes/3dod/Training/43649586/43649586_frames/lowres_depth/43649586_35282.146.png,rule,"{""a_concept"": ""cabinet"", ""b_concept"": ""shelf"", ""a_centroid_x"": 156.8931099960256, ""b_centroid_x"": 33.24929175950781, ""horizontal_gap_px"": 123.64381823651779, ""image_width"": 256}"
43649609/36545.253,43649609,lidar,unknown,train,left_right,,3,Is the cabinet on the left side or the right side of the chair?,,left,choice,left|right,ARKitScenes/3dod/Training/43649609/43649609_frames/lowres_wide/43649609_36545.253.png,ARKitScenes/3dod/Training/43649609/43649609_frames/lowres_depth/43649609_36545.253.png,rule,"{""a_concept"": ""cabinet"", ""b_concept"": ""chair"", ""a_centroid_x"": 73.66406282718586, ""b_centroid_x"": 175.35169372155195, ""horizontal_gap_px"": 101.6876308943661, ""image_width"": 256}"
43828368/92165.544,43828368,lidar,unknown,train,left_right,,1,"Relative to the table, is the sink on the left or the right?",,left,choice,left|right,ARKitScenes/3dod/Training/43828368/43828368_frames/lowres_wide/43828368_92165.544.png,ARKitScenes/3dod/Training/43828368/43828368_frames/lowres_depth/43828368_92165.544.png,rule,"{""a_concept"": ""sink"", ""b_concept"": ""table"", ""a_centroid_x"": 43.915412777600274, ""b_centroid_x"": 158.01003648112146, ""horizontal_gap_px"": 114.0946237035212, ""image_width"": 256}"
43828368/92165.544,43828368,lidar,unknown,train,left_right,,0,Is the sink to the left or to the right of the chair?,,left,choice,left|right,ARKitScenes/3dod/Training/43828368/43828368_frames/lowres_wide/43828368_92165.544.png,ARKitScenes/3dod/Training/43828368/43828368_frames/lowres_depth/43828368_92165.544.png,rule,"{""a_concept"": ""sink"", ""b_concept"": ""chair"", ""a_centroid_x"": 43.915412777600274, ""b_centroid_x"": 167.33599908150904, ""horizontal_gap_px"": 123.42058630390878, ""image_width"": 256}"
43896358/18604.020,43896358,lidar,unknown,train,left_right,,4,"Which side of the television is the sofa on, left or right?",,right,choice,left|right,ARKitScenes/3dod/Training/43896358/43896358_frames/lowres_wide/43896358_18604.020.png,ARKitScenes/3dod/Training/43896358/43896358_frames/lowres_depth/43896358_18604.020.png,rule,"{""a_concept"": ""sofa"", ""b_concept"": ""television"", ""a_centroid_x"": 189.1377605860818, ""b_centroid_x"": 6.263152122890676, ""horizontal_gap_px"": 182.87460846319112, ""image_width"": 256}"
43896358/18604.020,43896358,lidar,unknown,train,left_right,,3,Is the sofa on the left side or the right side of the fireplace?,,right,choice,left|right,ARKitScenes/3dod/Training/43896358/43896358_frames/lowres_wide/43896358_18604.020.png,ARKitScenes/3dod/Training/43896358/43896358_frames/lowres_depth/43896358_18604.020.png,rule,"{""a_concept"": ""sofa"", ""b_concept"": ""fireplace"", ""a_centroid_x"": 189.1377605860818, ""b_centroid_x"": 96.79532211230075, ""horizontal_gap_px"": 92.34243847378106, ""image_width"": 256}"
43896358/18604.020,43896358,lidar,unknown,train,left_right,,4,"Which side of the fireplace is the television on, left or right?",,left,choice,left|right,ARKitScenes/3dod/Training/43896358/43896358_frames/lowres_wide/43896358_18604.020.png,ARKitScenes/3dod/Training/43896358/43896358_frames/lowres_depth/43896358_18604.020.png,rule,"{""a_concept"": ""television"", ""b_concept"": ""fireplace"", ""a_centroid_x"": 6.263152122890676, ""b_centroid_x"": 96.79532211230075, ""horizontal_gap_px"": 90.53216998941008, ""image_width"": 256}"
44358121/62467.507,44358121,lidar,unknown,train,left_right,,2,"Looking at the stool, is the cabinet positioned on its left or right?",,right,choice,left|right,ARKitScenes/3dod/Training/44358121/44358121_frames/lowres_wide/44358121_62467.507.png,ARKitScenes/3dod/Training/44358121/44358121_frames/lowres_depth/44358121_62467.507.png,rule,"{""a_concept"": ""cabinet"", ""b_concept"": ""stool"", ""a_centroid_x"": 206.93113390595394, ""b_centroid_x"": 111.38623933973257, ""horizontal_gap_px"": 95.54489456622137, ""image_width"": 256}"
44358306/17452.243,44358306,lidar,unknown,train,left_right,,4,"Which side of the television is the fireplace on, left or right?",,right,choice,left|right,ARKitScenes/3dod/Training/44358306/44358306_frames/lowres_wide/44358306_17452.243.png,ARKitScenes/3dod/Training/44358306/44358306_frames/lowres_depth/44358306_17452.243.png,rule,"{""a_concept"": ""fireplace"", ""b_concept"": ""television"", ""a_centroid_x"": 139.7371400629235, ""b_centroid_x"": 50.9885598005332, ""horizontal_gap_px"": 88.74858026239028, ""image_width"": 256}"
44358336/14287.724,44358336,lidar,unknown,train,left_right,,3,Is the chair on the left side or the right side of the table?,,left,choice,left|right,ARKitScenes/3dod/Training/44358336/44358336_frames/lowres_wide/44358336_14287.724.png,ARKitScenes/3dod/Training/44358336/44358336_frames/lowres_depth/44358336_14287.724.png,rule,"{""a_concept"": ""chair"", ""b_concept"": ""table"", ""a_centroid_x"": 130.26295609322045, ""b_centroid_x"": 226.76945157629459, ""horizontal_gap_px"": 96.50649548307413, ""image_width"": 256}"
44358442/42928.901,44358442,lidar,unknown,test,left_right,,2,"Looking at the chair, is the shelf positioned on its left or right?",,right,choice,left|right,ARKitScenes/3dod/Validation/44358442/44358442_frames/lowres_wide/44358442_42928.901.png,ARKitScenes/3dod/Validation/44358442/44358442_frames/lowres_depth/44358442_42928.901.png,rule,"{""a_concept"": ""shelf"", ""b_concept"": ""chair"", ""a_centroid_x"": 43.115900142148334, ""b_centroid_x"": 14.186848727163657, ""horizontal_gap_px"": 28.929051414984677, ""image_width"": 256}"
44358442/42935.198,44358442,lidar,unknown,test,left_right,,3,Is the shelf on the left side or the right side of the chair?,,right,choice,left|right,ARKitScenes/3dod/Validation/44358442/44358442_frames/lowres_wide/44358442_42935.198.png,ARKitScenes/3dod/Validation/44358442/44358442_frames/lowres_depth/44358442_42935.198.png,rule,"{""a_concept"": ""shelf"", ""b_concept"": ""chair"", ""a_centroid_x"": 35.41278595866597, ""b_centroid_x"": 5.843759643144494, ""horizontal_gap_px"": 29.569026315521477, ""image_width"": 256}"
44796745/28672.896,44796745,lidar,unknown,train,left_right,,1,"Relative to the table, is the stool on the left or the right?",,right,choice,left|right,ARKitScenes/3dod/Training/44796745/44796745_frames/lowres_wide/44796745_28672.896.png,ARKitScenes/3dod/Training/44796745/44796745_frames/lowres_depth/44796745_28672.896.png,rule,"{""a_concept"": ""stool"", ""b_concept"": ""table"", ""a_centroid_x"": 91.82399679239259, ""b_centroid_x"": 26.363118959470132, ""horizontal_gap_px"": 65.46087783292246, ""image_width"": 256}"
45260877/7356.378,45260877,lidar,unknown,train,left_right,,5,"From the shelf, which direction is the chair in, left or right?",,right,choice,left|right,ARKitScenes/3dod/Training/45260877/45260877_frames/lowres_wide/45260877_7356.378.png,ARKitScenes/3dod/Training/45260877/45260877_frames/lowres_depth/45260877_7356.378.png,rule,"{""a_concept"": ""chair"", ""b_concept"": ""shelf"", ""a_centroid_x"": 207.71935731043857, ""b_centroid_x"": 34.48604554432569, ""horizontal_gap_px"": 173.23331176611288, ""image_width"": 256}"
45261061/14537.530,45261061,lidar,unknown,train,left_right,,0,Is the sofa to the left or to the right of the table?,,left,choice,left|right,ARKitScenes/3dod/Training/45261061/45261061_frames/lowres_wide/45261061_14537.530.png,ARKitScenes/3dod/Training/45261061/45261061_frames/lowres_depth/45261061_14537.530.png,rule,"{""a_concept"": ""sofa"", ""b_concept"": ""table"", ""a_centroid_x"": 25.343365597481945, ""b_centroid_x"": 53.3815490478753, ""horizontal_gap_px"": 28.03818345039336, ""image_width"": 256}"
45261061/14537.530,45261061,lidar,unknown,train,left_right,,4,"Which side of the cabinet is the sofa on, left or right?",,left,choice,left|right,ARKitScenes/3dod/Training/45261061/45261061_frames/lowres_wide/45261061_14537.530.png,ARKitScenes/3dod/Training/45261061/45261061_frames/lowres_depth/45261061_14537.530.png,rule,"{""a_concept"": ""sofa"", ""b_concept"": ""cabinet"", ""a_centroid_x"": 25.343365597481945, ""b_centroid_x"": 89.59916440948727, ""horizontal_gap_px"": 64.25579881200532, ""image_width"": 256}"
45261061/14537.530,45261061,lidar,unknown,train,left_right,,5,"From the cabinet, which direction is the table in, left or right?",,left,choice,left|right,ARKitScenes/3dod/Training/45261061/45261061_frames/lowres_wide/45261061_14537.530.png,ARKitScenes/3dod/Training/45261061/45261061_frames/lowres_depth/45261061_14537.530.png,rule,"{""a_concept"": ""table"", ""b_concept"": ""cabinet"", ""a_centroid_x"": 53.3815490478753, ""b_centroid_x"": 89.59916440948727, ""horizontal_gap_px"": 36.21761536161197, ""image_width"": 256}"
45261061/14537.530,45261061,lidar,unknown,train,left_right,,3,Is the chair on the left side or the right side of the cabinet?,,left,choice,left|right,ARKitScenes/3dod/Training/45261061/45261061_frames/lowres_wide/45261061_14537.530.png,ARKitScenes/3dod/Training/45261061/45261061_frames/lowres_depth/45261061_14537.530.png,rule,"{""a_concept"": ""chair"", ""b_concept"": ""cabinet"", ""a_centroid_x"": 34.88020150700084, ""b_centroid_x"": 89.59916440948727, ""horizontal_gap_px"": 54.71896290248643, ""image_width"": 256}"
45261061/14560.021,45261061,lidar,unknown,train,left_right,,4,"Which side of the cabinet is the sofa on, left or right?",,left,choice,left|right,ARKitScenes/3dod/Training/45261061/45261061_frames/lowres_wide/45261061_14560.021.png,ARKitScenes/3dod/Training/45261061/45261061_frames/lowres_depth/45261061_14560.021.png,rule,"{""a_concept"": ""sofa"", ""b_concept"": ""cabinet"", ""a_centroid_x"": 31.931144425716205, ""b_centroid_x"": 70.41424223841511, ""horizontal_gap_px"": 38.48309781269891, ""image_width"": 256}"
45261061/14560.021,45261061,lidar,unknown,train,left_right,,0,Is the chair to the left or to the right of the cabinet?,,left,choice,left|right,ARKitScenes/3dod/Training/45261061/45261061_frames/lowres_wide/45261061_14560.021.png,ARKitScenes/3dod/Training/45261061/45261061_frames/lowres_depth/45261061_14560.021.png,rule,"{""a_concept"": ""chair"", ""b_concept"": ""cabinet"", ""a_centroid_x"": 16.149286480931465, ""b_centroid_x"": 70.41424223841511, ""horizontal_gap_px"": 54.26495575748365, ""image_width"": 256}"
45261066/14506.626,45261066,lidar,unknown,train,left_right,,5,"From the television, which direction is the sofa in, left or right?",,right,choice,left|right,ARKitScenes/3dod/Training/45261066/45261066_frames/lowres_wide/45261066_14506.626.png,ARKitScenes/3dod/Training/45261066/45261066_frames/lowres_depth/45261066_14506.626.png,rule,"{""a_concept"": ""sofa"", ""b_concept"": ""television"", ""a_centroid_x"": 211.17922152123543, ""b_centroid_x"": 181.38218240970988, ""horizontal_gap_px"": 29.79703911152555, ""image_width"": 256}"
45261066/14506.626,45261066,lidar,unknown,train,left_right,,1,"Relative to the television, is the cabinet on the left or the right?",,right,choice,left|right,ARKitScenes/3dod/Training/45261066/45261066_frames/lowres_wide/45261066_14506.626.png,ARKitScenes/3dod/Training/45261066/45261066_frames/lowres_depth/45261066_14506.626.png,rule,"{""a_concept"": ""cabinet"", ""b_concept"": ""television"", ""a_centroid_x"": 228.40465221204528, ""b_centroid_x"": 181.38218240970988, ""horizontal_gap_px"": 47.022469802335394, ""image_width"": 256}"
45261251/12603.314,45261251,lidar,unknown,train,left_right,,5,"From the cabinet, which direction is the table in, left or right?",,left,choice,left|right,ARKitScenes/3dod/Training/45261251/45261251_frames/lowres_wide/45261251_12603.314.png,ARKitScenes/3dod/Training/45261251/45261251_frames/lowres_depth/45261251_12603.314.png,rule,"{""a_concept"": ""table"", ""b_concept"": ""cabinet"", ""a_centroid_x"": 133.99459159387095, ""b_centroid_x"": 218.97359995398688, ""horizontal_gap_px"": 84.97900836011593, ""image_width"": 256}"
45261251/12603.314,45261251,lidar,unknown,train,left_right,,3,Is the chair on the left side or the right side of the cabinet?,,left,choice,left|right,ARKitScenes/3dod/Training/45261251/45261251_frames/lowres_wide/45261251_12603.314.png,ARKitScenes/3dod/Training/45261251/45261251_frames/lowres_depth/45261251_12603.314.png,rule,"{""a_concept"": ""chair"", ""b_concept"": ""cabinet"", ""a_centroid_x"": 139.48984194138475, ""b_centroid_x"": 218.97359995398688, ""horizontal_gap_px"": 79.48375801260212, ""image_width"": 256}"
45261556/75557.693,45261556,lidar,unknown,train,left_right,,2,"Looking at the table, is the cabinet positioned on its left or right?",,left,choice,left|right,ARKitScenes/3dod/Training/45261556/45261556_frames/lowres_wide/45261556_75557.693.png,ARKitScenes/3dod/Training/45261556/45261556_frames/lowres_depth/45261556_75557.693.png,rule,"{""a_concept"": ""cabinet"", ""b_concept"": ""table"", ""a_centroid_x"": 52.09551929295812, ""b_centroid_x"": 198.96832560351012, ""horizontal_gap_px"": 146.872806310552, ""image_width"": 256}"
45662851/12175.461,45662851,lidar,unknown,train,left_right,,2,"Looking at the table, is the cabinet positioned on its left or right?",,left,choice,left|right,ARKitScenes/3dod/Training/45662851/45662851_frames/lowres_wide/45662851_12175.461.png,ARKitScenes/3dod/Training/45662851/45662851_frames/lowres_depth/45662851_12175.461.png,rule,"{""a_concept"": ""cabinet"", ""b_concept"": ""table"", ""a_centroid_x"": 181.5271173426155, ""b_centroid_x"": 215.45642200007768, ""horizontal_gap_px"": 33.92930465746218, ""image_width"": 256}"
47115135/85847.161,47115135,lidar,unknown,train,left_right,,0,Is the toilet to the left or to the right of the sink?,,left,choice,left|right,ARKitScenes/3dod/Training/47115135/47115135_frames/lowres_wide/47115135_85847.161.png,ARKitScenes/3dod/Training/47115135/47115135_frames/lowres_depth/47115135_85847.161.png,rule,"{""a_concept"": ""toilet"", ""b_concept"": ""sink"", ""a_centroid_x"": 103.33085093446309, ""b_centroid_x"": 208.96718469532829, ""horizontal_gap_px"": 105.6363337608652, ""image_width"": 256}"
47115137/85880.347,47115137,lidar,unknown,train,left_right,,1,"Relative to the sink, is the toilet on the left or the right?",,left,choice,left|right,ARKitScenes/3dod/Training/47115137/47115137_frames/lowres_wide/47115137_85880.347.png,ARKitScenes/3dod/Training/47115137/47115137_frames/lowres_depth/47115137_85880.347.png,rule,"{""a_concept"": ""toilet"", ""b_concept"": ""sink"", ""a_centroid_x"": 47.54775414381861, ""b_centroid_x"": 231.20411030565913, ""horizontal_gap_px"": 183.6563561618405, ""image_width"": 256}"
47115350/4133.122,47115350,lidar,unknown,train,left_right,,5,"From the fireplace, which direction is the cabinet in, left or right?",,left,choice,left|right,ARKitScenes/3dod/Training/47115350/47115350_frames/lowres_wide/47115350_4133.122.png,ARKitScenes/3dod/Training/47115350/47115350_frames/lowres_depth/47115350_4133.122.png,rule,"{""a_concept"": ""cabinet"", ""b_concept"": ""fireplace"", ""a_centroid_x"": 89.37615245967469, ""b_centroid_x"": 218.305422937277, ""horizontal_gap_px"": 128.9292704776023, ""image_width"": 256}"
47115361/856.687,47115361,lidar,unknown,train,left_right,,4,"Which side of the chair is the sofa on, left or right?",,left,choice,left|right,ARKitScenes/3dod/Training/47115361/47115361_frames/lowres_wide/47115361_856.687.png,ARKitScenes/3dod/Training/47115361/47115361_frames/lowres_depth/47115361_856.687.png,rule,"{""a_concept"": ""sofa"", ""b_concept"": ""chair"", ""a_centroid_x"": 45.57971868012509, ""b_centroid_x"": 165.07119706961012, ""horizontal_gap_px"": 119.49147838948502, ""image_width"": 256}"
47204350/15532.551,47204350,lidar,unknown,train,left_right,,1,"Relative to the cabinet, is the table on the left or the right?",,left,choice,left|right,ARKitScenes/3dod/Training/47204350/47204350_frames/lowres_wide/47204350_15532.551.png,ARKitScenes/3dod/Training/47204350/47204350_frames/lowres_depth/47204350_15532.551.png,rule,"{""a_concept"": ""table"", ""b_concept"": ""cabinet"", ""a_centroid_x"": 28.653289927658083, ""b_centroid_x"": 83.1372316714106, ""horizontal_gap_px"": 54.483941743752524, ""image_width"": 256}"
47204350/15532.551,47204350,lidar,unknown,train,left_right,,3,Is the table on the left side or the right side of the stove?,,left,choice,left|right,ARKitScenes/3dod/Training/47204350/47204350_frames/lowres_wide/47204350_15532.551.png,ARKitScenes/3dod/Training/47204350/47204350_frames/lowres_depth/47204350_15532.551.png,rule,"{""a_concept"": ""table"", ""b_concept"": ""stove"", ""a_centroid_x"": 28.653289927658083, ""b_centroid_x"": 80.02444618730964, ""horizontal_gap_px"": 51.371156259651556, ""image_width"": 256}"
47204350/15540.847,47204350,lidar,unknown,train,left_right,,5,"From the sink, which direction is the sofa in, left or right?",,left,choice,left|right,ARKitScenes/3dod/Training/47204350/47204350_frames/lowres_wide/47204350_15540.847.png,ARKitScenes/3dod/Training/47204350/47204350_frames/lowres_depth/47204350_15540.847.png,rule,"{""a_concept"": ""sofa"", ""b_concept"": ""sink"", ""a_centroid_x"": 129.9099351339732, ""b_centroid_x"": 217.4391455314695, ""horizontal_gap_px"": 87.52921039749631, ""image_width"": 256}"
47204556/3301.099,47204556,lidar,unknown,test,left_right,,3,Is the sofa on the left side or the right side of the chair?,,left,choice,left|right,ARKitScenes/3dod/Validation/47204556/47204556_frames/lowres_wide/47204556_3301.099.png,ARKitScenes/3dod/Validation/47204556/47204556_frames/lowres_depth/47204556_3301.099.png,rule,"{""a_concept"": ""sofa"", ""b_concept"": ""chair"", ""a_centroid_x"": 18.20056459014918, ""b_centroid_x"": 84.94994199811667, ""horizontal_gap_px"": 66.74937740796749, ""image_width"": 256}"
47331028/474693.850,47331028,lidar,unknown,train,left_right,,0,Is the oven to the left or to the right of the dishwasher?,,right,choice,left|right,ARKitScenes/3dod/Training/47331028/47331028_frames/lowres_wide/47331028_474693.850.png,ARKitScenes/3dod/Training/47331028/47331028_frames/lowres_depth/47331028_474693.850.png,rule,"{""a_concept"": ""oven"", ""b_concept"": ""dishwasher"", ""a_centroid_x"": 99.07500224592356, ""b_centroid_x"": 32.56094259315593, ""horizontal_gap_px"": 66.51405965276763, ""image_width"": 256}"
47331028/474693.850,47331028,lidar,unknown,train,left_right,,3,Is the stove on the left side or the right side of the dishwasher?,,right,choice,left|right,ARKitScenes/3dod/Training/47331028/47331028_frames/lowres_wide/47331028_474693.850.png,ARKitScenes/3dod/Training/47331028/47331028_frames/lowres_depth/47331028_474693.850.png,rule,"{""a_concept"": ""stove"", ""b_concept"": ""dishwasher"", ""a_centroid_x"": 97.32913165658245, ""b_centroid_x"": 32.56094259315593, ""horizontal_gap_px"": 64.76818906342652, ""image_width"": 256}"
47331292/14616.459,47331292,lidar,unknown,train,left_right,,2,"Looking at the chair, is the bed positioned on its left or right?",,right,choice,left|right,ARKitScenes/3dod/Training/47331292/47331292_frames/lowres_wide/47331292_14616.459.png,ARKitScenes/3dod/Training/47331292/47331292_frames/lowres_depth/47331292_14616.459.png,rule,"{""a_concept"": ""bed"", ""b_concept"": ""chair"", ""a_centroid_x"": 203.72111188851497, ""b_centroid_x"": 31.454497983672365, ""horizontal_gap_px"": 172.26661390484261, ""image_width"": 256}"
47331527/191796.013,47331527,lidar,unknown,train,left_right,,0,Is the bathtub to the left or to the right of the cabinet?,,left,choice,left|right,ARKitScenes/3dod/Training/47331527/47331527_frames/lowres_wide/47331527_191796.013.png,ARKitScenes/3dod/Training/47331527/47331527_frames/lowres_depth/47331527_191796.013.png,rule,"{""a_concept"": ""bathtub"", ""b_concept"": ""cabinet"", ""a_centroid_x"": 119.73625763220903, ""b_centroid_x"": 249.7633041946949, ""horizontal_gap_px"": 130.02704656248588, ""image_width"": 256}"
47331527/191823.518,47331527,lidar,unknown,train,left_right,,0,Is the bathtub to the left or to the right of the cabinet?,,right,choice,left|right,ARKitScenes/3dod/Training/47331527/47331527_frames/lowres_wide/47331527_191823.518.png,ARKitScenes/3dod/Training/47331527/47331527_frames/lowres_depth/47331527_191823.518.png,rule,"{""a_concept"": ""bathtub"", ""b_concept"": ""cabinet"", ""a_centroid_x"": 241.9345126208283, ""b_centroid_x"": 173.71971139695353, ""horizontal_gap_px"": 68.21480122387476, ""image_width"": 256}"
47331527/191823.518,47331527,lidar,unknown,train,left_right,,3,Is the bathtub on the left side or the right side of the toilet?,,right,choice,left|right,ARKitScenes/3dod/Training/47331527/47331527_frames/lowres_wide/47331527_191823.518.png,ARKitScenes/3dod/Training/47331527/47331527_frames/lowres_depth/47331527_191823.518.png,rule,"{""a_concept"": ""bathtub"", ""b_concept"": ""toilet"", ""a_centroid_x"": 241.9345126208283, ""b_centroid_x"": 21.772535867898124, ""horizontal_gap_px"": 220.16197675293017, ""image_width"": 256}"
47331527/191823.518,47331527,lidar,unknown,train,left_right,,0,Is the cabinet to the left or to the right of the toilet?,,right,choice,left|right,ARKitScenes/3dod/Training/47331527/47331527_frames/lowres_wide/47331527_191823.518.png,ARKitScenes/3dod/Training/47331527/47331527_frames/lowres_depth/47331527_191823.518.png,rule,"{""a_concept"": ""cabinet"", ""b_concept"": ""toilet"", ""a_centroid_x"": 173.71971139695353, ""b_centroid_x"": 21.772535867898124, ""horizontal_gap_px"": 151.94717552905541, ""image_width"": 256}"
47331644/22339.103,47331644,lidar,unknown,test,left_right,,1,"Relative to the sofa, is the cabinet on the left or the right?",,left,choice,left|right,ARKitScenes/3dod/Validation/47331644/47331644_frames/lowres_wide/47331644_22339.103.png,ARKitScenes/3dod/Validation/47331644/47331644_frames/lowres_depth/47331644_22339.103.png,rule,"{""a_concept"": ""cabinet"", ""b_concept"": ""sofa"", ""a_centroid_x"": 158.812586871842, ""b_centroid_x"": 189.0586620014909, ""horizontal_gap_px"": 30.246075129648887, ""image_width"": 256}"
47331819/228756.760,47331819,lidar,unknown,train,left_right,,4,"Which side of the toilet is the washer on, left or right?",,left,choice,left|right,ARKitScenes/3dod/Training/47331819/47331819_frames/lowres_wide/47331819_228756.760.png,ARKitScenes/3dod/Training/47331819/47331819_frames/lowres_depth/47331819_228756.760.png,rule,"{""a_concept"": ""washer"", ""b_concept"": ""toilet"", ""a_centroid_x"": 47.97902323386132, ""b_centroid_x"": 105.58022556792619, ""horizontal_gap_px"": 57.60120233406487, ""image_width"": 256}"
47331891/623234.547,47331891,lidar,unknown,train,left_right,,1,"Relative to the shelf, is the table on the left or the right?",,right,choice,left|right,ARKitScenes/3dod/Training/47331891/47331891_frames/lowres_wide/47331891_623234.547.png,ARKitScenes/3dod/Training/47331891/47331891_frames/lowres_depth/47331891_623234.547.png,rule,"{""a_concept"": ""table"", ""b_concept"": ""shelf"", ""a_centroid_x"": 129.92065084171392, ""b_centroid_x"": 79.50837930683277, ""horizontal_gap_px"": 50.41227153488116, ""image_width"": 256}"
47332015/200858.968,47332015,lidar,unknown,val,left_right,,3,Is the cabinet on the left side or the right side of the sink?,,left,choice,left|right,ARKitScenes/3dod/Training/47332015/47332015_frames/lowres_wide/47332015_200858.968.png,ARKitScenes/3dod/Training/47332015/47332015_frames/lowres_depth/47332015_200858.968.png,rule,"{""a_concept"": ""cabinet"", ""b_concept"": ""sink"", ""a_centroid_x"": 69.45612604451125, ""b_centroid_x"": 127.31048353645927, ""horizontal_gap_px"": 57.85435749194802, ""image_width"": 256}"
47332015/200871.563,47332015,lidar,unknown,val,left_right,,0,Is the cabinet to the left or to the right of the sink?,,left,choice,left|right,ARKitScenes/3dod/Training/47332015/47332015_frames/lowres_wide/47332015_200871.563.png,ARKitScenes/3dod/Training/47332015/47332015_frames/lowres_depth/47332015_200871.563.png,rule,"{""a_concept"": ""cabinet"", ""b_concept"": ""sink"", ""a_centroid_x"": 204.40296409352686, ""b_centroid_x"": 252.6656739266653, ""horizontal_gap_px"": 48.262709833138445, ""image_width"": 256}"
47332015/200871.563,47332015,lidar,unknown,val,left_right,,1,"Relative to the washer, is the sink on the left or the right?",,right,choice,left|right,ARKitScenes/3dod/Training/47332015/47332015_frames/lowres_wide/47332015_200871.563.png,ARKitScenes/3dod/Training/47332015/47332015_frames/lowres_depth/47332015_200871.563.png,rule,"{""a_concept"": ""sink"", ""b_concept"": ""washer"", ""a_centroid_x"": 252.6656739266653, ""b_centroid_x"": 199.29206819840584, ""horizontal_gap_px"": 53.37360572825946, ""image_width"": 256}"
47332025/202629.921,47332025,lidar,unknown,train,left_right,,5,"From the chair, which direction is the stool in, left or right?",,left,choice,left|right,ARKitScenes/3dod/Training/47332025/47332025_frames/lowres_wide/47332025_202629.921.png,ARKitScenes/3dod/Training/47332025/47332025_frames/lowres_depth/47332025_202629.921.png,rule,"{""a_concept"": ""stool"", ""b_concept"": ""chair"", ""a_centroid_x"": 169.13433321279234, ""b_centroid_x"": 211.05755076935563, ""horizontal_gap_px"": 41.92321755656329, ""image_width"": 256}"
47332232/755603.552,47332232,lidar,unknown,train,left_right,,2,"Looking at the bathtub, is the cabinet positioned on its left or right?",,right,choice,left|right,ARKitScenes/3dod/Training/47332232/47332232_frames/lowres_wide/47332232_755603.552.png,ARKitScenes/3dod/Training/47332232/47332232_frames/lowres_depth/47332232_755603.552.png,rule,"{""a_concept"": ""cabinet"", ""b_concept"": ""bathtub"", ""a_centroid_x"": 37.96369152505832, ""b_centroid_x"": 10.743223234540856, ""horizontal_gap_px"": 27.220468290517466, ""image_width"": 256}"
47332232/755603.552,47332232,lidar,unknown,train,left_right,,0,Is the sink to the left or to the right of the bathtub?,,right,choice,left|right,ARKitScenes/3dod/Training/47332232/47332232_frames/lowres_wide/47332232_755603.552.png,ARKitScenes/3dod/Training/47332232/47332232_frames/lowres_depth/47332232_755603.552.png,rule,"{""a_concept"": ""sink"", ""b_concept"": ""bathtub"", ""a_centroid_x"": 52.517362517469486, ""b_centroid_x"": 10.743223234540856, ""horizontal_gap_px"": 41.77413928292863, ""image_width"": 256}"
47332326/810194.980,47332326,lidar,unknown,train,left_right,,4,"Which side of the bathtub is the cabinet on, left or right?",,right,choice,left|right,ARKitScenes/3dod/Training/47332326/47332326_frames/lowres_wide/47332326_810194.980.png,ARKitScenes/3dod/Training/47332326/47332326_frames/lowres_depth/47332326_810194.980.png,rule,"{""a_concept"": ""cabinet"", ""b_concept"": ""bathtub"", ""a_centroid_x"": 241.0145370451352, ""b_centroid_x"": 84.36967613780129, ""horizontal_gap_px"": 156.6448609073339, ""image_width"": 256}"
47332648/369057.809,47332648,lidar,unknown,train,left_right,,5,"From the shelf, which direction is the sofa in, left or right?",,right,choice,left|right,ARKitScenes/3dod/Training/47332648/47332648_frames/lowres_wide/47332648_369057.809.png,ARKitScenes/3dod/Training/47332648/47332648_frames/lowres_depth/47332648_369057.809.png,rule,"{""a_concept"": ""sofa"", ""b_concept"": ""shelf"", ""a_centroid_x"": 195.42030868077546, ""b_centroid_x"": 50.17018550811795, ""horizontal_gap_px"": 145.2501231726575, ""image_width"": 256}"
47332986/124475.496,47332986,lidar,unknown,train,left_right,,1,"Relative to the sink, is the toilet on the left or the right?",,left,choice,left|right,ARKitScenes/3dod/Training/47332986/47332986_frames/lowres_wide/47332986_124475.496.png,ARKitScenes/3dod/Training/47332986/47332986_frames/lowres_depth/47332986_124475.496.png,rule,"{""a_concept"": ""toilet"", ""b_concept"": ""sink"", ""a_centroid_x"": 24.80968289863525, ""b_centroid_x"": 62.59484552011383, ""horizontal_gap_px"": 37.78516262147858, ""image_width"": 256}"
47333000/128238.123,47333000,lidar,unknown,val,left_right,,1,"Relative to the television, is the table on the left or the right?",,right,choice,left|right,ARKitScenes/3dod/Training/47333000/47333000_frames/lowres_wide/47333000_128238.123.png,ARKitScenes/3dod/Training/47333000/47333000_frames/lowres_depth/47333000_128238.123.png,rule,"{""a_concept"": ""table"", ""b_concept"": ""television"", ""a_centroid_x"": 41.676903425788815, ""b_centroid_x"": 5.289559230510203, ""horizontal_gap_px"": 36.387344195278615, ""image_width"": 256}"
47333457/54933.914,47333457,lidar,unknown,test,left_right,,5,"From the cabinet, which direction is the stove in, left or right?",,left,choice,left|right,ARKitScenes/3dod/Validation/47333457/47333457_frames/lowres_wide/47333457_54933.914.png,ARKitScenes/3dod/Validation/47333457/47333457_frames/lowres_depth/47333457_54933.914.png,rule,"{""a_concept"": ""stove"", ""b_concept"": ""cabinet"", ""a_centroid_x"": 34.04655279240311, ""b_centroid_x"": 126.00196882376515, ""horizontal_gap_px"": 91.95541603136203, ""image_width"": 256}"
47333457/54940.711,47333457,lidar,unknown,test,left_right,,5,"From the chair, which direction is the sink in, left or right?",,left,choice,left|right,ARKitScenes/3dod/Validation/47333457/47333457_frames/lowres_wide/47333457_54940.711.png,ARKitScenes/3dod/Validation/47333457/47333457_frames/lowres_depth/47333457_54940.711.png,rule,"{""a_concept"": ""sink"", ""b_concept"": ""chair"", ""a_centroid_x"": 35.071042098560895, ""b_centroid_x"": 188.09878686706455, ""horizontal_gap_px"": 153.02774476850365, ""image_width"": 256}"
47333457/54940.711,47333457,lidar,unknown,test,left_right,,2,"Looking at the stool, is the sink positioned on its left or right?",,left,choice,left|right,ARKitScenes/3dod/Validation/47333457/47333457_frames/lowres_wide/47333457_54940.711.png,ARKitScenes/3dod/Validation/47333457/47333457_frames/lowres_depth/47333457_54940.711.png,rule,"{""a_concept"": ""sink"", ""b_concept"": ""stool"", ""a_centroid_x"": 35.071042098560895, ""b_centroid_x"": 218.38524617447388, ""horizontal_gap_px"": 183.31420407591298, ""image_width"": 256}"
47333457/54940.711,47333457,lidar,unknown,test,left_right,,3,Is the cabinet on the left side or the right side of the chair?,,left,choice,left|right,ARKitScenes/3dod/Validation/47333457/47333457_frames/lowres_wide/47333457_54940.711.png,ARKitScenes/3dod/Validation/47333457/47333457_frames/lowres_depth/47333457_54940.711.png,rule,"{""a_concept"": ""cabinet"", ""b_concept"": ""chair"", ""a_centroid_x"": 52.32828554964713, ""b_centroid_x"": 188.09878686706455, ""horizontal_gap_px"": 135.77050131741743, ""image_width"": 256}"
47333457/54940.711,47333457,lidar,unknown,test,left_right,,0,Is the cabinet to the left or to the right of the stool?,,left,choice,left|right,ARKitScenes/3dod/Validation/47333457/47333457_frames/lowres_wide/47333457_54940.711.png,ARKitScenes/3dod/Validation/47333457/47333457_frames/lowres_depth/47333457_54940.711.png,rule,"{""a_concept"": ""cabinet"", ""b_concept"": ""stool"", ""a_centroid_x"": 52.32828554964713, ""b_centroid_x"": 218.38524617447388, ""horizontal_gap_px"": 166.05696062482676, ""image_width"": 256}"
47333457/54940.711,47333457,lidar,unknown,test,left_right,,3,Is the chair on the left side or the right side of the stool?,,left,choice,left|right,ARKitScenes/3dod/Validation/47333457/47333457_frames/lowres_wide/47333457_54940.711.png,ARKitScenes/3dod/Validation/47333457/47333457_frames/lowres_depth/47333457_54940.711.png,rule,"{""a_concept"": ""chair"", ""b_concept"": ""stool"", ""a_centroid_x"": 188.09878686706455, ""b_centroid_x"": 218.38524617447388, ""horizontal_gap_px"": 30.28645930740933, ""image_width"": 256}"
47333493/62618.020,47333493,lidar,unknown,train,left_right,,3,Is the sofa on the left side or the right side of the table?,,right,choice,left|right,ARKitScenes/3dod/Training/47333493/47333493_frames/lowres_wide/47333493_62618.020.png,ARKitScenes/3dod/Training/47333493/47333493_frames/lowres_depth/47333493_62618.020.png,rule,"{""a_concept"": ""sofa"", ""b_concept"": ""table"", ""a_centroid_x"": 205.5751395005563, ""b_centroid_x"": 89.22340312031675, ""horizontal_gap_px"": 116.35173638023956, ""image_width"": 256}"
47333624/77102.385,47333624,lidar,unknown,train,left_right,,3,Is the cabinet on the left side or the right side of the table?,,right,choice,left|right,ARKitScenes/3dod/Training/47333624/47333624_frames/lowres_wide/47333624_77102.385.png,ARKitScenes/3dod/Training/47333624/47333624_frames/lowres_depth/47333624_77102.385.png,rule,"{""a_concept"": ""cabinet"", ""b_concept"": ""table"", ""a_centroid_x"": 226.3048267690955, ""b_centroid_x"": 64.29025174249948, ""horizontal_gap_px"": 162.01457502659605, ""image_width"": 256}"
47333653/126309.436,47333653,lidar,unknown,train,left_right,,5,"From the cabinet, which direction is the sofa in, left or right?",,right,choice,left|right,ARKitScenes/3dod/Training/47333653/47333653_frames/lowres_wide/47333653_126309.436.png,ARKitScenes/3dod/Training/47333653/47333653_frames/lowres_depth/47333653_126309.436.png,rule,"{""a_concept"": ""sofa"", ""b_concept"": ""cabinet"", ""a_centroid_x"": 126.76556621708302, ""b_centroid_x"": 40.303987379320176, ""horizontal_gap_px"": 86.46157883776284, ""image_width"": 256}"
47333771/58102.770,47333771,lidar,unknown,train,left_right,,2,"Looking at the bed, is the sofa positioned on its left or right?",,left,choice,left|right,ARKitScenes/3dod/Training/47333771/47333771_frames/lowres_wide/47333771_58102.770.png,ARKitScenes/3dod/Training/47333771/47333771_frames/lowres_depth/47333771_58102.770.png,rule,"{""a_concept"": ""sofa"", ""b_concept"": ""bed"", ""a_centroid_x"": 33.34716859470656, ""b_centroid_x"": 129.66093112512922, ""horizontal_gap_px"": 96.31376253042266, ""image_width"": 256}"
47333771/58102.770,47333771,lidar,unknown,train,left_right,,1,"Relative to the cabinet, is the sofa on the left or the right?",,left,choice,left|right,ARKitScenes/3dod/Training/47333771/47333771_frames/lowres_wide/47333771_58102.770.png,ARKitScenes/3dod/Training/47333771/47333771_frames/lowres_depth/47333771_58102.770.png,rule,"{""a_concept"": ""sofa"", ""b_concept"": ""cabinet"", ""a_centroid_x"": 33.34716859470656, ""b_centroid_x"": 242.54942798583173, ""horizontal_gap_px"": 209.20225939112515, ""image_width"": 256}"
47333771/58102.770,47333771,lidar,unknown,train,left_right,,4,"Which side of the cabinet is the bed on, left or right?",,left,choice,left|right,ARKitScenes/3dod/Training/47333771/47333771_frames/lowres_wide/47333771_58102.770.png,ARKitScenes/3dod/Training/47333771/47333771_frames/lowres_depth/47333771_58102.770.png,rule,"{""a_concept"": ""bed"", ""b_concept"": ""cabinet"", ""a_centroid_x"": 129.66093112512922, ""b_centroid_x"": 242.54942798583173, ""horizontal_gap_px"": 112.8884968607025, ""image_width"": 256}"
47334001/51151.452,47334001,lidar,unknown,train,left_right,,2,"Looking at the cabinet, is the stool positioned on its left or right?",,right,choice,left|right,ARKitScenes/3dod/Training/47334001/47334001_frames/lowres_wide/47334001_51151.452.png,ARKitScenes/3dod/Training/47334001/47334001_frames/lowres_depth/47334001_51151.452.png,rule,"{""a_concept"": ""stool"", ""b_concept"": ""cabinet"", ""a_centroid_x"": 224.86981698962092, ""b_centroid_x"": 142.32590990921778, ""horizontal_gap_px"": 82.54390708040313, ""image_width"": 256}"
47334001/51151.452,47334001,lidar,unknown,train,left_right,,3,Is the stool on the left side or the right side of the shelf?,,right,choice,left|right,ARKitScenes/3dod/Training/47334001/47334001_frames/lowres_wide/47334001_51151.452.png,ARKitScenes/3dod/Training/47334001/47334001_frames/lowres_depth/47334001_51151.452.png,rule,"{""a_concept"": ""stool"", ""b_concept"": ""shelf"", ""a_centroid_x"": 224.86981698962092, ""b_centroid_x"": 135.34545982182428, ""horizontal_gap_px"": 89.52435716779664, ""image_width"": 256}"
47334107/93505.499,47334107,lidar,unknown,test,left_right,,2,"Looking at the sink, is the cabinet positioned on its left or right?",,right,choice,left|right,ARKitScenes/3dod/Validation/47334107/47334107_frames/lowres_wide/47334107_93505.499.png,ARKitScenes/3dod/Validation/47334107/47334107_frames/lowres_depth/47334107_93505.499.png,rule,"{""a_concept"": ""cabinet"", ""b_concept"": ""sink"", ""a_centroid_x"": 213.7067202563003, ""b_centroid_x"": 161.67880738742357, ""horizontal_gap_px"": 52.02791286887671, ""image_width"": 256}"
47334189/354705.084,47334189,lidar,unknown,train,left_right,,5,"From the refrigerator, which direction is the table in, left or right?",,right,choice,left|right,ARKitScenes/3dod/Training/47334189/47334189_frames/lowres_wide/47334189_354705.084.png,ARKitScenes/3dod/Training/47334189/47334189_frames/lowres_depth/47334189_354705.084.png,rule,"{""a_concept"": ""table"", ""b_concept"": ""refrigerator"", ""a_centroid_x"": 239.8352208879076, ""b_centroid_x"": 61.400006767656635, ""horizontal_gap_px"": 178.43521412025098, ""image_width"": 256}"
47334615/385609.737,47334615,lidar,unknown,train,left_right,,0,Is the table to the left or to the right of the television?,,left,choice,left|right,ARKitScenes/3dod/Training/47334615/47334615_frames/lowres_wide/47334615_385609.737.png,ARKitScenes/3dod/Training/47334615/47334615_frames/lowres_depth/47334615_385609.737.png,rule,"{""a_concept"": ""table"", ""b_concept"": ""television"", ""a_centroid_x"": 50.74140895567761, ""b_centroid_x"": 192.101855458605, ""horizontal_gap_px"": 141.3604465029274, ""image_width"": 256}"
47334655/389716.268,47334655,lidar,unknown,val,left_right,,4,"Which side of the washer is the bathtub on, left or right?",,left,choice,left|right,ARKitScenes/3dod/Training/47334655/47334655_frames/lowres_wide/47334655_389716.268.png,ARKitScenes/3dod/Training/47334655/47334655_frames/lowres_depth/47334655_389716.268.png,rule,"{""a_concept"": ""bathtub"", ""b_concept"": ""washer"", ""a_centroid_x"": 18.90237950245298, ""b_centroid_x"": 222.36213426698643, ""horizontal_gap_px"": 203.45975476453344, ""image_width"": 256}"
47334655/389716.268,47334655,lidar,unknown,val,left_right,,3,Is the bathtub on the left side or the right side of the toilet?,,left,choice,left|right,ARKitScenes/3dod/Training/47334655/47334655_frames/lowres_wide/47334655_389716.268.png,ARKitScenes/3dod/Training/47334655/47334655_frames/lowres_depth/47334655_389716.268.png,rule,"{""a_concept"": ""bathtub"", ""b_concept"": ""toilet"", ""a_centroid_x"": 18.90237950245298, ""b_centroid_x"": 217.77322147382057, ""horizontal_gap_px"": 198.87084197136758, ""image_width"": 256}"
47334655/389716.268,47334655,lidar,unknown,val,left_right,,2,"Looking at the cabinet, is the bathtub positioned on its left or right?",,left,choice,left|right,ARKitScenes/3dod/Training/47334655/47334655_frames/lowres_wide/47334655_389716.268.png,ARKitScenes/3dod/Training/47334655/47334655_frames/lowres_depth/47334655_389716.268.png,rule,"{""a_concept"": ""bathtub"", ""b_concept"": ""cabinet"", ""a_centroid_x"": 18.90237950245298, ""b_centroid_x"": 150.5562772543715, ""horizontal_gap_px"": 131.65389775191852, ""image_width"": 256}"
47334655/389716.268,47334655,lidar,unknown,val,left_right,,1,"Relative to the cabinet, is the washer on the left or the right?",,right,choice,left|right,ARKitScenes/3dod/Training/47334655/47334655_frames/lowres_wide/47334655_389716.268.png,ARKitScenes/3dod/Training/47334655/47334655_frames/lowres_depth/47334655_389716.268.png,rule,"{""a_concept"": ""washer"", ""b_concept"": ""cabinet"", ""a_centroid_x"": 222.36213426698643, ""b_centroid_x"": 150.5562772543715, ""horizontal_gap_px"": 71.80585701261492, ""image_width"": 256}"
47334655/389716.268,47334655,lidar,unknown,val,left_right,,5,"From the cabinet, which direction is the toilet in, left or right?",,right,choice,left|right,ARKitScenes/3dod/Training/47334655/47334655_frames/lowres_wide/47334655_389716.268.png,ARKitScenes/3dod/Training/47334655/47334655_frames/lowres_depth/47334655_389716.268.png,rule,"{""a_concept"": ""toilet"", ""b_concept"": ""cabinet"", ""a_centroid_x"": 217.77322147382057, ""b_centroid_x"": 150.5562772543715, ""horizontal_gap_px"": 67.21694421944906, ""image_width"": 256}"
47334655/389757.851,47334655,lidar,unknown,val,left_right,,5,"From the toilet, which direction is the washer in, left or right?",,right,choice,left|right,ARKitScenes/3dod/Training/47334655/47334655_frames/lowres_wide/47334655_389757.851.png,ARKitScenes/3dod/Training/47334655/47334655_frames/lowres_depth/47334655_389757.851.png,rule,"{""a_concept"": ""washer"", ""b_concept"": ""toilet"", ""a_centroid_x"": 164.79362052756431, ""b_centroid_x"": 43.516802024484036, ""horizontal_gap_px"": 121.27681850308028, ""image_width"": 256}"
47334938/663119.104,47334938,lidar,unknown,train,left_right,,3,Is the television on the left side or the right side of the sofa?,,right,choice,left|right,ARKitScenes/3dod/Training/47334938/47334938_frames/lowres_wide/47334938_663119.104.png,ARKitScenes/3dod/Training/47334938/47334938_frames/lowres_depth/47334938_663119.104.png,rule,"{""a_concept"": ""television"", ""b_concept"": ""sofa"", ""a_centroid_x"": 219.4712553608709, ""b_centroid_x"": 146.3038274983205, ""horizontal_gap_px"": 73.16742786255043, ""image_width"": 256}"
47334938/663119.104,47334938,lidar,unknown,train,left_right,,3,Is the television on the left side or the right side of the table?,,right,choice,left|right,ARKitScenes/3dod/Training/47334938/47334938_frames/lowres_wide/47334938_663119.104.png,ARKitScenes/3dod/Training/47334938/47334938_frames/lowres_depth/47334938_663119.104.png,rule,"{""a_concept"": ""television"", ""b_concept"": ""table"", ""a_centroid_x"": 219.4712553608709, ""b_centroid_x"": 164.0424349015031, ""horizontal_gap_px"": 55.42882045936781, ""image_width"": 256}"
47429883/367971.651,47429883,lidar,unknown,train,left_right,,3,Is the sofa on the left side or the right side of the table?,,left,choice,left|right,ARKitScenes/3dod/Training/47429883/47429883_frames/lowres_wide/47429883_367971.651.png,ARKitScenes/3dod/Training/47429883/47429883_frames/lowres_depth/47429883_367971.651.png,rule,"{""a_concept"": ""sofa"", ""b_concept"": ""table"", ""a_centroid_x"": 188.85713771760572, ""b_centroid_x"": 245.65417441857377, ""horizontal_gap_px"": 56.79703670096805, ""image_width"": 256}"
47430248/182365.403,47430248,lidar,unknown,train,left_right,,0,Is the table to the left or to the right of the television?,,right,choice,left|right,ARKitScenes/3dod/Training/47430248/47430248_frames/lowres_wide/47430248_182365.403.png,ARKitScenes/3dod/Training/47430248/47430248_frames/lowres_depth/47430248_182365.403.png,rule,"{""a_concept"": ""table"", ""b_concept"": ""television"", ""a_centroid_x"": 201.23472719388255, ""b_centroid_x"": 170.60384827516404, ""horizontal_gap_px"": 30.63087891871851, ""image_width"": 256}"
47430248/182365.403,47430248,lidar,unknown,train,left_right,,1,"Relative to the chair, is the table on the left or the right?",,left,choice,left|right,ARKitScenes/3dod/Training/47430248/47430248_frames/lowres_wide/47430248_182365.403.png,ARKitScenes/3dod/Training/47430248/47430248_frames/lowres_depth/47430248_182365.403.png,rule,"{""a_concept"": ""table"", ""b_concept"": ""chair"", ""a_centroid_x"": 201.23472719388255, ""b_centroid_x"": 235.67607662723927, ""horizontal_gap_px"": 34.44134943335672, ""image_width"": 256}"
47430248/182365.403,47430248,lidar,unknown,train,left_right,,3,Is the television on the left side or the right side of the chair?,,left,choice,left|right,ARKitScenes/3dod/Training/47430248/47430248_frames/lowres_wide/47430248_182365.403.png,ARKitScenes/3dod/Training/47430248/47430248_frames/lowres_depth/47430248_182365.403.png,rule,"{""a_concept"": ""television"", ""b_concept"": ""chair"", ""a_centroid_x"": 170.60384827516404, ""b_centroid_x"": 235.67607662723927, ""horizontal_gap_px"": 65.07222835207523, ""image_width"": 256}"
47430688/326919.028,47430688,lidar,unknown,train,left_right,,5,"From the washer, which direction is the oven in, left or right?",,right,choice,left|right,ARKitScenes/3dod/Training/47430688/47430688_frames/lowres_wide/47430688_326919.028.png,ARKitScenes/3dod/Training/47430688/47430688_frames/lowres_depth/47430688_326919.028.png,rule,"{""a_concept"": ""oven"", ""b_concept"": ""washer"", ""a_centroid_x"": 220.9562844703845, ""b_centroid_x"": 160.70751882250173, ""horizontal_gap_px"": 60.24876564788278, ""image_width"": 256}"
47430689/326901.336,47430689,lidar,unknown,train,left_right,,2,"Looking at the table, is the cabinet positioned on its left or right?",,right,choice,left|right,ARKitScenes/3dod/Training/47430689/47430689_frames/lowres_wide/47430689_326901.336.png,ARKitScenes/3dod/Training/47430689/47430689_frames/lowres_depth/47430689_326901.336.png,rule,"{""a_concept"": ""cabinet"", ""b_concept"": ""table"", ""a_centroid_x"": 234.36083304307766, ""b_centroid_x"": 43.04050826327001, ""horizontal_gap_px"": 191.32032477980766, ""image_width"": 256}"
47431043/141612.079,47431043,lidar,unknown,train,left_right,,5,"From the cabinet, which direction is the chair in, left or right?",,left,choice,left|right,ARKitScenes/3dod/Training/47431043/47431043_frames/lowres_wide/47431043_141612.079.png,ARKitScenes/3dod/Training/47431043/47431043_frames/lowres_depth/47431043_141612.079.png,rule,"{""a_concept"": ""chair"", ""b_concept"": ""cabinet"", ""a_centroid_x"": 12.237758082615505, ""b_centroid_x"": 59.59775281590841, ""horizontal_gap_px"": 47.3599947332929, ""image_width"": 256}"
47669851/12487.665,47669851,lidar,unknown,val,left_right,,4,"Which side of the fireplace is the refrigerator on, left or right?",,left,choice,left|right,ARKitScenes/3dod/Training/47669851/47669851_frames/lowres_wide/47669851_12487.665.png,ARKitScenes/3dod/Training/47669851/47669851_frames/lowres_depth/47669851_12487.665.png,rule,"{""a_concept"": ""refrigerator"", ""b_concept"": ""fireplace"", ""a_centroid_x"": 51.32412175524492, ""b_centroid_x"": 160.35269863712713, ""horizontal_gap_px"": 109.02857688188222, ""image_width"": 256}"
47669903/12230.349,47669903,lidar,unknown,train,left_right,,3,Is the table on the left side or the right side of the stool?,,right,choice,left|right,ARKitScenes/3dod/Training/47669903/47669903_frames/lowres_wide/47669903_12230.349.png,ARKitScenes/3dod/Training/47669903/47669903_frames/lowres_depth/47669903_12230.349.png,rule,"{""a_concept"": ""table"", ""b_concept"": ""stool"", ""a_centroid_x"": 227.37222960463993, ""b_centroid_x"": 106.46395290449016, ""horizontal_gap_px"": 120.90827670014977, ""image_width"": 256}"
47670116/41758.108,47670116,lidar,unknown,val,left_right,,5,"From the cabinet, which direction is the table in, left or right?",,right,choice,left|right,ARKitScenes/3dod/Training/47670116/47670116_frames/lowres_wide/47670116_41758.108.png,ARKitScenes/3dod/Training/47670116/47670116_frames/lowres_depth/47670116_41758.108.png,rule,"{""a_concept"": ""table"", ""b_concept"": ""cabinet"", ""a_centroid_x"": 147.45320539295997, ""b_centroid_x"": 70.19689279823454, ""horizontal_gap_px"": 77.25631259472543, ""image_width"": 256}"
47670116/41758.108,47670116,lidar,unknown,val,left_right,,3,Is the table on the left side or the right side of the chair?,,left,choice,left|right,ARKitScenes/3dod/Training/47670116/47670116_frames/lowres_wide/47670116_41758.108.png,ARKitScenes/3dod/Training/47670116/47670116_frames/lowres_depth/47670116_41758.108.png,rule,"{""a_concept"": ""table"", ""b_concept"": ""chair"", ""a_centroid_x"": 147.45320539295997, ""b_centroid_x"": 239.96850584506575, ""horizontal_gap_px"": 92.51530045210578, ""image_width"": 256}"
47670116/41758.108,47670116,lidar,unknown,val,left_right,,4,"Which side of the chair is the cabinet on, left or right?",,left,choice,left|right,ARKitScenes/3dod/Training/47670116/47670116_frames/lowres_wide/47670116_41758.108.png,ARKitScenes/3dod/Training/47670116/47670116_frames/lowres_depth/47670116_41758.108.png,rule,"{""a_concept"": ""cabinet"", ""b_concept"": ""chair"", ""a_centroid_x"": 70.19689279823454, ""b_centroid_x"": 239.96850584506575, ""horizontal_gap_px"": 169.7716130468312, ""image_width"": 256}"
47670124/41662.298,47670124,lidar,unknown,train,left_right,,4,"Which side of the cabinet is the sofa on, left or right?",,right,choice,left|right,ARKitScenes/3dod/Training/47670124/47670124_frames/lowres_wide/47670124_41662.298.png,ARKitScenes/3dod/Training/47670124/47670124_frames/lowres_depth/47670124_41662.298.png,rule,"{""a_concept"": ""sofa"", ""b_concept"": ""cabinet"", ""a_centroid_x"": 143.55006228483708, ""b_centroid_x"": 108.31480896644278, ""horizontal_gap_px"": 35.2352533183943, ""image_width"": 256}"
47670158/40742.556,47670158,lidar,unknown,train,left_right,,5,"From the sink, which direction is the fireplace in, left or right?",,right,choice,left|right,ARKitScenes/3dod/Training/47670158/47670158_frames/lowres_wide/47670158_40742.556.png,ARKitScenes/3dod/Training/47670158/47670158_frames/lowres_depth/47670158_40742.556.png,rule,"{""a_concept"": ""fireplace"", ""b_concept"": ""sink"", ""a_centroid_x"": 204.02500068353197, ""b_centroid_x"": 63.64109029768294, ""horizontal_gap_px"": 140.38391038584902, ""image_width"": 256}"
47670158/40742.556,47670158,lidar,unknown,train,left_right,,3,Is the fireplace on the left side or the right side of the cabinet?,,right,choice,left|right,ARKitScenes/3dod/Training/47670158/47670158_frames/lowres_wide/47670158_40742.556.png,ARKitScenes/3dod/Training/47670158/47670158_frames/lowres_depth/47670158_40742.556.png,rule,"{""a_concept"": ""fireplace"", ""b_concept"": ""cabinet"", ""a_centroid_x"": 204.02500068353197, ""b_centroid_x"": 127.25986361107502, ""horizontal_gap_px"": 76.76513707245695, ""image_width"": 256}"
47670158/40742.556,47670158,lidar,unknown,train,left_right,,0,Is the fireplace to the left or to the right of the stool?,,right,choice,left|right,ARKitScenes/3dod/Training/47670158/47670158_frames/lowres_wide/47670158_40742.556.png,ARKitScenes/3dod/Training/47670158/47670158_frames/lowres_depth/47670158_40742.556.png,rule,"{""a_concept"": ""fireplace"", ""b_concept"": ""stool"", ""a_centroid_x"": 204.02500068353197, ""b_centroid_x"": 157.62837221313106, ""horizontal_gap_px"": 46.39662847040091, ""image_width"": 256}"
47670158/40742.556,47670158,lidar,unknown,train,left_right,,4,"Which side of the cabinet is the sink on, left or right?",,left,choice,left|right,ARKitScenes/3dod/Training/47670158/47670158_frames/lowres_wide/47670158_40742.556.png,ARKitScenes/3dod/Training/47670158/47670158_frames/lowres_depth/47670158_40742.556.png,rule,"{""a_concept"": ""sink"", ""b_concept"": ""cabinet"", ""a_centroid_x"": 63.64109029768294, ""b_centroid_x"": 127.25986361107502, ""horizontal_gap_px"": 63.618773313392076, ""image_width"": 256}"
47670158/40742.556,47670158,lidar,unknown,train,left_right,,1,"Relative to the stool, is the sink on the left or the right?",,left,choice,left|right,ARKitScenes/3dod/Training/47670158/47670158_frames/lowres_wide/47670158_40742.556.png,ARKitScenes/3dod/Training/47670158/47670158_frames/lowres_depth/47670158_40742.556.png,rule,"{""a_concept"": ""sink"", ""b_concept"": ""stool"", ""a_centroid_x"": 63.64109029768294, ""b_centroid_x"": 157.62837221313106, ""horizontal_gap_px"": 93.98728191544811, ""image_width"": 256}"
47895191/38741.838,47895191,lidar,unknown,train,left_right,,5,"From the washer, which direction is the sink in, left or right?",,left,choice,left|right,ARKitScenes/3dod/Training/47895191/47895191_frames/lowres_wide/47895191_38741.838.png,ARKitScenes/3dod/Training/47895191/47895191_frames/lowres_depth/47895191_38741.838.png,rule,"{""a_concept"": ""sink"", ""b_concept"": ""washer"", ""a_centroid_x"": 200.18623318650864, ""b_centroid_x"": 237.58160454376875, ""horizontal_gap_px"": 37.3953713572601, ""image_width"": 256}"
47895191/38741.838,47895191,lidar,unknown,train,left_right,,2,"Looking at the cabinet, is the washer positioned on its left or right?",,right,choice,left|right,ARKitScenes/3dod/Training/47895191/47895191_frames/lowres_wide/47895191_38741.838.png,ARKitScenes/3dod/Training/47895191/47895191_frames/lowres_depth/47895191_38741.838.png,rule,"{""a_concept"": ""washer"", ""b_concept"": ""cabinet"", ""a_centroid_x"": 237.58160454376875, ""b_centroid_x"": 193.75977373409614, ""horizontal_gap_px"": 43.821830809672605, ""image_width"": 256}"
47895235/73938.700,47895235,lidar,unknown,val,left_right,,2,"Looking at the shelf, is the cabinet positioned on its left or right?",,right,choice,left|right,ARKitScenes/3dod/Training/47895235/47895235_frames/lowres_wide/47895235_73938.700.png,ARKitScenes/3dod/Training/47895235/47895235_frames/lowres_depth/47895235_73938.700.png,rule,"{""a_concept"": ""cabinet"", ""b_concept"": ""shelf"", ""a_centroid_x"": 242.2261339974456, ""b_centroid_x"": 28.13853335773196, ""horizontal_gap_px"": 214.08760063971363, ""image_width"": 256}"
47895493/450879.380,47895493,lidar,unknown,train,left_right,,0,Is the sofa to the left or to the right of the stool?,,left,choice,left|right,ARKitScenes/3dod/Training/47895493/47895493_frames/lowres_wide/47895493_450879.380.png,ARKitScenes/3dod/Training/47895493/47895493_frames/lowres_depth/47895493_450879.380.png,rule,"{""a_concept"": ""sofa"", ""b_concept"": ""stool"", ""a_centroid_x"": 12.822660131547433, ""b_centroid_x"": 52.23903895071025, ""horizontal_gap_px"": 39.416378819162816, ""image_width"": 256}"
47895656/368592.185,47895656,lidar,unknown,train,left_right,,3,Is the shelf on the left side or the right side of the table?,,left,choice,left|right,ARKitScenes/3dod/Training/47895656/47895656_frames/lowres_wide/47895656_368592.185.png,ARKitScenes/3dod/Training/47895656/47895656_frames/lowres_depth/47895656_368592.185.png,rule,"{""a_concept"": ""shelf"", ""b_concept"": ""table"", ""a_centroid_x"": 58.808570105314566, ""b_centroid_x"": 177.60168556444856, ""horizontal_gap_px"": 118.79311545913399, ""image_width"": 256}"
47895656/368610.394,47895656,lidar,unknown,train,left_right,,1,"Relative to the cabinet, is the shelf on the left or the right?",,left,choice,left|right,ARKitScenes/3dod/Training/47895656/47895656_frames/lowres_wide/47895656_368610.394.png,ARKitScenes/3dod/Training/47895656/47895656_frames/lowres_depth/47895656_368610.394.png,rule,"{""a_concept"": ""shelf"", ""b_concept"": ""cabinet"", ""a_centroid_x"": 13.07005013371761, ""b_centroid_x"": 177.98945218603566, ""horizontal_gap_px"": 164.91940205231805, ""image_width"": 256}"
47895656/368610.394,47895656,lidar,unknown,train,left_right,,1,"Relative to the table, is the shelf on the left or the right?",,left,choice,left|right,ARKitScenes/3dod/Training/47895656/47895656_frames/lowres_wide/47895656_368610.394.png,ARKitScenes/3dod/Training/47895656/47895656_frames/lowres_depth/47895656_368610.394.png,rule,"{""a_concept"": ""shelf"", ""b_concept"": ""table"", ""a_centroid_x"": 13.07005013371761, ""b_centroid_x"": 160.7680903938668, ""horizontal_gap_px"": 147.69804026014918, ""image_width"": 256}"
47895816/685911.046,47895816,lidar,unknown,val,left_right,,5,"From the table, which direction is the toilet in, left or right?",,right,choice,left|right,ARKitScenes/3dod/Training/47895816/47895816_frames/lowres_wide/47895816_685911.046.png,ARKitScenes/3dod/Training/47895816/47895816_frames/lowres_depth/47895816_685911.046.png,rule,"{""a_concept"": ""toilet"", ""b_concept"": ""table"", ""a_centroid_x"": 50.747281073016424, ""b_centroid_x"": 12.648459525738485, ""horizontal_gap_px"": 38.098821547277936, ""image_width"": 256}"
47895816/685911.046,47895816,lidar,unknown,val,left_right,,5,"From the sink, which direction is the toilet in, left or right?",,right,choice,left|right,ARKitScenes/3dod/Training/47895816/47895816_frames/lowres_wide/47895816_685911.046.png,ARKitScenes/3dod/Training/47895816/47895816_frames/lowres_depth/47895816_685911.046.png,rule,"{""a_concept"": ""toilet"", ""b_concept"": ""sink"", ""a_centroid_x"": 50.747281073016424, ""b_centroid_x"": 25.09350409808453, ""horizontal_gap_px"": 25.653776974931894, ""image_width"": 256}"
47895830/1221813.029,47895830,lidar,unknown,train,left_right,,2,"Looking at the cabinet, is the bed positioned on its left or right?",,right,choice,left|right,ARKitScenes/3dod/Training/47895830/47895830_frames/lowres_wide/47895830_1221813.029.png,ARKitScenes/3dod/Training/47895830/47895830_frames/lowres_depth/47895830_1221813.029.png,rule,"{""a_concept"": ""bed"", ""b_concept"": ""cabinet"", ""a_centroid_x"": 231.4099338358186, ""b_centroid_x"": 186.1192997713955, ""horizontal_gap_px"": 45.2906340644231, ""image_width"": 256}"
48017950/455717.927,48017950,lidar,unknown,train,left_right,,0,Is the oven to the left or to the right of the table?,,left,choice,left|right,ARKitScenes/3dod/Training/48017950/48017950_frames/lowres_wide/48017950_455717.927.png,ARKitScenes/3dod/Training/48017950/48017950_frames/lowres_depth/48017950_455717.927.png,rule,"{""a_concept"": ""oven"", ""b_concept"": ""table"", ""a_centroid_x"": 35.271568979036, ""b_centroid_x"": 108.17843740092327, ""horizontal_gap_px"": 72.90686842188728, ""image_width"": 256}"
48018079/103491.145,48018079,lidar,unknown,val,left_right,,0,Is the bed to the left or to the right of the cabinet?,,right,choice,left|right,ARKitScenes/3dod/Training/48018079/48018079_frames/lowres_wide/48018079_103491.145.png,ARKitScenes/3dod/Training/48018079/48018079_frames/lowres_depth/48018079_103491.145.png,rule,"{""a_concept"": ""bed"", ""b_concept"": ""cabinet"", ""a_centroid_x"": 145.97645542639714, ""b_centroid_x"": 17.778946017770636, ""horizontal_gap_px"": 128.1975094086265, ""image_width"": 256}"
48018127/369174.470,48018127,lidar,unknown,train,left_right,,2,"Looking at the cabinet, is the sofa positioned on its left or right?",,right,choice,left|right,ARKitScenes/3dod/Training/48018127/48018127_frames/lowres_wide/48018127_369174.470.png,ARKitScenes/3dod/Training/48018127/48018127_frames/lowres_depth/48018127_369174.470.png,rule,"{""a_concept"": ""sofa"", ""b_concept"": ""cabinet"", ""a_centroid_x"": 105.48982496415803, ""b_centroid_x"": 43.74687581936003, ""horizontal_gap_px"": 61.742949144798004, ""image_width"": 256}"
48018252/470184.026,48018252,lidar,unknown,train,left_right,,5,"From the toilet, which direction is the cabinet in, left or right?",,left,choice,left|right,ARKitScenes/3dod/Training/48018252/48018252_frames/lowres_wide/48018252_470184.026.png,ARKitScenes/3dod/Training/48018252/48018252_frames/lowres_depth/48018252_470184.026.png,rule,"{""a_concept"": ""cabinet"", ""b_concept"": ""toilet"", ""a_centroid_x"": 21.60441309369426, ""b_centroid_x"": 66.01110628754958, ""horizontal_gap_px"": 44.40669319385532, ""image_width"": 256}"
48018252/470184.026,48018252,lidar,unknown,train,left_right,,2,"Looking at the stool, is the cabinet positioned on its left or right?",,left,choice,left|right,ARKitScenes/3dod/Training/48018252/48018252_frames/lowres_wide/48018252_470184.026.png,ARKitScenes/3dod/Training/48018252/48018252_frames/lowres_depth/48018252_470184.026.png,rule,"{""a_concept"": ""cabinet"", ""b_concept"": ""stool"", ""a_centroid_x"": 21.60441309369426, ""b_centroid_x"": 107.60268832154256, ""horizontal_gap_px"": 85.9982752278483, ""image_width"": 256}"
48018252/470184.026,48018252,lidar,unknown,train,left_right,,0,Is the toilet to the left or to the right of the stool?,,left,choice,left|right,ARKitScenes/3dod/Training/48018252/48018252_frames/lowres_wide/48018252_470184.026.png,ARKitScenes/3dod/Training/48018252/48018252_frames/lowres_depth/48018252_470184.026.png,rule,"{""a_concept"": ""toilet"", ""b_concept"": ""stool"", ""a_centroid_x"": 66.01110628754958, ""b_centroid_x"": 107.60268832154256, ""horizontal_gap_px"": 41.59158203399298, ""image_width"": 256}"
48018252/470188.524,48018252,lidar,unknown,train,left_right,,1,"Relative to the washer, is the cabinet on the left or the right?",,left,choice,left|right,ARKitScenes/3dod/Training/48018252/48018252_frames/lowres_wide/48018252_470188.524.png,ARKitScenes/3dod/Training/48018252/48018252_frames/lowres_depth/48018252_470188.524.png,rule,"{""a_concept"": ""cabinet"", ""b_concept"": ""washer"", ""a_centroid_x"": 18.28831182446164, ""b_centroid_x"": 165.96051644756267, ""horizontal_gap_px"": 147.67220462310104, ""image_width"": 256}"
48018286/799410.627,48018286,lidar,unknown,train,left_right,,5,"From the table, which direction is the stove in, left or right?",,left,choice,left|right,ARKitScenes/3dod/Training/48018286/48018286_frames/lowres_wide/48018286_799410.627.png,ARKitScenes/3dod/Training/48018286/48018286_frames/lowres_depth/48018286_799410.627.png,rule,"{""a_concept"": ""stove"", ""b_concept"": ""table"", ""a_centroid_x"": 172.44988423112903, ""b_centroid_x"": 247.9938655859108, ""horizontal_gap_px"": 75.54398135478178, ""image_width"": 256}"
48018286/799422.439,48018286,lidar,unknown,train,left_right,,3,Is the sofa on the left side or the right side of the table?,,right,choice,left|right,ARKitScenes/3dod/Training/48018286/48018286_frames/lowres_wide/48018286_799422.439.png,ARKitScenes/3dod/Training/48018286/48018286_frames/lowres_depth/48018286_799422.439.png,rule,"{""a_concept"": ""sofa"", ""b_concept"": ""table"", ""a_centroid_x"": 224.43573623583055, ""b_centroid_x"": 90.20900831753691, ""horizontal_gap_px"": 134.22672791829365, ""image_width"": 256}"
48018286/799434.234,48018286,lidar,unknown,train,left_right,,1,"Relative to the table, is the cabinet on the left or the right?",,right,choice,left|right,ARKitScenes/3dod/Training/48018286/48018286_frames/lowres_wide/48018286_799434.234.png,ARKitScenes/3dod/Training/48018286/48018286_frames/lowres_depth/48018286_799434.234.png,rule,"{""a_concept"": ""cabinet"", ""b_concept"": ""table"", ""a_centroid_x"": 128.70101722304682, ""b_centroid_x"": 56.53717134722032, ""horizontal_gap_px"": 72.1638458758265, ""image_width"": 256}"
48018559/3346.948,48018559,lidar,unknown,test,left_right,,4,"Which side of the stove is the cabinet on, left or right?",,left,choice,left|right,ARKitScenes/3dod/Validation/48018559/48018559_frames/lowres_wide/48018559_3346.948.png,ARKitScenes/3dod/Validation/48018559/48018559_frames/lowres_depth/48018559_3346.948.png,rule,"{""a_concept"": ""cabinet"", ""b_concept"": ""stove"", ""a_centroid_x"": 89.29871476251581, ""b_centroid_x"": 154.66115801003752, ""horizontal_gap_px"": 65.36244324752171, ""image_width"": 256}"
48018560/3406.640,48018560,lidar,unknown,test,left_right,,5,"From the stool, which direction is the cabinet in, left or right?",,right,choice,left|right,ARKitScenes/3dod/Validation/48018560/48018560_frames/lowres_wide/48018560_3406.640.png,ARKitScenes/3dod/Validation/48018560/48018560_frames/lowres_depth/48018560_3406.640.png,rule,"{""a_concept"": ""cabinet"", ""b_concept"": ""stool"", ""a_centroid_x"": 194.74442003228847, ""b_centroid_x"": 41.709868520476505, ""horizontal_gap_px"": 153.03455151181197, ""image_width"": 256}"
48018760/15060.369,48018760,lidar,unknown,train,left_right,,5,"From the refrigerator, which direction is the oven in, left or right?",,left,choice,left|right,ARKitScenes/3dod/Training/48018760/48018760_frames/lowres_wide/48018760_15060.369.png,ARKitScenes/3dod/Training/48018760/48018760_frames/lowres_depth/48018760_15060.369.png,rule,"{""a_concept"": ""oven"", ""b_concept"": ""refrigerator"", ""a_centroid_x"": 165.04404152557382, ""b_centroid_x"": 225.74154353717196, ""horizontal_gap_px"": 60.69750201159815, ""image_width"": 256}"
48018760/15060.369,48018760,lidar,unknown,train,left_right,,3,Is the oven on the left side or the right side of the stove?,,right,choice,left|right,ARKitScenes/3dod/Training/48018760/48018760_frames/lowres_wide/48018760_15060.369.png,ARKitScenes/3dod/Training/48018760/48018760_frames/lowres_depth/48018760_15060.369.png,rule,"{""a_concept"": ""oven"", ""b_concept"": ""stove"", ""a_centroid_x"": 165.04404152557382, ""b_centroid_x"": 126.9278366196294, ""horizontal_gap_px"": 38.116204905944414, ""image_width"": 256}"
48018760/15060.369,48018760,lidar,unknown,train,left_right,,3,Is the refrigerator on the left side or the right side of the stove?,,right,choice,left|right,ARKitScenes/3dod/Training/48018760/48018760_frames/lowres_wide/48018760_15060.369.png,ARKitScenes/3dod/Training/48018760/48018760_frames/lowres_depth/48018760_15060.369.png,rule,"{""a_concept"": ""refrigerator"", ""b_concept"": ""stove"", ""a_centroid_x"": 225.74154353717196, ""b_centroid_x"": 126.9278366196294, ""horizontal_gap_px"": 98.81370691754256, ""image_width"": 256}"
48018760/15073.181,48018760,lidar,unknown,train,left_right,,2,"Looking at the chair, is the cabinet positioned on its left or right?",,left,choice,left|right,ARKitScenes/3dod/Training/48018760/48018760_frames/lowres_wide/48018760_15073.181.png,ARKitScenes/3dod/Training/48018760/48018760_frames/lowres_depth/48018760_15073.181.png,rule,"{""a_concept"": ""cabinet"", ""b_concept"": ""chair"", ""a_centroid_x"": 21.75426091069667, ""b_centroid_x"": 143.0578776452699, ""horizontal_gap_px"": 121.30361673457324, ""image_width"": 256}"
48018760/15085.976,48018760,lidar,unknown,train,left_right,,2,"Looking at the oven, is the dishwasher positioned on its left or right?",,left,choice,left|right,ARKitScenes/3dod/Training/48018760/48018760_frames/lowres_wide/48018760_15085.976.png,ARKitScenes/3dod/Training/48018760/48018760_frames/lowres_depth/48018760_15085.976.png,rule,"{""a_concept"": ""dishwasher"", ""b_concept"": ""oven"", ""a_centroid_x"": 4.05933027847243, ""b_centroid_x"": 99.85920457849224, ""horizontal_gap_px"": 95.79987430001981, ""image_width"": 256}"
48018760/15085.976,48018760,lidar,unknown,train,left_right,,1,"Relative to the stove, is the dishwasher on the left or the right?",,left,choice,left|right,ARKitScenes/3dod/Training/48018760/48018760_frames/lowres_wide/48018760_15085.976.png,ARKitScenes/3dod/Training/48018760/48018760_frames/lowres_depth/48018760_15085.976.png,rule,"{""a_concept"": ""dishwasher"", ""b_concept"": ""stove"", ""a_centroid_x"": 4.05933027847243, ""b_centroid_x"": 44.801984348178905, ""horizontal_gap_px"": 40.742654069706475, ""image_width"": 256}"
48018760/15085.976,48018760,lidar,unknown,train,left_right,,3,Is the oven on the left side or the right side of the stove?,,right,choice,left|right,ARKitScenes/3dod/Training/48018760/48018760_frames/lowres_wide/48018760_15085.976.png,ARKitScenes/3dod/Training/48018760/48018760_frames/lowres_depth/48018760_15085.976.png,rule,"{""a_concept"": ""oven"", ""b_concept"": ""stove"", ""a_centroid_x"": 99.85920457849224, ""b_centroid_x"": 44.801984348178905, ""horizontal_gap_px"": 55.057220230313334, ""image_width"": 256}"
48018771/14048.976,48018771,lidar,unknown,train,left_right,,3,Is the table on the left side or the right side of the television?,,right,choice,left|right,ARKitScenes/3dod/Training/48018771/48018771_frames/lowres_wide/48018771_14048.976.png,ARKitScenes/3dod/Training/48018771/48018771_frames/lowres_depth/48018771_14048.976.png,rule,"{""a_concept"": ""table"", ""b_concept"": ""television"", ""a_centroid_x"": 58.84031281564204, ""b_centroid_x"": 32.956708528265295, ""horizontal_gap_px"": 25.88360428737674, ""image_width"": 256}"
48018771/14057.989,48018771,lidar,unknown,train,left_right,,0,Is the bed to the left or to the right of the table?,,left,choice,left|right,ARKitScenes/3dod/Training/48018771/48018771_frames/lowres_wide/48018771_14057.989.png,ARKitScenes/3dod/Training/48018771/48018771_frames/lowres_depth/48018771_14057.989.png,rule,"{""a_concept"": ""bed"", ""b_concept"": ""table"", ""a_centroid_x"": 128.46758149443588, ""b_centroid_x"": 247.64604233109006, ""horizontal_gap_px"": 119.17846083665418, ""image_width"": 256}"
48018802/18907.608,48018802,lidar,unknown,train,left_right,,0,Is the cabinet to the left or to the right of the sofa?,,left,choice,left|right,ARKitScenes/3dod/Training/48018802/48018802_frames/lowres_wide/48018802_18907.608.png,ARKitScenes/3dod/Training/48018802/48018802_frames/lowres_depth/48018802_18907.608.png,rule,"{""a_concept"": ""cabinet"", ""b_concept"": ""sofa"", ""a_centroid_x"": 34.096301228741865, ""b_centroid_x"": 204.39099798661672, ""horizontal_gap_px"": 170.29469675787487, ""image_width"": 256}"
48018853/650453.287,48018853,lidar,unknown,train,left_right,,3,Is the washer on the left side or the right side of the sink?,,left,choice,left|right,ARKitScenes/3dod/Training/48018853/48018853_frames/lowres_wide/48018853_650453.287.png,ARKitScenes/3dod/Training/48018853/48018853_frames/lowres_depth/48018853_650453.287.png,rule,"{""a_concept"": ""washer"", ""b_concept"": ""sink"", ""a_centroid_x"": 79.6691923976804, ""b_centroid_x"": 132.47755158114873, ""horizontal_gap_px"": 52.808359183468326, ""image_width"": 256}"
48458489/111547.708,48458489,lidar,unknown,test,left_right,,5,"From the cabinet, which direction is the washer in, left or right?",,right,choice,left|right,ARKitScenes/3dod/Validation/48458489/48458489_frames/lowres_wide/48458489_111547.708.png,ARKitScenes/3dod/Validation/48458489/48458489_frames/lowres_depth/48458489_111547.708.png,rule,"{""a_concept"": ""washer"", ""b_concept"": ""cabinet"", ""a_centroid_x"": 51.7729408746815, ""b_centroid_x"": 11.517079906106863, ""horizontal_gap_px"": 40.25586096857464, ""image_width"": 256}"
48458489/111547.708,48458489,lidar,unknown,test,left_right,,0,Is the table to the left or to the right of the cabinet?,,right,choice,left|right,ARKitScenes/3dod/Validation/48458489/48458489_frames/lowres_wide/48458489_111547.708.png,ARKitScenes/3dod/Validation/48458489/48458489_frames/lowres_depth/48458489_111547.708.png,rule,"{""a_concept"": ""table"", ""b_concept"": ""cabinet"", ""a_centroid_x"": 65.59393391270649, ""b_centroid_x"": 11.517079906106863, ""horizontal_gap_px"": 54.076854006599625, ""image_width"": 256}"
48458714/137754.333,48458714,lidar,unknown,train,left_right,,2,"Looking at the sink, is the washer positioned on its left or right?",,right,choice,left|right,ARKitScenes/3dod/Training/48458714/48458714_frames/lowres_wide/48458714_137754.333.png,ARKitScenes/3dod/Training/48458714/48458714_frames/lowres_depth/48458714_137754.333.png,rule,"{""a_concept"": ""washer"", ""b_concept"": ""sink"", ""a_centroid_x"": 148.332385227188, ""b_centroid_x"": 78.94273428966747, ""horizontal_gap_px"": 69.38965093752054, ""image_width"": 256}"
48458714/137754.333,48458714,lidar,unknown,train,left_right,,4,"Which side of the sink is the cabinet on, left or right?",,right,choice,left|right,ARKitScenes/3dod/Training/48458714/48458714_frames/lowres_wide/48458714_137754.333.png,ARKitScenes/3dod/Training/48458714/48458714_frames/lowres_depth/48458714_137754.333.png,rule,"{""a_concept"": ""cabinet"", ""b_concept"": ""sink"", ""a_centroid_x"": 140.29025118050004, ""b_centroid_x"": 78.94273428966747, ""horizontal_gap_px"": 61.347516890832566, ""image_width"": 256}"
48458714/137760.014,48458714,lidar,unknown,train,left_right,,4,"Which side of the cabinet is the washer on, left or right?",,right,choice,left|right,ARKitScenes/3dod/Training/48458714/48458714_frames/lowres_wide/48458714_137760.014.png,ARKitScenes/3dod/Training/48458714/48458714_frames/lowres_depth/48458714_137760.014.png,rule,"{""a_concept"": ""washer"", ""b_concept"": ""cabinet"", ""a_centroid_x"": 90.4000894152603, ""b_centroid_x"": 52.447623997503115, ""horizontal_gap_px"": 37.95246541775718, ""image_width"": 256}"
48458714/137771.609,48458714,lidar,unknown,train,left_right,,3,Is the washer on the left side or the right side of the cabinet?,,left,choice,left|right,ARKitScenes/3dod/Training/48458714/48458714_frames/lowres_wide/48458714_137771.609.png,ARKitScenes/3dod/Training/48458714/48458714_frames/lowres_depth/48458714_137771.609.png,rule,"{""a_concept"": ""washer"", ""b_concept"": ""cabinet"", ""a_centroid_x"": 36.31917700006933, ""b_centroid_x"": 103.42111143610946, ""horizontal_gap_px"": 67.10193443604012, ""image_width"": 256}"
48458714/137794.717,48458714,lidar,unknown,train,left_right,,3,Is the sink on the left side or the right side of the washer?,,right,choice,left|right,ARKitScenes/3dod/Training/48458714/48458714_frames/lowres_wide/48458714_137794.717.png,ARKitScenes/3dod/Training/48458714/48458714_frames/lowres_depth/48458714_137794.717.png,rule,"{""a_concept"": ""sink"", ""b_concept"": ""washer"", ""a_centroid_x"": 153.69460876108212, ""b_centroid_x"": 32.39074820957352, ""horizontal_gap_px"": 121.30386055150859, ""image_width"": 256}"
48458716/137822.023,48458716,lidar,unknown,train,left_right,,0,Is the sink to the left or to the right of the washer?,,right,choice,left|right,ARKitScenes/3dod/Training/48458716/48458716_frames/lowres_wide/48458716_137822.023.png,ARKitScenes/3dod/Training/48458716/48458716_frames/lowres_depth/48458716_137822.023.png,rule,"{""a_concept"": ""sink"", ""b_concept"": ""washer"", ""a_centroid_x"": 125.71796811115242, ""b_centroid_x"": 13.369162870770273, ""horizontal_gap_px"": 112.34880524038215, ""image_width"": 256}"
