question_id,image_id,sequence_id,sensor,scene_type,split,question_type,variant,template_id,question,question_paraphrased,answer,answer_type,answer_space,image_path,depth_path,source,evidence
train_003865,42899432/188686.742,42899432,lidar,unknown,train,nearest_object,,2,What sits closest to the table?,,sink,object,,ARKitScenes/3dod/Training/42899432/42899432_frames/lowres_wide/42899432_188686.742.png,ARKitScenes/3dod/Training/42899432/42899432_frames/lowres_depth/42899432_188686.742.png,rule,"{""anchor_concept"": ""table"", ""anchor_object_index"": 4, ""answer_concept"": ""sink"", ""answer_object_index"": 2, ""nearest_distance_m"": 0.158, ""second_nearest_distance_m"": 0.25}"
train_000445,47204377/18094.938,47204377,lidar,unknown,train,nearest_object,,1,Which object is nearest to the cabinet?,,television,object,,ARKitScenes/3dod/Training/47204377/47204377_frames/lowres_wide/47204377_18094.938.png,ARKitScenes/3dod/Training/47204377/47204377_frames/lowres_depth/47204377_18094.938.png,rule,"{""anchor_concept"": ""cabinet"", ""anchor_object_index"": 6, ""answer_concept"": ""television"", ""answer_object_index"": 7, ""nearest_distance_m"": 0.482, ""second_nearest_distance_m"": 1.447}"
train_004330,42898247/167673.047,42898247,lidar,unknown,train,nearest_object,,4,What is right next to the television?,,table,object,,ARKitScenes/3dod/Training/42898247/42898247_frames/lowres_wide/42898247_167673.047.png,ARKitScenes/3dod/Training/42898247/42898247_frames/lowres_depth/42898247_167673.047.png,rule,"{""anchor_concept"": ""television"", ""anchor_object_index"": 11, ""answer_concept"": ""table"", ""answer_object_index"": 5, ""nearest_distance_m"": 0.586, ""second_nearest_distance_m"": 1.011}"
train_000925,41126783/4715.940,41126783,lidar,unknown,train,nearest_object,,0,What is the closest object to the stool?,,chair,object,,ARKitScenes/3dod/Training/41126783/41126783_frames/lowres_wide/41126783_4715.940.png,ARKitScenes/3dod/Training/41126783/41126783_frames/lowres_depth/41126783_4715.940.png,rule,"{""anchor_concept"": ""stool"", ""anchor_object_index"": 24, ""answer_concept"": ""chair"", ""answer_object_index"": 26, ""nearest_distance_m"": 0.685, ""second_nearest_distance_m"": 1.009}"
train_000302,47332508/343884.485,47332508,lidar,unknown,train,nearest_object,,3,Which item is positioned nearest to the table?,,sofa,object,,ARKitScenes/3dod/Training/47332508/47332508_frames/lowres_wide/47332508_343884.485.png,ARKitScenes/3dod/Training/47332508/47332508_frames/lowres_depth/47332508_343884.485.png,rule,"{""anchor_concept"": ""table"", ""anchor_object_index"": 1, ""answer_concept"": ""sofa"", ""answer_object_index"": 0, ""nearest_distance_m"": 0.512, ""second_nearest_distance_m"": 1.482}"
train_004308,42898427/1105.759,42898427,lidar,unknown,train,nearest_object,,5,Which object is closest in distance to the television?,,stool,object,,ARKitScenes/3dod/Training/42898427/42898427_frames/lowres_wide/42898427_1105.759.png,ARKitScenes/3dod/Training/42898427/42898427_frames/lowres_depth/42898427_1105.759.png,rule,"{""anchor_concept"": ""television"", ""anchor_object_index"": 9, ""answer_concept"": ""stool"", ""answer_object_index"": 7, ""nearest_distance_m"": 1.315, ""second_nearest_distance_m"": 2.248}"
train_004295,47332418/407250.489,47332418,lidar,unknown,train,nearest_object,,2,What sits closest to the cabinet?,,sink,object,,ARKitScenes/3dod/Training/47332418/47332418_frames/lowres_wide/47332418_407250.489.png,ARKitScenes/3dod/Training/47332418/47332418_frames/lowres_depth/47332418_407250.489.png,rule,"{""anchor_concept"": ""cabinet"", ""anchor_object_index"": 2, ""answer_concept"": ""sink"", ""answer_object_index"": 3, ""nearest_distance_m"": 0.043, ""second_nearest_distance_m"": 0.881}"
train_000476,47334001/51151.452,47334001,lidar,unknown,train,nearest_object,,3,Which item is positioned nearest to the cabinet?,,stool,object,,ARKitScenes/3dod/Training/47334001/47334001_frames/lowres_wide/47334001_51151.452.png,ARKitScenes/3dod/Training/47334001/47334001_frames/lowres_depth/47334001_51151.452.png,rule,"{""anchor_concept"": ""cabinet"", ""anchor_object_index"": 6, ""answer_concept"": ""stool"", ""answer_object_index"": 4, ""nearest_distance_m"": 0.318, ""second_nearest_distance_m"": 0.589}"
train_002262,47895656/368592.185,47895656,lidar,unknown,train,nearest_object,,3,Which item is positioned nearest to the cabinet?,,table,object,,ARKitScenes/3dod/Training/47895656/47895656_frames/lowres_wide/47895656_368592.185.png,ARKitScenes/3dod/Training/47895656/47895656_frames/lowres_depth/47895656_368592.185.png,rule,"{""anchor_concept"": ""cabinet"", ""anchor_object_index"": 7, ""answer_concept"": ""table"", ""answer_object_index"": 8, ""nearest_distance_m"": 0.195, ""second_nearest_distance_m"": 0.339}"
train_003052,48018760/15060.369,48018760,lidar,unknown,train,nearest_object,,3,Which item is positioned nearest to the oven?,,refrigerator,object,,ARKitScenes/3dod/Training/48018760/48018760_frames/lowres_wide/48018760_15060.369.png,ARKitScenes/3dod/Training/48018760/48018760_frames/lowres_depth/48018760_15060.369.png,rule,"{""anchor_concept"": ""oven"", ""anchor_object_index"": 14, ""answer_concept"": ""refrigerator"", ""answer_object_index"": 16, ""nearest_distance_m"": 0.384, ""second_nearest_distance_m"": 0.62}"
train_002583,47430679/326488.797,47430679,lidar,unknown,train,nearest_object,,0,What is the closest object to the stool?,,table,object,,ARKitScenes/3dod/Training/47430679/47430679_frames/lowres_wide/47430679_326488.797.png,ARKitScenes/3dod/Training/47430679/47430679_frames/lowres_depth/47430679_326488.797.png,rule,"{""anchor_concept"": ""stool"", ""anchor_object_index"": 5, ""answer_concept"": ""table"", ""answer_object_index"": 4, ""nearest_distance_m"": 0.409, ""second_nearest_distance_m"": 0.789}"
train_000398,41159623/55566.826,41159623,lidar,unknown,train,nearest_object,,1,Which object is nearest to the television?,,fireplace,object,,ARKitScenes/3dod/Training/41159623/41159623_frames/lowres_wide/41159623_55566.826.png,ARKitScenes/3dod/Training/41159623/41159623_frames/lowres_depth/41159623_55566.826.png,rule,"{""anchor_concept"": ""television"", ""anchor_object_index"": 15, ""answer_concept"": ""fireplace"", ""answer_object_index"": 13, ""nearest_distance_m"": 1.823, ""second_nearest_distance_m"": 3.521}"
train_002177,48458626/127657.995,48458626,lidar,unknown,train,nearest_object,,1,Which object is nearest to the sofa?,,fireplace,object,,ARKitScenes/3dod/Training/48458626/48458626_frames/lowres_wide/48458626_127657.995.png,ARKitScenes/3dod/Training/48458626/48458626_frames/lowres_depth/48458626_127657.995.png,rule,"{""anchor_concept"": ""sofa"", ""anchor_object_index"": 0, ""answer_concept"": ""fireplace"", ""answer_object_index"": 3, ""nearest_distance_m"": 1.371, ""second_nearest_distance_m"": 1.896}"
train_003078,45261509/43532.159,45261509,lidar,unknown,train,nearest_object,,5,Which object is closest in distance to the television?,,chair,object,,ARKitScenes/3dod/Training/45261509/45261509_frames/lowres_wide/45261509_43532.159.png,ARKitScenes/3dod/Training/45261509/45261509_frames/lowres_depth/45261509_43532.159.png,rule,"{""anchor_concept"": ""television"", ""anchor_object_index"": 19, ""answer_concept"": ""chair"", ""answer_object_index"": 13, ""nearest_distance_m"": 0.237, ""second_nearest_distance_m"": 0.488}"
train_004251,41254893/159257.734,41254893,lidar,unknown,train,nearest_object,,0,What is the closest object to the sofa?,,table,object,,ARKitScenes/3dod/Training/41254893/41254893_frames/lowres_wide/41254893_159257.734.png,ARKitScenes/3dod/Training/41254893/41254893_frames/lowres_depth/41254893_159257.734.png,rule,"{""anchor_concept"": ""sofa"", ""anchor_object_index"": 2, ""answer_concept"": ""table"", ""answer_object_index"": 11, ""nearest_distance_m"": 1.192, ""second_nearest_distance_m"": 1.684}"
train_000613,48018542/829017.513,48018542,lidar,unknown,train,nearest_object,,4,What is right next to the cabinet?,,sink,object,,ARKitScenes/3dod/Training/48018542/48018542_frames/lowres_wide/48018542_829017.513.png,ARKitScenes/3dod/Training/48018542/48018542_frames/lowres_depth/48018542_829017.513.png,rule,"{""anchor_concept"": ""cabinet"", ""anchor_object_index"": 1, ""answer_concept"": ""sink"", ""answer_object_index"": 2, ""nearest_distance_m"": 0.369, ""second_nearest_distance_m"": 0.595}"
train_001128,41098140/886.335,41098140,lidar,unknown,train,nearest_object,,0,What is the closest object to the cabinet?,,washer,object,,ARKitScenes/3dod/Training/41098140/41098140_frames/lowres_wide/41098140_886.335.png,ARKitScenes/3dod/Training/41098140/41098140_frames/lowres_depth/41098140_886.335.png,rule,"{""anchor_concept"": ""cabinet"", ""anchor_object_index"": 0, ""answer_concept"": ""washer"", ""answer_object_index"": 1, ""nearest_distance_m"": 0.396, ""second_nearest_distance_m"": 1.35}"
train_003167,42898711/581564.432,42898711,lidar,unknown,train,nearest_object,,2,What sits closest to the cabinet?,,bed,object,,ARKitScenes/3dod/Training/42898711/42898711_frames/lowres_wide/42898711_581564.432.png,ARKitScenes/3dod/Training/42898711/42898711_frames/lowres_depth/42898711_581564.432.png,rule,"{""anchor_concept"": ""cabinet"", ""anchor_object_index"": 4, ""answer_concept"": ""bed"", ""answer_object_index"": 0, ""nearest_distance_m"": 1.216, ""second_nearest_distance_m"": 1.543}"
train_004562,48018791/18086.660,48018791,lidar,unknown,train,nearest_object,,5,Which object is closest in distance to the table?,,chair,object,,ARKitScenes/3dod/Training/48018791/48018791_frames/lowres_wide/48018791_18086.660.png,ARKitScenes/3dod/Training/48018791/48018791_frames/lowres_depth/48018791_18086.660.png,rule,"{""anchor_concept"": ""table"", ""anchor_object_index"": 0, ""answer_concept"": ""chair"", ""answer_object_index"": 4, ""nearest_distance_m"": 0.632, ""second_nearest_distance_m"": 0.817}"
train_003809,48458766/142243.750,48458766,lidar,unknown,train,nearest_object,,0,What is the closest object to the cabinet?,,shelf,object,,ARKitScenes/3dod/Training/48458766/48458766_frames/lowres_wide/48458766_142243.750.png,ARKitScenes/3dod/Training/48458766/48458766_frames/lowres_depth/48458766_142243.750.png,rule,"{""anchor_concept"": ""cabinet"", ""anchor_object_index"": 7, ""answer_concept"": ""shelf"", ""answer_object_index"": 6, ""nearest_distance_m"": 0.891, ""second_nearest_distance_m"": 1.329}"
train_003189,42898236/167719.046,42898236,lidar,unknown,train,nearest_object,,0,What is the closest object to the table?,,stool,object,,ARKitScenes/3dod/Training/42898236/42898236_frames/lowres_wide/42898236_167719.046.png,ARKitScenes/3dod/Training/42898236/42898236_frames/lowres_depth/42898236_167719.046.png,rule,"{""anchor_concept"": ""table"", ""anchor_object_index"": 5, ""answer_concept"": ""stool"", ""answer_object_index"": 6, ""nearest_distance_m"": 0.243, ""second_nearest_distance_m"": 1.26}"
train_002343,47430739/336558.648,47430739,lidar,unknown,train,nearest_object,,5,Which object is closest in distance to the table?,,stool,object,,ARKitScenes/3dod/Training/47430739/47430739_frames/lowres_wide/47430739_336558.648.png,ARKitScenes/3dod/Training/47430739/47430739_frames/lowres_depth/47430739_336558.648.png,rule,"{""anchor_concept"": ""table"", ""anchor_object_index"": 3, ""answer_concept"": ""stool"", ""answer_object_index"": 4, ""nearest_distance_m"": 0.497, ""second_nearest_distance_m"": 1.061}"
train_001965,47430248/182334.699,47430248,lidar,unknown,train,nearest_object,,1,Which object is nearest to the shelf?,,television,object,,ARKitScenes/3dod/Training/47430248/47430248_frames/lowres_wide/47430248_182334.699.png,ARKitScenes/3dod/Training/47430248/47430248_frames/lowres_depth/47430248_182334.699.png,rule,"{""anchor_concept"": ""shelf"", ""anchor_object_index"": 17, ""answer_concept"": ""television"", ""answer_object_index"": 9, ""nearest_distance_m"": 0.067, ""second_nearest_distance_m"": 0.537}"
train_005147,48018760/15073.181,48018760,lidar,unknown,train,nearest_object,,1,Which object is nearest to the cabinet?,,television,object,,ARKitScenes/3dod/Training/48018760/48018760_frames/lowres_wide/48018760_15073.181.png,ARKitScenes/3dod/Training/48018760/48018760_frames/lowres_depth/48018760_15073.181.png,rule,"{""anchor_concept"": ""cabinet"", ""anchor_object_index"": 8, ""answer_concept"": ""television"", ""answer_object_index"": 9, ""nearest_distance_m"": 0.327, ""second_nearest_distance_m"": 1.584}"
train_003218,42899307/885764.051,42899307,lidar,unknown,train,nearest_object,,4,What is right next to the shelf?,,television,object,,ARKitScenes/3dod/Training/42899307/42899307_frames/lowres_wide/42899307_885764.051.png,ARKitScenes/3dod/Training/42899307/42899307_frames/lowres_depth/42899307_885764.051.png,rule,"{""anchor_concept"": ""shelf"", ""anchor_object_index"": 2, ""answer_concept"": ""television"", ""answer_object_index"": 5, ""nearest_distance_m"": 0.827, ""second_nearest_distance_m"": 1.131}"
train_004057,47332778/44661.365,47332778,lidar,unknown,train,nearest_object,,3,Which item is positioned nearest to the cabinet?,,television,object,,ARKitScenes/3dod/Training/47332778/47332778_frames/lowres_wide/47332778_44661.365.png,ARKitScenes/3dod/Training/47332778/47332778_frames/lowres_depth/47332778_44661.365.png,rule,"{""anchor_concept"": ""cabinet"", ""anchor_object_index"": 0, ""answer_concept"": ""television"", ""answer_object_index"": 1, ""nearest_distance_m"": 1.129, ""second_nearest_distance_m"": 2.367}"
train_003240,41098140/869.526,41098140,lidar,unknown,train,nearest_object,,5,Which object is closest in distance to the sofa?,,refrigerator,object,,ARKitScenes/3dod/Training/41098140/41098140_frames/lowres_wide/41098140_869.526.png,ARKitScenes/3dod/Training/41098140/41098140_frames/lowres_depth/41098140_869.526.png,rule,"{""anchor_concept"": ""sofa"", ""anchor_object_index"": 14, ""answer_concept"": ""refrigerator"", ""answer_object_index"": 13, ""nearest_distance_m"": 0.458, ""second_nearest_distance_m"": 1.328}"
train_002328,43895917/111338.458,43895917,lidar,unknown,train,nearest_object,,3,Which item is positioned nearest to the table?,,bathtub,object,,ARKitScenes/3dod/Training/43895917/43895917_frames/lowres_wide/43895917_111338.458.png,ARKitScenes/3dod/Training/43895917/43895917_frames/lowres_depth/43895917_111338.458.png,rule,"{""anchor_concept"": ""table"", ""anchor_object_index"": 2, ""answer_concept"": ""bathtub"", ""answer_object_index"": 0, ""nearest_distance_m"": 0.119, ""second_nearest_distance_m"": 1.343}"
train_003576,47330996/177051.900,47330996,lidar,unknown,train,nearest_object,,2,What sits closest to the oven?,,shelf,object,,ARKitScenes/3dod/Training/47330996/47330996_frames/lowres_wide/47330996_177051.900.png,ARKitScenes/3dod/Training/47330996/47330996_frames/lowres_depth/47330996_177051.900.png,rule,"{""anchor_concept"": ""oven"", ""anchor_object_index"": 16, ""answer_concept"": ""shelf"", ""answer_object_index"": 19, ""nearest_distance_m"": 0.11, ""second_nearest_distance_m"": 0.388}"
train_000924,43649586/35269.551,43649586,lidar,unknown,train,nearest_object,,3,Which item is positioned nearest to the cabinet?,,oven,object,,ARKitScenes/3dod/Training/43649586/43649586_frames/lowres_wide/43649586_35269.551.png,ARKitScenes/3dod/Training/43649586/43649586_frames/lowres_depth/43649586_35269.551.png,rule,"{""anchor_concept"": ""cabinet"", ""anchor_object_index"": 0, ""answer_concept"": ""oven"", ""answer_object_index"": 2, ""nearest_distance_m"": 1.101, ""second_nearest_distance_m"": 1.993}"
train_003584,47204506/680.273,47204506,lidar,unknown,train,nearest_object,,0,What is the closest object to the cabinet?,,shelf,object,,ARKitScenes/3dod/Training/47204506/47204506_frames/lowres_wide/47204506_680.273.png,ARKitScenes/3dod/Training/47204506/47204506_frames/lowres_depth/47204506_680.273.png,rule,"{""anchor_concept"": ""cabinet"", ""anchor_object_index"": 1, ""answer_concept"": ""shelf"", ""answer_object_index"": 16, ""nearest_distance_m"": 2.017, ""second_nearest_distance_m"": 2.582}"
train_001814,47332653/369032.886,47332653,lidar,unknown,train,nearest_object,,0,What is the closest object to the table?,,chair,object,,ARKitScenes/3dod/Training/47332653/47332653_frames/lowres_wide/47332653_369032.886.png,ARKitScenes/3dod/Training/47332653/47332653_frames/lowres_depth/47332653_369032.886.png,rule,"{""anchor_concept"": ""table"", ""anchor_object_index"": 6, ""answer_concept"": ""chair"", ""answer_object_index"": 8, ""nearest_distance_m"": 0.418, ""second_nearest_distance_m"": 0.692}"
train_001391,47334629/386372.149,47334629,lidar,unknown,train,nearest_object,,0,What is the closest object to the sink?,,cabinet,object,,ARKitScenes/3dod/Training/47334629/47334629_frames/lowres_wide/47334629_386372.149.png,ARKitScenes/3dod/Training/47334629/47334629_frames/lowres_depth/47334629_386372.149.png,rule,"{""anchor_concept"": ""sink"", ""anchor_object_index"": 2, ""answer_concept"": ""cabinet"", ""answer_object_index"": 1, ""nearest_distance_m"": 0.078, ""second_nearest_distance_m"": 0.651}"
train_003474,41159823/86654.081,41159823,lidar,unknown,train,nearest_object,,5,Which object is closest in distance to the sink?,,toilet,object,,ARKitScenes/3dod/Training/41159823/41159823_frames/lowres_wide/41159823_86654.081.png,ARKitScenes/3dod/Training/41159823/41159823_frames/lowres_depth/41159823_86654.081.png,rule,"{""anchor_concept"": ""sink"", ""anchor_object_index"": 1, ""answer_concept"": ""toilet"", ""answer_object_index"": 0, ""nearest_distance_m"": 0.574, ""second_nearest_distance_m"": 1.275}"
train_002697,47332501/342400.330,47332501,lidar,unknown,train,nearest_object,,0,What is the closest object to the cabinet?,,stove,object,,ARKitScenes/3dod/Training/47332501/47332501_frames/lowres_wide/47332501_342400.330.png,ARKitScenes/3dod/Training/47332501/47332501_frames/lowres_depth/47332501_342400.330.png,rule,"{""anchor_concept"": ""cabinet"", ""anchor_object_index"": 11, ""answer_concept"": ""stove"", ""answer_object_index"": 12, ""nearest_distance_m"": 0.24, ""second_nearest_distance_m"": 0.393}"
train_002717,47332063/247507.774,47332063,lidar,unknown,train,nearest_object,,2,What sits closest to the chair?,,table,object,,ARKitScenes/3dod/Training/47332063/47332063_frames/lowres_wide/47332063_247507.774.png,ARKitScenes/3dod/Training/47332063/47332063_frames/lowres_depth/47332063_247507.774.png,rule,"{""anchor_concept"": ""chair"", ""anchor_object_index"": 2, ""answer_concept"": ""table"", ""answer_object_index"": 1, ""nearest_distance_m"": 0.252, ""second_nearest_distance_m"": 0.67}"
train_003360,45261061/14560.021,45261061,lidar,unknown,train,nearest_object,,3,Which item is positioned nearest to the sofa?,,fireplace,object,,ARKitScenes/3dod/Training/45261061/45261061_frames/lowres_wide/45261061_14560.021.png,ARKitScenes/3dod/Training/45261061/45261061_frames/lowres_depth/45261061_14560.021.png,rule,"{""anchor_concept"": ""sofa"", ""anchor_object_index"": 1, ""answer_concept"": ""fireplace"", ""answer_object_index"": 4, ""nearest_distance_m"": 1.727, ""second_nearest_distance_m"": 2.709}"
train_002007,42899799/252807.476,42899799,lidar,unknown,train,nearest_object,,3,Which item is positioned nearest to the cabinet?,,sink,object,,ARKitScenes/3dod/Training/42899799/42899799_frames/lowres_wide/42899799_252807.476.png,ARKitScenes/3dod/Training/42899799/42899799_frames/lowres_depth/42899799_252807.476.png,rule,"{""anchor_concept"": ""cabinet"", ""anchor_object_index"": 1, ""answer_concept"": ""sink"", ""answer_object_index"": 2, ""nearest_distance_m"": 0.105, ""second_nearest_distance_m"": 0.572}"
train_002245,47331536/4457.797,47331536,lidar,unknown,train,nearest_object,,3,Which item is positioned nearest to the table?,,television,object,,ARKitScenes/3dod/Training/47331536/47331536_frames/lowres_wide/47331536_4457.797.png,ARKitScenes/3dod/Training/47331536/47331536_frames/lowres_depth/47331536_4457.797.png,rule,"{""anchor_concept"": ""table"", ""anchor_object_index"": 4, ""answer_concept"": ""television"", ""answer_object_index"": 5, ""nearest_distance_m"": 0.364, ""second_nearest_distance_m"": 0.795}"
train_004293,45662829/15185.112,45662829,lidar,unknown,train,nearest_object,,4,What is right next to the cabinet?,,television,object,,ARKitScenes/3dod/Training/45662829/45662829_frames/lowres_wide/45662829_15185.112.png,ARKitScenes/3dod/Training/45662829/45662829_frames/lowres_depth/45662829_15185.112.png,rule,"{""anchor_concept"": ""cabinet"", ""anchor_object_index"": 2, ""answer_concept"": ""television"", ""answer_object_index"": 3, ""nearest_distance_m"": 0.89, ""second_nearest_distance_m"": 1.71}"
train_003601,47331491/153154.444,47331491,lidar,unknown,train,identify_superlative,closest_camera,2,"Among the furniture and items in the room, not the walls, floor, or ceiling, which is closest to where the picture was taken from?",,sofa,object,,ARKitScenes/3dod/Training/47331491/47331491_frames/lowres_wide/47331491_153154.444.png,ARKitScenes/3dod/Training/47331491/47331491_frames/lowres_depth/47331491_153154.444.png,rule,"{""winner_concept"": ""sofa"", ""winner_object_index"": 5, ""winner_area_frac"": 0.43134082099301074, ""winner_depth_m"": 1.4270000457763672, ""runner_up_concept"": null, ""runner_up_area_frac"": null, ""runner_up_depth_m"": null}"
train_003152,47115260/115049.781,47115260,lidar,unknown,train,identify_superlative,farthest_camera,1,"Excluding the walls, floor, and ceiling, what is the most distant object from the camera?",,cabinet,object,,ARKitScenes/3dod/Training/47115260/47115260_frames/lowres_wide/47115260_115049.781.png,ARKitScenes/3dod/Training/47115260/47115260_frames/lowres_depth/47115260_115049.781.png,rule,"{""winner_concept"": ""cabinet"", ""winner_object_index"": 2, ""winner_area_frac"": 0.044502755719657276, ""winner_depth_m"": 2.4189999103546143, ""runner_up_concept"": ""chair"", ""runner_up_area_frac"": 0.06416103897206916, ""runner_up_depth_m"": 1.8229999542236328}"
train_004212,41097992/8639.031,41097992,lidar,unknown,train,identify_superlative,closest_camera,2,"Among the furniture and items in the room, not the walls, floor, or ceiling, which is closest to where the picture was taken from?",,toilet,object,,ARKitScenes/3dod/Training/41097992/41097992_frames/lowres_wide/41097992_8639.031.png,ARKitScenes/3dod/Training/41097992/41097992_frames/lowres_depth/41097992_8639.031.png,rule,"{""winner_concept"": ""toilet"", ""winner_object_index"": 3, ""winner_area_frac"": 0.19613412072486158, ""winner_depth_m"": 1.3660000562667847, ""runner_up_concept"": null, ""runner_up_area_frac"": null, ""runner_up_depth_m"": null}"
train_003371,47204887/798.013,47204887,lidar,unknown,train,identify_superlative,closest_camera,5,"Excluding the walls, floor, and ceiling, what is the closest visible object to the camera?",,cabinet,object,,ARKitScenes/3dod/Training/47204887/47204887_frames/lowres_wide/47204887_798.013.png,ARKitScenes/3dod/Training/47204887/47204887_frames/lowres_depth/47204887_798.013.png,rule,"{""winner_concept"": ""cabinet"", ""winner_object_index"": 5, ""winner_area_frac"": 0.2256766515107902, ""winner_depth_m"": 0.9269999861717224, ""runner_up_concept"": null, ""runner_up_area_frac"": null, ""runner_up_depth_m"": null}"
train_001405,47669851/12512.272,47669851,lidar,unknown,train,identify_superlative,farthest_camera,2,"Among the furniture and items in the room, not the walls, floor, or ceiling, which is farthest from where the picture was taken?",,fireplace,object,,ARKitScenes/3dod/Training/47669851/47669851_frames/lowres_wide/47669851_12512.272.png,ARKitScenes/3dod/Training/47669851/47669851_frames/lowres_depth/47669851_12512.272.png,rule,"{""winner_concept"": ""fireplace"", ""winner_object_index"": 9, ""winner_area_frac"": 0.19834742202989042, ""winner_depth_m"": 2.4800000190734863, ""runner_up_concept"": null, ""runner_up_area_frac"": null, ""runner_up_depth_m"": null}"
train_004759,41048247/4172.373,41048247,lidar,unknown,train,identify_superlative,closest_camera,4,"Not counting the room's walls, floor, or ceiling, which object is closest to us in this image?",,sink,object,,ARKitScenes/3dod/Training/41048247/41048247_frames/lowres_wide/41048247_4172.373.png,ARKitScenes/3dod/Training/41048247/41048247_frames/lowres_depth/41048247_4172.373.png,rule,"{""winner_concept"": ""sink"", ""winner_object_index"": 0, ""winner_area_frac"": 0.10930107900085705, ""winner_depth_m"": 1.034000039100647, ""runner_up_concept"": null, ""runner_up_area_frac"": null, ""runner_up_depth_m"": null}"
train_003965,47204524/1572.385,47204524,lidar,unknown,train,identify_superlative,closest_camera,3,"Ignoring the walls, floor, and ceiling, what object is nearest the viewer?",,cabinet,object,,ARKitScenes/3dod/Training/47204524/47204524_frames/lowres_wide/47204524_1572.385.png,ARKitScenes/3dod/Training/47204524/47204524_frames/lowres_depth/47204524_1572.385.png,rule,"{""winner_concept"": ""cabinet"", ""winner_object_index"": 2, ""winner_area_frac"": 0.06968286191980509, ""winner_depth_m"": 2.0820000171661377, ""runner_up_concept"": null, ""runner_up_area_frac"": null, ""runner_up_depth_m"": null}"
train_001029,44796374/11461.969,44796374,lidar,unknown,train,identify_superlative,closest_camera,5,"Excluding the walls, floor, and ceiling, what is the closest visible object to the camera?",,cabinet,object,,ARKitScenes/3dod/Training/44796374/44796374_frames/lowres_wide/44796374_11461.969.png,ARKitScenes/3dod/Training/44796374/44796374_frames/lowres_depth/44796374_11461.969.png,rule,"{""winner_concept"": ""cabinet"", ""winner_object_index"": 4, ""winner_area_frac"": 0.3496263690621952, ""winner_depth_m"": 1.343000054359436, ""runner_up_concept"": null, ""runner_up_area_frac"": null, ""runner_up_depth_m"": null}"
train_000715,47430688/326930.140,47430688,lidar,unknown,train,identify_superlative,farthest_camera,0,"Not counting the walls, floor, or ceiling, which object is farthest from the camera?",,cabinet,object,,ARKitScenes/3dod/Training/47430688/47430688_frames/lowres_wide/47430688_326930.140.png,ARKitScenes/3dod/Training/47430688/47430688_frames/lowres_depth/47430688_326930.140.png,rule,"{""winner_concept"": ""cabinet"", ""winner_object_index"": 5, ""winner_area_frac"": 0.21258008914412485, ""winner_depth_m"": 1.0915000438690186, ""runner_up_concept"": null, ""runner_up_area_frac"": null, ""runner_up_depth_m"": null}"
train_004079,47204377/18057.836,47204377,lidar,unknown,train,identify_superlative,farthest_camera,1,"Excluding the walls, floor, and ceiling, what is the most distant object from the camera?",,sofa,object,,ARKitScenes/3dod/Training/47204377/47204377_frames/lowres_wide/47204377_18057.836.png,ARKitScenes/3dod/Training/47204377/47204377_frames/lowres_depth/47204377_18057.836.png,rule,"{""winner_concept"": ""sofa"", ""winner_object_index"": 0, ""winner_area_frac"": 0.021740079807956864, ""winner_depth_m"": 2.4100000858306885, ""runner_up_concept"": null, ""runner_up_area_frac"": null, ""runner_up_depth_m"": null}"
train_003861,47333357/32126.598,47333357,lidar,unknown,train,identify_superlative,closest_camera,0,"Not counting the walls, floor, or ceiling, which object is closest to the camera?",,cabinet,object,,ARKitScenes/3dod/Training/47333357/47333357_frames/lowres_wide/47333357_32126.598.png,ARKitScenes/3dod/Training/47333357/47333357_frames/lowres_depth/47333357_32126.598.png,rule,"{""winner_concept"": ""cabinet"", ""winner_object_index"": 6, ""winner_area_frac"": 0.4593896888264239, ""winner_depth_m"": 0.9039999842643738, ""runner_up_concept"": null, ""runner_up_area_frac"": null, ""runner_up_depth_m"": null}"
train_003999,47332648/369099.692,47332648,lidar,unknown,train,identify_superlative,farthest_camera,5,"Excluding the walls, floor, and ceiling, what is the most distant visible object in the scene?",,television,object,,ARKitScenes/3dod/Training/47332648/47332648_frames/lowres_wide/47332648_369099.692.png,ARKitScenes/3dod/Training/47332648/47332648_frames/lowres_depth/47332648_369099.692.png,rule,"{""winner_concept"": ""television"", ""winner_object_index"": 10, ""winner_area_frac"": 0.17434984590138003, ""winner_depth_m"": 1.375, ""runner_up_concept"": null, ""runner_up_area_frac"": null, ""runner_up_depth_m"": null}"
train_004232,42898711/581543.341,42898711,lidar,unknown,train,identify_superlative,farthest_camera,0,"Not counting the walls, floor, or ceiling, which object is farthest from the camera?",,cabinet,object,,ARKitScenes/3dod/Training/42898711/42898711_frames/lowres_wide/42898711_581543.341.png,ARKitScenes/3dod/Training/42898711/42898711_frames/lowres_depth/42898711_581543.341.png,rule,"{""winner_concept"": ""cabinet"", ""winner_object_index"": 1, ""winner_area_frac"": 0.09972946164041115, ""winner_depth_m"": 1.7860000133514404, ""runner_up_concept"": null, ""runner_up_area_frac"": null, ""runner_up_depth_m"": null}"
train_005129,42444814/54643.210,42444814,lidar,unknown,train,identify_superlative,farthest_camera,5,"Excluding the walls, floor, and ceiling, what is the most distant visible object in the scene?",,sofa,object,,ARKitScenes/3dod/Training/42444814/42444814_frames/lowres_wide/42444814_54643.210.png,ARKitScenes/3dod/Training/42444814/42444814_frames/lowres_depth/42444814_54643.210.png,rule,"{""winner_concept"": ""sofa"", ""winner_object_index"": 14, ""winner_area_frac"": 0.6250951719255718, ""winner_depth_m"": 1.027999997138977, ""runner_up_concept"": null, ""runner_up_area_frac"": null, ""runner_up_depth_m"": null}"
train_000192,48018412/394249.551,48018412,lidar,unknown,train,identify_superlative,farthest_camera,4,"Not counting the room's walls, floor, or ceiling, which object is farthest away in this image?",,chair,object,,ARKitScenes/3dod/Training/48018412/48018412_frames/lowres_wide/48018412_394249.551.png,ARKitScenes/3dod/Training/48018412/48018412_frames/lowres_depth/48018412_394249.551.png,rule,"{""winner_concept"": ""chair"", ""winner_object_index"": 8, ""winner_area_frac"": 0.03592251737654773, ""winner_depth_m"": 2.0889999866485596, ""runner_up_concept"": ""table"", ""runner_up_area_frac"": 0.05801136427856687, ""runner_up_depth_m"": 1.3880000114440918}"
train_003525,45663317/76522.488,45663317,lidar,unknown,train,identify_superlative,closest_camera,1,"Excluding the walls, floor, and ceiling, what is the nearest object to the camera?",,sofa,object,,ARKitScenes/3dod/Training/45663317/45663317_frames/lowres_wide/45663317_76522.488.png,ARKitScenes/3dod/Training/45663317/45663317_frames/lowres_depth/45663317_76522.488.png,rule,"{""winner_concept"": ""sofa"", ""winner_object_index"": 0, ""winner_area_frac"": 0.04091633552129287, ""winner_depth_m"": 4.142000198364258, ""runner_up_concept"": null, ""runner_up_area_frac"": null, ""runner_up_depth_m"": null}"
train_001258,47669851/12475.387,47669851,lidar,unknown,train,identify_superlative,closest_camera,4,"Not counting the room's walls, floor, or ceiling, which object is closest to us in this image?",,chair,object,,ARKitScenes/3dod/Training/47669851/47669851_frames/lowres_wide/47669851_12475.387.png,ARKitScenes/3dod/Training/47669851/47669851_frames/lowres_depth/47669851_12475.387.png,rule,"{""winner_concept"": ""chair"", ""winner_object_index"": 7, ""winner_area_frac"": 0.042779859484368694, ""winner_depth_m"": 3.4679999351501465, ""runner_up_concept"": null, ""runner_up_area_frac"": null, ""runner_up_depth_m"": null}"
train_000812,48018286/799457.841,48018286,lidar,unknown,train,identify_superlative,farthest_camera,5,"Excluding the walls, floor, and ceiling, what is the most distant visible object in the scene?",,chair,object,,ARKitScenes/3dod/Training/48018286/48018286_frames/lowres_wide/48018286_799457.841.png,ARKitScenes/3dod/Training/48018286/48018286_frames/lowres_depth/48018286_799457.841.png,rule,"{""winner_concept"": ""chair"", ""winner_object_index"": 19, ""winner_area_frac"": 0.08330917610865805, ""winner_depth_m"": 2.630000114440918, ""runner_up_concept"": ""cabinet"", ""runner_up_area_frac"": 0.17631396861818102, ""runner_up_depth_m"": 2.1600000858306885}"
train_003450,47332636/367021.293,47332636,lidar,unknown,train,identify_superlative,closest_camera,2,"Among the furniture and items in the room, not the walls, floor, or ceiling, which is closest to where the picture was taken from?",,cabinet,object,,ARKitScenes/3dod/Training/47332636/47332636_frames/lowres_wide/47332636_367021.293.png,ARKitScenes/3dod/Training/47332636/47332636_frames/lowres_depth/47332636_367021.293.png,rule,"{""winner_concept"": ""cabinet"", ""winner_object_index"": 1, ""winner_area_frac"": 0.31483014424418915, ""winner_depth_m"": 0.6399999856948853, ""runner_up_concept"": null, ""runner_up_area_frac"": null, ""runner_up_depth_m"": null}"
train_001578,47331891/623217.954,47331891,lidar,unknown,train,identify_superlative,farthest_camera,5,"Excluding the walls, floor, and ceiling, what is the most distant visible object in the scene?",,cabinet,object,,ARKitScenes/3dod/Training/47331891/47331891_frames/lowres_wide/47331891_623217.954.png,ARKitScenes/3dod/Training/47331891/47331891_frames/lowres_depth/47331891_623217.954.png,rule,"{""winner_concept"": ""cabinet"", ""winner_object_index"": 1, ""winner_area_frac"": 0.029902475304130077, ""winner_depth_m"": 1.2450000047683716, ""runner_up_concept"": null, ""runner_up_area_frac"": null, ""runner_up_depth_m"": null}"
train_004113,47895946/404944.685,47895946,lidar,unknown,train,identify_superlative,farthest_camera,1,"Excluding the walls, floor, and ceiling, what is the most distant object from the camera?",,washer,object,,ARKitScenes/3dod/Training/47895946/47895946_frames/lowres_wide/47895946_404944.685.png,ARKitScenes/3dod/Training/47895946/47895946_frames/lowres_depth/47895946_404944.685.png,rule,"{""winner_concept"": ""washer"", ""winner_object_index"": 3, ""winner_area_frac"": 0.03090568715251296, ""winner_depth_m"": 2.828000068664551, ""runner_up_concept"": ""shelf"", ""runner_up_area_frac"": 0.09254596006937288, ""runner_up_depth_m"": 1.815000057220459}"
train_003343,42899358/716447.099,42899358,lidar,unknown,train,identify_superlative,closest_camera,2,"Among the furniture and items in the room, not the walls, floor, or ceiling, which is closest to where the picture was taken from?",,bed,object,,ARKitScenes/3dod/Training/42899358/42899358_frames/lowres_wide/42899358_716447.099.png,ARKitScenes/3dod/Training/42899358/42899358_frames/lowres_depth/42899358_716447.099.png,rule,"{""winner_concept"": ""bed"", ""winner_object_index"": 0, ""winner_area_frac"": 0.08785400101874508, ""winner_depth_m"": 1.5820000171661377, ""runner_up_concept"": ""cabinet"", ""runner_up_area_frac"": 0.16717107617771232, ""runner_up_depth_m"": 2.308000087738037}"
train_004266,43828390/94791.716,43828390,lidar,unknown,train,identify_superlative,farthest_camera,3,"Ignoring the walls, floor, and ceiling, what object is farthest from the viewer?",,bed,object,,ARKitScenes/3dod/Training/43828390/43828390_frames/lowres_wide/43828390_94791.716.png,ARKitScenes/3dod/Training/43828390/43828390_frames/lowres_depth/43828390_94791.716.png,rule,"{""winner_concept"": ""bed"", ""winner_object_index"": 0, ""winner_area_frac"": 0.006499978613308079, ""winner_depth_m"": 1.2569999694824219, ""runner_up_concept"": null, ""runner_up_area_frac"": null, ""runner_up_depth_m"": null}"
train_000488,43828455/92097.756,43828455,lidar,unknown,train,identify_superlative,closest_camera,4,"Not counting the room's walls, floor, or ceiling, which object is closest to us in this image?",,bathtub,object,,ARKitScenes/3dod/Training/43828455/43828455_frames/lowres_wide/43828455_92097.756.png,ARKitScenes/3dod/Training/43828455/43828455_frames/lowres_depth/43828455_92097.756.png,rule,"{""winner_concept"": ""bathtub"", ""winner_object_index"": 2, ""winner_area_frac"": 0.6604869642264874, ""winner_depth_m"": 1.1749999523162842, ""runner_up_concept"": null, ""runner_up_area_frac"": null, ""runner_up_depth_m"": null}"
train_002347,47333699/48872.923,47333699,lidar,unknown,train,identify_superlative,closest_camera,2,"Among the furniture and items in the room, not the walls, floor, or ceiling, which is closest to where the picture was taken from?",,chair,object,,ARKitScenes/3dod/Training/47333699/47333699_frames/lowres_wide/47333699_48872.923.png,ARKitScenes/3dod/Training/47333699/47333699_frames/lowres_depth/47333699_48872.923.png,rule,"{""winner_concept"": ""chair"", ""winner_object_index"": 18, ""winner_area_frac"": 0.08443896978266296, ""winner_depth_m"": 1.378000020980835, ""runner_up_concept"": null, ""runner_up_area_frac"": null, ""runner_up_depth_m"": null}"
train_001937,45261317/23601.393,45261317,lidar,unknown,train,identify_superlative,farthest_camera,4,"Not counting the room's walls, floor, or ceiling, which object is farthest away in this image?",,cabinet,object,,ARKitScenes/3dod/Training/45261317/45261317_frames/lowres_wide/45261317_23601.393.png,ARKitScenes/3dod/Training/45261317/45261317_frames/lowres_depth/45261317_23601.393.png,rule,"{""winner_concept"": ""cabinet"", ""winner_object_index"": 3, ""winner_area_frac"": 0.19879421676029144, ""winner_depth_m"": 1.0989999771118164, ""runner_up_concept"": null, ""runner_up_area_frac"": null, ""runner_up_depth_m"": null}"
train_003986,41125918/9972.267,41125918,lidar,unknown,train,identify_superlative,closest_camera,1,"Excluding the walls, floor, and ceiling, what is the nearest object to the camera?",,bed,object,,ARKitScenes/3dod/Training/41125918/41125918_frames/lowres_wide/41125918_9972.267.png,ARKitScenes/3dod/Training/41125918/41125918_frames/lowres_depth/41125918_9972.267.png,rule,"{""winner_concept"": ""bed"", ""winner_object_index"": 0, ""winner_area_frac"": 0.028426512649112265, ""winner_depth_m"": 2.48799991607666, ""runner_up_concept"": null, ""runner_up_area_frac"": null, ""runner_up_depth_m"": null}"
train_004556,43896330/8930.976,43896330,lidar,unknown,train,identify_superlative,closest_camera,5,"Excluding the walls, floor, and ceiling, what is the closest visible object to the camera?",,stove,object,,ARKitScenes/3dod/Training/43896330/43896330_frames/lowres_wide/43896330_8930.976.png,ARKitScenes/3dod/Training/43896330/43896330_frames/lowres_depth/43896330_8930.976.png,rule,"{""winner_concept"": ""stove"", ""winner_object_index"": 4, ""winner_area_frac"": 0.02563689823123783, ""winner_depth_m"": 2.9100000858306885, ""runner_up_concept"": ""television"", ""runner_up_area_frac"": 0.010989985642766946, ""runner_up_depth_m"": 3.9639999866485596}"
train_002579,47895571/1153714.460,47895571,lidar,unknown,train,identify_superlative,closest_camera,2,"Among the furniture and items in the room, not the walls, floor, or ceiling, which is closest to where the picture was taken from?",,cabinet,object,,ARKitScenes/3dod/Training/47895571/47895571_frames/lowres_wide/47895571_1153714.460.png,ARKitScenes/3dod/Training/47895571/47895571_frames/lowres_depth/47895571_1153714.460.png,rule,"{""winner_concept"": ""cabinet"", ""winner_object_index"": 0, ""winner_area_frac"": 0.2909421882792935, ""winner_depth_m"": 0.7379999756813049, ""runner_up_concept"": ""sink"", ""runner_up_area_frac"": 0.04193059990867864, ""runner_up_depth_m"": 0.9800000190734863}"
train_002812,45261317/23590.297,45261317,lidar,unknown,train,identify_superlative,farthest_camera,0,"Not counting the walls, floor, or ceiling, which object is farthest from the camera?",,cabinet,object,,ARKitScenes/3dod/Training/45261317/45261317_frames/lowres_wide/45261317_23590.297.png,ARKitScenes/3dod/Training/45261317/45261317_frames/lowres_depth/45261317_23590.297.png,rule,"{""winner_concept"": ""cabinet"", ""winner_object_index"": 1, ""winner_area_frac"": 0.07065870878529894, ""winner_depth_m"": 4.230000019073486, ""runner_up_concept"": null, ""runner_up_area_frac"": null, ""runner_up_depth_m"": null}"
train_000720,48458762/141778.060,48458762,lidar,unknown,train,identify_superlative,farthest_camera,3,"Ignoring the walls, floor, and ceiling, what object is farthest from the viewer?",,shelf,object,,ARKitScenes/3dod/Training/48458762/48458762_frames/lowres_wide/48458762_141778.060.png,ARKitScenes/3dod/Training/48458762/48458762_frames/lowres_depth/48458762_141778.060.png,rule,"{""winner_concept"": ""shelf"", ""winner_object_index"": 1, ""winner_area_frac"": 0.10265742126782477, ""winner_depth_m"": 1.5709999799728394, ""runner_up_concept"": null, ""runner_up_area_frac"": null, ""runner_up_depth_m"": null}"
train_002890,47204786/27361.290,47204786,lidar,unknown,train,identify_superlative,farthest_camera,2,"Among the furniture and items in the room, not the walls, floor, or ceiling, which is farthest from where the picture was taken?",,cabinet,object,,ARKitScenes/3dod/Training/47204786/47204786_frames/lowres_wide/47204786_27361.290.png,ARKitScenes/3dod/Training/47204786/47204786_frames/lowres_depth/47204786_27361.290.png,rule,"{""winner_concept"": ""cabinet"", ""winner_object_index"": 3, ""winner_area_frac"": 0.1565731583019617, ""winner_depth_m"": 1.1230000257492065, ""runner_up_concept"": null, ""runner_up_area_frac"": null, ""runner_up_depth_m"": null}"
train_002196,47332778/44625.963,47332778,lidar,unknown,train,identify_superlative,closest_camera,3,"Ignoring the walls, floor, and ceiling, what object is nearest the viewer?",,cabinet,object,,ARKitScenes/3dod/Training/47332778/47332778_frames/lowres_wide/47332778_44625.963.png,ARKitScenes/3dod/Training/47332778/47332778_frames/lowres_depth/47332778_44625.963.png,rule,"{""winner_concept"": ""cabinet"", ""winner_object_index"": 5, ""winner_area_frac"": 0.2769597331445168, ""winner_depth_m"": 2.1010000705718994, ""runner_up_concept"": null, ""runner_up_area_frac"": null, ""runner_up_depth_m"": null}"
train_003223,42444859/96513.874,42444859,lidar,unknown,train,identify_superlative,closest_camera,2,"Among the furniture and items in the room, not the walls, floor, or ceiling, which is closest to where the picture was taken from?",,shelf,object,,ARKitScenes/3dod/Training/42444859/42444859_frames/lowres_wide/42444859_96513.874.png,ARKitScenes/3dod/Training/42444859/42444859_frames/lowres_depth/42444859_96513.874.png,rule,"{""winner_concept"": ""shelf"", ""winner_object_index"": 2, ""winner_area_frac"": 0.008829851639736966, ""winner_depth_m"": 1.378499984741211, ""runner_up_concept"": null, ""runner_up_area_frac"": null, ""runner_up_depth_m"": null}"
train_002413,47331705/9739.944,47331705,lidar,unknown,train,identify_superlative,closest_camera,5,"Excluding the walls, floor, and ceiling, what is the closest visible object to the camera?",,table,object,,ARKitScenes/3dod/Training/47331705/47331705_frames/lowres_wide/47331705_9739.944.png,ARKitScenes/3dod/Training/47331705/47331705_frames/lowres_depth/47331705_9739.944.png,rule,"{""winner_concept"": ""table"", ""winner_object_index"": 3, ""winner_area_frac"": 0.3368813868452256, ""winner_depth_m"": 1.5950000286102295, ""runner_up_concept"": ""sofa"", ""runner_up_area_frac"": 0.12367789338318441, ""runner_up_depth_m"": 2.453000068664551}"
train_001473,41125316/6012.610,41125316,lidar,unknown,train,identify_superlative,closest_camera,2,"Among the furniture and items in the room, not the walls, floor, or ceiling, which is closest to where the picture was taken from?",,toilet,object,,ARKitScenes/3dod/Training/41125316/41125316_frames/lowres_wide/41125316_6012.610.png,ARKitScenes/3dod/Training/41125316/41125316_frames/lowres_depth/41125316_6012.610.png,rule,"{""winner_concept"": ""toilet"", ""winner_object_index"": 0, ""winner_area_frac"": 0.2836120596650349, ""winner_depth_m"": 0.9490000009536743, ""runner_up_concept"": null, ""runner_up_area_frac"": null, ""runner_up_depth_m"": null}"
train_000046,47115649/4962.669,47115649,lidar,unknown,train,identify_superlative,farthest_camera,0,"Not counting the walls, floor, or ceiling, which object is farthest from the camera?",,sofa,object,,ARKitScenes/3dod/Training/47115649/47115649_frames/lowres_wide/47115649_4962.669.png,ARKitScenes/3dod/Training/47115649/47115649_frames/lowres_depth/47115649_4962.669.png,rule,"{""winner_concept"": ""sofa"", ""winner_object_index"": 6, ""winner_area_frac"": 0.053259105767121374, ""winner_depth_m"": 2.828000068664551, ""runner_up_concept"": null, ""runner_up_area_frac"": null, ""runner_up_depth_m"": null}"
train_004060,42898959/821247.109,42898959,lidar,unknown,train,identify_superlative,farthest_camera,0,"Not counting the walls, floor, or ceiling, which object is farthest from the camera?",,cabinet,object,,ARKitScenes/3dod/Training/42898959/42898959_frames/lowres_wide/42898959_821247.109.png,ARKitScenes/3dod/Training/42898959/42898959_frames/lowres_depth/42898959_821247.109.png,rule,"{""winner_concept"": ""cabinet"", ""winner_object_index"": 10, ""winner_area_frac"": 0.19325622525092587, ""winner_depth_m"": 0.9440000057220459, ""runner_up_concept"": null, ""runner_up_area_frac"": null, ""runner_up_depth_m"": null}"
train_001213,41048169/1052.968,41048169,lidar,unknown,train,identify_superlative,closest_camera,5,"Excluding the walls, floor, and ceiling, what is the closest visible object to the camera?",,chair,object,,ARKitScenes/3dod/Training/41048169/41048169_frames/lowres_wide/41048169_1052.968.png,ARKitScenes/3dod/Training/41048169/41048169_frames/lowres_depth/41048169_1052.968.png,rule,"{""winner_concept"": ""chair"", ""winner_object_index"": 1, ""winner_area_frac"": 0.15865785410737962, ""winner_depth_m"": 1.3660000562667847, ""runner_up_concept"": null, ""runner_up_area_frac"": null, ""runner_up_depth_m"": null}"
train_004204,47115150/86918.292,47115150,lidar,unknown,train,identify_superlative,farthest_camera,3,"Ignoring the walls, floor, and ceiling, what object is farthest from the viewer?",,cabinet,object,,ARKitScenes/3dod/Training/47115150/47115150_frames/lowres_wide/47115150_86918.292.png,ARKitScenes/3dod/Training/47115150/47115150_frames/lowres_depth/47115150_86918.292.png,rule,"{""winner_concept"": ""cabinet"", ""winner_object_index"": 7, ""winner_area_frac"": 0.22738484264970413, ""winner_depth_m"": 1.4850000143051147, ""runner_up_concept"": null, ""runner_up_area_frac"": null, ""runner_up_depth_m"": null}"
train_001739,45261527/45678.357,45261527,lidar,unknown,train,relative_depth,farther,4,"Of the shelf and the cabinet, which is farther?",,shelf,choice,shelf|cabinet,ARKitScenes/3dod/Training/45261527/45261527_frames/lowres_wide/45261527_45678.357.png,ARKitScenes/3dod/Training/45261527/45261527_frames/lowres_depth/45261527_45678.357.png,rule,"{""a_concept"": ""shelf"", ""a_depth_m"": 1.9490000009536743, ""b_concept"": ""cabinet"", ""b_depth_m"": 1.3600000143051147, ""comparative"": ""farther"", ""answer_concept"": ""shelf""}"
train_001935,48018286/799410.627,48018286,lidar,unknown,train,relative_depth,closer,1,"Between the table and the sofa, which one is closer to the camera?",,table,choice,table|sofa,ARKitScenes/3dod/Training/48018286/48018286_frames/lowres_wide/48018286_799410.627.png,ARKitScenes/3dod/Training/48018286/48018286_frames/lowres_depth/48018286_799410.627.png,rule,"{""a_concept"": ""sofa"", ""a_depth_m"": 2.6730000972747803, ""b_concept"": ""table"", ""b_depth_m"": 2.052000045776367, ""comparative"": ""closer"", ""answer_concept"": ""table""}"
train_003399,45261397/29157.661,45261397,lidar,unknown,train,relative_depth,farther,2,Is the chair or the table farther from the camera?,,chair,choice,chair|table,ARKitScenes/3dod/Training/45261397/45261397_frames/lowres_wide/45261397_29157.661.png,ARKitScenes/3dod/Training/45261397/45261397_frames/lowres_depth/45261397_29157.661.png,rule,"{""a_concept"": ""table"", ""a_depth_m"": 0.75, ""b_concept"": ""chair"", ""b_depth_m"": 1.746999979019165, ""comparative"": ""farther"", ""answer_concept"": ""chair""}"
train_004956,43649474/14665.053,43649474,lidar,unknown,train,relative_depth,closer,3,"Which object is closer to the camera, the shelf or the table?",,table,choice,shelf|table,ARKitScenes/3dod/Training/43649474/43649474_frames/lowres_wide/43649474_14665.053.png,ARKitScenes/3dod/Training/43649474/43649474_frames/lowres_depth/43649474_14665.053.png,rule,"{""a_concept"": ""shelf"", ""a_depth_m"": 3.3309998512268066, ""b_concept"": ""table"", ""b_depth_m"": 2.250999927520752, ""comparative"": ""closer"", ""answer_concept"": ""table""}"
train_003230,45261066/14478.220,45261066,lidar,unknown,train,relative_depth,farther,5,"Which one is farther, the fireplace or the sofa?",,fireplace,choice,fireplace|sofa,ARKitScenes/3dod/Training/45261066/45261066_frames/lowres_wide/45261066_14478.220.png,ARKitScenes/3dod/Training/45261066/45261066_frames/lowres_depth/45261066_14478.220.png,rule,"{""a_concept"": ""sofa"", ""a_depth_m"": 2.9230000972747803, ""b_concept"": ""fireplace"", ""b_depth_m"": 3.5869998931884766, ""comparative"": ""farther"", ""answer_concept"": ""fireplace""}"
train_002276,48018760/15098.771,48018760,lidar,unknown,train,relative_depth,closer,5,"Which one is closer, the dishwasher or the chair?",,chair,choice,dishwasher|chair,ARKitScenes/3dod/Training/48018760/48018760_frames/lowres_wide/48018760_15098.771.png,ARKitScenes/3dod/Training/48018760/48018760_frames/lowres_depth/48018760_15098.771.png,rule,"{""a_concept"": ""dishwasher"", ""a_depth_m"": 3.385999917984009, ""b_concept"": ""chair"", ""b_depth_m"": 2.246999979019165, ""comparative"": ""closer"", ""answer_concept"": ""chair""}"
train_004930,43895917/111344.255,43895917,lidar,unknown,train,relative_depth,farther,1,"Between the sink and the table, which one is farther from the camera?",,sink,choice,sink|table,ARKitScenes/3dod/Training/43895917/43895917_frames/lowres_wide/43895917_111344.255.png,ARKitScenes/3dod/Training/43895917/43895917_frames/lowres_depth/43895917_111344.255.png,rule,"{""a_concept"": ""table"", ""a_depth_m"": 1.1134999990463257, ""b_concept"": ""sink"", ""b_depth_m"": 1.8530000448226929, ""comparative"": ""farther"", ""answer_concept"": ""sink""}"
train_000435,43896365/19935.167,43896365,lidar,unknown,train,relative_depth,farther,5,"Which one is farther, the chair or the table?",,chair,choice,chair|table,ARKitScenes/3dod/Training/43896365/43896365_frames/lowres_wide/43896365_19935.167.png,ARKitScenes/3dod/Training/43896365/43896365_frames/lowres_depth/43896365_19935.167.png,rule,"{""a_concept"": ""table"", ""a_depth_m"": 1.4520000219345093, ""b_concept"": ""chair"", ""b_depth_m"": 3.4619998931884766, ""comparative"": ""farther"", ""answer_concept"": ""chair""}"
train_002401,41069076/3118.824,41069076,lidar,unknown,train,relative_depth,closer,1,"Between the sink and the cabinet, which one is closer to the camera?",,sink,choice,sink|cabinet,ARKitScenes/3dod/Training/41069076/41069076_frames/lowres_wide/41069076_3118.824.png,ARKitScenes/3dod/Training/41069076/41069076_frames/lowres_depth/41069076_3118.824.png,rule,"{""a_concept"": ""sink"", ""a_depth_m"": 1.1440000534057617, ""b_concept"": ""cabinet"", ""b_depth_m"": 2.3299999237060547, ""comparative"": ""closer"", ""answer_concept"": ""sink""}"
train_004637,47331536/4457.797,47331536,lidar,unknown,train,relative_depth,farther,0,"Which is farther from the camera, the cabinet or the table?",,table,choice,cabinet|table,ARKitScenes/3dod/Training/47331536/47331536_frames/lowres_wide/47331536_4457.797.png,ARKitScenes/3dod/Training/47331536/47331536_frames/lowres_depth/47331536_4457.797.png,rule,"{""a_concept"": ""cabinet"", ""a_depth_m"": 1.4589999914169312, ""b_concept"": ""table"", ""b_depth_m"": 1.8739999532699585, ""comparative"": ""farther"", ""answer_concept"": ""table""}"
train_000735,42444997/45186.770,42444997,lidar,unknown,train,relative_depth,farther,0,"Which is farther from the camera, the fireplace or the table?",,table,choice,fireplace|table,ARKitScenes/3dod/Training/42444997/42444997_frames/lowres_wide/42444997_45186.770.png,ARKitScenes/3dod/Training/42444997/42444997_frames/lowres_depth/42444997_45186.770.png,rule,"{""a_concept"": ""fireplace"", ""a_depth_m"": 1.7769999504089355, ""b_concept"": ""table"", ""b_depth_m"": 2.678999900817871, ""comparative"": ""farther"", ""answer_concept"": ""table""}"
train_000709,41126742/3034.231,41126742,lidar,unknown,train,relative_depth,closer,5,"Which one is closer, the toilet or the sink?",,sink,choice,toilet|sink,ARKitScenes/3dod/Training/41126742/41126742_frames/lowres_wide/41126742_3034.231.png,ARKitScenes/3dod/Training/41126742/41126742_frames/lowres_depth/41126742_3034.231.png,rule,"{""a_concept"": ""sink"", ""a_depth_m"": 1.781999945640564, ""b_concept"": ""toilet"", ""b_depth_m"": 2.2639999389648438, ""comparative"": ""closer"", ""answer_concept"": ""sink""}"
train_003598,45261507/43483.545,45261507,lidar,unknown,train,relative_depth,closer,0,"Which is closer to the camera, the television or the chair?",,chair,choice,television|chair,ARKitScenes/3dod/Training/45261507/45261507_frames/lowres_wide/45261507_43483.545.png,ARKitScenes/3dod/Training/45261507/45261507_frames/lowres_depth/45261507_43483.545.png,rule,"{""a_concept"": ""chair"", ""a_depth_m"": 1.0479999780654907, ""b_concept"": ""television"", ""b_depth_m"": 1.593000054359436, ""comparative"": ""closer"", ""answer_concept"": ""chair""}"
train_001613,42898366/366002.771,42898366,lidar,unknown,train,relative_depth,closer,1,"Between the stove and the sink, which one is closer to the camera?",,stove,choice,stove|sink,ARKitScenes/3dod/Training/42898366/42898366_frames/lowres_wide/42898366_366002.771.png,ARKitScenes/3dod/Training/42898366/42898366_frames/lowres_depth/42898366_366002.771.png,rule,"{""a_concept"": ""stove"", ""a_depth_m"": 2.2109999656677246, ""b_concept"": ""sink"", ""b_depth_m"": 3.6750001907348633, ""comparative"": ""closer"", ""answer_concept"": ""stove""}"
train_002979,42897418/103525.007,42897418,lidar,unknown,train,relative_depth,closer,1,"Between the toilet and the sink, which one is closer to the camera?",,toilet,choice,toilet|sink,ARKitScenes/3dod/Training/42897418/42897418_frames/lowres_wide/42897418_103525.007.png,ARKitScenes/3dod/Training/42897418/42897418_frames/lowres_depth/42897418_103525.007.png,rule,"{""a_concept"": ""toilet"", ""a_depth_m"": 1.5720000267028809, ""b_concept"": ""sink"", ""b_depth_m"": 1.9160000085830688, ""comparative"": ""closer"", ""answer_concept"": ""toilet""}"
train_005014,44796745/28718.495,44796745,lidar,unknown,train,relative_depth,closer,0,"Which is closer to the camera, the cabinet or the sofa?",,cabinet,choice,cabinet|sofa,ARKitScenes/3dod/Training/44796745/44796745_frames/lowres_wide/44796745_28718.495.png,ARKitScenes/3dod/Training/44796745/44796745_frames/lowres_depth/44796745_28718.495.png,rule,"{""a_concept"": ""cabinet"", ""a_depth_m"": 3.3259999752044678, ""b_concept"": ""sofa"", ""b_depth_m"": 3.8529999256134033, ""comparative"": ""closer"", ""answer_concept"": ""cabinet""}"
train_002238,47331705/9739.944,47331705,lidar,unknown,train,relative_depth,closer,5,"Which one is closer, the cabinet or the table?",,table,choice,cabinet|table,ARKitScenes/3dod/Training/47331705/47331705_frames/lowres_wide/47331705_9739.944.png,ARKitScenes/3dod/Training/47331705/47331705_frames/lowres_depth/47331705_9739.944.png,rule,"{""a_concept"": ""table"", ""a_depth_m"": 1.5950000286102295, ""b_concept"": ""cabinet"", ""b_depth_m"": 3.430999994277954, ""comparative"": ""closer"", ""answer_concept"": ""table""}"
train_003352,47204304/15097.091,47204304,lidar,unknown,train,relative_depth,farther,5,"Which one is farther, the shelf or the sofa?",,sofa,choice,shelf|sofa,ARKitScenes/3dod/Training/47204304/47204304_frames/lowres_wide/47204304_15097.091.png,ARKitScenes/3dod/Training/47204304/47204304_frames/lowres_depth/47204304_15097.091.png,rule,"{""a_concept"": ""sofa"", ""a_depth_m"": 2.240000009536743, ""b_concept"": ""shelf"", ""b_depth_m"": 1.7139999866485596, ""comparative"": ""farther"", ""answer_concept"": ""sofa""}"
train_000661,47332197/263642.656,47332197,lidar,unknown,train,relative_depth,farther,0,"Which is farther from the camera, the toilet or the table?",,toilet,choice,toilet|table,ARKitScenes/3dod/Training/47332197/47332197_frames/lowres_wide/47332197_263642.656.png,ARKitScenes/3dod/Training/47332197/47332197_frames/lowres_depth/47332197_263642.656.png,rule,"{""a_concept"": ""toilet"", ""a_depth_m"": 2.117000102996826, ""b_concept"": ""table"", ""b_depth_m"": 1.4329999685287476, ""comparative"": ""farther"", ""answer_concept"": ""toilet""}"
train_005035,43896365/19859.682,43896365,lidar,unknown,train,relative_depth,closer,0,"Which is closer to the camera, the refrigerator or the stool?",,refrigerator,choice,refrigerator|stool,ARKitScenes/3dod/Training/43896365/43896365_frames/lowres_wide/43896365_19859.682.png,ARKitScenes/3dod/Training/43896365/43896365_frames/lowres_depth/43896365_19859.682.png,rule,"{""a_concept"": ""refrigerator"", ""a_depth_m"": 1.2710000276565552, ""b_concept"": ""stool"", ""b_depth_m"": 3.134999990463257, ""comparative"": ""closer"", ""answer_concept"": ""refrigerator""}"
train_004593,43649452/12799.181,43649452,lidar,unknown,train,relative_depth,farther,3,"Which object is farther from the camera, the cabinet or the chair?",,cabinet,choice,cabinet|chair,ARKitScenes/3dod/Training/43649452/43649452_frames/lowres_wide/43649452_12799.181.png,ARKitScenes/3dod/Training/43649452/43649452_frames/lowres_depth/43649452_12799.181.png,rule,"{""a_concept"": ""cabinet"", ""a_depth_m"": 4.389999866485596, ""b_concept"": ""chair"", ""b_depth_m"": 2.7850000858306885, ""comparative"": ""farther"", ""answer_concept"": ""cabinet""}"
train_003492,44358306/17412.643,44358306,lidar,unknown,train,relative_depth,farther,0,"Which is farther from the camera, the television or the fireplace?",,fireplace,choice,television|fireplace,ARKitScenes/3dod/Training/44358306/44358306_frames/lowres_wide/44358306_17412.643.png,ARKitScenes/3dod/Training/44358306/44358306_frames/lowres_depth/44358306_17412.643.png,rule,"{""a_concept"": ""fireplace"", ""a_depth_m"": 1.9989999532699585, ""b_concept"": ""television"", ""b_depth_m"": 1.6349999904632568, ""comparative"": ""farther"", ""answer_concept"": ""fireplace""}"
train_001970,47670201/53329.221,47670201,lidar,unknown,train,relative_depth,farther,4,"Of the sofa and the table, which is farther?",,sofa,choice,sofa|table,ARKitScenes/3dod/Training/47670201/47670201_frames/lowres_wide/47670201_53329.221.png,ARKitScenes/3dod/Training/47670201/47670201_frames/lowres_depth/47670201_53329.221.png,rule,"{""a_concept"": ""sofa"", ""a_depth_m"": 2.0350000858306885, ""b_concept"": ""table"", ""b_depth_m"": 1.5885000228881836, ""comparative"": ""farther"", ""answer_concept"": ""sofa""}"
train_001790,45662829/15185.112,45662829,lidar,unknown,train,relative_depth,closer,5,"Which one is closer, the table or the television?",,table,choice,table|television,ARKitScenes/3dod/Training/45662829/45662829_frames/lowres_wide/45662829_15185.112.png,ARKitScenes/3dod/Training/45662829/45662829_frames/lowres_depth/45662829_15185.112.png,rule,"{""a_concept"": ""television"", ""a_depth_m"": 2.944999933242798, ""b_concept"": ""table"", ""b_depth_m"": 2.0139999389648438, ""comparative"": ""closer"", ""answer_concept"": ""table""}"
train_000055,45261556/75557.693,45261556,lidar,unknown,train,relative_depth,closer,3,"Which object is closer to the camera, the chair or the oven?",,chair,choice,chair|oven,ARKitScenes/3dod/Training/45261556/45261556_frames/lowres_wide/45261556_75557.693.png,ARKitScenes/3dod/Training/45261556/45261556_frames/lowres_depth/45261556_75557.693.png,rule,"{""a_concept"": ""oven"", ""a_depth_m"": 2.7929999828338623, ""b_concept"": ""chair"", ""b_depth_m"": 1.369499921798706, ""comparative"": ""closer"", ""answer_concept"": ""chair""}"
train_004353,47895320/92493.920,47895320,lidar,unknown,train,relative_depth,farther,3,"Which object is farther from the camera, the table or the television?",,table,choice,table|television,ARKitScenes/3dod/Training/47895320/47895320_frames/lowres_wide/47895320_92493.920.png,ARKitScenes/3dod/Training/47895320/47895320_frames/lowres_depth/47895320_92493.920.png,rule,"{""a_concept"": ""table"", ""a_depth_m"": 1.3769999742507935, ""b_concept"": ""television"", ""b_depth_m"": 0.8519999980926514, ""comparative"": ""farther"", ""answer_concept"": ""table""}"
train_004913,48018286/799398.831,48018286,lidar,unknown,train,relative_depth,farther,2,Is the stove or the dishwasher farther from the camera?,,stove,choice,stove|dishwasher,ARKitScenes/3dod/Training/48018286/48018286_frames/lowres_wide/48018286_799398.831.png,ARKitScenes/3dod/Training/48018286/48018286_frames/lowres_depth/48018286_799398.831.png,rule,"{""a_concept"": ""dishwasher"", ""a_depth_m"": 2.381999969482422, ""b_concept"": ""stove"", ""b_depth_m"": 2.765000104904175, ""comparative"": ""farther"", ""answer_concept"": ""stove""}"
train_004979,48018115/368450.747,48018115,lidar,unknown,train,relative_depth,closer,3,"Which object is closer to the camera, the table or the stool?",,table,choice,table|stool,ARKitScenes/3dod/Training/48018115/48018115_frames/lowres_wide/48018115_368450.747.png,ARKitScenes/3dod/Training/48018115/48018115_frames/lowres_depth/48018115_368450.747.png,rule,"{""a_concept"": ""table"", ""a_depth_m"": 1.0889999866485596, ""b_concept"": ""stool"", ""b_depth_m"": 3.430999994277954, ""comparative"": ""closer"", ""answer_concept"": ""table""}"
train_004590,42898247/167667.949,42898247,lidar,unknown,train,relative_depth,closer,1,"Between the table and the sofa, which one is closer to the camera?",,table,choice,table|sofa,ARKitScenes/3dod/Training/42898247/42898247_frames/lowres_wide/42898247_167667.949.png,ARKitScenes/3dod/Training/42898247/42898247_frames/lowres_depth/42898247_167667.949.png,rule,"{""a_concept"": ""sofa"", ""a_depth_m"": 2.447000026702881, ""b_concept"": ""table"", ""b_depth_m"": 1.371999979019165, ""comparative"": ""closer"", ""answer_concept"": ""table""}"
train_003788,42898216/695063.239,42898216,lidar,unknown,train,relative_depth,farther,5,"Which one is farther, the table or the cabinet?",,cabinet,choice,table|cabinet,ARKitScenes/3dod/Training/42898216/42898216_frames/lowres_wide/42898216_695063.239.png,ARKitScenes/3dod/Training/42898216/42898216_frames/lowres_depth/42898216_695063.239.png,rule,"{""a_concept"": ""table"", ""a_depth_m"": 1.0329999923706055, ""b_concept"": ""cabinet"", ""b_depth_m"": 2.2119998931884766, ""comparative"": ""farther"", ""answer_concept"": ""cabinet""}"
train_001207,47332648/369078.684,47332648,lidar,unknown,train,relative_depth,closer,4,"Of the table and the sofa, which is closer?",,table,choice,table|sofa,ARKitScenes/3dod/Training/47332648/47332648_frames/lowres_wide/47332648_369078.684.png,ARKitScenes/3dod/Training/47332648/47332648_frames/lowres_depth/47332648_369078.684.png,rule,"{""a_concept"": ""sofa"", ""a_depth_m"": 1.659000039100647, ""b_concept"": ""table"", ""b_depth_m"": 1.2869999408721924, ""comparative"": ""closer"", ""answer_concept"": ""table""}"
train_005106,48018486/529042.885,48018486,lidar,unknown,train,relative_depth,farther,3,"Which object is farther from the camera, the chair or the shelf?",,shelf,choice,chair|shelf,ARKitScenes/3dod/Training/48018486/48018486_frames/lowres_wide/48018486_529042.885.png,ARKitScenes/3dod/Training/48018486/48018486_frames/lowres_depth/48018486_529042.885.png,rule,"{""a_concept"": ""chair"", ""a_depth_m"": 1.875499963760376, ""b_concept"": ""shelf"", ""b_depth_m"": 2.572000026702881, ""comparative"": ""farther"", ""answer_concept"": ""shelf""}"
train_001552,44358634/3050.347,44358634,lidar,unknown,train,relative_depth,closer,5,"Which one is closer, the sink or the chair?",,sink,choice,sink|chair,ARKitScenes/3dod/Training/44358634/44358634_frames/lowres_wide/44358634_3050.347.png,ARKitScenes/3dod/Training/44358634/44358634_frames/lowres_depth/44358634_3050.347.png,rule,"{""a_concept"": ""sink"", ""a_depth_m"": 1.3530000448226929, ""b_concept"": ""chair"", ""b_depth_m"": 1.7084999084472656, ""comparative"": ""closer"", ""answer_concept"": ""sink""}"
train_003398,48018845/649740.336,48018845,lidar,unknown,train,relative_depth,closer,1,"Between the television and the sofa, which one is closer to the camera?",,sofa,choice,television|sofa,ARKitScenes/3dod/Training/48018845/48018845_frames/lowres_wide/48018845_649740.336.png,ARKitScenes/3dod/Training/48018845/48018845_frames/lowres_depth/48018845_649740.336.png,rule,"{""a_concept"": ""sofa"", ""a_depth_m"": 2.9079999923706055, ""b_concept"": ""television"", ""b_depth_m"": 3.6619999408721924, ""comparative"": ""closer"", ""answer_concept"": ""sofa""}"
train_004939,44358426/41422.389,44358426,lidar,unknown,train,relative_depth,farther,5,"Which one is farther, the sink or the toilet?",,toilet,choice,sink|toilet,ARKitScenes/3dod/Training/44358426/44358426_frames/lowres_wide/44358426_41422.389.png,ARKitScenes/3dod/Training/44358426/44358426_frames/lowres_depth/44358426_41422.389.png,rule,"{""a_concept"": ""sink"", ""a_depth_m"": 1.5770000219345093, ""b_concept"": ""toilet"", ""b_depth_m"": 2.242000102996826, ""comparative"": ""farther"", ""answer_concept"": ""toilet""}"
train_002246,47115309/554.862,47115309,lidar,unknown,train,relative_depth,farther,5,"Which one is farther, the table or the chair?",,table,choice,table|chair,ARKitScenes/3dod/Training/47115309/47115309_frames/lowres_wide/47115309_554.862.png,ARKitScenes/3dod/Training/47115309/47115309_frames/lowres_depth/47115309_554.862.png,rule,"{""a_concept"": ""chair"", ""a_depth_m"": 2.4000000953674316, ""b_concept"": ""table"", ""b_depth_m"": 4.1519999504089355, ""comparative"": ""farther"", ""answer_concept"": ""table""}"
train_003097,43828517/102956.708,43828517,lidar,unknown,train,relative_depth,closer,3,"Which object is closer to the camera, the chair or the fireplace?",,fireplace,choice,chair|fireplace,ARKitScenes/3dod/Training/43828517/43828517_frames/lowres_wide/43828517_102956.708.png,ARKitScenes/3dod/Training/43828517/43828517_frames/lowres_depth/43828517_102956.708.png,rule,"{""a_concept"": ""chair"", ""a_depth_m"": 3.7279999256134033, ""b_concept"": ""fireplace"", ""b_depth_m"": 1.965499997138977, ""comparative"": ""closer"", ""answer_concept"": ""fireplace""}"
train_000479,47330996/177051.900,47330996,lidar,unknown,train,relative_depth,closer,0,"Which is closer to the camera, the cabinet or the table?",,table,choice,cabinet|table,ARKitScenes/3dod/Training/47330996/47330996_frames/lowres_wide/47330996_177051.900.png,ARKitScenes/3dod/Training/47330996/47330996_frames/lowres_depth/47330996_177051.900.png,rule,"{""a_concept"": ""cabinet"", ""a_depth_m"": 1.8739999532699585, ""b_concept"": ""table"", ""b_depth_m"": 1.5199999809265137, ""comparative"": ""closer"", ""answer_concept"": ""table""}"
train_000352,43828517/102947.412,43828517,lidar,unknown,train,relative_depth,farther,2,Is the fireplace or the sofa farther from the camera?,,fireplace,choice,fireplace|sofa,ARKitScenes/3dod/Training/43828517/43828517_frames/lowres_wide/43828517_102947.412.png,ARKitScenes/3dod/Training/43828517/43828517_frames/lowres_depth/43828517_102947.412.png,rule,"{""a_concept"": ""fireplace"", ""a_depth_m"": 3.563999891281128, ""b_concept"": ""sofa"", ""b_depth_m"": 1.253000020980835, ""comparative"": ""farther"", ""answer_concept"": ""fireplace""}"
train_000349,45260877/7402.875,45260877,lidar,unknown,train,relative_depth,farther,0,"Which is farther from the camera, the shelf or the sofa?",,shelf,choice,shelf|sofa,ARKitScenes/3dod/Training/45260877/45260877_frames/lowres_wide/45260877_7402.875.png,ARKitScenes/3dod/Training/45260877/45260877_frames/lowres_depth/45260877_7402.875.png,rule,"{""a_concept"": ""sofa"", ""a_depth_m"": 1.3639999628067017, ""b_concept"": ""shelf"", ""b_depth_m"": 2.2320001125335693, ""comparative"": ""farther"", ""answer_concept"": ""shelf""}"
train_003565,45260947/4616.302,45260947,lidar,unknown,train,existence,positive,4,Is a television present in this scene?,,yes,yes_no,yes|no,ARKitScenes/3dod/Training/45260947/45260947_frames/lowres_wide/45260947_4616.302.png,ARKitScenes/3dod/Training/45260947/45260947_frames/lowres_depth/45260947_4616.302.png,rule,"{""concept"": ""television"", ""object_index"": 1, ""area_frac"": 0.2538659311974119}"
train_005023,47670299/63473.861,47670299,lidar,unknown,train,existence,negative,4,Is a cabinet present in this scene?,,no,yes_no,yes|no,ARKitScenes/3dod/Training/47670299/47670299_frames/lowres_wide/47670299_63473.861.png,ARKitScenes/3dod/Training/47670299/47670299_frames/lowres_depth/47670299_63473.861.png,rule,"{""concept"": ""cabinet"", ""reason"": ""category_or_scene_type_plausible""}"
train_003979,42899307/885756.954,42899307,lidar,unknown,train,existence,positive,0,Is there a television in this room?,,yes,yes_no,yes|no,ARKitScenes/3dod/Training/42899307/42899307_frames/lowres_wide/42899307_885756.954.png,ARKitScenes/3dod/Training/42899307/42899307_frames/lowres_depth/42899307_885756.954.png,rule,"{""concept"": ""television"", ""object_index"": 5, ""area_frac"": 0.018317115202427358}"
train_004823,47334559/68600.247,47334559,lidar,unknown,train,existence,negative,4,Is a cabinet present in this scene?,,no,yes_no,yes|no,ARKitScenes/3dod/Training/47334559/47334559_frames/lowres_wide/47334559_68600.247.png,ARKitScenes/3dod/Training/47334559/47334559_frames/lowres_depth/47334559_68600.247.png,rule,"{""concept"": ""cabinet"", ""reason"": ""category_or_scene_type_plausible""}"
train_003073,47430314/264847.760,47430314,lidar,unknown,train,existence,negative,3,Can you spot a television in the picture?,,no,yes_no,yes|no,ARKitScenes/3dod/Training/47430314/47430314_frames/lowres_wide/47430314_264847.760.png,ARKitScenes/3dod/Training/47430314/47430314_frames/lowres_depth/47430314_264847.760.png,rule,"{""concept"": ""television"", ""reason"": ""category_or_scene_type_plausible""}"
train_001520,43828250/81621.709,43828250,lidar,unknown,train,existence,positive,1,Do you see a cabinet here?,,yes,yes_no,yes|no,ARKitScenes/3dod/Training/43828250/43828250_frames/lowres_wide/43828250_81621.709.png,ARKitScenes/3dod/Training/43828250/43828250_frames/lowres_depth/43828250_81621.709.png,rule,"{""concept"": ""cabinet"", ""object_index"": 4, ""area_frac"": 0.13579242538393962}"
train_002461,47431194/360444.581,47431194,lidar,unknown,train,existence,positive,1,Do you see a cabinet here?,,yes,yes_no,yes|no,ARKitScenes/3dod/Training/47431194/47431194_frames/lowres_wide/47431194_360444.581.png,ARKitScenes/3dod/Training/47431194/47431194_frames/lowres_depth/47431194_360444.581.png,rule,"{""concept"": ""cabinet"", ""object_index"": 26, ""area_frac"": 0.06526453213717281}"
train_003121,47333674/134178.975,47333674,lidar,unknown,train,existence,positive,0,Is there a shelf in this room?,,yes,yes_no,yes|no,ARKitScenes/3dod/Training/47333674/47333674_frames/lowres_wide/47333674_134178.975.png,ARKitScenes/3dod/Training/47333674/47333674_frames/lowres_depth/47333674_134178.975.png,rule,"{""concept"": ""shelf"", ""object_index"": 4, ""area_frac"": 0.02339171954248753}"
train_002549,43828149/73355.421,43828149,lidar,unknown,train,existence,positive,5,Is there any cabinet visible in the image?,,yes,yes_no,yes|no,ARKitScenes/3dod/Training/43828149/43828149_frames/lowres_wide/43828149_73355.421.png,ARKitScenes/3dod/Training/43828149/43828149_frames/lowres_depth/43828149_73355.421.png,rule,"{""concept"": ""cabinet"", ""object_index"": 6, ""area_frac"": 0.20963004269437424}"
train_000758,42899307/885792.456,42899307,lidar,unknown,train,existence,negative,4,Is a cabinet present in this scene?,,no,yes_no,yes|no,ARKitScenes/3dod/Training/42899307/42899307_frames/lowres_wide/42899307_885792.456.png,ARKitScenes/3dod/Training/42899307/42899307_frames/lowres_depth/42899307_885792.456.png,rule,"{""concept"": ""cabinet"", ""reason"": ""category_or_scene_type_plausible""}"
train_002183,43828520/102896.217,43828520,lidar,unknown,train,existence,negative,0,Is there a cabinet in this room?,,no,yes_no,yes|no,ARKitScenes/3dod/Training/43828520/43828520_frames/lowres_wide/43828520_102896.217.png,ARKitScenes/3dod/Training/43828520/43828520_frames/lowres_depth/43828520_102896.217.png,rule,"{""concept"": ""cabinet"", ""reason"": ""category_or_scene_type_plausible""}"
train_001576,41126689/2754.459,41126689,lidar,unknown,train,existence,positive,0,Is there a cabinet in this room?,,yes,yes_no,yes|no,ARKitScenes/3dod/Training/41126689/41126689_frames/lowres_wide/41126689_2754.459.png,ARKitScenes/3dod/Training/41126689/41126689_frames/lowres_depth/41126689_2754.459.png,rule,"{""concept"": ""cabinet"", ""object_index"": 1, ""area_frac"": 0.12005779214305667}"
train_000871,42445677/61038.923,42445677,lidar,unknown,train,existence,negative,4,Is a shelf present in this scene?,,no,yes_no,yes|no,ARKitScenes/3dod/Training/42445677/42445677_frames/lowres_wide/42445677_61038.923.png,ARKitScenes/3dod/Training/42445677/42445677_frames/lowres_depth/42445677_61038.923.png,rule,"{""concept"": ""shelf"", ""reason"": ""category_or_scene_type_plausible""}"
train_003095,47895571/1153758.159,47895571,lidar,unknown,train,existence,negative,0,Is there a chair in this room?,,no,yes_no,yes|no,ARKitScenes/3dod/Training/47895571/47895571_frames/lowres_wide/47895571_1153758.159.png,ARKitScenes/3dod/Training/47895571/47895571_frames/lowres_depth/47895571_1153758.159.png,rule,"{""concept"": ""chair"", ""reason"": ""category_or_scene_type_plausible""}"
train_000554,47670232/52832.396,47670232,lidar,unknown,train,existence,positive,2,Does this room contain a cabinet?,,yes,yes_no,yes|no,ARKitScenes/3dod/Training/47670232/47670232_frames/lowres_wide/47670232_52832.396.png,ARKitScenes/3dod/Training/47670232/47670232_frames/lowres_depth/47670232_52832.396.png,rule,"{""concept"": ""cabinet"", ""object_index"": 5, ""area_frac"": 0.21089857556170555}"
train_005142,42899139/131271.786,42899139,lidar,unknown,train,existence,negative,1,Do you see a cabinet here?,,no,yes_no,yes|no,ARKitScenes/3dod/Training/42899139/42899139_frames/lowres_wide/42899139_131271.786.png,ARKitScenes/3dod/Training/42899139/42899139_frames/lowres_depth/42899139_131271.786.png,rule,"{""concept"": ""cabinet"", ""reason"": ""category_or_scene_type_plausible""}"
train_001540,47331273/12931.162,47331273,lidar,unknown,train,existence,negative,4,Is a shelf present in this scene?,,no,yes_no,yes|no,ARKitScenes/3dod/Training/47331273/47331273_frames/lowres_wide/47331273_12931.162.png,ARKitScenes/3dod/Training/47331273/47331273_frames/lowres_depth/47331273_12931.162.png,rule,"{""concept"": ""shelf"", ""reason"": ""category_or_scene_type_plausible""}"
train_002222,43828517/102947.412,43828517,lidar,unknown,train,existence,negative,3,Can you spot a cabinet in the picture?,,no,yes_no,yes|no,ARKitScenes/3dod/Training/43828517/43828517_frames/lowres_wide/43828517_102947.412.png,ARKitScenes/3dod/Training/43828517/43828517_frames/lowres_depth/43828517_102947.412.png,rule,"{""concept"": ""cabinet"", ""reason"": ""category_or_scene_type_plausible""}"
train_000504,41126383/4981.567,41126383,lidar,unknown,train,existence,negative,1,Do you see a toilet here?,,no,yes_no,yes|no,ARKitScenes/3dod/Training/41126383/41126383_frames/lowres_wide/41126383_4981.567.png,ARKitScenes/3dod/Training/41126383/41126383_frames/lowres_depth/41126383_4981.567.png,rule,"{""concept"": ""toilet"", ""reason"": ""category_or_scene_type_plausible""}"
train_000455,45663387/93573.698,45663387,lidar,unknown,train,existence,negative,2,Does this room contain a cabinet?,,no,yes_no,yes|no,ARKitScenes/3dod/Training/45663387/45663387_frames/lowres_wide/45663387_93573.698.png,ARKitScenes/3dod/Training/45663387/45663387_frames/lowres_depth/45663387_93573.698.png,rule,"{""concept"": ""cabinet"", ""reason"": ""category_or_scene_type_plausible""}"
train_002345,43828149/73328.016,43828149,lidar,unknown,train,existence,negative,0,Is there a cabinet in this room?,,no,yes_no,yes|no,ARKitScenes/3dod/Training/43828149/43828149_frames/lowres_wide/43828149_73328.016.png,ARKitScenes/3dod/Training/43828149/43828149_frames/lowres_depth/43828149_73328.016.png,rule,"{""concept"": ""cabinet"", ""reason"": ""category_or_scene_type_plausible""}"
train_004120,43896224/4905.115,43896224,lidar,unknown,train,existence,positive,3,Can you spot a bathtub in the picture?,,yes,yes_no,yes|no,ARKitScenes/3dod/Training/43896224/43896224_frames/lowres_wide/43896224_4905.115.png,ARKitScenes/3dod/Training/43896224/43896224_frames/lowres_depth/43896224_4905.115.png,rule,"{""concept"": ""bathtub"", ""object_index"": 0, ""area_frac"": 0.5936143241272147}"
train_000237,47670232/52835.695,47670232,lidar,unknown,train,existence,negative,0,Is there a bathtub in this room?,,no,yes_no,yes|no,ARKitScenes/3dod/Training/47670232/47670232_frames/lowres_wide/47670232_52835.695.png,ARKitScenes/3dod/Training/47670232/47670232_frames/lowres_depth/47670232_52835.695.png,rule,"{""concept"": ""bathtub"", ""reason"": ""category_or_scene_type_plausible""}"
train_003276,47895476/132623.736,47895476,lidar,unknown,train,existence,negative,3,Can you spot a shelf in the picture?,,no,yes_no,yes|no,ARKitScenes/3dod/Training/47895476/47895476_frames/lowres_wide/47895476_132623.736.png,ARKitScenes/3dod/Training/47895476/47895476_frames/lowres_depth/47895476_132623.736.png,rule,"{""concept"": ""shelf"", ""reason"": ""category_or_scene_type_plausible""}"
train_000116,47334912/1089997.381,47334912,lidar,unknown,train,existence,positive,5,Is there any cabinet visible in the image?,,yes,yes_no,yes|no,ARKitScenes/3dod/Training/47334912/47334912_frames/lowres_wide/47334912_1089997.381.png,ARKitScenes/3dod/Training/47334912/47334912_frames/lowres_depth/47334912_1089997.381.png,rule,"{""concept"": ""cabinet"", ""object_index"": 9, ""area_frac"": 0.011154553556804822}"
train_003392,47331220/282443.927,47331220,lidar,unknown,train,existence,positive,2,Does this room contain a cabinet?,,yes,yes_no,yes|no,ARKitScenes/3dod/Training/47331220/47331220_frames/lowres_wide/47331220_282443.927.png,ARKitScenes/3dod/Training/47331220/47331220_frames/lowres_depth/47331220_282443.927.png,rule,"{""concept"": ""cabinet"", ""object_index"": 1, ""area_frac"": 0.21111920605434475}"
train_000899,44358599/58275.422,44358599,lidar,unknown,train,existence,negative,0,Is there a cabinet in this room?,,no,yes_no,yes|no,ARKitScenes/3dod/Training/44358599/44358599_frames/lowres_wide/44358599_58275.422.png,ARKitScenes/3dod/Training/44358599/44358599_frames/lowres_depth/44358599_58275.422.png,rule,"{""concept"": ""cabinet"", ""reason"": ""category_or_scene_type_plausible""}"
train_000919,47332508/343884.485,47332508,lidar,unknown,train,existence,positive,0,Is there a cabinet in this room?,,yes,yes_no,yes|no,ARKitScenes/3dod/Training/47332508/47332508_frames/lowres_wide/47332508_343884.485.png,ARKitScenes/3dod/Training/47332508/47332508_frames/lowres_depth/47332508_343884.485.png,rule,"{""concept"": ""cabinet"", ""object_index"": 3, ""area_frac"": 0.09552409759533786}"
train_000973,47895571/1153749.463,47895571,lidar,unknown,train,existence,negative,0,Is there a television in this room?,,no,yes_no,yes|no,ARKitScenes/3dod/Training/47895571/47895571_frames/lowres_wide/47895571_1153749.463.png,ARKitScenes/3dod/Training/47895571/47895571_frames/lowres_depth/47895571_1153749.463.png,rule,"{""concept"": ""television"", ""reason"": ""category_or_scene_type_plausible""}"
train_000797,41159846/78124.040,41159846,lidar,unknown,train,existence,negative,1,Do you see a shelf here?,,no,yes_no,yes|no,ARKitScenes/3dod/Training/41159846/41159846_frames/lowres_wide/41159846_78124.040.png,ARKitScenes/3dod/Training/41159846/41159846_frames/lowres_depth/41159846_78124.040.png,rule,"{""concept"": ""shelf"", ""reason"": ""category_or_scene_type_plausible""}"
train_003055,42445721/63515.037,42445721,lidar,unknown,train,existence,positive,1,Do you see a bathtub here?,,yes,yes_no,yes|no,ARKitScenes/3dod/Training/42445721/42445721_frames/lowres_wide/42445721_63515.037.png,ARKitScenes/3dod/Training/42445721/42445721_frames/lowres_depth/42445721_63515.037.png,rule,"{""concept"": ""bathtub"", ""object_index"": 0, ""area_frac"": 0.14133953911873856}"
train_001801,42898929/818175.299,42898929,lidar,unknown,train,existence,positive,5,Is there any cabinet visible in the image?,,yes,yes_no,yes|no,ARKitScenes/3dod/Training/42898929/42898929_frames/lowres_wide/42898929_818175.299.png,ARKitScenes/3dod/Training/42898929/42898929_frames/lowres_depth/42898929_818175.299.png,rule,"{""concept"": ""cabinet"", ""object_index"": 3, ""area_frac"": 0.3000652594792996}"
train_002588,42445180/8945.210,42445180,lidar,unknown,train,existence,positive,3,Can you spot a toilet in the picture?,,yes,yes_no,yes|no,ARKitScenes/3dod/Training/42445180/42445180_frames/lowres_wide/42445180_8945.210.png,ARKitScenes/3dod/Training/42445180/42445180_frames/lowres_depth/42445180_8945.210.png,rule,"{""concept"": ""toilet"", ""object_index"": 3, ""area_frac"": 0.032324660464731404}"
train_001698,43896330/8976.675,43896330,lidar,unknown,train,existence,negative,2,Does this room contain a cabinet?,,no,yes_no,yes|no,ARKitScenes/3dod/Training/43896330/43896330_frames/lowres_wide/43896330_8976.675.png,ARKitScenes/3dod/Training/43896330/43896330_frames/lowres_depth/43896330_8976.675.png,rule,"{""concept"": ""cabinet"", ""reason"": ""category_or_scene_type_plausible""}"
train_004169,47895946/404940.486,47895946,lidar,unknown,train,existence,positive,5,Is there any shelf visible in the image?,,yes,yes_no,yes|no,ARKitScenes/3dod/Training/47895946/47895946_frames/lowres_wide/47895946_404940.486.png,ARKitScenes/3dod/Training/47895946/47895946_frames/lowres_depth/47895946_404940.486.png,rule,"{""concept"": ""shelf"", ""object_index"": 6, ""area_frac"": 0.07345379481828286}"
train_003473,47331522/190769.195,47331522,lidar,unknown,train,existence,negative,1,Do you see a television here?,,no,yes_no,yes|no,ARKitScenes/3dod/Training/47331522/47331522_frames/lowres_wide/47331522_190769.195.png,ARKitScenes/3dod/Training/47331522/47331522_frames/lowres_depth/47331522_190769.195.png,rule,"{""concept"": ""television"", ""reason"": ""category_or_scene_type_plausible""}"
train_002136,42899141/131735.988,42899141,lidar,unknown,train,existence,positive,0,Is there a bathtub in this room?,,yes,yes_no,yes|no,ARKitScenes/3dod/Training/42899141/42899141_frames/lowres_wide/42899141_131735.988.png,ARKitScenes/3dod/Training/42899141/42899141_frames/lowres_depth/42899141_131735.988.png,rule,"{""concept"": ""bathtub"", ""object_index"": 0, ""area_frac"": 0.5276733282976008}"
train_000730,45261556/75618.685,45261556,lidar,unknown,train,existence,positive,1,Do you see a cabinet here?,,yes,yes_no,yes|no,ARKitScenes/3dod/Training/45261556/45261556_frames/lowres_wide/45261556_75618.685.png,ARKitScenes/3dod/Training/45261556/45261556_frames/lowres_depth/45261556_75618.685.png,rule,"{""concept"": ""cabinet"", ""object_index"": 15, ""area_frac"": 0.007094822282426461}"
train_003260,47332648/369071.687,47332648,lidar,unknown,train,existence,negative,3,Can you spot a cabinet in the picture?,,no,yes_no,yes|no,ARKitScenes/3dod/Training/47332648/47332648_frames/lowres_wide/47332648_369071.687.png,ARKitScenes/3dod/Training/47332648/47332648_frames/lowres_depth/47332648_369071.687.png,rule,"{""concept"": ""cabinet"", ""reason"": ""category_or_scene_type_plausible""}"
train_003226,44796374/11461.969,44796374,lidar,unknown,train,existence,positive,1,Do you see a cabinet here?,,yes,yes_no,yes|no,ARKitScenes/3dod/Training/44796374/44796374_frames/lowres_wide/44796374_11461.969.png,ARKitScenes/3dod/Training/44796374/44796374_frames/lowres_depth/44796374_11461.969.png,rule,"{""concept"": ""cabinet"", ""object_index"": 4, ""area_frac"": 0.3496263690621952}"
train_000545,47331536/4457.797,47331536,lidar,unknown,train,left_right,,0,Is the cabinet to the left or to the right of the table?,,left,choice,left|right,ARKitScenes/3dod/Training/47331536/47331536_frames/lowres_wide/47331536_4457.797.png,ARKitScenes/3dod/Training/47331536/47331536_frames/lowres_depth/47331536_4457.797.png,rule,"{""a_concept"": ""cabinet"", ""b_concept"": ""table"", ""a_centroid_x"": 56.526651057864306, ""b_centroid_x"": 146.81807993696842, ""horizontal_gap_px"": 90.2914288791041, ""image_width"": 256}"
train_004682,47895824/1219909.892,47895824,lidar,unknown,train,left_right,,1,"Relative to the shelf, is the table on the left or the right?",,left,choice,left|right,ARKitScenes/3dod/Training/47895824/47895824_frames/lowres_wide/47895824_1219909.892.png,ARKitScenes/3dod/Training/47895824/47895824_frames/lowres_depth/47895824_1219909.892.png,rule,"{""a_concept"": ""table"", ""b_concept"": ""shelf"", ""a_centroid_x"": 199.3170545831965, ""b_centroid_x"": 229.26634254695773, ""horizontal_gap_px"": 29.949287963761236, ""image_width"": 256}"
train_000742,45663064/38437.903,45663064,lidar,unknown,train,left_right,,2,"Looking at the cabinet, is the table positioned on its left or right?",,right,choice,left|right,ARKitScenes/3dod/Training/45663064/45663064_frames/lowres_wide/45663064_38437.903.png,ARKitScenes/3dod/Training/45663064/45663064_frames/lowres_depth/45663064_38437.903.png,rule,"{""a_concept"": ""table"", ""b_concept"": ""cabinet"", ""a_centroid_x"": 206.19859259042343, ""b_centroid_x"": 172.1357112772441, ""horizontal_gap_px"": 34.06288131317933, ""image_width"": 256}"
train_004241,42899532/957250.039,42899532,lidar,unknown,train,left_right,,2,"Looking at the cabinet, is the chair positioned on its left or right?",,left,choice,left|right,ARKitScenes/3dod/Training/42899532/42899532_frames/lowres_wide/42899532_957250.039.png,ARKitScenes/3dod/Training/42899532/42899532_frames/lowres_depth/42899532_957250.039.png,rule,"{""a_concept"": ""chair"", ""b_concept"": ""cabinet"", ""a_centroid_x"": 171.64661502279353, ""b_centroid_x"": 241.2367187273635, ""horizontal_gap_px"": 69.59010370456997, ""image_width"": 256}"
train_004877,45261251/12661.308,45261251,lidar,unknown,train,left_right,,0,Is the sofa to the left or to the right of the cabinet?,,left,choice,left|right,ARKitScenes/3dod/Training/45261251/45261251_frames/lowres_wide/45261251_12661.308.png,ARKitScenes/3dod/Training/45261251/45261251_frames/lowres_depth/45261251_12661.308.png,rule,"{""a_concept"": ""sofa"", ""b_concept"": ""cabinet"", ""a_centroid_x"": 90.4219590895611, ""b_centroid_x"": 215.52598522586044, ""horizontal_gap_px"": 125.10402613629934, ""image_width"": 256}"
train_003395,42898216/694927.045,42898216,lidar,unknown,train,left_right,,4,"Which side of the television is the cabinet on, left or right?",,right,choice,left|right,ARKitScenes/3dod/Training/42898216/42898216_frames/lowres_wide/42898216_694927.045.png,ARKitScenes/3dod/Training/42898216/42898216_frames/lowres_depth/42898216_694927.045.png,rule,"{""a_concept"": ""cabinet"", ""b_concept"": ""television"", ""a_centroid_x"": 147.00594384544584, ""b_centroid_x"": 73.5749659998174, ""horizontal_gap_px"": 73.43097784562845, ""image_width"": 256}"
train_001324,43649451/12701.353,43649451,lidar,unknown,train,left_right,,1,"Relative to the fireplace, is the cabinet on the left or the right?",,left,choice,left|right,ARKitScenes/3dod/Training/43649451/43649451_frames/lowres_wide/43649451_12701.353.png,ARKitScenes/3dod/Training/43649451/43649451_frames/lowres_depth/43649451_12701.353.png,rule,"{""a_concept"": ""cabinet"", ""b_concept"": ""fireplace"", ""a_centroid_x"": 180.32340059857557, ""b_centroid_x"": 226.1542328360115, ""horizontal_gap_px"": 45.830832237435914, ""image_width"": 256}"
train_001125,47330996/177051.900,47330996,lidar,unknown,train,left_right,,3,Is the cabinet on the left side or the right side of the table?,,right,choice,left|right,ARKitScenes/3dod/Training/47330996/47330996_frames/lowres_wide/47330996_177051.900.png,ARKitScenes/3dod/Training/47330996/47330996_frames/lowres_depth/47330996_177051.900.png,rule,"{""a_concept"": ""cabinet"", ""b_concept"": ""table"", ""a_centroid_x"": 244.3022561828094, ""b_centroid_x"": 70.17239134190947, ""horizontal_gap_px"": 174.12986484089993, ""image_width"": 256}"
train_000927,47333653/126339.640,47333653,lidar,unknown,train,left_right,,5,"From the table, which direction is the sofa in, left or right?",,right,choice,left|right,ARKitScenes/3dod/Training/47333653/47333653_frames/lowres_wide/47333653_126339.640.png,ARKitScenes/3dod/Training/47333653/47333653_frames/lowres_depth/47333653_126339.640.png,rule,"{""a_concept"": ""sofa"", ""b_concept"": ""table"", ""a_centroid_x"": 143.7262771398269, ""b_centroid_x"": 31.830850150259096, ""horizontal_gap_px"": 111.8954269895678, ""image_width"": 256}"
train_000205,42446068/80646.492,42446068,lidar,unknown,train,left_right,,3,Is the bathtub on the left side or the right side of the cabinet?,,right,choice,left|right,ARKitScenes/3dod/Training/42446068/42446068_frames/lowres_wide/42446068_80646.492.png,ARKitScenes/3dod/Training/42446068/42446068_frames/lowres_depth/42446068_80646.492.png,rule,"{""a_concept"": ""bathtub"", ""b_concept"": ""cabinet"", ""a_centroid_x"": 241.95660898605354, ""b_centroid_x"": 124.07861158741741, ""horizontal_gap_px"": 117.87799739863613, ""image_width"": 256}"
train_003373,42898427/1105.759,42898427,lidar,unknown,train,left_right,,3,Is the sofa on the left side or the right side of the stool?,,right,choice,left|right,ARKitScenes/3dod/Training/42898427/42898427_frames/lowres_wide/42898427_1105.759.png,ARKitScenes/3dod/Training/42898427/42898427_frames/lowres_depth/42898427_1105.759.png,rule,"{""a_concept"": ""sofa"", ""b_concept"": ""stool"", ""a_centroid_x"": 171.09517491766883, ""b_centroid_x"": 112.1397275629262, ""horizontal_gap_px"": 58.95544735474263, ""image_width"": 256}"
train_002004,47670124/41677.708,47670124,lidar,unknown,train,left_right,,0,Is the cabinet to the left or to the right of the table?,,left,choice,left|right,ARKitScenes/3dod/Training/47670124/47670124_frames/lowres_wide/47670124_41677.708.png,ARKitScenes/3dod/Training/47670124/47670124_frames/lowres_depth/47670124_41677.708.png,rule,"{""a_concept"": ""cabinet"", ""b_concept"": ""table"", ""a_centroid_x"": 37.23141282617281, ""b_centroid_x"": 177.85618469596284, ""horizontal_gap_px"": 140.62477186979004, ""image_width"": 256}"
train_005024,47333674/134215.377,47333674,lidar,unknown,train,left_right,,0,Is the shelf to the left or to the right of the table?,,left,choice,left|right,ARKitScenes/3dod/Training/47333674/47333674_frames/lowres_wide/47333674_134215.377.png,ARKitScenes/3dod/Training/47333674/47333674_frames/lowres_depth/47333674_134215.377.png,rule,"{""a_concept"": ""shelf"", ""b_concept"": ""table"", ""a_centroid_x"": 39.14981251056614, ""b_centroid_x"": 123.58233667483354, ""horizontal_gap_px"": 84.43252416426739, ""image_width"": 256}"
train_002898,47669917/14135.785,47669917,lidar,unknown,train,left_right,,4,"Which side of the chair is the television on, left or right?",,right,choice,left|right,ARKitScenes/3dod/Training/47669917/47669917_frames/lowres_wide/47669917_14135.785.png,ARKitScenes/3dod/Training/47669917/47669917_frames/lowres_depth/47669917_14135.785.png,rule,"{""a_concept"": ""television"", ""b_concept"": ""chair"", ""a_centroid_x"": 165.38206490910312, ""b_centroid_x"": 123.42409144750003, ""horizontal_gap_px"": 41.95797346160309, ""image_width"": 256}"
train_002398,42898977/823280.634,42898977,lidar,unknown,train,left_right,,1,"Relative to the toilet, is the sink on the left or the right?",,left,choice,left|right,ARKitScenes/3dod/Training/42898977/42898977_frames/lowres_wide/42898977_823280.634.png,ARKitScenes/3dod/Training/42898977/42898977_frames/lowres_depth/42898977_823280.634.png,rule,"{""a_concept"": ""sink"", ""b_concept"": ""toilet"", ""a_centroid_x"": 130.43768832077754, ""b_centroid_x"": 220.42922330746157, ""horizontal_gap_px"": 89.99153498668403, ""image_width"": 256}"
train_005184,48018089/103979.438,48018089,lidar,unknown,train,left_right,,3,Is the cabinet on the left side or the right side of the stool?,,right,choice,left|right,ARKitScenes/3dod/Training/48018089/48018089_frames/lowres_wide/48018089_103979.438.png,ARKitScenes/3dod/Training/48018089/48018089_frames/lowres_depth/48018089_103979.438.png,rule,"{""a_concept"": ""cabinet"", ""b_concept"": ""stool"", ""a_centroid_x"": 189.0508029568798, ""b_centroid_x"": 19.282480090575614, ""horizontal_gap_px"": 169.7683228663042, ""image_width"": 256}"
train_001689,47331084/133938.996,47331084,lidar,unknown,train,left_right,,3,Is the sofa on the left side or the right side of the cabinet?,,left,choice,left|right,ARKitScenes/3dod/Training/47331084/47331084_frames/lowres_wide/47331084_133938.996.png,ARKitScenes/3dod/Training/47331084/47331084_frames/lowres_depth/47331084_133938.996.png,rule,"{""a_concept"": ""sofa"", ""b_concept"": ""cabinet"", ""a_centroid_x"": 39.491481060892646, ""b_centroid_x"": 253.69198193503252, ""horizontal_gap_px"": 214.20050087413986, ""image_width"": 256}"
train_005173,44796745/28688.090,44796745,lidar,unknown,train,left_right,,2,"Looking at the television, is the fireplace positioned on its left or right?",,right,choice,left|right,ARKitScenes/3dod/Training/44796745/44796745_frames/lowres_wide/44796745_28688.090.png,ARKitScenes/3dod/Training/44796745/44796745_frames/lowres_depth/44796745_28688.090.png,rule,"{""a_concept"": ""fireplace"", ""b_concept"": ""television"", ""a_centroid_x"": 145.6440152610495, ""b_centroid_x"": 31.953626337687812, ""horizontal_gap_px"": 113.6903889233617, ""image_width"": 256}"
train_001736,44796745/28672.896,44796745,lidar,unknown,train,left_right,,1,"Relative to the stool, is the sofa on the left or the right?",,right,choice,left|right,ARKitScenes/3dod/Training/44796745/44796745_frames/lowres_wide/44796745_28672.896.png,ARKitScenes/3dod/Training/44796745/44796745_frames/lowres_depth/44796745_28672.896.png,rule,"{""a_concept"": ""sofa"", ""b_concept"": ""stool"", ""a_centroid_x"": 213.31397089248532, ""b_centroid_x"": 164.6151788087551, ""horizontal_gap_px"": 48.69879208373021, ""image_width"": 256}"
train_001018,44358599/58254.430,44358599,lidar,unknown,train,left_right,,3,Is the table on the left side or the right side of the cabinet?,,right,choice,left|right,ARKitScenes/3dod/Training/44358599/44358599_frames/lowres_wide/44358599_58254.430.png,ARKitScenes/3dod/Training/44358599/44358599_frames/lowres_depth/44358599_58254.430.png,rule,"{""a_concept"": ""table"", ""b_concept"": ""cabinet"", ""a_centroid_x"": 184.2280840306898, ""b_centroid_x"": 140.54401005221354, ""horizontal_gap_px"": 43.68407397847628, ""image_width"": 256}"
train_003661,41159873/81838.768,41159873,lidar,unknown,train,left_right,,0,Is the table to the left or to the right of the chair?,,left,choice,left|right,ARKitScenes/3dod/Training/41159873/41159873_frames/lowres_wide/41159873_81838.768.png,ARKitScenes/3dod/Training/41159873/41159873_frames/lowres_depth/41159873_81838.768.png,rule,"{""a_concept"": ""table"", ""b_concept"": ""chair"", ""a_centroid_x"": 23.28803437321165, ""b_centroid_x"": 132.55877206237565, ""horizontal_gap_px"": 109.27073768916401, ""image_width"": 256}"
train_004103,47115260/115042.784,47115260,lidar,unknown,train,left_right,,0,Is the bed to the left or to the right of the cabinet?,,right,choice,left|right,ARKitScenes/3dod/Training/47115260/47115260_frames/lowres_wide/47115260_115042.784.png,ARKitScenes/3dod/Training/47115260/47115260_frames/lowres_depth/47115260_115042.784.png,rule,"{""a_concept"": ""bed"", ""b_concept"": ""cabinet"", ""a_centroid_x"": 225.45660881896276, ""b_centroid_x"": 77.46228767940494, ""horizontal_gap_px"": 147.99432113955783, ""image_width"": 256}"
train_001574,48458260/74279.770,48458260,lidar,unknown,train,left_right,,3,Is the television on the left side or the right side of the chair?,,left,choice,left|right,ARKitScenes/3dod/Training/48458260/48458260_frames/lowres_wide/48458260_74279.770.png,ARKitScenes/3dod/Training/48458260/48458260_frames/lowres_depth/48458260_74279.770.png,rule,"{""a_concept"": ""television"", ""b_concept"": ""chair"", ""a_centroid_x"": 26.91933420710852, ""b_centroid_x"": 147.0654703431707, ""horizontal_gap_px"": 120.14613613606217, ""image_width"": 256}"
train_004710,42444998/45494.558,42444998,lidar,unknown,train,left_right,,0,Is the table to the left or to the right of the television?,,right,choice,left|right,ARKitScenes/3dod/Training/42444998/42444998_frames/lowres_wide/42444998_45494.558.png,ARKitScenes/3dod/Training/42444998/42444998_frames/lowres_depth/42444998_45494.558.png,rule,"{""a_concept"": ""table"", ""b_concept"": ""television"", ""a_centroid_x"": 110.40796876196156, ""b_centroid_x"": 45.388752473216684, ""horizontal_gap_px"": 65.01921628874487, ""image_width"": 256}"
train_000236,47669880/11224.422,47669880,lidar,unknown,train,left_right,,2,"Looking at the chair, is the sofa positioned on its left or right?",,right,choice,left|right,ARKitScenes/3dod/Training/47669880/47669880_frames/lowres_wide/47669880_11224.422.png,ARKitScenes/3dod/Training/47669880/47669880_frames/lowres_depth/47669880_11224.422.png,rule,"{""a_concept"": ""sofa"", ""b_concept"": ""chair"", ""a_centroid_x"": 232.580699009039, ""b_centroid_x"": 157.15403850041093, ""horizontal_gap_px"": 75.42666050862806, ""image_width"": 256}"
train_004855,47331705/9759.553,47331705,lidar,unknown,train,left_right,,1,"Relative to the table, is the sofa on the left or the right?",,left,choice,left|right,ARKitScenes/3dod/Training/47331705/47331705_frames/lowres_wide/47331705_9759.553.png,ARKitScenes/3dod/Training/47331705/47331705_frames/lowres_depth/47331705_9759.553.png,rule,"{""a_concept"": ""sofa"", ""b_concept"": ""table"", ""a_centroid_x"": 148.15081549749362, ""b_centroid_x"": 202.9870684649867, ""horizontal_gap_px"": 54.83625296749307, ""image_width"": 256}"
train_004895,42444998/45382.471,42444998,lidar,unknown,train,left_right,,4,"Which side of the fireplace is the table on, left or right?",,right,choice,left|right,ARKitScenes/3dod/Training/42444998/42444998_frames/lowres_wide/42444998_45382.471.png,ARKitScenes/3dod/Training/42444998/42444998_frames/lowres_depth/42444998_45382.471.png,rule,"{""a_concept"": ""table"", ""b_concept"": ""fireplace"", ""a_centroid_x"": 199.9706441300712, ""b_centroid_x"": 26.145932190755996, ""horizontal_gap_px"": 173.82471193931522, ""image_width"": 256}"
train_003670,47333493/62560.610,47333493,lidar,unknown,train,left_right,,5,"From the chair, which direction is the table in, left or right?",,right,choice,left|right,ARKitScenes/3dod/Training/47333493/47333493_frames/lowres_wide/47333493_62560.610.png,ARKitScenes/3dod/Training/47333493/47333493_frames/lowres_depth/47333493_62560.610.png,rule,"{""a_concept"": ""table"", ""b_concept"": ""chair"", ""a_centroid_x"": 46.11740752655463, ""b_centroid_x"": 12.678334060334919, ""horizontal_gap_px"": 33.43907346621971, ""image_width"": 256}"
train_001280,42444997/45186.770,42444997,lidar,unknown,train,left_right,,2,"Looking at the television, is the table positioned on its left or right?",,right,choice,left|right,ARKitScenes/3dod/Training/42444997/42444997_frames/lowres_wide/42444997_45186.770.png,ARKitScenes/3dod/Training/42444997/42444997_frames/lowres_depth/42444997_45186.770.png,rule,"{""a_concept"": ""table"", ""b_concept"": ""television"", ""a_centroid_x"": 217.62704335706522, ""b_centroid_x"": 178.26625375236267, ""horizontal_gap_px"": 39.360789604702546, ""image_width"": 256}"
train_002874,47895672/369311.783,47895672,lidar,unknown,train,left_right,,5,"From the television, which direction is the cabinet in, left or right?",,right,choice,left|right,ARKitScenes/3dod/Training/47895672/47895672_frames/lowres_wide/47895672_369311.783.png,ARKitScenes/3dod/Training/47895672/47895672_frames/lowres_depth/47895672_369311.783.png,rule,"{""a_concept"": ""cabinet"", ""b_concept"": ""television"", ""a_centroid_x"": 242.8547639373693, ""b_centroid_x"": 213.68848340231716, ""horizontal_gap_px"": 29.166280535052152, ""image_width"": 256}"
train_001646,43828402/88415.695,43828402,lidar,unknown,train,left_right,,2,"Looking at the cabinet, is the bed positioned on its left or right?",,right,choice,left|right,ARKitScenes/3dod/Training/43828402/43828402_frames/lowres_wide/43828402_88415.695.png,ARKitScenes/3dod/Training/43828402/43828402_frames/lowres_depth/43828402_88415.695.png,rule,"{""a_concept"": ""bed"", ""b_concept"": ""cabinet"", ""a_centroid_x"": 110.67193510030492, ""b_centroid_x"": 67.02100369412919, ""horizontal_gap_px"": 43.65093140617573, ""image_width"": 256}"
train_002373,41127074/1000.015,41127074,lidar,unknown,train,left_right,,0,Is the bathtub to the left or to the right of the sink?,,left,choice,left|right,ARKitScenes/3dod/Training/41127074/41127074_frames/lowres_wide/41127074_1000.015.png,ARKitScenes/3dod/Training/41127074/41127074_frames/lowres_depth/41127074_1000.015.png,rule,"{""a_concept"": ""bathtub"", ""b_concept"": ""sink"", ""a_centroid_x"": 71.40767707442055, ""b_centroid_x"": 200.0667281082986, ""horizontal_gap_px"": 128.65905103387806, ""image_width"": 256}"
train_001476,47115137/85876.349,47115137,lidar,unknown,train,left_right,,2,"Looking at the sink, is the toilet positioned on its left or right?",,left,choice,left|right,ARKitScenes/3dod/Training/47115137/47115137_frames/lowres_wide/47115137_85876.349.png,ARKitScenes/3dod/Training/47115137/47115137_frames/lowres_depth/47115137_85876.349.png,rule,"{""a_concept"": ""toilet"", ""b_concept"": ""sink"", ""a_centroid_x"": 214.12333750087635, ""b_centroid_x"": 242.4206369078616, ""horizontal_gap_px"": 28.297299406985246, ""image_width"": 256}"
train_004645,42445078/5632.038,42445078,lidar,unknown,train,left_right,,1,"Relative to the cabinet, is the bed on the left or the right?",,right,choice,left|right,ARKitScenes/3dod/Training/42445078/42445078_frames/lowres_wide/42445078_5632.038.png,ARKitScenes/3dod/Training/42445078/42445078_frames/lowres_depth/42445078_5632.038.png,rule,"{""a_concept"": ""bed"", ""b_concept"": ""cabinet"", ""a_centroid_x"": 154.56451373317412, ""b_centroid_x"": 86.44096829400955, ""horizontal_gap_px"": 68.12354543916457, ""image_width"": 256}"
train_004874,45260957/5927.622,45260957,lidar,unknown,train,left_right,,3,Is the sofa on the left side or the right side of the chair?,,left,choice,left|right,ARKitScenes/3dod/Training/45260957/45260957_frames/lowres_wide/45260957_5927.622.png,ARKitScenes/3dod/Training/45260957/45260957_frames/lowres_depth/45260957_5927.622.png,rule,"{""a_concept"": ""sofa"", ""b_concept"": ""chair"", ""a_centroid_x"": 79.10733415317695, ""b_centroid_x"": 112.52702512543011, ""horizontal_gap_px"": 33.419690972253164, ""image_width"": 256}"
train_005058,43896117/146008.136,43896117,lidar,unknown,train,left_right,,0,Is the bed to the left or to the right of the cabinet?,,right,choice,left|right,ARKitScenes/3dod/Training/43896117/43896117_frames/lowres_wide/43896117_146008.136.png,ARKitScenes/3dod/Training/43896117/43896117_frames/lowres_depth/43896117_146008.136.png,rule,"{""a_concept"": ""bed"", ""b_concept"": ""cabinet"", ""a_centroid_x"": 117.81982238497835, ""b_centroid_x"": 79.9197626758985, ""horizontal_gap_px"": 37.900059709079855, ""image_width"": 256}"
train_002807,43896365/19947.762,43896365,lidar,unknown,train,left_right,,4,"Which side of the stool is the table on, left or right?",,left,choice,left|right,ARKitScenes/3dod/Training/43896365/43896365_frames/lowres_wide/43896365_19947.762.png,ARKitScenes/3dod/Training/43896365/43896365_frames/lowres_depth/43896365_19947.762.png,rule,"{""a_concept"": ""table"", ""b_concept"": ""stool"", ""a_centroid_x"": 171.75928705913847, ""b_centroid_x"": 238.14003904316627, ""horizontal_gap_px"": 66.3807519840278, ""image_width"": 256}"
train_003851,41069076/3118.824,41069076,lidar,unknown,train,left_right,,5,"From the cabinet, which direction is the sink in, left or right?",,right,choice,left|right,ARKitScenes/3dod/Training/41069076/41069076_frames/lowres_wide/41069076_3118.824.png,ARKitScenes/3dod/Training/41069076/41069076_frames/lowres_depth/41069076_3118.824.png,rule,"{""a_concept"": ""sink"", ""b_concept"": ""cabinet"", ""a_centroid_x"": 219.30376983968543, ""b_centroid_x"": 41.175764260141825, ""horizontal_gap_px"": 178.1280055795436, ""image_width"": 256}"
train_005161,45260947/4634.912,45260947,lidar,unknown,train,left_right,,1,"Relative to the shelf, is the cabinet on the left or the right?",,right,choice,left|right,ARKitScenes/3dod/Training/45260947/45260947_frames/lowres_wide/45260947_4634.912.png,ARKitScenes/3dod/Training/45260947/45260947_frames/lowres_depth/45260947_4634.912.png,rule,"{""a_concept"": ""cabinet"", ""b_concept"": ""shelf"", ""a_centroid_x"": 141.942554032305, ""b_centroid_x"": 36.537248031922566, ""horizontal_gap_px"": 105.40530600038244, ""image_width"": 256}"
train_003193,47204680/13297.497,47204680,lidar,unknown,train,left_right,,4,"Which side of the toilet is the cabinet on, left or right?",,left,choice,left|right,ARKitScenes/3dod/Training/47204680/47204680_frames/lowres_wide/47204680_13297.497.png,ARKitScenes/3dod/Training/47204680/47204680_frames/lowres_depth/47204680_13297.497.png,rule,"{""a_concept"": ""cabinet"", ""b_concept"": ""toilet"", ""a_centroid_x"": 38.21087012815055, ""b_centroid_x"": 147.65146493546177, ""horizontal_gap_px"": 109.44059480731121, ""image_width"": 256}"
