question_id,prediction
test_000000,left
test_000001,table
test_000002,table
test_000003,yes
test_000004,yes
test_000005,bed
test_000006,refrigerator
test_000007,table
test_000008,left
test_000009,no
test_000010,yes
test_000011,chair
test_000012,chair
test_000013,left
test_000014,monitor
test_000015,bed
test_000016,left
test_000017,monitor
test_000018,trash can
test_000019,yes
test_000020,right
test_000021,right
test_000022,trash can
test_000023,board
test_000024,chair
test_000025,right
test_000026,chair
test_000027,desk
test_000028,yes
test_000029,chair
test_000030,toy
test_000031,box
test_000032,right
test_000033,no
test_000034,cup
test_000035,refrigerator
test_000036,chair
test_000037,shelf
test_000038,person
test_000039,right
test_000040,left
test_000041,cabinet
test_000042,plant
test_000043,nightstand
test_000044,chair
test_000045,trash can
test_000046,yes
test_000047,yes
test_000048,no
test_000049,bed
test_000050,window
test_000051,box
test_000052,curtain
test_000053,chair
test_000054,chair
test_000055,window
test_000056,right
test_000057,bench
test_000058,left
test_000059,left
test_000060,stove
test_000061,no
test_000062,no
test_000063,chair
test_000064,printer
test_000065,bathtub
test_000066,yes
test_000067,yes
test_000068,yes
test_000069,chalkboard
test_000070,door
test_000071,curtain
test_000072,screen
test_000073,window
test_000074,monitor
test_000075,bench
test_000076,yes
test_000077,sink
test_000078,no
test_000079,left
test_000080,bed
test_000081,trash can
test_000082,stool
test_000083,right
test_000084,yes
test_000085,yes
test_000086,yes
test_000087,no
test_000088,right
test_000089,cord
test_000090,no
test_000091,shower curtain
test_000092,chair
test_000093,no
test_000094,screen
test_000095,mirror
test_000096,left
test_000097,door
test_000098,outlet
test_000099,keyboard
test_000100,desk
test_000101,chair
test_000102,photo
test_000103,lamp
test_000104,table
test_000105,no
test_000106,right
test_000107,right
test_000108,desk
test_000109,no
test_000110,right
test_000111,bed
test_000112,left
test_000113,chair
test_000114,chair
test_000115,door
test_000116,chair
test_000117,right
test_000118,counter
test_000119,bottle
test_000120,pillow
test_000121,desk
test_000122,sofa
test_000123,refrigerator
test_000124,chair
test_000125,chair
test_000126,window
test_000127,door
test_000128,plant
test_000129,chair
test_000130,sink
test_000131,right
test_000132,trash can
test_000133,bottle
test_000134,no
test_000135,no
test_000136,right
test_000137,chair
test_000138,right
test_000139,curtain
test_000140,whiteboard
test_000141,bottle
test_000142,sink
test_000143,box
test_000144,bed
test_000145,box
test_000146,bed
test_000147,window
test_000148,chair
test_000149,no
test_000150,right
test_000151,yes
test_000152,trash can
test_000153,chair
test_000154,cabinet
test_000155,desk
test_000156,right
test_000157,left
test_000158,door
test_000159,no
test_000160,chair
test_000161,shelf
test_000162,window
test_000163,printer
test_000164,no
test_000165,no
test_000166,stove
test_000167,yes
test_000168,chair
test_000169,book
test_000170,left
test_000171,no
test_000172,computer
test_000173,no
test_000174,sofa
test_000175,chair
test_000176,right
test_000177,no
test_000178,left
test_000179,no
test_000180,trash can
test_000181,window
test_000182,yes
test_000183,chair
test_000184,table
test_000185,door
test_000186,door
test_000187,no
test_000188,right
test_000189,no
test_000190,coffee table
test_000191,no
test_000192,bench
test_000193,yes
test_000194,backpack
test_000195,left
test_000196,right
test_000197,left
test_000198,table
test_000199,television
test_000200,left
test_000201,left
test_000202,lamp
test_000203,computer
test_000204,yes
test_000205,book
test_000206,bathtub
test_000207,no
test_000208,phone
test_000209,left
test_000210,yes
test_000211,cabinet
test_000212,yes
test_000213,chair
test_000214,bin
test_000215,yes
test_000216,yes
test_000217,bed
test_000218,no
test_000219,door
test_000220,yes
test_000221,plant
test_000222,left
test_000223,chair
test_000224,cabinet
test_000225,chair
test_000226,monitor
test_000227,chair
test_000228,right
test_000229,box
test_000230,right
test_000231,television
test_000232,chair
test_000233,chair
test_000234,no
test_000235,no
test_000236,trash can
test_000237,table
test_000238,person
test_000239,trash can
test_000240,curtain
test_000241,table
test_000242,chair
test_000243,chair
test_000244,cup
test_000245,cabinet
test_000246,no
test_000247,chair
test_000248,trash can
test_000249,no
test_000250,trash can
test_000251,left
test_000252,door
test_000253,laptop
test_000254,monitor
test_000255,table
test_000256,chair
test_000257,right
test_000258,no
test_000259,bed
test_000260,left
test_000261,television
test_000262,door
test_000263,no
test_000264,cabinet
test_000265,bed
test_000266,left
test_000267,chair
test_000268,table
test_000269,bookshelf
test_000270,chair
test_000271,bookshelf
test_000272,chair
test_000273,table
test_000274,chair
test_000275,right
test_000276,bed
test_000277,left
test_000278,left
test_000279,window
test_000280,chair
test_000281,paper towel
test_000282,tree
test_000283,trash can
test_000284,chair
test_000285,mirror
test_000286,yes
test_000287,no
test_000288,monitor
test_000289,right
test_000290,sofa
test_000291,door
test_000292,chair
test_000293,right
test_000294,pillow
test_000295,right
test_000296,desk
test_000297,table
test_000298,window
test_000299,window
test_000300,no
test_000301,chair
test_000302,no
test_000303,no
test_000304,right
test_000305,yes
test_000306,door
test_000307,desk
test_000308,table
test_000309,yes
test_000310,no
test_000311,no
test_000312,keyboard
test_000313,bookshelf
test_000314,rack
test_000315,monitor
test_000316,pot
test_000317,desk
test_000318,chair
test_000319,sofa
test_000320,table
test_000321,door
test_000322,book
test_000323,yes
test_000324,right
test_000325,right
test_000326,left
test_000327,poster
test_000328,door
test_000329,chair
test_000330,no
test_000331,left
test_000332,left
test_000333,desk
test_000334,left
test_000335,right
test_000336,yes
test_000337,box
test_000338,table
test_000339,desk
test_000340,chair
test_000341,bookshelf
test_000342,yes
test_000343,right
test_000344,chair
test_000345,yes
test_000346,chair
test_000347,yes
test_000348,table
test_000349,chair
test_000350,curtain
test_000351,right
test_000352,stool
test_000353,no
test_000354,chair
test_000355,chair
test_000356,chair
test_000357,printer
test_000358,chair
test_000359,no
test_000360,yes
test_000361,yes
test_000362,bed
test_000363,yes
test_000364,counter
test_000365,table
test_000366,bookshelf
test_000367,stand
test_000368,table
test_000369,chair
test_000370,printer
test_000371,right
test_000372,window
test_000373,trash can
test_000374,yes
test_000375,plant
test_000376,no
test_000377,board
test_000378,yes
test_000379,chair
test_000380,left
test_000381,yes
test_000382,whiteboard
test_000383,chair
test_000384,no
test_000385,desk
test_000386,chair
test_000387,yes
test_000388,chair
test_000389,chair
test_000390,chair
test_000391,window
test_000392,foosball table
test_000393,right
test_000394,right
test_000395,no
test_000396,chair
test_000397,chair
test_000398,yes
test_000399,chair
test_000400,yes
test_000401,yes
test_000402,trash can
test_000403,left
test_000404,chair
test_000405,no
test_000406,toy
test_000407,keyboard
test_000408,yes
test_000409,door
test_000410,chair
test_000411,right
test_000412,cabinet
test_000413,sofa
test_000414,trash can
test_000415,left
test_000416,screen
test_000417,chair
test_000418,left
test_000419,yes
test_000420,chair
test_000421,rug
test_000422,no
test_000423,no
test_000424,left
test_000425,counter
test_000426,bed
test_000427,chair
test_000428,chair
test_000429,right
test_000430,printer
test_000431,no
test_000432,counter
test_000433,right
test_000434,picture frame
test_000435,right
test_000436,right
test_000437,bed
test_000438,right
test_000439,chair
test_000440,trash can
test_000441,yes
test_000442,table
test_000443,bench
test_000444,right
test_000445,left
test_000446,left
test_000447,monitor
test_000448,chair
test_000449,microwave
test_000450,right
test_000451,table
test_000452,window
test_000453,cabinet
test_000454,left
test_000455,right
test_000456,left
test_000457,chair
test_000458,window
test_000459,desk
test_000460,yes
test_000461,yes
test_000462,chair
test_000463,left
test_000464,paper
test_000465,left
test_000466,sofa
test_000467,bed
test_000468,left
test_000469,yes
test_000470,monitor
test_000471,chair
test_000472,trash can
test_000473,printer
test_000474,chair
test_000475,left
test_000476,right
test_000477,right
test_000478,shelf
test_000479,nightstand
test_000480,yes
test_000481,yes
test_000482,table
test_000483,yes
test_000484,screen
test_000485,paper
test_000486,ottoman
test_000487,left
test_000488,chair
test_000489,yes
test_000490,table
test_000491,yes
test_000492,yes
test_000493,plant
test_000494,lamp
test_000495,left
test_000496,right
test_000497,microwave
test_000498,desk
test_000499,trash can
test_000500,chair
test_000501,right
test_000502,yes
test_000503,monitor
test_000504,no
test_000505,shower curtain
test_000506,table
test_000507,yes
test_000508,right
test_000509,left
test_000510,bathtub
test_000511,toy
test_000512,chair
test_000513,right
test_000514,chair
test_000515,yes
test_000516,counter
test_000517,mirror
test_000518,blackboard
test_000519,no
test_000520,clothes
test_000521,table
test_000522,no
test_000523,television
test_000524,table
test_000525,yes
test_000526,yes
test_000527,chair
test_000528,left
test_000529,right
test_000530,chair
test_000531,right
test_000532,carpet
test_000533,bed
test_000534,mirror
test_000535,chair
test_000536,no
test_000537,monitor
test_000538,box
test_000539,left
test_000540,chair
test_000541,chair
test_000542,ottoman
test_000543,backpack
test_000544,bookshelf
test_000545,window
test_000546,no
test_000547,right
test_000548,cup
test_000549,monitor
test_000550,chair
test_000551,right
test_000552,yes
test_000553,stool
test_000554,yes
test_000555,right
test_000556,chair
test_000557,faucet
test_000558,door
test_000559,table
test_000560,chair
test_000561,trash can
test_000562,mirror
test_000563,no
test_000564,left
test_000565,left
test_000566,curtain
test_000567,chair
test_000568,yes
test_000569,rack
test_000570,chair
test_000571,right
test_000572,table
test_000573,chair
test_000574,sign
test_000575,door
test_000576,right
test_000577,book
test_000578,no
test_000579,no
test_000580,chair
test_000581,left
test_000582,table
test_000583,trash can
test_000584,left
test_000585,left
test_000586,door
test_000587,yes
test_000588,no
test_000589,left
test_000590,chair
test_000591,toilet
test_000592,left
test_000593,no
test_000594,right
test_000595,sofa
test_000596,yes
test_000597,yes
test_000598,left
test_000599,yes
test_000600,desk
test_000601,no
test_000602,yes
test_000603,right
test_000604,lamp
test_000605,right
test_000606,book
test_000607,right
test_000608,no
test_000609,chair
test_000610,yes
test_000611,yes
test_000612,chair
test_000613,book
test_000614,lamp
test_000615,chair
test_000616,table
test_000617,chair
test_000618,chair
test_000619,bottle
test_000620,no
test_000621,door
test_000622,right
test_000623,chair
test_000624,right
test_000625,chair
test_000626,trash can
test_000627,right
test_000628,yes
test_000629,yes
test_000630,mirror
test_000631,basket
test_000632,yes
test_000633,table leg
test_000634,chair
test_000635,bed
test_000636,table
test_000637,chair
test_000638,table
test_000639,no
test_000640,trash can
test_000641,left
test_000642,counter
test_000643,left
test_000644,chair
test_000645,chair
test_000646,television
test_000647,toilet
test_000648,box
test_000649,computer
test_000650,yes
test_000651,table
test_000652,suitcase
test_000653,yes
test_000654,picture
test_000655,left
test_000656,monitor
test_000657,right
test_000658,desk
test_000659,night stand
test_000660,laptop
test_000661,left
test_000662,chair
test_000663,right
test_000664,television
test_000665,bed
test_000666,window
test_000667,right
test_000668,yes
test_000669,left
test_000670,yes
test_000671,yes
test_000672,bed
test_000673,yes
test_000674,bed
test_000675,dresser
test_000676,right
test_000677,bed
test_000678,right
test_000679,refrigerator
test_000680,yes
test_000681,file cabinet
test_000682,ottoman
test_000683,shelf
test_000684,desk
test_000685,desk
test_000686,bottle
test_000687,printer
test_000688,toy
test_000689,left
test_000690,right
test_000691,chair
test_000692,cat
test_000693,right
test_000694,right
test_000695,tree
test_000696,bathtub
test_000697,desk
test_000698,chair
test_000699,mirror
test_000700,left
test_000701,box
test_000702,box
test_000703,poster
test_000704,right
test_000705,chair
test_000706,yes
test_000707,yes
test_000708,box
test_000709,left
test_000710,chair
test_000711,trash can
test_000712,dresser
test_000713,yes
test_000714,yes
test_000715,left
test_000716,keyboard
test_000717,trash can
test_000718,chair
test_000719,right
test_000720,yes
test_000721,nightstand
test_000722,no
test_000723,keyboard
test_000724,yes
test_000725,no
test_000726,bookshelf
test_000727,right
test_000728,shower curtain
test_000729,no
test_000730,right
test_000731,table
test_000732,left
test_000733,yes
test_000734,bottle
test_000735,shelf
test_000736,left
test_000737,chair
test_000738,left
test_000739,chair
test_000740,right
test_000741,yes
test_000742,plant
test_000743,yes
test_000744,headboard
test_000745,stand
test_000746,chair
test_000747,right
test_000748,right
test_000749,door
test_000750,chair
test_000751,table
test_000752,no
test_000753,box
test_000754,mirror
test_000755,window
test_000756,dresser
test_000757,right
test_000758,right
test_000759,yes
test_000760,right
test_000761,chair
test_000762,left
test_000763,cabinet
test_000764,cabinet
test_000765,vent
test_000766,yes
test_000767,right
test_000768,no
test_000769,chair
test_000770,no
test_000771,box
test_000772,no
test_000773,dresser
test_000774,bed
test_000775,yes
test_000776,left
test_000777,no
test_000778,no
test_000779,picture
test_000780,right
test_000781,box
test_000782,right
test_000783,window
test_000784,table
test_000785,yes
test_000786,no
test_000787,chair
test_000788,cabinet
test_000789,no
test_000790,nightstand
test_000791,mirror
test_000792,table
test_000793,yes
test_000794,chalkboard
test_000795,cabinet
test_000796,no
test_000797,yes
test_000798,right
test_000799,left
test_000800,door
test_000801,clothes
test_000802,yes
test_000803,no
test_000804,yes
test_000805,right
test_000806,whiteboard
test_000807,window
test_000808,window
test_000809,left
test_000810,desk
test_000811,yes
test_000812,chair
test_000813,printer
test_000814,bed
test_000815,chair
test_000816,chair
test_000817,right
test_000818,right
test_000819,chair
test_000820,right
test_000821,no
test_000822,shelf
test_000823,cpu
test_000824,mirror
test_000825,door
test_000826,left
test_000827,board
test_000828,right
test_000829,window
test_000830,paper
test_000831,yes
test_000832,yes
test_000833,right
test_000834,chair
test_000835,right
test_000836,yes
test_000837,door
test_000838,no
test_000839,right
test_000840,no
test_000841,box
test_000842,right
test_000843,no
test_000844,yes
test_000845,basket
test_000846,no
test_000847,clothes
test_000848,right
test_000849,no
test_000850,vase
test_000851,table
test_000852,right
test_000853,right
test_000854,right
test_000855,right
test_000856,box
test_000857,yes
test_000858,window
test_000859,left
test_000860,cabinet
test_000861,dresser
test_000862,plate
test_000863,yes
test_000864,chair
test_000865,person
test_000866,left
test_000867,shelf
test_000868,no
test_000869,yes
test_000870,yes
test_000871,armchair
test_000872,yes
test_000873,desk
test_000874,no
test_000875,cabinet door
test_000876,left
test_000877,left
test_000878,monitor
test_000879,chair
test_000880,desk
test_000881,bed
test_000882,chair
test_000883,yes
test_000884,right
test_000885,towel
test_000886,desk
test_000887,chair
test_000888,bicycle
test_000889,chair
test_000890,left
test_000891,left
test_000892,window
test_000893,no
test_000894,no
test_000895,picture
test_000896,left
test_000897,yes
test_000898,yes
test_000899,book
test_000900,yes
test_000901,cabinet
test_000902,monitor
test_000903,yes
test_000904,chair
test_000905,television
test_000906,yes
test_000907,chair
test_000908,chair
test_000909,toy
test_000910,yes
test_000911,no
test_000912,right
test_000913,no
test_000914,plant
test_000915,window
test_000916,sofa
test_000917,right
test_000918,mirror
test_000919,no
test_000920,chair
test_000921,yes
test_000922,right
test_000923,trash can
test_000924,no
test_000925,cabinet
test_000926,no
test_000927,yes
test_000928,chair
test_000929,door
test_000930,left
test_000931,right
test_000932,mirror
test_000933,no
test_000934,left
test_000935,no
test_000936,window
test_000937,chair
test_000938,curtain
test_000939,yes
test_000940,desk
test_000941,right
test_000942,carpet
test_000943,left
test_000944,television
test_000945,yes
test_000946,faucet
test_000947,table
test_000948,window
test_000949,cupboard
test_000950,left
test_000951,right
test_000952,right
test_000953,sink
test_000954,shower curtain
test_000955,cabinet
test_000956,right
test_000957,right
test_000958,monitor
test_000959,towel
test_000960,yes
test_000961,chair
test_000962,door
test_000963,microwave
test_000964,curtain
test_000965,chair
test_000966,yes
test_000967,no
test_000968,sofa
test_000969,yes
test_000970,chair
test_000971,desk
test_000972,table
test_000973,bicycle
test_000974,printer
test_000975,bin
test_000976,yes
test_000977,speaker
test_000978,bottle
test_000979,refrigerator
test_000980,chair
test_000981,yes
test_000982,door
test_000983,left
test_000984,table
test_000985,bookshelf
test_000986,left
test_000987,no
test_000988,stair
test_000989,no
test_000990,stand
test_000991,tray
test_000992,bed
test_000993,yes
test_000994,desk
test_000995,shelf
test_000996,floor mat
test_000997,trash can
test_000998,heater
test_000999,door
test_001000,yes
test_001001,yes
test_001002,table
test_001003,blind
test_001004,chair
test_001005,chair
test_001006,table
test_001007,yes
test_001008,door
test_001009,basket
test_001010,tag
test_001011,chair
test_001012,trash can
test_001013,curtain
test_001014,table
test_001015,left
test_001016,chair
test_001017,yes
test_001018,sofa
test_001019,yes
test_001020,left
test_001021,no
test_001022,left
test_001023,bag
test_001024,towel
test_001025,left
test_001026,no
test_001027,no
test_001028,cabinet
test_001029,blind
test_001030,lamp
test_001031,chair
test_001032,right
test_001033,chair
test_001034,no
test_001035,window
test_001036,chair
test_001037,towel
test_001038,left
test_001039,chair
test_001040,right
test_001041,right
test_001042,chair
test_001043,right
test_001044,right
test_001045,no
test_001046,no
test_001047,table
test_001048,yes
test_001049,chair
test_001050,bed
test_001051,yes
test_001052,plant
test_001053,no
test_001054,table
test_001055,chair
test_001056,yes
test_001057,sink
test_001058,no
test_001059,bed
test_001060,table
test_001061,chair
test_001062,right
test_001063,curtain
test_001064,left
test_001065,person
test_001066,door
test_001067,shelf
test_001068,curtain
test_001069,window
test_001070,book
test_001071,right
test_001072,bottle
test_001073,yes
test_001074,cabinet
test_001075,right
test_001076,whiteboard
test_001077,yes
test_001078,right
test_001079,yes
test_001080,box
test_001081,table
test_001082,desk
test_001083,left
test_001084,bookshelf
test_001085,no
test_001086,table
test_001087,left
test_001088,chair
test_001089,bed
test_001090,right
test_001091,cabinet
test_001092,bed
test_001093,sink
test_001094,left
test_001095,bed
test_001096,curtain
test_001097,sink
test_001098,no
test_001099,table
test_001100,chair
test_001101,bed
test_001102,window
test_001103,chair
test_001104,book
test_001105,bed
test_001106,chair
test_001107,curtain
test_001108,bathtub
test_001109,yes
test_001110,no
test_001111,chair
test_001112,chair
test_001113,yes
test_001114,desk
test_001115,chair
test_001116,dresser
test_001117,no
test_001118,yes
test_001119,left
test_001120,table
test_001121,left
test_001122,refrigerator
test_001123,yes
test_001124,yes
test_001125,stand
test_001126,left
test_001127,yes
test_001128,left
test_001129,no
test_001130,yes
test_001131,door
test_001132,chair
test_001133,left
test_001134,left
test_001135,table
test_001136,table
test_001137,chair
test_001138,table
test_001139,sofa
test_001140,book
test_001141,no
test_001142,chair
test_001143,window
test_001144,yes
test_001145,cabinet
test_001146,right
test_001147,trash can
test_001148,monitor
test_001149,cabinet
test_001150,lamp
test_001151,table
test_001152,door
test_001153,left
test_001154,desk
test_001155,no
test_001156,desk
test_001157,bottle
test_001158,bed
test_001159,dresser
test_001160,yes
test_001161,mirror
test_001162,plate
test_001163,desk
test_001164,yes
test_001165,cabinet
test_001166,mirror
test_001167,cabinet
test_001168,left
test_001169,right
test_001170,yes
test_001171,left
test_001172,curtain
test_001173,box
test_001174,blanket
test_001175,window
test_001176,mirror
test_001177,bed
test_001178,book
test_001179,desk
test_001180,pillow
test_001181,window
test_001182,chair
test_001183,carpet
test_001184,left
test_001185,printer
test_001186,table
test_001187,mirror
test_001188,table
test_001189,plate
test_001190,no
test_001191,right
test_001192,left
test_001193,bed
test_001194,table
test_001195,cabinet
test_001196,desk
test_001197,right
test_001198,window
test_001199,yes
test_001200,yes
test_001201,left
test_001202,no
test_001203,sofa
test_001204,left
test_001205,chair
test_001206,left
test_001207,yes
test_001208,refrigerator
test_001209,chair
test_001210,keyboard
test_001211,lamp
test_001212,trash can
test_001213,pillow
test_001214,bed
test_001215,door
test_001216,left
test_001217,dresser
test_001218,counter
test_001219,box
test_001220,plate
test_001221,computer
test_001222,chair
test_001223,microwave
test_001224,chair
test_001225,bed
test_001226,no
test_001227,bookshelf
test_001228,lamp
test_001229,chair
test_001230,chair
test_001231,bookshelf
test_001232,yes
test_001233,plant
test_001234,mirror
test_001235,no
test_001236,door
test_001237,chair
test_001238,sofa
test_001239,cabinet
test_001240,no
test_001241,yes
test_001242,right
test_001243,yes
test_001244,yes
test_001245,no
test_001246,yes
test_001247,chair
test_001248,yes
test_001249,chair
test_001250,right
test_001251,chair
test_001252,counter
test_001253,left
test_001254,left
test_001255,picture
test_001256,yes
test_001257,door
test_001258,mirror
test_001259,television
test_001260,book
test_001261,shelf
test_001262,window
test_001263,table
test_001264,yes
test_001265,yes
test_001266,yes
test_001267,right
test_001268,left
test_001269,table
test_001270,trash can
test_001271,yes
test_001272,plant
test_001273,yes
test_001274,yes
test_001275,wood
test_001276,yes
test_001277,bed
test_001278,door
test_001279,yes
test_001280,chair
test_001281,left
test_001282,bed
test_001283,chair
test_001284,no
test_001285,person
test_001286,right
test_001287,chair
test_001288,chair
test_001289,table
test_001290,right
test_001291,door
test_001292,chair
test_001293,cloth
test_001294,yes
test_001295,desk
test_001296,trash can
test_001297,left
test_001298,curtain
test_001299,table
test_001300,desk
test_001301,monitor
test_001302,left
test_001303,left
test_001304,right
test_001305,right
test_001306,chair
test_001307,table
test_001308,dishwasher
test_001309,chair
test_001310,chair
test_001311,yes
test_001312,window
test_001313,sink
test_001314,no
test_001315,yes
test_001316,no
test_001317,soap dispenser
test_001318,pillow
test_001319,chair
test_001320,left
test_001321,no
test_001322,table
test_001323,dresser
test_001324,right
test_001325,yes
test_001326,yes
test_001327,left
test_001328,no
test_001329,left
test_001330,no
test_001331,chair
test_001332,left
test_001333,yes
test_001334,right
test_001335,chair
test_001336,door
test_001337,chair
test_001338,chair
test_001339,no
test_001340,table
test_001341,right
test_001342,table
test_001343,left
test_001344,chair
test_001345,sofa
test_001346,right
test_001347,no
test_001348,chair
test_001349,yes
test_001350,no
test_001351,toy
test_001352,right
test_001353,no
test_001354,right
test_001355,window
test_001356,right
test_001357,book
test_001358,keyboard
test_001359,door
test_001360,dishwasher
test_001361,yes
test_001362,person
test_001363,no
test_001364,right
test_001365,monitor
test_001366,no
test_001367,stool
test_001368,mattress
test_001369,clothes
test_001370,picture
test_001371,right
test_001372,basket
test_001373,toilet
test_001374,yes
test_001375,yes
test_001376,chair
test_001377,left
test_001378,door
test_001379,curtain
test_001380,left
test_001381,stool
test_001382,yes
test_001383,left
test_001384,door
test_001385,no
test_001386,right
test_001387,book
test_001388,chair
test_001389,no
test_001390,right
test_001391,left
test_001392,desk
test_001393,box
test_001394,bathtub
test_001395,monitor
test_001396,left
test_001397,chair
test_001398,chair
test_001399,chair
test_001400,shelf
test_001401,right
test_001402,chair
test_001403,left
test_001404,chair
test_001405,refrigerator
test_001406,chair
test_001407,right
test_001408,book
test_001409,mirror
test_001410,yes
test_001411,yes
test_001412,yes
test_001413,sink
test_001414,trash can
test_001415,no
test_001416,right
test_001417,desk
test_001418,no
test_001419,left
test_001420,yes
test_001421,sink
test_001422,chair
test_001423,right
test_001424,chair
test_001425,left
test_001426,yes
test_001427,door
test_001428,chair
test_001429,yes
test_001430,chair
test_001431,chair
test_001432,dresser
test_001433,bench
test_001434,bathtub
test_001435,chair
test_001436,bookshelf
test_001437,sink
test_001438,no
test_001439,monitor
test_001440,shelf
test_001441,table
test_001442,left
test_001443,bed
test_001444,dresser
test_001445,chair
test_001446,left
test_001447,paper towel
test_001448,no
test_001449,paper
test_001450,yes
test_001451,no
test_001452,poster
test_001453,box
test_001454,sofa
test_001455,right
test_001456,vent
test_001457,left
test_001458,yes
test_001459,yes
test_001460,monitor
test_001461,bed frame
test_001462,yes
test_001463,shelf
test_001464,no
test_001465,trash can
test_001466,bookshelf
test_001467,yes
test_001468,cloth
test_001469,no
test_001470,left
test_001471,desk
test_001472,box
test_001473,left
test_001474,bag
test_001475,no
test_001476,bed
test_001477,chair
test_001478,sofa
test_001479,sink
test_001480,mouse
test_001481,window
test_001482,left
test_001483,yes
test_001484,mirror
test_001485,bottle
test_001486,desk
test_001487,chair
test_001488,right
test_001489,chair
test_001490,left
test_001491,chair
test_001492,left
test_001493,sink
test_001494,right
test_001495,bookshelf
test_001496,yes
test_001497,fan
test_001498,chair
test_001499,chair
test_001500,dishwasher
test_001501,desk
test_001502,sofa
test_001503,right
test_001504,right
test_001505,left
test_001506,plate
test_001507,table
test_001508,no
test_001509,laptop
test_001510,table
test_001511,door
test_001512,tissue box
test_001513,table
test_001514,no
test_001515,door
test_001516,refrigerator
test_001517,counter
test_001518,left
test_001519,lamp
test_001520,door
test_001521,night stand
test_001522,left
test_001523,sofa
test_001524,bed
test_001525,yes
test_001526,yes
test_001527,whiteboard
test_001528,yes
test_001529,desk
test_001530,table
test_001531,no
test_001532,monitor
test_001533,lamp
test_001534,no
test_001535,trash can
test_001536,yes
test_001537,yes
test_001538,yes
test_001539,chalkboard
test_001540,table
test_001541,cabinet
test_001542,right
test_001543,window
test_001544,yes
test_001545,left
test_001546,yes
test_001547,no
test_001548,chair
test_001549,stool
test_001550,chair
test_001551,book
test_001552,staircase
test_001553,left
test_001554,chair
test_001555,right
test_001556,right
test_001557,left
test_001558,chair
test_001559,left
test_001560,right
test_001561,yes
test_001562,bed
test_001563,chair
test_001564,right
test_001565,monitor
test_001566,yes
test_001567,right
test_001568,mat
test_001569,left
test_001570,right
test_001571,bookshelf
test_001572,bed
test_001573,bathtub
test_001574,chair
test_001575,chair
test_001576,right
test_001577,yes
test_001578,no
test_001579,table
test_001580,toy
test_001581,yes
test_001582,yes
test_001583,sofa
test_001584,chair
test_001585,left
test_001586,left
test_001587,desk
test_001588,yes
test_001589,right
test_001590,chair
test_001591,yes
test_001592,chair
test_001593,yes
test_001594,bed
test_001595,no
test_001596,no
test_001597,chair
test_001598,no
test_001599,left
test_001600,stand
test_001601,cup
test_001602,mirror
test_001603,door
test_001604,left
test_001605,right
test_001606,clothes
test_001607,cabinet
test_001608,floor mat
test_001609,bag
test_001610,left
test_001611,left
test_001612,tree
test_001613,right
test_001614,left
test_001615,right
test_001616,chair
test_001617,chair
test_001618,cabinet
test_001619,yes
test_001620,yes
test_001621,chair
test_001622,paper
test_001623,board
test_001624,right
test_001625,chair
test_001626,yes
test_001627,left
test_001628,television
test_001629,right
test_001630,bag
test_001631,chair
test_001632,table
test_001633,person
test_001634,right
test_001635,bed
test_001636,left
test_001637,jar
test_001638,left
test_001639,no
test_001640,yes
test_001641,yes
test_001642,curtain
test_001643,yes
test_001644,right
test_001645,yes
test_001646,yes
test_001647,yes
test_001648,yes
test_001649,table
test_001650,right
test_001651,table
test_001652,yes
test_001653,no
test_001654,bag
test_001655,chair
test_001656,ottoman
test_001657,yes
test_001658,left
test_001659,left
test_001660,printer
test_001661,stool
test_001662,window
test_001663,stair
test_001664,night stand
test_001665,sink
test_001666,left
test_001667,door
test_001668,no
test_001669,chair
test_001670,table
test_001671,right
test_001672,cabinet
test_001673,left
test_001674,curtain
test_001675,shelf
test_001676,door
test_001677,right
test_001678,right
test_001679,no
test_001680,chair
test_001681,chair
test_001682,sofa
test_001683,lamp
test_001684,yes
test_001685,curtain
test_001686,chair
test_001687,no
test_001688,table
test_001689,rack
test_001690,yes
test_001691,window
test_001692,toaster
test_001693,laptop
test_001694,no
test_001695,bookshelf
test_001696,monitor
test_001697,chair
test_001698,yes
test_001699,right
test_001700,table
test_001701,left
test_001702,chair
test_001703,cabinet
test_001704,keyboard
test_001705,chair
test_001706,yes
test_001707,chair
test_001708,left
test_001709,monitor
test_001710,right
test_001711,yes
test_001712,right
test_001713,right
test_001714,plant
test_001715,no
test_001716,yes
test_001717,yes
test_001718,right
test_001719,right
test_001720,chair
test_001721,bottle opener
test_001722,right
test_001723,curtain
test_001724,monitor
test_001725,bed
test_001726,yes
test_001727,no
test_001728,table
test_001729,chair
test_001730,table
test_001731,chair
test_001732,chair
test_001733,plant
test_001734,left
test_001735,cabinet
test_001736,right
test_001737,right
test_001738,sofa
test_001739,chair
test_001740,right
test_001741,right
test_001742,right
test_001743,desk
test_001744,table
test_001745,yes
test_001746,right
test_001747,table
test_001748,no
test_001749,sofa
test_001750,photo
test_001751,chair
test_001752,file
test_001753,light
test_001754,no
test_001755,yes
test_001756,right
test_001757,stool
test_001758,yes
test_001759,yes
test_001760,refrigerator
test_001761,bed
test_001762,stool
test_001763,chair
test_001764,left
test_001765,no
test_001766,right
test_001767,bed
test_001768,right
test_001769,left
test_001770,chair
test_001771,yes
test_001772,no
test_001773,chair
test_001774,right
test_001775,lamp
test_001776,printer
test_001777,right
test_001778,monitor
test_001779,no
test_001780,pillow
test_001781,left
test_001782,yes
test_001783,yes
test_001784,fan
test_001785,bed
test_001786,chair
test_001787,chair
test_001788,pillow
test_001789,no
test_001790,door
test_001791,bed
test_001792,curtain
test_001793,bed
test_001794,glass
test_001795,yes
test_001796,television
test_001797,window
test_001798,no
test_001799,bottle
test_001800,chair
test_001801,printer
test_001802,no
test_001803,left
test_001804,right
test_001805,trash can
test_001806,box
test_001807,chair
test_001808,left
test_001809,no
test_001810,cabinet door
test_001811,crib
test_001812,cabinet
test_001813,no
test_001814,mug
test_001815,left
test_001816,printer
test_001817,clothes
test_001818,stool
test_001819,no
test_001820,right
test_001821,yes
test_001822,window
test_001823,sofa
test_001824,right
test_001825,yes
test_001826,right
test_001827,right
test_001828,box
test_001829,table
test_001830,chair
test_001831,chair
test_001832,trash can
test_001833,refrigerator
test_001834,yes
test_001835,left
test_001836,yes
test_001837,board
test_001838,table
test_001839,chair
test_001840,chair
test_001841,no
test_001842,right
test_001843,chair
test_001844,plant
test_001845,television
test_001846,bed
test_001847,book
test_001848,towel
test_001849,table
test_001850,towel
test_001851,picture
test_001852,yes
test_001853,backpack
test_001854,right
test_001855,cpu
test_001856,desk
test_001857,basket
test_001858,right
test_001859,left
test_001860,yes
test_001861,desk
test_001862,picture
test_001863,yes
test_001864,door
test_001865,window
test_001866,yes
test_001867,chair
test_001868,left
test_001869,plant
test_001870,left
test_001871,trash can
test_001872,clothes
test_001873,microwave
test_001874,cloth
test_001875,yes
test_001876,board
test_001877,table
test_001878,file cabinet
test_001879,no
test_001880,right
test_001881,table
test_001882,no
test_001883,coffee table
test_001884,tissue box
test_001885,chair
test_001886,right
test_001887,shelf
test_001888,right
test_001889,right
test_001890,no
test_001891,printer
test_001892,yes
test_001893,table
test_001894,pipe
test_001895,left
test_001896,dresser
test_001897,desk
test_001898,toilet
test_001899,chair
test_001900,keyboard
test_001901,table
test_001902,yes
test_001903,printer
test_001904,keyboard
test_001905,picture frame
test_001906,bed
test_001907,yes
test_001908,chair
test_001909,chair
test_001910,toilet
test_001911,right
test_001912,left
test_001913,door
test_001914,table
test_001915,clothes
test_001916,yes
test_001917,yes
test_001918,bed
test_001919,counter
test_001920,yes
test_001921,chair
test_001922,yes
test_001923,no
test_001924,bed
test_001925,no
test_001926,sign
test_001927,file cabinet
test_001928,counter
test_001929,left
test_001930,desk
test_001931,left
test_001932,window
test_001933,no
test_001934,table
test_001935,chair
test_001936,bed
test_001937,picture
test_001938,bag
test_001939,sofa
test_001940,pillow
test_001941,coffee table
test_001942,bed
test_001943,yes
test_001944,person
test_001945,curtain
test_001946,right
test_001947,toy
test_001948,pillow
test_001949,window
test_001950,table
test_001951,bag
test_001952,chair
test_001953,armchair
test_001954,right
test_001955,yes
test_001956,no
test_001957,picture
test_001958,plant
test_001959,no
test_001960,bottle
test_001961,poster
test_001962,yes
test_001963,bench
test_001964,whiteboard
test_001965,toilet
test_001966,curtain
test_001967,right
test_001968,cabinet
test_001969,no
test_001970,chair
test_001971,chair
test_001972,door
test_001973,chair
test_001974,stand
test_001975,board
test_001976,bed
test_001977,window
test_001978,lamp
test_001979,door
test_001980,lamp
test_001981,lamp
test_001982,right
test_001983,table
test_001984,yes
test_001985,chair
test_001986,left
test_001987,chair
test_001988,right
test_001989,chalkboard
test_001990,mirror
test_001991,yes
test_001992,sofa
test_001993,yes
test_001994,yes
test_001995,mirror
test_001996,bed
test_001997,right
test_001998,left
test_001999,bench
test_002000,sofa
test_002001,yes
test_002002,cpu
test_002003,clothes
test_002004,book
test_002005,flower
test_002006,trash can
test_002007,left
test_002008,yes
test_002009,door
test_002010,right
test_002011,trash can
test_002012,bookshelf
test_002013,cabinet
test_002014,chair
test_002015,door
test_002016,right
test_002017,yes
test_002018,chair
test_002019,bed
test_002020,left
test_002021,left
test_002022,table
test_002023,yes
test_002024,window
test_002025,table
test_002026,clothes
test_002027,no
test_002028,table
test_002029,mirror
test_002030,chair
test_002031,desk
test_002032,bed
test_002033,book
test_002034,right
test_002035,whiteboard
test_002036,yes
test_002037,dresser
test_002038,cabinet
test_002039,door
test_002040,no
test_002041,bookshelf
test_002042,chair
test_002043,trash can
test_002044,table
test_002045,chair
test_002046,toilet
test_002047,right
test_002048,bookshelf
test_002049,lamp
test_002050,chair
test_002051,no
test_002052,chair
test_002053,night stand
test_002054,yes
test_002055,sink
test_002056,chair
test_002057,window
test_002058,no
test_002059,no
test_002060,shelf
test_002061,right
test_002062,left
test_002063,yes
test_002064,screen
test_002065,no
test_002066,television
test_002067,cabinet
test_002068,bed
test_002069,chair
test_002070,right
test_002071,right
test_002072,book
test_002073,cup
test_002074,pot
test_002075,bed
test_002076,box
test_002077,yes
test_002078,basket
test_002079,bed
test_002080,door
test_002081,curtain
test_002082,right
test_002083,bookshelf
test_002084,chair
test_002085,heater
test_002086,left
test_002087,chair
test_002088,cabinet
test_002089,window
test_002090,yes
test_002091,sink
test_002092,cupboard
test_002093,chair
test_002094,chair
test_002095,no
test_002096,yes
test_002097,yes
test_002098,desk
test_002099,chair
test_002100,right
test_002101,right
test_002102,chair
test_002103,yes
test_002104,yes
test_002105,yes
test_002106,left
test_002107,chair
test_002108,table
test_002109,table
test_002110,no
test_002111,bench
test_002112,yes
test_002113,door
test_002114,chair
test_002115,yes
test_002116,chair
test_002117,right
test_002118,drawer
test_002119,no
test_002120,box
test_002121,printer
test_002122,toy
test_002123,left
test_002124,yes
test_002125,right
test_002126,bed
test_002127,window
test_002128,yes
test_002129,left
test_002130,yes
test_002131,no
test_002132,chair
test_002133,door
test_002134,right
test_002135,right
test_002136,monitor
test_002137,frame
test_002138,right
test_002139,no
test_002140,clothes
test_002141,television
test_002142,poster
test_002143,chair
test_002144,left
test_002145,table
test_002146,dishwasher
test_002147,chair
test_002148,table
test_002149,bed
test_002150,chair
test_002151,picture
test_002152,cabinet
test_002153,window
test_002154,bed
test_002155,yes
test_002156,shelf
test_002157,mirror
test_002158,box
test_002159,right
test_002160,no
test_002161,plant
test_002162,table
test_002163,no
test_002164,right
test_002165,chair
test_002166,carpet
test_002167,yes
test_002168,yes
test_002169,left
test_002170,yes
test_002171,window
test_002172,bench
test_002173,left
test_002174,armchair
test_002175,right
test_002176,desk
test_002177,chair
test_002178,left
test_002179,right
test_002180,cabinet
test_002181,plant
test_002182,left
test_002183,desk
test_002184,yes
test_002185,refrigerator
test_002186,chair
test_002187,sign
test_002188,bed
test_002189,right
test_002190,left
test_002191,right
test_002192,chair
test_002193,no
test_002194,left
test_002195,left
test_002196,bed
test_002197,yes
test_002198,yes
test_002199,bench
test_002200,no
test_002201,door
test_002202,left
test_002203,left
test_002204,counter
test_002205,printer
test_002206,counter
test_002207,left
test_002208,right
test_002209,no
test_002210,window
test_002211,fan
test_002212,no
test_002213,no
test_002214,table
test_002215,chair
test_002216,right
test_002217,right
test_002218,lamp
test_002219,right
test_002220,microwave
test_002221,shelf
test_002222,window
test_002223,cloth
test_002224,left
test_002225,left
test_002226,television
test_002227,left
test_002228,window
test_002229,left
test_002230,right
test_002231,yes
test_002232,yes
test_002233,blind
test_002234,mat
test_002235,chair
test_002236,door
test_002237,box
test_002238,right
test_002239,faucet
test_002240,refrigerator
test_002241,right
test_002242,yes
test_002243,yes
test_002244,printer
test_002245,yes
test_002246,chair
test_002247,yes
test_002248,no
test_002249,no
test_002250,sofa
test_002251,right
test_002252,sink
test_002253,left
test_002254,lamp
test_002255,right
test_002256,table
test_002257,yes
test_002258,chair
test_002259,left
test_002260,left
test_002261,floor mat
test_002262,box
test_002263,trash can
test_002264,window
test_002265,door
test_002266,bookshelf
test_002267,chair
test_002268,window
test_002269,cabinet
test_002270,right
test_002271,chair
test_002272,right
test_002273,chair
test_002274,left
test_002275,yes
test_002276,left
test_002277,bed
test_002278,yes
test_002279,left
test_002280,trash can
test_002281,left
test_002282,coffee table
test_002283,bookshelf
test_002284,cloth
test_002285,chair
test_002286,right
test_002287,cup
test_002288,yes
test_002289,no
test_002290,yes
test_002291,coffee table
test_002292,door
test_002293,left
test_002294,left
test_002295,right
test_002296,carpet
test_002297,picture
test_002298,chair
test_002299,yes
test_002300,chair
test_002301,left
test_002302,no
test_002303,left
test_002304,no
test_002305,table
test_002306,chair
test_002307,whiteboard
test_002308,left
test_002309,chair
test_002310,yes
test_002311,bed
test_002312,desk
test_002313,bed
test_002314,no
test_002315,bed
test_002316,yes
test_002317,bag
test_002318,cabinet
test_002319,cabinet
test_002320,bathtub
test_002321,yes
test_002322,yes
test_002323,window
test_002324,keyboard
test_002325,left
test_002326,door
test_002327,poster
test_002328,no
test_002329,yes
test_002330,no
test_002331,yes
test_002332,yes
test_002333,yes
test_002334,chair
test_002335,left
test_002336,table
test_002337,right
test_002338,bowl
test_002339,table
test_002340,chair
test_002341,bed
test_002342,trash can
test_002343,no
test_002344,yes
test_002345,left
test_002346,painting
test_002347,no
test_002348,coffee table
test_002349,bag
test_002350,poster
test_002351,bike
test_002352,yes
test_002353,left
test_002354,towel
test_002355,yes
test_002356,right
test_002357,counter
test_002358,right
test_002359,bed
test_002360,yes
test_002361,door
test_002362,left
test_002363,desk
test_002364,sink
test_002365,chair
test_002366,table
test_002367,left
test_002368,dresser
test_002369,monitor
test_002370,left
test_002371,table
test_002372,table
test_002373,yes
test_002374,book
test_002375,left
test_002376,yes
test_002377,night stand
test_002378,stove
test_002379,cabinet
test_002380,chair
test_002381,no
test_002382,chair
test_002383,left
test_002384,trash can
test_002385,chair
test_002386,cloth
test_002387,picture
test_002388,monitor
test_002389,no
test_002390,trash can
test_002391,right
test_002392,yes
test_002393,clothes
test_002394,fan
test_002395,table
test_002396,chair
test_002397,clothes
test_002398,bed
test_002399,right
test_002400,sofa
test_002401,printer
test_002402,chair
test_002403,price tag
test_002404,trash can
test_002405,chair
test_002406,table
test_002407,yes
test_002408,yes
test_002409,chair
test_002410,speaker
test_002411,plant
test_002412,right
test_002413,yes
test_002414,left
test_002415,lamp
test_002416,window
test_002417,basket
test_002418,television
test_002419,sofa
test_002420,dresser
test_002421,left
test_002422,left
test_002423,flower
test_002424,person
test_002425,chair
test_002426,no
test_002427,bed
test_002428,chair
test_002429,mirror
test_002430,towel
test_002431,chair
test_002432,counter
test_002433,left
test_002434,yes
test_002435,no
test_002436,bed
test_002437,yes
test_002438,left
test_002439,matt
test_002440,right
test_002441,chair
test_002442,left
test_002443,bed
test_002444,left
test_002445,right
test_002446,book
test_002447,sofa
test_002448,clothes
test_002449,monitor
test_002450,chair
test_002451,right
test_002452,left
test_002453,trash can
test_002454,right
test_002455,window
test_002456,yes
test_002457,right
test_002458,bed
test_002459,left
test_002460,lamp
test_002461,door
test_002462,left
test_002463,left
test_002464,monitor
test_002465,no
test_002466,yes
test_002467,table
test_002468,tray
test_002469,chair
test_002470,window
test_002471,yes
test_002472,no
test_002473,ottoman
test_002474,right
test_002475,no
test_002476,right
test_002477,no
test_002478,left
test_002479,left
test_002480,sofa
test_002481,yes
test_002482,book
test_002483,right
test_002484,lamp
test_002485,yes
test_002486,lamp
test_002487,window
test_002488,cabinet
test_002489,plate
test_002490,chair
test_002491,cabinet
test_002492,trash can
test_002493,curtain
test_002494,chair
test_002495,table
test_002496,yes
test_002497,no
test_002498,no
test_002499,door
test_002500,table
test_002501,left
test_002502,bed
test_002503,keyboard
test_002504,shelf
test_002505,window
test_002506,right
test_002507,fan
test_002508,trash can
test_002509,book
test_002510,left
test_002511,yes
test_002512,left
test_002513,stand
test_002514,mug
test_002515,left
test_002516,bed
test_002517,no
test_002518,chair
test_002519,left
test_002520,no
test_002521,chair
test_002522,mirror
test_002523,chair
test_002524,trash can
test_002525,yes
test_002526,chair
test_002527,clothes
test_002528,counter
test_002529,bed
test_002530,plant
test_002531,yes
test_002532,yes
test_002533,cabinet
test_002534,chair
test_002535,paper
test_002536,no
test_002537,left
test_002538,window
test_002539,printer
test_002540,chalkboard
test_002541,window
test_002542,clothes
test_002543,sofa
test_002544,chair
test_002545,left
test_002546,yes
test_002547,chair
test_002548,no
test_002549,window
test_002550,toilet
test_002551,heater
test_002552,left
test_002553,yes
test_002554,bed
test_002555,chair
test_002556,window
test_002557,yes
test_002558,chair
test_002559,right
test_002560,chair
test_002561,yes
test_002562,table
test_002563,left
test_002564,yes
test_002565,trash
test_002566,yes
test_002567,book
test_002568,box
test_002569,no
test_002570,counter
test_002571,fan
test_002572,yes
test_002573,bathtub
test_002574,right
test_002575,yes
test_002576,left
test_002577,left
test_002578,shelf
test_002579,door
test_002580,keyboard
test_002581,curtain
test_002582,table
test_002583,window
test_002584,chair
test_002585,left
test_002586,right
test_002587,left
test_002588,no
test_002589,yes
test_002590,left
test_002591,yes
test_002592,table
test_002593,toilet
test_002594,whiteboard
test_002595,door
test_002596,no
test_002597,bed
test_002598,left
test_002599,vent
test_002600,wire
test_002601,door
test_002602,yes
test_002603,mirror
test_002604,door
test_002605,sofa
test_002606,telephone
test_002607,bed
test_002608,sink
test_002609,door
test_002610,no
test_002611,bed
test_002612,chair
test_002613,no
test_002614,cupboard
test_002615,mirror
test_002616,yes
test_002617,desk
test_002618,picture
test_002619,right
test_002620,window
test_002621,no
test_002622,chair
test_002623,left
test_002624,chair
test_002625,plant
test_002626,left
test_002627,chair
test_002628,door
test_002629,chair
test_002630,box
test_002631,chair
test_002632,night stand
test_002633,chair
test_002634,whiteboard
test_002635,bed
test_002636,right
test_002637,right
test_002638,left
test_002639,bed
test_002640,chair
test_002641,television
test_002642,yes
test_002643,right
test_002644,no
test_002645,right
test_002646,ottoman
test_002647,no
test_002648,left
test_002649,chair
test_002650,bed
test_002651,chair
test_002652,yes
test_002653,table
test_002654,monitor
test_002655,bicycle
test_002656,clothes
test_002657,no
test_002658,bed
test_002659,lamp
test_002660,left
test_002661,left
test_002662,bicycle
test_002663,no
test_002664,no
test_002665,printer
test_002666,chair
test_002667,chair
test_002668,left
test_002669,right
test_002670,right
test_002671,left
test_002672,door
test_002673,printer
test_002674,yes
test_002675,printer
test_002676,yes
test_002677,left
test_002678,trash can
test_002679,paper towel
test_002680,paper
test_002681,no
test_002682,book
test_002683,right
test_002684,toilet
test_002685,table
test_002686,table
test_002687,yes
test_002688,dress
test_002689,left
test_002690,yes
test_002691,no
test_002692,right
test_002693,chair
test_002694,cabinet
test_002695,left
test_002696,bed
test_002697,left
test_002698,door
test_002699,bookshelf
test_002700,window
test_002701,window
test_002702,shelf
test_002703,sofa
test_002704,table
test_002705,blind
test_002706,sink
test_002707,pot
test_002708,no
test_002709,cabinet
test_002710,chair
test_002711,no
test_002712,left
test_002713,board
test_002714,right
test_002715,chair
test_002716,right
test_002717,towel
test_002718,chair
test_002719,right
test_002720,left
test_002721,no
test_002722,chair
test_002723,right
test_002724,right
test_002725,box
test_002726,printer
test_002727,table
test_002728,yes
test_002729,door
test_002730,chair
test_002731,chair
test_002732,no
test_002733,lamp
test_002734,box
test_002735,table
test_002736,clothes
test_002737,trash can
test_002738,no
test_002739,trash can
test_002740,no
test_002741,bench
test_002742,no
test_002743,right
test_002744,curtain
test_002745,dresser
test_002746,monitor
test_002747,left
test_002748,lamp
test_002749,yes
test_002750,no
test_002751,yes
test_002752,dresser
test_002753,left
test_002754,right
test_002755,left
test_002756,chair
test_002757,window
test_002758,table
test_002759,trash can
test_002760,left
test_002761,right
test_002762,left
test_002763,left
test_002764,yes
test_002765,no
test_002766,bottle
test_002767,yes
test_002768,chair
test_002769,tv
test_002770,table
test_002771,no
test_002772,toy
test_002773,box
test_002774,yes
test_002775,cabinet
test_002776,no
test_002777,yes
test_002778,left
test_002779,yes
test_002780,outlet
test_002781,table
test_002782,mirror
test_002783,board
test_002784,left
test_002785,yes
test_002786,monitor
test_002787,blind
test_002788,trash can
test_002789,bag
test_002790,basket
test_002791,printer
test_002792,no
test_002793,yes
test_002794,microwave
test_002795,no
test_002796,left
test_002797,no
test_002798,heater
test_002799,left
test_002800,door
test_002801,chair
test_002802,chair
test_002803,bed
test_002804,chair
test_002805,bottle
test_002806,chair
test_002807,microwave
test_002808,left
test_002809,no
test_002810,chair
test_002811,right
test_002812,no
test_002813,chair
test_002814,right
test_002815,yes
test_002816,chair
test_002817,desk
test_002818,television
test_002819,left
test_002820,cabinet
test_002821,drawer
test_002822,right
test_002823,chair
test_002824,trash can
test_002825,right
test_002826,no
test_002827,yes
test_002828,left
test_002829,chair
test_002830,shelf
test_002831,keyboard
test_002832,left
test_002833,trash can
test_002834,right
test_002835,yes
test_002836,chair
test_002837,chair
test_002838,window
test_002839,right
test_002840,table
test_002841,chair
test_002842,towel
test_002843,yes
test_002844,left
test_002845,chair
test_002846,plant
test_002847,chair
test_002848,printer
test_002849,no
test_002850,chalkboard
test_002851,left
test_002852,chair
test_002853,sofa
test_002854,table
test_002855,window
test_002856,chair
test_002857,chair
test_002858,table
test_002859,bag
test_002860,picture frame
test_002861,chair
test_002862,bottle
test_002863,cabinet
test_002864,chair
test_002865,curtain
test_002866,plant
test_002867,trash can
test_002868,towel
test_002869,right
test_002870,left
test_002871,right
test_002872,cabinet
test_002873,yes
test_002874,left
test_002875,chair
test_002876,monitor
test_002877,cabinet
test_002878,left
test_002879,drawer
test_002880,chair
test_002881,chair
test_002882,right
test_002883,no
test_002884,right
test_002885,sofa
test_002886,chair
test_002887,nightstand
test_002888,chair
test_002889,chair
test_002890,chair
test_002891,left
test_002892,yes
test_002893,chair
test_002894,curtain
test_002895,yes
test_002896,left
test_002897,chair
test_002898,left
test_002899,no
test_002900,yes
test_002901,no
test_002902,desk
test_002903,no
test_002904,microwave
test_002905,book
test_002906,tv
test_002907,sink
test_002908,candlestick
test_002909,bed
test_002910,no
test_002911,dresser
test_002912,printer
test_002913,sofa
test_002914,table
test_002915,yes
test_002916,dishwasher
test_002917,right
test_002918,box
test_002919,right
test_002920,laptop
test_002921,right
test_002922,chair
test_002923,mirror
test_002924,table
test_002925,door
test_002926,yes
test_002927,chair
test_002928,toy
test_002929,chair
test_002930,right
test_002931,left
test_002932,chair
test_002933,no
test_002934,yes
test_002935,no
test_002936,no
test_002937,mirror
test_002938,frame
test_002939,table
test_002940,refrigerator
test_002941,left
test_002942,trash can
test_002943,sofa
test_002944,chair
test_002945,no
test_002946,table
test_002947,right
test_002948,trash can
test_002949,book
test_002950,chair
test_002951,table
test_002952,no
test_002953,no
test_002954,chair
test_002955,shelf
test_002956,counter
test_002957,towel
test_002958,chair
test_002959,night stand
test_002960,no
test_002961,table
test_002962,bed
test_002963,right
test_002964,lamp
test_002965,stand
test_002966,yes
test_002967,yes
test_002968,left
test_002969,no
test_002970,trash can
test_002971,cabinet
test_002972,chair
test_002973,right
test_002974,right
test_002975,lamp
test_002976,counter
test_002977,bookshelf
test_002978,yes
test_002979,left
test_002980,trash can
test_002981,curtain
test_002982,yes
test_002983,television
test_002984,table
test_002985,book
test_002986,chair
test_002987,left
test_002988,no
test_002989,left
test_002990,chair
test_002991,chair
test_002992,blind
test_002993,bed
test_002994,monitor
test_002995,yes
test_002996,left
test_002997,clothes
test_002998,chair
test_002999,yes
test_003000,table
test_003001,bed
test_003002,table
test_003003,right
test_003004,chair
test_003005,right
test_003006,trash can
test_003007,no
test_003008,chair
test_003009,no
test_003010,person
test_003011,table
test_003012,yes
test_003013,right
test_003014,right
test_003015,no
test_003016,faucet
test_003017,recycle bin
test_003018,sink
test_003019,door
test_003020,armchair
test_003021,left
test_003022,stove
test_003023,left
test_003024,refrigerator
test_003025,tv
test_003026,left
test_003027,no
test_003028,monitor
test_003029,no
test_003030,chair
test_003031,door
test_003032,left
test_003033,mirror
test_003034,chair
test_003035,table
test_003036,bookshelf
test_003037,right
test_003038,no
test_003039,monitor
test_003040,door
test_003041,table
test_003042,no
test_003043,shelf
test_003044,mirror
test_003045,trash can
test_003046,right
test_003047,counter
test_003048,bowl
test_003049,yes
test_003050,no
test_003051,yes
test_003052,bed
test_003053,book
test_003054,person
test_003055,rug
test_003056,toilet
test_003057,yes
test_003058,left
test_003059,right
test_003060,no
test_003061,yes
test_003062,yes
test_003063,mirror
test_003064,no
test_003065,left
test_003066,yes
test_003067,cabinet
test_003068,no
test_003069,bed
test_003070,cloth
test_003071,left
test_003072,left
test_003073,chair
test_003074,left
test_003075,chair
test_003076,desk
test_003077,right
test_003078,chair
test_003079,yes
test_003080,desk
test_003081,left
test_003082,book
test_003083,left
test_003084,no
test_003085,no
test_003086,yes
test_003087,left
test_003088,chair
test_003089,yes
test_003090,yes
test_003091,headboard
test_003092,monitor
test_003093,plant
test_003094,chair
test_003095,desk
test_003096,right
test_003097,table
test_003098,yes
test_003099,lamp
test_003100,yes
test_003101,no
test_003102,microwave
test_003103,no
test_003104,chair
test_003105,right
test_003106,bag
test_003107,no
test_003108,television
test_003109,no
test_003110,no
test_003111,chair
test_003112,clothes
test_003113,box
test_003114,chair
test_003115,yes
test_003116,bag
test_003117,chair
test_003118,chair
test_003119,sofa
test_003120,left
test_003121,window
test_003122,desk
test_003123,chalkboard
test_003124,yes
test_003125,right
test_003126,toy
test_003127,bed
test_003128,dresser
test_003129,monitor
test_003130,window
test_003131,door
test_003132,chair
test_003133,person
test_003134,chair
test_003135,monitor
test_003136,no
test_003137,bed
test_003138,toilet paper
test_003139,tray
test_003140,laptop
test_003141,no
test_003142,yes
test_003143,no
test_003144,window
test_003145,yes
test_003146,yes
test_003147,chair
test_003148,yes
test_003149,bottle
test_003150,counter
test_003151,no
test_003152,trash can
test_003153,yes
test_003154,window
test_003155,yes
test_003156,left
test_003157,shelf
test_003158,bed
test_003159,cpu
test_003160,clothes
test_003161,left
test_003162,whiteboard
test_003163,chair
test_003164,left
test_003165,left
test_003166,shelf
test_003167,mirror
test_003168,bed
test_003169,desk
test_003170,clothes
test_003171,chair
test_003172,sofa
test_003173,chair
test_003174,right
test_003175,left
test_003176,bag
test_003177,bag
test_003178,yes
test_003179,right
test_003180,left
test_003181,carpet
test_003182,right
test_003183,left
test_003184,keyboard
test_003185,door
test_003186,door
test_003187,toilet
test_003188,door
test_003189,no
test_003190,phone
test_003191,right
test_003192,no
test_003193,left
test_003194,board
test_003195,left
test_003196,door
test_003197,table
test_003198,right
test_003199,window
test_003200,left
test_003201,window
test_003202,chair
test_003203,left
test_003204,desk
test_003205,yes
test_003206,poster
test_003207,door
test_003208,no
test_003209,left
test_003210,chair
test_003211,left
test_003212,chair
test_003213,no
test_003214,left
test_003215,no
test_003216,right
test_003217,left
test_003218,left
test_003219,right
test_003220,window
test_003221,table
test_003222,pillow
test_003223,table
test_003224,sofa
test_003225,right
test_003226,no
test_003227,table
test_003228,bottle
test_003229,cabinet
test_003230,chair
test_003231,plant
test_003232,chair
test_003233,stove
test_003234,book
test_003235,carpet
test_003236,right
test_003237,no
test_003238,yes
test_003239,left
test_003240,left
test_003241,refrigerator
test_003242,left
test_003243,no
test_003244,left
test_003245,cup
test_003246,monitor
test_003247,sink
test_003248,right
test_003249,window
test_003250,left
test_003251,right
test_003252,yes
test_003253,chair
test_003254,yes
test_003255,no
test_003256,bag
test_003257,yes
test_003258,right
test_003259,chair
test_003260,table
test_003261,right
test_003262,keyboard
test_003263,monitor
test_003264,shelf
test_003265,shelf
test_003266,yes
test_003267,yes
test_003268,right
test_003269,table
test_003270,table
test_003271,left
test_003272,chair
test_003273,basket
test_003274,window
test_003275,curtain
test_003276,table
test_003277,yes
test_003278,no
test_003279,bed
test_003280,yes
test_003281,yes
test_003282,bed
test_003283,left
test_003284,right
test_003285,right
test_003286,yes
test_003287,door
test_003288,left
test_003289,bed
test_003290,right
test_003291,carpet
test_003292,trash can
test_003293,cabinet
test_003294,picture
test_003295,cabinet
test_003296,printer
test_003297,yes
test_003298,bed
test_003299,microwave
test_003300,right
test_003301,right
test_003302,table
test_003303,desk
test_003304,no
test_003305,chalkboard
test_003306,right
test_003307,clothes
test_003308,right
test_003309,mirror
test_003310,door
test_003311,no
test_003312,box
test_003313,poster
test_003314,keyboard
test_003315,bed
test_003316,chair
test_003317,no
test_003318,window
test_003319,yes
test_003320,whiteboard
test_003321,left
test_003322,right
test_003323,phone
test_003324,chair
test_003325,poster
test_003326,chair
test_003327,left
test_003328,book
test_003329,sofa
test_003330,right
test_003331,right
test_003332,right
test_003333,table
test_003334,yes
test_003335,right
test_003336,bed
test_003337,yes
test_003338,chair
test_003339,chair
test_003340,left
test_003341,toilet
test_003342,desk
test_003343,bench
test_003344,yes
test_003345,picture
test_003346,no
test_003347,baby
test_003348,trash can
test_003349,toy
test_003350,file
test_003351,no
test_003352,right
test_003353,chair
test_003354,trash can
test_003355,left
test_003356,yes
test_003357,right
test_003358,table
test_003359,yes
test_003360,no
test_003361,curtain
test_003362,right
test_003363,no
test_003364,yes
test_003365,left
test_003366,no
test_003367,no
test_003368,desk
test_003369,yes
test_003370,yes
test_003371,chair
test_003372,desk
test_003373,chair
test_003374,no
test_003375,mirror
test_003376,whiteboard
test_003377,no
test_003378,chair
test_003379,chair
test_003380,right
test_003381,right
test_003382,chair
test_003383,chair
test_003384,no
test_003385,yes
test_003386,window
test_003387,desk
test_003388,yes
test_003389,chair
test_003390,printer
test_003391,left
test_003392,yes
test_003393,chair
test_003394,chair
test_003395,blind
test_003396,chair
test_003397,window
test_003398,trash can
test_003399,left
test_003400,left
test_003401,person
test_003402,right
test_003403,bed
test_003404,chair
test_003405,chair
test_003406,left
test_003407,table
test_003408,blind
test_003409,yes
test_003410,left
test_003411,counter
test_003412,right
test_003413,left
test_003414,left
test_003415,chair
test_003416,bed
test_003417,left
test_003418,whiteboard
test_003419,right
test_003420,heater
test_003421,refrigerator
test_003422,trash can
test_003423,monitor
test_003424,no
test_003425,right
test_003426,window
test_003427,no
test_003428,left
test_003429,no
test_003430,no
test_003431,yes
test_003432,pillow
test_003433,left
test_003434,left
test_003435,left
test_003436,chair
test_003437,right
test_003438,counter
test_003439,yes
test_003440,plant
test_003441,door
test_003442,rug
test_003443,chair
test_003444,table
test_003445,bottle
test_003446,yes
test_003447,yes
test_003448,chair
test_003449,stove
test_003450,oven
test_003451,bench
test_003452,chair
test_003453,microwave
test_003454,left
test_003455,desk
test_003456,bed
test_003457,wood
test_003458,no
test_003459,cabinet
test_003460,chair
test_003461,bed
test_003462,curtain
test_003463,chair
test_003464,no
test_003465,shelf
test_003466,no
test_003467,mirror
test_003468,chair
test_003469,window
test_003470,yes
test_003471,shelf
test_003472,table
test_003473,curtain
test_003474,screen
test_003475,no
test_003476,bed
test_003477,table
test_003478,chair
test_003479,board
test_003480,no
test_003481,pillow
test_003482,no
test_003483,keyboard
test_003484,cabinet
test_003485,chair
test_003486,table
test_003487,yes
test_003488,yes
test_003489,chair
test_003490,yes
test_003491,bed
test_003492,window
test_003493,lamp
test_003494,table
test_003495,no
test_003496,chair
test_003497,phone
test_003498,box
test_003499,person
test_003500,yes
test_003501,yes
test_003502,right
test_003503,no
test_003504,right
test_003505,no
test_003506,door
test_003507,right
test_003508,left
test_003509,table
test_003510,yes
test_003511,toilet
test_003512,no
test_003513,chair
test_003514,chair
test_003515,no
test_003516,television
test_003517,window
test_003518,chair
test_003519,yes
test_003520,door
test_003521,towel
test_003522,chair
test_003523,window
test_003524,left
test_003525,towel
test_003526,left
test_003527,left
test_003528,no
test_003529,chair
test_003530,no
test_003531,desk
test_003532,glass
test_003533,bathtub
test_003534,table
test_003535,yes
test_003536,right
test_003537,counter
test_003538,left
test_003539,trash can
test_003540,no
test_003541,yes
test_003542,keyboard
test_003543,toilet
test_003544,desk
test_003545,television
test_003546,right
test_003547,no
test_003548,window
test_003549,bed
test_003550,door
test_003551,bed
test_003552,yes
test_003553,chair
test_003554,yes
test_003555,no
test_003556,monitor
test_003557,plate
test_003558,no
test_003559,carpet
test_003560,left
test_003561,chair
test_003562,desk
test_003563,trash can
test_003564,door
test_003565,mirror
test_003566,chair
test_003567,desk
test_003568,table
test_003569,yes
test_003570,laptop
test_003571,yes
test_003572,sofa
test_003573,no
test_003574,monitor
test_003575,chair
test_003576,picture
test_003577,right
test_003578,yes
test_003579,right
test_003580,no
test_003581,yes
test_003582,toilet
test_003583,lamp
test_003584,bag
test_003585,counter
test_003586,chair
test_003587,window
test_003588,left
test_003589,sign
test_003590,curtain
test_003591,plant
test_003592,left
test_003593,right
test_003594,right
test_003595,chair
test_003596,yes
test_003597,yes
test_003598,paper
test_003599,cup
test_003600,right
test_003601,chair
test_003602,sofa
test_003603,file cabinet
test_003604,carpet
test_003605,lamp
test_003606,paper towel
test_003607,no
test_003608,pot
test_003609,chair
test_003610,no
test_003611,yes
test_003612,picture
test_003613,lamp
test_003614,monitor
test_003615,shelf
test_003616,printer
test_003617,right
test_003618,television
test_003619,left
test_003620,no
test_003621,chair
test_003622,printer
test_003623,chair
test_003624,sofa
test_003625,lamp
test_003626,television
test_003627,sofa
test_003628,cpu
test_003629,window
test_003630,yes
test_003631,chair
test_003632,refrigerator
test_003633,yes
test_003634,yes
test_003635,yes
test_003636,monitor
test_003637,book
test_003638,cabinet
test_003639,no
test_003640,screen
test_003641,left
test_003642,file cabinet
test_003643,lamp
test_003644,sink
test_003645,left
test_003646,no
test_003647,table
test_003648,sink
test_003649,right
test_003650,chair
test_003651,no
test_003652,bag
test_003653,keyboard
test_003654,table
test_003655,yes
test_003656,no
test_003657,book
test_003658,yes
test_003659,right
test_003660,no
test_003661,left
test_003662,chair
test_003663,fan
test_003664,no
test_003665,bed
test_003666,file cabinet
test_003667,left
test_003668,clothes
test_003669,chair
test_003670,cabinet
test_003671,yes
test_003672,stool
test_003673,sink
test_003674,no
test_003675,no
test_003676,chair
test_003677,bottle
test_003678,chair
test_003679,chair
test_003680,table
test_003681,desk
test_003682,refrigerator
test_003683,desk
test_003684,yes
test_003685,cabinet
test_003686,no
test_003687,yes
test_003688,chair
test_003689,yes
test_003690,table
test_003691,left
test_003692,table
test_003693,left
test_003694,no
test_003695,file cabinet
test_003696,left
test_003697,left
test_003698,window
test_003699,chair
test_003700,yes
test_003701,chair
test_003702,left
test_003703,bench
test_003704,left
test_003705,left
test_003706,bed
test_003707,trash can
test_003708,chair
test_003709,table
test_003710,table
test_003711,stand
test_003712,right
test_003713,right
test_003714,no
test_003715,yes
test_003716,right
test_003717,chair
test_003718,no
test_003719,table
test_003720,yes
test_003721,left
test_003722,clothes
test_003723,toilet paper
test_003724,chair
test_003725,monitor
test_003726,trash can
test_003727,picture
test_003728,table
test_003729,left
test_003730,right
test_003731,door
test_003732,lamp
test_003733,person
test_003734,trash can
test_003735,right
test_003736,headboard
test_003737,towel
test_003738,chair
test_003739,door
test_003740,computer
test_003741,paper
test_003742,right
test_003743,computer
test_003744,yes
test_003745,yes
test_003746,cup
test_003747,yes
test_003748,left
test_003749,left
test_003750,right
test_003751,door
test_003752,table
test_003753,left
test_003754,right
test_003755,cabinet
test_003756,no
test_003757,chair
test_003758,bed
test_003759,chair
test_003760,shelf
test_003761,table
test_003762,chair
test_003763,yes
test_003764,right
test_003765,shelf
test_003766,table
test_003767,left
test_003768,trash can
test_003769,pillow
test_003770,yes
test_003771,right
test_003772,door
test_003773,chair
test_003774,bed
test_003775,right
test_003776,yes
test_003777,chair
test_003778,right
test_003779,no
test_003780,yes
test_003781,cloth
test_003782,sofa
test_003783,printer
test_003784,yes
test_003785,right
test_003786,left
test_003787,table
test_003788,bathtub
test_003789,chair
test_003790,right
test_003791,yes
test_003792,right
test_003793,left
test_003794,sink
test_003795,yes
test_003796,television
test_003797,left
test_003798,trash can
test_003799,chair
test_003800,bed
test_003801,left
test_003802,no
test_003803,chair
test_003804,yes
test_003805,yes
test_003806,window
test_003807,no
test_003808,chair
test_003809,left
test_003810,yes
test_003811,plant
test_003812,table
test_003813,left
test_003814,basket
test_003815,right
test_003816,left
test_003817,yes
test_003818,yes
test_003819,refrigerator
test_003820,bicycle
test_003821,right
test_003822,no
test_003823,bed frame
test_003824,no
test_003825,chair
test_003826,chair
test_003827,no
test_003828,no
test_003829,lamp
test_003830,chair
test_003831,left
test_003832,chair
test_003833,bed
test_003834,left
test_003835,trash can
test_003836,left
test_003837,basket
test_003838,curtain
test_003839,table
test_003840,desk
test_003841,left
test_003842,whiteboard
test_003843,yes
test_003844,towel
test_003845,yes
test_003846,chair
test_003847,monitor
test_003848,no
test_003849,no
test_003850,left
test_003851,table
test_003852,yes
test_003853,yes
test_003854,plant
test_003855,right
test_003856,chair
test_003857,mirror
test_003858,no
test_003859,right
test_003860,left
test_003861,bed
test_003862,chair
test_003863,left
test_003864,box
test_003865,bed
test_003866,left
test_003867,bicycle
test_003868,cabinet
test_003869,book
test_003870,window
test_003871,left
test_003872,no
test_003873,window
test_003874,right
test_003875,lamp
test_003876,door
test_003877,chair
test_003878,table
test_003879,chair
test_003880,door
test_003881,left
test_003882,yes
test_003883,left
test_003884,chair
test_003885,chair
test_003886,bag
test_003887,yes
test_003888,yes
test_003889,bin
test_003890,cabinet
test_003891,left
test_003892,table
test_003893,keyboard
test_003894,chair
test_003895,cupboard
test_003896,bed
test_003897,laptop
test_003898,yes
test_003899,laptop
test_003900,desk
test_003901,yes
test_003902,no
test_003903,bench
test_003904,desk
test_003905,whiteboard
test_003906,trash can
test_003907,table
test_003908,door
test_003909,left
test_003910,chalkboard
test_003911,table
test_003912,cabinet
test_003913,bag
test_003914,picture
test_003915,no
test_003916,glass
test_003917,chair
test_003918,right
test_003919,no
test_003920,right
test_003921,sofa
test_003922,door
test_003923,no
test_003924,curtain
test_003925,printer
test_003926,table
test_003927,no
test_003928,chair
test_003929,left
test_003930,counter
test_003931,mirror
test_003932,trash can
test_003933,yes
test_003934,chair
test_003935,printer
test_003936,yes
test_003937,window
test_003938,microwave
test_003939,chair
test_003940,yes
test_003941,coffee table
test_003942,mirror
test_003943,right
test_003944,right
test_003945,window
test_003946,yes
test_003947,yes
test_003948,right
test_003949,yes
test_003950,chair
test_003951,yes
test_003952,left
test_003953,telephone
test_003954,chair
test_003955,chair
test_003956,left
test_003957,pillow
test_003958,chair
test_003959,no
test_003960,box
test_003961,left
test_003962,rug
test_003963,yes
test_003964,lamp
test_003965,printer
test_003966,desk
test_003967,yes
test_003968,bed
test_003969,mirror
test_003970,yes
test_003971,no
test_003972,yes
test_003973,right
test_003974,left
test_003975,yes
test_003976,shelf
test_003977,left
test_003978,left
test_003979,bed
test_003980,right
test_003981,monitor
test_003982,right
test_003983,left
test_003984,clothes
test_003985,no
test_003986,left
test_003987,no
test_003988,right
test_003989,yes
test_003990,left
test_003991,cup
test_003992,laptop
test_003993,right
test_003994,chair
test_003995,right
test_003996,left
test_003997,clothes
test_003998,box
test_003999,cabinet
test_004000,blanket
test_004001,yes
test_004002,left
test_004003,trash can
test_004004,stove
test_004005,right
test_004006,mirror
test_004007,left
test_004008,bed frame
test_004009,toy
test_004010,yes
test_004011,bed
test_004012,chair
test_004013,table
test_004014,chair
test_004015,printer
test_004016,lamp
test_004017,bin
test_004018,right
test_004019,yes
test_004020,left
test_004021,chair
test_004022,chair
test_004023,yes
test_004024,lamp
test_004025,yes
test_004026,shelf
test_004027,refrigerator
test_004028,couch
test_004029,sink
test_004030,refrigerator
test_004031,chair
test_004032,bag
test_004033,door
test_004034,basket
test_004035,chair
test_004036,monitor
test_004037,left
test_004038,no
test_004039,chair
test_004040,left
test_004041,no
test_004042,window
test_004043,chair
test_004044,no
test_004045,yes
test_004046,no
test_004047,yes
test_004048,monitor
test_004049,chair
test_004050,box
test_004051,bed
test_004052,left
test_004053,right
test_004054,chair
test_004055,yes
test_004056,bed
test_004057,toilet
test_004058,yes
test_004059,right
test_004060,left
test_004061,yes
test_004062,yes
test_004063,chair
test_004064,bed
test_004065,yes
test_004066,yes
test_004067,curtain
test_004068,plant
test_004069,table
test_004070,chair
test_004071,stand
test_004072,yes
test_004073,shower curtain
test_004074,computer
test_004075,yes
test_004076,no
test_004077,blackboard
test_004078,chair
test_004079,yes
test_004080,window
test_004081,right
test_004082,right
test_004083,yes
test_004084,bed
test_004085,toilet
test_004086,book
test_004087,left
test_004088,table
test_004089,towel
test_004090,right
test_004091,desk
test_004092,yes
test_004093,yes
test_004094,chair
test_004095,chair
test_004096,bed
test_004097,bed
test_004098,monitor
test_004099,left
test_004100,bed
test_004101,right
test_004102,no
test_004103,no
test_004104,bed
test_004105,left
test_004106,yes
test_004107,chair
test_004108,box
test_004109,yes
test_004110,no
test_004111,chair
test_004112,left
test_004113,chair
test_004114,picture
test_004115,table
test_004116,no
test_004117,bookshelf
test_004118,yes
test_004119,yes
test_004120,chair
test_004121,yes
test_004122,bench
test_004123,left
test_004124,yes
test_004125,left
test_004126,chair
test_004127,window
test_004128,right
test_004129,dishwasher
test_004130,toilet
test_004131,trash can
test_004132,right
test_004133,chair
test_004134,chair
test_004135,sofa
test_004136,chair
test_004137,stool
test_004138,door
test_004139,no
test_004140,lamp
test_004141,shoe
test_004142,no
test_004143,pipe
test_004144,table
test_004145,yes
test_004146,table
test_004147,right
test_004148,right
test_004149,bed
test_004150,dishwasher
test_004151,door
test_004152,chair
test_004153,yes
test_004154,blind
test_004155,right
test_004156,no
test_004157,light
test_004158,bed
test_004159,sofa
test_004160,chair
test_004161,no
test_004162,yes
test_004163,chair
test_004164,cabinet
test_004165,chair
test_004166,no
test_004167,chair
test_004168,chair
test_004169,bed
test_004170,window
test_004171,yes
test_004172,yes
test_004173,chair
test_004174,chair
test_004175,yes
test_004176,chair
test_004177,yes
test_004178,door
test_004179,tray
test_004180,chair
test_004181,left
test_004182,book
test_004183,book
test_004184,stove
test_004185,chair
test_004186,sofa
test_004187,pillow
test_004188,left
test_004189,right
test_004190,pillow
test_004191,chair
test_004192,right
test_004193,light
test_004194,window
test_004195,flower
test_004196,yes
test_004197,window
test_004198,door
test_004199,left
test_004200,chair
test_004201,no
test_004202,desk
test_004203,yes
test_004204,window
test_004205,keyboard
test_004206,left
test_004207,mirror
test_004208,left
test_004209,no
test_004210,cup
test_004211,left
test_004212,stove
test_004213,person
test_004214,stool
test_004215,yes
test_004216,chair
test_004217,yes
test_004218,yes
test_004219,whiteboard
test_004220,yes
test_004221,chair
test_004222,yes
test_004223,bed
test_004224,yes
test_004225,book
test_004226,yes
test_004227,toilet
test_004228,table
test_004229,no
test_004230,left
test_004231,sofa
test_004232,box
test_004233,tv
test_004234,door
test_004235,photo
test_004236,chair
test_004237,right
test_004238,keyboard
test_004239,desk
test_004240,chair
test_004241,chair
test_004242,yes
test_004243,mattress
test_004244,chair
test_004245,yes
test_004246,left
test_004247,board
test_004248,right
test_004249,table
test_004250,right
test_004251,no
test_004252,door
test_004253,right
test_004254,box
test_004255,chair
test_004256,table
test_004257,window
test_004258,left
test_004259,door
test_004260,yes
test_004261,table
test_004262,right
test_004263,chair
test_004264,window
test_004265,printer
test_004266,door
test_004267,chair
test_004268,yes
test_004269,chair
test_004270,window
test_004271,yes
test_004272,table
test_004273,monitor
test_004274,table
test_004275,sofa
test_004276,door
test_004277,towel
test_004278,no
test_004279,trash can
test_004280,chair
test_004281,table
test_004282,chair
test_004283,yes
test_004284,left
test_004285,printer
test_004286,trash can
test_004287,table
test_004288,container
test_004289,yes
test_004290,cabinet
test_004291,book
test_004292,no
test_004293,board
test_004294,right
test_004295,left
test_004296,door
test_004297,chair
test_004298,right
test_004299,right
test_004300,window
test_004301,telephone
test_004302,trash can
test_004303,shelf
test_004304,chair
test_004305,trash can
test_004306,bottle
test_004307,bed
test_004308,vent
test_004309,left
test_004310,left
test_004311,door
test_004312,chair
test_004313,book
test_004314,chair
test_004315,left
test_004316,chair
test_004317,no
test_004318,counter
test_004319,yes
test_004320,chair
test_004321,no
test_004322,right
test_004323,no
test_004324,stove
test_004325,no
test_004326,sink
test_004327,dresser
test_004328,table
test_004329,door
test_004330,chair
test_004331,computer
test_004332,cushion
test_004333,right
test_004334,left
test_004335,yes
test_004336,person
test_004337,table
test_004338,sofa
test_004339,plant
test_004340,book
test_004341,chair
test_004342,book
test_004343,mirror
test_004344,left
test_004345,chair
test_004346,left
test_004347,television
test_004348,refrigerator
test_004349,door
test_004350,yes
test_004351,chair
test_004352,door
test_004353,sofa
test_004354,monitor
test_004355,table
test_004356,towel
test_004357,monitor
test_004358,right
test_004359,bottle
test_004360,left
test_004361,coffee table
test_004362,yes
test_004363,yes
test_004364,yes
test_004365,stool
test_004366,lamp
test_004367,rug
test_004368,right
test_004369,door
test_004370,no
test_004371,towel
test_004372,yes
test_004373,door
test_004374,no
test_004375,no
test_004376,yes
test_004377,screen
test_004378,chair
test_004379,television
test_004380,right
test_004381,table
test_004382,toilet
test_004383,trash can
test_004384,chair
test_004385,yes
test_004386,no
test_004387,curtain
test_004388,box
test_004389,plant
test_004390,chair
test_004391,couch
test_004392,chair
test_004393,chair
test_004394,laptop
test_004395,bench
test_004396,chair
test_004397,right
test_004398,chair
test_004399,right
test_004400,door
test_004401,right
test_004402,printer
test_004403,cup
test_004404,right
test_004405,left
test_004406,chair
test_004407,chair
test_004408,right
test_004409,chair
test_004410,right
test_004411,no
test_004412,left
test_004413,television
test_004414,yes
test_004415,cabinet
test_004416,sofa
test_004417,chair
test_004418,bed
test_004419,yes
test_004420,candlestick
test_004421,left
test_004422,table
test_004423,basket
test_004424,left
test_004425,chair
test_004426,left
test_004427,plant
test_004428,left
test_004429,no
test_004430,cup
test_004431,yes
test_004432,cup
test_004433,yes
test_004434,yes
test_004435,chair
test_004436,painting
test_004437,right
test_004438,printer
test_004439,towel
test_004440,monitor
test_004441,computer
test_004442,table
test_004443,right
test_004444,chair
test_004445,bed
test_004446,chair
test_004447,yes
test_004448,chair
test_004449,chair
test_004450,left
test_004451,desk
test_004452,trash can
test_004453,yes
test_004454,television
test_004455,desk
test_004456,left
test_004457,left
test_004458,bed
test_004459,bin
test_004460,door
test_004461,trash can
test_004462,right
test_004463,dresser
test_004464,trash can
test_004465,bowl
test_004466,phone
test_004467,picture
test_004468,trash can
test_004469,sofa
test_004470,left
test_004471,towel
test_004472,chair
test_004473,right
test_004474,desk
test_004475,left
test_004476,bathtub
test_004477,bed
test_004478,left
test_004479,printer
test_004480,mattress
test_004481,no
test_004482,left
test_004483,bed
test_004484,yes
test_004485,door
test_004486,chair
test_004487,yes
test_004488,left
test_004489,yes
test_004490,no
test_004491,yes
test_004492,yes
test_004493,door
test_004494,desk
test_004495,chair
test_004496,right
test_004497,door
test_004498,trash can
test_004499,yes
test_004500,no
test_004501,no
test_004502,microwave
test_004503,trash can
test_004504,table
test_004505,left
test_004506,left
test_004507,left
test_004508,bookshelf
test_004509,table
test_004510,refrigerator
test_004511,chair
test_004512,table
test_004513,counter
test_004514,trash can
test_004515,monitor
test_004516,right
test_004517,right
test_004518,left
test_004519,chair
test_004520,left
test_004521,right
test_004522,left
test_004523,frame
test_004524,heater
test_004525,window
test_004526,right
test_004527,curtain
test_004528,sink
test_004529,right
test_004530,shelf
test_004531,monitor
test_004532,bed
test_004533,bed
test_004534,bed
test_004535,right
test_004536,left
test_004537,door
test_004538,chair
test_004539,left
test_004540,monitor
test_004541,toilet paper
test_004542,table
test_004543,yes
test_004544,no
test_004545,photo
test_004546,chair
test_004547,table
test_004548,right
test_004549,refrigerator
test_004550,curtain
test_004551,chair
test_004552,no
test_004553,chair
test_004554,chair
test_004555,curtain
test_004556,right
test_004557,left
test_004558,chair
test_004559,bathtub
test_004560,trash can
test_004561,table
test_004562,lamp
test_004563,yes
test_004564,table
test_004565,no
test_004566,right
test_004567,television
test_004568,table
test_004569,no
test_004570,chair
test_004571,chair
test_004572,backpack
test_004573,left
test_004574,table
test_004575,table
test_004576,right
test_004577,plant
test_004578,chair
test_004579,door
test_004580,left
test_004581,right
test_004582,sink
test_004583,left
test_004584,chair
test_004585,yes
test_004586,no
test_004587,left
test_004588,bookshelf
test_004589,cpu
test_004590,clothes
test_004591,chair
test_004592,chair
test_004593,trash can
test_004594,chair
test_004595,table
test_004596,right
test_004597,picture
test_004598,chair
test_004599,no
test_004600,bed
test_004601,left
test_004602,no
test_004603,left
test_004604,chair
test_004605,left
test_004606,trash can
test_004607,table
test_004608,chair
test_004609,bottle
test_004610,basket
test_004611,refrigerator
test_004612,yes
test_004613,whiteboard
test_004614,box
test_004615,yes
test_004616,yes
test_004617,refrigerator
test_004618,left
test_004619,door
test_004620,chair
test_004621,table
test_004622,left
test_004623,right
test_004624,cabinet
test_004625,rack
test_004626,trash can
test_004627,blackboard
test_004628,curtain
test_004629,bed
test_004630,paper
test_004631,table
test_004632,chair
test_004633,painting
test_004634,right
test_004635,mirror
test_004636,right
test_004637,curtain
test_004638,left
test_004639,left
test_004640,bed
test_004641,left
test_004642,yes
test_004643,chair
test_004644,right
test_004645,picture
test_004646,toilet
test_004647,shelf
test_004648,no
test_004649,yes
test_004650,yes
test_004651,mirror
test_004652,right
test_004653,yes
test_004654,yes
test_004655,yes
test_004656,no
test_004657,sofa
test_004658,chair
test_004659,no
test_004660,door
test_004661,window
test_004662,bed
test_004663,yes
test_004664,monitor
test_004665,chair
test_004666,right
test_004667,yes
test_004668,chair
test_004669,no
test_004670,window
test_004671,no
test_004672,printer
test_004673,yes
test_004674,chair
test_004675,table
test_004676,table
test_004677,bed
test_004678,yes
test_004679,towel
test_004680,left
test_004681,right
test_004682,chair
test_004683,yes
test_004684,no
test_004685,table
test_004686,yes
test_004687,chair
test_004688,desk
test_004689,cabinet
test_004690,chair
test_004691,yes
test_004692,no
test_004693,left
test_004694,book
test_004695,chair
test_004696,chair
test_004697,no
test_004698,right
test_004699,bag
test_004700,right
test_004701,chair
test_004702,monitor
test_004703,window
test_004704,bag
test_004705,door
test_004706,no
test_004707,door
test_004708,curtain
test_004709,chair
test_004710,no
test_004711,left
test_004712,left
test_004713,table
test_004714,drawer
test_004715,refrigerator
test_004716,chair
test_004717,monitor
test_004718,left
test_004719,yes
test_004720,table
test_004721,chair
test_004722,bed
test_004723,left
test_004724,chalkboard
test_004725,chair
test_004726,right
test_004727,window
test_004728,no
test_004729,frame
test_004730,box
test_004731,table
test_004732,stool
test_004733,door
test_004734,bed
test_004735,cabinet
test_004736,book
test_004737,counter
test_004738,right
test_004739,sink
test_004740,left
test_004741,table
test_004742,table
test_004743,window
test_004744,yes
test_004745,left
test_004746,yes
test_004747,yes
test_004748,box
test_004749,bookshelf
test_004750,door
test_004751,right
test_004752,window
test_004753,chair
test_004754,no
test_004755,chair
test_004756,right
test_004757,yes
test_004758,yes
test_004759,window
test_004760,yes
test_004761,curtain
test_004762,yes
test_004763,yes
test_004764,chair
test_004765,chair
test_004766,left
test_004767,bookshelf
test_004768,yes
test_004769,monitor
test_004770,yes
test_004771,desk
test_004772,no
test_004773,trash can
test_004774,stand
test_004775,yes
test_004776,trash can
test_004777,left
test_004778,no
test_004779,toilet
test_004780,bag
test_004781,yes
test_004782,cabinet
test_004783,right
test_004784,door
test_004785,chair
test_004786,left
test_004787,desk
test_004788,window
test_004789,chair
test_004790,door
test_004791,chair
test_004792,chair
test_004793,bed
test_004794,yes
test_004795,yes
test_004796,yes
test_004797,yes
test_004798,sofa
test_004799,right
test_004800,left
test_004801,table
test_004802,left
test_004803,picture frame
test_004804,chair
test_004805,left
test_004806,whiteboard
test_004807,no
test_004808,left
test_004809,chair
test_004810,cabinet
test_004811,right
test_004812,chair
test_004813,no
test_004814,desk
test_004815,left
test_004816,yes
test_004817,bed
test_004818,no
test_004819,sofa
test_004820,paper towel
test_004821,left
test_004822,monitor
test_004823,picture
test_004824,left
test_004825,left
test_004826,table
test_004827,window
test_004828,right
test_004829,no
test_004830,right
test_004831,yes
test_004832,no
test_004833,window
test_004834,right
test_004835,right
test_004836,desk
test_004837,chair
test_004838,door
test_004839,book
test_004840,chair
test_004841,chair
test_004842,sofa
test_004843,yes
test_004844,desk
test_004845,yes
test_004846,keyboard
test_004847,left
test_004848,toilet paper
test_004849,right
test_004850,right
test_004851,shelf
test_004852,book
test_004853,yes
test_004854,no
test_004855,toaster
test_004856,floor mat
test_004857,left
test_004858,cabinet
test_004859,left
test_004860,sofa
test_004861,no
test_004862,bed
test_004863,chair
test_004864,chair
test_004865,no
test_004866,blind
test_004867,blanket
test_004868,stool
test_004869,refrigerator
test_004870,cup
test_004871,counter
test_004872,yes
test_004873,no
test_004874,yes
test_004875,left
test_004876,yes
test_004877,right
test_004878,window
test_004879,blanket
test_004880,window
test_004881,yes
test_004882,no
test_004883,left
test_004884,right
test_004885,chair
test_004886,drawer
test_004887,window
test_004888,lamp
test_004889,chair
test_004890,right
test_004891,trash can
test_004892,chair
test_004893,box
test_004894,right
test_004895,left
test_004896,left
test_004897,monitor
test_004898,yes
test_004899,no
test_004900,right
test_004901,laptop
test_004902,left
test_004903,door
test_004904,chair
test_004905,right
test_004906,bottle
test_004907,no
test_004908,trash can
test_004909,right
test_004910,yes
test_004911,blind
test_004912,yes
test_004913,pillow
test_004914,desk
test_004915,chair
test_004916,table
test_004917,computer
test_004918,sofa
test_004919,chair
test_004920,monitor
test_004921,board
test_004922,table
test_004923,right
test_004924,table
test_004925,right
test_004926,left
test_004927,chair
test_004928,bed
test_004929,chair
test_004930,right
test_004931,left
test_004932,right
test_004933,left
test_004934,chair
test_004935,sofa
test_004936,right
test_004937,right
test_004938,left
test_004939,night stand
test_004940,bookshelf
test_004941,yes
test_004942,no
test_004943,right
test_004944,table
test_004945,left
test_004946,yes
test_004947,bed
test_004948,door
test_004949,yes
test_004950,chair
test_004951,toilet
test_004952,yes
test_004953,right
test_004954,keyboard
test_004955,counter
test_004956,no
test_004957,sofa
test_004958,trash can
test_004959,book
test_004960,yes
test_004961,yes
test_004962,no
test_004963,box
test_004964,chair
test_004965,cup
test_004966,mirror
test_004967,door
test_004968,table
test_004969,bed
test_004970,bookshelf
test_004971,yes
test_004972,no
test_004973,stool
test_004974,no
test_004975,television
test_004976,keyboard
test_004977,trash can
test_004978,right
test_004979,right
test_004980,trash can
test_004981,toilet
test_004982,yes
test_004983,right
test_004984,left
test_004985,left
test_004986,sofa
test_004987,bed
test_004988,no
test_004989,window
test_004990,bookshelf
test_004991,no
test_004992,screen
test_004993,chair
test_004994,clothes
test_004995,yes
test_004996,door
test_004997,table
test_004998,yes
test_004999,yes
test_005000,bed
test_005001,door
test_005002,right
test_005003,right
test_005004,lamp
test_005005,yes
test_005006,book
test_005007,left
test_005008,right
test_005009,table
test_005010,paper
test_005011,refrigerator
test_005012,printer
test_005013,table
test_005014,chair
test_005015,chair
test_005016,drawer
test_005017,table
test_005018,yes
test_005019,table
test_005020,counter
test_005021,left
test_005022,yes
test_005023,toilet
test_005024,left
test_005025,no
test_005026,plant
test_005027,bed
test_005028,person
test_005029,printer
test_005030,fire extinguisher
test_005031,phone
test_005032,television
test_005033,chair
test_005034,left
test_005035,drawer
test_005036,left
test_005037,left
test_005038,yes
test_005039,bed
test_005040,right
test_005041,no
test_005042,chair
test_005043,left
test_005044,table
test_005045,left
test_005046,right
test_005047,yes
test_005048,yes
test_005049,bed
test_005050,dresser
test_005051,left
test_005052,table
test_005053,right
test_005054,counter
test_005055,door
test_005056,sofa
test_005057,bed
test_005058,right
test_005059,table
test_005060,yes
test_005061,right
test_005062,left
test_005063,toilet
test_005064,left
test_005065,bed
test_005066,yes
test_005067,tissue box
test_005068,right
test_005069,table
test_005070,yes
test_005071,yes
test_005072,door
test_005073,right
test_005074,computer
test_005075,right
test_005076,mirror
test_005077,picture
test_005078,yes
test_005079,yes
test_005080,left
test_005081,clothes
test_005082,yes
test_005083,cabinet
test_005084,ottoman
test_005085,right
test_005086,cabinet
test_005087,left
test_005088,trash can
test_005089,left
test_005090,trash can
test_005091,yes
test_005092,yes
test_005093,chair
test_005094,left
test_005095,no
test_005096,blackboard
test_005097,keyboard
test_005098,chair
test_005099,book
test_005100,yes
test_005101,no
test_005102,no
test_005103,yes
test_005104,right
test_005105,chair
test_005106,chair
test_005107,chair
test_005108,chair
test_005109,chair
test_005110,person
test_005111,right
test_005112,yes
test_005113,mirror
test_005114,chair
test_005115,yes
test_005116,box
test_005117,right
test_005118,bookshelf
test_005119,left
test_005120,left
test_005121,cabinet
test_005122,window
test_005123,yes
test_005124,television
test_005125,chair
test_005126,right
test_005127,yes
test_005128,box
test_005129,plate
test_005130,no
test_005131,left
test_005132,table
test_005133,pillow
test_005134,stove
test_005135,trash can
test_005136,right
test_005137,no
test_005138,headboard
test_005139,refrigerator
test_005140,no
test_005141,yes
test_005142,yes
test_005143,bed
test_005144,right
test_005145,pipe
test_005146,cabinet
test_005147,whiteboard
test_005148,right
test_005149,yes
test_005150,right
test_005151,left
test_005152,bottle
test_005153,no
test_005154,yes
test_005155,left
test_005156,clothes
test_005157,door
test_005158,yes
test_005159,yes
test_005160,left
test_005161,toy
test_005162,yes
test_005163,no
test_005164,trash can
test_005165,left
test_005166,counter
test_005167,bag
test_005168,left
test_005169,right
test_005170,right
test_005171,no
test_005172,rack
test_005173,yes
test_005174,no
test_005175,desk
test_005176,chair
test_005177,left
test_005178,right
test_005179,book
test_005180,chair
test_005181,right
test_005182,bottle
test_005183,printer
test_005184,yes
test_005185,desk
test_005186,right
test_005187,chair
test_005188,sofa
test_005189,curtain
test_005190,left
test_005191,left
test_005192,cabinet
test_005193,left
test_005194,cabinet
test_005195,toilet
test_005196,yes
test_005197,yes
test_005198,door
test_005199,monitor
test_005200,yes
test_005201,right
test_005202,no
test_005203,door
test_005204,left
test_005205,chair
test_005206,bookshelf
test_005207,table
test_005208,right
test_005209,table
test_005210,paper
test_005211,monitor
test_005212,chair
test_005213,left
test_005214,bathtub
test_005215,no
test_005216,computer
test_005217,chair
test_005218,chair
test_005219,table
test_005220,bed
test_005221,left
test_005222,table
test_005223,no
test_005224,toy
test_005225,shelf
test_005226,right
test_005227,left
test_005228,cushion
test_005229,plant
test_005230,monitor
test_005231,cup
test_005232,chair
test_005233,door
test_005234,right
test_005235,cabinet
test_005236,sofa
test_005237,printer
test_005238,microwave
test_005239,clothes
test_005240,desk
test_005241,desk
test_005242,right
test_005243,backpack
test_005244,chair
test_005245,yes
test_005246,box
test_005247,bed
test_005248,no
test_005249,no
test_005250,sofa
test_005251,no
test_005252,floor mat
test_005253,chair
test_005254,sofa
test_005255,chair
test_005256,window
test_005257,right
test_005258,yes
test_005259,board
test_005260,printer
test_005261,door
test_005262,left
test_005263,yes
test_005264,yes
test_005265,no
test_005266,chair
test_005267,door
test_005268,monitor
test_005269,no
test_005270,yes
test_005271,yes
test_005272,no
test_005273,yes
test_005274,right
test_005275,fan
test_005276,right
test_005277,chair
test_005278,board
test_005279,remote control
test_005280,right
test_005281,yes
test_005282,right
test_005283,bag
test_005284,monitor
test_005285,desk
test_005286,door
test_005287,right
test_005288,stove
test_005289,sofa
test_005290,chair
test_005291,left
test_005292,shelf
test_005293,sofa
test_005294,person
test_005295,left
test_005296,door
test_005297,sofa
test_005298,left
test_005299,bookshelf
test_005300,yes
test_005301,right
test_005302,yes
test_005303,dresser
test_005304,window
test_005305,box
test_005306,bed
test_005307,paper
test_005308,chair
test_005309,no
test_005310,chair
test_005311,left
test_005312,chair
test_005313,left
test_005314,desk
test_005315,chair
test_005316,chair
test_005317,yes
test_005318,no
test_005319,box
test_005320,yes
test_005321,box
test_005322,right
test_005323,floor mat
test_005324,no
test_005325,monitor
test_005326,chair
test_005327,left
test_005328,right
test_005329,no
test_005330,left
test_005331,yes
test_005332,yes
test_005333,bed
test_005334,window
test_005335,left
test_005336,chair
test_005337,left
test_005338,no
test_005339,yes
test_005340,table
test_005341,trash can
test_005342,bag
test_005343,blackboard
test_005344,shelf
test_005345,left
test_005346,night stand
test_005347,dustbin
test_005348,yes
test_005349,window
test_005350,no
test_005351,left
test_005352,yes
test_005353,chair
test_005354,left
test_005355,whiteboard
test_005356,bag
test_005357,book
test_005358,no
test_005359,right
test_005360,towel
test_005361,right
test_005362,binder
test_005363,table
test_005364,mirror
test_005365,right
test_005366,chair
test_005367,right
test_005368,yes
test_005369,cabinet
test_005370,lamp
test_005371,left
test_005372,door
test_005373,chair
test_005374,bed
test_005375,no
test_005376,right
test_005377,door
test_005378,no
test_005379,lamp
test_005380,no
test_005381,door
test_005382,yes
test_005383,no
test_005384,bag
test_005385,no
test_005386,no
test_005387,yes
test_005388,left
test_005389,no
test_005390,no
test_005391,bed
test_005392,cabinet
test_005393,door
test_005394,bed
test_005395,right
test_005396,trash can
test_005397,trash can
test_005398,bed
test_005399,chair
test_005400,left
test_005401,counter
test_005402,right
test_005403,sofa
test_005404,door
test_005405,door
test_005406,chair
test_005407,no
test_005408,door
test_005409,lamp
test_005410,chair
test_005411,toilet
test_005412,table
test_005413,bed
test_005414,heater
test_005415,chair
test_005416,bowl
test_005417,right
test_005418,right
test_005419,box
test_005420,yes
test_005421,right
test_005422,bed
test_005423,right
test_005424,cloth
test_005425,curtain
test_005426,yes
test_005427,right
test_005428,right
test_005429,chair
test_005430,door
test_005431,door
test_005432,right
test_005433,no
test_005434,no
test_005435,no
test_005436,chair
test_005437,door
test_005438,lamp
test_005439,trash can
test_005440,pet bed
test_005441,left
test_005442,trash can
test_005443,no
test_005444,chair
test_005445,sofa
test_005446,chair
test_005447,trash can
test_005448,shelf
test_005449,bowl
test_005450,door
test_005451,keyboard
test_005452,right
test_005453,bed
test_005454,left
test_005455,bed
test_005456,mirror
test_005457,door
test_005458,right
test_005459,yes
test_005460,microwave
test_005461,chair
test_005462,left
test_005463,no
test_005464,chair
test_005465,left
test_005466,window
test_005467,desk
test_005468,chair
test_005469,cabinet
test_005470,table
test_005471,left
test_005472,chair
test_005473,no
test_005474,yes
test_005475,left
test_005476,chair
test_005477,right
test_005478,curtain
test_005479,stand
test_005480,cabinet
test_005481,right
test_005482,box
test_005483,basket
test_005484,cloth
test_005485,yes
test_005486,right
test_005487,chair
test_005488,book
test_005489,right
test_005490,box
test_005491,cabinet
test_005492,table
test_005493,bed
test_005494,right
test_005495,laptop
test_005496,yes
test_005497,picture
test_005498,picture
test_005499,yes
test_005500,yes
test_005501,table
test_005502,counter
test_005503,no
test_005504,no
test_005505,yes
test_005506,trash can
test_005507,desk
test_005508,yes
test_005509,table
test_005510,ottoman
test_005511,right
test_005512,door
test_005513,cabinet
test_005514,yes
test_005515,box
test_005516,right
test_005517,bed
test_005518,no
test_005519,fan
test_005520,chair
test_005521,yes
test_005522,no
test_005523,chair
test_005524,right
test_005525,bed
test_005526,chair
test_005527,toilet paper
test_005528,right
test_005529,no
test_005530,refrigerator
test_005531,no
test_005532,no
test_005533,wine bottle
test_005534,yes
test_005535,right
test_005536,machine
test_005537,yes
test_005538,left
test_005539,paper towel
test_005540,yes
test_005541,box
test_005542,yes
test_005543,table
test_005544,left
test_005545,counter
test_005546,stool
test_005547,headboard
test_005548,right
test_005549,shelf
test_005550,bed
test_005551,tv
test_005552,desk
test_005553,chair
test_005554,right
test_005555,left
test_005556,table
test_005557,pillow
test_005558,window
test_005559,picture
test_005560,table
test_005561,right
test_005562,yes
test_005563,towel
test_005564,table leg
test_005565,curtain
test_005566,yes
test_005567,door
test_005568,no
test_005569,counter
test_005570,left
test_005571,yes
test_005572,cabinet
test_005573,left
test_005574,chair
test_005575,table
test_005576,no
test_005577,bed
test_005578,desk
test_005579,picture frame
test_005580,curtain
test_005581,right
test_005582,towel
test_005583,yes
test_005584,yes
test_005585,chair
test_005586,picture frame
test_005587,no
test_005588,picture
test_005589,table
test_005590,bookshelf
test_005591,dishwasher
test_005592,yes
test_005593,left
test_005594,no
test_005595,chair
test_005596,chair
test_005597,chair
test_005598,window
test_005599,counter
test_005600,stool
test_005601,right
test_005602,no
test_005603,bag
test_005604,left
test_005605,left
test_005606,no
test_005607,night stand
test_005608,cabinet
test_005609,table
test_005610,monitor
test_005611,right
test_005612,right
test_005613,right
test_005614,printer
test_005615,left
test_005616,picture
test_005617,phone
test_005618,chair
test_005619,right
test_005620,right
test_005621,left
test_005622,right
test_005623,dresser
test_005624,yes
test_005625,chair
test_005626,table
test_005627,cabinet
test_005628,yes
test_005629,curtain
test_005630,desk
test_005631,chair
test_005632,trash can
test_005633,stove
test_005634,no
test_005635,box
test_005636,left
test_005637,clothes
test_005638,clothes
test_005639,no
test_005640,no
test_005641,no
test_005642,yes
test_005643,right
test_005644,yes
test_005645,yes
test_005646,door
test_005647,person
test_005648,monitor
test_005649,person
test_005650,book
test_005651,laptop
test_005652,yes
test_005653,no
test_005654,crib
test_005655,book
test_005656,window
test_005657,chair
test_005658,bed
test_005659,yes
test_005660,right
test_005661,bag
test_005662,desk
test_005663,trash can
test_005664,window
test_005665,curtain
test_005666,chair
test_005667,right
test_005668,yes
test_005669,door
test_005670,chair
test_005671,left
test_005672,window
test_005673,toy
test_005674,mirror
test_005675,no
test_005676,bed
test_005677,yes
test_005678,no
test_005679,chair
test_005680,shelf
test_005681,cabinet
test_005682,left
test_005683,right
test_005684,curtain
test_005685,desk
test_005686,picture
test_005687,whiteboard
test_005688,fan
test_005689,lamp
test_005690,no
test_005691,mirror
test_005692,yes
test_005693,chair
test_005694,trash can
test_005695,desk
test_005696,lamp
test_005697,left
test_005698,bed
test_005699,left
test_005700,yes
test_005701,chair
test_005702,lamp
test_005703,yes
test_005704,left
test_005705,left
test_005706,chair
test_005707,painting
test_005708,bed
test_005709,towel
test_005710,yes
test_005711,left
test_005712,right
test_005713,chair
test_005714,chair
test_005715,sofa
test_005716,microwave
test_005717,door
test_005718,right
test_005719,bed
test_005720,no
test_005721,stand
test_005722,picture
test_005723,desk
test_005724,no
test_005725,curtain
test_005726,chair
test_005727,yes
test_005728,left
test_005729,right
test_005730,yes
test_005731,no
test_005732,no
test_005733,chair
test_005734,yes
test_005735,chair
test_005736,yes
test_005737,right
test_005738,no
test_005739,right
test_005740,mirror
test_005741,person
test_005742,left
test_005743,chair
test_005744,no
test_005745,left
test_005746,microwave
test_005747,left
test_005748,table
test_005749,left
test_005750,keyboard
test_005751,file
test_005752,chair
test_005753,sink
test_005754,yes
test_005755,bed
test_005756,no
test_005757,no
test_005758,chair
test_005759,toilet
test_005760,door
test_005761,toy
test_005762,no
test_005763,left
test_005764,book
test_005765,couch
test_005766,box
test_005767,heater
test_005768,yes
test_005769,box
test_005770,towel
test_005771,table
test_005772,foosball table
test_005773,chair
test_005774,shelf
test_005775,bed
test_005776,shelf
test_005777,curtain
test_005778,chair
test_005779,bed
test_005780,yes
test_005781,trash can
test_005782,door
test_005783,left
test_005784,yes
test_005785,laptop
test_005786,bag
test_005787,yes
test_005788,book
test_005789,person
test_005790,left
test_005791,sink
test_005792,chair
test_005793,pipe
test_005794,no
test_005795,refrigerator
test_005796,right
test_005797,curtain
test_005798,chair
test_005799,door
test_005800,dresser
test_005801,no
test_005802,yes
test_005803,yes
test_005804,monitor
test_005805,yes
test_005806,yes
test_005807,trash can
test_005808,yes
test_005809,cupboard
test_005810,table
test_005811,right
test_005812,frame
test_005813,chair
test_005814,mouse
test_005815,door
test_005816,yes
test_005817,table
test_005818,no
test_005819,sofa
test_005820,chair
test_005821,yes
test_005822,yes
test_005823,left
test_005824,yes
test_005825,door
test_005826,bag
test_005827,chair
test_005828,table
test_005829,left
test_005830,chair
test_005831,chair
test_005832,yes
test_005833,door
test_005834,left
test_005835,machine
test_005836,chair
test_005837,toaster
test_005838,window
test_005839,mirror
test_005840,door
test_005841,yes
test_005842,chair
test_005843,yes
test_005844,chair
test_005845,yes
test_005846,door
test_005847,chair
test_005848,yes
test_005849,yes
test_005850,yes
test_005851,chair
test_005852,left
test_005853,right
test_005854,counter
test_005855,table
test_005856,chair
test_005857,yes
test_005858,table
test_005859,right
test_005860,stool
test_005861,laptop
test_005862,toilet
test_005863,yes
test_005864,chair
test_005865,door
test_005866,chair
test_005867,yes
test_005868,table
test_005869,left
test_005870,dustbin
test_005871,right
test_005872,right
test_005873,monitor
test_005874,no
test_005875,yes
test_005876,left
test_005877,lamp
test_005878,yes
test_005879,right
test_005880,cable
test_005881,mirror
test_005882,table
test_005883,right
test_005884,chair
test_005885,table
test_005886,television
test_005887,chair
test_005888,table
test_005889,bottle
test_005890,desk
test_005891,toilet
test_005892,no
test_005893,yes
test_005894,cabinet
test_005895,left
test_005896,printer
test_005897,stool
test_005898,left
test_005899,paper
test_005900,trash can
test_005901,monitor
test_005902,nightstand
test_005903,sofa
test_005904,trash can
test_005905,lamp
test_005906,bed
test_005907,yes
test_005908,left
test_005909,box
test_005910,yes
test_005911,yes
test_005912,chalkboard
test_005913,left
test_005914,door
test_005915,right
test_005916,no
test_005917,right
test_005918,printer
test_005919,box
test_005920,light
test_005921,book
test_005922,yes
test_005923,left
test_005924,yes
test_005925,recycle bin
test_005926,chair
test_005927,toilet
test_005928,yes
test_005929,left
test_005930,screen
test_005931,yes
test_005932,left
test_005933,yes
test_005934,no
test_005935,yes
test_005936,no
test_005937,left
test_005938,monitor
test_005939,right
test_005940,right
test_005941,bookshelf
test_005942,chair
test_005943,refrigerator
test_005944,left
test_005945,lamp
test_005946,chair
test_005947,cabinet
test_005948,chair
test_005949,door
test_005950,light switch
test_005951,trash can
test_005952,bag
test_005953,shelf
test_005954,bed
test_005955,table
test_005956,left
test_005957,yes
test_005958,sink
test_005959,left
test_005960,chair
test_005961,oven
test_005962,chair
test_005963,table
test_005964,cabinet
test_005965,yes
test_005966,right
test_005967,chair
test_005968,chair
test_005969,right
test_005970,chair
test_005971,left
test_005972,desk
test_005973,picture
test_005974,no
test_005975,chair
test_005976,toy
test_005977,no
test_005978,right
test_005979,whiteboard
test_005980,left
test_005981,yes
test_005982,cabinet
test_005983,towel
test_005984,box
test_005985,bed
test_005986,paper towel
test_005987,chair
test_005988,plant
test_005989,yes
test_005990,window
test_005991,yes
test_005992,left
test_005993,person
test_005994,yes
test_005995,counter
test_005996,lamp
test_005997,monitor
test_005998,bed
test_005999,microwave
test_006000,dresser
test_006001,lamp
test_006002,no
test_006003,left
test_006004,chair
test_006005,sink
test_006006,clock
test_006007,right
test_006008,no
test_006009,picture
test_006010,right
test_006011,bed
test_006012,stove
test_006013,curtain
test_006014,window
test_006015,right
test_006016,trash can
test_006017,door
test_006018,right
test_006019,no
test_006020,left
test_006021,curtain
test_006022,bag
test_006023,yes
test_006024,door
test_006025,right
test_006026,yes
test_006027,clock
test_006028,yes
test_006029,chair
test_006030,door
test_006031,no
test_006032,chair
test_006033,no
test_006034,trash can
test_006035,bookshelf
test_006036,mirror
test_006037,yes
test_006038,chair
test_006039,chair
test_006040,shelf
test_006041,right
test_006042,no
test_006043,left
test_006044,chair
test_006045,left
test_006046,bottle
test_006047,left
test_006048,yes
test_006049,no
test_006050,yes
test_006051,cup
test_006052,left
test_006053,chair
test_006054,no
test_006055,blind
test_006056,left
test_006057,cabinet
test_006058,plant
test_006059,curtain
test_006060,right
test_006061,trash can
test_006062,chair
test_006063,backpack
test_006064,stool
test_006065,cup
test_006066,cabinet
test_006067,chair
test_006068,bathtub
test_006069,chair
test_006070,board
test_006071,chair
test_006072,yes
test_006073,trash can
test_006074,chair
test_006075,window
test_006076,right
test_006077,yes
test_006078,printer
test_006079,no
test_006080,mirror
test_006081,right
test_006082,bed
test_006083,table
test_006084,bookshelf
test_006085,left
test_006086,sink
test_006087,right
test_006088,no
test_006089,left
test_006090,trash can
test_006091,yes
test_006092,trash can
test_006093,no
test_006094,mirror
test_006095,right
test_006096,basket
test_006097,yes
test_006098,toy
test_006099,laptop
test_006100,yes
test_006101,yes
test_006102,lamp
test_006103,right
test_006104,chair
test_006105,whiteboard
test_006106,left
test_006107,right
test_006108,no
test_006109,television
test_006110,desk
test_006111,chair
test_006112,cabinet
test_006113,right
test_006114,right
test_006115,right
test_006116,bar
test_006117,computer
test_006118,door
test_006119,no
test_006120,right
test_006121,no
test_006122,clock
test_006123,chair
test_006124,chair
test_006125,right
test_006126,keyboard
test_006127,right
test_006128,yes
test_006129,flower
test_006130,chair
test_006131,left
test_006132,left
test_006133,sofa
test_006134,table
test_006135,cup
test_006136,left
test_006137,yes
test_006138,yes
test_006139,right
test_006140,left
test_006141,printer
test_006142,no
test_006143,table
test_006144,yes
test_006145,lamp
test_006146,monitor
test_006147,picture
test_006148,window
test_006149,chair
test_006150,right
test_006151,table
test_006152,no
test_006153,yes
test_006154,right
test_006155,no
test_006156,picture
test_006157,left
test_006158,laptop
test_006159,light
test_006160,curtain
test_006161,window
test_006162,bookshelf
test_006163,printer
test_006164,yes
test_006165,cabinet
test_006166,bed
test_006167,right
test_006168,chair
test_006169,right
test_006170,trash can
test_006171,whiteboard
test_006172,no
test_006173,left
test_006174,right
test_006175,bench
test_006176,chair
test_006177,dresser
test_006178,right
test_006179,left
test_006180,yes
test_006181,right
test_006182,shelf
test_006183,no
test_006184,chair
test_006185,chair
test_006186,right
test_006187,chair
test_006188,window
test_006189,no
test_006190,monitor
test_006191,right
test_006192,bench
test_006193,picture
test_006194,chair
test_006195,table
test_006196,chair
test_006197,bed
test_006198,shelf
test_006199,trash can
test_006200,chair
test_006201,left
test_006202,yes
test_006203,chair
test_006204,door
test_006205,armchair
test_006206,lamp
test_006207,no
test_006208,desk
test_006209,right
test_006210,pillow
test_006211,chair
test_006212,right
test_006213,chair
test_006214,bed
test_006215,yes
test_006216,yes
test_006217,no
test_006218,yes
test_006219,bag
test_006220,nightstand
test_006221,table
test_006222,left
test_006223,chair
test_006224,right
test_006225,desk
test_006226,right
test_006227,chair
test_006228,no
test_006229,yes
test_006230,left
test_006231,blind
test_006232,left
test_006233,no
test_006234,bed
test_006235,chair
test_006236,yes
test_006237,no
test_006238,yes
test_006239,toilet
test_006240,door
test_006241,dresser
test_006242,yes
test_006243,bottle
test_006244,bottle
test_006245,curtain
test_006246,door
test_006247,yes
test_006248,chair
test_006249,sofa
test_006250,computer
test_006251,yes
test_006252,window
test_006253,right
test_006254,curtain
test_006255,cabinet
test_006256,cabinet
test_006257,bed
test_006258,door
test_006259,lamp
test_006260,chair
test_006261,yes
test_006262,monitor
test_006263,yes
test_006264,board
test_006265,chair
test_006266,yes
test_006267,pillow
test_006268,toy
test_006269,left
test_006270,left
test_006271,right
test_006272,no
test_006273,left
test_006274,chair
test_006275,right
test_006276,right
test_006277,bed
test_006278,no
test_006279,toilet
test_006280,chair
test_006281,table
test_006282,chair
test_006283,yes
test_006284,no
test_006285,sink
test_006286,right
test_006287,left
test_006288,right
test_006289,paper towel
test_006290,sofa
test_006291,left
test_006292,no
test_006293,window
test_006294,chair
test_006295,right
test_006296,yes
test_006297,table
test_006298,curtain
test_006299,chair
test_006300,table
test_006301,left
test_006302,door
test_006303,left
test_006304,no
test_006305,person
test_006306,whiteboard
test_006307,table
test_006308,book
test_006309,bookshelf
test_006310,yes
test_006311,sofa
test_006312,left
test_006313,no
test_006314,cabinet
test_006315,box
test_006316,bench
test_006317,right
test_006318,trash can
test_006319,window
test_006320,right
test_006321,door
test_006322,left
test_006323,window
test_006324,microwave
test_006325,picture
test_006326,left
test_006327,bag
test_006328,yes
test_006329,left
test_006330,keyboard
test_006331,door
test_006332,bench
test_006333,chair
test_006334,paper towel
test_006335,table
test_006336,chair
test_006337,yes
test_006338,chair
test_006339,yes
test_006340,chair
test_006341,chair
test_006342,keyboard
test_006343,toilet
test_006344,right
test_006345,right
test_006346,table
test_006347,file
test_006348,chair
test_006349,trash can
test_006350,counter
test_006351,book
test_006352,yes
test_006353,computer
test_006354,bag
test_006355,bag
test_006356,cabinet
test_006357,counter
test_006358,table
test_006359,box
test_006360,keyboard
test_006361,cabinet
test_006362,door
test_006363,bed
test_006364,no
test_006365,chair
test_006366,cloth
test_006367,chair
test_006368,cabinet
test_006369,yes
test_006370,glass
test_006371,table
test_006372,sink
test_006373,left
test_006374,cabinet
test_006375,yes
test_006376,no
test_006377,television
test_006378,right
test_006379,trash can
test_006380,plant
test_006381,left
test_006382,chair
test_006383,right
test_006384,right
test_006385,box
test_006386,no
test_006387,chair
test_006388,window
test_006389,yes
test_006390,curtain
test_006391,pipe
test_006392,left
test_006393,lamp
test_006394,right
test_006395,couch
test_006396,right
test_006397,chair
test_006398,right
test_006399,yes
test_006400,yes
test_006401,no
test_006402,curtain
test_006403,desk
test_006404,window
test_006405,bag
test_006406,mirror
test_006407,no
test_006408,left
test_006409,computer
test_006410,cabinet
test_006411,chair
test_006412,right
test_006413,yes
test_006414,chair
test_006415,book
test_006416,plant
test_006417,box
test_006418,chair
test_006419,right
test_006420,board
test_006421,cabinet
test_006422,television
test_006423,no
test_006424,chair
test_006425,no
test_006426,bed
test_006427,person
test_006428,desk
test_006429,right
test_006430,machine
test_006431,monitor
test_006432,left
test_006433,chair
test_006434,cushion
test_006435,left
test_006436,plant
test_006437,chair
test_006438,bottle
test_006439,shelf
test_006440,right
test_006441,fan
test_006442,table
test_006443,right
test_006444,left
test_006445,chair
test_006446,yes
test_006447,table
test_006448,bed
test_006449,table
test_006450,chair
test_006451,book
test_006452,yes
test_006453,door
test_006454,right
test_006455,right
test_006456,carpet
test_006457,yes
test_006458,no
test_006459,right
test_006460,chair
test_006461,plant
test_006462,right
test_006463,yes
test_006464,lamp
test_006465,chair
test_006466,table
test_006467,chair
test_006468,chair
test_006469,left
test_006470,right
test_006471,bed
test_006472,left
test_006473,paper towel
test_006474,desk
test_006475,door
test_006476,door
test_006477,yes
test_006478,left
test_006479,stand
test_006480,table
test_006481,right
test_006482,towel
test_006483,yes
test_006484,bag
test_006485,blackboard
test_006486,curtain
test_006487,chair
test_006488,book
test_006489,lamp
test_006490,mirror
test_006491,monitor
test_006492,door
test_006493,no
test_006494,paper
test_006495,chair
test_006496,chair
test_006497,door
test_006498,no
test_006499,table
test_006500,no
test_006501,chair
test_006502,bed
test_006503,trash can
test_006504,no
test_006505,left
test_006506,chair
test_006507,left
test_006508,plant
test_006509,yes
test_006510,pot
test_006511,left
test_006512,right
test_006513,toaster
test_006514,chair
test_006515,heater
test_006516,door
test_006517,yes
test_006518,bed
test_006519,towel
test_006520,left
test_006521,book
test_006522,chair
test_006523,yes
test_006524,book
test_006525,chair
test_006526,chair
test_006527,chair
test_006528,left
test_006529,toilet
test_006530,left
test_006531,mirror
test_006532,chair
test_006533,yes
test_006534,chair
test_006535,table
test_006536,pillow
test_006537,table
test_006538,dishwasher
test_006539,lamp
test_006540,no
test_006541,left
test_006542,cabinet
test_006543,yes
test_006544,door
test_006545,mirror
test_006546,window
test_006547,left
test_006548,yes
test_006549,book
test_006550,left
test_006551,plant
test_006552,trash can
test_006553,no
test_006554,right
test_006555,curtain
test_006556,left
test_006557,sink
test_006558,chair
test_006559,chair
test_006560,chair
test_006561,curtain
test_006562,yes
test_006563,plate
test_006564,trash can
test_006565,chair
test_006566,right
test_006567,right
test_006568,no
test_006569,yes
test_006570,no
test_006571,curtain
test_006572,headboard
test_006573,left
test_006574,yes
test_006575,no
test_006576,no
test_006577,trash can
test_006578,toilet
test_006579,shelf
test_006580,left
test_006581,sofa
test_006582,shelf
test_006583,chair
test_006584,cushion
test_006585,right
test_006586,table
test_006587,left
test_006588,cabinet
test_006589,yes
test_006590,clothes
test_006591,yes
test_006592,chair
test_006593,plant
test_006594,no
test_006595,cushion
test_006596,table leg
test_006597,chair
test_006598,no
test_006599,trash can
test_006600,shelf
test_006601,no
test_006602,right
test_006603,left
test_006604,no
test_006605,right
test_006606,right
test_006607,right
test_006608,poster
test_006609,left
test_006610,desk
test_006611,book
test_006612,yes
test_006613,no
test_006614,table
test_006615,toilet
test_006616,yes
test_006617,yes
test_006618,cabinet
test_006619,left
test_006620,yes
test_006621,monitor
test_006622,trash can
test_006623,table
test_006624,television
test_006625,left
test_006626,clothes
test_006627,box
test_006628,right
test_006629,right
test_006630,window
test_006631,chair
test_006632,desk
test_006633,no
test_006634,mirror
test_006635,bowl
test_006636,counter
test_006637,right
test_006638,chair
test_006639,book
test_006640,no
test_006641,trash can
test_006642,no
test_006643,bench
test_006644,left
test_006645,right
test_006646,table
test_006647,mirror
test_006648,pillow
test_006649,no
test_006650,chair
test_006651,left
test_006652,shelf
test_006653,table
test_006654,door
test_006655,trash can
test_006656,yes
test_006657,bed
test_006658,person
test_006659,basket
test_006660,mirror
test_006661,yes
test_006662,trash can
test_006663,bottle
test_006664,no
test_006665,no
test_006666,right
test_006667,left
test_006668,cabinet
test_006669,chair
test_006670,chair
test_006671,counter
test_006672,chair
test_006673,bookshelf
test_006674,bed
test_006675,yes
test_006676,left
test_006677,yes
test_006678,no
test_006679,towel
test_006680,chair
test_006681,chair
test_006682,right
test_006683,yes
test_006684,left
test_006685,yes
test_006686,right
test_006687,whiteboard
test_006688,yes
test_006689,left
test_006690,sink
test_006691,no
test_006692,right
test_006693,chair
test_006694,toilet
test_006695,left
test_006696,yes
test_006697,chair
test_006698,no
test_006699,no
test_006700,toilet
test_006701,left
test_006702,window
test_006703,right
test_006704,refrigerator
test_006705,shelf
test_006706,yes
test_006707,bookshelf
test_006708,light
test_006709,table
test_006710,right
test_006711,dresser
test_006712,pillow
test_006713,keyboard
test_006714,bed
test_006715,right
test_006716,bag
test_006717,printer
test_006718,right
test_006719,yes
test_006720,sink
test_006721,no
test_006722,left
test_006723,table
test_006724,computer
test_006725,door
test_006726,drawer
test_006727,door
test_006728,right
test_006729,yes
test_006730,desk
test_006731,chair
test_006732,no
test_006733,right
test_006734,shelf
test_006735,left
test_006736,chair
test_006737,door
test_006738,window
test_006739,right
test_006740,right
test_006741,no
test_006742,bed
test_006743,chair
test_006744,bed
test_006745,chair
test_006746,left
test_006747,right
test_006748,refrigerator
test_006749,lamp
test_006750,no
test_006751,no
test_006752,no
test_006753,yes
test_006754,door
test_006755,no
test_006756,picture
test_006757,left
test_006758,left
test_006759,whiteboard
test_006760,table
test_006761,bag
test_006762,no
test_006763,light
test_006764,book
test_006765,sofa
test_006766,sofa
test_006767,right
test_006768,yes
test_006769,mirror
test_006770,cabinet
test_006771,yes
test_006772,monitor
test_006773,bathtub
test_006774,left
test_006775,bed
test_006776,bag
test_006777,trash can
test_006778,no
test_006779,no
test_006780,monitor
test_006781,left
test_006782,yes
test_006783,ottoman
test_006784,right
test_006785,toy
test_006786,chair
test_006787,left
test_006788,trash can
test_006789,computer
test_006790,no
test_006791,chair
test_006792,box
test_006793,bed
test_006794,chair
test_006795,right
test_006796,right
test_006797,no
test_006798,left
test_006799,yes
test_006800,printer
test_006801,chair
test_006802,bed
test_006803,yes
test_006804,chair
test_006805,chair
test_006806,bed
test_006807,left
test_006808,keyboard
test_006809,yes
test_006810,sofa
test_006811,chair
test_006812,bottle
test_006813,monitor
test_006814,cabinet
test_006815,stove
test_006816,chair
test_006817,chair
test_006818,printer
test_006819,window
test_006820,right
test_006821,refrigerator
test_006822,chair
test_006823,right
test_006824,counter
test_006825,yes
test_006826,cup
test_006827,chair
test_006828,chair
test_006829,chair
test_006830,right
test_006831,yes
test_006832,yes
test_006833,left
test_006834,table
test_006835,door
test_006836,lamp
test_006837,left
test_006838,right
test_006839,no
test_006840,yes
test_006841,no
test_006842,cabinet
test_006843,no
test_006844,bag
test_006845,right
test_006846,no
test_006847,chair
test_006848,cabinet
test_006849,yes
test_006850,right
test_006851,window
test_006852,trash can
test_006853,yes
test_006854,printer
test_006855,yes
test_006856,yes
test_006857,table
test_006858,jar
test_006859,bench
test_006860,left
test_006861,left
test_006862,left
test_006863,table
test_006864,dresser
test_006865,sofa
test_006866,radiator
test_006867,no
test_006868,window
test_006869,stool
test_006870,desk
test_006871,left
test_006872,table
test_006873,sofa
test_006874,no
test_006875,table
test_006876,yes
test_006877,right
test_006878,no
test_006879,cabinet
test_006880,fan
test_006881,light switch
test_006882,table
test_006883,box
test_006884,no
test_006885,no
test_006886,table
test_006887,left
test_006888,right
test_006889,light
test_006890,yes
test_006891,no
test_006892,television
test_006893,no
test_006894,yes
test_006895,table
test_006896,bed
test_006897,right
test_006898,sink
test_006899,table
test_006900,book
test_006901,right
test_006902,lamp
test_006903,chair
test_006904,chair
test_006905,yes
test_006906,door
test_006907,yes
test_006908,yes
test_006909,paper
test_006910,armchair
test_006911,left
test_006912,speaker
test_006913,chair
test_006914,chair
test_006915,yes
test_006916,towel
test_006917,sink
test_006918,chair
test_006919,left
test_006920,clothes
test_006921,chair
test_006922,no
test_006923,chair
test_006924,chair
test_006925,right
test_006926,paper towel
test_006927,window
test_006928,chair
test_006929,table
test_006930,sofa
test_006931,blackboard
test_006932,chair
test_006933,left
test_006934,chair
test_006935,clock
test_006936,printer
test_006937,desk
test_006938,yes
test_006939,yes
test_006940,trash can
test_006941,left
test_006942,door
test_006943,table
test_006944,yes
test_006945,refrigerator
test_006946,book
test_006947,cup
test_006948,no
test_006949,chair
test_006950,yes
test_006951,bathtub
test_006952,no
test_006953,yes
test_006954,cpu
test_006955,no
test_006956,no
test_006957,right
test_006958,table
test_006959,table
test_006960,no
test_006961,curtain
test_006962,chair
test_006963,chair
test_006964,left
test_006965,lamp
test_006966,no
test_006967,table
test_006968,right
test_006969,left
test_006970,plant
test_006971,left
test_006972,right
test_006973,right
test_006974,bag
test_006975,left
test_006976,no
test_006977,chair
test_006978,yes
test_006979,chair
test_006980,box
test_006981,cabinet
test_006982,yes
test_006983,right
test_006984,towel
test_006985,door
test_006986,monitor
test_006987,bed
test_006988,bed
test_006989,table
test_006990,yes
test_006991,right
test_006992,bed
test_006993,right
test_006994,microwave
test_006995,book
test_006996,picture
test_006997,desk
test_006998,left
test_006999,no
test_007000,chair
test_007001,bed
test_007002,chair
test_007003,file cabinet
test_007004,door
test_007005,refrigerator
test_007006,yes
test_007007,no
test_007008,right
test_007009,trash can
test_007010,desk
test_007011,yes
test_007012,sofa
test_007013,stool
test_007014,yes
test_007015,speaker
test_007016,no
test_007017,trash can
test_007018,table
test_007019,stove
test_007020,chair
test_007021,box
test_007022,right
test_007023,left
test_007024,right
test_007025,door
test_007026,bookshelf
test_007027,toilet
test_007028,no
test_007029,bath
test_007030,desk
test_007031,yes
test_007032,chair
test_007033,right
test_007034,yes
test_007035,door
test_007036,chair
test_007037,bed
test_007038,window
test_007039,chair
test_007040,chair
test_007041,right
test_007042,table
test_007043,chair
test_007044,no
test_007045,monitor
test_007046,plant
test_007047,left
test_007048,door
test_007049,table
test_007050,left
test_007051,yes
test_007052,right
test_007053,chair
test_007054,trash can
test_007055,faucet
test_007056,table
test_007057,sink
test_007058,box
test_007059,desk
test_007060,chair
test_007061,left
test_007062,cabinet
test_007063,right
test_007064,desk
test_007065,shelf
test_007066,chair
test_007067,pot
test_007068,chair
test_007069,television
test_007070,bottle
test_007071,chair
test_007072,no
test_007073,no
test_007074,yes
test_007075,chair
test_007076,door
test_007077,coffee table
test_007078,right
test_007079,refrigerator
test_007080,laptop
test_007081,table
test_007082,cup
test_007083,whiteboard
test_007084,stove
test_007085,door
test_007086,left
test_007087,no
test_007088,file
test_007089,box
test_007090,desk
test_007091,trash can
test_007092,chair
test_007093,chair
test_007094,desk
test_007095,monitor
test_007096,chair
test_007097,plate
test_007098,fan
test_007099,chair
test_007100,door
test_007101,cabinet
test_007102,chair
test_007103,bowl
test_007104,left
test_007105,chair
test_007106,no
test_007107,counter
test_007108,wood
test_007109,right
test_007110,table
test_007111,chair
test_007112,right
test_007113,box
test_007114,left
test_007115,chair
test_007116,chair
test_007117,board
test_007118,right
test_007119,desk
test_007120,cupboard
test_007121,yes
test_007122,window
test_007123,chair
test_007124,window
test_007125,chair
test_007126,towel
test_007127,left
test_007128,no
test_007129,door
test_007130,table
test_007131,bed
test_007132,window
test_007133,chair
test_007134,box
test_007135,no
test_007136,bookshelf
test_007137,box
test_007138,chair
test_007139,paper
test_007140,yes
test_007141,pillow
test_007142,right
test_007143,right
test_007144,yes
test_007145,right
test_007146,sofa
test_007147,chair
test_007148,laptop
test_007149,yes
test_007150,cabinet
test_007151,left
test_007152,no
test_007153,pillow
test_007154,yes
test_007155,right
test_007156,yes
test_007157,person
test_007158,plant
test_007159,no
test_007160,no
test_007161,right
test_007162,cabinet
test_007163,toilet
test_007164,yes
test_007165,towel
test_007166,door
test_007167,chair
test_007168,yes
test_007169,book
test_007170,yes
test_007171,right
test_007172,bed
test_007173,sofa
test_007174,bed
test_007175,right
test_007176,left
test_007177,stool
test_007178,right
test_007179,curtain
test_007180,bed
test_007181,no
test_007182,dishwasher
test_007183,no
test_007184,left
test_007185,box
test_007186,dishwasher
test_007187,chair
test_007188,no
test_007189,yes
test_007190,sofa
test_007191,right
test_007192,bathtub
test_007193,box
test_007194,bed
test_007195,window
test_007196,right
test_007197,chair
test_007198,right
test_007199,yes
test_007200,yes
test_007201,right
test_007202,no
test_007203,yes
test_007204,yes
test_007205,bottle
test_007206,bed
test_007207,chair
test_007208,chair
test_007209,yes
test_007210,left
test_007211,no
test_007212,toy
test_007213,chair
test_007214,chair
test_007215,right
test_007216,sink
test_007217,window
test_007218,bag
test_007219,left
test_007220,right
test_007221,left
test_007222,yes
test_007223,left
test_007224,right
test_007225,right
test_007226,left
test_007227,no
test_007228,lamp
test_007229,curtain
test_007230,left
test_007231,door
test_007232,window
test_007233,chair
test_007234,table
test_007235,no
test_007236,printer
test_007237,bed
test_007238,right
test_007239,blanket
test_007240,left
test_007241,blanket
test_007242,door
test_007243,left
test_007244,no
test_007245,chair
test_007246,desk
test_007247,yes
test_007248,yes
test_007249,right
test_007250,desk
test_007251,chair
test_007252,door
test_007253,curtain
test_007254,chair
test_007255,yes
test_007256,right
test_007257,yes
test_007258,chair
test_007259,box
test_007260,sink
test_007261,towel
test_007262,yes
test_007263,clothes
test_007264,clothes
test_007265,clothes
test_007266,chair
test_007267,picture
test_007268,left
test_007269,right
test_007270,book
test_007271,microwave
test_007272,yes
test_007273,right
test_007274,mirror
test_007275,chair
test_007276,carpet
test_007277,table
test_007278,bed
test_007279,book
test_007280,cabinet
test_007281,door
test_007282,chair
test_007283,fan
test_007284,bottle
test_007285,clothes
test_007286,chair
test_007287,yes
test_007288,door
test_007289,dishwasher
test_007290,chair
test_007291,no
test_007292,yes
test_007293,right
test_007294,table
test_007295,plant
test_007296,no
test_007297,printer
test_007298,chair
test_007299,sofa
test_007300,clock
test_007301,chair
test_007302,chair
test_007303,coffee table
test_007304,right
test_007305,bed
test_007306,table
test_007307,yes
test_007308,chair
test_007309,trash can
test_007310,desk
test_007311,right
test_007312,right
test_007313,left
test_007314,curtain
test_007315,yes
test_007316,chair
test_007317,shelf
test_007318,chair
test_007319,trash can
test_007320,trash can
test_007321,right
test_007322,table
test_007323,picture
test_007324,desk
test_007325,refrigerator
test_007326,stool
test_007327,right
test_007328,yes
test_007329,yes
test_007330,no
test_007331,keyboard
test_007332,right
test_007333,right
test_007334,trash can
test_007335,door
test_007336,yes
test_007337,yes
test_007338,toy
test_007339,left
test_007340,left
test_007341,cushion
test_007342,mirror
test_007343,no
test_007344,door
test_007345,right
test_007346,chair
test_007347,sofa
test_007348,no
test_007349,no
test_007350,no
test_007351,yes
test_007352,sofa
test_007353,counter
test_007354,no
test_007355,door
test_007356,left
test_007357,lamp
test_007358,right
test_007359,right
test_007360,stool
test_007361,chair
test_007362,right
test_007363,file
test_007364,bed
test_007365,chair
test_007366,bag
test_007367,right
test_007368,pillow
test_007369,picture frame
test_007370,yes
test_007371,chair
test_007372,person
test_007373,person
test_007374,chair
test_007375,left
test_007376,paper
test_007377,bed
test_007378,printer
test_007379,computer
test_007380,door
test_007381,monitor
test_007382,bicycle
test_007383,bed
test_007384,chair
test_007385,no
test_007386,yes
test_007387,yes
test_007388,no
test_007389,chair
test_007390,left
test_007391,picture
test_007392,chair
test_007393,no
test_007394,table
test_007395,left
test_007396,box
test_007397,yes
test_007398,bookshelf
test_007399,sink
test_007400,table
test_007401,yes
test_007402,left
test_007403,toilet
test_007404,door
test_007405,counter
test_007406,trash can
test_007407,monitor
test_007408,desk
test_007409,chair
test_007410,yes
test_007411,monitor
test_007412,counter
test_007413,left
test_007414,desk
test_007415,chair
test_007416,trash can
test_007417,table
test_007418,chair
test_007419,lamp
test_007420,sink
test_007421,bed
test_007422,left
test_007423,toilet
test_007424,shoe
test_007425,monitor
test_007426,yes
test_007427,yes
test_007428,table
test_007429,sofa
test_007430,shelf
test_007431,person
test_007432,door
test_007433,left
test_007434,person
test_007435,left
test_007436,chair
test_007437,pipe
test_007438,right
test_007439,chair
test_007440,curtain
test_007441,left
test_007442,chair
test_007443,yes
test_007444,left
test_007445,monitor
test_007446,door
test_007447,no
test_007448,printer
test_007449,bicycle
test_007450,chair
test_007451,no
test_007452,left
test_007453,yes
test_007454,bed
test_007455,stove
test_007456,yes
test_007457,yes
test_007458,yes
test_007459,right
test_007460,cushion
test_007461,door
test_007462,pillow
test_007463,cabinet
test_007464,no
test_007465,right
test_007466,right
test_007467,yes
test_007468,book
test_007469,no
test_007470,chair
test_007471,chair
test_007472,table
test_007473,no
test_007474,monitor
test_007475,stool
test_007476,yes
test_007477,bed
test_007478,pillow
test_007479,pillow
test_007480,cabinet
test_007481,yes
test_007482,chair
test_007483,yes
test_007484,paper
test_007485,yes
test_007486,plant
test_007487,right
test_007488,cabinet
test_007489,right
test_007490,right
test_007491,table
test_007492,bed
test_007493,file cabinet
test_007494,dresser
test_007495,bed
test_007496,bowl
test_007497,chair
test_007498,right
test_007499,mirror
test_007500,right
test_007501,basket
test_007502,box
test_007503,no
test_007504,no
test_007505,chair
test_007506,yes
test_007507,desk
test_007508,chair
test_007509,table
test_007510,monitor
test_007511,chair
test_007512,right
test_007513,mattress
test_007514,left
test_007515,right
test_007516,microwave
test_007517,couch
test_007518,urinal
test_007519,left
test_007520,table
test_007521,left
test_007522,right
test_007523,no
test_007524,yes
test_007525,chair
test_007526,book
test_007527,yes
test_007528,cabinet
test_007529,yes
test_007530,chair
test_007531,pillow
test_007532,mirror
test_007533,door
test_007534,book
test_007535,chair
test_007536,printer
test_007537,sofa
test_007538,right
test_007539,door
test_007540,book
test_007541,picture
test_007542,no
test_007543,window
test_007544,printer
test_007545,left
test_007546,table
test_007547,picture
test_007548,book
test_007549,printer
test_007550,right
test_007551,curtain
test_007552,chair
test_007553,right
test_007554,furniture
test_007555,lamp
test_007556,no
test_007557,blanket
test_007558,yes
test_007559,right
test_007560,left
test_007561,blanket
test_007562,curtain
test_007563,printer
test_007564,chair
test_007565,book
test_007566,backpack
test_007567,no
test_007568,table
test_007569,cabinet
test_007570,table
test_007571,sofa
test_007572,left
test_007573,yes
test_007574,right
test_007575,left
test_007576,trash can
test_007577,television
test_007578,left
test_007579,yes
test_007580,sofa
test_007581,tissue box
test_007582,right
test_007583,door
test_007584,chair
test_007585,left
test_007586,chair
test_007587,desk
test_007588,ottoman
test_007589,bed
test_007590,table
test_007591,chair
test_007592,yes
test_007593,right
test_007594,curtain
test_007595,chair
test_007596,chair
test_007597,yes
test_007598,right
test_007599,box
test_007600,left
test_007601,yes
test_007602,no
test_007603,yes
test_007604,right
test_007605,bed
test_007606,right
test_007607,table
test_007608,no
test_007609,yes
test_007610,glass
test_007611,right
test_007612,right
test_007613,right
test_007614,no
test_007615,tissue
test_007616,refrigerator
test_007617,no
test_007618,armchair
test_007619,window
test_007620,no
test_007621,shelf
test_007622,sink
test_007623,desk
test_007624,notice
test_007625,no
test_007626,bed
test_007627,chair
test_007628,left
test_007629,left
test_007630,no
test_007631,yes
test_007632,lamp
test_007633,table
test_007634,monitor
test_007635,left
test_007636,table
test_007637,no
test_007638,yes
test_007639,plant
test_007640,chair
test_007641,basket
test_007642,mirror
test_007643,right
test_007644,chair
test_007645,yes
test_007646,bathtub
test_007647,shelf
test_007648,right
test_007649,yes
test_007650,box
test_007651,counter
test_007652,left
test_007653,chair
test_007654,book
test_007655,left
test_007656,yes
test_007657,door
test_007658,yes
test_007659,right
test_007660,right
test_007661,mat
test_007662,chair
test_007663,no
test_007664,bed
test_007665,right
test_007666,left
test_007667,microwave
test_007668,bag
test_007669,chair
test_007670,trash can
test_007671,right
test_007672,picture
test_007673,right
test_007674,chair
test_007675,yes
test_007676,monitor
test_007677,no
test_007678,right
test_007679,bottle
test_007680,yes
test_007681,window
test_007682,yes
test_007683,chair
test_007684,window
test_007685,pillow
test_007686,board
test_007687,bed
test_007688,curtain
test_007689,yes
test_007690,left
test_007691,clothes
test_007692,no
test_007693,bag
test_007694,right
test_007695,left
test_007696,lamp
test_007697,flower
test_007698,lamp
test_007699,cushion
test_007700,monitor
test_007701,left
test_007702,no
test_007703,no
test_007704,door
test_007705,yes
test_007706,no
test_007707,right
test_007708,right
test_007709,laptop
test_007710,chair
test_007711,blackboard
test_007712,clothes
test_007713,yes
test_007714,chair
test_007715,file cabinet
test_007716,yes
test_007717,chair
test_007718,table
test_007719,right
test_007720,trash can
test_007721,ottoman
test_007722,chair
test_007723,trash can
test_007724,yes
test_007725,table
test_007726,chair
test_007727,sofa
test_007728,nightstand
test_007729,yes
test_007730,yes
test_007731,no
test_007732,desk
test_007733,sofa
test_007734,right
test_007735,refrigerator
test_007736,plant
test_007737,left
test_007738,lamp
test_007739,right
test_007740,no
test_007741,keyboard
test_007742,left
test_007743,left
test_007744,door
test_007745,no
test_007746,table
test_007747,tv
test_007748,shelf
test_007749,left
test_007750,yes
test_007751,chair
test_007752,table
test_007753,left
test_007754,no
test_007755,door
test_007756,counter
test_007757,trash can
test_007758,right
test_007759,right
test_007760,yes
test_007761,shelf
test_007762,no
test_007763,monitor
test_007764,plant
test_007765,chair
test_007766,printer
test_007767,desk
test_007768,shelf
test_007769,left
test_007770,left
test_007771,no
test_007772,chair
test_007773,fireplace
test_007774,file cabinet
test_007775,armchair
test_007776,left
test_007777,no
test_007778,yes
test_007779,yes
test_007780,left
test_007781,backpack
test_007782,right
test_007783,trash can
test_007784,box
test_007785,mirror
test_007786,monitor
test_007787,chair
test_007788,chair
test_007789,yes
test_007790,box
test_007791,plant
test_007792,chair
test_007793,no
test_007794,no
test_007795,no
test_007796,right
test_007797,yes
test_007798,mat
test_007799,table
test_007800,door
test_007801,printer
test_007802,trash can
test_007803,toilet
test_007804,right
test_007805,chair
test_007806,left
test_007807,mat
test_007808,laptop
test_007809,no
test_007810,trash can
test_007811,no
test_007812,yes
test_007813,chair
test_007814,mirror
test_007815,right
test_007816,chair
test_007817,lamp
test_007818,bottle
test_007819,drawer
test_007820,bed
test_007821,right
test_007822,monitor
test_007823,plant
test_007824,sink
test_007825,left
test_007826,chair
test_007827,carpet
test_007828,monitor
test_007829,right
test_007830,chair
test_007831,right
test_007832,right
test_007833,chair
test_007834,bookshelf
test_007835,no
test_007836,chair
test_007837,sink
test_007838,no
test_007839,no
test_007840,door
test_007841,chair
test_007842,backpack
test_007843,no
test_007844,yes
test_007845,mirror
test_007846,table
test_007847,yes
test_007848,no
test_007849,dishwasher
test_007850,yes
test_007851,light switch
test_007852,faucet
test_007853,table
test_007854,heater
test_007855,microwave
test_007856,right
test_007857,left
test_007858,jar
test_007859,no
test_007860,chair
test_007861,monitor
test_007862,yes
test_007863,desk
test_007864,curtain
test_007865,window
test_007866,monitor
test_007867,poster
test_007868,chair
test_007869,desk
test_007870,bottle
test_007871,chair
test_007872,right
test_007873,bag
test_007874,left
test_007875,no
test_007876,chair
test_007877,no
test_007878,picture
test_007879,right
test_007880,person
test_007881,left
test_007882,flower
test_007883,left
test_007884,laptop
test_007885,left
test_007886,monitor
test_007887,right
test_007888,paper towel
test_007889,printer
test_007890,table
test_007891,trash can
test_007892,yes
test_007893,toilet
test_007894,trash can
test_007895,left
test_007896,bed
test_007897,chair
test_007898,left
test_007899,right
test_007900,right
test_007901,curtain
test_007902,chair
test_007903,basket
test_007904,night stand
test_007905,box
test_007906,left
test_007907,bed
test_007908,right
test_007909,left
test_007910,left
test_007911,chair
test_007912,left
test_007913,window
test_007914,bed
test_007915,lamp
test_007916,left
test_007917,no
test_007918,bed
test_007919,chair
test_007920,no
test_007921,trash can
test_007922,outlet
test_007923,left
test_007924,left
test_007925,window
test_007926,right
test_007927,chair
test_007928,window
test_007929,yes
test_007930,trash can
test_007931,railing
test_007932,stove
test_007933,door
test_007934,door
test_007935,left
test_007936,monitor
test_007937,left
test_007938,window
test_007939,yes
test_007940,bookshelf
test_007941,yes
test_007942,desk
test_007943,clothes
test_007944,chair
test_007945,right
test_007946,right
test_007947,left
test_007948,monitor
test_007949,chair
test_007950,right
test_007951,desk
test_007952,trash can
test_007953,bag
test_007954,chair
test_007955,right
test_007956,table
test_007957,yes
test_007958,table
test_007959,table
test_007960,right
test_007961,right
test_007962,yes
test_007963,right
test_007964,toy
test_007965,no
test_007966,chair
test_007967,no
test_007968,yes
test_007969,suitcase
test_007970,monitor
test_007971,monitor
test_007972,box
test_007973,door
test_007974,no
test_007975,television
test_007976,television
test_007977,sink
test_007978,table leg
test_007979,right
test_007980,yes
test_007981,no
test_007982,yes
test_007983,chair
test_007984,table
test_007985,left
test_007986,monitor
test_007987,toilet
test_007988,towel
test_007989,left
test_007990,door
test_007991,no
test_007992,picture
test_007993,table
test_007994,no
test_007995,no
test_007996,yes
test_007997,window
test_007998,desk
test_007999,television
test_008000,chair
test_008001,no
test_008002,right
test_008003,no
test_008004,monitor
test_008005,laptop
test_008006,blind
test_008007,left
test_008008,left
test_008009,chair
test_008010,dishwasher
test_008011,chair
test_008012,right
test_008013,no
test_008014,right
test_008015,poster
test_008016,box
test_008017,plant
test_008018,left
test_008019,yes
test_008020,right
test_008021,box
test_008022,stool
test_008023,left
test_008024,picture
test_008025,yes
test_008026,desk
test_008027,yes
test_008028,right
test_008029,yes
test_008030,pillow
test_008031,chair
test_008032,bed
test_008033,toilet
test_008034,container
test_008035,no
test_008036,chair
test_008037,stool
test_008038,right
test_008039,printer
test_008040,chair
test_008041,window
test_008042,no
test_008043,left
test_008044,box
test_008045,right
test_008046,trash can
test_008047,dresser
test_008048,phone
test_008049,table
test_008050,yes
test_008051,light
test_008052,counter
test_008053,trash can
test_008054,table
test_008055,yes
test_008056,door
test_008057,no
test_008058,desk
test_008059,door
test_008060,door
test_008061,book
test_008062,right
test_008063,table
test_008064,chair
test_008065,wire
test_008066,table
test_008067,bin
test_008068,trash can
test_008069,table
test_008070,right
test_008071,yes
test_008072,yes
test_008073,right
test_008074,picture
test_008075,yes
test_008076,trash
test_008077,pillow
test_008078,left
test_008079,sink
test_008080,chair
test_008081,left
test_008082,chair
test_008083,bed
test_008084,yes
test_008085,left
test_008086,door
test_008087,no
test_008088,chair
test_008089,left
test_008090,right
test_008091,mirror
test_008092,left
test_008093,left
test_008094,right
test_008095,right
test_008096,yes
test_008097,yes
test_008098,shelf
test_008099,bed
test_008100,clothes
test_008101,trash can
test_008102,right
test_008103,whiteboard
test_008104,yes
test_008105,book
test_008106,stool
test_008107,price tag
test_008108,right
test_008109,mirror
test_008110,floor mat
test_008111,no
test_008112,right
test_008113,chair
test_008114,right
test_008115,table
test_008116,no
test_008117,stove
test_008118,pot
test_008119,fan
test_008120,window
test_008121,left
test_008122,bookshelf
test_008123,bed
test_008124,right
test_008125,chair
test_008126,left
test_008127,cabinet
test_008128,stove
test_008129,sofa
test_008130,keyboard
test_008131,door
test_008132,yes
test_008133,yes
test_008134,armchair
test_008135,pillow
test_008136,chair
test_008137,pillow
test_008138,left
test_008139,chair
test_008140,left
test_008141,no
test_008142,no
test_008143,right
test_008144,bookshelf
test_008145,yes
test_008146,window
test_008147,printer
test_008148,table
test_008149,yes
test_008150,sofa
test_008151,chair
test_008152,bed
test_008153,chair
test_008154,left
test_008155,table
test_008156,chair
test_008157,microwave
test_008158,box
test_008159,left
test_008160,no
test_008161,bookshelf
test_008162,right
test_008163,chair
test_008164,right
test_008165,door
test_008166,table
test_008167,no
test_008168,curtain
test_008169,no
test_008170,keyboard
test_008171,cabinet
test_008172,left
test_008173,right
test_008174,no
test_008175,desk
test_008176,table
test_008177,right
test_008178,box
test_008179,right
test_008180,desk
test_008181,chair
test_008182,chair
test_008183,yes
test_008184,box
test_008185,rug
test_008186,right
test_008187,cabinet
test_008188,poster
test_008189,right
test_008190,chair
test_008191,bottle
test_008192,trash can
test_008193,laptop
test_008194,bed
test_008195,microwave
test_008196,bed
test_008197,right
test_008198,chair
test_008199,left
test_008200,no
test_008201,keyboard
test_008202,microwave
test_008203,chair
test_008204,left
test_008205,counter
test_008206,lamp
test_008207,bed
test_008208,table
test_008209,no
test_008210,right
test_008211,yes
test_008212,yes
test_008213,yes
test_008214,counter
test_008215,desk
test_008216,table
test_008217,right
test_008218,chair
test_008219,right
test_008220,clothes
test_008221,television
test_008222,yes
test_008223,photo
test_008224,yes
test_008225,left
test_008226,yes
test_008227,sofa
test_008228,chair
test_008229,bench
test_008230,right
test_008231,right
test_008232,right
test_008233,table
test_008234,no
test_008235,right
test_008236,left
test_008237,no
test_008238,plant
test_008239,yes
test_008240,chair
test_008241,chair
test_008242,yes
test_008243,mirror
test_008244,yes
test_008245,chair
test_008246,no
test_008247,left
test_008248,right
test_008249,yes
test_008250,monitor
test_008251,chair
test_008252,chair
test_008253,chalkboard
test_008254,box
test_008255,yes
test_008256,left
test_008257,chair
test_008258,right
test_008259,chair
test_008260,piano
test_008261,table
test_008262,monitor
test_008263,left
test_008264,bike
test_008265,blind
test_008266,chair
test_008267,table
test_008268,person
test_008269,yes
test_008270,right
test_008271,mirror
test_008272,curtain
test_008273,table
test_008274,right
test_008275,left
test_008276,yes
test_008277,pillow
test_008278,left
test_008279,bed
test_008280,bed
test_008281,no
test_008282,cup
test_008283,toy
test_008284,left
test_008285,curtain
test_008286,heater
test_008287,drawer
test_008288,table
test_008289,printer
test_008290,chair
test_008291,no
test_008292,yes
test_008293,left
test_008294,table
test_008295,table
test_008296,yes
test_008297,no
test_008298,chair
test_008299,counter
test_008300,poster
test_008301,curtain
test_008302,whiteboard
test_008303,yes
test_008304,lamp
test_008305,right
test_008306,no
test_008307,blanket
test_008308,curtain
test_008309,no
test_008310,keyboard
test_008311,trash can
test_008312,bed
test_008313,door
test_008314,yes
test_008315,chair
test_008316,no
test_008317,curtain
test_008318,whiteboard
test_008319,trash can
test_008320,yes
test_008321,fan
test_008322,yes
test_008323,table
test_008324,towel
test_008325,door
test_008326,right
test_008327,chair
test_008328,left
test_008329,chair
test_008330,chair
test_008331,right
test_008332,right
test_008333,ottoman
test_008334,door
test_008335,right
test_008336,left
test_008337,door
test_008338,box
test_008339,right
test_008340,right
test_008341,right
test_008342,dresser
test_008343,trash can
test_008344,chair
test_008345,no
test_008346,yes
test_008347,no
test_008348,clothes
test_008349,chair
test_008350,right
test_008351,table
test_008352,sink
test_008353,chair
test_008354,yes
test_008355,desk
test_008356,left
test_008357,yes
test_008358,no
test_008359,desk
test_008360,monitor
test_008361,yes
test_008362,right
test_008363,no
test_008364,desk
test_008365,monitor
test_008366,curtain
test_008367,backpack
test_008368,box
test_008369,chair
test_008370,bed
test_008371,left
test_008372,monitor
test_008373,chair
test_008374,bed
test_008375,chair
test_008376,curtain
test_008377,yes
test_008378,chair
test_008379,yes
test_008380,chair
test_008381,door
test_008382,yes
test_008383,table
test_008384,mirror
test_008385,no
test_008386,chair
test_008387,bathtub
test_008388,table
test_008389,sign
test_008390,right
test_008391,table
test_008392,curtain
test_008393,curtain
test_008394,no
test_008395,bed
test_008396,tv
test_008397,right
test_008398,no
test_008399,right
test_008400,no
test_008401,no
test_008402,no
test_008403,window
test_008404,no
test_008405,left
test_008406,yes
test_008407,box
test_008408,no
test_008409,refrigerator
test_008410,no
test_008411,window
test_008412,trash can
test_008413,left
test_008414,shelf
test_008415,cupboard
test_008416,left
test_008417,left
test_008418,yes
test_008419,left
test_008420,right
test_008421,no
test_008422,left
test_008423,shelf
test_008424,stand
test_008425,no
test_008426,yes
test_008427,no
test_008428,bed
test_008429,yes
test_008430,left
test_008431,bed
test_008432,mirror
test_008433,no
test_008434,right
test_008435,door
test_008436,yes
test_008437,chair
test_008438,left
test_008439,shower curtain
test_008440,left
test_008441,yes
test_008442,chair
test_008443,left
test_008444,yes
test_008445,monitor
test_008446,sofa
test_008447,no
test_008448,no
test_008449,bed
test_008450,no
test_008451,no
test_008452,toy
test_008453,refrigerator
test_008454,yes
test_008455,basket
test_008456,no
test_008457,no
test_008458,yes
test_008459,bed
test_008460,yes
test_008461,no
test_008462,right
test_008463,desk
test_008464,no
test_008465,yes
test_008466,no
test_008467,no
test_008468,door
test_008469,chair
test_008470,fan
test_008471,basket
test_008472,right
test_008473,box
test_008474,chair
test_008475,window
test_008476,left
test_008477,table
test_008478,chair
test_008479,chair
test_008480,chair
test_008481,mirror
test_008482,bed
test_008483,yes
test_008484,no
test_008485,no
test_008486,left
test_008487,paper
test_008488,chair
test_008489,chair
test_008490,shelf
test_008491,right
test_008492,drawer
test_008493,chair
test_008494,whiteboard
test_008495,right
test_008496,desk
test_008497,bed
test_008498,door
test_008499,right
test_008500,yes
test_008501,switch board
test_008502,door
test_008503,yes
test_008504,yes
test_008505,book
test_008506,bench
test_008507,right
test_008508,right
test_008509,mirror
test_008510,table
test_008511,yes
test_008512,no
test_008513,bookshelf
test_008514,bed
test_008515,sink
test_008516,trash can
test_008517,chair
test_008518,book
test_008519,left
test_008520,door
test_008521,paper towel
test_008522,door
test_008523,cabinet
test_008524,no
test_008525,right
test_008526,left
test_008527,monitor
test_008528,right
test_008529,left
test_008530,chair
test_008531,frame
test_008532,yes
test_008533,printer
test_008534,left
test_008535,no
test_008536,chair
test_008537,trash can
test_008538,person
test_008539,yes
test_008540,chair
test_008541,sink
test_008542,picture
test_008543,chair
test_008544,left
test_008545,right
test_008546,table
test_008547,counter
test_008548,right
test_008549,chair
test_008550,yes
test_008551,right
test_008552,shoe
test_008553,chair
test_008554,chair
test_008555,shelf
test_008556,no
test_008557,yes
test_008558,chair
test_008559,table
test_008560,right
test_008561,painting
test_008562,yes
test_008563,window
test_008564,yes
test_008565,left
test_008566,bed
test_008567,door
test_008568,carpet
test_008569,left
test_008570,right
test_008571,door
test_008572,chair
test_008573,chair
test_008574,right
test_008575,no
test_008576,yes
test_008577,chair
test_008578,chair
test_008579,right
test_008580,chair
test_008581,chair
test_008582,rug
test_008583,yes
test_008584,pot
test_008585,sofa
test_008586,right
test_008587,yes
test_008588,printer
test_008589,lamp
test_008590,table
test_008591,phone
test_008592,desk
test_008593,chair
test_008594,carpet
test_008595,cabinet
test_008596,chair
test_008597,no
test_008598,keyboard
test_008599,pillow
test_008600,yes
test_008601,clothes
test_008602,mirror
test_008603,dresser
test_008604,yes
test_008605,right
test_008606,bookshelf
test_008607,chair
test_008608,monitor
test_008609,yes
test_008610,left
test_008611,no
test_008612,chair
test_008613,coffee table
test_008614,left
test_008615,desk
test_008616,chair
test_008617,trash can
test_008618,television
test_008619,book
test_008620,cabinet
test_008621,yes
test_008622,chair
test_008623,door
test_008624,sofa
test_008625,bag
test_008626,yes
test_008627,right
test_008628,right
test_008629,yes
test_008630,window
test_008631,door
test_008632,tv
test_008633,chair
test_008634,yes
test_008635,no
test_008636,yes
test_008637,mat
test_008638,left
test_008639,right
test_008640,no
test_008641,right
test_008642,yes
test_008643,left
test_008644,chair
test_008645,sink
test_008646,chair
test_008647,sofa
test_008648,right
test_008649,left
test_008650,stand
test_008651,table
test_008652,curtain
test_008653,right
test_008654,right
test_008655,chair
test_008656,left
test_008657,bed
test_008658,shelf
test_008659,plate
test_008660,person
test_008661,bench
test_008662,right
test_008663,tray
test_008664,chair
test_008665,table
test_008666,yes
test_008667,table
test_008668,sofa
test_008669,bed
test_008670,trash
test_008671,curtain
test_008672,picture
test_008673,chair
test_008674,door
test_008675,no
test_008676,left
test_008677,candle
test_008678,chair
test_008679,yes
test_008680,bed
test_008681,left
test_008682,table
test_008683,computer
test_008684,trash can
test_008685,no
test_008686,chair
test_008687,monitor
test_008688,keyboard
test_008689,window
test_008690,bottle
test_008691,microwave
test_008692,yes
test_008693,door
test_008694,chair
test_008695,television
test_008696,refrigerator
test_008697,left
test_008698,chair
test_008699,window
test_008700,yes
test_008701,book
test_008702,whiteboard
test_008703,chair
test_008704,chair
test_008705,table
test_008706,bed
test_008707,chair
test_008708,no
test_008709,left
test_008710,shelf
test_008711,window
test_008712,right
test_008713,table
test_008714,right
test_008715,phone
test_008716,basket
test_008717,left
test_008718,chair
test_008719,chair
test_008720,table
test_008721,curtain
test_008722,door
test_008723,picture
test_008724,right
test_008725,right
test_008726,desk
test_008727,table
test_008728,left
test_008729,left
test_008730,chair
test_008731,chair
test_008732,right
test_008733,table
test_008734,plant
test_008735,trash can
test_008736,cpu
test_008737,left
test_008738,right
test_008739,basket
test_008740,yes
test_008741,trash can
test_008742,sofa
test_008743,shelf
test_008744,window
test_008745,right
test_008746,table
test_008747,printer
test_008748,bathtub
test_008749,door
test_008750,yes
test_008751,sink
test_008752,shelf
test_008753,bowl
test_008754,telephone
test_008755,microwave
test_008756,yes
test_008757,chair
test_008758,chair
test_008759,table
test_008760,curtain
test_008761,cabinet
test_008762,no
test_008763,yes
test_008764,chair
test_008765,right
test_008766,cabinet
test_008767,no
test_008768,chair
test_008769,no
test_008770,pillow
test_008771,sofa
test_008772,file cabinet
test_008773,chair
test_008774,cabinet
test_008775,left
test_008776,left
test_008777,chair
test_008778,right
test_008779,window
test_008780,left
test_008781,toilet
test_008782,chair
test_008783,left
test_008784,table
test_008785,no
test_008786,door
test_008787,clothes
test_008788,box
test_008789,no
test_008790,right
test_008791,sofa
test_008792,chair
test_008793,yes
test_008794,yes
test_008795,door
test_008796,table
test_008797,sign
test_008798,left
test_008799,right
test_008800,right
test_008801,bench
test_008802,left
test_008803,book
test_008804,shelf
test_008805,left
test_008806,yes
test_008807,yes
test_008808,toilet
test_008809,table
test_008810,bed
test_008811,shelf
test_008812,yes
test_008813,desk
test_008814,no
test_008815,yes
test_008816,book
test_008817,right
test_008818,right
test_008819,bag
test_008820,curtain
test_008821,chair
test_008822,right
test_008823,monitor
test_008824,trash can
test_008825,left
test_008826,bench
test_008827,chair
test_008828,left
test_008829,right
test_008830,sofa
test_008831,sofa
test_008832,left
test_008833,right
test_008834,left
test_008835,left
test_008836,right
test_008837,chair
test_008838,trash
test_008839,right
test_008840,chair
test_008841,bottle
test_008842,chair
test_008843,mirror
test_008844,chair
test_008845,left
test_008846,left
test_008847,bag
test_008848,box
test_008849,cabinet
test_008850,pillow
test_008851,whiteboard
test_008852,counter
test_008853,yes
test_008854,desk
test_008855,yes
test_008856,right
test_008857,chair
test_008858,table
test_008859,chair
test_008860,window
test_008861,mirror
test_008862,right
test_008863,yes
test_008864,printer
test_008865,light
test_008866,chair
test_008867,printer
test_008868,right
test_008869,window
test_008870,cabinet
test_008871,yes
test_008872,counter
test_008873,book
test_008874,cushion
test_008875,chair
test_008876,table
test_008877,toy
test_008878,yes
test_008879,bicycle
test_008880,sofa
test_008881,right
test_008882,yes
test_008883,yes
test_008884,no
test_008885,bag
test_008886,whiteboard
test_008887,no
test_008888,table
test_008889,chair
test_008890,right
test_008891,no
test_008892,yes
test_008893,window
test_008894,yes
test_008895,nightstand
test_008896,yes
test_008897,left
test_008898,table
test_008899,no
test_008900,right
test_008901,right
test_008902,yes
test_008903,right
test_008904,yes
test_008905,no
test_008906,right
test_008907,chair
test_008908,person
test_008909,curtain
test_008910,plant
test_008911,clothes
test_008912,chair
test_008913,yes
test_008914,notice
test_008915,switch board
test_008916,door
test_008917,table
test_008918,trash can
test_008919,left
test_008920,mirror
test_008921,bathtub
test_008922,trash can
test_008923,towel
test_008924,left
test_008925,no
test_008926,yes
test_008927,chair
test_008928,left
test_008929,right
test_008930,counter
test_008931,left
test_008932,trash can
test_008933,yes
test_008934,left
test_008935,right
test_008936,window
test_008937,left
test_008938,right
test_008939,night stand
test_008940,bag
test_008941,yes
test_008942,counter
test_008943,bed
test_008944,table
test_008945,window
test_008946,paper
test_008947,no
test_008948,monitor
test_008949,keyboard
test_008950,table
test_008951,yes
test_008952,bed
test_008953,mirror
test_008954,window
test_008955,bathtub
test_008956,door
test_008957,right
test_008958,monitor
test_008959,chair
test_008960,left
test_008961,dresser
test_008962,no
test_008963,night stand
test_008964,door
test_008965,yes
test_008966,yes
test_008967,yes
test_008968,file
test_008969,right
test_008970,sink
test_008971,yes
test_008972,right
test_008973,bookshelf
test_008974,curtain
test_008975,cabinet
test_008976,mirror
test_008977,chair
test_008978,right
test_008979,no
test_008980,curtain
test_008981,sink
test_008982,left
test_008983,right
test_008984,right
test_008985,counter
test_008986,right
test_008987,monitor
test_008988,table
test_008989,right
test_008990,right
test_008991,cabinet
test_008992,bed
test_008993,chair
test_008994,trash can
test_008995,cup
test_008996,microwave
test_008997,table
test_008998,right
test_008999,yes
test_009000,laptop
test_009001,window
test_009002,trash can
test_009003,chair
test_009004,chair
test_009005,door
test_009006,bathtub
test_009007,mirror
test_009008,yes
test_009009,yes
test_009010,left
test_009011,right
test_009012,mirror
test_009013,whiteboard
test_009014,yes
test_009015,left
test_009016,chair
test_009017,right
test_009018,chair
test_009019,door
test_009020,desk
test_009021,box
test_009022,paper
test_009023,right
test_009024,right
test_009025,left
test_009026,chair
test_009027,right
test_009028,yes
test_009029,lamp
test_009030,desk
test_009031,stove
test_009032,yes
test_009033,bed
test_009034,cabinet
test_009035,no
test_009036,bench
test_009037,printer
test_009038,right
test_009039,computer
test_009040,right
test_009041,lamp
test_009042,left
test_009043,no
test_009044,right
test_009045,yes
test_009046,right
test_009047,table
test_009048,right
test_009049,left
test_009050,clothes
test_009051,no
test_009052,desk
test_009053,window
test_009054,door
test_009055,chair
test_009056,trash can
test_009057,left
test_009058,door
test_009059,paper
test_009060,no
test_009061,bed
test_009062,right
test_009063,chair
test_009064,trash can
test_009065,yes
test_009066,no
test_009067,right
test_009068,desk
test_009069,left
test_009070,counter
test_009071,no
test_009072,desk
test_009073,left
test_009074,keyboard
test_009075,table leg
test_009076,left
test_009077,left
test_009078,table
test_009079,chair
test_009080,keyboard
test_009081,cabinet
test_009082,desk
test_009083,no
test_009084,table
test_009085,left
test_009086,curtain
test_009087,no
test_009088,backpack
test_009089,lamp
test_009090,yes
test_009091,yes
test_009092,no
test_009093,window
test_009094,desk
test_009095,curtain
test_009096,curtain
test_009097,sofa
test_009098,yes
test_009099,no
test_009100,right
test_009101,no
test_009102,no
test_009103,book
test_009104,left
test_009105,window
test_009106,table
test_009107,no
test_009108,bed
test_009109,yes
test_009110,table
test_009111,left
test_009112,table
test_009113,curtain
test_009114,right
test_009115,curtain
test_009116,left
test_009117,door
test_009118,light
test_009119,trash can
test_009120,right
test_009121,monitor
test_009122,yes
test_009123,yes
test_009124,bathtub
test_009125,right
test_009126,table
test_009127,yes
test_009128,whiteboard
test_009129,yes
test_009130,trash can
test_009131,blind
test_009132,table
test_009133,painting
test_009134,no
test_009135,window
test_009136,no
test_009137,sofa
test_009138,mug
test_009139,trash can
test_009140,right
test_009141,bag
test_009142,yes
test_009143,left
test_009144,monitor
test_009145,computer
test_009146,door
test_009147,bookshelf
test_009148,right
test_009149,yes
test_009150,shower curtain
test_009151,desk
test_009152,table
test_009153,no
test_009154,door
test_009155,left
test_009156,pillow
test_009157,right
test_009158,yes
test_009159,bottle
test_009160,chair
test_009161,curtain
test_009162,box
test_009163,cabinet
test_009164,left
test_009165,bed frame
test_009166,left
test_009167,chair
test_009168,chair
test_009169,desk
test_009170,chair
test_009171,light
test_009172,cabinet
test_009173,yes
test_009174,yes
test_009175,no
test_009176,mirror
test_009177,left
test_009178,left
test_009179,yes
test_009180,bed
test_009181,board
test_009182,left
test_009183,left
test_009184,bottle
test_009185,chair
test_009186,sofa
test_009187,yes
test_009188,shelf
test_009189,lamp
test_009190,sofa
test_009191,yes
test_009192,left
test_009193,desk
test_009194,yes
test_009195,right
test_009196,trash can
test_009197,cabinet
test_009198,yes
test_009199,no
test_009200,left
test_009201,chair
test_009202,left
test_009203,dresser
test_009204,window
test_009205,right
test_009206,left
test_009207,cabinet
test_009208,left
test_009209,door
test_009210,sofa
test_009211,yes
test_009212,no
test_009213,door
test_009214,left
test_009215,printer
test_009216,table
test_009217,window
test_009218,window
test_009219,trash can
test_009220,right
test_009221,no
test_009222,no
test_009223,trash can
test_009224,urinal
test_009225,left
test_009226,chair
test_009227,no
test_009228,yes
test_009229,plant
test_009230,chair
test_009231,trash can
test_009232,bag
test_009233,yes
test_009234,chair
test_009235,left
test_009236,backpack
test_009237,table
test_009238,bed
test_009239,yes
test_009240,chair
test_009241,window
test_009242,trash can
test_009243,sink
test_009244,stand
test_009245,picture
test_009246,chair
test_009247,no
test_009248,door
test_009249,no
test_009250,right
test_009251,yes
test_009252,table
test_009253,bed
test_009254,left
test_009255,yes
test_009256,right
test_009257,machine
test_009258,file
test_009259,window
test_009260,right
test_009261,shelf
test_009262,box
test_009263,left
test_009264,door
test_009265,cupboard
test_009266,yes
test_009267,printer
test_009268,table
test_009269,stool
test_009270,no
test_009271,no
test_009272,chair
test_009273,no
test_009274,right
test_009275,right
test_009276,no
test_009277,yes
test_009278,monitor
test_009279,cabinet
test_009280,plate
test_009281,chair
test_009282,night stand
test_009283,keyboard
test_009284,yes
test_009285,chair
test_009286,sofa
test_009287,yes
test_009288,left
test_009289,chair
test_009290,door
test_009291,door
test_009292,trash can
test_009293,left
test_009294,no
test_009295,chair
test_009296,chair
test_009297,yes
test_009298,sofa
test_009299,chair
test_009300,sink
test_009301,left
test_009302,paper
test_009303,shelf
test_009304,yes
test_009305,left
test_009306,printer
test_009307,trash can
test_009308,bag
test_009309,trash can
test_009310,stove
test_009311,door
test_009312,left
test_009313,right
test_009314,left
test_009315,right
test_009316,right
test_009317,lamp
test_009318,left
test_009319,table
test_009320,chair
test_009321,yes
test_009322,right
test_009323,television
test_009324,bed
test_009325,table
test_009326,yes
test_009327,printer
test_009328,cup
test_009329,desk
test_009330,door
test_009331,window
test_009332,yes
test_009333,left
test_009334,no
test_009335,no
test_009336,table
test_009337,monitor
test_009338,screen
test_009339,chalkboard
test_009340,door
test_009341,trash can
test_009342,chair
test_009343,clothes
test_009344,toilet
test_009345,table
test_009346,shelf
test_009347,yes
test_009348,bin
test_009349,stove
test_009350,yes
test_009351,table
test_009352,yes
test_009353,right
test_009354,chair
test_009355,window
test_009356,drawer
test_009357,chair
test_009358,chair
test_009359,file
test_009360,tree
test_009361,chair
test_009362,computer
test_009363,bag
test_009364,desk
test_009365,shelf
test_009366,no
test_009367,no
test_009368,trash can
test_009369,keyboard
test_009370,printer
test_009371,right
test_009372,no
test_009373,pipe
test_009374,yes
test_009375,whiteboard
test_009376,right
test_009377,bag
test_009378,book
test_009379,no
test_009380,left
test_009381,vase
test_009382,no
test_009383,chair
test_009384,left
test_009385,window
test_009386,no
test_009387,keyboard
test_009388,right
test_009389,left
test_009390,sofa
test_009391,no
test_009392,desk
test_009393,bed
test_009394,right
test_009395,yes
test_009396,no
test_009397,left
test_009398,left
test_009399,chair
test_009400,left
test_009401,yes
test_009402,chair
test_009403,chair
test_009404,door
test_009405,yes
test_009406,bicycle
test_009407,chair
test_009408,left
test_009409,chair
test_009410,bed
test_009411,yes
test_009412,table
test_009413,yes
test_009414,window
test_009415,left
test_009416,cable
test_009417,left
test_009418,yes
test_009419,right
test_009420,yes
test_009421,desk
test_009422,mirror
test_009423,heater
test_009424,bottle
test_009425,towel
test_009426,yes
test_009427,yes
test_009428,person
test_009429,monitor
test_009430,yes
test_009431,printer
test_009432,right
test_009433,no
test_009434,bed
test_009435,yes
test_009436,keyboard
test_009437,left
test_009438,chair
test_009439,left
test_009440,bottle
test_009441,whiteboard
test_009442,right
test_009443,left
test_009444,chair
test_009445,yes
test_009446,no
test_009447,yes
test_009448,no
test_009449,chair
test_009450,left
test_009451,left
test_009452,whiteboard
test_009453,left
test_009454,trash can
test_009455,chair
test_009456,yes
test_009457,yes
test_009458,yes
test_009459,left
test_009460,left
test_009461,light
test_009462,chair
test_009463,bed
test_009464,left
test_009465,table
test_009466,table
test_009467,no
test_009468,yes
test_009469,right
test_009470,monitor
test_009471,window
test_009472,tissue box
test_009473,no
test_009474,right
test_009475,left
test_009476,yes
test_009477,sofa
test_009478,toy
test_009479,yes
test_009480,shelf
test_009481,yes
test_009482,yes
test_009483,cabinet
test_009484,dresser
test_009485,chair
test_009486,no
test_009487,bookshelf
test_009488,basket
test_009489,yes
test_009490,curtain
test_009491,towel
test_009492,no
test_009493,box
test_009494,toilet
test_009495,yes
test_009496,yes
test_009497,sink
test_009498,chair
test_009499,chair
test_009500,yes
test_009501,cabinet
test_009502,lamp
test_009503,chair
test_009504,chair
test_009505,blanket
test_009506,television
test_009507,bed
test_009508,mirror
test_009509,yes
test_009510,right
test_009511,no
test_009512,toilet
test_009513,no
test_009514,box
test_009515,yes
test_009516,yes
test_009517,trash can
test_009518,yes
test_009519,chair
test_009520,microwave
test_009521,bed
test_009522,no
test_009523,yes
test_009524,yes
test_009525,left
test_009526,chair
test_009527,no
test_009528,sofa
test_009529,right
test_009530,coffee table
test_009531,chair
test_009532,mattress
test_009533,yes
test_009534,chair
test_009535,left
test_009536,trash can
test_009537,cabinet
test_009538,no
test_009539,no
test_009540,left
test_009541,cabinet
test_009542,table
test_009543,yes
test_009544,counter
test_009545,left
test_009546,window
test_009547,chair
test_009548,printer
test_009549,pillow
test_009550,drawer
test_009551,right
test_009552,left
test_009553,right
test_009554,yes
test_009555,trash can
test_009556,right
test_009557,book
test_009558,left
test_009559,right
test_009560,desk
test_009561,trash can
test_009562,no
test_009563,chair
test_009564,cabinet
test_009565,pipe
test_009566,bin
test_009567,yes
test_009568,monitor
test_009569,basket
test_009570,left
test_009571,box
test_009572,chair
test_009573,chair
test_009574,cabinet
test_009575,ladder
test_009576,left
test_009577,chair
test_009578,dresser
test_009579,trash can
test_009580,trash can
test_009581,right
test_009582,desk
test_009583,cup
test_009584,laptop
test_009585,left
test_009586,chair
test_009587,cabinet
test_009588,printer
test_009589,chair
test_009590,desk
test_009591,cabinet
test_009592,right
test_009593,right
test_009594,desk
test_009595,chair
test_009596,yes
test_009597,yes
test_009598,sofa
test_009599,chair
test_009600,toilet
test_009601,right
test_009602,door
test_009603,box
test_009604,chair
test_009605,chairs
test_009606,window
test_009607,printer
test_009608,chair
test_009609,no
test_009610,microwave
test_009611,yes
test_009612,yes
test_009613,person
test_009614,cable
test_009615,right
test_009616,table
test_009617,left
test_009618,yes
test_009619,desk
test_009620,right
test_009621,yes
test_009622,towel
test_009623,coffee machine
test_009624,clothes
test_009625,left
test_009626,mirror
test_009627,chair
test_009628,door
test_009629,dresser
test_009630,no
test_009631,yes
test_009632,door
test_009633,bag
test_009634,yes
test_009635,towel
test_009636,chair
test_009637,chair
test_009638,ottoman
test_009639,left
test_009640,chair
test_009641,left
test_009642,yes
test_009643,no
test_009644,printer
test_009645,door
test_009646,chair
test_009647,yes
test_009648,poster
test_009649,dishwasher
test_009650,bed
test_009651,no
test_009652,whiteboard
test_009653,towel
test_009654,printer
test_009655,left
test_009656,file cabinet
test_009657,paper
test_009658,bed
test_009659,cabinet
test_009660,yes
test_009661,box
test_009662,chair
test_009663,left
test_009664,no
test_009665,door
test_009666,laptop
test_009667,box
test_009668,table
test_009669,chair
test_009670,cabinet
test_009671,desk
test_009672,right
test_009673,board
test_009674,refrigerator
test_009675,left
test_009676,bed
test_009677,left
test_009678,chair
test_009679,left
test_009680,chair
test_009681,no
test_009682,chair
test_009683,whiteboard
test_009684,bowl
test_009685,window
test_009686,dresser
test_009687,chair
test_009688,right
test_009689,chair
test_009690,yes
test_009691,yes
test_009692,table
test_009693,no
test_009694,yes
test_009695,chair
test_009696,chair
test_009697,chair
test_009698,file cabinet
test_009699,bench
test_009700,right
test_009701,right
test_009702,stool
test_009703,left
test_009704,window
test_009705,blanket
test_009706,left
test_009707,whiteboard
test_009708,bed
test_009709,printer
test_009710,yes
test_009711,pillow
test_009712,bag
test_009713,no
test_009714,towel
test_009715,table
test_009716,urinal
test_009717,picture
test_009718,left
test_009719,chair
test_009720,yes
test_009721,chair
test_009722,left
test_009723,right
test_009724,toilet paper
test_009725,table
test_009726,window
test_009727,right
test_009728,box
test_009729,monitor
test_009730,right
test_009731,left
test_009732,no
test_009733,bottle
test_009734,left
test_009735,yes
test_009736,left
test_009737,curtain
test_009738,right
test_009739,chair
test_009740,door
test_009741,yes
test_009742,mirror
test_009743,right
test_009744,right
test_009745,no
test_009746,bed
test_009747,yes
test_009748,shower curtain
test_009749,right
test_009750,table
test_009751,right
test_009752,door
test_009753,no
test_009754,yes
test_009755,chair
test_009756,table
test_009757,left
test_009758,yes
test_009759,table
test_009760,basket
test_009761,yes
test_009762,door
test_009763,left
test_009764,sink
test_009765,door
test_009766,chair
test_009767,yes
test_009768,sofa
test_009769,desk
test_009770,chair
test_009771,trash can
test_009772,mirror
test_009773,table
test_009774,yes
test_009775,trash can
test_009776,right
test_009777,bed
test_009778,shelf
test_009779,bed
test_009780,table
test_009781,monitor
test_009782,paper
test_009783,table
test_009784,bed
test_009785,cabinet
test_009786,table
test_009787,drawer
test_009788,box
test_009789,left
test_009790,right
test_009791,chair
test_009792,right
test_009793,no
test_009794,right
test_009795,yes
test_009796,mirror
test_009797,left
test_009798,no
test_009799,bed
test_009800,table
test_009801,door
test_009802,door
test_009803,no
test_009804,right
test_009805,left
test_009806,left
test_009807,yes
test_009808,table
test_009809,bed
test_009810,chair
test_009811,table
test_009812,curtain
test_009813,right
test_009814,door
test_009815,door
test_009816,bed
test_009817,laptop
test_009818,box
test_009819,chair
test_009820,yes
test_009821,blackboard
test_009822,chair
test_009823,trash can
test_009824,table
test_009825,right
test_009826,bed frame
test_009827,sofa
test_009828,machine
test_009829,chair
test_009830,right
test_009831,bed
test_009832,door
test_009833,chair
test_009834,door
test_009835,yes
test_009836,trash can
test_009837,bed
test_009838,chair
test_009839,left
test_009840,person
test_009841,lamp
test_009842,counter
test_009843,window
test_009844,trash can
test_009845,printer
test_009846,lamp
test_009847,door
test_009848,left
test_009849,chair
test_009850,whiteboard
test_009851,curtain
test_009852,right
test_009853,door
test_009854,desk
test_009855,door
test_009856,chair
test_009857,screen
test_009858,yes
test_009859,right
test_009860,yes
test_009861,chair
test_009862,yes
test_009863,no
test_009864,yes
test_009865,no
test_009866,left
test_009867,lamp
test_009868,table
test_009869,window
test_009870,table
test_009871,paper
test_009872,yes
test_009873,yes
test_009874,no
test_009875,no
test_009876,right
test_009877,yes
test_009878,table
test_009879,right
test_009880,left
test_009881,bed
test_009882,table
test_009883,bed
test_009884,yes
test_009885,door
test_009886,bathtub
test_009887,bottle
test_009888,door
test_009889,bed
test_009890,toilet
test_009891,desk
test_009892,chair
test_009893,left
test_009894,left
test_009895,yes
test_009896,printer
test_009897,yes
test_009898,chair
test_009899,mirror
test_009900,chair
test_009901,yes
test_009902,no
test_009903,no
test_009904,clothes
test_009905,sink
test_009906,left
test_009907,chair
test_009908,left
test_009909,cabinet
test_009910,telephone
test_009911,right
test_009912,table
test_009913,clothes
test_009914,box
test_009915,box
test_009916,table
test_009917,bed
test_009918,chair
test_009919,curtain
test_009920,chair
test_009921,sign
test_009922,monitor
test_009923,desk
test_009924,door
test_009925,table
test_009926,door
test_009927,no
test_009928,chair
test_009929,no
test_009930,bottle
test_009931,chair
test_009932,picture
test_009933,desk
test_009934,refrigerator
test_009935,poster
test_009936,bed
test_009937,chair
test_009938,window
test_009939,box
test_009940,right
test_009941,trash can
test_009942,trash can
test_009943,clothes
test_009944,bed
test_009945,bathtub
test_009946,bag
test_009947,no
test_009948,yes
test_009949,right
test_009950,chair
test_009951,cup
test_009952,yes
test_009953,chair
test_009954,bench
test_009955,yes
test_009956,no
test_009957,screen
test_009958,no
test_009959,desk
test_009960,yes
test_009961,no
test_009962,trash can
test_009963,desk
test_009964,tv
test_009965,cabinet
test_009966,no
test_009967,left
test_009968,yes
test_009969,chair
test_009970,no
test_009971,left
test_009972,bookshelf
test_009973,right
test_009974,table
test_009975,bottle
test_009976,yes
test_009977,refrigerator
test_009978,chair
test_009979,left
test_009980,left
test_009981,microwave
test_009982,right
test_009983,no
test_009984,yes
test_009985,right
test_009986,chair
test_009987,tissue box
test_009988,left
test_009989,right
test_009990,right
test_009991,laptop
test_009992,desk
test_009993,chair
test_009994,lamp
test_009995,left
test_009996,no
test_009997,picture
test_009998,left
test_009999,desk
test_010000,left
test_010001,right
test_010002,door
test_010003,table
test_010004,whiteboard
test_010005,left
test_010006,left
test_010007,bed
test_010008,mirror
test_010009,left
test_010010,yes
test_010011,yes
test_010012,right
test_010013,plant
test_010014,shoe
test_010015,lamp
test_010016,chair
test_010017,bed
test_010018,chair
test_010019,yes
test_010020,shelf
test_010021,table
test_010022,trash can
test_010023,keyboard
test_010024,nightstand
test_010025,right
test_010026,no
test_010027,yes
test_010028,yes
test_010029,monitor
test_010030,window
test_010031,right
test_010032,right
test_010033,left
test_010034,light
test_010035,right
test_010036,sink
test_010037,door
test_010038,bed
test_010039,bench
test_010040,yes
test_010041,left
test_010042,yes
test_010043,yes
test_010044,no
test_010045,left
test_010046,night stand
test_010047,sofa
test_010048,mirror
test_010049,sofa
test_010050,door
test_010051,curtain
test_010052,stove
test_010053,no
test_010054,clothes
test_010055,chair
test_010056,chair
test_010057,counter
test_010058,chair
test_010059,left
test_010060,chair
test_010061,left
test_010062,right
test_010063,sofa
test_010064,lamp
test_010065,person
test_010066,yes
test_010067,sofa
test_010068,window
test_010069,table
test_010070,curtain
test_010071,chair
test_010072,yes
test_010073,piano
test_010074,file cabinet
test_010075,shelf
test_010076,chair
test_010077,keyboard
test_010078,cabinet
test_010079,board
test_010080,left
test_010081,yes
test_010082,left
test_010083,chair
test_010084,table
test_010085,no
test_010086,mirror
test_010087,left
test_010088,picture
test_010089,yes
test_010090,bed
test_010091,left
test_010092,right
test_010093,bag
test_010094,yes
test_010095,yes
test_010096,bottle
test_010097,yes
test_010098,desk
test_010099,desk
test_010100,no
test_010101,desk
test_010102,refrigerator
test_010103,yes
test_010104,bag
test_010105,left
test_010106,window
test_010107,shelf
test_010108,file cabinet
test_010109,cabinet
test_010110,yes
test_010111,door
test_010112,yes
test_010113,right
test_010114,right
test_010115,bed
test_010116,sofa
test_010117,sofa
test_010118,chair
test_010119,yes
test_010120,light
test_010121,bag
test_010122,bed
test_010123,yes
test_010124,right
test_010125,left
test_010126,yes
test_010127,box
test_010128,left
test_010129,stool
test_010130,trash can
test_010131,towel
test_010132,table
test_010133,right
test_010134,chair
test_010135,table
test_010136,chair
test_010137,chair
test_010138,mirror
test_010139,clothes
test_010140,picture
test_010141,basket
test_010142,cable
test_010143,bag
test_010144,right
test_010145,sofa
test_010146,right
test_010147,no
test_010148,rug
test_010149,no
test_010150,left
test_010151,left
test_010152,shelf
test_010153,yes
test_010154,lamp
test_010155,table
test_010156,chair
test_010157,chair
test_010158,picture
test_010159,right
test_010160,right
test_010161,no
test_010162,left
test_010163,yes
test_010164,telephone
test_010165,monitor
test_010166,curtain
test_010167,sofa
test_010168,chair
test_010169,cabinet
test_010170,chair
test_010171,left
test_010172,toilet paper
test_010173,left
test_010174,clothes
test_010175,cupboard
test_010176,yes
test_010177,door
test_010178,table
test_010179,bowl
test_010180,basket
test_010181,chair
test_010182,dresser
test_010183,yes
test_010184,bed
test_010185,cabinet
test_010186,right
test_010187,left
test_010188,left
test_010189,chair
test_010190,left
test_010191,mirror
test_010192,trash can
test_010193,yes
test_010194,left
test_010195,yes
test_010196,table
test_010197,yes
test_010198,right
test_010199,chair
test_010200,left
test_010201,door
test_010202,yes
test_010203,chair
test_010204,left
test_010205,right
test_010206,right
test_010207,chair
test_010208,yes
test_010209,yes
test_010210,cord
test_010211,right
test_010212,chair
test_010213,yes
test_010214,box
test_010215,paper
test_010216,door
test_010217,left
test_010218,yes
test_010219,bed
test_010220,no
test_010221,towel
test_010222,window
test_010223,trash can
test_010224,yes
test_010225,no
test_010226,table
test_010227,right
test_010228,no
test_010229,right
test_010230,left
test_010231,chair
test_010232,no
test_010233,door
test_010234,chair
test_010235,whiteboard
test_010236,table
test_010237,cup
test_010238,bottle
test_010239,sofa
test_010240,rack
test_010241,right
test_010242,left
test_010243,left
test_010244,chair
test_010245,window
test_010246,desk
test_010247,towel
test_010248,yes
test_010249,no
test_010250,window
test_010251,chair
test_010252,monitor
test_010253,no
test_010254,no
test_010255,window
test_010256,sofa
test_010257,sofa
test_010258,clothes
test_010259,chair
test_010260,curtain
test_010261,whiteboard
test_010262,no
test_010263,chair
test_010264,no
test_010265,pillow
test_010266,right
test_010267,stool
test_010268,left
test_010269,no
test_010270,right
test_010271,table
test_010272,table
test_010273,yes
test_010274,night stand
test_010275,no
test_010276,book
test_010277,right
test_010278,door
test_010279,table
test_010280,no
test_010281,right
test_010282,door
test_010283,cabinet
test_010284,chair
test_010285,chair
test_010286,basket
test_010287,right
test_010288,yes
test_010289,no
test_010290,door
test_010291,no
test_010292,bottle
test_010293,bed
test_010294,bowl
test_010295,left
test_010296,no
test_010297,chair
test_010298,bed
test_010299,chair
test_010300,yes
test_010301,right
test_010302,yes
test_010303,table
test_010304,yes
test_010305,chair
test_010306,cabinet
test_010307,window
test_010308,chair
test_010309,yes
test_010310,right
test_010311,left
test_010312,chair
test_010313,bench
test_010314,yes
test_010315,no
test_010316,no
test_010317,desk
test_010318,table
test_010319,left
test_010320,night stand
test_010321,chair
test_010322,yes
test_010323,night stand
test_010324,right
test_010325,sofa
test_010326,trash can
test_010327,binder
test_010328,file cabinet
test_010329,table
test_010330,bed
test_010331,chair
test_010332,right
test_010333,yes
test_010334,bed
test_010335,yes
test_010336,chair
test_010337,yes
test_010338,table
test_010339,right
test_010340,left
test_010341,no
test_010342,heater
test_010343,trash can
test_010344,no
test_010345,left
test_010346,chair
test_010347,table
test_010348,right
test_010349,no
test_010350,right
test_010351,laptop
test_010352,no
test_010353,dishwasher
test_010354,mirror
test_010355,bed
test_010356,no
test_010357,desk
test_010358,left
test_010359,microwave
test_010360,left
test_010361,trash can
test_010362,left
test_010363,left
test_010364,no
test_010365,backpack
test_010366,desk
test_010367,yes
test_010368,left
test_010369,door
test_010370,right
test_010371,table
test_010372,table
test_010373,yes
test_010374,left
test_010375,no
test_010376,phone
test_010377,trash can
test_010378,table
test_010379,left
test_010380,box
test_010381,chair
test_010382,right
test_010383,table
test_010384,left
test_010385,monitor
test_010386,right
test_010387,telephone
test_010388,no
test_010389,tv
test_010390,yes
test_010391,mirror
test_010392,right
test_010393,left
test_010394,chair
test_010395,tray
test_010396,monitor
test_010397,yes
test_010398,yes
test_010399,drawer
test_010400,sofa
test_010401,yes
test_010402,right
test_010403,drawer
test_010404,right
test_010405,yes
test_010406,yes
test_010407,curtain
test_010408,left
test_010409,no
test_010410,desk
test_010411,table
test_010412,chair
test_010413,chair
test_010414,left
test_010415,table
test_010416,printer
test_010417,door
test_010418,no
test_010419,yes
test_010420,no
test_010421,cabinet
test_010422,chair
test_010423,yes
test_010424,shelf
test_010425,toy
test_010426,paper
test_010427,stove
test_010428,cabinet
test_010429,no
test_010430,chair
test_010431,right
test_010432,chair
test_010433,desk
test_010434,desk
test_010435,mirror
test_010436,yes
test_010437,shelf
test_010438,left
test_010439,counter
test_010440,chair
test_010441,no
test_010442,right
test_010443,chair
test_010444,curtain
test_010445,right
test_010446,mirror
test_010447,yes
test_010448,window
test_010449,left
test_010450,bed
test_010451,left
test_010452,yes
test_010453,left
test_010454,door
test_010455,door
test_010456,sofa
test_010457,door
test_010458,no
test_010459,printer
test_010460,lamp
test_010461,window
test_010462,chair
test_010463,yes
test_010464,cabinet
test_010465,yes
test_010466,sofa
test_010467,chair
test_010468,bed
test_010469,sofa
test_010470,left
test_010471,right
test_010472,counter
test_010473,bed
test_010474,curtain
test_010475,bookshelf
test_010476,toaster
test_010477,light
test_010478,right
test_010479,bed
test_010480,left
test_010481,table
test_010482,yes
test_010483,left
test_010484,left
test_010485,yes
test_010486,right
test_010487,file cabinet
test_010488,chair
test_010489,clothes
test_010490,monitor
test_010491,book
test_010492,shelf
test_010493,left
test_010494,chair
test_010495,left
test_010496,left
test_010497,rack
test_010498,right
test_010499,door
test_010500,door
test_010501,chair
test_010502,yes
test_010503,bottle
test_010504,door
test_010505,desk
test_010506,left
test_010507,clothes
test_010508,window
test_010509,left
test_010510,cabinet
test_010511,left
test_010512,trash can
test_010513,book
test_010514,sofa
test_010515,yes
test_010516,chair
test_010517,bed
test_010518,table
test_010519,yes
test_010520,left
test_010521,yes
test_010522,box
test_010523,bowl
test_010524,yes
test_010525,trash can
test_010526,door
test_010527,no
test_010528,chair
test_010529,left
test_010530,monitor
test_010531,drawer
test_010532,right
test_010533,chair
test_010534,table
test_010535,right
test_010536,right
test_010537,left
test_010538,no
test_010539,door
test_010540,chair
test_010541,right
test_010542,keyboard
test_010543,armchair
test_010544,yes
test_010545,monitor
test_010546,lamp
test_010547,yes
test_010548,no
test_010549,bookshelf
test_010550,no
test_010551,chair
test_010552,left
test_010553,yes
test_010554,chair
test_010555,table
test_010556,cabinet
test_010557,printer
test_010558,monitor
test_010559,window
test_010560,curtain
test_010561,table
test_010562,bookshelf
test_010563,sofa
test_010564,window
test_010565,left
test_010566,table
test_010567,curtain
test_010568,left
test_010569,ottoman
test_010570,right
test_010571,clothes
test_010572,yes
test_010573,chair
test_010574,trash can
test_010575,desk
test_010576,trash can
test_010577,right
test_010578,sofa
test_010579,right
test_010580,door
test_010581,table
test_010582,stove
test_010583,left
test_010584,chair
test_010585,chair
test_010586,yes
test_010587,left
test_010588,bed
test_010589,left
test_010590,cabinet
test_010591,bed
test_010592,bed
test_010593,chair
test_010594,file cabinet
test_010595,right
test_010596,left
test_010597,right
test_010598,monitor
test_010599,plant
test_010600,trash can
test_010601,box
test_010602,door
test_010603,notice
test_010604,no
test_010605,no
test_010606,left
test_010607,table
test_010608,chair
test_010609,yes
test_010610,desk
test_010611,right
test_010612,chair
test_010613,yes
test_010614,left
test_010615,chair
test_010616,no
test_010617,table
test_010618,table
test_010619,person
test_010620,table
test_010621,chair
test_010622,blanket
test_010623,chair
test_010624,window
test_010625,left
test_010626,yes
test_010627,trash can
test_010628,window
test_010629,right
test_010630,chair
test_010631,light
test_010632,right
test_010633,yes
test_010634,no
test_010635,left
test_010636,yes
test_010637,yes
test_010638,left
test_010639,bookshelf
test_010640,left
test_010641,yes
test_010642,chair
test_010643,no
test_010644,no
test_010645,table
test_010646,right
test_010647,right
test_010648,box
test_010649,yes
test_010650,desktop
test_010651,mirror
test_010652,chair
test_010653,left
test_010654,book
test_010655,cupboard
test_010656,chair
test_010657,lamp
test_010658,right
test_010659,shelf
test_010660,bed
test_010661,left
test_010662,right
test_010663,table
test_010664,table
test_010665,curtain
test_010666,trash can
test_010667,table
test_010668,paper
test_010669,left
test_010670,bed
test_010671,no
test_010672,bookshelf
test_010673,chair
test_010674,door
test_010675,box
test_010676,table
test_010677,left
test_010678,table
test_010679,left
test_010680,right
test_010681,counter
test_010682,sofa
test_010683,stuffed animal
test_010684,left
test_010685,right
test_010686,sink
test_010687,right
test_010688,monitor
test_010689,printer
test_010690,table
test_010691,chair
test_010692,window
test_010693,window
test_010694,table
test_010695,left
test_010696,sofa
test_010697,left
test_010698,right
test_010699,chair
test_010700,sofa
test_010701,right
test_010702,chair
test_010703,sofa
test_010704,shelf
test_010705,lamp
test_010706,yes
test_010707,left
test_010708,chair
test_010709,trash can
test_010710,trash can
test_010711,carpet
test_010712,yes
test_010713,clothes
test_010714,right
test_010715,right
test_010716,book
test_010717,no
test_010718,left
test_010719,printer
test_010720,pot
test_010721,left
test_010722,yes
test_010723,right
test_010724,no
test_010725,sofa
test_010726,bed
test_010727,no
test_010728,mirror
test_010729,right
test_010730,door
test_010731,left
test_010732,chair
test_010733,door
test_010734,bag
test_010735,right
test_010736,shoe
test_010737,sofa
test_010738,yes
test_010739,right
test_010740,left
test_010741,projector
test_010742,right
test_010743,monitor
test_010744,sofa
test_010745,chair
test_010746,right
test_010747,door
test_010748,chair
test_010749,no
test_010750,desk
test_010751,door
test_010752,no
test_010753,right
test_010754,left
test_010755,chair
test_010756,yes
test_010757,chair
test_010758,left
test_010759,table
test_010760,towel
test_010761,box
test_010762,whiteboard
test_010763,right
test_010764,left
test_010765,poster
test_010766,box
test_010767,shelf
test_010768,mirror
test_010769,chair
test_010770,no
test_010771,stove
test_010772,left
test_010773,chair
test_010774,chair
test_010775,shelf
test_010776,right
test_010777,stove
test_010778,yes
test_010779,chair
test_010780,right
test_010781,left
test_010782,table
test_010783,clothes
test_010784,right
test_010785,table
test_010786,left
test_010787,bed
test_010788,curtain
test_010789,microwave
test_010790,right
test_010791,yes
test_010792,book
test_010793,glass
test_010794,chair
test_010795,chair
test_010796,yes
test_010797,bag
test_010798,shelf
test_010799,right
test_010800,left
test_010801,bed
test_010802,right
test_010803,yes
test_010804,no
test_010805,sink
test_010806,chair
test_010807,yes
test_010808,chalkboard
test_010809,cup
test_010810,no
test_010811,right
test_010812,sofa
test_010813,window
test_010814,right
test_010815,mirror
test_010816,chair
test_010817,mirror
test_010818,no
test_010819,left
test_010820,left
test_010821,window
test_010822,printer
test_010823,yes
test_010824,desk
test_010825,right
test_010826,mirror
test_010827,sofa
test_010828,trash can
test_010829,chair
test_010830,box
test_010831,right
test_010832,fan
test_010833,left
test_010834,chair
test_010835,left
test_010836,cabinet
test_010837,table
test_010838,armchair
test_010839,chair
test_010840,person
test_010841,dresser
test_010842,left
test_010843,chair
test_010844,trash can
test_010845,yes
test_010846,window
test_010847,left
test_010848,monitor
test_010849,door
test_010850,monitor
test_010851,rug
test_010852,chair
test_010853,monitor
test_010854,chair
test_010855,right
test_010856,chair
test_010857,bag
test_010858,refrigerator
test_010859,chair
test_010860,right
test_010861,monitor
test_010862,right
test_010863,door
test_010864,chair
test_010865,bed
test_010866,left
test_010867,sofa
test_010868,right
test_010869,desk
test_010870,chair
test_010871,trash can
test_010872,table
test_010873,yes
test_010874,carpet
test_010875,left
test_010876,chair
test_010877,right
test_010878,box
test_010879,board
test_010880,door
test_010881,yes
test_010882,table
test_010883,bicycle
test_010884,bag
test_010885,cupboard
test_010886,trash can
test_010887,chair
test_010888,glass
test_010889,bed
test_010890,table
test_010891,box
test_010892,chair
test_010893,bed
test_010894,left
test_010895,no
test_010896,chair
test_010897,chair
test_010898,box
test_010899,table
test_010900,yes
test_010901,left
test_010902,right
test_010903,bed
test_010904,window
test_010905,desk
test_010906,chair
test_010907,table
test_010908,blind
test_010909,mirror
test_010910,yes
test_010911,toilet
test_010912,printer
test_010913,picture
test_010914,right
test_010915,left
test_010916,curtain
test_010917,table
test_010918,no
test_010919,no
test_010920,table
test_010921,yes
test_010922,bag
test_010923,left
test_010924,table
test_010925,table
test_010926,left
test_010927,no
test_010928,chair
test_010929,door
test_010930,yes
test_010931,plant
test_010932,yes
test_010933,pillow
test_010934,ottoman
test_010935,right
test_010936,chair
test_010937,desk
test_010938,yes
test_010939,no
test_010940,doll
test_010941,left
test_010942,door
test_010943,right
test_010944,door
test_010945,laptop
test_010946,window
test_010947,monitor
test_010948,yes
test_010949,desk
test_010950,window
test_010951,yes
test_010952,clothes
test_010953,yes
test_010954,right
test_010955,chair
test_010956,person
test_010957,curtain
test_010958,table
test_010959,toy
test_010960,no
test_010961,sink
test_010962,trash can
test_010963,night stand
test_010964,left
test_010965,no
test_010966,bed
test_010967,pipe
test_010968,left
test_010969,trash can
test_010970,yes
test_010971,table
test_010972,table
test_010973,lamp
test_010974,yes
test_010975,trash can
test_010976,yes
test_010977,picture
test_010978,picture
test_010979,chair
test_010980,left
test_010981,bag
test_010982,towel
test_010983,left
test_010984,left
test_010985,no
test_010986,trash can
test_010987,chair
test_010988,mirror
test_010989,painting
test_010990,table
test_010991,bed
test_010992,chair
test_010993,sink
test_010994,bed
test_010995,drawer
test_010996,chair
test_010997,pillow
test_010998,no
test_010999,yes
test_011000,left
test_011001,right
test_011002,bed
test_011003,chair
test_011004,lamp
test_011005,chair
test_011006,book
test_011007,left
test_011008,fan
test_011009,left
test_011010,keyboard
test_011011,desk
test_011012,monitor
test_011013,chair
test_011014,yes
test_011015,yes
test_011016,left
test_011017,right
test_011018,right
test_011019,bed
test_011020,box
test_011021,cabinet
test_011022,left
test_011023,computer
test_011024,chair
test_011025,yes
test_011026,right
test_011027,dresser
test_011028,left
test_011029,chair
test_011030,pipe
test_011031,bed
test_011032,right
test_011033,no
test_011034,no
test_011035,left
test_011036,yes
test_011037,yes
test_011038,yes
test_011039,yes
test_011040,microwave
test_011041,left
test_011042,table
test_011043,yes
test_011044,toilet
test_011045,bed
test_011046,curtain
test_011047,outlet
test_011048,left
test_011049,right
test_011050,towel
test_011051,no
test_011052,mirror
test_011053,yes
test_011054,yes
test_011055,bathtub
test_011056,left
test_011057,monitor
test_011058,left
test_011059,paper
test_011060,left
test_011061,mirror
test_011062,chair
test_011063,no
test_011064,ottoman
test_011065,table
test_011066,curtain
test_011067,sofa
test_011068,shelf
test_011069,counter
test_011070,left
test_011071,chair
test_011072,no
test_011073,right
test_011074,mirror
test_011075,chair
test_011076,chair
test_011077,monitor
test_011078,chair
test_011079,trash can
test_011080,chair
test_011081,no
test_011082,yes
test_011083,shelf
test_011084,left
test_011085,mirror
test_011086,mirror
test_011087,book
test_011088,no
test_011089,refrigerator
test_011090,printer
test_011091,chair
test_011092,chair
test_011093,right
test_011094,notice
test_011095,right
test_011096,window
test_011097,left
test_011098,left
test_011099,plant
test_011100,window
test_011101,cabinet
test_011102,yes
test_011103,cabinet
test_011104,cupboard
test_011105,no
test_011106,sofa
test_011107,chair
test_011108,left
test_011109,file cabinet
test_011110,bed
test_011111,left
test_011112,left
test_011113,yes
test_011114,chair
test_011115,chair
test_011116,no
test_011117,left
test_011118,yes
test_011119,table
test_011120,left
test_011121,yes
test_011122,right
test_011123,left
test_011124,right
test_011125,yes
test_011126,chair
test_011127,cabinet
test_011128,chair
test_011129,chair
test_011130,sofa
test_011131,cloth
test_011132,monitor
test_011133,sink
test_011134,left
test_011135,right
test_011136,right
test_011137,right
test_011138,monitor
test_011139,door
test_011140,monitor
test_011141,trash can
test_011142,window
test_011143,right
test_011144,left
test_011145,chair
test_011146,yes
test_011147,clothes
test_011148,book
test_011149,right
test_011150,chair
test_011151,no
test_011152,yes
test_011153,tv
test_011154,mirror
test_011155,left
test_011156,television
test_011157,left
test_011158,toilet
test_011159,yes
test_011160,mirror
test_011161,yes
test_011162,yes
test_011163,yes
test_011164,chalkboard
test_011165,ottoman
test_011166,box
test_011167,board
test_011168,keyboard
test_011169,no
test_011170,window
test_011171,left
test_011172,monitor
test_011173,chair
test_011174,cabinet
test_011175,faucet
test_011176,chair
test_011177,pillow
test_011178,desk
test_011179,chair
test_011180,printer
test_011181,door
test_011182,table
test_011183,no
test_011184,desk
test_011185,no
test_011186,bed
test_011187,heater
test_011188,yes
test_011189,book
test_011190,keyboard
test_011191,right
test_011192,door
test_011193,chair
test_011194,yes
test_011195,door
test_011196,left
test_011197,right
test_011198,toilet
test_011199,chair
test_011200,sink
test_011201,door
test_011202,window
test_011203,right
test_011204,sink
test_011205,right
test_011206,chair
test_011207,left
test_011208,picture frame
test_011209,left
test_011210,table
test_011211,table
test_011212,no
test_011213,lamp
test_011214,yes
test_011215,no
test_011216,no
test_011217,yes
test_011218,right
test_011219,toilet
test_011220,television
test_011221,stool
test_011222,mirror
test_011223,desk
test_011224,monitor
test_011225,cabinet
test_011226,computer
test_011227,chair
test_011228,lamp
test_011229,right
test_011230,yes
test_011231,table
test_011232,right
test_011233,yes
test_011234,chair
test_011235,no
test_011236,urinal
test_011237,chair
test_011238,no
test_011239,cabinet
test_011240,no
test_011241,no
test_011242,no
test_011243,door
test_011244,bed
test_011245,right
test_011246,bed
test_011247,right
test_011248,yes
test_011249,left
test_011250,yes
test_011251,no
test_011252,right
test_011253,vase
test_011254,right
test_011255,chair
test_011256,left
test_011257,yes
test_011258,chair
test_011259,right
test_011260,table
test_011261,toilet
test_011262,monitor
test_011263,refrigerator
test_011264,chair
test_011265,yes
test_011266,yes
test_011267,yes
test_011268,yes
test_011269,left
test_011270,plant
test_011271,table
test_011272,window
test_011273,right
test_011274,desk
test_011275,door
test_011276,monitor
test_011277,no
test_011278,left
test_011279,right
test_011280,table
test_011281,left
test_011282,chair
test_011283,no
test_011284,cabinet
test_011285,no
test_011286,right
test_011287,right
test_011288,left
test_011289,box
test_011290,yes
test_011291,trash can
test_011292,cups
test_011293,picture
test_011294,left
test_011295,bed
test_011296,no
test_011297,yes
test_011298,chair
test_011299,monitor
test_011300,pillow
test_011301,left
test_011302,shelf
test_011303,right
test_011304,table
test_011305,chair
test_011306,lamp
test_011307,left
test_011308,window
test_011309,no
test_011310,table
test_011311,mat
test_011312,yes
test_011313,coffee table
test_011314,television
test_011315,keyboard
test_011316,table
test_011317,no
test_011318,table
test_011319,yes
test_011320,lamp
test_011321,left
test_011322,chair
test_011323,left
test_011324,table
test_011325,chair
test_011326,left
test_011327,chair
test_011328,door
test_011329,no
test_011330,yes
test_011331,left
test_011332,chair
test_011333,shelf
test_011334,sofa
test_011335,yes
test_011336,window
test_011337,book
test_011338,no
test_011339,yes
test_011340,cupboard
test_011341,chair
test_011342,left
test_011343,refrigerator
test_011344,desk
test_011345,book
test_011346,wood
test_011347,door
test_011348,no
test_011349,bed
test_011350,yes
test_011351,cpu
test_011352,chair
test_011353,chair
test_011354,table
test_011355,yes
test_011356,curtain
test_011357,bed
test_011358,poster
test_011359,yes
test_011360,clothes
test_011361,table
test_011362,left
test_011363,bench
test_011364,recycle bin
test_011365,table
test_011366,keyboard
test_011367,yes
test_011368,pillow
test_011369,yes
test_011370,ottoman
test_011371,tissue box
test_011372,yes
test_011373,chair
test_011374,table
test_011375,counter
test_011376,right
test_011377,yes
test_011378,right
test_011379,table
test_011380,left
test_011381,sofa
test_011382,yes
test_011383,cabinet
test_011384,cabinet
test_011385,yes
test_011386,right
test_011387,door
test_011388,trash can
test_011389,sofa
test_011390,shelf
test_011391,bed
test_011392,door
test_011393,chair
test_011394,dresser
test_011395,chair
test_011396,no
test_011397,bag
test_011398,chair
test_011399,yes
test_011400,chair
test_011401,desk
test_011402,shower
test_011403,screen
test_011404,no
test_011405,printer
test_011406,bag
test_011407,door
test_011408,chair
test_011409,chair
test_011410,right
test_011411,chair
test_011412,desk
test_011413,chair
test_011414,trash can
test_011415,table
test_011416,chair
test_011417,no
test_011418,door
test_011419,right
test_011420,chair
test_011421,table leg
test_011422,clothes
test_011423,window
test_011424,no
test_011425,window
test_011426,box
test_011427,door
test_011428,book
test_011429,yes
test_011430,left
test_011431,basket
test_011432,desk
test_011433,chair
test_011434,no
test_011435,table
test_011436,left
test_011437,bookshelf
test_011438,chair
test_011439,bed
test_011440,chair
test_011441,chair
test_011442,window
test_011443,no
test_011444,yes
test_011445,pillow
test_011446,table
test_011447,left
test_011448,monitor
test_011449,yes
test_011450,table
test_011451,chair
test_011452,left
test_011453,desk
test_011454,left
test_011455,curtain
test_011456,chair
test_011457,shelf
test_011458,bench
test_011459,no
test_011460,yes
test_011461,monitor
test_011462,chair
test_011463,laptop
test_011464,keyboard
test_011465,left
test_011466,right
test_011467,bed
test_011468,yes
test_011469,door
test_011470,trash can
test_011471,yes
test_011472,counter
test_011473,chair
test_011474,yes
test_011475,chair
test_011476,chair
test_011477,poster
test_011478,lamp
test_011479,chair
test_011480,bench
test_011481,sofa
test_011482,no
test_011483,cpu
test_011484,yes
test_011485,no
test_011486,yes
test_011487,monitor
test_011488,yes
test_011489,right
test_011490,mirror
test_011491,flower pot
test_011492,chair
test_011493,drawer
test_011494,bag
test_011495,person
test_011496,left
test_011497,bookshelf
test_011498,right
test_011499,yes
test_011500,trash can
test_011501,yes
test_011502,left
test_011503,dresser
test_011504,yes
test_011505,yes
test_011506,counter
test_011507,yes
test_011508,left
test_011509,chair
test_011510,counter
test_011511,left
test_011512,no
test_011513,yes
test_011514,floor mat
test_011515,cabinet
test_011516,monitor
test_011517,chair
test_011518,table
test_011519,cabinet
test_011520,yes
test_011521,table
test_011522,bottle
test_011523,bed
test_011524,right
test_011525,chair
test_011526,desk
test_011527,no
test_011528,bed
test_011529,window
test_011530,table
test_011531,yes
test_011532,yes
test_011533,right
test_011534,bed
test_011535,table
test_011536,right
test_011537,yes
test_011538,picture
test_011539,no
test_011540,chair
test_011541,chair
test_011542,right
test_011543,table
test_011544,table
test_011545,yes
test_011546,chair
test_011547,cabinet
test_011548,bed
test_011549,sofa
test_011550,sofa
test_011551,left
test_011552,chair
test_011553,bed
test_011554,right
test_011555,left
test_011556,table
test_011557,left
test_011558,window
test_011559,left
test_011560,trash can
test_011561,right
test_011562,board
test_011563,no
test_011564,table
test_011565,yes
test_011566,monitor
test_011567,chair
test_011568,sofa
test_011569,no
test_011570,yes
test_011571,trash can
test_011572,cabinet
test_011573,door
test_011574,board
test_011575,yes
test_011576,chair
test_011577,book
test_011578,yes
test_011579,mirror
test_011580,cabinet
test_011581,yes
test_011582,person
test_011583,toilet
test_011584,yes
test_011585,table
test_011586,left
test_011587,left
test_011588,table
test_011589,no
test_011590,yes
test_011591,yes
test_011592,left
test_011593,plant
test_011594,printer
test_011595,sink
test_011596,mirror
test_011597,stool
test_011598,left
test_011599,door
test_011600,tag
test_011601,chair
test_011602,yes
test_011603,left
test_011604,right
test_011605,yes
test_011606,yes
test_011607,table
test_011608,chair
test_011609,mirror
test_011610,no
test_011611,yes
test_011612,chalkboard
test_011613,clothes
test_011614,box
test_011615,picture
test_011616,toilet
test_011617,towel
test_011618,sofa
test_011619,no
test_011620,pipe
test_011621,mirror
test_011622,cushion
test_011623,table
test_011624,chair
test_011625,left
test_011626,book
test_011627,box
test_011628,desk
test_011629,book
test_011630,right
test_011631,stool
test_011632,book
test_011633,shelf
test_011634,light
test_011635,yes
test_011636,left
test_011637,plant
test_011638,nightstand
test_011639,chair
test_011640,window
test_011641,chair
test_011642,yes
test_011643,left
test_011644,refrigerator
test_011645,monitor
test_011646,table
test_011647,chair
test_011648,chair
test_011649,chair
test_011650,no
test_011651,chair
test_011652,right
test_011653,no
test_011654,chair
test_011655,door
test_011656,right
test_011657,no
test_011658,table
test_011659,right
test_011660,vase
test_011661,mirror
test_011662,yes
test_011663,chair
test_011664,no
test_011665,right
test_011666,table
test_011667,window
test_011668,yes
test_011669,no
test_011670,fan
test_011671,basket
test_011672,shelf
test_011673,sofa
test_011674,laptop
test_011675,left
test_011676,keyboard
test_011677,file cabinet
test_011678,chair
test_011679,yes
test_011680,right
test_011681,cabinet
test_011682,chair
test_011683,left
test_011684,chair
test_011685,no
test_011686,chair
test_011687,bed
test_011688,left
test_011689,curtain
test_011690,chair
test_011691,yes
test_011692,left
test_011693,chair
test_011694,chair
test_011695,lamp
test_011696,pillow
test_011697,chair
test_011698,poster
test_011699,cabinet
test_011700,yes
test_011701,curtain
test_011702,left
test_011703,monitor
test_011704,window
test_011705,trash can
test_011706,paper
test_011707,chair
test_011708,book
test_011709,left
test_011710,table
test_011711,bench
test_011712,door
test_011713,yes
test_011714,no
test_011715,no
test_011716,book
test_011717,left
test_011718,yes
test_011719,yes
test_011720,table
test_011721,cabinet
test_011722,right
test_011723,yes
test_011724,no
test_011725,desk
test_011726,chair
test_011727,no
test_011728,left
test_011729,cabinet
test_011730,table
test_011731,printer
test_011732,shelf
test_011733,towel
test_011734,yes
test_011735,refrigerator
test_011736,bed
test_011737,left
test_011738,yes
test_011739,window
test_011740,table
test_011741,table
test_011742,box
test_011743,left
test_011744,yes
test_011745,yes
test_011746,yes
test_011747,plant
test_011748,table
test_011749,cabinet
test_011750,right
test_011751,yes
test_011752,lamp
test_011753,table
test_011754,mirror
test_011755,left
test_011756,left
test_011757,window
test_011758,left
test_011759,door
test_011760,no
test_011761,mirror
test_011762,right
test_011763,yes
test_011764,telephone
test_011765,no
test_011766,table
test_011767,pillow
test_011768,monitor
test_011769,window
test_011770,desk
test_011771,bed
test_011772,right
test_011773,bed
test_011774,piano
test_011775,yes
test_011776,mirror
test_011777,clothes
test_011778,sofa
test_011779,yes
test_011780,yes
test_011781,chair
test_011782,yes
test_011783,trash can
test_011784,chair
test_011785,no
test_011786,bed
test_011787,trash can
test_011788,bed
test_011789,no
test_011790,left
test_011791,window
test_011792,right
test_011793,left
test_011794,bed
test_011795,yes
test_011796,left
test_011797,table
test_011798,right
test_011799,no
test_011800,door
test_011801,door
test_011802,chair
test_011803,nightstand
test_011804,chair
test_011805,table
test_011806,left
test_011807,chair
test_011808,left
test_011809,yes
test_011810,monitor
test_011811,stand
test_011812,yes
test_011813,trash can
test_011814,sofa
test_011815,door
test_011816,chair
test_011817,chair
test_011818,no
test_011819,clothes
test_011820,right
test_011821,chair
test_011822,chair
test_011823,pillow
test_011824,yes
test_011825,book
test_011826,no
test_011827,bed
test_011828,yes
test_011829,printer
test_011830,bookshelf
test_011831,right
test_011832,yes
test_011833,dresser
test_011834,no
test_011835,desk
test_011836,yes
test_011837,left
test_011838,right
test_011839,yes
test_011840,left
test_011841,left
test_011842,left
test_011843,chair
test_011844,left
test_011845,sofa
test_011846,no
test_011847,yes
test_011848,bed
test_011849,left
test_011850,no
test_011851,no
test_011852,yes
test_011853,tray
test_011854,curtain
test_011855,left
test_011856,bag
test_011857,box
test_011858,left
test_011859,box
test_011860,door
test_011861,table
test_011862,cup
test_011863,no
test_011864,toilet
test_011865,yes
test_011866,toy
test_011867,left
test_011868,trash can
test_011869,right
test_011870,oven
test_011871,window
test_011872,yes
test_011873,chair
test_011874,board
test_011875,sink
test_011876,left
test_011877,towel
test_011878,trash can
test_011879,chair
test_011880,stove
test_011881,chair
test_011882,door
test_011883,floor mat
test_011884,yes
test_011885,table
test_011886,door
test_011887,table
test_011888,towel
test_011889,right
test_011890,bed
test_011891,left
test_011892,window
test_011893,bed
test_011894,cabinet
test_011895,photo
test_011896,bed
test_011897,door
test_011898,bed
test_011899,left
test_011900,yes
test_011901,bag
test_011902,no
test_011903,box
test_011904,sink
test_011905,chair
test_011906,left
test_011907,right
test_011908,trash can
test_011909,trash
test_011910,chair
test_011911,counter
test_011912,printer
test_011913,left
test_011914,bag
test_011915,no
test_011916,curtain
test_011917,bookshelf
test_011918,right
test_011919,table
test_011920,chair
test_011921,whiteboard
test_011922,drawer
test_011923,left
test_011924,door
test_011925,chair
test_011926,bed
test_011927,yes
test_011928,left
test_011929,chair
test_011930,recycle bin
test_011931,no
test_011932,chair
test_011933,door
test_011934,right
test_011935,paper
test_011936,no
test_011937,plate
test_011938,chair
test_011939,refrigerator
test_011940,sink
test_011941,table
test_011942,coffee table
test_011943,chair
test_011944,right
test_011945,yes
test_011946,lamp
test_011947,left
test_011948,no
test_011949,no
test_011950,yes
test_011951,clothes
test_011952,yes
test_011953,shelf
test_011954,yes
test_011955,left
test_011956,bed
test_011957,no
test_011958,yes
test_011959,sofa
test_011960,right
test_011961,chair
test_011962,plant
test_011963,yes
test_011964,box
test_011965,counter
test_011966,toilet
test_011967,chair
test_011968,right
test_011969,left
test_011970,night stand
test_011971,yes
test_011972,right
test_011973,stool
test_011974,right
test_011975,no
test_011976,no
test_011977,desk
test_011978,chair
test_011979,left
test_011980,no
test_011981,drawer
test_011982,tray
test_011983,table
test_011984,shelf
test_011985,cabinet
test_011986,pillow
test_011987,chair
test_011988,yes
test_011989,table
test_011990,shelf
test_011991,no
test_011992,frame
test_011993,left
test_011994,left
test_011995,window
test_011996,trash can
test_011997,yes
test_011998,chair
test_011999,yes
test_012000,yes
test_012001,table
test_012002,left
test_012003,door
test_012004,yes
test_012005,yes
test_012006,sofa
test_012007,left
test_012008,right
test_012009,window
test_012010,door
test_012011,right
test_012012,yes
test_012013,bed
test_012014,chair
test_012015,bed
test_012016,yes
test_012017,chair
test_012018,mirror
test_012019,yes
test_012020,table
test_012021,table
test_012022,no
test_012023,right
test_012024,yes
test_012025,yes
test_012026,curtain
test_012027,chair
test_012028,yes
test_012029,whiteboard
test_012030,right
test_012031,right
test_012032,yes
test_012033,chair
test_012034,left
test_012035,bed
test_012036,tv
test_012037,bookshelf
test_012038,mirror
test_012039,yes
test_012040,mirror
test_012041,refrigerator
test_012042,clothes
test_012043,trash can
test_012044,chair
test_012045,right
test_012046,yes
test_012047,door
test_012048,yes
test_012049,left
test_012050,basket
test_012051,dishwasher
test_012052,yes
test_012053,picture
test_012054,whiteboard
test_012055,no
test_012056,no
test_012057,window
test_012058,chair
test_012059,vent
test_012060,chair
test_012061,monitor
test_012062,chair
test_012063,right
test_012064,chair
test_012065,refrigerator
test_012066,yes
test_012067,chair
test_012068,blanket
test_012069,yes
test_012070,dishwasher
test_012071,night stand
test_012072,no
test_012073,computer
test_012074,chair
test_012075,chair
test_012076,picture
test_012077,chair
test_012078,speaker
test_012079,left
test_012080,chair
test_012081,yes
test_012082,curtain
test_012083,cup
test_012084,box
test_012085,yes
test_012086,bed
test_012087,table
test_012088,yes
test_012089,yes
test_012090,no
test_012091,chair
test_012092,left
test_012093,whiteboard
test_012094,yes
test_012095,chair
test_012096,counter
test_012097,left
test_012098,box
test_012099,yes
test_012100,chair
test_012101,right
test_012102,monitor
test_012103,no
test_012104,window
test_012105,clothes
test_012106,desk
test_012107,table
test_012108,left
test_012109,no
test_012110,yes
test_012111,no
test_012112,chair
test_012113,yes
test_012114,ottoman
test_012115,right
test_012116,yes
test_012117,shelf
test_012118,book
test_012119,right
test_012120,right
test_012121,sofa
test_012122,yes
test_012123,table
test_012124,yes
test_012125,chair
test_012126,yes
test_012127,yes
test_012128,left
test_012129,toilet
test_012130,left
test_012131,monitor
test_012132,refrigerator
test_012133,sofa
test_012134,left
test_012135,stove
test_012136,shelf
test_012137,yes
test_012138,trash can
test_012139,carpet
test_012140,right
test_012141,chair
test_012142,right
test_012143,box
test_012144,left
test_012145,window
test_012146,lamp
test_012147,no
test_012148,left
test_012149,sink
test_012150,cabinet
test_012151,television
test_012152,left
test_012153,monitor
test_012154,chair
test_012155,chair
test_012156,no
test_012157,table
test_012158,no
test_012159,chair
test_012160,clothes
test_012161,window
test_012162,yes
test_012163,plate
test_012164,monitor
test_012165,right
test_012166,right
test_012167,left
test_012168,right
test_012169,no
test_012170,door
test_012171,chair
test_012172,right
test_012173,window
test_012174,chair
test_012175,trash can
test_012176,bed
test_012177,door
test_012178,right
test_012179,door
test_012180,left
test_012181,stand
test_012182,bowl
test_012183,left
test_012184,right
test_012185,no
test_012186,chair
test_012187,chair
test_012188,door
test_012189,paper
test_012190,bed
test_012191,left
test_012192,yes
test_012193,chair
test_012194,yes
test_012195,bed
test_012196,cupboard
test_012197,sofa
test_012198,sofa
test_012199,table
test_012200,bag
test_012201,box
test_012202,sink
test_012203,right
test_012204,bag
test_012205,yes
test_012206,cabinet
test_012207,chair
test_012208,file cabinet
test_012209,chair
test_012210,left
test_012211,no
test_012212,person
test_012213,chalkboard
test_012214,chair
test_012215,no
test_012216,left
test_012217,chair
test_012218,yes
test_012219,trash can
test_012220,book
test_012221,person
test_012222,basket
test_012223,television
test_012224,yes
test_012225,bed
test_012226,refrigerator
test_012227,paper towel
test_012228,toilet
test_012229,left
test_012230,desk
test_012231,stool
test_012232,chair
test_012233,door
test_012234,right
test_012235,right
test_012236,couch
test_012237,rug
test_012238,table
test_012239,lamp
test_012240,no
test_012241,window
test_012242,window
test_012243,trash can
test_012244,curtain
test_012245,mug
test_012246,right
test_012247,chair
test_012248,chair
test_012249,no
test_012250,left
test_012251,mirror
test_012252,rack
test_012253,table
test_012254,chair
test_012255,chair
test_012256,left
test_012257,chair
test_012258,curtain
test_012259,chair
test_012260,mirror
test_012261,chair
test_012262,chair
test_012263,yes
test_012264,chair
test_012265,yes
test_012266,no
test_012267,table
test_012268,left
test_012269,no
test_012270,left
test_012271,right
test_012272,right
test_012273,yes
test_012274,chair
test_012275,table
test_012276,yes
test_012277,left
test_012278,microwave
test_012279,right
test_012280,right
test_012281,left
test_012282,yes
test_012283,right
test_012284,chair
test_012285,blind
test_012286,book
test_012287,yes
test_012288,printer
test_012289,right
test_012290,bed
test_012291,trash can
test_012292,laptop
test_012293,yes
test_012294,table
test_012295,bed
test_012296,chair
test_012297,door
test_012298,printer
test_012299,table
test_012300,clothes
test_012301,keyboard
test_012302,no
test_012303,chair
test_012304,chair
test_012305,yes
test_012306,yes
test_012307,toilet
test_012308,plant
test_012309,light
test_012310,yes
test_012311,bottle
test_012312,left
test_012313,yes
test_012314,left
test_012315,left
test_012316,left
test_012317,bench
test_012318,bed
test_012319,window
test_012320,yes
test_012321,chair
test_012322,right
test_012323,pipe
test_012324,cloth
test_012325,rack
test_012326,right
test_012327,left
test_012328,yes
test_012329,chair
test_012330,bed
test_012331,mirror
test_012332,table
test_012333,yes
test_012334,box
test_012335,file cabinet
test_012336,bed
test_012337,yes
test_012338,right
test_012339,no
test_012340,yes
test_012341,door
test_012342,book
test_012343,yes
test_012344,desk
test_012345,chair
test_012346,left
test_012347,chair
test_012348,bottle
test_012349,yes
test_012350,yes
test_012351,door
test_012352,television
test_012353,keyboard
test_012354,left
test_012355,door
test_012356,left
test_012357,sofa
test_012358,cupboard
test_012359,no
test_012360,yes
test_012361,ottoman
test_012362,box
test_012363,no
test_012364,bed
test_012365,trash can
test_012366,yes
test_012367,yes
test_012368,chair
test_012369,left
test_012370,left
test_012371,chair
test_012372,bookshelf
test_012373,desk
test_012374,right
test_012375,person
test_012376,right
test_012377,left
test_012378,printer
test_012379,yes
test_012380,chair
test_012381,keyboard
test_012382,no
test_012383,left
test_012384,chair
test_012385,counter
test_012386,table
test_012387,bed
test_012388,chair
test_012389,chair
test_012390,no
test_012391,printer
test_012392,right
test_012393,yes
test_012394,chair
test_012395,left
test_012396,keyboard
test_012397,door
test_012398,yes
test_012399,left
test_012400,left
test_012401,left
test_012402,left
test_012403,chair
test_012404,chair
test_012405,yes
test_012406,desk
test_012407,book
test_012408,right
test_012409,laptop
test_012410,table
test_012411,yes
test_012412,table
test_012413,picture
test_012414,desk
test_012415,monitor
test_012416,chair
test_012417,right
test_012418,right
test_012419,left
test_012420,window
test_012421,bed
test_012422,lamp
test_012423,right
test_012424,mirror
test_012425,cabinet
test_012426,refrigerator
test_012427,right
test_012428,yes
test_012429,no
test_012430,no
test_012431,yes
test_012432,desk
test_012433,right
test_012434,right
test_012435,desk
test_012436,no
test_012437,left
test_012438,left
test_012439,headboard
test_012440,bookshelf
test_012441,door
test_012442,right
test_012443,door
test_012444,bed
test_012445,left
test_012446,right
test_012447,right
test_012448,desk
test_012449,chair
test_012450,chair
test_012451,chair
test_012452,yes
test_012453,monitor
test_012454,no
test_012455,no
test_012456,yes
test_012457,bottle
test_012458,right
test_012459,right
test_012460,left
test_012461,file cabinet
test_012462,yes
