question_id,image_id,sequence_id,sensor,scene_type,split,question_type,variant,template_id,question,question_paraphrased,answer,answer_type,answer_space,image_path,depth_path,source,evidence
test_012963,kv2/kinect2data/003147_2014-05-12_11-16-44_094959634447_rgbf000101-resize,scene:kv2/kinect2data/003147_2014-05-12_11-16-44_094959634447_rgbf000101-resize,kv2,classroom,test,identify_superlative,farthest_camera,5,What is the most distant visible object in the scene?,,door,object,,SUNRGBD/kv2/kinect2data/003147_2014-05-12_11-16-44_094959634447_rgbf000101-resize/image/0000101.jpg,SUNRGBD/kv2/kinect2data/003147_2014-05-12_11-16-44_094959634447_rgbf000101-resize/depth_bfx/0000101.png,rule,"{""winner_concept"": ""door"", ""winner_object_index"": 8, ""winner_area_frac"": 0.008879555440682347, ""winner_depth_m"": 5.796000003814697, ""runner_up_concept"": ""desk"", ""runner_up_area_frac"": 0.1223029206513311, ""runner_up_depth_m"": 3.244999885559082}"
test_007928,kv2/kinect2data/003387_2014-05-20_15-13-15_094959634447_rgbf002106-resize,scene:kv2/kinect2data/003387_2014-05-20_15-13-15_094959634447_rgbf002106-resize,kv2,classroom,test,identify_superlative,largest,3,What object is the biggest one visible here?,,chalkboard,object,,SUNRGBD/kv2/kinect2data/003387_2014-05-20_15-13-15_094959634447_rgbf002106-resize/image/0002106.jpg,SUNRGBD/kv2/kinect2data/003387_2014-05-20_15-13-15_094959634447_rgbf002106-resize/depth_bfx/0002106.png,rule,"{""winner_concept"": ""chalkboard"", ""winner_object_index"": 0, ""winner_area_frac"": 0.488504781597312, ""winner_depth_m"": 0.6940000057220459, ""runner_up_concept"": ""desk"", ""runner_up_area_frac"": 0.2410777978805893, ""runner_up_depth_m"": 1.0399999618530273}"
test_001298,kv2/kinect2data/000653_2014-06-08_17-09-24_260595134347_rgbf000091-resize,scene:kv2/kinect2data/000653_2014-06-08_17-09-24_260595134347_rgbf000091-resize,kv2,rest_space,test,identify_superlative,closest_camera,1,What is the nearest object to the camera?,,trash can,object,,SUNRGBD/kv2/kinect2data/000653_2014-06-08_17-09-24_260595134347_rgbf000091-resize/image/0000091.jpg,SUNRGBD/kv2/kinect2data/000653_2014-06-08_17-09-24_260595134347_rgbf000091-resize/depth_bfx/0000091.png,rule,"{""winner_concept"": ""trashcan"", ""winner_object_index"": 1, ""winner_area_frac"": 0.034211682605324374, ""winner_depth_m"": 1.6480000019073486, ""runner_up_concept"": ""sofa"", ""runner_up_area_frac"": 0.11377229258206255, ""runner_up_depth_m"": 2.302999973297119}"
test_011759,kv2/kinect2data/000957_2014-06-08_16-23-01_260595134347_rgbf000085-resize,scene:kv2/kinect2data/000957_2014-06-08_16-23-01_260595134347_rgbf000085-resize,kv2,office,test,identify_superlative,largest,3,What object is the biggest one visible here?,,file cabinet,object,,SUNRGBD/kv2/kinect2data/000957_2014-06-08_16-23-01_260595134347_rgbf000085-resize/image/0000085.jpg,SUNRGBD/kv2/kinect2data/000957_2014-06-08_16-23-01_260595134347_rgbf000085-resize/depth_bfx/0000085.png,rule,"{""winner_concept"": ""filecabinet"", ""winner_object_index"": 0, ""winner_area_frac"": 0.4237955544068235, ""winner_depth_m"": null, ""runner_up_concept"": ""window"", ""runner_up_area_frac"": 0.04672137503230809, ""runner_up_depth_m"": 3.6429998874664307}"
test_010570,kv2/kinect2data/003190_2014-05-12_22-12-20_094959634447_rgbf000101-resize,scene:kv2/kinect2data/003190_2014-05-12_22-12-20_094959634447_rgbf000101-resize,kv2,classroom,test,identify_superlative,largest,3,What object is the biggest one visible here?,,desk,object,,SUNRGBD/kv2/kinect2data/003190_2014-05-12_22-12-20_094959634447_rgbf000101-resize/image/0000101.jpg,SUNRGBD/kv2/kinect2data/003190_2014-05-12_22-12-20_094959634447_rgbf000101-resize/depth_bfx/0000101.png,rule,"{""winner_concept"": ""desk"", ""winner_object_index"": 14, ""winner_area_frac"": 0.23279271129490825, ""winner_depth_m"": 1.8009999990463257, ""runner_up_concept"": ""desk"", ""runner_up_area_frac"": 0.10163995864564487, ""runner_up_depth_m"": 1.7790000438690186}"
test_006326,kv2/kinect2data/003151_2014-05-12_11-27-24_094959634447_rgbf000100-resize,scene:kv2/kinect2data/003151_2014-05-12_11-27-24_094959634447_rgbf000100-resize,kv2,classroom,test,identify_superlative,farthest_camera,1,What is the most distant object from the camera?,,door,object,,SUNRGBD/kv2/kinect2data/003151_2014-05-12_11-27-24_094959634447_rgbf000100-resize/image/0000100.jpg,SUNRGBD/kv2/kinect2data/003151_2014-05-12_11-27-24_094959634447_rgbf000100-resize/depth_bfx/0000100.png,rule,"{""winner_concept"": ""door"", ""winner_object_index"": 2, ""winner_area_frac"": 0.013401395709485656, ""winner_depth_m"": 5.526000022888184, ""runner_up_concept"": ""board"", ""runner_up_area_frac"": 0.09666968208839494, ""runner_up_depth_m"": 3.6570000648498535}"
test_001241,kv2/kinect2data/003206_2014-05-12_22-28-18_094959634447_rgbf000402-resize,scene:kv2/kinect2data/003206_2014-05-12_22-28-18_094959634447_rgbf000402-resize,kv2,classroom,test,identify_superlative,closest_camera,5,What is the closest visible object to the camera?,,cloth,object,,SUNRGBD/kv2/kinect2data/003206_2014-05-12_22-28-18_094959634447_rgbf000402-resize/image/0000402.jpg,SUNRGBD/kv2/kinect2data/003206_2014-05-12_22-28-18_094959634447_rgbf000402-resize/depth_bfx/0000402.png,rule,"{""winner_concept"": ""cloth"", ""winner_object_index"": 4, ""winner_area_frac"": 0.04062031532695787, ""winner_depth_m"": 0.6520000100135803, ""runner_up_concept"": ""chair"", ""runner_up_area_frac"": 0.1655091754975446, ""runner_up_depth_m"": 1.0329999923706055}"
test_005174,kv2/kinect2data/000142_2014-05-20_17-13-59_260595134347_rgbf000121-resize,scene:kv2/kinect2data/000142_2014-05-20_17-13-59_260595134347_rgbf000121-resize,kv2,office,test,identify_superlative,closest_camera,5,What is the closest visible object to the camera?,,light,object,,SUNRGBD/kv2/kinect2data/000142_2014-05-20_17-13-59_260595134347_rgbf000121-resize/image/0000121.jpg,SUNRGBD/kv2/kinect2data/000142_2014-05-20_17-13-59_260595134347_rgbf000121-resize/depth_bfx/0000121.png,rule,"{""winner_concept"": ""light"", ""winner_object_index"": 4, ""winner_area_frac"": 0.02149780304988369, ""winner_depth_m"": 2.8239998817443848, ""runner_up_concept"": null, ""runner_up_area_frac"": null, ""runner_up_depth_m"": null}"
test_007411,kv2/kinect2data/000650_2014-06-08_17-07-44_260595134347_rgbf000148-resize,scene:kv2/kinect2data/000650_2014-06-08_17-07-44_260595134347_rgbf000148-resize,kv2,rest_space,test,identify_superlative,largest,4,Which object covers the most of the image?,,cupboard,object,,SUNRGBD/kv2/kinect2data/000650_2014-06-08_17-07-44_260595134347_rgbf000148-resize/image/0000148.jpg,SUNRGBD/kv2/kinect2data/000650_2014-06-08_17-07-44_260595134347_rgbf000148-resize/depth_bfx/0000148.png,rule,"{""winner_concept"": ""cupboard"", ""winner_object_index"": 4, ""winner_area_frac"": 0.05429826828637891, ""winner_depth_m"": 4.080999851226807, ""runner_up_concept"": ""window"", ""runner_up_area_frac"": 0.04090850348927372, ""runner_up_depth_m"": null}"
test_006916,kv2/kinect2data/002728_2014-06-22_11-49-41_094959634447_rgbf000030-resize,scene:kv2/kinect2data/002728_2014-06-22_11-49-41_094959634447_rgbf000030-resize,kv2,classroom,test,identify_superlative,largest,3,What object is the biggest one visible here?,,desk,object,,SUNRGBD/kv2/kinect2data/002728_2014-06-22_11-49-41_094959634447_rgbf000030-resize/image/0000030.jpg,SUNRGBD/kv2/kinect2data/002728_2014-06-22_11-49-41_094959634447_rgbf000030-resize/depth_bfx/0000030.png,rule,"{""winner_concept"": ""desk"", ""winner_object_index"": 13, ""winner_area_frac"": 0.17565908503489275, ""winner_depth_m"": 1.6469999551773071, ""runner_up_concept"": ""desk"", ""runner_up_area_frac"": 0.0736793888758077, ""runner_up_depth_m"": 2.065000057220459}"
test_010655,kv2/kinect2data/000809_2014-06-08_17-19-30_260595134347_rgbf000108-resize,scene:kv2/kinect2data/000809_2014-06-08_17-19-30_260595134347_rgbf000108-resize,kv2,bathroom,test,identify_superlative,farthest_camera,4,Which object is farthest away in this image?,,mirror,object,,SUNRGBD/kv2/kinect2data/000809_2014-06-08_17-19-30_260595134347_rgbf000108-resize/image/0000108.jpg,SUNRGBD/kv2/kinect2data/000809_2014-06-08_17-19-30_260595134347_rgbf000108-resize/depth_bfx/0000108.png,rule,"{""winner_concept"": ""mirror"", ""winner_object_index"": 35, ""winner_area_frac"": 0.1912341690359266, ""winner_depth_m"": 4.089000225067139, ""runner_up_concept"": ""window"", ""runner_up_area_frac"": 0.0436805376066167, ""runner_up_depth_m"": 2.7049999237060547}"
test_005564,kv2/kinect2data/001053_2014-06-08_18-25-24_260595134347_rgbf000119-resize,scene:kv2/kinect2data/001053_2014-06-08_18-25-24_260595134347_rgbf000119-resize,kv2,office,test,identify_superlative,farthest_camera,5,What is the most distant visible object in the scene?,,cabinet,object,,SUNRGBD/kv2/kinect2data/001053_2014-06-08_18-25-24_260595134347_rgbf000119-resize/image/0000119.jpg,SUNRGBD/kv2/kinect2data/001053_2014-06-08_18-25-24_260595134347_rgbf000119-resize/depth_bfx/0000119.png,rule,"{""winner_concept"": ""cabinet"", ""winner_object_index"": 5, ""winner_area_frac"": 0.014113466011889376, ""winner_depth_m"": 2.8350000381469727, ""runner_up_concept"": ""window"", ""runner_up_area_frac"": 0.20559705350219695, ""runner_up_depth_m"": 2.3459999561309814}"
test_002349,kv2/kinect2data/000047_2014-05-26_15-00-28_260595134347_rgbf000053-resize,scene:kv2/kinect2data/000047_2014-05-26_15-00-28_260595134347_rgbf000053-resize,kv2,furniture_store,test,identify_superlative,closest_camera,3,What object is nearest the viewer?,,bed frame,object,,SUNRGBD/kv2/kinect2data/000047_2014-05-26_15-00-28_260595134347_rgbf000053-resize/image/0000053.jpg,SUNRGBD/kv2/kinect2data/000047_2014-05-26_15-00-28_260595134347_rgbf000053-resize/depth_bfx/0000053.png,rule,"{""winner_concept"": ""bedframe"", ""winner_object_index"": 9, ""winner_area_frac"": 0.32073662445076245, ""winner_depth_m"": 1.781000018119812, ""runner_up_concept"": ""mattress"", ""runner_up_area_frac"": 0.053083484104419744, ""runner_up_depth_m"": 2.2709999084472656}"
test_010844,kv2/kinect2data/001219_2014-06-17_16-20-25_260595134347_rgbf000111-resize,scene:kv2/kinect2data/001219_2014-06-17_16-20-25_260595134347_rgbf000111-resize,kv2,rest_space,test,identify_superlative,closest_camera,4,Which object is closest to us in this image?,,cushion,object,,SUNRGBD/kv2/kinect2data/001219_2014-06-17_16-20-25_260595134347_rgbf000111-resize/image/0000111.jpg,SUNRGBD/kv2/kinect2data/001219_2014-06-17_16-20-25_260595134347_rgbf000111-resize/depth_bfx/0000111.png,rule,"{""winner_concept"": ""cushion"", ""winner_object_index"": 12, ""winner_area_frac"": 0.03162703540966658, ""winner_depth_m"": 1.2309999465942383, ""runner_up_concept"": ""chair"", ""runner_up_area_frac"": 0.19829413285086586, ""runner_up_depth_m"": 1.5}"
test_011614,kv2/kinect2data/002974_2014-06-08_18-20-19_094959634447_rgbf000151-resize,scene:kv2/kinect2data/002974_2014-06-08_18-20-19_094959634447_rgbf000151-resize,kv2,furniture_store,test,identify_superlative,farthest_camera,1,What is the most distant object from the camera?,,shelf,object,,SUNRGBD/kv2/kinect2data/002974_2014-06-08_18-20-19_094959634447_rgbf000151-resize/image/0000151.jpg,SUNRGBD/kv2/kinect2data/002974_2014-06-08_18-20-19_094959634447_rgbf000151-resize/depth_bfx/0000151.png,rule,"{""winner_concept"": ""shelf"", ""winner_object_index"": 2, ""winner_area_frac"": 0.12758335487205996, ""winner_depth_m"": 4.172999858856201, ""runner_up_concept"": ""mattress"", ""runner_up_area_frac"": 0.021355647454122512, ""runner_up_depth_m"": 3.4110000133514404}"
test_000967,kv2/kinect2data/002831_2014-06-22_20-36-26_094959634447_rgbf000082-resize,scene:kv2/kinect2data/002831_2014-06-22_20-36-26_094959634447_rgbf000082-resize,kv2,kitchen,test,identify_superlative,largest,2,Which item occupies the biggest area in the picture?,,cabinet,object,,SUNRGBD/kv2/kinect2data/002831_2014-06-22_20-36-26_094959634447_rgbf000082-resize/image/0000082.jpg,SUNRGBD/kv2/kinect2data/002831_2014-06-22_20-36-26_094959634447_rgbf000082-resize/depth_bfx/0000082.png,rule,"{""winner_concept"": ""cabinet"", ""winner_object_index"": 3, ""winner_area_frac"": 0.27633431387537816, ""winner_depth_m"": null, ""runner_up_concept"": ""window"", ""runner_up_area_frac"": 0.10210777978805893, ""runner_up_depth_m"": 1.5570000410079956}"
test_001216,kv2/kinect2data/000141_2014-05-20_17-12-29_260595134347_rgbf000050-resize,scene:kv2/kinect2data/000141_2014-05-20_17-12-29_260595134347_rgbf000050-resize,kv2,office,test,identify_superlative,farthest_camera,3,What object is farthest from the viewer?,,table,object,,SUNRGBD/kv2/kinect2data/000141_2014-05-20_17-12-29_260595134347_rgbf000050-resize/image/0000050.jpg,SUNRGBD/kv2/kinect2data/000141_2014-05-20_17-12-29_260595134347_rgbf000050-resize/depth_bfx/0000050.png,rule,"{""winner_concept"": ""table"", ""winner_object_index"": 6, ""winner_area_frac"": 0.013198500904626518, ""winner_depth_m"": 4.474999904632568, ""runner_up_concept"": ""shelf"", ""runner_up_area_frac"": 0.008316102352028948, ""runner_up_depth_m"": 3.2219998836517334}"
test_005065,kv2/kinect2data/003324_2014-05-15_18-49-11_094959634447_rgbf000100-resize,scene:kv2/kinect2data/003324_2014-05-15_18-49-11_094959634447_rgbf000100-resize,kv2,study_space,test,identify_superlative,largest,4,Which object covers the most of the image?,,table,object,,SUNRGBD/kv2/kinect2data/003324_2014-05-15_18-49-11_094959634447_rgbf000100-resize/image/0000100.jpg,SUNRGBD/kv2/kinect2data/003324_2014-05-15_18-49-11_094959634447_rgbf000100-resize/depth_bfx/0000100.png,rule,"{""winner_concept"": ""table"", ""winner_object_index"": 7, ""winner_area_frac"": 0.09799014942271905, ""winner_depth_m"": 1.559000015258789, ""runner_up_concept"": ""chair"", ""runner_up_area_frac"": 0.05341173429826829, ""runner_up_depth_m"": 1.6050000190734863}"
test_010053,kv2/kinect2data/000982_2014-06-08_16-50-59_260595134347_rgbf000073-resize,scene:kv2/kinect2data/000982_2014-06-08_16-50-59_260595134347_rgbf000073-resize,kv2,rest_space,test,identify_superlative,largest,5,What is the largest visible object in the scene?,,carpet,object,,SUNRGBD/kv2/kinect2data/000982_2014-06-08_16-50-59_260595134347_rgbf000073-resize/image/0000073.jpg,SUNRGBD/kv2/kinect2data/000982_2014-06-08_16-50-59_260595134347_rgbf000073-resize/depth_bfx/0000073.png,rule,"{""winner_concept"": ""carpet"", ""winner_object_index"": 7, ""winner_area_frac"": 0.24796200568622384, ""winner_depth_m"": 2.4010000228881836, ""runner_up_concept"": ""window"", ""runner_up_area_frac"": 0.060659085034892736, ""runner_up_depth_m"": 1.2869999408721924}"
test_005224,kv2/kinect2data/001203_2014-06-17_16-05-27_260595134347_rgbf000098-resize,scene:kv2/kinect2data/001203_2014-06-17_16-05-27_260595134347_rgbf000098-resize,kv2,rest_space,test,identify_superlative,closest_camera,4,Which object is closest to us in this image?,,table,object,,SUNRGBD/kv2/kinect2data/001203_2014-06-17_16-05-27_260595134347_rgbf000098-resize/image/0000098.jpg,SUNRGBD/kv2/kinect2data/001203_2014-06-17_16-05-27_260595134347_rgbf000098-resize/depth_bfx/0000098.png,rule,"{""winner_concept"": ""table"", ""winner_object_index"": 13, ""winner_area_frac"": 0.03625355388989403, ""winner_depth_m"": 1.1399999856948853, ""runner_up_concept"": ""armchair"", ""runner_up_area_frac"": 0.12765314034634273, ""runner_up_depth_m"": 1.659999966621399}"
test_000852,kv2/kinect2data/000876_2014-06-09_21-01-50_260595134347_rgbf000179-resize,scene:kv2/kinect2data/000876_2014-06-09_21-01-50_260595134347_rgbf000179-resize,kv2,dining_area,test,identify_superlative,farthest_camera,4,Which object is farthest away in this image?,,window,object,,SUNRGBD/kv2/kinect2data/000876_2014-06-09_21-01-50_260595134347_rgbf000179-resize/image/0000179.jpg,SUNRGBD/kv2/kinect2data/000876_2014-06-09_21-01-50_260595134347_rgbf000179-resize/depth_bfx/0000179.png,rule,"{""winner_concept"": ""window"", ""winner_object_index"": 10, ""winner_area_frac"": 0.028584905660377358, ""winner_depth_m"": 3.312999963760376, ""runner_up_concept"": null, ""runner_up_area_frac"": null, ""runner_up_depth_m"": null}"
test_009073,kv2/kinect2data/000558_2014-06-09_22-44-10_260595134347_rgbf000161-resize,scene:kv2/kinect2data/000558_2014-06-09_22-44-10_260595134347_rgbf000161-resize,kv2,rest_space,test,identify_superlative,farthest_camera,2,Which item is farthest from where the picture was taken?,,refrigerator,object,,SUNRGBD/kv2/kinect2data/000558_2014-06-09_22-44-10_260595134347_rgbf000161-resize/image/0000161.jpg,SUNRGBD/kv2/kinect2data/000558_2014-06-09_22-44-10_260595134347_rgbf000161-resize/depth_bfx/0000161.png,rule,"{""winner_concept"": ""refrigerator"", ""winner_object_index"": 31, ""winner_area_frac"": 0.005740501421555958, ""winner_depth_m"": 7.558000087738037, ""runner_up_concept"": null, ""runner_up_area_frac"": null, ""runner_up_depth_m"": null}"
test_013859,kv2/kinect2data/003490_2014-05-21_15-50-11_094959634447_rgbf000101-resize,scene:kv2/kinect2data/003490_2014-05-21_15-50-11_094959634447_rgbf000101-resize,kv2,dining_area,test,identify_superlative,closest_camera,3,What object is nearest the viewer?,,chair,object,,SUNRGBD/kv2/kinect2data/003490_2014-05-21_15-50-11_094959634447_rgbf000101-resize/image/0000101.jpg,SUNRGBD/kv2/kinect2data/003490_2014-05-21_15-50-11_094959634447_rgbf000101-resize/depth_bfx/0000101.png,rule,"{""winner_concept"": ""chair"", ""winner_object_index"": 33, ""winner_area_frac"": 0.030861979839751873, ""winner_depth_m"": 0.9269999861717224, ""runner_up_concept"": ""chair"", ""runner_up_area_frac"": 0.06813776169552856, ""runner_up_depth_m"": 1.3609999418258667}"
test_007302,kv2/kinect2data/001817_2014-06-26_20-53-30_260595134347_rgbf000038-resize,scene:kv2/kinect2data/001817_2014-06-26_20-53-30_260595134347_rgbf000038-resize,kv2,furniture_store,test,identify_superlative,closest_camera,0,Which object is closest to the camera?,,sofa,object,,SUNRGBD/kv2/kinect2data/001817_2014-06-26_20-53-30_260595134347_rgbf000038-resize/image/0000038.jpg,SUNRGBD/kv2/kinect2data/001817_2014-06-26_20-53-30_260595134347_rgbf000038-resize/depth_bfx/0000038.png,rule,"{""winner_concept"": ""sofa"", ""winner_object_index"": 28, ""winner_area_frac"": 0.005160248126130783, ""winner_depth_m"": 3.0859999656677246, ""runner_up_concept"": null, ""runner_up_area_frac"": null, ""runner_up_depth_m"": null}"
test_011745,kv2/kinect2data/003272_2014-05-14_15-57-28_094959634447_rgbf001031-resize,scene:kv2/kinect2data/003272_2014-05-14_15-57-28_094959634447_rgbf001031-resize,kv2,classroom,test,identify_superlative,closest_camera,0,Which object is closest to the camera?,,table,object,,SUNRGBD/kv2/kinect2data/003272_2014-05-14_15-57-28_094959634447_rgbf001031-resize/image/0001031.jpg,SUNRGBD/kv2/kinect2data/003272_2014-05-14_15-57-28_094959634447_rgbf001031-resize/depth_bfx/0001031.png,rule,"{""winner_concept"": ""table"", ""winner_object_index"": 0, ""winner_area_frac"": 0.16119539932799173, ""winner_depth_m"": 1.875, ""runner_up_concept"": ""desk"", ""runner_up_area_frac"": 0.05055626283116181, ""runner_up_depth_m"": 3.8910000324249268}"
test_014086,kv2/kinect2data/001799_2014-06-26_20-47-47_260595134347_rgbf000036-resize,scene:kv2/kinect2data/001799_2014-06-26_20-47-47_260595134347_rgbf000036-resize,kv2,furniture_store,test,identify_superlative,farthest_camera,4,Which object is farthest away in this image?,,lamp,object,,SUNRGBD/kv2/kinect2data/001799_2014-06-26_20-47-47_260595134347_rgbf000036-resize/image/0000036.jpg,SUNRGBD/kv2/kinect2data/001799_2014-06-26_20-47-47_260595134347_rgbf000036-resize/depth_bfx/0000036.png,rule,"{""winner_concept"": ""lamp"", ""winner_object_index"": 9, ""winner_area_frac"": 0.006877746187645387, ""winner_depth_m"": 2.9790000915527344, ""runner_up_concept"": ""dresser"", ""runner_up_area_frac"": 0.06944817782372706, ""runner_up_depth_m"": 2.4560000896453857}"
test_002563,kv2/kinect2data/002821_2014-06-22_20-12-32_094959634447_rgbf000080-resize,scene:kv2/kinect2data/002821_2014-06-22_20-12-32_094959634447_rgbf000080-resize,kv2,bathroom,test,identify_superlative,farthest_camera,5,What is the most distant visible object in the scene?,,mirror,object,,SUNRGBD/kv2/kinect2data/002821_2014-06-22_20-12-32_094959634447_rgbf000080-resize/image/0000080.jpg,SUNRGBD/kv2/kinect2data/002821_2014-06-22_20-12-32_094959634447_rgbf000080-resize/depth_bfx/0000080.png,rule,"{""winner_concept"": ""mirror"", ""winner_object_index"": 0, ""winner_area_frac"": 0.2753269578702507, ""winner_depth_m"": 3.888000011444092, ""runner_up_concept"": ""window"", ""runner_up_area_frac"": 0.02836004135435513, ""runner_up_depth_m"": 2.8310000896453857}"
test_009820,kv2/kinect2data/001895_2014-06-22_13-56-33_260595134347_rgbf000032-resize,scene:kv2/kinect2data/001895_2014-06-22_13-56-33_260595134347_rgbf000032-resize,kv2,furniture_store,test,identify_superlative,largest,3,What object is the biggest one visible here?,,bed,object,,SUNRGBD/kv2/kinect2data/001895_2014-06-22_13-56-33_260595134347_rgbf000032-resize/image/0000032.jpg,SUNRGBD/kv2/kinect2data/001895_2014-06-22_13-56-33_260595134347_rgbf000032-resize/depth_bfx/0000032.png,rule,"{""winner_concept"": ""bed"", ""winner_object_index"": 0, ""winner_area_frac"": 0.5949793228224347, ""winner_depth_m"": 1.3480000495910645, ""runner_up_concept"": ""dresser"", ""runner_up_area_frac"": 0.20234963839322725, ""runner_up_depth_m"": null}"
test_010255,kv2/kinect2data/001141_2014-06-17_15-23-42_260595134347_rgbf000106-resize,scene:kv2/kinect2data/001141_2014-06-17_15-23-42_260595134347_rgbf000106-resize,kv2,library,test,identify_superlative,closest_camera,2,Which item is closest to where the picture was taken from?,,chair,object,,SUNRGBD/kv2/kinect2data/001141_2014-06-17_15-23-42_260595134347_rgbf000106-resize/image/0000106.jpg,SUNRGBD/kv2/kinect2data/001141_2014-06-17_15-23-42_260595134347_rgbf000106-resize/depth_bfx/0000106.png,rule,"{""winner_concept"": ""chair"", ""winner_object_index"": 0, ""winner_area_frac"": 0.07985525975704316, ""winner_depth_m"": 1.6410000324249268, ""runner_up_concept"": ""computer"", ""runner_up_area_frac"": 0.010148617213750323, ""runner_up_depth_m"": 2.058000087738037}"
test_007740,kv2/kinect2data/003460_2014-05-21_13-10-28_094959634447_rgbf003816-resize,scene:kv2/kinect2data/003460_2014-05-21_13-10-28_094959634447_rgbf003816-resize,kv2,classroom,test,identify_superlative,largest,1,What is the largest object in this room?,,board,object,,SUNRGBD/kv2/kinect2data/003460_2014-05-21_13-10-28_094959634447_rgbf003816-resize/image/0003816.jpg,SUNRGBD/kv2/kinect2data/003460_2014-05-21_13-10-28_094959634447_rgbf003816-resize/depth_bfx/0003816.png,rule,"{""winner_concept"": ""board"", ""winner_object_index"": 1, ""winner_area_frac"": 0.25185319203928663, ""winner_depth_m"": 3.0260000228881836, ""runner_up_concept"": ""board"", ""runner_up_area_frac"": 0.1253347118118377, ""runner_up_depth_m"": 3.2339999675750732}"
test_007123,kv2/kinect2data/003099_2014-06-24_21-04-53_094959634447_rgbf000076-resize,scene:kv2/kinect2data/003099_2014-06-24_21-04-53_094959634447_rgbf000076-resize,kv2,bedroom,test,identify_superlative,largest,5,What is the largest visible object in the scene?,,bed,object,,SUNRGBD/kv2/kinect2data/003099_2014-06-24_21-04-53_094959634447_rgbf000076-resize/image/0000076.jpg,SUNRGBD/kv2/kinect2data/003099_2014-06-24_21-04-53_094959634447_rgbf000076-resize/depth_bfx/0000076.png,rule,"{""winner_concept"": ""bed"", ""winner_object_index"": 5, ""winner_area_frac"": 0.6423727061256138, ""winner_depth_m"": 1.6330000162124634, ""runner_up_concept"": ""desk"", ""runner_up_area_frac"": 0.08337167226673559, ""runner_up_depth_m"": 2.4779999256134033}"
test_011170,kv2/kinect2data/003347_2014-05-20_11-29-33_094959634447_rgbf000100-resize,scene:kv2/kinect2data/003347_2014-05-20_11-29-33_094959634447_rgbf000100-resize,kv2,classroom,test,identify_superlative,largest,3,What object is the biggest one visible here?,,chair,object,,SUNRGBD/kv2/kinect2data/003347_2014-05-20_11-29-33_094959634447_rgbf000100-resize/image/0000100.jpg,SUNRGBD/kv2/kinect2data/003347_2014-05-20_11-29-33_094959634447_rgbf000100-resize/depth_bfx/0000100.png,rule,"{""winner_concept"": ""chair"", ""winner_object_index"": 27, ""winner_area_frac"": 0.1192033071557241, ""winner_depth_m"": null, ""runner_up_concept"": ""chair"", ""runner_up_area_frac"": 0.07199405531144999, ""runner_up_depth_m"": 1.8839999437332153}"
test_002837,kv2/kinect2data/003375_2014-05-20_14-28-42_094959634447_rgbf000100-resize,scene:kv2/kinect2data/003375_2014-05-20_14-28-42_094959634447_rgbf000100-resize,kv2,reception,test,identify_superlative,largest,2,Which item occupies the biggest area in the picture?,,stand,object,,SUNRGBD/kv2/kinect2data/003375_2014-05-20_14-28-42_094959634447_rgbf000100-resize/image/0000100.jpg,SUNRGBD/kv2/kinect2data/003375_2014-05-20_14-28-42_094959634447_rgbf000100-resize/depth_bfx/0000100.png,rule,"{""winner_concept"": ""stand"", ""winner_object_index"": 10, ""winner_area_frac"": 0.02348927371413802, ""winner_depth_m"": 2.328000068664551, ""runner_up_concept"": null, ""runner_up_area_frac"": null, ""runner_up_depth_m"": null}"
test_013415,kv2/kinect2data/000978_2014-06-08_16-49-11_260595134347_rgbf000059-resize,scene:kv2/kinect2data/000978_2014-06-08_16-49-11_260595134347_rgbf000059-resize,kv2,corridor,test,identify_superlative,closest_camera,0,Which object is closest to the camera?,,shelf,object,,SUNRGBD/kv2/kinect2data/000978_2014-06-08_16-49-11_260595134347_rgbf000059-resize/image/0000059.jpg,SUNRGBD/kv2/kinect2data/000978_2014-06-08_16-49-11_260595134347_rgbf000059-resize/depth_bfx/0000059.png,rule,"{""winner_concept"": ""shelf"", ""winner_object_index"": 2, ""winner_area_frac"": 0.006965624192297752, ""winner_depth_m"": 1.312000036239624, ""runner_up_concept"": ""filecabinet"", ""runner_up_area_frac"": 0.39625488217086885, ""runner_up_depth_m"": 1.8600000143051147}"
test_007275,kv2/kinect2data/000432_2014-06-09_22-26-55_260595134347_rgbf000109-resize,scene:kv2/kinect2data/000432_2014-06-09_22-26-55_260595134347_rgbf000109-resize,kv2,kitchen,test,identify_superlative,largest,1,What is the largest object in this room?,,cabinet,object,,SUNRGBD/kv2/kinect2data/000432_2014-06-09_22-26-55_260595134347_rgbf000109-resize/image/0000109.jpg,SUNRGBD/kv2/kinect2data/000432_2014-06-09_22-26-55_260595134347_rgbf000109-resize/depth_bfx/0000109.png,rule,"{""winner_concept"": ""cabinet"", ""winner_object_index"": 21, ""winner_area_frac"": 0.2194365469113466, ""winner_depth_m"": 1.5720000267028809, ""runner_up_concept"": ""trashcan"", ""runner_up_area_frac"": 0.08268157146549496, ""runner_up_depth_m"": 1.0260000228881836}"
test_010991,kv2/kinect2data/003486_2014-05-21_15-31-17_094959634447_rgbf000101-resize,scene:kv2/kinect2data/003486_2014-05-21_15-31-17_094959634447_rgbf000101-resize,kv2,classroom,test,identify_superlative,farthest_camera,2,Which item is farthest from where the picture was taken?,,chair,object,,SUNRGBD/kv2/kinect2data/003486_2014-05-21_15-31-17_094959634447_rgbf000101-resize/image/0000101.jpg,SUNRGBD/kv2/kinect2data/003486_2014-05-21_15-31-17_094959634447_rgbf000101-resize/depth_bfx/0000101.png,rule,"{""winner_concept"": ""chair"", ""winner_object_index"": 3, ""winner_area_frac"": 0.020015507883173946, ""winner_depth_m"": 2.2200000286102295, ""runner_up_concept"": ""chair"", ""runner_up_area_frac"": 0.024939260790902043, ""runner_up_depth_m"": 1.6339999437332153}"
test_005835,kv2/kinect2data/003457_2014-05-21_12-52-39_094959634447_rgbf000101-resize,scene:kv2/kinect2data/003457_2014-05-21_12-52-39_094959634447_rgbf000101-resize,kv2,classroom,test,identify_superlative,farthest_camera,0,Which object is farthest from the camera?,,table,object,,SUNRGBD/kv2/kinect2data/003457_2014-05-21_12-52-39_094959634447_rgbf000101-resize/image/0000101.jpg,SUNRGBD/kv2/kinect2data/003457_2014-05-21_12-52-39_094959634447_rgbf000101-resize/depth_bfx/0000101.png,rule,"{""winner_concept"": ""table"", ""winner_object_index"": 6, ""winner_area_frac"": 0.013646937193073146, ""winner_depth_m"": 2.546999931335449, ""runner_up_concept"": ""table"", ""runner_up_area_frac"": 0.04178340656500388, ""runner_up_depth_m"": 1.7619999647140503}"
test_012834,kv2/kinect2data/001193_2014-06-17_15-58-30_260595134347_rgbf000069-resize,scene:kv2/kinect2data/001193_2014-06-17_15-58-30_260595134347_rgbf000069-resize,kv2,printer_room,test,identify_superlative,largest,1,What is the largest object in this room?,,door,object,,SUNRGBD/kv2/kinect2data/001193_2014-06-17_15-58-30_260595134347_rgbf000069-resize/image/0000069.jpg,SUNRGBD/kv2/kinect2data/001193_2014-06-17_15-58-30_260595134347_rgbf000069-resize/depth_bfx/0000069.png,rule,"{""winner_concept"": ""door"", ""winner_object_index"": 16, ""winner_area_frac"": 0.08040966658051175, ""winner_depth_m"": 2.372999906539917, ""runner_up_concept"": ""trashcan"", ""runner_up_area_frac"": 0.01680279141897131, ""runner_up_depth_m"": 2.513000011444092}"
test_009718,kv2/kinect2data/001758_2014-06-26_19-53-49_260595134347_rgbf000035-resize,scene:kv2/kinect2data/001758_2014-06-26_19-53-49_260595134347_rgbf000035-resize,kv2,furniture_store,test,identify_superlative,farthest_camera,1,What is the most distant object from the camera?,,clock,object,,SUNRGBD/kv2/kinect2data/001758_2014-06-26_19-53-49_260595134347_rgbf000035-resize/image/0000035.jpg,SUNRGBD/kv2/kinect2data/001758_2014-06-26_19-53-49_260595134347_rgbf000035-resize/depth_bfx/0000035.png,rule,"{""winner_concept"": ""clock"", ""winner_object_index"": 1, ""winner_area_frac"": 0.0051705867149134145, ""winner_depth_m"": 4.958000183105469, ""runner_up_concept"": ""dresser"", ""runner_up_area_frac"": 0.016128198500904627, ""runner_up_depth_m"": 3.9790000915527344}"
test_003492,kv2/kinect2data/000264_2014-06-02_14-54-29_260595134347_rgbf000033-resize,scene:kv2/kinect2data/000264_2014-06-02_14-54-29_260595134347_rgbf000033-resize,kv2,furniture_store,test,identify_superlative,closest_camera,3,What object is nearest the viewer?,,drawer,object,,SUNRGBD/kv2/kinect2data/000264_2014-06-02_14-54-29_260595134347_rgbf000033-resize/image/0000033.jpg,SUNRGBD/kv2/kinect2data/000264_2014-06-02_14-54-29_260595134347_rgbf000033-resize/depth_bfx/0000033.png,rule,"{""winner_concept"": ""drawer"", ""winner_object_index"": 21, ""winner_area_frac"": 0.031303954510209356, ""winner_depth_m"": 1.274999976158142, ""runner_up_concept"": ""rug"", ""runner_up_area_frac"": 0.11913802016024813, ""runner_up_depth_m"": 2.127000093460083}"
test_006232,kv2/align_kv2/2014-12-18_12-25-01_260595134347,scene:kv2/align_kv2/2014-12-18_12-25-01_260595134347,kv2,office,test,identify_superlative,largest,5,What is the largest visible object in the scene?,,shelf,object,,SUNRGBD/kv2/align_kv2/2014-12-18_12-25-01_260595134347/image/0000082.jpg,SUNRGBD/kv2/align_kv2/2014-12-18_12-25-01_260595134347/depth_bfx/0000082.png,rule,"{""winner_concept"": ""shelf"", ""winner_object_index"": 0, ""winner_area_frac"": 0.3667808219178082, ""winner_depth_m"": 1.9450000524520874, ""runner_up_concept"": ""door"", ""runner_up_area_frac"": 0.1998345825794779, ""runner_up_depth_m"": 1.75600004196167}"
test_005931,kv2/kinect2data/002700_2014-06-22_11-27-02_094959634447_rgbf000124-resize,scene:kv2/kinect2data/002700_2014-06-22_11-27-02_094959634447_rgbf000124-resize,kv2,dining_area,test,identify_superlative,farthest_camera,2,Which item is farthest from where the picture was taken?,,tray,object,,SUNRGBD/kv2/kinect2data/002700_2014-06-22_11-27-02_094959634447_rgbf000124-resize/image/0000124.jpg,SUNRGBD/kv2/kinect2data/002700_2014-06-22_11-27-02_094959634447_rgbf000124-resize/depth_bfx/0000124.png,rule,"{""winner_concept"": ""tray"", ""winner_object_index"": 3, ""winner_area_frac"": 0.01609976738175239, ""winner_depth_m"": 4.85099983215332, ""runner_up_concept"": ""table"", ""runner_up_area_frac"": 0.01612561385370897, ""runner_up_depth_m"": 2.3340001106262207}"
test_010973,kv2/kinect2data/000404_2014-06-04_19-34-11_260595134347_rgbf006501-resize,scene:kv2/kinect2data/000404_2014-06-04_19-34-11_260595134347_rgbf006501-resize,kv2,bathroom,test,identify_superlative,largest,3,What object is the biggest one visible here?,,mirror,object,,SUNRGBD/kv2/kinect2data/000404_2014-06-04_19-34-11_260595134347_rgbf006501-resize/image/0006501.jpg,SUNRGBD/kv2/kinect2data/000404_2014-06-04_19-34-11_260595134347_rgbf006501-resize/depth_bfx/0006501.png,rule,"{""winner_concept"": ""mirror"", ""winner_object_index"": 3, ""winner_area_frac"": 0.2903502196950116, ""winner_depth_m"": 2.5869998931884766, ""runner_up_concept"": ""door"", ""runner_up_area_frac"": 0.035174463685706904, ""runner_up_depth_m"": 2.0209999084472656}"
test_009014,kv2/kinect2data/002987_2014-06-08_18-48-20_094959634447_rgbf000022-resize,scene:kv2/kinect2data/002987_2014-06-08_18-48-20_094959634447_rgbf000022-resize,kv2,furniture_store,test,identify_superlative,closest_camera,3,What object is nearest the viewer?,,bed,object,,SUNRGBD/kv2/kinect2data/002987_2014-06-08_18-48-20_094959634447_rgbf000022-resize/image/0000022.jpg,SUNRGBD/kv2/kinect2data/002987_2014-06-08_18-48-20_094959634447_rgbf000022-resize/depth_bfx/0000022.png,rule,"{""winner_concept"": ""bed"", ""winner_object_index"": 1, ""winner_area_frac"": 0.6081949562401756, ""winner_depth_m"": 1.4010000228881836, ""runner_up_concept"": ""curtain"", ""runner_up_area_frac"": 0.16649263375549236, ""runner_up_depth_m"": 2.3310000896453857}"
test_010042,kv2/kinect2data/003215_2014-05-13_11-46-49_094959634447_rgbf000100-resize,scene:kv2/kinect2data/003215_2014-05-13_11-46-49_094959634447_rgbf000100-resize,kv2,classroom,test,identify_superlative,closest_camera,1,What is the nearest object to the camera?,,desk,object,,SUNRGBD/kv2/kinect2data/003215_2014-05-13_11-46-49_094959634447_rgbf000100-resize/image/0000100.jpg,SUNRGBD/kv2/kinect2data/003215_2014-05-13_11-46-49_094959634447_rgbf000100-resize/depth_bfx/0000100.png,rule,"{""winner_concept"": ""desk"", ""winner_object_index"": 2, ""winner_area_frac"": 0.07636469371930732, ""winner_depth_m"": 0.8339999914169312, ""runner_up_concept"": ""desk"", ""runner_up_area_frac"": 0.10944042388214009, ""runner_up_depth_m"": 1.621999979019165}"
test_011694,kv2/kinect2data/002966_2014-06-08_17-47-42_094959634447_rgbf000055-resize,scene:kv2/kinect2data/002966_2014-06-08_17-47-42_094959634447_rgbf000055-resize,kv2,furniture_store,test,identify_superlative,closest_camera,2,Which item is closest to where the picture was taken from?,,rack,object,,SUNRGBD/kv2/kinect2data/002966_2014-06-08_17-47-42_094959634447_rgbf000055-resize/image/0000055.jpg,SUNRGBD/kv2/kinect2data/002966_2014-06-08_17-47-42_094959634447_rgbf000055-resize/depth_bfx/0000055.png,rule,"{""winner_concept"": ""rack"", ""winner_object_index"": 4, ""winner_area_frac"": 0.07559188420780563, ""winner_depth_m"": 1.690000057220459, ""runner_up_concept"": null, ""runner_up_area_frac"": null, ""runner_up_depth_m"": null}"
test_013735,kv2/kinect2data/001195_2014-06-17_16-00-46_260595134347_rgbf000142-resize,scene:kv2/kinect2data/001195_2014-06-17_16-00-46_260595134347_rgbf000142-resize,kv2,rest_space,test,identify_superlative,largest,3,What object is the biggest one visible here?,,sofa,object,,SUNRGBD/kv2/kinect2data/001195_2014-06-17_16-00-46_260595134347_rgbf000142-resize/image/0000142.jpg,SUNRGBD/kv2/kinect2data/001195_2014-06-17_16-00-46_260595134347_rgbf000142-resize/depth_bfx/0000142.png,rule,"{""winner_concept"": ""sofa"", ""winner_object_index"": 0, ""winner_area_frac"": 0.4267304212974929, ""winner_depth_m"": 2.2090001106262207, ""runner_up_concept"": ""pillow"", ""runner_up_area_frac"": 0.09944976090586642, ""runner_up_depth_m"": null}"
test_001743,kv2/align_kv2/2014-12-18_13-48-19_260595134347,scene:kv2/align_kv2/2014-12-18_13-48-19_260595134347,kv2,office,test,identify_superlative,largest,2,Which item occupies the biggest area in the picture?,,shelf,object,,SUNRGBD/kv2/align_kv2/2014-12-18_13-48-19_260595134347/image/0000246.jpg,SUNRGBD/kv2/align_kv2/2014-12-18_13-48-19_260595134347/depth_bfx/0000246.png,rule,"{""winner_concept"": ""shelf"", ""winner_object_index"": 5, ""winner_area_frac"": 0.24359782889635564, ""winner_depth_m"": 2.2090001106262207, ""runner_up_concept"": ""shelf"", ""runner_up_area_frac"": 0.1826079090204187, ""runner_up_depth_m"": 2.1080000400543213}"
test_012158,kv2/kinect2data/000507_2014-06-08_23-21-39_260595134347_rgbf000115-resize,scene:kv2/kinect2data/000507_2014-06-08_23-21-39_260595134347_rgbf000115-resize,kv2,rest_space,test,identify_superlative,largest,0,Which object takes up the most space in the image?,,sofa,object,,SUNRGBD/kv2/kinect2data/000507_2014-06-08_23-21-39_260595134347_rgbf000115-resize/image/0000115.jpg,SUNRGBD/kv2/kinect2data/000507_2014-06-08_23-21-39_260595134347_rgbf000115-resize/depth_bfx/0000115.png,rule,"{""winner_concept"": ""sofa"", ""winner_object_index"": 7, ""winner_area_frac"": 0.24995671300561814, ""winner_depth_m"": null, ""runner_up_concept"": ""filecabinet"", ""runner_up_area_frac"": 0.14046813161310345, ""runner_up_depth_m"": null}"
test_006452,kv2/kinect2data/003489_2014-05-21_15-49-49_094959634447_rgbf000101-resize,scene:kv2/kinect2data/003489_2014-05-21_15-49-49_094959634447_rgbf000101-resize,kv2,dining_area,test,identify_superlative,farthest_camera,3,What object is farthest from the viewer?,,window,object,,SUNRGBD/kv2/kinect2data/003489_2014-05-21_15-49-49_094959634447_rgbf000101-resize/image/0000101.jpg,SUNRGBD/kv2/kinect2data/003489_2014-05-21_15-49-49_094959634447_rgbf000101-resize/depth_bfx/0000101.png,rule,"{""winner_concept"": ""window"", ""winner_object_index"": 11, ""winner_area_frac"": 0.005301111398294133, ""winner_depth_m"": 5.671999931335449, ""runner_up_concept"": ""chair"", ""runner_up_area_frac"": 0.010262341690359266, ""runner_up_depth_m"": 3.239000082015991}"
test_012533,kv2/kinect2data/000737_2014-06-08_18-25-43_260595134347_rgbf000122-resize,scene:kv2/kinect2data/000737_2014-06-08_18-25-43_260595134347_rgbf000122-resize,kv2,office,test,identify_superlative,closest_camera,2,Which item is closest to where the picture was taken from?,,shelf,object,,SUNRGBD/kv2/kinect2data/000737_2014-06-08_18-25-43_260595134347_rgbf000122-resize/image/0000122.jpg,SUNRGBD/kv2/kinect2data/000737_2014-06-08_18-25-43_260595134347_rgbf000122-resize/depth_bfx/0000122.png,rule,"{""winner_concept"": ""shelf"", ""winner_object_index"": 8, ""winner_area_frac"": 0.017958128715430344, ""winner_depth_m"": 1.3489999771118164, ""runner_up_concept"": null, ""runner_up_area_frac"": null, ""runner_up_depth_m"": null}"
test_004092,kv2/kinect2data/000525_2014-06-08_13-55-25_260595134347_rgbf000218-resize,scene:kv2/kinect2data/000525_2014-06-08_13-55-25_260595134347_rgbf000218-resize,kv2,rest_space,test,identify_superlative,largest,5,What is the largest visible object in the scene?,,sofa,object,,SUNRGBD/kv2/kinect2data/000525_2014-06-08_13-55-25_260595134347_rgbf000218-resize/image/0000218.jpg,SUNRGBD/kv2/kinect2data/000525_2014-06-08_13-55-25_260595134347_rgbf000218-resize/depth_bfx/0000218.png,rule,"{""winner_concept"": ""sofa"", ""winner_object_index"": 4, ""winner_area_frac"": 0.23047982827910587, ""winner_depth_m"": 2.2829999923706055, ""runner_up_concept"": ""sofa"", ""runner_up_area_frac"": 0.07475058154561902, ""runner_up_depth_m"": 3.2339999675750732}"
test_002816,kv2/kinect2data/002764_2014-06-22_19-13-43_094959634447_rgbf000068-resize,scene:kv2/kinect2data/002764_2014-06-22_19-13-43_094959634447_rgbf000068-resize,kv2,bedroom,test,identify_superlative,largest,5,What is the largest visible object in the scene?,,bed,object,,SUNRGBD/kv2/kinect2data/002764_2014-06-22_19-13-43_094959634447_rgbf000068-resize/image/0000068.jpg,SUNRGBD/kv2/kinect2data/002764_2014-06-22_19-13-43_094959634447_rgbf000068-resize/depth_bfx/0000068.png,rule,"{""winner_concept"": ""bed"", ""winner_object_index"": 5, ""winner_area_frac"": 0.39347247350736625, ""winner_depth_m"": 1.406999945640564, ""runner_up_concept"": ""desk"", ""runner_up_area_frac"": 0.20662832773326442, ""runner_up_depth_m"": 2.134000062942505}"
test_006180,kv2/kinect2data/000134_2014-05-20_17-02-34_260595134347_rgbf000101-resize,scene:kv2/kinect2data/000134_2014-05-20_17-02-34_260595134347_rgbf000101-resize,kv2,study_space,test,identify_superlative,farthest_camera,1,What is the most distant object from the camera?,,whiteboard,object,,SUNRGBD/kv2/kinect2data/000134_2014-05-20_17-02-34_260595134347_rgbf000101-resize/image/0000101.jpg,SUNRGBD/kv2/kinect2data/000134_2014-05-20_17-02-34_260595134347_rgbf000101-resize/depth_bfx/0000101.png,rule,"{""winner_concept"": ""whiteboard"", ""winner_object_index"": 15, ""winner_area_frac"": 0.11936417678986819, ""winner_depth_m"": 4.943999767303467, ""runner_up_concept"": ""chair"", ""runner_up_area_frac"": 0.009879813905401913, ""runner_up_depth_m"": 3.4779999256134033}"
test_009009,kv2/kinect2data/002819_2014-06-22_20-11-53_094959634447_rgbf000043-resize,scene:kv2/kinect2data/002819_2014-06-22_20-11-53_094959634447_rgbf000043-resize,kv2,kitchen,test,identify_superlative,largest,1,What is the largest object in this room?,,drawer,object,,SUNRGBD/kv2/kinect2data/002819_2014-06-22_20-11-53_094959634447_rgbf000043-resize/image/0000043.jpg,SUNRGBD/kv2/kinect2data/002819_2014-06-22_20-11-53_094959634447_rgbf000043-resize/depth_bfx/0000043.png,rule,"{""winner_concept"": ""drawer"", ""winner_object_index"": 0, ""winner_area_frac"": 0.6638226932023779, ""winner_depth_m"": null, ""runner_up_concept"": ""microwave"", ""runner_up_area_frac"": 0.06492762987852158, ""runner_up_depth_m"": null}"
test_007146,xtion/sun3ddata/mit_36_ti_lab/tian_lab_1/0001304-000043691124,sun3d:mit_36_ti_lab/tian_lab_1,xtion,lab,test,identify_superlative,closest_camera,5,What is the closest visible object to the camera?,,shelf,object,,SUNRGBD/xtion/sun3ddata/mit_36_ti_lab/tian_lab_1/0001304-000043691124/image/0001304-000043691124.jpg,SUNRGBD/xtion/sun3ddata/mit_36_ti_lab/tian_lab_1/0001304-000043691124/depth_bfx/0001310-000043680349.png,rule,"{""winner_concept"": ""shelf"", ""winner_object_index"": 1, ""winner_area_frac"": 0.3768143467200755, ""winner_depth_m"": 1.6759999990463257, ""runner_up_concept"": ""machine"", ""runner_up_area_frac"": 0.10278708211993201, ""runner_up_depth_m"": 2.6480000019073486}"
test_009309,xtion/sun3ddata/mit_ne47_2biolab/ne47_floor2/0023231-000778842356,sun3d:mit_ne47_2biolab/ne47_floor2,xtion,lab,test,identify_superlative,closest_camera,4,Which object is closest to us in this image?,,container,object,,SUNRGBD/xtion/sun3ddata/mit_ne47_2biolab/ne47_floor2/0023231-000778842356/image/0023231-000778842356.jpg,SUNRGBD/xtion/sun3ddata/mit_ne47_2biolab/ne47_floor2/0023231-000778842356/depth_bfx/0023337-000778838295.png,rule,"{""winner_concept"": ""container"", ""winner_object_index"": 34, ""winner_area_frac"": 0.010887039530984419, ""winner_depth_m"": 2.197999954223633, ""runner_up_concept"": null, ""runner_up_area_frac"": null, ""runner_up_depth_m"": null}"
test_004859,xtion/sun3ddata/mit_46_6conf/bcs_floor6_conf_1/0002770-000093140964,sun3d:mit_46_6conf/bcs_floor6_conf_1,xtion,office_kitchen,test,identify_superlative,closest_camera,1,What is the nearest object to the camera?,,refrigerator,object,,SUNRGBD/xtion/sun3ddata/mit_46_6conf/bcs_floor6_conf_1/0002770-000093140964/image/0002770-000093140964.jpg,SUNRGBD/xtion/sun3ddata/mit_46_6conf/bcs_floor6_conf_1/0002770-000093140964/depth_bfx/0002783-000093153256.png,rule,"{""winner_concept"": ""refrigerator"", ""winner_object_index"": 0, ""winner_area_frac"": 0.5284943080447069, ""winner_depth_m"": 1.0950000286102295, ""runner_up_concept"": ""door"", ""runner_up_area_frac"": 0.21715183535343072, ""runner_up_depth_m"": 2.941999912261963}"
test_001069,xtion/sun3ddata/mit_32_g442/g442_1/0000568-000019049178,sun3d:mit_32_g442/g442_1,xtion,office,test,identify_superlative,closest_camera,1,What is the nearest object to the camera?,,paper,object,,SUNRGBD/xtion/sun3ddata/mit_32_g442/g442_1/0000568-000019049178/image/0000568-000019049178.jpg,SUNRGBD/xtion/sun3ddata/mit_32_g442/g442_1/0000568-000019049178/depth_bfx/0000572-000019053842.png,rule,"{""winner_concept"": ""paper"", ""winner_object_index"": 7, ""winner_area_frac"": 0.014474486918286773, ""winner_depth_m"": 2.0999999046325684, ""runner_up_concept"": ""desk"", ""runner_up_area_frac"": 0.038654265992917186, ""runner_up_depth_m"": 2.9010000228881836}"
test_010517,xtion/sun3ddata/mit_dorm_masseeh_md/dorm_masseeh_md_scan1_oct_26_2012_erika/0000723-000032847826,sun3d:mit_dorm_masseeh_md/dorm_masseeh_md_scan1_oct_26_2012_erika,xtion,bedroom,test,identify_superlative,largest,3,What object is the biggest one visible here?,,blanket,object,,SUNRGBD/xtion/sun3ddata/mit_dorm_masseeh_md/dorm_masseeh_md_scan1_oct_26_2012_erika/0000723-000032847826/image/0000723-000032847826.jpg,SUNRGBD/xtion/sun3ddata/mit_dorm_masseeh_md/dorm_masseeh_md_scan1_oct_26_2012_erika/0000723-000032847826/depth_bfx/0000723-000032835342.png,rule,"{""winner_concept"": ""blanket"", ""winner_object_index"": 8, ""winner_area_frac"": 0.2594031408389639, ""winner_depth_m"": 1.815000057220459, ""runner_up_concept"": ""poster"", ""runner_up_area_frac"": 0.1100406321581086, ""runner_up_depth_m"": null}"
test_010938,xtion/sun3ddata/mit_46_5conf_1/bcs_floor5_conf_1/0002145-000072092916,sun3d:mit_46_5conf_1/bcs_floor5_conf_1,xtion,classroom,test,identify_superlative,largest,4,Which object covers the most of the image?,,door,object,,SUNRGBD/xtion/sun3ddata/mit_46_5conf_1/bcs_floor5_conf_1/0002145-000072092916/image/0002145-000072092916.jpg,SUNRGBD/xtion/sun3ddata/mit_46_5conf_1/bcs_floor5_conf_1/0002145-000072092916/depth_bfx/0002155-000072103310.png,rule,"{""winner_concept"": ""door"", ""winner_object_index"": 0, ""winner_area_frac"": 0.3912082599537277, ""winner_depth_m"": null, ""runner_up_concept"": ""chair"", ""runner_up_area_frac"": 0.13682373896123762, ""runner_up_depth_m"": null}"
test_007770,xtion/sun3ddata/mit_32_g882/g882_1/0001452-000048930499,sun3d:mit_32_g882/g882_1,xtion,rest_space,test,identify_superlative,largest,4,Which object covers the most of the image?,,sofa,object,,SUNRGBD/xtion/sun3ddata/mit_32_g882/g882_1/0001452-000048930499/image/0001452-000048930499.jpg,SUNRGBD/xtion/sun3ddata/mit_32_g882/g882_1/0001452-000048930499/depth_bfx/0001458-000048919320.png,rule,"{""winner_concept"": ""sofa"", ""winner_object_index"": 0, ""winner_area_frac"": 0.09501747681588146, ""winner_depth_m"": 2.63100004196167, ""runner_up_concept"": ""window"", ""runner_up_area_frac"": 0.045798466030518244, ""runner_up_depth_m"": 3.059000015258789}"
test_012053,xtion/sun3ddata/mit_dorm_mcc_eflr6/dorm_mcc_eflr6_oct_31_2012_scan1_erika/0009287-000409141047,sun3d:mit_dorm_mcc_eflr6/dorm_mcc_eflr6_oct_31_2012_scan1_erika,xtion,dining_room,test,identify_superlative,closest_camera,1,What is the nearest object to the camera?,,table,object,,SUNRGBD/xtion/sun3ddata/mit_dorm_mcc_eflr6/dorm_mcc_eflr6_oct_31_2012_scan1_erika/0009287-000409141047/image/0009287-000409141047.jpg,SUNRGBD/xtion/sun3ddata/mit_dorm_mcc_eflr6/dorm_mcc_eflr6_oct_31_2012_scan1_erika/0009287-000409141047/depth_bfx/0009256-000409140375.png,rule,"{""winner_concept"": ""table"", ""winner_object_index"": 10, ""winner_area_frac"": 0.24614109603232157, ""winner_depth_m"": 1.0, ""runner_up_concept"": ""cabinet"", ""runner_up_area_frac"": 0.053113405542702136, ""runner_up_depth_m"": 3.6989998817443848}"
test_007732,xtion/xtion_align_data/2014_12_18_12_6_3,scene:xtion/xtion_align_data/2014_12_18_12_6_3,xtion,idk,test,identify_superlative,closest_camera,0,Which object is closest to the camera?,,trash can,object,,SUNRGBD/xtion/xtion_align_data/2014_12_18_12_6_3/image/0000038.jpg,SUNRGBD/xtion/xtion_align_data/2014_12_18_12_6_3/depth_bfx/0000038.png,rule,"{""winner_concept"": ""trashcan"", ""winner_object_index"": 0, ""winner_area_frac"": 0.15602326661064878, ""winner_depth_m"": 1.4179999828338623, ""runner_up_concept"": ""trashcan"", ""runner_up_area_frac"": 0.04684784235183075, ""runner_up_depth_m"": 1.7580000162124634}"
test_003364,xtion/sun3ddata/mit_w85_playroom/westgate_playroom_1/0003797-000127237776,sun3d:mit_w85_playroom/westgate_playroom_1,xtion,recreation_room,test,identify_superlative,largest,2,Which item occupies the biggest area in the picture?,,toy,object,,SUNRGBD/xtion/sun3ddata/mit_w85_playroom/westgate_playroom_1/0003797-000127237776/image/0003797-000127237776.jpg,SUNRGBD/xtion/sun3ddata/mit_w85_playroom/westgate_playroom_1/0003797-000127237776/depth_bfx/0003814-000127236950.png,rule,"{""winner_concept"": ""toy"", ""winner_object_index"": 12, ""winner_area_frac"": 0.18130183588244983, ""winner_depth_m"": null, ""runner_up_concept"": ""cabinet"", ""runner_up_area_frac"": 0.057589081882047796, ""runner_up_depth_m"": null}"
test_007583,xtion/sun3ddata/mit_lab_16/lab_16_nov_2_2012_scan1_erika/0008769-000375580296,sun3d:mit_lab_16/lab_16_nov_2_2012_scan1_erika,xtion,lab,test,identify_superlative,largest,4,Which object covers the most of the image?,,window,object,,SUNRGBD/xtion/sun3ddata/mit_lab_16/lab_16_nov_2_2012_scan1_erika/0008769-000375580296/image/0008769-000375580296.jpg,SUNRGBD/xtion/sun3ddata/mit_lab_16/lab_16_nov_2_2012_scan1_erika/0008769-000375580296/depth_bfx/0008777-000375588707.png,rule,"{""winner_concept"": ""window"", ""winner_object_index"": 12, ""winner_area_frac"": 0.10738361898622957, ""winner_depth_m"": null, ""runner_up_concept"": ""trashcan"", ""runner_up_area_frac"": 0.06893270562596161, ""runner_up_depth_m"": 2.3450000286102295}"
test_012803,xtion/sun3ddata/mit_ne47_2corridor/ne47_floor2_corridor/0000369-000012334092,sun3d:mit_ne47_2corridor/ne47_floor2_corridor,xtion,corridor,test,identify_superlative,largest,2,Which item occupies the biggest area in the picture?,,door,object,,SUNRGBD/xtion/sun3ddata/mit_ne47_2corridor/ne47_floor2_corridor/0000369-000012334092/image/0000369-000012334092.jpg,SUNRGBD/xtion/sun3ddata/mit_ne47_2corridor/ne47_floor2_corridor/0000369-000012334092/depth_bfx/0000371-000012346623.png,rule,"{""winner_concept"": ""door"", ""winner_object_index"": 2, ""winner_area_frac"": 0.480679581477261, ""winner_depth_m"": null, ""runner_up_concept"": ""sign"", ""runner_up_area_frac"": 0.008243455306544502, ""runner_up_depth_m"": 2.2300000190734863}"
test_011977,xtion/sun3ddata/mit_w85j/j1/0002344-000078595020,sun3d:mit_w85j/j1,xtion,bedroom,test,identify_superlative,largest,3,What object is the biggest one visible here?,,bed,object,,SUNRGBD/xtion/sun3ddata/mit_w85j/j1/0002344-000078595020/image/0002344-000078595020.jpg,SUNRGBD/xtion/sun3ddata/mit_w85j/j1/0002344-000078595020/depth_bfx/0002356-000078604533.png,rule,"{""winner_concept"": ""bed"", ""winner_object_index"": 1, ""winner_area_frac"": 0.2814151041127111, ""winner_depth_m"": 1.4910000562667847, ""runner_up_concept"": ""shelf"", ""runner_up_area_frac"": 0.1571743192482859, ""runner_up_depth_m"": 2.065000057220459}"
test_003712,xtion/sun3ddata/mit_36_ti_lab/tian_lab_1/0000517-000017314032,sun3d:mit_36_ti_lab/tian_lab_1,xtion,lab,test,identify_superlative,closest_camera,2,Which item is closest to where the picture was taken from?,,table,object,,SUNRGBD/xtion/sun3ddata/mit_36_ti_lab/tian_lab_1/0000517-000017314032/image/0000517-000017314032.jpg,SUNRGBD/xtion/sun3ddata/mit_36_ti_lab/tian_lab_1/0000517-000017314032/depth_bfx/0000520-000017318641.png,rule,"{""winner_concept"": ""table"", ""winner_object_index"": 5, ""winner_area_frac"": 0.2912546857434457, ""winner_depth_m"": 0.8920000195503235, ""runner_up_concept"": ""box"", ""runner_up_area_frac"": 0.006033434242281233, ""runner_up_depth_m"": 1.125}"
test_006528,xtion/sun3ddata/mit_lab_hj/lab_hj_work_nov_2_2012_scan1_erika/0004947-000199587780,sun3d:mit_lab_hj/lab_hj_work_nov_2_2012_scan1_erika,xtion,office,test,identify_superlative,largest,3,What object is the biggest one visible here?,,cabinet,object,,SUNRGBD/xtion/sun3ddata/mit_lab_hj/lab_hj_work_nov_2_2012_scan1_erika/0004947-000199587780/image/0004947-000199587780.jpg,SUNRGBD/xtion/sun3ddata/mit_lab_hj/lab_hj_work_nov_2_2012_scan1_erika/0004947-000199587780/depth_bfx/0004948-000199585163.png,rule,"{""winner_concept"": ""cabinet"", ""winner_object_index"": 7, ""winner_area_frac"": 0.2953121462911166, ""winner_depth_m"": null, ""runner_up_concept"": ""door"", ""runner_up_area_frac"": 0.1354961612394535, ""runner_up_depth_m"": 2.4590001106262207}"
test_008609,xtion/sun3ddata/mit_ne47_huge_office/ne47_floor2_office_2/0002695-000090305228,sun3d:mit_ne47_huge_office/ne47_floor2_office_2,xtion,office,test,identify_superlative,closest_camera,1,What is the nearest object to the camera?,,television,object,,SUNRGBD/xtion/sun3ddata/mit_ne47_huge_office/ne47_floor2_office_2/0002695-000090305228/image/0002695-000090305228.jpg,SUNRGBD/xtion/sun3ddata/mit_ne47_huge_office/ne47_floor2_office_2/0002695-000090305228/depth_bfx/0002707-000090297191.png,rule,"{""winner_concept"": ""television"", ""winner_object_index"": 1, ""winner_area_frac"": 0.1259366690838772, ""winner_depth_m"": 1.2100000381469727, ""runner_up_concept"": ""table"", ""runner_up_area_frac"": 0.15136342184928117, ""runner_up_depth_m"": 1.4859999418258667}"
test_003044,xtion/sun3ddata/mit_76_studyroom/76-1studyroom1/0001382-000046285596,sun3d:mit_76_studyroom/76-1studyroom1,xtion,rest_space,test,identify_superlative,farthest_camera,4,Which object is farthest away in this image?,,sofa,object,,SUNRGBD/xtion/sun3ddata/mit_76_studyroom/76-1studyroom1/0001382-000046285596/image/0001382-000046285596.jpg,SUNRGBD/xtion/sun3ddata/mit_76_studyroom/76-1studyroom1/0001382-000046285596/depth_bfx/0001387-000046273510.png,rule,"{""winner_concept"": ""sofa"", ""winner_object_index"": 2, ""winner_area_frac"": 0.24436667311073137, ""winner_depth_m"": 1.4119999408721924, ""runner_up_concept"": ""table"", ""runner_up_area_frac"": 0.2235574432818813, ""runner_up_depth_m"": 1.1139999628067017}"
test_006100,xtion/xtion_align_data/2014_12_18_13_49_42,scene:xtion/xtion_align_data/2014_12_18_13_49_42,xtion,office_kitchen,test,identify_superlative,largest,4,Which object covers the most of the image?,,refrigerator,object,,SUNRGBD/xtion/xtion_align_data/2014_12_18_13_49_42/image/0000076.jpg,SUNRGBD/xtion/xtion_align_data/2014_12_18_13_49_42/depth_bfx/0000076.png,rule,"{""winner_concept"": ""refrigerator"", ""winner_object_index"": 0, ""winner_area_frac"": 0.2597925803146978, ""winner_depth_m"": 2.075000047683716, ""runner_up_concept"": ""window"", ""runner_up_area_frac"": 0.10628052687516067, ""runner_up_depth_m"": 2.3540000915527344}"
test_005822,xtion/sun3ddata/mit_32_g631/g631_1/0004949-000165860473,sun3d:mit_32_g631/g631_1,xtion,conference_room,test,identify_superlative,largest,4,Which object covers the most of the image?,,desk,object,,SUNRGBD/xtion/sun3ddata/mit_32_g631/g631_1/0004949-000165860473/image/0004949-000165860473.jpg,SUNRGBD/xtion/sun3ddata/mit_32_g631/g631_1/0004949-000165860473/depth_bfx/0004970-000165845172.png,rule,"{""winner_concept"": ""desk"", ""winner_object_index"": 1, ""winner_area_frac"": 0.20767790582566922, ""winner_depth_m"": 1.3020000457763672, ""runner_up_concept"": ""chair"", ""runner_up_area_frac"": 0.13610046387421296, ""runner_up_depth_m"": 1.430999994277954}"
test_007728,xtion/sun3ddata/mit_ne47_huge_office/ne47_floor2_office_2/0005230-000175268288,sun3d:mit_ne47_huge_office/ne47_floor2_office_2,xtion,office,test,identify_superlative,closest_camera,5,What is the closest visible object to the camera?,,chair,object,,SUNRGBD/xtion/sun3ddata/mit_ne47_huge_office/ne47_floor2_office_2/0005230-000175268288/image/0005230-000175268288.jpg,SUNRGBD/xtion/sun3ddata/mit_ne47_huge_office/ne47_floor2_office_2/0005230-000175268288/depth_bfx/0005253-000175255301.png,rule,"{""winner_concept"": ""chair"", ""winner_object_index"": 0, ""winner_area_frac"": 0.1014959847447157, ""winner_depth_m"": 1.2970000505447388, ""runner_up_concept"": ""trashcan"", ""runner_up_area_frac"": 0.012586760592561898, ""runner_up_depth_m"": 2.0369999408721924}"
test_001867,xtion/xtion_align_data/2014_12_18_11_44_53,scene:xtion/xtion_align_data/2014_12_18_11_44_53,xtion,bathroom,test,identify_superlative,largest,4,Which object covers the most of the image?,,toilet,object,,SUNRGBD/xtion/xtion_align_data/2014_12_18_11_44_53/image/0000043.jpg,SUNRGBD/xtion/xtion_align_data/2014_12_18_11_44_53/depth_bfx/0000043.png,rule,"{""winner_concept"": ""toilet"", ""winner_object_index"": 4, ""winner_area_frac"": 0.0524860818551899, ""winner_depth_m"": 1.5420000553131104, ""runner_up_concept"": ""sign"", ""runner_up_area_frac"": 0.026479965928841925, ""runner_up_depth_m"": 1.4700000286102295}"
test_001943,xtion/sun3ddata/mit_76_417/76-417a/0006334-000212290344,sun3d:mit_76_417/76-417a,xtion,lab,test,identify_superlative,largest,3,What object is the biggest one visible here?,,shelf,object,,SUNRGBD/xtion/sun3ddata/mit_76_417/76-417a/0006334-000212290344/image/0006334-000212290344.jpg,SUNRGBD/xtion/sun3ddata/mit_76_417/76-417a/0006334-000212290344/depth_bfx/0006363-000212305411.png,rule,"{""winner_concept"": ""shelf"", ""winner_object_index"": 24, ""winner_area_frac"": 0.455895499767871, ""winner_depth_m"": 1.7879999876022339, ""runner_up_concept"": ""cabinet"", ""runner_up_area_frac"": 0.104843629499177, ""runner_up_depth_m"": 1.3020000457763672}"
test_000559,xtion/sun3ddata/mit_dorm_mcc_nk/dorm_mcc_nk_oct_31_2012_scan1_erika/0003118-000141940260,sun3d:mit_dorm_mcc_nk/dorm_mcc_nk_oct_31_2012_scan1_erika,xtion,bedroom,test,identify_superlative,farthest_camera,0,Which object is farthest from the camera?,,window,object,,SUNRGBD/xtion/sun3ddata/mit_dorm_mcc_nk/dorm_mcc_nk_oct_31_2012_scan1_erika/0003118-000141940260/image/0003118-000141940260.jpg,SUNRGBD/xtion/sun3ddata/mit_dorm_mcc_nk/dorm_mcc_nk_oct_31_2012_scan1_erika/0003118-000141940260/depth_bfx/0003119-000141939650.png,rule,"{""winner_concept"": ""window"", ""winner_object_index"": 7, ""winner_area_frac"": 0.02574137381969144, ""winner_depth_m"": 1.6180000305175781, ""runner_up_concept"": ""mat"", ""runner_up_area_frac"": 0.027086186984664144, ""runner_up_depth_m"": 1.190999984741211}"
test_001660,xtion/sun3ddata/mit_32_lounge_d4_bill/d4_lounge_vision_1/0004807-000161245476,sun3d:mit_32_lounge_d4_bill/d4_lounge_vision_1,xtion,idk,test,identify_superlative,farthest_camera,5,What is the most distant visible object in the scene?,,shelf,object,,SUNRGBD/xtion/sun3ddata/mit_32_lounge_d4_bill/d4_lounge_vision_1/0004807-000161245476/image/0004807-000161245476.jpg,SUNRGBD/xtion/sun3ddata/mit_32_lounge_d4_bill/d4_lounge_vision_1/0004807-000161245476/depth_bfx/0004827-000161259088.png,rule,"{""winner_concept"": ""shelf"", ""winner_object_index"": 6, ""winner_area_frac"": 0.16040110347579528, ""winner_depth_m"": 2.553999900817871, ""runner_up_concept"": ""window"", ""runner_up_area_frac"": 0.09732725577540662, ""runner_up_depth_m"": 1.8730000257492065}"
test_009015,xtion/sun3ddata/mit_w85j/j1/0003067-000102827088,sun3d:mit_w85j/j1,xtion,bedroom,test,identify_superlative,farthest_camera,3,What object is farthest from the viewer?,,mirror,object,,SUNRGBD/xtion/sun3ddata/mit_w85j/j1/0003067-000102827088/image/0003067-000102827088.jpg,SUNRGBD/xtion/sun3ddata/mit_w85j/j1/0003067-000102827088/depth_bfx/0003082-000102830609.png,rule,"{""winner_concept"": ""mirror"", ""winner_object_index"": 0, ""winner_area_frac"": 0.033656779124509366, ""winner_depth_m"": 2.6619999408721924, ""runner_up_concept"": ""shelf"", ""runner_up_area_frac"": 0.38100417832107464, ""runner_up_depth_m"": 1.3650000095367432}"
test_004094,xtion/xtion_align_data/2014_12_18_12_10_3,scene:xtion/xtion_align_data/2014_12_18_12_10_3,xtion,idk,test,identify_superlative,largest,4,Which object covers the most of the image?,,window,object,,SUNRGBD/xtion/xtion_align_data/2014_12_18_12_10_3/image/0000089.jpg,SUNRGBD/xtion/xtion_align_data/2014_12_18_12_10_3/depth_bfx/0000089.png,rule,"{""winner_concept"": ""window"", ""winner_object_index"": 2, ""winner_area_frac"": 0.6808706562151087, ""winner_depth_m"": 2.009000062942505, ""runner_up_concept"": ""table"", ""runner_up_area_frac"": 0.279408435681097, ""runner_up_depth_m"": 1.9049999713897705}"
test_000809,xtion/sun3ddata/mit_76_4kitchen/76-4kitchen1/0001124-000037809096,sun3d:mit_76_4kitchen/76-4kitchen1,xtion,dining_area,test,identify_superlative,largest,2,Which item occupies the biggest area in the picture?,,whiteboard,object,,SUNRGBD/xtion/sun3ddata/mit_76_4kitchen/76-4kitchen1/0001124-000037809096/image/0001124-000037809096.jpg,SUNRGBD/xtion/sun3ddata/mit_76_4kitchen/76-4kitchen1/0001124-000037809096/depth_bfx/0001129-000037807360.png,rule,"{""winner_concept"": ""whiteboard"", ""winner_object_index"": 2, ""winner_area_frac"": 0.35336932291247014, ""winner_depth_m"": 3.990999937057495, ""runner_up_concept"": ""chair"", ""runner_up_area_frac"": 0.04055578655836384, ""runner_up_depth_m"": null}"
test_003315,xtion/sun3ddata/mit_76_4lounge/76-4lounge/0000801-000026835123,sun3d:mit_76_4lounge/76-4lounge,xtion,rest_space,test,identify_superlative,farthest_camera,1,What is the most distant object from the camera?,,whiteboard,object,,SUNRGBD/xtion/sun3ddata/mit_76_4lounge/76-4lounge/0000801-000026835123/image/0000801-000026835123.jpg,SUNRGBD/xtion/sun3ddata/mit_76_4lounge/76-4lounge/0000801-000026835123/depth_bfx/0000805-000026828877.png,rule,"{""winner_concept"": ""whiteboard"", ""winner_object_index"": 6, ""winner_area_frac"": 0.028584473834655125, ""winner_depth_m"": 4.980999946594238, ""runner_up_concept"": ""sofa"", ""runner_up_area_frac"": 0.016907044825826553, ""runner_up_depth_m"": 3.933000087738037}"
test_006216,xtion/sun3ddata/mit_32_g5_lounge/g5_lounge_1/0001353-000045349274,sun3d:mit_32_g5_lounge/g5_lounge_1,xtion,classroom,test,identify_superlative,farthest_camera,2,Which item is farthest from where the picture was taken?,,window,object,,SUNRGBD/xtion/sun3ddata/mit_32_g5_lounge/g5_lounge_1/0001353-000045349274/image/0001353-000045349274.jpg,SUNRGBD/xtion/sun3ddata/mit_32_g5_lounge/g5_lounge_1/0001353-000045349274/depth_bfx/0001360-000045348811.png,rule,"{""winner_concept"": ""window"", ""winner_object_index"": 3, ""winner_area_frac"": 0.08956148731348151, ""winner_depth_m"": 2.7170000076293945, ""runner_up_concept"": ""chair"", ""runner_up_area_frac"": 0.09091972942589331, ""runner_up_depth_m"": 2.075000047683716}"
test_003788,xtion/sun3ddata/mit_36_ti_lab2/tian_lab_a/0002991-000100212840,sun3d:mit_36_ti_lab2/tian_lab_a,xtion,lab,test,identify_superlative,largest,1,What is the largest object in this room?,,shelf,object,,SUNRGBD/xtion/sun3ddata/mit_36_ti_lab2/tian_lab_a/0002991-000100212840/image/0002991-000100212840.jpg,SUNRGBD/xtion/sun3ddata/mit_36_ti_lab2/tian_lab_a/0002991-000100212840/depth_bfx/0003003-000100214428.png,rule,"{""winner_concept"": ""shelf"", ""winner_object_index"": 3, ""winner_area_frac"": 0.6441834129279349, ""winner_depth_m"": 2.2039999961853027, ""runner_up_concept"": ""table"", ""runner_up_area_frac"": 0.0899374978417763, ""runner_up_depth_m"": 1.0540000200271606}"
test_008284,xtion/sun3ddata/mit_w85d/d1/0003744-000125813020,sun3d:mit_w85d/d1,xtion,kitchen,test,identify_superlative,closest_camera,5,What is the closest visible object to the camera?,,sofa,object,,SUNRGBD/xtion/sun3ddata/mit_w85d/d1/0003744-000125813020/image/0003744-000125813020.jpg,SUNRGBD/xtion/sun3ddata/mit_w85d/d1/0003744-000125813020/depth_bfx/0003762-000125802073.png,rule,"{""winner_concept"": ""sofa"", ""winner_object_index"": 4, ""winner_area_frac"": 0.061627358219091356, ""winner_depth_m"": 4.224999904632568, ""runner_up_concept"": ""lamp"", ""runner_up_area_frac"": 0.026389800138893686, ""runner_up_depth_m"": 5.39300012588501}"
test_006870,xtion/sun3ddata/mit_dorm_masseeh_sr/dorm_masseeh_sr_scan1_oct_26_2012_erika/0001849-000085483493,sun3d:mit_dorm_masseeh_sr/dorm_masseeh_sr_scan1_oct_26_2012_erika,xtion,study_space,test,identify_superlative,largest,4,Which object covers the most of the image?,,box,object,,SUNRGBD/xtion/sun3ddata/mit_dorm_masseeh_sr/dorm_masseeh_sr_scan1_oct_26_2012_erika/0001849-000085483493/image/0001849-000085483493.jpg,SUNRGBD/xtion/sun3ddata/mit_dorm_masseeh_sr/dorm_masseeh_sr_scan1_oct_26_2012_erika/0001849-000085483493/depth_bfx/0001850-000085492019.png,rule,"{""winner_concept"": ""box"", ""winner_object_index"": 5, ""winner_area_frac"": 0.01760151325053428, ""winner_depth_m"": 2.4820001125335693, ""runner_up_concept"": ""box"", ""runner_up_area_frac"": 0.011021329005375415, ""runner_up_depth_m"": 2.7839999198913574}"
test_001245,xtion/sun3ddata/mit_w85h/h2_1/0003294-000110401704,sun3d:mit_w85h/h2_1,xtion,bathroom,test,identify_superlative,largest,3,What object is the biggest one visible here?,,basket,object,,SUNRGBD/xtion/sun3ddata/mit_w85h/h2_1/0003294-000110401704/image/0003294-000110401704.jpg,SUNRGBD/xtion/sun3ddata/mit_w85h/h2_1/0003294-000110401704/depth_bfx/0003309-000110408958.png,rule,"{""winner_concept"": ""basket"", ""winner_object_index"": 6, ""winner_area_frac"": 0.0526875160667764, ""winner_depth_m"": 1.0889999866485596, ""runner_up_concept"": ""towel"", ""runner_up_area_frac"": 0.018382310623064793, ""runner_up_depth_m"": 1.121999979019165}"
test_011639,xtion/sun3ddata/mit_lab_16/lab_16_nov_2_2012_scan1_erika/0019677-000841754340,sun3d:mit_lab_16/lab_16_nov_2_2012_scan1_erika,xtion,lab,test,identify_superlative,largest,0,Which object takes up the most space in the image?,,board,object,,SUNRGBD/xtion/sun3ddata/mit_lab_16/lab_16_nov_2_2012_scan1_erika/0019677-000841754340/image/0019677-000841754340.jpg,SUNRGBD/xtion/sun3ddata/mit_lab_16/lab_16_nov_2_2012_scan1_erika/0019677-000841754340/depth_bfx/0019677-000841757130.png,rule,"{""winner_concept"": ""board"", ""winner_object_index"": 0, ""winner_area_frac"": 0.37998165989464033, ""winner_depth_m"": null, ""runner_up_concept"": ""machine"", ""runner_up_area_frac"": 0.1346693217614175, ""runner_up_depth_m"": 1.059000015258789}"
test_007731,xtion/sun3ddata/mit_34_302/classroom_34302_oct_30_2012_scan1_erika/0002762-000117278382,sun3d:mit_34_302/classroom_34302_oct_30_2012_scan1_erika,xtion,classroom,test,identify_superlative,farthest_camera,3,What object is farthest from the viewer?,,blackboard,object,,SUNRGBD/xtion/sun3ddata/mit_34_302/classroom_34302_oct_30_2012_scan1_erika/0002762-000117278382/image/0002762-000117278382.jpg,SUNRGBD/xtion/sun3ddata/mit_34_302/classroom_34302_oct_30_2012_scan1_erika/0002762-000117278382/depth_bfx/0002756-000117292913.png,rule,"{""winner_concept"": ""blackboard"", ""winner_object_index"": 0, ""winner_area_frac"": 0.48160755013287, ""winner_depth_m"": 3.434000015258789, ""runner_up_concept"": ""chair"", ""runner_up_area_frac"": 0.04597112392616381, ""runner_up_depth_m"": 2.4639999866485596}"
test_004124,xtion/sun3ddata/mit_76_4printroom/76-4printroom1/0002258-000075669308,sun3d:mit_76_4printroom/76-4printroom1,xtion,mail_room,test,identify_superlative,largest,1,What is the largest object in this room?,,stand,object,,SUNRGBD/xtion/sun3ddata/mit_76_4printroom/76-4printroom1/0002258-000075669308/image/0002258-000075669308.jpg,SUNRGBD/xtion/sun3ddata/mit_76_4printroom/76-4printroom1/0002258-000075669308/depth_bfx/0002269-000075681459.png,rule,"{""winner_concept"": ""stand"", ""winner_object_index"": 0, ""winner_area_frac"": 0.9349348312364991, ""winner_depth_m"": 1.4249999523162842, ""runner_up_concept"": ""paper"", ""runner_up_area_frac"": 0.011832821114909586, ""runner_up_depth_m"": 1.3650000095367432}"
test_000468,xtion/sun3ddata/mit_46_5conf_1/bcs_floor5_conf_1/0000391-000013272336,sun3d:mit_46_5conf_1/bcs_floor5_conf_1,xtion,rest_space,test,identify_superlative,closest_camera,1,What is the nearest object to the camera?,,chair,object,,SUNRGBD/xtion/sun3ddata/mit_46_5conf_1/bcs_floor5_conf_1/0000391-000013272336/image/0000391-000013272336.jpg,SUNRGBD/xtion/sun3ddata/mit_46_5conf_1/bcs_floor5_conf_1/0000391-000013272336/depth_bfx/0000392-000013273322.png,rule,"{""winner_concept"": ""chair"", ""winner_object_index"": 0, ""winner_area_frac"": 0.20123085895384663, ""winner_depth_m"": 2.1559998989105225, ""runner_up_concept"": ""sofa"", ""runner_up_area_frac"": 0.0927698230722746, ""runner_up_depth_m"": 3.015000104904175}"
test_007450,xtion/sun3ddata/mit_ne47_2biolab/ne47_floor2/0022938-000769022168,sun3d:mit_ne47_2biolab/ne47_floor2,xtion,lab,test,identify_superlative,largest,5,What is the largest visible object in the scene?,,shelf,object,,SUNRGBD/xtion/sun3ddata/mit_ne47_2biolab/ne47_floor2/0022938-000769022168/image/0022938-000769022168.jpg,SUNRGBD/xtion/sun3ddata/mit_ne47_2biolab/ne47_floor2/0022938-000769022168/depth_bfx/0023043-000769027736.png,rule,"{""winner_concept"": ""shelf"", ""winner_object_index"": 13, ""winner_area_frac"": 0.11575369008291415, ""winner_depth_m"": 1.9019999504089355, ""runner_up_concept"": ""chair"", ""runner_up_area_frac"": 0.049430037102263354, ""runner_up_depth_m"": 2.3429999351501465}"
test_006298,xtion/sun3ddata/mit_46_ted_lab1/ted_lab_1/0002936-000098482515,sun3d:mit_46_ted_lab1/ted_lab_1,xtion,discussion_area,test,identify_superlative,largest,3,What object is the biggest one visible here?,,window,object,,SUNRGBD/xtion/sun3ddata/mit_46_ted_lab1/ted_lab_1/0002936-000098482515/image/0002936-000098482515.jpg,SUNRGBD/xtion/sun3ddata/mit_46_ted_lab1/ted_lab_1/0002936-000098482515/depth_bfx/0002950-000098472657.png,rule,"{""winner_concept"": ""window"", ""winner_object_index"": 4, ""winner_area_frac"": 0.16694100087863684, ""winner_depth_m"": 3.4649999141693115, ""runner_up_concept"": ""chair"", ""runner_up_area_frac"": 0.09531866892272983, ""runner_up_depth_m"": 1.4880000352859497}"
test_009498,xtion/sun3ddata/mit_w85h/h4_1/0000004-000000117531,sun3d:mit_w85h/h4_1,xtion,kitchen,test,identify_superlative,largest,3,What object is the biggest one visible here?,,cupboard,object,,SUNRGBD/xtion/sun3ddata/mit_w85h/h4_1/0000004-000000117531/image/0000004-000000117531.jpg,SUNRGBD/xtion/sun3ddata/mit_w85h/h4_1/0000004-000000117531/depth_bfx/0000005-000000133477.png,rule,"{""winner_concept"": ""cupboard"", ""winner_object_index"": 2, ""winner_area_frac"": 0.29050266468685615, ""winner_depth_m"": 2.2309999465942383, ""runner_up_concept"": ""cupboard"", ""runner_up_area_frac"": 0.2190699216036773, ""runner_up_depth_m"": null}"
test_003932,xtion/sun3ddata/mit_ne47_huge_office/ne47_floor2_office_1/0001417-000047492172,sun3d:mit_ne47_huge_office/ne47_floor2_office_1,xtion,office,test,identify_superlative,largest,2,Which item occupies the biggest area in the picture?,,window,object,,SUNRGBD/xtion/sun3ddata/mit_ne47_huge_office/ne47_floor2_office_1/0001417-000047492172/image/0001417-000047492172.jpg,SUNRGBD/xtion/sun3ddata/mit_ne47_huge_office/ne47_floor2_office_1/0001417-000047492172/depth_bfx/0001424-000047495583.png,rule,"{""winner_concept"": ""window"", ""winner_object_index"": 2, ""winner_area_frac"": 0.27723102777490016, ""winner_depth_m"": 1.9550000429153442, ""runner_up_concept"": ""window"", ""runner_up_area_frac"": 0.15278305343570028, ""runner_up_depth_m"": 3.0920000076293945}"
test_000596,xtion/sun3ddata/mit_32_g449/g449_1/0003176-000106413300,sun3d:mit_32_g449/g449_1,xtion,classroom,test,identify_superlative,largest,1,What is the largest object in this room?,,chair,object,,SUNRGBD/xtion/sun3ddata/mit_32_g449/g449_1/0003176-000106413300/image/0003176-000106413300.jpg,SUNRGBD/xtion/sun3ddata/mit_32_g449/g449_1/0003176-000106413300/depth_bfx/0003189-000106406415.png,rule,"{""winner_concept"": ""chair"", ""winner_object_index"": 0, ""winner_area_frac"": 0.20967958531410308, ""winner_depth_m"": 1.378000020980835, ""runner_up_concept"": ""chair"", ""runner_up_area_frac"": 0.05502223450011702, ""runner_up_depth_m"": 1.930999994277954}"
test_008797,xtion/sun3ddata/mit_3_270/classroom_3270_oct_30_2012_scan1_erika/0002654-000115160976,sun3d:mit_3_270/classroom_3270_oct_30_2012_scan1_erika,xtion,lecture_theatre,test,identify_superlative,closest_camera,2,Which item is closest to where the picture was taken from?,,whiteboard,object,,SUNRGBD/xtion/sun3ddata/mit_3_270/classroom_3270_oct_30_2012_scan1_erika/0002654-000115160976/image/0002654-000115160976.jpg,SUNRGBD/xtion/sun3ddata/mit_3_270/classroom_3270_oct_30_2012_scan1_erika/0002654-000115160976/depth_bfx/0002653-000115159246.png,rule,"{""winner_concept"": ""whiteboard"", ""winner_object_index"": 1, ""winner_area_frac"": 0.1770107930368989, ""winner_depth_m"": 2.0739998817443848, ""runner_up_concept"": null, ""runner_up_area_frac"": null, ""runner_up_depth_m"": null}"
test_013751,xtion/sun3ddata/mit_w85d/d1/0002030-000068333080,sun3d:mit_w85d/d1,xtion,bedroom,test,identify_superlative,largest,1,What is the largest object in this room?,,shelf,object,,SUNRGBD/xtion/sun3ddata/mit_w85d/d1/0002030-000068333080/image/0002030-000068333080.jpg,SUNRGBD/xtion/sun3ddata/mit_w85d/d1/0002030-000068333080/depth_bfx/0002040-000068340224.png,rule,"{""winner_concept"": ""shelf"", ""winner_object_index"": 4, ""winner_area_frac"": 0.27668619619308527, ""winner_depth_m"": 2.063999891281128, ""runner_up_concept"": ""chair"", ""runner_up_area_frac"": 0.16842585878118874, ""runner_up_depth_m"": 1.8990000486373901}"
test_006256,xtion/sun3ddata/mit_ne47_2corridor/ne47_floor2_corridor/0002426-000081343536,sun3d:mit_ne47_2corridor/ne47_floor2_corridor,xtion,dining_area,test,identify_superlative,largest,0,Which object takes up the most space in the image?,,cabinet,object,,SUNRGBD/xtion/sun3ddata/mit_ne47_2corridor/ne47_floor2_corridor/0002426-000081343536/image/0002426-000081343536.jpg,SUNRGBD/xtion/sun3ddata/mit_ne47_2corridor/ne47_floor2_corridor/0002426-000081343536/depth_bfx/0002439-000081354232.png,rule,"{""winner_concept"": ""cabinet"", ""winner_object_index"": 6, ""winner_area_frac"": 0.08114729253235417, ""winner_depth_m"": 1.2979999780654907, ""runner_up_concept"": ""chair"", ""runner_up_area_frac"": 0.040192839685225475, ""runner_up_depth_m"": null}"
test_010492,xtion/sun3ddata/mit_dorm_next_jc/dorm_next_jc_oct_30_2012_scan1_erika/0000348-000016154712,sun3d:mit_dorm_next_jc/dorm_next_jc_oct_30_2012_scan1_erika,xtion,bedroom,test,identify_superlative,largest,0,Which object takes up the most space in the image?,,cloth,object,,SUNRGBD/xtion/sun3ddata/mit_dorm_next_jc/dorm_next_jc_oct_30_2012_scan1_erika/0000348-000016154712/image/0000348-000016154712.jpg,SUNRGBD/xtion/sun3ddata/mit_dorm_next_jc/dorm_next_jc_oct_30_2012_scan1_erika/0000348-000016154712/depth_bfx/0000351-000016160166.png,rule,"{""winner_concept"": ""cloth"", ""winner_object_index"": 2, ""winner_area_frac"": 0.18752374046065126, ""winner_depth_m"": 1.8919999599456787, ""runner_up_concept"": ""cloth"", ""runner_up_area_frac"": 0.06948137404990197, ""runner_up_depth_m"": 2.563999891281128}"
test_007880,xtion/xtion_align_data/2014_12_18_12_10_39,scene:xtion/xtion_align_data/2014_12_18_12_10_39,xtion,idk,test,identify_superlative,largest,0,Which object takes up the most space in the image?,,table,object,,SUNRGBD/xtion/xtion_align_data/2014_12_18_12_10_39/image/0000115.jpg,SUNRGBD/xtion/xtion_align_data/2014_12_18_12_10_39/depth_bfx/0000115.png,rule,"{""winner_concept"": ""table"", ""winner_object_index"": 0, ""winner_area_frac"": 0.25962567768224043, ""winner_depth_m"": 1.6740000247955322, ""runner_up_concept"": ""door"", ""runner_up_area_frac"": 0.018399576412629348, ""runner_up_depth_m"": 2.6019999980926514}"
test_013563,xtion/sun3ddata/mit_3_huge_office/cl_1/0006433-000215574912,sun3d:mit_3_huge_office/cl_1,xtion,office,test,identify_superlative,largest,1,What is the largest object in this room?,,window,object,,SUNRGBD/xtion/sun3ddata/mit_3_huge_office/cl_1/0006433-000215574912/image/0006433-000215574912.jpg,SUNRGBD/xtion/sun3ddata/mit_3_huge_office/cl_1/0006433-000215574912/depth_bfx/0006461-000215585419.png,rule,"{""winner_concept"": ""window"", ""winner_object_index"": 1, ""winner_area_frac"": 0.13690620072055895, ""winner_depth_m"": 4.145999908447266, ""runner_up_concept"": ""table"", ""runner_up_area_frac"": 0.041923255483806605, ""runner_up_depth_m"": 1.7029999494552612}"
test_007866,xtion/sun3ddata/mit_w85j/j1/0000766-000025639740,sun3d:mit_w85j/j1,xtion,bedroom,test,identify_superlative,largest,5,What is the largest visible object in the scene?,,door,object,,SUNRGBD/xtion/sun3ddata/mit_w85j/j1/0000766-000025639740/image/0000766-000025639740.jpg,SUNRGBD/xtion/sun3ddata/mit_w85j/j1/0000766-000025639740/depth_bfx/0000769-000025647533.png,rule,"{""winner_concept"": ""door"", ""winner_object_index"": 4, ""winner_area_frac"": 0.13055239016080206, ""winner_depth_m"": 1.8559999465942383, ""runner_up_concept"": ""door"", ""runner_up_area_frac"": 0.08999313205259543, ""runner_up_depth_m"": 1.2350000143051147}"
test_011555,xtion/sun3ddata/mit_dorm_mcc_wph/dorm_mcc_wph_oct_31_2012_scan1_erika/0001222-000051821258,sun3d:mit_dorm_mcc_wph/dorm_mcc_wph_oct_31_2012_scan1_erika,xtion,bathroom,test,identify_superlative,closest_camera,2,Which item is closest to where the picture was taken from?,,heater,object,,SUNRGBD/xtion/sun3ddata/mit_dorm_mcc_wph/dorm_mcc_wph_oct_31_2012_scan1_erika/0001222-000051821258/image/0001222-000051821258.jpg,SUNRGBD/xtion/sun3ddata/mit_dorm_mcc_wph/dorm_mcc_wph_oct_31_2012_scan1_erika/0001222-000051821258/depth_bfx/0001222-000051822445.png,rule,"{""winner_concept"": ""heater"", ""winner_object_index"": 35, ""winner_area_frac"": 0.017695515882607978, ""winner_depth_m"": 1.062999963760376, ""runner_up_concept"": ""frame"", ""runner_up_area_frac"": 0.12410841381109691, ""runner_up_depth_m"": 2.0}"
test_005798,kv1/NYUdata/NYU0172,scene:kv1/NYUdata/NYU0172,kv1,bedroom,test,identify_superlative,closest_camera,3,What object is nearest the viewer?,,sofa,object,,SUNRGBD/kv1/NYUdata/NYU0172/image/NYU0172.jpg,SUNRGBD/kv1/NYUdata/NYU0172/depth_bfx/NYU0172.png,rule,"{""winner_concept"": ""sofa"", ""winner_object_index"": 14, ""winner_area_frac"": 0.0813994748420978, ""winner_depth_m"": 1.2330000400543213, ""runner_up_concept"": ""sofa"", ""runner_up_area_frac"": 0.13806893845466653, ""runner_up_depth_m"": 2.0179998874664307}"
test_014039,kv1/b3dodata/img_0578,scene:kv1/b3dodata/img_0578,kv1,home_office,test,identify_superlative,largest,2,Which item occupies the biggest area in the picture?,,table,object,,SUNRGBD/kv1/b3dodata/img_0578/image/img_0578.jpg,SUNRGBD/kv1/b3dodata/img_0578/depth_bfx/img_0578_abs.png,rule,"{""winner_concept"": ""table"", ""winner_object_index"": 19, ""winner_area_frac"": 0.4282938212542841, ""winner_depth_m"": 0.9290000200271606, ""runner_up_concept"": ""towel"", ""runner_up_area_frac"": 0.14641405835431043, ""runner_up_depth_m"": null}"
test_002405,kv1/NYUdata/NYU0821,scene:kv1/NYUdata/NYU0821,kv1,kitchen,test,identify_superlative,closest_camera,5,What is the closest visible object to the camera?,,cabinet,object,,SUNRGBD/kv1/NYUdata/NYU0821/image/NYU0821.jpg,SUNRGBD/kv1/NYUdata/NYU0821/depth_bfx/NYU0821.png,rule,"{""winner_concept"": ""cabinet"", ""winner_object_index"": 5, ""winner_area_frac"": 0.107914104538984, ""winner_depth_m"": 1.1640000343322754, ""runner_up_concept"": ""tray"", ""runner_up_area_frac"": 0.008192546765352937, ""runner_up_depth_m"": 1.440999984741211}"
test_012349,kv1/b3dodata/img_0826,scene:kv1/b3dodata/img_0826,kv1,living_room,test,identify_superlative,largest,5,What is the largest visible object in the scene?,,book,object,,SUNRGBD/kv1/b3dodata/img_0826/image/img_0826.jpg,SUNRGBD/kv1/b3dodata/img_0826/depth_bfx/img_0826_abs.png,rule,"{""winner_concept"": ""book"", ""winner_object_index"": 8, ""winner_area_frac"": 0.134806530659954, ""winner_depth_m"": 1.6749999523162842, ""runner_up_concept"": ""box"", ""runner_up_area_frac"": 0.03985647910430938, ""runner_up_depth_m"": 1.8220000267028809}"
test_010336,kv1/NYUdata/NYU1216,scene:kv1/NYUdata/NYU1216,kv1,living_room,test,identify_superlative,largest,5,What is the largest visible object in the scene?,,bookshelf,object,,SUNRGBD/kv1/NYUdata/NYU1216/image/NYU1216.jpg,SUNRGBD/kv1/NYUdata/NYU1216/depth_bfx/NYU1216.png,rule,"{""winner_concept"": ""bookshelf"", ""winner_object_index"": 28, ""winner_area_frac"": 0.04391205066229174, ""winner_depth_m"": 1.8730000257492065, ""runner_up_concept"": ""picture"", ""runner_up_area_frac"": 0.02315203279523434, ""runner_up_depth_m"": 2.2690000534057617}"
test_001459,kv1/NYUdata/NYU0063,scene:kv1/NYUdata/NYU0063,kv1,bedroom,test,identify_superlative,largest,3,What object is the biggest one visible here?,,television,object,,SUNRGBD/kv1/NYUdata/NYU0063/image/NYU0063.jpg,SUNRGBD/kv1/NYUdata/NYU0063/depth_bfx/NYU0063.png,rule,"{""winner_concept"": ""television"", ""winner_object_index"": 30, ""winner_area_frac"": 0.09885533945321795, ""winner_depth_m"": 2.1410000324249268, ""runner_up_concept"": ""monitor"", ""runner_up_area_frac"": 0.03187265964508009, ""runner_up_depth_m"": 2.115999937057495}"
test_009675,kv1/b3dodata/img_0725,scene:kv1/b3dodata/img_0725,kv1,kitchen,test,identify_superlative,largest,0,Which object takes up the most space in the image?,,refrigerator,object,,SUNRGBD/kv1/b3dodata/img_0725/image/img_0725.jpg,SUNRGBD/kv1/b3dodata/img_0725/depth_bfx/img_0725_abs.png,rule,"{""winner_concept"": ""refrigerator"", ""winner_object_index"": 6, ""winner_area_frac"": 0.3749702563588774, ""winner_depth_m"": 1.8170000314712524, ""runner_up_concept"": ""door"", ""runner_up_area_frac"": 0.26586223162886613, ""runner_up_depth_m"": 2.385999917984009}"
test_005809,kv1/NYUdata/NYU0520,scene:kv1/NYUdata/NYU0520,kv1,bedroom,test,identify_superlative,largest,2,Which item occupies the biggest area in the picture?,,bed,object,,SUNRGBD/kv1/NYUdata/NYU0520/image/NYU0520.jpg,SUNRGBD/kv1/NYUdata/NYU0520/depth_bfx/NYU0520.png,rule,"{""winner_concept"": ""bed"", ""winner_object_index"": 11, ""winner_area_frac"": 0.15431418469026956, ""winner_depth_m"": 1.7050000429153442, ""runner_up_concept"": ""dresser"", ""runner_up_area_frac"": 0.05930151494278785, ""runner_up_depth_m"": 2.9590001106262207}"
test_006908,kv1/NYUdata/NYU0359,scene:kv1/NYUdata/NYU0359,kv1,home_office,test,identify_superlative,largest,3,What object is the biggest one visible here?,,picture,object,,SUNRGBD/kv1/NYUdata/NYU0359/image/NYU0359.jpg,SUNRGBD/kv1/NYUdata/NYU0359/depth_bfx/NYU0359.png,rule,"{""winner_concept"": ""picture"", ""winner_object_index"": 4, ""winner_area_frac"": 0.10950251933858492, ""winner_depth_m"": 2.7880001068115234, ""runner_up_concept"": ""pillow"", ""runner_up_area_frac"": 0.01479667873110496, ""runner_up_depth_m"": 2.3469998836517334}"
test_010163,kv1/NYUdata/NYU0445,scene:kv1/NYUdata/NYU0445,kv1,playroom,test,identify_superlative,largest,0,Which object takes up the most space in the image?,,cabinet,object,,SUNRGBD/kv1/NYUdata/NYU0445/image/NYU0445.jpg,SUNRGBD/kv1/NYUdata/NYU0445/depth_bfx/NYU0445.png,rule,"{""winner_concept"": ""cabinet"", ""winner_object_index"": 0, ""winner_area_frac"": 0.09717091009280016, ""winner_depth_m"": 4.250999927520752, ""runner_up_concept"": ""basket"", ""runner_up_area_frac"": 0.021592839818490736, ""runner_up_depth_m"": 3.068000078201294}"
test_007676,kv1/NYUdata/NYU1145,scene:kv1/NYUdata/NYU1145,kv1,bedroom,test,identify_superlative,closest_camera,1,What is the nearest object to the camera?,,bed,object,,SUNRGBD/kv1/NYUdata/NYU1145/image/NYU1145.jpg,SUNRGBD/kv1/NYUdata/NYU1145/depth_bfx/NYU1145.png,rule,"{""winner_concept"": ""bed"", ""winner_object_index"": 28, ""winner_area_frac"": 0.0281364408654669, ""winner_depth_m"": 1.4040000438690186, ""runner_up_concept"": ""book"", ""runner_up_area_frac"": 0.007082117496775163, ""runner_up_depth_m"": 3.5230000019073486}"
test_004029,kv1/NYUdata/NYU0694,scene:kv1/NYUdata/NYU0694,kv1,bathroom,test,identify_superlative,largest,1,What is the largest object in this room?,,toilet,object,,SUNRGBD/kv1/NYUdata/NYU0694/image/NYU0694.jpg,SUNRGBD/kv1/NYUdata/NYU0694/depth_bfx/NYU0694.png,rule,"{""winner_concept"": ""toilet"", ""winner_object_index"": 6, ""winner_area_frac"": 0.11055450496144807, ""winner_depth_m"": 1.440999984741211, ""runner_up_concept"": ""towel"", ""runner_up_area_frac"": 0.08488313358130137, ""runner_up_depth_m"": 1.5570000410079956}"
test_010707,kv1/NYUdata/NYU0273,scene:kv1/NYUdata/NYU0273,kv1,study_space,test,identify_superlative,largest,0,Which object takes up the most space in the image?,,bookshelf,object,,SUNRGBD/kv1/NYUdata/NYU0273/image/NYU0273.jpg,SUNRGBD/kv1/NYUdata/NYU0273/depth_bfx/NYU0273.png,rule,"{""winner_concept"": ""bookshelf"", ""winner_object_index"": 33, ""winner_area_frac"": 0.06960846931917328, ""winner_depth_m"": 4.461999893188477, ""runner_up_concept"": ""window"", ""runner_up_area_frac"": 0.024441967547078444, ""runner_up_depth_m"": 3.2360000610351562}"
test_007960,kv1/b3dodata/img_0471,scene:kv1/b3dodata/img_0471,kv1,bathroom,test,identify_superlative,largest,3,What object is the biggest one visible here?,,door,object,,SUNRGBD/kv1/b3dodata/img_0471/image/img_0471.jpg,SUNRGBD/kv1/b3dodata/img_0471/depth_bfx/img_0471_abs.png,rule,"{""winner_concept"": ""door"", ""winner_object_index"": 1, ""winner_area_frac"": 0.22414807950005636, ""winner_depth_m"": 0.7549999952316284, ""runner_up_concept"": ""sink"", ""runner_up_area_frac"": 0.1232806088158065, ""runner_up_depth_m"": 1.3839999437332153}"
test_011313,kv1/NYUdata/NYU1126,scene:kv1/NYUdata/NYU1126,kv1,bedroom,test,identify_superlative,closest_camera,4,Which object is closest to us in this image?,,bed,object,,SUNRGBD/kv1/NYUdata/NYU1126/image/NYU1126.jpg,SUNRGBD/kv1/NYUdata/NYU1126/depth_bfx/NYU1126.png,rule,"{""winner_concept"": ""bed"", ""winner_object_index"": 12, ""winner_area_frac"": 0.05086684450233148, ""winner_depth_m"": 1.2879999876022339, ""runner_up_concept"": ""nightstand"", ""runner_up_area_frac"": 0.09851511394423641, ""runner_up_depth_m"": 1.590999960899353}"
test_011957,kv1/NYUdata/NYU1306,scene:kv1/NYUdata/NYU1306,kv1,living_room,test,identify_superlative,farthest_camera,0,Which object is farthest from the camera?,,sofa,object,,SUNRGBD/kv1/NYUdata/NYU1306/image/NYU1306.jpg,SUNRGBD/kv1/NYUdata/NYU1306/depth_bfx/NYU1306.png,rule,"{""winner_concept"": ""sofa"", ""winner_object_index"": 13, ""winner_area_frac"": 0.0051388662767640585, ""winner_depth_m"": 5.21999979019165, ""runner_up_concept"": ""door"", ""runner_up_area_frac"": 0.04515189086066618, ""runner_up_depth_m"": 3.6740000247955322}"
test_003247,kv1/b3dodata/img_0706,scene:kv1/b3dodata/img_0706,kv1,idk,test,identify_superlative,closest_camera,0,Which object is closest to the camera?,,laptop,object,,SUNRGBD/kv1/b3dodata/img_0706/image/img_0706.jpg,SUNRGBD/kv1/b3dodata/img_0706/depth_bfx/img_0706_abs.png,rule,"{""winner_concept"": ""laptop"", ""winner_object_index"": 7, ""winner_area_frac"": 0.030966783136503483, ""winner_depth_m"": 0.7720000147819519, ""runner_up_concept"": ""trashcan"", ""runner_up_area_frac"": 0.07845433255269321, ""runner_up_depth_m"": 1.440999984741211}"
test_006236,kv1/b3dodata/img_0796,scene:kv1/b3dodata/img_0796,kv1,bathroom,test,identify_superlative,closest_camera,3,What object is nearest the viewer?,,handle,object,,SUNRGBD/kv1/b3dodata/img_0796/image/img_0796.jpg,SUNRGBD/kv1/b3dodata/img_0796/depth_bfx/img_0796_abs.png,rule,"{""winner_concept"": ""handle"", ""winner_object_index"": 17, ""winner_area_frac"": 0.007908417771460298, ""winner_depth_m"": 0.593999981880188, ""runner_up_concept"": ""stand"", ""runner_up_area_frac"": 0.5730601145618256, ""runner_up_depth_m"": 0.7310000061988831}"
test_003466,kv1/b3dodata/img_0574,scene:kv1/b3dodata/img_0574,kv1,bedroom,test,identify_superlative,largest,5,What is the largest visible object in the scene?,,bed,object,,SUNRGBD/kv1/b3dodata/img_0574/image/img_0574.jpg,SUNRGBD/kv1/b3dodata/img_0574/depth_bfx/img_0574_abs.png,rule,"{""winner_concept"": ""bed"", ""winner_object_index"": 0, ""winner_area_frac"": 0.48970807274188366, ""winner_depth_m"": 1.8220000267028809, ""runner_up_concept"": ""pillow"", ""runner_up_area_frac"": 0.042085686733709875, ""runner_up_depth_m"": 2.239000082015991}"
test_002687,kv1/NYUdata/NYU1411,scene:kv1/NYUdata/NYU1411,kv1,dining_room,test,identify_superlative,largest,5,What is the largest visible object in the scene?,,floor mat,object,,SUNRGBD/kv1/NYUdata/NYU1411/image/NYU1411.jpg,SUNRGBD/kv1/NYUdata/NYU1411/depth_bfx/NYU1411.png,rule,"{""winner_concept"": ""floormat"", ""winner_object_index"": 7, ""winner_area_frac"": 0.016593820836829514, ""winner_depth_m"": 2.325000047683716, ""runner_up_concept"": ""picture"", ""runner_up_area_frac"": 0.011402772733534546, ""runner_up_depth_m"": 1.8930000066757202}"
test_010551,kv1/NYUdata/NYU0784,scene:kv1/NYUdata/NYU0784,kv1,kitchen,test,identify_superlative,closest_camera,1,What is the nearest object to the camera?,,stove,object,,SUNRGBD/kv1/NYUdata/NYU0784/image/NYU0784.jpg,SUNRGBD/kv1/NYUdata/NYU0784/depth_bfx/NYU0784.png,rule,"{""winner_concept"": ""stove"", ""winner_object_index"": 27, ""winner_area_frac"": 0.08017215828209077, ""winner_depth_m"": 1.2640000581741333, ""runner_up_concept"": ""microwave"", ""runner_up_area_frac"": 0.03795706061858425, ""runner_up_depth_m"": 1.6449999809265137}"
test_005971,kv1/NYUdata/NYU0127,scene:kv1/NYUdata/NYU0127,kv1,kitchen,test,identify_superlative,largest,2,Which item occupies the biggest area in the picture?,,cabinet,object,,SUNRGBD/kv1/NYUdata/NYU0127/image/NYU0127.jpg,SUNRGBD/kv1/NYUdata/NYU0127/depth_bfx/NYU0127.png,rule,"{""winner_concept"": ""cabinet"", ""winner_object_index"": 5, ""winner_area_frac"": 0.2512450583810275, ""winner_depth_m"": 1.2480000257492065, ""runner_up_concept"": ""counter"", ""runner_up_area_frac"": 0.11492734202473837, ""runner_up_depth_m"": 0.9020000100135803}"
test_000430,kv1/NYUdata/NYU0078,scene:kv1/NYUdata/NYU0078,kv1,bedroom,test,identify_superlative,farthest_camera,4,Which object is farthest away in this image?,,picture,object,,SUNRGBD/kv1/NYUdata/NYU0078/image/NYU0078.jpg,SUNRGBD/kv1/NYUdata/NYU0078/depth_bfx/NYU0078.png,rule,"{""winner_concept"": ""picture"", ""winner_object_index"": 4, ""winner_area_frac"": 0.03342976534876246, ""winner_depth_m"": 2.4230000972747803, ""runner_up_concept"": ""table"", ""runner_up_area_frac"": 0.10908297745327639, ""runner_up_depth_m"": 1.9839999675750732}"
test_003246,kv1/NYUdata/NYU1130,scene:kv1/NYUdata/NYU1130,kv1,bedroom,test,identify_superlative,largest,4,Which object covers the most of the image?,,blind,object,,SUNRGBD/kv1/NYUdata/NYU1130/image/NYU1130.jpg,SUNRGBD/kv1/NYUdata/NYU1130/depth_bfx/NYU1130.png,rule,"{""winner_concept"": ""blind"", ""winner_object_index"": 16, ""winner_area_frac"": 0.09631095359157076, ""winner_depth_m"": 4.8520002365112305, ""runner_up_concept"": ""blind"", ""runner_up_area_frac"": 0.048103294969254466, ""runner_up_depth_m"": 4.48799991607666}"
test_009832,kv1/NYUdata/NYU0117,scene:kv1/NYUdata/NYU0117,kv1,bookstore,test,identify_superlative,largest,5,What is the largest visible object in the scene?,,bookshelf,object,,SUNRGBD/kv1/NYUdata/NYU0117/image/NYU0117.jpg,SUNRGBD/kv1/NYUdata/NYU0117/depth_bfx/NYU0117.png,rule,"{""winner_concept"": ""bookshelf"", ""winner_object_index"": 37, ""winner_area_frac"": 0.13580842172934748, ""winner_depth_m"": 1.8569999933242798, ""runner_up_concept"": ""picture"", ""runner_up_area_frac"": 0.02530609859443032, ""runner_up_depth_m"": 5.453999996185303}"
test_009818,kv1/b3dodata/img_0437,scene:kv1/b3dodata/img_0437,kv1,office,test,identify_superlative,largest,1,What is the largest object in this room?,,window,object,,SUNRGBD/kv1/b3dodata/img_0437/image/img_0437.jpg,SUNRGBD/kv1/b3dodata/img_0437/depth_bfx/img_0437_abs.png,rule,"{""winner_concept"": ""window"", ""winner_object_index"": 0, ""winner_area_frac"": 0.5108913908335316, ""winner_depth_m"": 1.4190000295639038, ""runner_up_concept"": ""bag"", ""runner_up_area_frac"": 0.10926874475572643, ""runner_up_depth_m"": 1.3539999723434448}"
test_010114,kv1/b3dodata/img_0799,scene:kv1/b3dodata/img_0799,kv1,living_room,test,identify_superlative,largest,2,Which item occupies the biggest area in the picture?,,door,object,,SUNRGBD/kv1/b3dodata/img_0799/image/img_0799.jpg,SUNRGBD/kv1/b3dodata/img_0799/depth_bfx/img_0799_abs.png,rule,"{""winner_concept"": ""door"", ""winner_object_index"": 8, ""winner_area_frac"": 0.2412303222332152, ""winner_depth_m"": 1.2680000066757202, ""runner_up_concept"": ""bag"", ""runner_up_area_frac"": 0.0995399650173035, ""runner_up_depth_m"": 1.409999966621399}"
test_001094,kv1/b3dodata/img_0497,scene:kv1/b3dodata/img_0497,kv1,living_room,test,identify_superlative,closest_camera,0,Which object is closest to the camera?,,sofa,object,,SUNRGBD/kv1/b3dodata/img_0497/image/img_0497.jpg,SUNRGBD/kv1/b3dodata/img_0497/depth_bfx/img_0497_abs.png,rule,"{""winner_concept"": ""sofa"", ""winner_object_index"": 12, ""winner_area_frac"": 0.08776983222499134, ""winner_depth_m"": 1.0, ""runner_up_concept"": ""sofa"", ""runner_up_area_frac"": 0.1667543321352386, ""runner_up_depth_m"": 1.4880000352859497}"
test_001812,kv1/NYUdata/NYU1229,scene:kv1/NYUdata/NYU1229,kv1,living_room,test,identify_superlative,closest_camera,1,What is the nearest object to the camera?,,door,object,,SUNRGBD/kv1/NYUdata/NYU1229/image/NYU1229.jpg,SUNRGBD/kv1/NYUdata/NYU1229/depth_bfx/NYU1229.png,rule,"{""winner_concept"": ""door"", ""winner_object_index"": 20, ""winner_area_frac"": 0.00796920854780064, ""winner_depth_m"": 1.305999994277954, ""runner_up_concept"": ""chair"", ""runner_up_area_frac"": 0.011826489164965539, ""runner_up_depth_m"": 2.0950000286102295}"
test_008131,realsense/lg/2014_10_26-13_53_26-1311000073,scene:realsense/lg/2014_10_26-13_53_26-1311000073,realsense,mail_room,test,identify_superlative,farthest_camera,2,Which item is farthest from where the picture was taken?,,poster,object,,SUNRGBD/realsense/lg/2014_10_26-13_53_26-1311000073/image/0000063.jpg,SUNRGBD/realsense/lg/2014_10_26-13_53_26-1311000073/depth_bfx/0000063.png,rule,"{""winner_concept"": ""poster"", ""winner_object_index"": 12, ""winner_area_frac"": 0.03041942861251455, ""winner_depth_m"": 4.28000020980835, ""runner_up_concept"": ""printer"", ""runner_up_area_frac"": 0.049670778820334556, ""runner_up_depth_m"": 2.7170000076293945}"
test_004968,realsense/lg/2014_10_28-15_41_41-1311000073,scene:realsense/lg/2014_10_28-15_41_41-1311000073,realsense,library,test,identify_superlative,closest_camera,5,What is the closest visible object to the camera?,,chair,object,,SUNRGBD/realsense/lg/2014_10_28-15_41_41-1311000073/image/0000063.jpg,SUNRGBD/realsense/lg/2014_10_28-15_41_41-1311000073/depth_bfx/0000063.png,rule,"{""winner_concept"": ""chair"", ""winner_object_index"": 0, ""winner_area_frac"": 0.21030471971261935, ""winner_depth_m"": 1.2690000534057617, ""runner_up_concept"": ""desk"", ""runner_up_area_frac"": 0.7782823737878549, ""runner_up_depth_m"": 1.7799999713897705}"
test_004267,realsense/lg/2014_10_30-16_15_34-1311000073,scene:realsense/lg/2014_10_30-16_15_34-1311000073,realsense,rest_space,test,identify_superlative,farthest_camera,5,What is the most distant visible object in the scene?,,sofa,object,,SUNRGBD/realsense/lg/2014_10_30-16_15_34-1311000073/image/0000063.jpg,SUNRGBD/realsense/lg/2014_10_30-16_15_34-1311000073/depth_bfx/0000063.png,rule,"{""winner_concept"": ""sofa"", ""winner_object_index"": 0, ""winner_area_frac"": 0.17954099847626317, ""winner_depth_m"": 2.5880000591278076, ""runner_up_concept"": ""carpet"", ""runner_up_area_frac"": 0.07906839117172873, ""runner_up_depth_m"": 1.9700000286102295}"
test_000777,realsense/lg/2014_10_30-15_28_39-1311000073,scene:realsense/lg/2014_10_30-15_28_39-1311000073,realsense,idk,test,identify_superlative,largest,0,Which object takes up the most space in the image?,,cabinet,object,,SUNRGBD/realsense/lg/2014_10_30-15_28_39-1311000073/image/0000063.jpg,SUNRGBD/realsense/lg/2014_10_30-15_28_39-1311000073/depth_bfx/0000063.png,rule,"{""winner_concept"": ""cabinet"", ""winner_object_index"": 7, ""winner_area_frac"": 0.1818611712586177, ""winner_depth_m"": 2.6010000705718994, ""runner_up_concept"": ""trashcan"", ""runner_up_area_frac"": 0.10680814466374088, ""runner_up_depth_m"": 1.9759999513626099}"
test_013401,realsense/lg/2014_10_28-15_42_54-1311000073,scene:realsense/lg/2014_10_28-15_42_54-1311000073,realsense,library,test,identify_superlative,largest,0,Which object takes up the most space in the image?,,desk,object,,SUNRGBD/realsense/lg/2014_10_28-15_42_54-1311000073/image/0000064.jpg,SUNRGBD/realsense/lg/2014_10_28-15_42_54-1311000073/depth_bfx/0000064.png,rule,"{""winner_concept"": ""desk"", ""winner_object_index"": 7, ""winner_area_frac"": 0.23910362240086724, ""winner_depth_m"": 2.4070000648498535, ""runner_up_concept"": ""chair"", ""runner_up_area_frac"": 0.08121849169411328, ""runner_up_depth_m"": 2.2049999237060547}"
test_001072,realsense/lg/2014_10_29-16_51_25-1311000073,scene:realsense/lg/2014_10_29-16_51_25-1311000073,realsense,kitchen,test,identify_superlative,closest_camera,1,What is the nearest object to the camera?,,sink,object,,SUNRGBD/realsense/lg/2014_10_29-16_51_25-1311000073/image/0000063.jpg,SUNRGBD/realsense/lg/2014_10_29-16_51_25-1311000073/depth_bfx/0000063.png,rule,"{""winner_concept"": ""sink"", ""winner_object_index"": 2, ""winner_area_frac"": 0.04127639922458111, ""winner_depth_m"": 1.784000039100647, ""runner_up_concept"": ""shelf"", ""runner_up_area_frac"": 0.3964052531587811, ""runner_up_depth_m"": 2.2339999675750732}"
test_006106,realsense/lg/2014_10_25-17_50_15-1311000073,scene:realsense/lg/2014_10_25-17_50_15-1311000073,realsense,classroom,test,identify_superlative,largest,5,What is the largest visible object in the scene?,,window,object,,SUNRGBD/realsense/lg/2014_10_25-17_50_15-1311000073/image/0000063.jpg,SUNRGBD/realsense/lg/2014_10_25-17_50_15-1311000073/depth_bfx/0000063.png,rule,"{""winner_concept"": ""window"", ""winner_object_index"": 0, ""winner_area_frac"": 0.027413435985077887, ""winner_depth_m"": null, ""runner_up_concept"": null, ""runner_up_area_frac"": null, ""runner_up_depth_m"": null}"
test_008763,realsense/lg/2014_10_30-16_16_10-1311000073,scene:realsense/lg/2014_10_30-16_16_10-1311000073,realsense,rest_space,test,identify_superlative,closest_camera,0,Which object is closest to the camera?,,chair,object,,SUNRGBD/realsense/lg/2014_10_30-16_16_10-1311000073/image/0000063.jpg,SUNRGBD/realsense/lg/2014_10_30-16_16_10-1311000073/depth_bfx/0000063.png,rule,"{""winner_concept"": ""chair"", ""winner_object_index"": 2, ""winner_area_frac"": 0.4795830325958005, ""winner_depth_m"": 1.4980000257492065, ""runner_up_concept"": ""window"", ""runner_up_area_frac"": 0.09826704967458125, ""runner_up_depth_m"": 2.0250000953674316}"
test_008431,realsense/lg/2014_10_30-15_43_35-1311000073,scene:realsense/lg/2014_10_30-15_43_35-1311000073,realsense,discussion_area,test,identify_superlative,largest,2,Which item occupies the biggest area in the picture?,,bookshelf,object,,SUNRGBD/realsense/lg/2014_10_30-15_43_35-1311000073/image/0000069.jpg,SUNRGBD/realsense/lg/2014_10_30-15_43_35-1311000073/depth_bfx/0000069.png,rule,"{""winner_concept"": ""bookshelf"", ""winner_object_index"": 23, ""winner_area_frac"": 0.3224708319160645, ""winner_depth_m"": 1.659000039100647, ""runner_up_concept"": ""chair"", ""runner_up_area_frac"": 0.24052134629640612, ""runner_up_depth_m"": 1.4730000495910645}"
test_011376,realsense/lg/2014_10_30-16_13_57-1311000073,scene:realsense/lg/2014_10_30-16_13_57-1311000073,realsense,conference_room,test,identify_superlative,largest,0,Which object takes up the most space in the image?,,rug,object,,SUNRGBD/realsense/lg/2014_10_30-16_13_57-1311000073/image/0000060.jpg,SUNRGBD/realsense/lg/2014_10_30-16_13_57-1311000073/depth_bfx/0000060.png,rule,"{""winner_concept"": ""rug"", ""winner_object_index"": 5, ""winner_area_frac"": 0.4051840237160927, ""winner_depth_m"": 1.9529999494552612, ""runner_up_concept"": ""chalkboard"", ""runner_up_area_frac"": 0.16299559471365638, ""runner_up_depth_m"": 1.4149999618530273}"
test_006302,realsense/lg/2014_10_24-11_31_17-1311000073,scene:realsense/lg/2014_10_24-11_31_17-1311000073,realsense,living_room,test,identify_superlative,largest,5,What is the largest visible object in the scene?,,rug,object,,SUNRGBD/realsense/lg/2014_10_24-11_31_17-1311000073/image/0000063.jpg,SUNRGBD/realsense/lg/2014_10_24-11_31_17-1311000073/depth_bfx/0000063.png,rule,"{""winner_concept"": ""rug"", ""winner_object_index"": 7, ""winner_area_frac"": 0.4292195204238809, ""winner_depth_m"": 2.3350000381469727, ""runner_up_concept"": ""sofa"", ""runner_up_area_frac"": 0.16370215507824706, ""runner_up_depth_m"": 2.8450000286102295}"
test_006632,realsense/sa/2014_10_21-18_16_15-1311000073,scene:realsense/sa/2014_10_21-18_16_15-1311000073,realsense,discussion_area,test,identify_superlative,largest,4,Which object covers the most of the image?,,chair,object,,SUNRGBD/realsense/sa/2014_10_21-18_16_15-1311000073/image/0000071.jpg,SUNRGBD/realsense/sa/2014_10_21-18_16_15-1311000073/depth_bfx/0000071.png,rule,"{""winner_concept"": ""chair"", ""winner_object_index"": 0, ""winner_area_frac"": 0.16486915497592716, ""winner_depth_m"": 1.4160000085830688, ""runner_up_concept"": ""table"", ""runner_up_area_frac"": 0.1253930328446867, ""runner_up_depth_m"": 1.7120000123977661}"
test_004399,realsense/lg/2014_10_25-17_10_17-1311000073,scene:realsense/lg/2014_10_25-17_10_17-1311000073,realsense,office,test,identify_superlative,largest,0,Which object takes up the most space in the image?,,cupboard,object,,SUNRGBD/realsense/lg/2014_10_25-17_10_17-1311000073/image/0000063.jpg,SUNRGBD/realsense/lg/2014_10_25-17_10_17-1311000073/depth_bfx/0000063.png,rule,"{""winner_concept"": ""cupboard"", ""winner_object_index"": 2, ""winner_area_frac"": 0.3308486190962111, ""winner_depth_m"": 1.659000039100647, ""runner_up_concept"": ""door"", ""runner_up_area_frac"": 0.055830713114368755, ""runner_up_depth_m"": 4.584000110626221}"
test_000213,realsense/lg/2014_10_27-15_16_24-1311000073,scene:realsense/lg/2014_10_27-15_16_24-1311000073,realsense,classroom,test,identify_superlative,largest,3,What object is the biggest one visible here?,,chair,object,,SUNRGBD/realsense/lg/2014_10_27-15_16_24-1311000073/image/0000063.jpg,SUNRGBD/realsense/lg/2014_10_27-15_16_24-1311000073/depth_bfx/0000063.png,rule,"{""winner_concept"": ""chair"", ""winner_object_index"": 6, ""winner_area_frac"": 0.23731993772313342, ""winner_depth_m"": 2.247999906539917, ""runner_up_concept"": null, ""runner_up_area_frac"": null, ""runner_up_depth_m"": null}"
test_006751,realsense/lg/2014_10_27-14_41_12-1311000073,scene:realsense/lg/2014_10_27-14_41_12-1311000073,realsense,discussion_area,test,identify_superlative,farthest_camera,4,Which object is farthest away in this image?,,table,object,,SUNRGBD/realsense/lg/2014_10_27-14_41_12-1311000073/image/0000063.jpg,SUNRGBD/realsense/lg/2014_10_27-14_41_12-1311000073/depth_bfx/0000063.png,rule,"{""winner_concept"": ""table"", ""winner_object_index"": 4, ""winner_area_frac"": 0.11404796867351934, ""winner_depth_m"": 2.1449999809265137, ""runner_up_concept"": null, ""runner_up_area_frac"": null, ""runner_up_depth_m"": null}"
test_002429,realsense/lg/2014_10_24-13_48_19-1311000073,scene:realsense/lg/2014_10_24-13_48_19-1311000073,realsense,rest_space,test,identify_superlative,largest,3,What object is the biggest one visible here?,,sofa,object,,SUNRGBD/realsense/lg/2014_10_24-13_48_19-1311000073/image/0000083.jpg,SUNRGBD/realsense/lg/2014_10_24-13_48_19-1311000073/depth_bfx/0000083.png,rule,"{""winner_concept"": ""sofa"", ""winner_object_index"": 1, ""winner_area_frac"": 0.3095012563287622, ""winner_depth_m"": 1.5160000324249268, ""runner_up_concept"": ""sofa"", ""runner_up_area_frac"": 0.16207886375137925, ""runner_up_depth_m"": 3.249000072479248}"
test_004205,xtion/sun3ddata/mit_dorm_mcc_eflr6/dorm_mcc_eflr6_oct_31_2012_scan1_erika/0002236-000097743891,sun3d:mit_dorm_mcc_eflr6/dorm_mcc_eflr6_oct_31_2012_scan1_erika,xtion,kitchen,test,nearest_object,,0,What is the closest object to the paper?,,cabinet,object,,SUNRGBD/xtion/sun3ddata/mit_dorm_mcc_eflr6/dorm_mcc_eflr6_oct_31_2012_scan1_erika/0002236-000097743891/image/0002236-000097743891.jpg,SUNRGBD/xtion/sun3ddata/mit_dorm_mcc_eflr6/dorm_mcc_eflr6_oct_31_2012_scan1_erika/0002236-000097743891/depth_bfx/0002228-000097738534.png,rule,"{""anchor_concept"": ""paper"", ""anchor_object_index"": 22, ""answer_concept"": ""cabinet"", ""answer_object_index"": 9, ""nearest_distance_m"": 0.213, ""second_nearest_distance_m"": 0.67}"
test_007482,xtion/sun3ddata/mit_3_huge_office/cl_2/0000079-000002714796,sun3d:mit_3_huge_office/cl_2,xtion,office,test,nearest_object,,3,Which item is positioned nearest to the table?,,chair,object,,SUNRGBD/xtion/sun3ddata/mit_3_huge_office/cl_2/0000079-000002714796/image/0000079-000002714796.jpg,SUNRGBD/xtion/sun3ddata/mit_3_huge_office/cl_2/0000079-000002714796/depth_bfx/0000078-000002707838.png,rule,"{""anchor_concept"": ""table"", ""anchor_object_index"": 3, ""answer_concept"": ""chair"", ""answer_object_index"": 6, ""nearest_distance_m"": 0.785, ""second_nearest_distance_m"": 1.486}"
test_008664,xtion/sun3ddata/mit_lab_koch/lab_koch_hood_nov_2_2012_scan1_erika/0002346-000100122898,sun3d:mit_lab_koch/lab_koch_hood_nov_2_2012_scan1_erika,xtion,lab,test,nearest_object,,1,Which object is nearest to the chair?,,table,object,,SUNRGBD/xtion/sun3ddata/mit_lab_koch/lab_koch_hood_nov_2_2012_scan1_erika/0002346-000100122898/image/0002346-000100122898.jpg,SUNRGBD/xtion/sun3ddata/mit_lab_koch/lab_koch_hood_nov_2_2012_scan1_erika/0002346-000100122898/depth_bfx/0002346-000100107750.png,rule,"{""anchor_concept"": ""chair"", ""anchor_object_index"": 1, ""answer_concept"": ""table"", ""answer_object_index"": 6, ""nearest_distance_m"": 0.459, ""second_nearest_distance_m"": 1.085}"
test_003230,xtion/sun3ddata/mit_lab_hj/lab_hj_work_nov_2_2012_scan1_erika/0006325-000254654568,sun3d:mit_lab_hj/lab_hj_work_nov_2_2012_scan1_erika,xtion,office,test,nearest_object,,4,What is right next to the door?,,shelf,object,,SUNRGBD/xtion/sun3ddata/mit_lab_hj/lab_hj_work_nov_2_2012_scan1_erika/0006325-000254654568/image/0006325-000254654568.jpg,SUNRGBD/xtion/sun3ddata/mit_lab_hj/lab_hj_work_nov_2_2012_scan1_erika/0006325-000254654568/depth_bfx/0006338-000254644425.png,rule,"{""anchor_concept"": ""door"", ""anchor_object_index"": 15, ""answer_concept"": ""shelf"", ""answer_object_index"": 7, ""nearest_distance_m"": 0.629, ""second_nearest_distance_m"": 0.804}"
test_008585,xtion/sun3ddata/mit_w85_4/4_1/0008224-000275702215,sun3d:mit_w85_4/4_1,xtion,bathroom,test,nearest_object,,1,Which object is nearest to the faucet?,,sink,object,,SUNRGBD/xtion/sun3ddata/mit_w85_4/4_1/0008224-000275702215/image/0008224-000275702215.jpg,SUNRGBD/xtion/sun3ddata/mit_w85_4/4_1/0008224-000275702215/depth_bfx/0008263-000275696744.png,rule,"{""anchor_concept"": ""faucet"", ""anchor_object_index"": 0, ""answer_concept"": ""sink"", ""answer_object_index"": 1, ""nearest_distance_m"": 0.176, ""second_nearest_distance_m"": 0.661}"
test_013320,xtion/sun3ddata/mit_32_lounge_d429/d4_lounge_1/0001239-000041492808,sun3d:mit_32_lounge_d429/d4_lounge_1,xtion,office,test,nearest_object,,2,What sits closest to the keyboard?,,computer,object,,SUNRGBD/xtion/sun3ddata/mit_32_lounge_d429/d4_lounge_1/0001239-000041492808/image/0001239-000041492808.jpg,SUNRGBD/xtion/sun3ddata/mit_32_lounge_d429/d4_lounge_1/0001239-000041492808/depth_bfx/0001243-000041488266.png,rule,"{""anchor_concept"": ""keyboard"", ""anchor_object_index"": 11, ""answer_concept"": ""computer"", ""answer_object_index"": 9, ""nearest_distance_m"": 0.401, ""second_nearest_distance_m"": 0.582}"
test_014006,xtion/sun3ddata/mit_46_4conf_1/bcs_floor4_conf_1/0000003-000000067032,sun3d:mit_46_4conf_1/bcs_floor4_conf_1,xtion,office,test,nearest_object,,1,Which object is nearest to the cabinet?,,shelf,object,,SUNRGBD/xtion/sun3ddata/mit_46_4conf_1/bcs_floor4_conf_1/0000003-000000067032/image/0000003-000000067032.jpg,SUNRGBD/xtion/sun3ddata/mit_46_4conf_1/bcs_floor4_conf_1/0000003-000000067032/depth_bfx/0000002-000000060358.png,rule,"{""anchor_concept"": ""cabinet"", ""anchor_object_index"": 1, ""answer_concept"": ""shelf"", ""answer_object_index"": 2, ""nearest_distance_m"": 1.075, ""second_nearest_distance_m"": 2.767}"
test_010628,xtion/sun3ddata/mit_36_ti_office/tian_office_1/0001913-000064116108,sun3d:mit_36_ti_office/tian_office_1,xtion,office,test,nearest_object,,0,What is the closest object to the box?,,trash can,object,,SUNRGBD/xtion/sun3ddata/mit_36_ti_office/tian_office_1/0001913-000064116108/image/0001913-000064116108.jpg,SUNRGBD/xtion/sun3ddata/mit_36_ti_office/tian_office_1/0001913-000064116108/depth_bfx/0001922-000064131421.png,rule,"{""anchor_concept"": ""box"", ""anchor_object_index"": 1, ""answer_concept"": ""trashcan"", ""answer_object_index"": 5, ""nearest_distance_m"": 0.367, ""second_nearest_distance_m"": 0.529}"
test_004016,xtion/sun3ddata/mit_46_ted_lab2/ted_lab_a/0002272-000076359795,sun3d:mit_46_ted_lab2/ted_lab_a,xtion,lab,test,nearest_object,,2,What sits closest to the bin?,,bag,object,,SUNRGBD/xtion/sun3ddata/mit_46_ted_lab2/ted_lab_a/0002272-000076359795/image/0002272-000076359795.jpg,SUNRGBD/xtion/sun3ddata/mit_46_ted_lab2/ted_lab_a/0002272-000076359795/depth_bfx/0002283-000076348844.png,rule,"{""anchor_concept"": ""bin"", ""anchor_object_index"": 0, ""answer_concept"": ""bag"", ""answer_object_index"": 1, ""nearest_distance_m"": 0.804, ""second_nearest_distance_m"": 1.19}"
test_004891,xtion/sun3ddata/mit_w85h/h4_1/0001831-000061351263,sun3d:mit_w85h/h4_1,xtion,bathroom,test,nearest_object,,2,What sits closest to the mirror?,,sink,object,,SUNRGBD/xtion/sun3ddata/mit_w85h/h4_1/0001831-000061351263/image/0001831-000061351263.jpg,SUNRGBD/xtion/sun3ddata/mit_w85h/h4_1/0001831-000061351263/depth_bfx/0001840-000061366051.png,rule,"{""anchor_concept"": ""mirror"", ""anchor_object_index"": 0, ""answer_concept"": ""sink"", ""answer_object_index"": 1, ""nearest_distance_m"": 0.787, ""second_nearest_distance_m"": 1.155}"
test_004188,xtion/sun3ddata/mit_lab_16/lab_16_nov_2_2012_scan1_erika/0015589-000666733788,sun3d:mit_lab_16/lab_16_nov_2_2012_scan1_erika,xtion,lab,test,nearest_object,,2,What sits closest to the drawer?,,box,object,,SUNRGBD/xtion/sun3ddata/mit_lab_16/lab_16_nov_2_2012_scan1_erika/0015589-000666733788/image/0015589-000666733788.jpg,SUNRGBD/xtion/sun3ddata/mit_lab_16/lab_16_nov_2_2012_scan1_erika/0015589-000666733788/depth_bfx/0015598-000666735414.png,rule,"{""anchor_concept"": ""drawer"", ""anchor_object_index"": 31, ""answer_concept"": ""box"", ""answer_object_index"": 14, ""nearest_distance_m"": 0.388, ""second_nearest_distance_m"": 0.787}"
test_014053,xtion/sun3ddata/mit_dorm_mcc_flr1/dorm_mcc_flr1_oct_31_2012_scan1_erika/0007387-000337088554,sun3d:mit_dorm_mcc_flr1/dorm_mcc_flr1_oct_31_2012_scan1_erika,xtion,idk,test,nearest_object,,4,What is right next to the table?,,photo,object,,SUNRGBD/xtion/sun3ddata/mit_dorm_mcc_flr1/dorm_mcc_flr1_oct_31_2012_scan1_erika/0007387-000337088554/image/0007387-000337088554.jpg,SUNRGBD/xtion/sun3ddata/mit_dorm_mcc_flr1/dorm_mcc_flr1_oct_31_2012_scan1_erika/0007387-000337088554/depth_bfx/0007373-000337096164.png,rule,"{""anchor_concept"": ""table"", ""anchor_object_index"": 11, ""answer_concept"": ""photo"", ""answer_object_index"": 3, ""nearest_distance_m"": 0.211, ""second_nearest_distance_m"": 0.415}"
test_005869,xtion/sun3ddata/mit_36_ti_office/tian_office_1/0003310-000110937960,sun3d:mit_36_ti_office/tian_office_1,xtion,office,test,nearest_object,,4,What is right next to the door?,,drawer,object,,SUNRGBD/xtion/sun3ddata/mit_36_ti_office/tian_office_1/0003310-000110937960/image/0003310-000110937960.jpg,SUNRGBD/xtion/sun3ddata/mit_36_ti_office/tian_office_1/0003310-000110937960/depth_bfx/0003325-000110948479.png,rule,"{""anchor_concept"": ""door"", ""anchor_object_index"": 4, ""answer_concept"": ""drawer"", ""answer_object_index"": 6, ""nearest_distance_m"": 0.914, ""second_nearest_distance_m"": 1.263}"
test_008213,xtion/sun3ddata/mit_lab_hj/lab_hj_work_nov_2_2012_scan1_erika/0001579-000067266612,sun3d:mit_lab_hj/lab_hj_work_nov_2_2012_scan1_erika,xtion,office,test,nearest_object,,0,What is the closest object to the window?,,monitor,object,,SUNRGBD/xtion/sun3ddata/mit_lab_hj/lab_hj_work_nov_2_2012_scan1_erika/0001579-000067266612/image/0001579-000067266612.jpg,SUNRGBD/xtion/sun3ddata/mit_lab_hj/lab_hj_work_nov_2_2012_scan1_erika/0001579-000067266612/depth_bfx/0001587-000067276086.png,rule,"{""anchor_concept"": ""window"", ""anchor_object_index"": 4, ""answer_concept"": ""monitor"", ""answer_object_index"": 6, ""nearest_distance_m"": 1.153, ""second_nearest_distance_m"": 1.621}"
test_007624,xtion/sun3ddata/mit_46_ted_lab2/ted_lab_a/0004572-000153446595,sun3d:mit_46_ted_lab2/ted_lab_a,xtion,storage_room,test,nearest_object,,3,Which item is positioned nearest to the refrigerator?,,box,object,,SUNRGBD/xtion/sun3ddata/mit_46_ted_lab2/ted_lab_a/0004572-000153446595/image/0004572-000153446595.jpg,SUNRGBD/xtion/sun3ddata/mit_46_ted_lab2/ted_lab_a/0004572-000153446595/depth_bfx/0004593-000153431811.png,rule,"{""anchor_concept"": ""refrigerator"", ""anchor_object_index"": 0, ""answer_concept"": ""box"", ""answer_object_index"": 5, ""nearest_distance_m"": 0.268, ""second_nearest_distance_m"": 0.702}"
test_010075,xtion/sun3ddata/mit_dorm_masseeh_xc/dorm_masseeh_xc_oct_29_2012_scan1_erika/0001531-000066998532,sun3d:mit_dorm_masseeh_xc/dorm_masseeh_xc_oct_29_2012_scan1_erika,xtion,bedroom,test,nearest_object,,2,What sits closest to the basket?,,box,object,,SUNRGBD/xtion/sun3ddata/mit_dorm_masseeh_xc/dorm_masseeh_xc_oct_29_2012_scan1_erika/0001531-000066998532/image/0001531-000066998532.jpg,SUNRGBD/xtion/sun3ddata/mit_dorm_masseeh_xc/dorm_masseeh_xc_oct_29_2012_scan1_erika/0001531-000066998532/depth_bfx/0001528-000067005454.png,rule,"{""anchor_concept"": ""basket"", ""anchor_object_index"": 14, ""answer_concept"": ""box"", ""answer_object_index"": 10, ""nearest_distance_m"": 0.382, ""second_nearest_distance_m"": 0.527}"
test_009508,xtion/sun3ddata/mit_dorm_mcc_wflr7/dorm_mcc_wflr7_oct_31_2012_scan1_erika/0001023-000043982976,sun3d:mit_dorm_mcc_wflr7/dorm_mcc_wflr7_oct_31_2012_scan1_erika,xtion,kitchen,test,nearest_object,,4,What is right next to the bottle?,,bowl,object,,SUNRGBD/xtion/sun3ddata/mit_dorm_mcc_wflr7/dorm_mcc_wflr7_oct_31_2012_scan1_erika/0001023-000043982976/image/0001023-000043982976.jpg,SUNRGBD/xtion/sun3ddata/mit_dorm_mcc_wflr7/dorm_mcc_wflr7_oct_31_2012_scan1_erika/0001023-000043982976/depth_bfx/0001021-000043980672.png,rule,"{""anchor_concept"": ""bottle"", ""anchor_object_index"": 6, ""answer_concept"": ""bowl"", ""answer_object_index"": 7, ""nearest_distance_m"": 0.03, ""second_nearest_distance_m"": 0.357}"
test_006393,xtion/sun3ddata/mit_dorm_next_536/dorm_next_536_oct_29_2012_scan1_erika/0000598-000025975504,sun3d:mit_dorm_next_536/dorm_next_536_oct_29_2012_scan1_erika,xtion,bedroom,test,nearest_object,,4,What is right next to the window?,,blind,object,,SUNRGBD/xtion/sun3ddata/mit_dorm_next_536/dorm_next_536_oct_29_2012_scan1_erika/0000598-000025975504/image/0000598-000025975504.jpg,SUNRGBD/xtion/sun3ddata/mit_dorm_next_536/dorm_next_536_oct_29_2012_scan1_erika/0000598-000025975504/depth_bfx/0000594-000025961276.png,rule,"{""anchor_concept"": ""window"", ""anchor_object_index"": 2, ""answer_concept"": ""blind"", ""answer_object_index"": 12, ""nearest_distance_m"": 0.176, ""second_nearest_distance_m"": 0.761}"
test_004582,xtion/sun3ddata/mit_w85k2/k1/0001540-000051594771,sun3d:mit_w85k2/k1,xtion,bedroom,test,nearest_object,,0,What is the closest object to the fan?,,door,object,,SUNRGBD/xtion/sun3ddata/mit_w85k2/k1/0001540-000051594771/image/0001540-000051594771.jpg,SUNRGBD/xtion/sun3ddata/mit_w85k2/k1/0001540-000051594771/depth_bfx/0001547-000051588861.png,rule,"{""anchor_concept"": ""fan"", ""anchor_object_index"": 0, ""answer_concept"": ""door"", ""answer_object_index"": 1, ""nearest_distance_m"": 0.467, ""second_nearest_distance_m"": 1.613}"
test_011624,xtion/xtion_align_data/2014_12_18_13_59_41,scene:xtion/xtion_align_data/2014_12_18_13_59_41,xtion,bathroom,test,nearest_object,,4,What is right next to the trash can?,,counter,object,,SUNRGBD/xtion/xtion_align_data/2014_12_18_13_59_41/image/0000133.jpg,SUNRGBD/xtion/xtion_align_data/2014_12_18_13_59_41/depth_bfx/0000133.png,rule,"{""anchor_concept"": ""trashcan"", ""anchor_object_index"": 16, ""answer_concept"": ""counter"", ""answer_object_index"": 17, ""nearest_distance_m"": 0.501, ""second_nearest_distance_m"": 1.479}"
test_007554,xtion/sun3ddata/mit_dorm_mcc_eflr6/dorm_mcc_eflr6_oct_31_2012_scan1_erika/0000153-000006345759,sun3d:mit_dorm_mcc_eflr6/dorm_mcc_eflr6_oct_31_2012_scan1_erika,xtion,dining_room,test,nearest_object,,3,Which item is positioned nearest to the bag?,,shelf,object,,SUNRGBD/xtion/sun3ddata/mit_dorm_mcc_eflr6/dorm_mcc_eflr6_oct_31_2012_scan1_erika/0000153-000006345759/image/0000153-000006345759.jpg,SUNRGBD/xtion/sun3ddata/mit_dorm_mcc_eflr6/dorm_mcc_eflr6_oct_31_2012_scan1_erika/0000153-000006345759/depth_bfx/0000154-000006373527.png,rule,"{""anchor_concept"": ""bag"", ""anchor_object_index"": 17, ""answer_concept"": ""shelf"", ""answer_object_index"": 16, ""nearest_distance_m"": 0.763, ""second_nearest_distance_m"": 1.543}"
test_001618,xtion/sun3ddata/mit_32_d6_lounge/d6_lounge_1/0006738-000225830808,sun3d:mit_32_d6_lounge/d6_lounge_1,xtion,office_kitchen,test,nearest_object,,4,What is right next to the paper?,,door,object,,SUNRGBD/xtion/sun3ddata/mit_32_d6_lounge/d6_lounge_1/0006738-000225830808/image/0006738-000225830808.jpg,SUNRGBD/xtion/sun3ddata/mit_32_d6_lounge/d6_lounge_1/0006738-000225830808/depth_bfx/0006767-000225818331.png,rule,"{""anchor_concept"": ""paper"", ""anchor_object_index"": 6, ""answer_concept"": ""door"", ""answer_object_index"": 2, ""nearest_distance_m"": 0.325, ""second_nearest_distance_m"": 0.481}"
test_008479,xtion/sun3ddata/mit_dorm_next_jc/dorm_next_jc_oct_30_2012_scan1_erika/0002602-000113518692,sun3d:mit_dorm_next_jc/dorm_next_jc_oct_30_2012_scan1_erika,xtion,bedroom,test,nearest_object,,1,Which object is nearest to the shelf?,,board,object,,SUNRGBD/xtion/sun3ddata/mit_dorm_next_jc/dorm_next_jc_oct_30_2012_scan1_erika/0002602-000113518692/image/0002602-000113518692.jpg,SUNRGBD/xtion/sun3ddata/mit_dorm_next_jc/dorm_next_jc_oct_30_2012_scan1_erika/0002602-000113518692/depth_bfx/0002599-000113531638.png,rule,"{""anchor_concept"": ""shelf"", ""anchor_object_index"": 16, ""answer_concept"": ""board"", ""answer_object_index"": 17, ""nearest_distance_m"": 0.186, ""second_nearest_distance_m"": 0.346}"
test_009500,xtion/sun3ddata/mit_dorm_next_sj/dorm_next_sj_oct_30_2012_scan1_erika/0000097-000004155984,sun3d:mit_dorm_next_sj/dorm_next_sj_oct_30_2012_scan1_erika,xtion,bedroom,test,nearest_object,,1,Which object is nearest to the cloth?,,shelf,object,,SUNRGBD/xtion/sun3ddata/mit_dorm_next_sj/dorm_next_sj_oct_30_2012_scan1_erika/0000097-000004155984/image/0000097-000004155984.jpg,SUNRGBD/xtion/sun3ddata/mit_dorm_next_sj/dorm_next_sj_oct_30_2012_scan1_erika/0000097-000004155984/depth_bfx/0000097-000004139473.png,rule,"{""anchor_concept"": ""cloth"", ""anchor_object_index"": 0, ""answer_concept"": ""shelf"", ""answer_object_index"": 1, ""nearest_distance_m"": 0.699, ""second_nearest_distance_m"": 1.143}"
test_012182,xtion/sun3ddata/mit_lab_pdl/lab_pdl_nov_2_2012_scan1_erika/0002155-000094232745,sun3d:mit_lab_pdl/lab_pdl_nov_2_2012_scan1_erika,xtion,lab,test,nearest_object,,4,What is right next to the computer?,,desk,object,,SUNRGBD/xtion/sun3ddata/mit_lab_pdl/lab_pdl_nov_2_2012_scan1_erika/0002155-000094232745/image/0002155-000094232745.jpg,SUNRGBD/xtion/sun3ddata/mit_lab_pdl/lab_pdl_nov_2_2012_scan1_erika/0002155-000094232745/depth_bfx/0002163-000094234762.png,rule,"{""anchor_concept"": ""computer"", ""anchor_object_index"": 0, ""answer_concept"": ""desk"", ""answer_object_index"": 9, ""nearest_distance_m"": 0.608, ""second_nearest_distance_m"": 0.795}"
test_003803,xtion/sun3ddata/mit_32_lounge_d429/d4_lounge_1/0003315-000111072024,sun3d:mit_32_lounge_d429/d4_lounge_1,xtion,office,test,nearest_object,,5,Which object is closest in distance to the window?,,chair,object,,SUNRGBD/xtion/sun3ddata/mit_32_lounge_d429/d4_lounge_1/0003315-000111072024/image/0003315-000111072024.jpg,SUNRGBD/xtion/sun3ddata/mit_32_lounge_d429/d4_lounge_1/0003315-000111072024/depth_bfx/0003327-000111063152.png,rule,"{""anchor_concept"": ""window"", ""anchor_object_index"": 10, ""answer_concept"": ""chair"", ""answer_object_index"": 7, ""nearest_distance_m"": 1.345, ""second_nearest_distance_m"": 2.875}"
test_013339,xtion/sun3ddata/mit_dorm_masseeh_sr/dorm_masseeh_sr_scan1_oct_26_2012_erika/0000162-000006921989,sun3d:mit_dorm_masseeh_sr/dorm_masseeh_sr_scan1_oct_26_2012_erika,xtion,study_space,test,nearest_object,,5,Which object is closest in distance to the chair?,,table,object,,SUNRGBD/xtion/sun3ddata/mit_dorm_masseeh_sr/dorm_masseeh_sr_scan1_oct_26_2012_erika/0000162-000006921989/image/0000162-000006921989.jpg,SUNRGBD/xtion/sun3ddata/mit_dorm_masseeh_sr/dorm_masseeh_sr_scan1_oct_26_2012_erika/0000162-000006921989/depth_bfx/0000162-000006907435.png,rule,"{""anchor_concept"": ""chair"", ""anchor_object_index"": 6, ""answer_concept"": ""table"", ""answer_object_index"": 4, ""nearest_distance_m"": 0.802, ""second_nearest_distance_m"": 1.342}"
test_003183,xtion/sun3ddata/mit_dorm_mcc_nk/dorm_mcc_nk_oct_31_2012_scan1_erika/0003544-000160575156,sun3d:mit_dorm_mcc_nk/dorm_mcc_nk_oct_31_2012_scan1_erika,xtion,bedroom,test,nearest_object,,1,Which object is nearest to the window?,,curtain,object,,SUNRGBD/xtion/sun3ddata/mit_dorm_mcc_nk/dorm_mcc_nk_oct_31_2012_scan1_erika/0003544-000160575156/image/0003544-000160575156.jpg,SUNRGBD/xtion/sun3ddata/mit_dorm_mcc_nk/dorm_mcc_nk_oct_31_2012_scan1_erika/0003544-000160575156/depth_bfx/0003548-000160593060.png,rule,"{""anchor_concept"": ""window"", ""anchor_object_index"": 1, ""answer_concept"": ""curtain"", ""answer_object_index"": 0, ""nearest_distance_m"": 0.553, ""second_nearest_distance_m"": 1.246}"
test_012586,xtion/sun3ddata/mit_dorm_next_dn/dorm_next_dn_oct_30_2012_scan1_erika/0001045-000046356432,sun3d:mit_dorm_next_dn/dorm_next_dn_oct_30_2012_scan1_erika,xtion,bedroom,test,nearest_object,,5,Which object is closest in distance to the box?,,bag,object,,SUNRGBD/xtion/sun3ddata/mit_dorm_next_dn/dorm_next_dn_oct_30_2012_scan1_erika/0001045-000046356432/image/0001045-000046356432.jpg,SUNRGBD/xtion/sun3ddata/mit_dorm_next_dn/dorm_next_dn_oct_30_2012_scan1_erika/0001045-000046356432/depth_bfx/0001045-000046349889.png,rule,"{""anchor_concept"": ""box"", ""anchor_object_index"": 8, ""answer_concept"": ""bag"", ""answer_object_index"": 6, ""nearest_distance_m"": 0.404, ""second_nearest_distance_m"": 0.518}"
test_010872,xtion/sun3ddata/mit_76_417/76-417a/0002835-000094984344,sun3d:mit_76_417/76-417a,xtion,lab,test,nearest_object,,3,Which item is positioned nearest to the keyboard?,,monitor,object,,SUNRGBD/xtion/sun3ddata/mit_76_417/76-417a/0002835-000094984344/image/0002835-000094984344.jpg,SUNRGBD/xtion/sun3ddata/mit_76_417/76-417a/0002835-000094984344/depth_bfx/0002847-000094979128.png,rule,"{""anchor_concept"": ""keyboard"", ""anchor_object_index"": 1, ""answer_concept"": ""monitor"", ""answer_object_index"": 0, ""nearest_distance_m"": 0.233, ""second_nearest_distance_m"": 0.656}"
test_003446,xtion/sun3ddata/mit_w16/kresge_back/0000928-000042373658,sun3d:mit_w16/kresge_back,xtion,basement,test,nearest_object,,1,Which object is nearest to the glass?,,curtain,object,,SUNRGBD/xtion/sun3ddata/mit_w16/kresge_back/0000928-000042373658/image/0000928-000042373658.jpg,SUNRGBD/xtion/sun3ddata/mit_w16/kresge_back/0000928-000042373658/depth_bfx/0000933-000042345578.png,rule,"{""anchor_concept"": ""glass"", ""anchor_object_index"": 5, ""answer_concept"": ""curtain"", ""answer_object_index"": 0, ""nearest_distance_m"": 2.337, ""second_nearest_distance_m"": 3.126}"
test_008752,xtion/sun3ddata/mit_46_ted_lab1/ted_lab_1/0002296-000077032275,sun3d:mit_46_ted_lab1/ted_lab_1,xtion,office,test,nearest_object,,4,What is right next to the stand?,,table,object,,SUNRGBD/xtion/sun3ddata/mit_46_ted_lab1/ted_lab_1/0002296-000077032275/image/0002296-000077032275.jpg,SUNRGBD/xtion/sun3ddata/mit_46_ted_lab1/ted_lab_1/0002296-000077032275/depth_bfx/0002307-000077016229.png,rule,"{""anchor_concept"": ""stand"", ""anchor_object_index"": 2, ""answer_concept"": ""table"", ""answer_object_index"": 1, ""nearest_distance_m"": 0.337, ""second_nearest_distance_m"": 0.983}"
test_003649,xtion/sun3ddata/mit_lab_hj/lab_hj_work_nov_2_2012_scan1_erika/0000425-000019573344,sun3d:mit_lab_hj/lab_hj_work_nov_2_2012_scan1_erika,xtion,office,test,nearest_object,,5,Which object is closest in distance to the window?,,monitor,object,,SUNRGBD/xtion/sun3ddata/mit_lab_hj/lab_hj_work_nov_2_2012_scan1_erika/0000425-000019573344/image/0000425-000019573344.jpg,SUNRGBD/xtion/sun3ddata/mit_lab_hj/lab_hj_work_nov_2_2012_scan1_erika/0000425-000019573344/depth_bfx/0000426-000019591428.png,rule,"{""anchor_concept"": ""window"", ""anchor_object_index"": 13, ""answer_concept"": ""monitor"", ""answer_object_index"": 2, ""nearest_distance_m"": 0.584, ""second_nearest_distance_m"": 1.0}"
test_010802,xtion/sun3ddata/mit_36_ti_lab2/tian_lab_a/0003607-000120858696,sun3d:mit_36_ti_lab2/tian_lab_a,xtion,lab,test,nearest_object,,1,Which object is nearest to the sink?,,stand,object,,SUNRGBD/xtion/sun3ddata/mit_36_ti_lab2/tian_lab_a/0003607-000120858696/image/0003607-000120858696.jpg,SUNRGBD/xtion/sun3ddata/mit_36_ti_lab2/tian_lab_a/0003607-000120858696/depth_bfx/0003622-000120869994.png,rule,"{""anchor_concept"": ""sink"", ""anchor_object_index"": 14, ""answer_concept"": ""stand"", ""answer_object_index"": 15, ""nearest_distance_m"": 0.484, ""second_nearest_distance_m"": 0.783}"
test_000497,xtion/sun3ddata/mit_3_huge_office/cl_1/0008488-000284450292,sun3d:mit_3_huge_office/cl_1,xtion,office,test,nearest_object,,2,What sits closest to the drawer?,,chair,object,,SUNRGBD/xtion/sun3ddata/mit_3_huge_office/cl_1/0008488-000284450292/image/0008488-000284450292.jpg,SUNRGBD/xtion/sun3ddata/mit_3_huge_office/cl_1/0008488-000284450292/depth_bfx/0008525-000284459551.png,rule,"{""anchor_concept"": ""drawer"", ""anchor_object_index"": 24, ""answer_concept"": ""chair"", ""answer_object_index"": 5, ""nearest_distance_m"": 0.416, ""second_nearest_distance_m"": 0.734}"
test_012365,xtion/xtion_align_data/2014_12_18_12_12_54,scene:xtion/xtion_align_data/2014_12_18_12_12_54,xtion,rest_space,test,nearest_object,,2,What sits closest to the chair?,,table,object,,SUNRGBD/xtion/xtion_align_data/2014_12_18_12_12_54/image/0000114.jpg,SUNRGBD/xtion/xtion_align_data/2014_12_18_12_12_54/depth_bfx/0000114.png,rule,"{""anchor_concept"": ""chair"", ""anchor_object_index"": 2, ""answer_concept"": ""table"", ""answer_object_index"": 3, ""nearest_distance_m"": 0.687, ""second_nearest_distance_m"": 1.493}"
test_011013,xtion/sun3ddata/mit_w85h/h2_1/0000224-000007474068,sun3d:mit_w85h/h2_1,xtion,bedroom,test,nearest_object,,5,Which object is closest in distance to the heater?,,lamp,object,,SUNRGBD/xtion/sun3ddata/mit_w85h/h2_1/0000224-000007474068/image/0000224-000007474068.jpg,SUNRGBD/xtion/sun3ddata/mit_w85h/h2_1/0000224-000007474068/depth_bfx/0000224-000007464822.png,rule,"{""anchor_concept"": ""heater"", ""anchor_object_index"": 17, ""answer_concept"": ""lamp"", ""answer_object_index"": 8, ""nearest_distance_m"": 0.226, ""second_nearest_distance_m"": 0.601}"
test_001924,xtion/sun3ddata/mit_w85d/d1/0001714-000057742024,sun3d:mit_w85d/d1,xtion,living_room,test,nearest_object,,4,What is right next to the table?,,rug,object,,SUNRGBD/xtion/sun3ddata/mit_w85d/d1/0001714-000057742024/image/0001714-000057742024.jpg,SUNRGBD/xtion/sun3ddata/mit_w85d/d1/0001714-000057742024/depth_bfx/0001722-000057728803.png,rule,"{""anchor_concept"": ""table"", ""anchor_object_index"": 2, ""answer_concept"": ""rug"", ""answer_object_index"": 7, ""nearest_distance_m"": 0.745, ""second_nearest_distance_m"": 2.448}"
test_003064,xtion/sun3ddata/mit_32_d6_lounge/d6_lounge_1/0001986-000066562776,sun3d:mit_32_d6_lounge/d6_lounge_1,xtion,stairs,test,nearest_object,,1,Which object is nearest to the plant?,,carpet,object,,SUNRGBD/xtion/sun3ddata/mit_32_d6_lounge/d6_lounge_1/0001986-000066562776/image/0001986-000066562776.jpg,SUNRGBD/xtion/sun3ddata/mit_32_d6_lounge/d6_lounge_1/0001986-000066562776/depth_bfx/0001994-000066546901.png,rule,"{""anchor_concept"": ""plant"", ""anchor_object_index"": 1, ""answer_concept"": ""carpet"", ""answer_object_index"": 17, ""nearest_distance_m"": 1.091, ""second_nearest_distance_m"": 2.485}"
test_000202,xtion/sun3ddata/mit_dorm_masseeh_md/dorm_masseeh_md_scan1_oct_26_2012_erika/0001066-000048365734,sun3d:mit_dorm_masseeh_md/dorm_masseeh_md_scan1_oct_26_2012_erika,xtion,home_office,test,nearest_object,,0,What is the closest object to the dresser?,,poster,object,,SUNRGBD/xtion/sun3ddata/mit_dorm_masseeh_md/dorm_masseeh_md_scan1_oct_26_2012_erika/0001066-000048365734/image/0001066-000048365734.jpg,SUNRGBD/xtion/sun3ddata/mit_dorm_masseeh_md/dorm_masseeh_md_scan1_oct_26_2012_erika/0001066-000048365734/depth_bfx/0001064-000048352043.png,rule,"{""anchor_concept"": ""dresser"", ""anchor_object_index"": 0, ""answer_concept"": ""poster"", ""answer_object_index"": 8, ""nearest_distance_m"": 0.552, ""second_nearest_distance_m"": 0.766}"
test_004090,xtion/sun3ddata/mit_dorm_masseeh_flr4a/dorm_masseeh_flr4_scan1_oct_26_2012_erika/0003096-000137415600,sun3d:mit_dorm_masseeh_flr4a/dorm_masseeh_flr4_scan1_oct_26_2012_erika,xtion,corridor,test,nearest_object,,5,Which object is closest in distance to the board?,,door,object,,SUNRGBD/xtion/sun3ddata/mit_dorm_masseeh_flr4a/dorm_masseeh_flr4_scan1_oct_26_2012_erika/0003096-000137415600/image/0003096-000137415600.jpg,SUNRGBD/xtion/sun3ddata/mit_dorm_masseeh_flr4a/dorm_masseeh_flr4_scan1_oct_26_2012_erika/0003096-000137415600/depth_bfx/0003091-000137425155.png,rule,"{""anchor_concept"": ""board"", ""anchor_object_index"": 2, ""answer_concept"": ""door"", ""answer_object_index"": 7, ""nearest_distance_m"": 1.204, ""second_nearest_distance_m"": 2.147}"
test_000083,xtion/sun3ddata/mit_ne47_2conf/ne47_floor2_conf_room/0000582-000019472796,sun3d:mit_ne47_2conf/ne47_floor2_conf_room,xtion,conference_room,test,nearest_object,,0,What is the closest object to the drawer?,,box,object,,SUNRGBD/xtion/sun3ddata/mit_ne47_2conf/ne47_floor2_conf_room/0000582-000019472796/image/0000582-000019472796.jpg,SUNRGBD/xtion/sun3ddata/mit_ne47_2conf/ne47_floor2_conf_room/0000582-000019472796/depth_bfx/0000584-000019474411.png,rule,"{""anchor_concept"": ""drawer"", ""anchor_object_index"": 11, ""answer_concept"": ""box"", ""answer_object_index"": 10, ""nearest_distance_m"": 0.241, ""second_nearest_distance_m"": 0.574}"
test_013178,xtion/sun3ddata/mit_lab_16/lab_16_nov_2_2012_scan1_erika/0015807-000676017720,sun3d:mit_lab_16/lab_16_nov_2_2012_scan1_erika,xtion,lab,test,nearest_object,,5,Which object is closest in distance to the box?,,window,object,,SUNRGBD/xtion/sun3ddata/mit_lab_16/lab_16_nov_2_2012_scan1_erika/0015807-000676017720/image/0015807-000676017720.jpg,SUNRGBD/xtion/sun3ddata/mit_lab_16/lab_16_nov_2_2012_scan1_erika/0015807-000676017720/depth_bfx/0015815-000676012065.png,rule,"{""anchor_concept"": ""box"", ""anchor_object_index"": 3, ""answer_concept"": ""window"", ""answer_object_index"": 27, ""nearest_distance_m"": 4.471, ""second_nearest_distance_m"": 7.64}"
test_002710,xtion/sun3ddata/mit_32_g5_lounge/g5_lounge_1/0002469-000082753130,sun3d:mit_32_g5_lounge/g5_lounge_1,xtion,discussion_area,test,nearest_object,,2,What sits closest to the blind?,,plant,object,,SUNRGBD/xtion/sun3ddata/mit_32_g5_lounge/g5_lounge_1/0002469-000082753130/image/0002469-000082753130.jpg,SUNRGBD/xtion/sun3ddata/mit_32_g5_lounge/g5_lounge_1/0002469-000082753130/depth_bfx/0002481-000082755740.png,rule,"{""anchor_concept"": ""blind"", ""anchor_object_index"": 18, ""answer_concept"": ""plant"", ""answer_object_index"": 6, ""nearest_distance_m"": 1.241, ""second_nearest_distance_m"": 2.003}"
test_008644,xtion/sun3ddata/mit_3_270/classroom_3270_oct_30_2012_scan1_erika/0000987-000041258196,sun3d:mit_3_270/classroom_3270_oct_30_2012_scan1_erika,xtion,lecture_theatre,test,nearest_object,,1,Which object is nearest to the wood?,,door,object,,SUNRGBD/xtion/sun3ddata/mit_3_270/classroom_3270_oct_30_2012_scan1_erika/0000987-000041258196/image/0000987-000041258196.jpg,SUNRGBD/xtion/sun3ddata/mit_3_270/classroom_3270_oct_30_2012_scan1_erika/0000987-000041258196/depth_bfx/0000983-000041246358.png,rule,"{""anchor_concept"": ""wood"", ""anchor_object_index"": 4, ""answer_concept"": ""door"", ""answer_object_index"": 2, ""nearest_distance_m"": 1.094, ""second_nearest_distance_m"": 2.229}"
test_001506,xtion/sun3ddata/mit_dorm_mcc_wph/dorm_mcc_wph_oct_31_2012_scan1_erika/0008276-000368178782,sun3d:mit_dorm_mcc_wph/dorm_mcc_wph_oct_31_2012_scan1_erika,xtion,rest_space,test,nearest_object,,4,What is right next to the plant?,,bag,object,,SUNRGBD/xtion/sun3ddata/mit_dorm_mcc_wph/dorm_mcc_wph_oct_31_2012_scan1_erika/0008276-000368178782/image/0008276-000368178782.jpg,SUNRGBD/xtion/sun3ddata/mit_dorm_mcc_wph/dorm_mcc_wph_oct_31_2012_scan1_erika/0008276-000368178782/depth_bfx/0008274-000368162935.png,rule,"{""anchor_concept"": ""plant"", ""anchor_object_index"": 0, ""answer_concept"": ""bag"", ""answer_object_index"": 2, ""nearest_distance_m"": 1.4, ""second_nearest_distance_m"": 2.129}"
test_003647,xtion/sun3ddata/mit_w85_12/12_1_1/0001442-000048765780,sun3d:mit_w85_12/12_1_1,xtion,bedroom,test,nearest_object,,2,What sits closest to the box?,,shelf,object,,SUNRGBD/xtion/sun3ddata/mit_w85_12/12_1_1/0001442-000048765780/image/0001442-000048765780.jpg,SUNRGBD/xtion/sun3ddata/mit_w85_12/12_1_1/0001442-000048765780/depth_bfx/0001449-000048775178.png,rule,"{""anchor_concept"": ""box"", ""anchor_object_index"": 10, ""answer_concept"": ""shelf"", ""answer_object_index"": 8, ""nearest_distance_m"": 0.097, ""second_nearest_distance_m"": 0.232}"
test_013655,xtion/sun3ddata/mit_lab_koch/lab_koch_hood_nov_2_2012_scan1_erika/0001211-000051993922,sun3d:mit_lab_koch/lab_koch_hood_nov_2_2012_scan1_erika,xtion,lab,test,nearest_object,,5,Which object is closest in distance to the trash can?,,machine,object,,SUNRGBD/xtion/sun3ddata/mit_lab_koch/lab_koch_hood_nov_2_2012_scan1_erika/0001211-000051993922/image/0001211-000051993922.jpg,SUNRGBD/xtion/sun3ddata/mit_lab_koch/lab_koch_hood_nov_2_2012_scan1_erika/0001211-000051993922/depth_bfx/0001212-000051989291.png,rule,"{""anchor_concept"": ""trashcan"", ""anchor_object_index"": 1, ""answer_concept"": ""machine"", ""answer_object_index"": 9, ""nearest_distance_m"": 1.167, ""second_nearest_distance_m"": 1.978}"
test_007291,xtion/sun3ddata/mit_76_417/76-417a/0013517-000453069288,sun3d:mit_76_417/76-417a,xtion,lab,test,nearest_object,,2,What sits closest to the clothes?,,desk,object,,SUNRGBD/xtion/sun3ddata/mit_76_417/76-417a/0013517-000453069288/image/0013517-000453069288.jpg,SUNRGBD/xtion/sun3ddata/mit_76_417/76-417a/0013517-000453069288/depth_bfx/0013578-000453064550.png,rule,"{""anchor_concept"": ""clothes"", ""anchor_object_index"": 12, ""answer_concept"": ""desk"", ""answer_object_index"": 2, ""nearest_distance_m"": 0.14, ""second_nearest_distance_m"": 0.419}"
test_001846,xtion/sun3ddata/mit_ne47_huge_office/ne47_floor2_office_2/0000942-000031551680,sun3d:mit_ne47_huge_office/ne47_floor2_office_2,xtion,office,test,nearest_object,,3,Which item is positioned nearest to the jar?,,cupboard,object,,SUNRGBD/xtion/sun3ddata/mit_ne47_huge_office/ne47_floor2_office_2/0000942-000031551680/image/0000942-000031551680.jpg,SUNRGBD/xtion/sun3ddata/mit_ne47_huge_office/ne47_floor2_office_2/0000942-000031551680/depth_bfx/0000947-000031567311.png,rule,"{""anchor_concept"": ""jar"", ""anchor_object_index"": 14, ""answer_concept"": ""cupboard"", ""answer_object_index"": 3, ""nearest_distance_m"": 0.322, ""second_nearest_distance_m"": 0.57}"
test_007219,xtion/sun3ddata/mit_w85h/h2_1/0006920-000232031268,sun3d:mit_w85h/h2_1,xtion,bedroom,test,nearest_object,,2,What sits closest to the blanket?,,bed,object,,SUNRGBD/xtion/sun3ddata/mit_w85h/h2_1/0006920-000232031268/image/0006920-000232031268.jpg,SUNRGBD/xtion/sun3ddata/mit_w85h/h2_1/0006920-000232031268/depth_bfx/0006954-000232039874.png,rule,"{""anchor_concept"": ""blanket"", ""anchor_object_index"": 2, ""answer_concept"": ""bed"", ""answer_object_index"": 3, ""nearest_distance_m"": 0.126, ""second_nearest_distance_m"": 0.614}"
test_000246,kv2/kinect2data/001879_2014-06-22_13-49-56_260595134347_rgbf000029-resize,scene:kv2/kinect2data/001879_2014-06-22_13-49-56_260595134347_rgbf000029-resize,kv2,furniture_store,test,nearest_object,,3,Which item is positioned nearest to the painting?,,lamp,object,,SUNRGBD/kv2/kinect2data/001879_2014-06-22_13-49-56_260595134347_rgbf000029-resize/image/0000029.jpg,SUNRGBD/kv2/kinect2data/001879_2014-06-22_13-49-56_260595134347_rgbf000029-resize/depth_bfx/0000029.png,rule,"{""anchor_concept"": ""painting"", ""anchor_object_index"": 1, ""answer_concept"": ""lamp"", ""answer_object_index"": 16, ""nearest_distance_m"": 1.134, ""second_nearest_distance_m"": 1.688}"
test_012478,kv2/kinect2data/003277_2014-05-14_16-11-27_094959634447_rgbf000101-resize,scene:kv2/kinect2data/003277_2014-05-14_16-11-27_094959634447_rgbf000101-resize,kv2,classroom,test,nearest_object,,1,Which object is nearest to the board?,,table,object,,SUNRGBD/kv2/kinect2data/003277_2014-05-14_16-11-27_094959634447_rgbf000101-resize/image/0000101.jpg,SUNRGBD/kv2/kinect2data/003277_2014-05-14_16-11-27_094959634447_rgbf000101-resize/depth_bfx/0000101.png,rule,"{""anchor_concept"": ""board"", ""anchor_object_index"": 16, ""answer_concept"": ""table"", ""answer_object_index"": 4, ""nearest_distance_m"": 1.293, ""second_nearest_distance_m"": 1.856}"
test_001458,kv2/kinect2data/001058_2014-06-08_21-52-41_260595134347_rgbf000077-resize,scene:kv2/kinect2data/001058_2014-06-08_21-52-41_260595134347_rgbf000077-resize,kv2,office,test,nearest_object,,3,Which item is positioned nearest to the drawer?,,desk,object,,SUNRGBD/kv2/kinect2data/001058_2014-06-08_21-52-41_260595134347_rgbf000077-resize/image/0000077.jpg,SUNRGBD/kv2/kinect2data/001058_2014-06-08_21-52-41_260595134347_rgbf000077-resize/depth_bfx/0000077.png,rule,"{""anchor_concept"": ""drawer"", ""anchor_object_index"": 13, ""answer_concept"": ""desk"", ""answer_object_index"": 2, ""nearest_distance_m"": 0.585, ""second_nearest_distance_m"": 0.791}"
test_012845,kv2/kinect2data/000741_2014-06-08_18-47-12_260595134347_rgbf000066-resize,scene:kv2/kinect2data/000741_2014-06-08_18-47-12_260595134347_rgbf000066-resize,kv2,office,test,nearest_object,,4,What is right next to the plant?,,poster,object,,SUNRGBD/kv2/kinect2data/000741_2014-06-08_18-47-12_260595134347_rgbf000066-resize/image/0000066.jpg,SUNRGBD/kv2/kinect2data/000741_2014-06-08_18-47-12_260595134347_rgbf000066-resize/depth_bfx/0000066.png,rule,"{""anchor_concept"": ""plant"", ""anchor_object_index"": 10, ""answer_concept"": ""poster"", ""answer_object_index"": 16, ""nearest_distance_m"": 1.161, ""second_nearest_distance_m"": 1.558}"
test_006442,kv2/kinect2data/001901_2014-06-22_13-58-52_260595134347_rgbf000066-resize,scene:kv2/kinect2data/001901_2014-06-22_13-58-52_260595134347_rgbf000066-resize,kv2,furniture_store,test,nearest_object,,3,Which item is positioned nearest to the bed?,,dresser,object,,SUNRGBD/kv2/kinect2data/001901_2014-06-22_13-58-52_260595134347_rgbf000066-resize/image/0000066.jpg,SUNRGBD/kv2/kinect2data/001901_2014-06-22_13-58-52_260595134347_rgbf000066-resize/depth_bfx/0000066.png,rule,"{""anchor_concept"": ""bed"", ""anchor_object_index"": 6, ""answer_concept"": ""dresser"", ""answer_object_index"": 3, ""nearest_distance_m"": 2.239, ""second_nearest_distance_m"": 3.479}"
test_006460,kv2/align_kv2/2014-12-18_11-59-09_260595134347,scene:kv2/align_kv2/2014-12-18_11-59-09_260595134347,kv2,recreation_room,test,nearest_object,,1,Which object is nearest to the plant?,,window,object,,SUNRGBD/kv2/align_kv2/2014-12-18_11-59-09_260595134347/image/0000167.jpg,SUNRGBD/kv2/align_kv2/2014-12-18_11-59-09_260595134347/depth_bfx/0000167.png,rule,"{""anchor_concept"": ""plant"", ""anchor_object_index"": 22, ""answer_concept"": ""window"", ""answer_object_index"": 9, ""nearest_distance_m"": 0.449, ""second_nearest_distance_m"": 0.634}"
test_005272,kv2/align_kv2/2014-12-18_11-48-33_260595134347,scene:kv2/align_kv2/2014-12-18_11-48-33_260595134347,kv2,rest_space,test,nearest_object,,4,What is right next to the television?,,table,object,,SUNRGBD/kv2/align_kv2/2014-12-18_11-48-33_260595134347/image/0000087.jpg,SUNRGBD/kv2/align_kv2/2014-12-18_11-48-33_260595134347/depth_bfx/0000087.png,rule,"{""anchor_concept"": ""television"", ""anchor_object_index"": 3, ""answer_concept"": ""table"", ""answer_object_index"": 4, ""nearest_distance_m"": 0.497, ""second_nearest_distance_m"": 0.924}"
test_002644,kv2/kinect2data/002830_2014-06-22_20-36-14_094959634447_rgbf000088-resize,scene:kv2/kinect2data/002830_2014-06-22_20-36-14_094959634447_rgbf000088-resize,kv2,kitchen,test,nearest_object,,0,What is the closest object to the trash can?,,counter,object,,SUNRGBD/kv2/kinect2data/002830_2014-06-22_20-36-14_094959634447_rgbf000088-resize/image/0000088.jpg,SUNRGBD/kv2/kinect2data/002830_2014-06-22_20-36-14_094959634447_rgbf000088-resize/depth_bfx/0000088.png,rule,"{""anchor_concept"": ""trashcan"", ""anchor_object_index"": 0, ""answer_concept"": ""counter"", ""answer_object_index"": 5, ""nearest_distance_m"": 1.345, ""second_nearest_distance_m"": 1.96}"
test_000222,kv2/kinect2data/000517_2014-06-08_13-02-41_260595134347_rgbf000049-resize,scene:kv2/kinect2data/000517_2014-06-08_13-02-41_260595134347_rgbf000049-resize,kv2,rest_space,test,nearest_object,,4,What is right next to the sofa?,,file cabinet,object,,SUNRGBD/kv2/kinect2data/000517_2014-06-08_13-02-41_260595134347_rgbf000049-resize/image/0000049.jpg,SUNRGBD/kv2/kinect2data/000517_2014-06-08_13-02-41_260595134347_rgbf000049-resize/depth_bfx/0000049.png,rule,"{""anchor_concept"": ""sofa"", ""anchor_object_index"": 1, ""answer_concept"": ""filecabinet"", ""answer_object_index"": 3, ""nearest_distance_m"": 1.344, ""second_nearest_distance_m"": 1.838}"
test_003645,kv2/kinect2data/003238_2014-05-14_13-56-36_094959634447_rgbf000100-resize,scene:kv2/kinect2data/003238_2014-05-14_13-56-36_094959634447_rgbf000100-resize,kv2,classroom,test,nearest_object,,5,Which object is closest in distance to the table?,,desk,object,,SUNRGBD/kv2/kinect2data/003238_2014-05-14_13-56-36_094959634447_rgbf000100-resize/image/0000100.jpg,SUNRGBD/kv2/kinect2data/003238_2014-05-14_13-56-36_094959634447_rgbf000100-resize/depth_bfx/0000100.png,rule,"{""anchor_concept"": ""table"", ""anchor_object_index"": 24, ""answer_concept"": ""desk"", ""answer_object_index"": 22, ""nearest_distance_m"": 1.047, ""second_nearest_distance_m"": 1.555}"
test_001529,kv2/kinect2data/003362_2014-05-20_14-11-46_094959634447_rgbf000100-resize,scene:kv2/kinect2data/003362_2014-05-20_14-11-46_094959634447_rgbf000100-resize,kv2,dining_area,test,nearest_object,,5,Which object is closest in distance to the mirror?,,window,object,,SUNRGBD/kv2/kinect2data/003362_2014-05-20_14-11-46_094959634447_rgbf000100-resize/image/0000100.jpg,SUNRGBD/kv2/kinect2data/003362_2014-05-20_14-11-46_094959634447_rgbf000100-resize/depth_bfx/0000100.png,rule,"{""anchor_concept"": ""mirror"", ""anchor_object_index"": 5, ""answer_concept"": ""window"", ""answer_object_index"": 3, ""nearest_distance_m"": 0.455, ""second_nearest_distance_m"": 1.116}"
test_007753,kv2/kinect2data/000009_2014-05-26_14-32-05_260595134347_rgbf000034-resize,scene:kv2/kinect2data/000009_2014-05-26_14-32-05_260595134347_rgbf000034-resize,kv2,furniture_store,test,nearest_object,,0,What is the closest object to the bed?,,pillow,object,,SUNRGBD/kv2/kinect2data/000009_2014-05-26_14-32-05_260595134347_rgbf000034-resize/image/0000034.jpg,SUNRGBD/kv2/kinect2data/000009_2014-05-26_14-32-05_260595134347_rgbf000034-resize/depth_bfx/0000034.png,rule,"{""anchor_concept"": ""bed"", ""anchor_object_index"": 3, ""answer_concept"": ""pillow"", ""answer_object_index"": 15, ""nearest_distance_m"": 1.163, ""second_nearest_distance_m"": 1.686}"
test_011065,kv2/kinect2data/000495_2014-06-08_22-49-47_260595134347_rgbf000045-resize,scene:kv2/kinect2data/000495_2014-06-08_22-49-47_260595134347_rgbf000045-resize,kv2,idk,test,nearest_object,,2,What sits closest to the chair?,,table,object,,SUNRGBD/kv2/kinect2data/000495_2014-06-08_22-49-47_260595134347_rgbf000045-resize/image/0000045.jpg,SUNRGBD/kv2/kinect2data/000495_2014-06-08_22-49-47_260595134347_rgbf000045-resize/depth_bfx/0000045.png,rule,"{""anchor_concept"": ""chair"", ""anchor_object_index"": 2, ""answer_concept"": ""table"", ""answer_object_index"": 3, ""nearest_distance_m"": 1.191, ""second_nearest_distance_m"": 4.505}"
test_009973,kv2/kinect2data/003628_2014-05-23_22-02-26_094959634447_rgbf000101-resize,scene:kv2/kinect2data/003628_2014-05-23_22-02-26_094959634447_rgbf000101-resize,kv2,office,test,nearest_object,,3,Which item is positioned nearest to the keyboard?,,drawer,object,,SUNRGBD/kv2/kinect2data/003628_2014-05-23_22-02-26_094959634447_rgbf000101-resize/image/0000101.jpg,SUNRGBD/kv2/kinect2data/003628_2014-05-23_22-02-26_094959634447_rgbf000101-resize/depth_bfx/0000101.png,rule,"{""anchor_concept"": ""keyboard"", ""anchor_object_index"": 18, ""answer_concept"": ""drawer"", ""answer_object_index"": 27, ""nearest_distance_m"": 0.231, ""second_nearest_distance_m"": 0.571}"
test_007908,kv2/kinect2data/001789_2014-06-26_20-44-32_260595134347_rgbf000071-resize,scene:kv2/kinect2data/001789_2014-06-26_20-44-32_260595134347_rgbf000071-resize,kv2,furniture_store,test,nearest_object,,4,What is right next to the clock?,,pillow,object,,SUNRGBD/kv2/kinect2data/001789_2014-06-26_20-44-32_260595134347_rgbf000071-resize/image/0000071.jpg,SUNRGBD/kv2/kinect2data/001789_2014-06-26_20-44-32_260595134347_rgbf000071-resize/depth_bfx/0000071.png,rule,"{""anchor_concept"": ""clock"", ""anchor_object_index"": 9, ""answer_concept"": ""pillow"", ""answer_object_index"": 13, ""nearest_distance_m"": 0.341, ""second_nearest_distance_m"": 0.639}"
test_000981,kv2/kinect2data/001215_2014-06-17_16-16-04_260595134347_rgbf000090-resize,scene:kv2/kinect2data/001215_2014-06-17_16-16-04_260595134347_rgbf000090-resize,kv2,study_space,test,nearest_object,,1,Which object is nearest to the chair?,,desk,object,,SUNRGBD/kv2/kinect2data/001215_2014-06-17_16-16-04_260595134347_rgbf000090-resize/image/0000090.jpg,SUNRGBD/kv2/kinect2data/001215_2014-06-17_16-16-04_260595134347_rgbf000090-resize/depth_bfx/0000090.png,rule,"{""anchor_concept"": ""chair"", ""anchor_object_index"": 0, ""answer_concept"": ""desk"", ""answer_object_index"": 15, ""nearest_distance_m"": 0.982, ""second_nearest_distance_m"": 3.407}"
test_012389,kv2/kinect2data/000629_2014-06-08_16-27-42_260595134347_rgbf000108-resize,scene:kv2/kinect2data/000629_2014-06-08_16-27-42_260595134347_rgbf000108-resize,kv2,office,test,nearest_object,,5,Which object is closest in distance to the file cabinet?,,trash can,object,,SUNRGBD/kv2/kinect2data/000629_2014-06-08_16-27-42_260595134347_rgbf000108-resize/image/0000108.jpg,SUNRGBD/kv2/kinect2data/000629_2014-06-08_16-27-42_260595134347_rgbf000108-resize/depth_bfx/0000108.png,rule,"{""anchor_concept"": ""filecabinet"", ""anchor_object_index"": 1, ""answer_concept"": ""trashcan"", ""answer_object_index"": 2, ""nearest_distance_m"": 1.306, ""second_nearest_distance_m"": 1.907}"
test_010705,kv2/kinect2data/001844_2014-06-22_13-19-37_260595134347_rgbf000043-resize,scene:kv2/kinect2data/001844_2014-06-22_13-19-37_260595134347_rgbf000043-resize,kv2,furniture_store,test,nearest_object,,1,Which object is nearest to the painting?,,table,object,,SUNRGBD/kv2/kinect2data/001844_2014-06-22_13-19-37_260595134347_rgbf000043-resize/image/0000043.jpg,SUNRGBD/kv2/kinect2data/001844_2014-06-22_13-19-37_260595134347_rgbf000043-resize/depth_bfx/0000043.png,rule,"{""anchor_concept"": ""painting"", ""anchor_object_index"": 16, ""answer_concept"": ""table"", ""answer_object_index"": 14, ""nearest_distance_m"": 1.798, ""second_nearest_distance_m"": 2.683}"
test_005454,kv2/kinect2data/000956_2014-06-08_16-22-39_260595134347_rgbf000108-resize,scene:kv2/kinect2data/000956_2014-06-08_16-22-39_260595134347_rgbf000108-resize,kv2,office,test,nearest_object,,4,What is right next to the fan?,,dresser,object,,SUNRGBD/kv2/kinect2data/000956_2014-06-08_16-22-39_260595134347_rgbf000108-resize/image/0000108.jpg,SUNRGBD/kv2/kinect2data/000956_2014-06-08_16-22-39_260595134347_rgbf000108-resize/depth_bfx/0000108.png,rule,"{""anchor_concept"": ""fan"", ""anchor_object_index"": 1, ""answer_concept"": ""dresser"", ""answer_object_index"": 4, ""nearest_distance_m"": 0.73, ""second_nearest_distance_m"": 1.949}"
test_009141,kv2/kinect2data/002826_2014-06-22_20-24-37_094959634447_rgbf000080-resize,scene:kv2/kinect2data/002826_2014-06-22_20-24-37_094959634447_rgbf000080-resize,kv2,rest_space,test,nearest_object,,0,What is the closest object to the wire?,,table,object,,SUNRGBD/kv2/kinect2data/002826_2014-06-22_20-24-37_094959634447_rgbf000080-resize/image/0000080.jpg,SUNRGBD/kv2/kinect2data/002826_2014-06-22_20-24-37_094959634447_rgbf000080-resize/depth_bfx/0000080.png,rule,"{""anchor_concept"": ""wire"", ""anchor_object_index"": 14, ""answer_concept"": ""table"", ""answer_object_index"": 0, ""nearest_distance_m"": 1.501, ""second_nearest_distance_m"": 2.145}"
test_001604,kv2/kinect2data/003310_2014-05-15_11-41-15_094959634447_rgbf000101-resize,scene:kv2/kinect2data/003310_2014-05-15_11-41-15_094959634447_rgbf000101-resize,kv2,study_space,test,nearest_object,,5,Which object is closest in distance to the table?,,chair,object,,SUNRGBD/kv2/kinect2data/003310_2014-05-15_11-41-15_094959634447_rgbf000101-resize/image/0000101.jpg,SUNRGBD/kv2/kinect2data/003310_2014-05-15_11-41-15_094959634447_rgbf000101-resize/depth_bfx/0000101.png,rule,"{""anchor_concept"": ""table"", ""anchor_object_index"": 4, ""answer_concept"": ""chair"", ""answer_object_index"": 1, ""nearest_distance_m"": 0.648, ""second_nearest_distance_m"": 1.628}"
test_001718,kv2/kinect2data/001162_2014-06-17_15-34-46_260595134347_rgbf000119-resize,scene:kv2/kinect2data/001162_2014-06-17_15-34-46_260595134347_rgbf000119-resize,kv2,study_space,test,nearest_object,,4,What is right next to the desk?,,trash can,object,,SUNRGBD/kv2/kinect2data/001162_2014-06-17_15-34-46_260595134347_rgbf000119-resize/image/0000119.jpg,SUNRGBD/kv2/kinect2data/001162_2014-06-17_15-34-46_260595134347_rgbf000119-resize/depth_bfx/0000119.png,rule,"{""anchor_concept"": ""desk"", ""anchor_object_index"": 1, ""answer_concept"": ""trashcan"", ""answer_object_index"": 0, ""nearest_distance_m"": 1.448, ""second_nearest_distance_m"": 2.823}"
test_005506,kv2/kinect2data/003443_2014-05-21_12-04-08_094959634447_rgbf000075-resize,scene:kv2/kinect2data/003443_2014-05-21_12-04-08_094959634447_rgbf000075-resize,kv2,classroom,test,nearest_object,,5,Which object is closest in distance to the curtain?,,table,object,,SUNRGBD/kv2/kinect2data/003443_2014-05-21_12-04-08_094959634447_rgbf000075-resize/image/0000075.jpg,SUNRGBD/kv2/kinect2data/003443_2014-05-21_12-04-08_094959634447_rgbf000075-resize/depth_bfx/0000075.png,rule,"{""anchor_concept"": ""curtain"", ""anchor_object_index"": 4, ""answer_concept"": ""table"", ""answer_object_index"": 16, ""nearest_distance_m"": 1.037, ""second_nearest_distance_m"": 1.87}"
test_013052,kv2/kinect2data/003534_2014-05-22_15-06-10_094959634447_rgbf000102-resize,scene:kv2/kinect2data/003534_2014-05-22_15-06-10_094959634447_rgbf000102-resize,kv2,classroom,test,nearest_object,,3,Which item is positioned nearest to the cabinet?,,desk,object,,SUNRGBD/kv2/kinect2data/003534_2014-05-22_15-06-10_094959634447_rgbf000102-resize/image/0000102.jpg,SUNRGBD/kv2/kinect2data/003534_2014-05-22_15-06-10_094959634447_rgbf000102-resize/depth_bfx/0000102.png,rule,"{""anchor_concept"": ""cabinet"", ""anchor_object_index"": 20, ""answer_concept"": ""desk"", ""answer_object_index"": 19, ""nearest_distance_m"": 1.129, ""second_nearest_distance_m"": 3.661}"
test_009067,kv2/kinect2data/001826_2014-06-26_20-56-59_260595134347_rgbf000023-resize,scene:kv2/kinect2data/001826_2014-06-26_20-56-59_260595134347_rgbf000023-resize,kv2,furniture_store,test,nearest_object,,2,What sits closest to the tree?,,lamp,object,,SUNRGBD/kv2/kinect2data/001826_2014-06-26_20-56-59_260595134347_rgbf000023-resize/image/0000023.jpg,SUNRGBD/kv2/kinect2data/001826_2014-06-26_20-56-59_260595134347_rgbf000023-resize/depth_bfx/0000023.png,rule,"{""anchor_concept"": ""tree"", ""anchor_object_index"": 47, ""answer_concept"": ""lamp"", ""answer_object_index"": 7, ""nearest_distance_m"": 0.987, ""second_nearest_distance_m"": 1.439}"
test_009605,kv2/kinect2data/001752_2014-06-26_19-51-09_260595134347_rgbf000054-resize,scene:kv2/kinect2data/001752_2014-06-26_19-51-09_260595134347_rgbf000054-resize,kv2,furniture_store,test,nearest_object,,4,What is right next to the bed?,,pillow,object,,SUNRGBD/kv2/kinect2data/001752_2014-06-26_19-51-09_260595134347_rgbf000054-resize/image/0000054.jpg,SUNRGBD/kv2/kinect2data/001752_2014-06-26_19-51-09_260595134347_rgbf000054-resize/depth_bfx/0000054.png,rule,"{""anchor_concept"": ""bed"", ""anchor_object_index"": 0, ""answer_concept"": ""pillow"", ""answer_object_index"": 3, ""nearest_distance_m"": 0.812, ""second_nearest_distance_m"": 1.183}"
test_011562,kv2/align_kv2/2014-12-18_11-57-24_260595134347,scene:kv2/align_kv2/2014-12-18_11-57-24_260595134347,kv2,idk,test,nearest_object,,0,What is the closest object to the door?,,window,object,,SUNRGBD/kv2/align_kv2/2014-12-18_11-57-24_260595134347/image/0000092.jpg,SUNRGBD/kv2/align_kv2/2014-12-18_11-57-24_260595134347/depth_bfx/0000092.png,rule,"{""anchor_concept"": ""door"", ""anchor_object_index"": 2, ""answer_concept"": ""window"", ""answer_object_index"": 3, ""nearest_distance_m"": 0.163, ""second_nearest_distance_m"": 0.533}"
test_001581,kv2/kinect2data/000131_2014-04-12_16-52-53_094959634447_rgbf000046-resize,scene:kv2/kinect2data/000131_2014-04-12_16-52-53_094959634447_rgbf000046-resize,kv2,office,test,nearest_object,,1,Which object is nearest to the door?,,computer,object,,SUNRGBD/kv2/kinect2data/000131_2014-04-12_16-52-53_094959634447_rgbf000046-resize/image/0000046.jpg,SUNRGBD/kv2/kinect2data/000131_2014-04-12_16-52-53_094959634447_rgbf000046-resize/depth_bfx/0000046.png,rule,"{""anchor_concept"": ""door"", ""anchor_object_index"": 12, ""answer_concept"": ""computer"", ""answer_object_index"": 6, ""nearest_distance_m"": 0.905, ""second_nearest_distance_m"": 1.151}"
test_001006,kv2/kinect2data/001871_2014-06-22_13-45-18_260595134347_rgbf000021-resize,scene:kv2/kinect2data/001871_2014-06-22_13-45-18_260595134347_rgbf000021-resize,kv2,furniture_store,test,nearest_object,,4,What is right next to the mirror?,,picture frame,object,,SUNRGBD/kv2/kinect2data/001871_2014-06-22_13-45-18_260595134347_rgbf000021-resize/image/0000021.jpg,SUNRGBD/kv2/kinect2data/001871_2014-06-22_13-45-18_260595134347_rgbf000021-resize/depth_bfx/0000021.png,rule,"{""anchor_concept"": ""mirror"", ""anchor_object_index"": 20, ""answer_concept"": ""pictureframe"", ""answer_object_index"": 1, ""nearest_distance_m"": 0.78, ""second_nearest_distance_m"": 1.788}"
test_002305,kv2/kinect2data/000837_2014-06-04_19-53-28_260595134347_rgbf000078-resize,scene:kv2/kinect2data/000837_2014-06-04_19-53-28_260595134347_rgbf000078-resize,kv2,bathroom,test,nearest_object,,1,Which object is nearest to the trash can?,,toilet,object,,SUNRGBD/kv2/kinect2data/000837_2014-06-04_19-53-28_260595134347_rgbf000078-resize/image/0000078.jpg,SUNRGBD/kv2/kinect2data/000837_2014-06-04_19-53-28_260595134347_rgbf000078-resize/depth_bfx/0000078.png,rule,"{""anchor_concept"": ""trashcan"", ""anchor_object_index"": 8, ""answer_concept"": ""toilet"", ""answer_object_index"": 0, ""nearest_distance_m"": 0.572, ""second_nearest_distance_m"": 1.144}"
test_002219,kv2/kinect2data/001885_2014-06-22_13-52-14_260595134347_rgbf000018-resize,scene:kv2/kinect2data/001885_2014-06-22_13-52-14_260595134347_rgbf000018-resize,kv2,furniture_store,test,nearest_object,,2,What sits closest to the picture frame?,,bench,object,,SUNRGBD/kv2/kinect2data/001885_2014-06-22_13-52-14_260595134347_rgbf000018-resize/image/0000018.jpg,SUNRGBD/kv2/kinect2data/001885_2014-06-22_13-52-14_260595134347_rgbf000018-resize/depth_bfx/0000018.png,rule,"{""anchor_concept"": ""pictureframe"", ""anchor_object_index"": 13, ""answer_concept"": ""bench"", ""answer_object_index"": 2, ""nearest_distance_m"": 1.177, ""second_nearest_distance_m"": 1.739}"
test_006896,kv2/kinect2data/000648_2014-06-08_17-03-45_260595134347_rgbf000176-resize,scene:kv2/kinect2data/000648_2014-06-08_17-03-45_260595134347_rgbf000176-resize,kv2,printer_room,test,nearest_object,,2,What sits closest to the window?,,table,object,,SUNRGBD/kv2/kinect2data/000648_2014-06-08_17-03-45_260595134347_rgbf000176-resize/image/0000176.jpg,SUNRGBD/kv2/kinect2data/000648_2014-06-08_17-03-45_260595134347_rgbf000176-resize/depth_bfx/0000176.png,rule,"{""anchor_concept"": ""window"", ""anchor_object_index"": 49, ""answer_concept"": ""table"", ""answer_object_index"": 39, ""nearest_distance_m"": 0.948, ""second_nearest_distance_m"": 1.294}"
test_005659,kv2/align_kv2/2014-12-18_11-47-49_260595134347,scene:kv2/align_kv2/2014-12-18_11-47-49_260595134347,kv2,computer_room,test,nearest_object,,4,What is right next to the window?,,chair,object,,SUNRGBD/kv2/align_kv2/2014-12-18_11-47-49_260595134347/image/0000212.jpg,SUNRGBD/kv2/align_kv2/2014-12-18_11-47-49_260595134347/depth_bfx/0000212.png,rule,"{""anchor_concept"": ""window"", ""anchor_object_index"": 24, ""answer_concept"": ""chair"", ""answer_object_index"": 19, ""nearest_distance_m"": 0.716, ""second_nearest_distance_m"": 2.57}"
test_010146,kv2/kinect2data/001695_2014-06-26_19-18-51_260595134347_rgbf000078-resize,scene:kv2/kinect2data/001695_2014-06-26_19-18-51_260595134347_rgbf000078-resize,kv2,furniture_store,test,nearest_object,,3,Which item is positioned nearest to the door?,,bed,object,,SUNRGBD/kv2/kinect2data/001695_2014-06-26_19-18-51_260595134347_rgbf000078-resize/image/0000078.jpg,SUNRGBD/kv2/kinect2data/001695_2014-06-26_19-18-51_260595134347_rgbf000078-resize/depth_bfx/0000078.png,rule,"{""anchor_concept"": ""door"", ""anchor_object_index"": 31, ""answer_concept"": ""bed"", ""answer_object_index"": 21, ""nearest_distance_m"": 0.22, ""second_nearest_distance_m"": 1.229}"
test_010212,kv2/kinect2data/000919_2014-06-09_22-47-08_260595134347_rgbf000081-resize,scene:kv2/kinect2data/000919_2014-06-09_22-47-08_260595134347_rgbf000081-resize,kv2,kitchen,test,nearest_object,,5,Which object is closest in distance to the microwave?,,counter,object,,SUNRGBD/kv2/kinect2data/000919_2014-06-09_22-47-08_260595134347_rgbf000081-resize/image/0000081.jpg,SUNRGBD/kv2/kinect2data/000919_2014-06-09_22-47-08_260595134347_rgbf000081-resize/depth_bfx/0000081.png,rule,"{""anchor_concept"": ""microwave"", ""anchor_object_index"": 9, ""answer_concept"": ""counter"", ""answer_object_index"": 16, ""nearest_distance_m"": 0.309, ""second_nearest_distance_m"": 0.641}"
test_013222,kv2/kinect2data/001932_2014-06-22_14-22-04_260595134347_rgbf000033-resize,scene:kv2/kinect2data/001932_2014-06-22_14-22-04_260595134347_rgbf000033-resize,kv2,furniture_store,test,nearest_object,,4,What is right next to the sofa?,,drawer,object,,SUNRGBD/kv2/kinect2data/001932_2014-06-22_14-22-04_260595134347_rgbf000033-resize/image/0000033.jpg,SUNRGBD/kv2/kinect2data/001932_2014-06-22_14-22-04_260595134347_rgbf000033-resize/depth_bfx/0000033.png,rule,"{""anchor_concept"": ""sofa"", ""anchor_object_index"": 26, ""answer_concept"": ""drawer"", ""answer_object_index"": 38, ""nearest_distance_m"": 0.859, ""second_nearest_distance_m"": 1.099}"
test_000302,kv2/align_kv2/2014-12-18_14-07-04_260595134347,scene:kv2/align_kv2/2014-12-18_14-07-04_260595134347,kv2,computer_room,test,nearest_object,,4,What is right next to the table?,,keyboard,object,,SUNRGBD/kv2/align_kv2/2014-12-18_14-07-04_260595134347/image/0000328.jpg,SUNRGBD/kv2/align_kv2/2014-12-18_14-07-04_260595134347/depth_bfx/0000328.png,rule,"{""anchor_concept"": ""table"", ""anchor_object_index"": 15, ""answer_concept"": ""keyboard"", ""answer_object_index"": 0, ""nearest_distance_m"": 0.189, ""second_nearest_distance_m"": 0.344}"
test_003728,kv2/kinect2data/000821_2014-06-04_19-21-27_260595134347_rgbf000156-resize,scene:kv2/kinect2data/000821_2014-06-04_19-21-27_260595134347_rgbf000156-resize,kv2,bedroom,test,nearest_object,,1,Which object is nearest to the window?,,curtain,object,,SUNRGBD/kv2/kinect2data/000821_2014-06-04_19-21-27_260595134347_rgbf000156-resize/image/0000156.jpg,SUNRGBD/kv2/kinect2data/000821_2014-06-04_19-21-27_260595134347_rgbf000156-resize/depth_bfx/0000156.png,rule,"{""anchor_concept"": ""window"", ""anchor_object_index"": 7, ""answer_concept"": ""curtain"", ""answer_object_index"": 6, ""nearest_distance_m"": 0.518, ""second_nearest_distance_m"": 0.933}"
test_003774,kv2/kinect2data/003605_2014-05-23_17-27-51_094959634447_rgbf000100-resize,scene:kv2/kinect2data/003605_2014-05-23_17-27-51_094959634447_rgbf000100-resize,kv2,classroom,test,nearest_object,,4,What is right next to the window?,,chair,object,,SUNRGBD/kv2/kinect2data/003605_2014-05-23_17-27-51_094959634447_rgbf000100-resize/image/0000100.jpg,SUNRGBD/kv2/kinect2data/003605_2014-05-23_17-27-51_094959634447_rgbf000100-resize/depth_bfx/0000100.png,rule,"{""anchor_concept"": ""window"", ""anchor_object_index"": 2, ""answer_concept"": ""chair"", ""answer_object_index"": 5, ""nearest_distance_m"": 0.908, ""second_nearest_distance_m"": 1.254}"
test_006694,kv2/kinect2data/001746_2014-06-26_19-49-05_260595134347_rgbf000018-resize,scene:kv2/kinect2data/001746_2014-06-26_19-49-05_260595134347_rgbf000018-resize,kv2,furniture_store,test,nearest_object,,5,Which object is closest in distance to the dresser?,,night stand,object,,SUNRGBD/kv2/kinect2data/001746_2014-06-26_19-49-05_260595134347_rgbf000018-resize/image/0000018.jpg,SUNRGBD/kv2/kinect2data/001746_2014-06-26_19-49-05_260595134347_rgbf000018-resize/depth_bfx/0000018.png,rule,"{""anchor_concept"": ""dresser"", ""anchor_object_index"": 3, ""answer_concept"": ""nightstand"", ""answer_object_index"": 2, ""nearest_distance_m"": 0.814, ""second_nearest_distance_m"": 1.667}"
test_006633,kv2/kinect2data/000455_2014-06-08_16-51-21_260595134347_rgbf000132-resize,scene:kv2/kinect2data/000455_2014-06-08_16-51-21_260595134347_rgbf000132-resize,kv2,discussion_area,test,nearest_object,,0,What is the closest object to the board?,,sofa,object,,SUNRGBD/kv2/kinect2data/000455_2014-06-08_16-51-21_260595134347_rgbf000132-resize/image/0000132.jpg,SUNRGBD/kv2/kinect2data/000455_2014-06-08_16-51-21_260595134347_rgbf000132-resize/depth_bfx/0000132.png,rule,"{""anchor_concept"": ""board"", ""anchor_object_index"": 16, ""answer_concept"": ""sofa"", ""answer_object_index"": 4, ""nearest_distance_m"": 1.477, ""second_nearest_distance_m"": 2.431}"
test_003299,kv2/kinect2data/000043_2014-05-26_14-58-03_260595134347_rgbf000016-resize,scene:kv2/kinect2data/000043_2014-05-26_14-58-03_260595134347_rgbf000016-resize,kv2,furniture_store,test,nearest_object,,4,What is right next to the mattress?,,bed,object,,SUNRGBD/kv2/kinect2data/000043_2014-05-26_14-58-03_260595134347_rgbf000016-resize/image/0000016.jpg,SUNRGBD/kv2/kinect2data/000043_2014-05-26_14-58-03_260595134347_rgbf000016-resize/depth_bfx/0000016.png,rule,"{""anchor_concept"": ""mattress"", ""anchor_object_index"": 6, ""answer_concept"": ""bed"", ""answer_object_index"": 18, ""nearest_distance_m"": 0.323, ""second_nearest_distance_m"": 0.934}"
test_003561,kv2/kinect2data/000963_2014-06-08_16-28-51_260595134347_rgbf000042-resize,scene:kv2/kinect2data/000963_2014-06-08_16-28-51_260595134347_rgbf000042-resize,kv2,office,test,nearest_object,,1,Which object is nearest to the cabinet?,,window,object,,SUNRGBD/kv2/kinect2data/000963_2014-06-08_16-28-51_260595134347_rgbf000042-resize/image/0000042.jpg,SUNRGBD/kv2/kinect2data/000963_2014-06-08_16-28-51_260595134347_rgbf000042-resize/depth_bfx/0000042.png,rule,"{""anchor_concept"": ""cabinet"", ""anchor_object_index"": 17, ""answer_concept"": ""window"", ""answer_object_index"": 18, ""nearest_distance_m"": 0.229, ""second_nearest_distance_m"": 1.934}"
test_012697,kv2/kinect2data/001059_2014-06-08_21-53-27_260595134347_rgbf000061-resize,scene:kv2/kinect2data/001059_2014-06-08_21-53-27_260595134347_rgbf000061-resize,kv2,office,test,nearest_object,,3,Which item is positioned nearest to the monitor?,,desk,object,,SUNRGBD/kv2/kinect2data/001059_2014-06-08_21-53-27_260595134347_rgbf000061-resize/image/0000061.jpg,SUNRGBD/kv2/kinect2data/001059_2014-06-08_21-53-27_260595134347_rgbf000061-resize/depth_bfx/0000061.png,rule,"{""anchor_concept"": ""monitor"", ""anchor_object_index"": 5, ""answer_concept"": ""desk"", ""answer_object_index"": 14, ""nearest_distance_m"": 0.485, ""second_nearest_distance_m"": 1.018}"
test_013541,kv2/kinect2data/003135_2014-05-12_10-57-34_094959634447_rgbf000100-resize,scene:kv2/kinect2data/003135_2014-05-12_10-57-34_094959634447_rgbf000100-resize,kv2,classroom,test,nearest_object,,0,What is the closest object to the door?,,whiteboard,object,,SUNRGBD/kv2/kinect2data/003135_2014-05-12_10-57-34_094959634447_rgbf000100-resize/image/0000100.jpg,SUNRGBD/kv2/kinect2data/003135_2014-05-12_10-57-34_094959634447_rgbf000100-resize/depth_bfx/0000100.png,rule,"{""anchor_concept"": ""door"", ""anchor_object_index"": 5, ""answer_concept"": ""whiteboard"", ""answer_object_index"": 1, ""nearest_distance_m"": 2.892, ""second_nearest_distance_m"": 4.415}"
test_001989,kv2/kinect2data/001689_2014-06-26_19-16-46_260595134347_rgbf000077-resize,scene:kv2/kinect2data/001689_2014-06-26_19-16-46_260595134347_rgbf000077-resize,kv2,furniture_store,test,nearest_object,,3,Which item is positioned nearest to the file cabinet?,,drawer,object,,SUNRGBD/kv2/kinect2data/001689_2014-06-26_19-16-46_260595134347_rgbf000077-resize/image/0000077.jpg,SUNRGBD/kv2/kinect2data/001689_2014-06-26_19-16-46_260595134347_rgbf000077-resize/depth_bfx/0000077.png,rule,"{""anchor_concept"": ""filecabinet"", ""anchor_object_index"": 5, ""answer_concept"": ""drawer"", ""answer_object_index"": 52, ""nearest_distance_m"": 0.099, ""second_nearest_distance_m"": 0.767}"
test_009308,kv2/kinect2data/000126_2014-04-11_16-52-13_094959634447_rgbf000429-resize,scene:kv2/kinect2data/000126_2014-04-11_16-52-13_094959634447_rgbf000429-resize,kv2,office,test,nearest_object,,4,What is right next to the bag?,,laptop,object,,SUNRGBD/kv2/kinect2data/000126_2014-04-11_16-52-13_094959634447_rgbf000429-resize/image/0000429.jpg,SUNRGBD/kv2/kinect2data/000126_2014-04-11_16-52-13_094959634447_rgbf000429-resize/depth_bfx/0000429.png,rule,"{""anchor_concept"": ""bag"", ""anchor_object_index"": 15, ""answer_concept"": ""laptop"", ""answer_object_index"": 16, ""nearest_distance_m"": 0.432, ""second_nearest_distance_m"": 0.692}"
test_001629,kv2/kinect2data/001781_2014-06-26_20-01-54_260595134347_rgbf000129-resize,scene:kv2/kinect2data/001781_2014-06-26_20-01-54_260595134347_rgbf000129-resize,kv2,furniture_store,test,nearest_object,,4,What is right next to the sofa?,,pillow,object,,SUNRGBD/kv2/kinect2data/001781_2014-06-26_20-01-54_260595134347_rgbf000129-resize/image/0000129.jpg,SUNRGBD/kv2/kinect2data/001781_2014-06-26_20-01-54_260595134347_rgbf000129-resize/depth_bfx/0000129.png,rule,"{""anchor_concept"": ""sofa"", ""anchor_object_index"": 5, ""answer_concept"": ""pillow"", ""answer_object_index"": 8, ""nearest_distance_m"": 0.277, ""second_nearest_distance_m"": 0.661}"
test_003348,kv2/kinect2data/003291_2014-05-14_21-53-04_094959634447_rgbf000100-resize,scene:kv2/kinect2data/003291_2014-05-14_21-53-04_094959634447_rgbf000100-resize,kv2,study_space,test,nearest_object,,5,Which object is closest in distance to the board?,,table,object,,SUNRGBD/kv2/kinect2data/003291_2014-05-14_21-53-04_094959634447_rgbf000100-resize/image/0000100.jpg,SUNRGBD/kv2/kinect2data/003291_2014-05-14_21-53-04_094959634447_rgbf000100-resize/depth_bfx/0000100.png,rule,"{""anchor_concept"": ""board"", ""anchor_object_index"": 0, ""answer_concept"": ""table"", ""answer_object_index"": 1, ""nearest_distance_m"": 1.46, ""second_nearest_distance_m"": 3.324}"
test_001582,kv1/NYUdata/NYU0301,scene:kv1/NYUdata/NYU0301,kv1,classroom,test,nearest_object,,3,Which item is positioned nearest to the laptop?,,whiteboard,object,,SUNRGBD/kv1/NYUdata/NYU0301/image/NYU0301.jpg,SUNRGBD/kv1/NYUdata/NYU0301/depth_bfx/NYU0301.png,rule,"{""anchor_concept"": ""laptop"", ""anchor_object_index"": 12, ""answer_concept"": ""whiteboard"", ""answer_object_index"": 13, ""nearest_distance_m"": 1.64, ""second_nearest_distance_m"": 2.632}"
test_004973,kv1/NYUdata/NYU0783,scene:kv1/NYUdata/NYU0783,kv1,kitchen,test,nearest_object,,4,What is right next to the flower?,,bag,object,,SUNRGBD/kv1/NYUdata/NYU0783/image/NYU0783.jpg,SUNRGBD/kv1/NYUdata/NYU0783/depth_bfx/NYU0783.png,rule,"{""anchor_concept"": ""flower"", ""anchor_object_index"": 20, ""answer_concept"": ""bag"", ""answer_object_index"": 14, ""nearest_distance_m"": 0.336, ""second_nearest_distance_m"": 0.625}"
test_004437,kv1/NYUdata/NYU1175,scene:kv1/NYUdata/NYU1175,kv1,bedroom,test,nearest_object,,2,What sits closest to the curtain?,,lamp,object,,SUNRGBD/kv1/NYUdata/NYU1175/image/NYU1175.jpg,SUNRGBD/kv1/NYUdata/NYU1175/depth_bfx/NYU1175.png,rule,"{""anchor_concept"": ""curtain"", ""anchor_object_index"": 6, ""answer_concept"": ""lamp"", ""answer_object_index"": 10, ""nearest_distance_m"": 0.492, ""second_nearest_distance_m"": 0.712}"
test_012892,kv1/NYUdata/NYU1448,scene:kv1/NYUdata/NYU1448,kv1,dining_room,test,nearest_object,,2,What sits closest to the table?,,curtain,object,,SUNRGBD/kv1/NYUdata/NYU1448/image/NYU1448.jpg,SUNRGBD/kv1/NYUdata/NYU1448/depth_bfx/NYU1448.png,rule,"{""anchor_concept"": ""table"", ""anchor_object_index"": 10, ""answer_concept"": ""curtain"", ""answer_object_index"": 21, ""nearest_distance_m"": 1.102, ""second_nearest_distance_m"": 1.647}"
test_001534,kv1/NYUdata/NYU1052,scene:kv1/NYUdata/NYU1052,kv1,bedroom,test,nearest_object,,5,Which object is closest in distance to the towel?,,clothes,object,,SUNRGBD/kv1/NYUdata/NYU1052/image/NYU1052.jpg,SUNRGBD/kv1/NYUdata/NYU1052/depth_bfx/NYU1052.png,rule,"{""anchor_concept"": ""towel"", ""anchor_object_index"": 11, ""answer_concept"": ""clothes"", ""answer_object_index"": 12, ""nearest_distance_m"": 1.129, ""second_nearest_distance_m"": 1.48}"
test_012145,kv1/NYUdata/NYU0804,scene:kv1/NYUdata/NYU0804,kv1,kitchen,test,nearest_object,,4,What is right next to the counter?,,bag,object,,SUNRGBD/kv1/NYUdata/NYU0804/image/NYU0804.jpg,SUNRGBD/kv1/NYUdata/NYU0804/depth_bfx/NYU0804.png,rule,"{""anchor_concept"": ""counter"", ""anchor_object_index"": 4, ""answer_concept"": ""bag"", ""answer_object_index"": 15, ""nearest_distance_m"": 0.17, ""second_nearest_distance_m"": 0.222}"
test_006574,kv1/NYUdata/NYU1247,scene:kv1/NYUdata/NYU1247,kv1,living_room,test,nearest_object,,3,Which item is positioned nearest to the television?,,cabinet,object,,SUNRGBD/kv1/NYUdata/NYU1247/image/NYU1247.jpg,SUNRGBD/kv1/NYUdata/NYU1247/depth_bfx/NYU1247.png,rule,"{""anchor_concept"": ""television"", ""anchor_object_index"": 16, ""answer_concept"": ""cabinet"", ""answer_object_index"": 1, ""nearest_distance_m"": 1.047, ""second_nearest_distance_m"": 1.617}"
test_012764,kv1/NYUdata/NYU1254,scene:kv1/NYUdata/NYU1254,kv1,living_room,test,nearest_object,,2,What sits closest to the blind?,,sofa,object,,SUNRGBD/kv1/NYUdata/NYU1254/image/NYU1254.jpg,SUNRGBD/kv1/NYUdata/NYU1254/depth_bfx/NYU1254.png,rule,"{""anchor_concept"": ""blind"", ""anchor_object_index"": 20, ""answer_concept"": ""sofa"", ""answer_object_index"": 22, ""nearest_distance_m"": 1.239, ""second_nearest_distance_m"": 3.016}"
test_004493,kv1/NYUdata/NYU0810,scene:kv1/NYUdata/NYU0810,kv1,kitchen,test,nearest_object,,1,Which object is nearest to the table?,,chair,object,,SUNRGBD/kv1/NYUdata/NYU0810/image/NYU0810.jpg,SUNRGBD/kv1/NYUdata/NYU0810/depth_bfx/NYU0810.png,rule,"{""anchor_concept"": ""table"", ""anchor_object_index"": 15, ""answer_concept"": ""chair"", ""answer_object_index"": 5, ""nearest_distance_m"": 0.513, ""second_nearest_distance_m"": 0.688}"
test_011254,kv1/NYUdata/NYU0285,scene:kv1/NYUdata/NYU0285,kv1,classroom,test,nearest_object,,2,What sits closest to the whiteboard?,,picture,object,,SUNRGBD/kv1/NYUdata/NYU0285/image/NYU0285.jpg,SUNRGBD/kv1/NYUdata/NYU0285/depth_bfx/NYU0285.png,rule,"{""anchor_concept"": ""whiteboard"", ""anchor_object_index"": 11, ""answer_concept"": ""picture"", ""answer_object_index"": 16, ""nearest_distance_m"": 0.828, ""second_nearest_distance_m"": 1.218}"
test_007382,kv1/NYUdata/NYU1002,scene:kv1/NYUdata/NYU1002,kv1,bedroom,test,nearest_object,,4,What is right next to the door?,,clothes,object,,SUNRGBD/kv1/NYUdata/NYU1002/image/NYU1002.jpg,SUNRGBD/kv1/NYUdata/NYU1002/depth_bfx/NYU1002.png,rule,"{""anchor_concept"": ""door"", ""anchor_object_index"": 6, ""answer_concept"": ""clothes"", ""answer_object_index"": 17, ""nearest_distance_m"": 0.703, ""second_nearest_distance_m"": 0.95}"
test_011839,kv1/NYUdata/NYU1196,scene:kv1/NYUdata/NYU1196,kv1,bedroom,test,nearest_object,,2,What sits closest to the dresser?,,picture,object,,SUNRGBD/kv1/NYUdata/NYU1196/image/NYU1196.jpg,SUNRGBD/kv1/NYUdata/NYU1196/depth_bfx/NYU1196.png,rule,"{""anchor_concept"": ""dresser"", ""anchor_object_index"": 6, ""answer_concept"": ""picture"", ""answer_object_index"": 1, ""nearest_distance_m"": 0.669, ""second_nearest_distance_m"": 0.924}"
test_008267,kv1/NYUdata/NYU0357,scene:kv1/NYUdata/NYU0357,kv1,home_office,test,nearest_object,,5,Which object is closest in distance to the ottoman?,,floor mat,object,,SUNRGBD/kv1/NYUdata/NYU0357/image/NYU0357.jpg,SUNRGBD/kv1/NYUdata/NYU0357/depth_bfx/NYU0357.png,rule,"{""anchor_concept"": ""ottoman"", ""anchor_object_index"": 19, ""answer_concept"": ""floormat"", ""answer_object_index"": 18, ""nearest_distance_m"": 0.505, ""second_nearest_distance_m"": 1.251}"
test_001013,kv1/NYUdata/NYU0967,scene:kv1/NYUdata/NYU0967,kv1,bedroom,test,nearest_object,,4,What is right next to the television?,,dresser,object,,SUNRGBD/kv1/NYUdata/NYU0967/image/NYU0967.jpg,SUNRGBD/kv1/NYUdata/NYU0967/depth_bfx/NYU0967.png,rule,"{""anchor_concept"": ""television"", ""anchor_object_index"": 12, ""answer_concept"": ""dresser"", ""answer_object_index"": 11, ""nearest_distance_m"": 0.524, ""second_nearest_distance_m"": 0.717}"
test_011727,kv1/NYUdata/NYU0778,scene:kv1/NYUdata/NYU0778,kv1,kitchen,test,nearest_object,,0,What is the closest object to the door?,,cabinet,object,,SUNRGBD/kv1/NYUdata/NYU0778/image/NYU0778.jpg,SUNRGBD/kv1/NYUdata/NYU0778/depth_bfx/NYU0778.png,rule,"{""anchor_concept"": ""door"", ""anchor_object_index"": 13, ""answer_concept"": ""cabinet"", ""answer_object_index"": 3, ""nearest_distance_m"": 1.05, ""second_nearest_distance_m"": 2.294}"
test_002216,kv1/NYUdata/NYU1394,scene:kv1/NYUdata/NYU1394,kv1,dining_room,test,nearest_object,,1,Which object is nearest to the table?,,chair,object,,SUNRGBD/kv1/NYUdata/NYU1394/image/NYU1394.jpg,SUNRGBD/kv1/NYUdata/NYU1394/depth_bfx/NYU1394.png,rule,"{""anchor_concept"": ""table"", ""anchor_object_index"": 13, ""answer_concept"": ""chair"", ""answer_object_index"": 11, ""nearest_distance_m"": 0.719, ""second_nearest_distance_m"": 0.951}"
test_002240,kv1/b3dodata/img_0669,scene:kv1/b3dodata/img_0669,kv1,living_room,test,nearest_object,,3,Which item is positioned nearest to the door?,,monitor,object,,SUNRGBD/kv1/b3dodata/img_0669/image/img_0669.jpg,SUNRGBD/kv1/b3dodata/img_0669/depth_bfx/img_0669_abs.png,rule,"{""anchor_concept"": ""door"", ""anchor_object_index"": 2, ""answer_concept"": ""monitor"", ""answer_object_index"": 0, ""nearest_distance_m"": 0.928, ""second_nearest_distance_m"": 1.228}"
test_012770,kv1/b3dodata/img_0798,scene:kv1/b3dodata/img_0798,kv1,living_room,test,nearest_object,,4,What is right next to the refrigerator?,,whiteboard,object,,SUNRGBD/kv1/b3dodata/img_0798/image/img_0798.jpg,SUNRGBD/kv1/b3dodata/img_0798/depth_bfx/img_0798_abs.png,rule,"{""anchor_concept"": ""refrigerator"", ""anchor_object_index"": 8, ""answer_concept"": ""whiteboard"", ""answer_object_index"": 1, ""nearest_distance_m"": 1.365, ""second_nearest_distance_m"": 2.184}"
test_008918,kv1/NYUdata/NYU1291,scene:kv1/NYUdata/NYU1291,kv1,living_room,test,nearest_object,,3,Which item is positioned nearest to the clothes?,,pillow,object,,SUNRGBD/kv1/NYUdata/NYU1291/image/NYU1291.jpg,SUNRGBD/kv1/NYUdata/NYU1291/depth_bfx/NYU1291.png,rule,"{""anchor_concept"": ""clothes"", ""anchor_object_index"": 29, ""answer_concept"": ""pillow"", ""answer_object_index"": 27, ""nearest_distance_m"": 0.957, ""second_nearest_distance_m"": 1.775}"
test_013535,kv1/b3dodata/img_0441,scene:kv1/b3dodata/img_0441,kv1,office,test,nearest_object,,0,What is the closest object to the keyboard?,,monitor,object,,SUNRGBD/kv1/b3dodata/img_0441/image/img_0441.jpg,SUNRGBD/kv1/b3dodata/img_0441/depth_bfx/img_0441_abs.png,rule,"{""anchor_concept"": ""keyboard"", ""anchor_object_index"": 3, ""answer_concept"": ""monitor"", ""answer_object_index"": 2, ""nearest_distance_m"": 0.322, ""second_nearest_distance_m"": 0.426}"
test_003643,kv1/NYUdata/NYU1294,scene:kv1/NYUdata/NYU1294,kv1,living_room,test,nearest_object,,2,What sits closest to the table?,,lamp,object,,SUNRGBD/kv1/NYUdata/NYU1294/image/NYU1294.jpg,SUNRGBD/kv1/NYUdata/NYU1294/depth_bfx/NYU1294.png,rule,"{""anchor_concept"": ""table"", ""anchor_object_index"": 3, ""answer_concept"": ""lamp"", ""answer_object_index"": 10, ""nearest_distance_m"": 0.726, ""second_nearest_distance_m"": 1.112}"
test_006254,kv1/NYUdata/NYU0591,scene:kv1/NYUdata/NYU0591,kv1,living_room,test,nearest_object,,4,What is right next to the bottle?,,microwave,object,,SUNRGBD/kv1/NYUdata/NYU0591/image/NYU0591.jpg,SUNRGBD/kv1/NYUdata/NYU0591/depth_bfx/NYU0591.png,rule,"{""anchor_concept"": ""bottle"", ""anchor_object_index"": 0, ""answer_concept"": ""microwave"", ""answer_object_index"": 3, ""nearest_distance_m"": 0.364, ""second_nearest_distance_m"": 1.395}"
test_003357,kv1/NYUdata/NYU0656,scene:kv1/NYUdata/NYU0656,kv1,bathroom,test,nearest_object,,1,Which object is nearest to the shelf?,,box,object,,SUNRGBD/kv1/NYUdata/NYU0656/image/NYU0656.jpg,SUNRGBD/kv1/NYUdata/NYU0656/depth_bfx/NYU0656.png,rule,"{""anchor_concept"": ""shelf"", ""anchor_object_index"": 7, ""answer_concept"": ""box"", ""answer_object_index"": 5, ""nearest_distance_m"": 0.363, ""second_nearest_distance_m"": 0.597}"
test_008577,kv1/NYUdata/NYU1101,scene:kv1/NYUdata/NYU1101,kv1,bedroom,test,nearest_object,,5,Which object is closest in distance to the tissue box?,,bag,object,,SUNRGBD/kv1/NYUdata/NYU1101/image/NYU1101.jpg,SUNRGBD/kv1/NYUdata/NYU1101/depth_bfx/NYU1101.png,rule,"{""anchor_concept"": ""tissuebox"", ""anchor_object_index"": 25, ""answer_concept"": ""bag"", ""answer_object_index"": 15, ""nearest_distance_m"": 0.496, ""second_nearest_distance_m"": 0.761}"
test_002851,kv1/NYUdata/NYU1210,scene:kv1/NYUdata/NYU1210,kv1,living_room,test,nearest_object,,0,What is the closest object to the pillow?,,sofa,object,,SUNRGBD/kv1/NYUdata/NYU1210/image/NYU1210.jpg,SUNRGBD/kv1/NYUdata/NYU1210/depth_bfx/NYU1210.png,rule,"{""anchor_concept"": ""pillow"", ""anchor_object_index"": 14, ""answer_concept"": ""sofa"", ""answer_object_index"": 12, ""nearest_distance_m"": 0.451, ""second_nearest_distance_m"": 0.933}"
test_011595,kv1/NYUdata/NYU0697,scene:kv1/NYUdata/NYU0697,kv1,bathroom,test,nearest_object,,2,What sits closest to the faucet?,,sink,object,,SUNRGBD/kv1/NYUdata/NYU0697/image/NYU0697.jpg,SUNRGBD/kv1/NYUdata/NYU0697/depth_bfx/NYU0697.png,rule,"{""anchor_concept"": ""faucet"", ""anchor_object_index"": 17, ""answer_concept"": ""sink"", ""answer_object_index"": 23, ""nearest_distance_m"": 0.225, ""second_nearest_distance_m"": 0.369}"
test_012314,kv1/NYUdata/NYU1165,scene:kv1/NYUdata/NYU1165,kv1,bedroom,test,nearest_object,,0,What is the closest object to the cabinet?,,window,object,,SUNRGBD/kv1/NYUdata/NYU1165/image/NYU1165.jpg,SUNRGBD/kv1/NYUdata/NYU1165/depth_bfx/NYU1165.png,rule,"{""anchor_concept"": ""cabinet"", ""anchor_object_index"": 0, ""answer_concept"": ""window"", ""answer_object_index"": 6, ""nearest_distance_m"": 1.052, ""second_nearest_distance_m"": 1.841}"
test_012720,kv1/NYUdata/NYU0926,scene:kv1/NYUdata/NYU0926,kv1,bedroom,test,nearest_object,,1,Which object is nearest to the pillow?,,lamp,object,,SUNRGBD/kv1/NYUdata/NYU0926/image/NYU0926.jpg,SUNRGBD/kv1/NYUdata/NYU0926/depth_bfx/NYU0926.png,rule,"{""anchor_concept"": ""pillow"", ""anchor_object_index"": 10, ""answer_concept"": ""lamp"", ""answer_object_index"": 12, ""nearest_distance_m"": 0.687, ""second_nearest_distance_m"": 1.021}"
test_005480,kv1/NYUdata/NYU0444,scene:kv1/NYUdata/NYU0444,kv1,playroom,test,nearest_object,,3,Which item is positioned nearest to the chair?,,clothes,object,,SUNRGBD/kv1/NYUdata/NYU0444/image/NYU0444.jpg,SUNRGBD/kv1/NYUdata/NYU0444/depth_bfx/NYU0444.png,rule,"{""anchor_concept"": ""chair"", ""anchor_object_index"": 0, ""answer_concept"": ""clothes"", ""answer_object_index"": 8, ""nearest_distance_m"": 1.012, ""second_nearest_distance_m"": 2.512}"
test_001460,kv1/NYUdata/NYU0046,scene:kv1/NYUdata/NYU0046,kv1,bathroom,test,nearest_object,,0,What is the closest object to the fan?,,bottle,object,,SUNRGBD/kv1/NYUdata/NYU0046/image/NYU0046.jpg,SUNRGBD/kv1/NYUdata/NYU0046/depth_bfx/NYU0046.png,rule,"{""anchor_concept"": ""fan"", ""anchor_object_index"": 9, ""answer_concept"": ""bottle"", ""answer_object_index"": 1, ""nearest_distance_m"": 0.115, ""second_nearest_distance_m"": 0.149}"
test_003933,kv1/NYUdata/NYU0671,scene:kv1/NYUdata/NYU0671,kv1,bathroom,test,nearest_object,,2,What sits closest to the tissue box?,,counter,object,,SUNRGBD/kv1/NYUdata/NYU0671/image/NYU0671.jpg,SUNRGBD/kv1/NYUdata/NYU0671/depth_bfx/NYU0671.png,rule,"{""anchor_concept"": ""tissuebox"", ""anchor_object_index"": 16, ""answer_concept"": ""counter"", ""answer_object_index"": 6, ""nearest_distance_m"": 0.284, ""second_nearest_distance_m"": 0.425}"
test_010391,kv1/NYUdata/NYU0464,scene:kv1/NYUdata/NYU0464,kv1,reception_room,test,nearest_object,,0,What is the closest object to the sofa?,,pillow,object,,SUNRGBD/kv1/NYUdata/NYU0464/image/NYU0464.jpg,SUNRGBD/kv1/NYUdata/NYU0464/depth_bfx/NYU0464.png,rule,"{""anchor_concept"": ""sofa"", ""anchor_object_index"": 11, ""answer_concept"": ""pillow"", ""answer_object_index"": 14, ""nearest_distance_m"": 0.002, ""second_nearest_distance_m"": 1.354}"
test_005016,kv1/NYUdata/NYU0580,scene:kv1/NYUdata/NYU0580,kv1,living_room,test,nearest_object,,4,What is right next to the bag?,,sofa,object,,SUNRGBD/kv1/NYUdata/NYU0580/image/NYU0580.jpg,SUNRGBD/kv1/NYUdata/NYU0580/depth_bfx/NYU0580.png,rule,"{""anchor_concept"": ""bag"", ""anchor_object_index"": 9, ""answer_concept"": ""sofa"", ""answer_object_index"": 13, ""nearest_distance_m"": 0.948, ""second_nearest_distance_m"": 1.468}"
test_003219,kv1/b3dodata/img_0566,scene:kv1/b3dodata/img_0566,kv1,bedroom,test,nearest_object,,1,Which object is nearest to the wire?,,shoe,object,,SUNRGBD/kv1/b3dodata/img_0566/image/img_0566.jpg,SUNRGBD/kv1/b3dodata/img_0566/depth_bfx/img_0566_abs.png,rule,"{""anchor_concept"": ""wire"", ""anchor_object_index"": 6, ""answer_concept"": ""shoe"", ""answer_object_index"": 7, ""nearest_distance_m"": 0.267, ""second_nearest_distance_m"": 0.688}"
test_002466,kv1/NYUdata/NYU0210,scene:kv1/NYUdata/NYU0210,kv1,living_room,test,nearest_object,,0,What is the closest object to the sofa?,,clothes,object,,SUNRGBD/kv1/NYUdata/NYU0210/image/NYU0210.jpg,SUNRGBD/kv1/NYUdata/NYU0210/depth_bfx/NYU0210.png,rule,"{""anchor_concept"": ""sofa"", ""anchor_object_index"": 14, ""answer_concept"": ""clothes"", ""answer_object_index"": 15, ""nearest_distance_m"": 0.484, ""second_nearest_distance_m"": 1.159}"
test_013090,kv1/NYUdata/NYU1088,scene:kv1/NYUdata/NYU1088,kv1,bedroom,test,nearest_object,,0,What is the closest object to the monitor?,,keyboard,object,,SUNRGBD/kv1/NYUdata/NYU1088/image/NYU1088.jpg,SUNRGBD/kv1/NYUdata/NYU1088/depth_bfx/NYU1088.png,rule,"{""anchor_concept"": ""monitor"", ""anchor_object_index"": 3, ""answer_concept"": ""keyboard"", ""answer_object_index"": 2, ""nearest_distance_m"": 0.314, ""second_nearest_distance_m"": 1.05}"
test_003739,kv1/b3dodata/img_0739,scene:kv1/b3dodata/img_0739,kv1,home_office,test,nearest_object,,4,What is right next to the laptop?,,shelf,object,,SUNRGBD/kv1/b3dodata/img_0739/image/img_0739.jpg,SUNRGBD/kv1/b3dodata/img_0739/depth_bfx/img_0739_abs.png,rule,"{""anchor_concept"": ""laptop"", ""anchor_object_index"": 0, ""answer_concept"": ""shelf"", ""answer_object_index"": 13, ""nearest_distance_m"": 0.377, ""second_nearest_distance_m"": 0.827}"
test_005676,kv1/NYUdata/NYU0062,scene:kv1/NYUdata/NYU0062,kv1,bedroom,test,nearest_object,,1,Which object is nearest to the door?,,clothes,object,,SUNRGBD/kv1/NYUdata/NYU0062/image/NYU0062.jpg,SUNRGBD/kv1/NYUdata/NYU0062/depth_bfx/NYU0062.png,rule,"{""anchor_concept"": ""door"", ""anchor_object_index"": 4, ""answer_concept"": ""clothes"", ""answer_object_index"": 7, ""nearest_distance_m"": 0.478, ""second_nearest_distance_m"": 0.639}"
test_000097,realsense/lg/2014_10_27-14_51_57-1311000073,scene:realsense/lg/2014_10_27-14_51_57-1311000073,realsense,library,test,nearest_object,,5,Which object is closest in distance to the printer?,,table,object,,SUNRGBD/realsense/lg/2014_10_27-14_51_57-1311000073/image/0000063.jpg,SUNRGBD/realsense/lg/2014_10_27-14_51_57-1311000073/depth_bfx/0000063.png,rule,"{""anchor_concept"": ""printer"", ""anchor_object_index"": 7, ""answer_concept"": ""table"", ""answer_object_index"": 1, ""nearest_distance_m"": 0.485, ""second_nearest_distance_m"": 0.686}"
test_001404,realsense/lg/2014_10_24-13_24_59-1311000073,scene:realsense/lg/2014_10_24-13_24_59-1311000073,realsense,printer_room,test,nearest_object,,1,Which object is nearest to the door?,,window,object,,SUNRGBD/realsense/lg/2014_10_24-13_24_59-1311000073/image/0000061.jpg,SUNRGBD/realsense/lg/2014_10_24-13_24_59-1311000073/depth_bfx/0000061.png,rule,"{""anchor_concept"": ""door"", ""anchor_object_index"": 1, ""answer_concept"": ""window"", ""answer_object_index"": 8, ""nearest_distance_m"": 0.959, ""second_nearest_distance_m"": 1.289}"
test_006333,realsense/lg/2014_10_24-13_23_10-1311000073,scene:realsense/lg/2014_10_24-13_23_10-1311000073,realsense,rest_space,test,nearest_object,,4,What is right next to the sofa?,,coffee table,object,,SUNRGBD/realsense/lg/2014_10_24-13_23_10-1311000073/image/0000063.jpg,SUNRGBD/realsense/lg/2014_10_24-13_23_10-1311000073/depth_bfx/0000063.png,rule,"{""anchor_concept"": ""sofa"", ""anchor_object_index"": 3, ""answer_concept"": ""coffeetable"", ""answer_object_index"": 0, ""nearest_distance_m"": 1.069, ""second_nearest_distance_m"": 1.663}"
test_007615,realsense/lg/2014_10_28-15_48_50-1311000073,scene:realsense/lg/2014_10_28-15_48_50-1311000073,realsense,library,test,nearest_object,,4,What is right next to the sofa?,,pillow,object,,SUNRGBD/realsense/lg/2014_10_28-15_48_50-1311000073/image/0000063.jpg,SUNRGBD/realsense/lg/2014_10_28-15_48_50-1311000073/depth_bfx/0000063.png,rule,"{""anchor_concept"": ""sofa"", ""anchor_object_index"": 0, ""answer_concept"": ""pillow"", ""answer_object_index"": 14, ""nearest_distance_m"": 0.316, ""second_nearest_distance_m"": 0.522}"
test_006072,realsense/lg/2014_10_24-13_27_24-1311000073,scene:realsense/lg/2014_10_24-13_27_24-1311000073,realsense,computer_room,test,nearest_object,,2,What sits closest to the window?,,monitor,object,,SUNRGBD/realsense/lg/2014_10_24-13_27_24-1311000073/image/0000071.jpg,SUNRGBD/realsense/lg/2014_10_24-13_27_24-1311000073/depth_bfx/0000071.png,rule,"{""anchor_concept"": ""window"", ""anchor_object_index"": 9, ""answer_concept"": ""monitor"", ""answer_object_index"": 1, ""nearest_distance_m"": 0.375, ""second_nearest_distance_m"": 1.803}"
test_012370,realsense/lg/2014_10_29-16_51_25-1311000073,scene:realsense/lg/2014_10_29-16_51_25-1311000073,realsense,kitchen,test,nearest_object,,2,What sits closest to the jar?,,poster,object,,SUNRGBD/realsense/lg/2014_10_29-16_51_25-1311000073/image/0000063.jpg,SUNRGBD/realsense/lg/2014_10_29-16_51_25-1311000073/depth_bfx/0000063.png,rule,"{""anchor_concept"": ""jar"", ""anchor_object_index"": 1, ""answer_concept"": ""poster"", ""answer_object_index"": 10, ""nearest_distance_m"": 0.53, ""second_nearest_distance_m"": 0.868}"
test_000824,realsense/lg/2014_10_28-15_35_15-1311000073,scene:realsense/lg/2014_10_28-15_35_15-1311000073,realsense,library,test,nearest_object,,1,Which object is nearest to the carpet?,,sofa,object,,SUNRGBD/realsense/lg/2014_10_28-15_35_15-1311000073/image/0000063.jpg,SUNRGBD/realsense/lg/2014_10_28-15_35_15-1311000073/depth_bfx/0000063.png,rule,"{""anchor_concept"": ""carpet"", ""anchor_object_index"": 5, ""answer_concept"": ""sofa"", ""answer_object_index"": 0, ""nearest_distance_m"": 0.584, ""second_nearest_distance_m"": 1.812}"
test_012783,realsense/lg/2014_10_24-13_25_14-1311000073,scene:realsense/lg/2014_10_24-13_25_14-1311000073,realsense,office_dining,test,nearest_object,,5,Which object is closest in distance to the table?,,drawer,object,,SUNRGBD/realsense/lg/2014_10_24-13_25_14-1311000073/image/0000063.jpg,SUNRGBD/realsense/lg/2014_10_24-13_25_14-1311000073/depth_bfx/0000063.png,rule,"{""anchor_concept"": ""table"", ""anchor_object_index"": 10, ""answer_concept"": ""drawer"", ""answer_object_index"": 8, ""nearest_distance_m"": 0.161, ""second_nearest_distance_m"": 0.323}"
test_004246,realsense/lg/2014_10_29-16_49_15-1311000073,scene:realsense/lg/2014_10_29-16_49_15-1311000073,realsense,rest_space,test,nearest_object,,5,Which object is closest in distance to the plant?,,window,object,,SUNRGBD/realsense/lg/2014_10_29-16_49_15-1311000073/image/0000064.jpg,SUNRGBD/realsense/lg/2014_10_29-16_49_15-1311000073/depth_bfx/0000064.png,rule,"{""anchor_concept"": ""plant"", ""anchor_object_index"": 1, ""answer_concept"": ""window"", ""answer_object_index"": 11, ""nearest_distance_m"": 0.649, ""second_nearest_distance_m"": 1.274}"
test_008151,realsense/lg/2014_10_24-13_29_37-1311000073,scene:realsense/lg/2014_10_24-13_29_37-1311000073,realsense,printer_room,test,nearest_object,,3,Which item is positioned nearest to the laptop?,,desk,object,,SUNRGBD/realsense/lg/2014_10_24-13_29_37-1311000073/image/0000063.jpg,SUNRGBD/realsense/lg/2014_10_24-13_29_37-1311000073/depth_bfx/0000063.png,rule,"{""anchor_concept"": ""laptop"", ""anchor_object_index"": 9, ""answer_concept"": ""desk"", ""answer_object_index"": 8, ""nearest_distance_m"": 0.379, ""second_nearest_distance_m"": 0.504}"
test_012718,realsense/lg/2014_10_24-09_20_52-1311000073,scene:realsense/lg/2014_10_24-09_20_52-1311000073,realsense,rest_space,test,nearest_object,,4,What is right next to the table?,,sofa,object,,SUNRGBD/realsense/lg/2014_10_24-09_20_52-1311000073/image/0000063.jpg,SUNRGBD/realsense/lg/2014_10_24-09_20_52-1311000073/depth_bfx/0000063.png,rule,"{""anchor_concept"": ""table"", ""anchor_object_index"": 3, ""answer_concept"": ""sofa"", ""answer_object_index"": 2, ""nearest_distance_m"": 1.102, ""second_nearest_distance_m"": 1.586}"
test_001638,realsense/lg/2014_10_30-15_45_45-1311000073,scene:realsense/lg/2014_10_30-15_45_45-1311000073,realsense,bathroom,test,nearest_object,,5,Which object is closest in distance to the window?,,sink,object,,SUNRGBD/realsense/lg/2014_10_30-15_45_45-1311000073/image/0000068.jpg,SUNRGBD/realsense/lg/2014_10_30-15_45_45-1311000073/depth_bfx/0000068.png,rule,"{""anchor_concept"": ""window"", ""anchor_object_index"": 6, ""answer_concept"": ""sink"", ""answer_object_index"": 3, ""nearest_distance_m"": 0.791, ""second_nearest_distance_m"": 1.424}"
test_011305,kv2/kinect2data/002829_2014-06-22_20-35-54_094959634447_rgbf000090-resize,scene:kv2/kinect2data/002829_2014-06-22_20-35-54_094959634447_rgbf000090-resize,kv2,kitchen,test,left_right,,2,"Looking at the cord, is the frame positioned on its left or right?",,left,choice,left|right,SUNRGBD/kv2/kinect2data/002829_2014-06-22_20-35-54_094959634447_rgbf000090-resize/image/0000090.jpg,SUNRGBD/kv2/kinect2data/002829_2014-06-22_20-35-54_094959634447_rgbf000090-resize/depth_bfx/0000090.png,rule,"{""a_concept"": ""frame"", ""b_concept"": ""cord"", ""a_centroid_x"": 88.79232141829274, ""b_centroid_x"": 352.7702388637831, ""horizontal_gap_px"": 263.97791744549033, ""image_width"": 730}"
test_013727,kv2/kinect2data/002953_2014-06-08_17-32-18_094959634447_rgbf000059-resize,scene:kv2/kinect2data/002953_2014-06-08_17-32-18_094959634447_rgbf000059-resize,kv2,furniture_store,test,left_right,,5,"From the chair, which direction is the refrigerator in, left or right?",,left,choice,left|right,SUNRGBD/kv2/kinect2data/002953_2014-06-08_17-32-18_094959634447_rgbf000059-resize/image/0000059.jpg,SUNRGBD/kv2/kinect2data/002953_2014-06-08_17-32-18_094959634447_rgbf000059-resize/depth_bfx/0000059.png,rule,"{""a_concept"": ""refrigerator"", ""b_concept"": ""chair"", ""a_centroid_x"": 245.2864393860652, ""b_centroid_x"": 369.7181773814277, ""horizontal_gap_px"": 124.43173799536251, ""image_width"": 730}"
test_005875,kv2/kinect2data/001846_2014-06-22_13-20-09_260595134347_rgbf000041-resize,scene:kv2/kinect2data/001846_2014-06-22_13-20-09_260595134347_rgbf000041-resize,kv2,furniture_store,test,left_right,,0,Is the person to the left or to the right of the basket?,,right,choice,left|right,SUNRGBD/kv2/kinect2data/001846_2014-06-22_13-20-09_260595134347_rgbf000041-resize/image/0000041.jpg,SUNRGBD/kv2/kinect2data/001846_2014-06-22_13-20-09_260595134347_rgbf000041-resize/depth_bfx/0000041.png,rule,"{""a_concept"": ""person"", ""b_concept"": ""basket"", ""a_centroid_x"": 780.0675998383482, ""b_centroid_x"": 568.6050288621466, ""horizontal_gap_px"": 211.46257097620162, ""image_width"": 730}"
test_003169,kv2/kinect2data/001134_2014-06-17_15-18-31_260595134347_rgbf000034-resize,scene:kv2/kinect2data/001134_2014-06-17_15-18-31_260595134347_rgbf000034-resize,kv2,library,test,left_right,,1,"Relative to the window, is the lamp on the left or the right?",,right,choice,left|right,SUNRGBD/kv2/kinect2data/001134_2014-06-17_15-18-31_260595134347_rgbf000034-resize/image/0000034.jpg,SUNRGBD/kv2/kinect2data/001134_2014-06-17_15-18-31_260595134347_rgbf000034-resize/depth_bfx/0000034.png,rule,"{""a_concept"": ""lamp"", ""b_concept"": ""window"", ""a_centroid_x"": 136.93417709027213, ""b_centroid_x"": -38.96057242990654, ""horizontal_gap_px"": 175.89474952017866, ""image_width"": 730}"
test_004152,kv2/kinect2data/001238_2014-06-17_16-39-10_260595134347_rgbf000120-resize,scene:kv2/kinect2data/001238_2014-06-17_16-39-10_260595134347_rgbf000120-resize,kv2,computer_room,test,left_right,,1,"Relative to the glass, is the rack on the left or the right?",,left,choice,left|right,SUNRGBD/kv2/kinect2data/001238_2014-06-17_16-39-10_260595134347_rgbf000120-resize/image/0000120.jpg,SUNRGBD/kv2/kinect2data/001238_2014-06-17_16-39-10_260595134347_rgbf000120-resize/depth_bfx/0000120.png,rule,"{""a_concept"": ""rack"", ""b_concept"": ""glass"", ""a_centroid_x"": 364.7878136200717, ""b_centroid_x"": 692.1542755079258, ""horizontal_gap_px"": 327.36646188785414, ""image_width"": 730}"
test_005238,kv2/kinect2data/003172_2014-05-12_21-49-43_094959634447_rgbf000101-resize,scene:kv2/kinect2data/003172_2014-05-12_21-49-43_094959634447_rgbf000101-resize,kv2,conference_room,test,left_right,,2,"Looking at the cabinet, is the door positioned on its left or right?",,left,choice,left|right,SUNRGBD/kv2/kinect2data/003172_2014-05-12_21-49-43_094959634447_rgbf000101-resize/image/0000101.jpg,SUNRGBD/kv2/kinect2data/003172_2014-05-12_21-49-43_094959634447_rgbf000101-resize/depth_bfx/0000101.png,rule,"{""a_concept"": ""door"", ""b_concept"": ""cabinet"", ""a_centroid_x"": 208.08076219070568, ""b_centroid_x"": 516.1096170165791, ""horizontal_gap_px"": 308.02885482587345, ""image_width"": 730}"
test_010320,kv2/kinect2data/003163_2014-05-12_21-35-34_094959634447_rgbf000100-resize,scene:kv2/kinect2data/003163_2014-05-12_21-35-34_094959634447_rgbf000100-resize,kv2,conference_room,test,left_right,,4,"Which side of the chair is the poster on, left or right?",,left,choice,left|right,SUNRGBD/kv2/kinect2data/003163_2014-05-12_21-35-34_094959634447_rgbf000100-resize/image/0000100.jpg,SUNRGBD/kv2/kinect2data/003163_2014-05-12_21-35-34_094959634447_rgbf000100-resize/depth_bfx/0000100.png,rule,"{""a_concept"": ""poster"", ""b_concept"": ""chair"", ""a_centroid_x"": 144.75719130028062, ""b_centroid_x"": 368.6797797111113, ""horizontal_gap_px"": 223.92258841083066, ""image_width"": 730}"
test_008047,kv2/kinect2data/001740_2014-06-26_19-47-38_260595134347_rgbf000040-resize,scene:kv2/kinect2data/001740_2014-06-26_19-47-38_260595134347_rgbf000040-resize,kv2,furniture_store,test,left_right,,5,"From the bed, which direction is the night stand in, left or right?",,left,choice,left|right,SUNRGBD/kv2/kinect2data/001740_2014-06-26_19-47-38_260595134347_rgbf000040-resize/image/0000040.jpg,SUNRGBD/kv2/kinect2data/001740_2014-06-26_19-47-38_260595134347_rgbf000040-resize/depth_bfx/0000040.png,rule,"{""a_concept"": ""nightstand"", ""b_concept"": ""bed"", ""a_centroid_x"": 231.98385969983858, ""b_centroid_x"": 365.33000280887603, ""horizontal_gap_px"": 133.34614310903746, ""image_width"": 730}"
test_004758,kv2/kinect2data/003390_2014-05-20_15-26-40_094959634447_rgbf000100-resize,scene:kv2/kinect2data/003390_2014-05-20_15-26-40_094959634447_rgbf000100-resize,kv2,classroom,test,left_right,,3,Is the window on the left side or the right side of the chair?,,left,choice,left|right,SUNRGBD/kv2/kinect2data/003390_2014-05-20_15-26-40_094959634447_rgbf000100-resize/image/0000100.jpg,SUNRGBD/kv2/kinect2data/003390_2014-05-20_15-26-40_094959634447_rgbf000100-resize/depth_bfx/0000100.png,rule,"{""a_concept"": ""window"", ""b_concept"": ""chair"", ""a_centroid_x"": 40.922993225930995, ""b_centroid_x"": 475.55522241690016, ""horizontal_gap_px"": 434.63222919096916, ""image_width"": 730}"
test_010143,kv2/kinect2data/000127_2014-04-11_16-55-01_094959634447_rgbf000149-resize,scene:kv2/kinect2data/000127_2014-04-11_16-55-01_094959634447_rgbf000149-resize,kv2,office,test,left_right,,1,"Relative to the drawer, is the computer on the left or the right?",,left,choice,left|right,SUNRGBD/kv2/kinect2data/000127_2014-04-11_16-55-01_094959634447_rgbf000149-resize/image/0000149.jpg,SUNRGBD/kv2/kinect2data/000127_2014-04-11_16-55-01_094959634447_rgbf000149-resize/depth_bfx/0000149.png,rule,"{""a_concept"": ""computer"", ""b_concept"": ""drawer"", ""a_centroid_x"": 110.8116108697504, ""b_centroid_x"": 364.68481806799826, ""horizontal_gap_px"": 253.87320719824788, ""image_width"": 730}"
test_013796,kv2/align_kv2/2014-12-18_13-59-04_260595134347,scene:kv2/align_kv2/2014-12-18_13-59-04_260595134347,kv2,bathroom,test,left_right,,0,Is the toilet to the left or to the right of the door?,,right,choice,left|right,SUNRGBD/kv2/align_kv2/2014-12-18_13-59-04_260595134347/image/0000113.jpg,SUNRGBD/kv2/align_kv2/2014-12-18_13-59-04_260595134347/depth_bfx/0000113.png,rule,"{""a_concept"": ""toilet"", ""b_concept"": ""door"", ""a_centroid_x"": 355.01107921465547, ""b_centroid_x"": 15.03708927545317, ""horizontal_gap_px"": 339.9739899392023, ""image_width"": 730}"
test_007534,kv2/kinect2data/000995_2014-06-08_17-16-25_260595134347_rgbf000059-resize,scene:kv2/kinect2data/000995_2014-06-08_17-16-25_260595134347_rgbf000059-resize,kv2,corridor,test,left_right,,2,"Looking at the trash can, is the box positioned on its left or right?",,left,choice,left|right,SUNRGBD/kv2/kinect2data/000995_2014-06-08_17-16-25_260595134347_rgbf000059-resize/image/0000059.jpg,SUNRGBD/kv2/kinect2data/000995_2014-06-08_17-16-25_260595134347_rgbf000059-resize/depth_bfx/0000059.png,rule,"{""a_concept"": ""box"", ""b_concept"": ""trashcan"", ""a_centroid_x"": 68.23115610500015, ""b_centroid_x"": 671.547097782276, ""horizontal_gap_px"": 603.3159416772758, ""image_width"": 730}"
test_006214,kv2/kinect2data/001883_2014-06-22_13-51-08_260595134347_rgbf000033-resize,scene:kv2/kinect2data/001883_2014-06-22_13-51-08_260595134347_rgbf000033-resize,kv2,furniture_store,test,left_right,,4,"Which side of the price tag is the mattress on, left or right?",,left,choice,left|right,SUNRGBD/kv2/kinect2data/001883_2014-06-22_13-51-08_260595134347_rgbf000033-resize/image/0000033.jpg,SUNRGBD/kv2/kinect2data/001883_2014-06-22_13-51-08_260595134347_rgbf000033-resize/depth_bfx/0000033.png,rule,"{""a_concept"": ""mattress"", ""b_concept"": ""pricetag"", ""a_centroid_x"": 267.3487807174466, ""b_centroid_x"": 435.8726416802462, ""horizontal_gap_px"": 168.52386096279963, ""image_width"": 730}"
test_012733,kv2/kinect2data/002699_2014-06-22_11-26-42_094959634447_rgbf000123-resize,scene:kv2/kinect2data/002699_2014-06-22_11-26-42_094959634447_rgbf000123-resize,kv2,dining_area,test,left_right,,5,"From the refrigerator, which direction is the table in, left or right?",,left,choice,left|right,SUNRGBD/kv2/kinect2data/002699_2014-06-22_11-26-42_094959634447_rgbf000123-resize/image/0000123.jpg,SUNRGBD/kv2/kinect2data/002699_2014-06-22_11-26-42_094959634447_rgbf000123-resize/depth_bfx/0000123.png,rule,"{""a_concept"": ""table"", ""b_concept"": ""refrigerator"", ""a_centroid_x"": 369.84487176482537, ""b_centroid_x"": 742.185473174412, ""horizontal_gap_px"": 372.3406014095866, ""image_width"": 730}"
test_013106,kv2/kinect2data/001811_2014-06-26_20-51-51_260595134347_rgbf000106-resize,scene:kv2/kinect2data/001811_2014-06-26_20-51-51_260595134347_rgbf000106-resize,kv2,furniture_store,test,left_right,,5,"From the picture frame, which direction is the bed in, left or right?",,left,choice,left|right,SUNRGBD/kv2/kinect2data/001811_2014-06-26_20-51-51_260595134347_rgbf000106-resize/image/0000106.jpg,SUNRGBD/kv2/kinect2data/001811_2014-06-26_20-51-51_260595134347_rgbf000106-resize/depth_bfx/0000106.png,rule,"{""a_concept"": ""bed"", ""b_concept"": ""pictureframe"", ""a_centroid_x"": 304.51380745610805, ""b_centroid_x"": 715.6499558261529, ""horizontal_gap_px"": 411.13614837004485, ""image_width"": 730}"
test_006766,kv2/kinect2data/002894_2014-06-03_17-56-17_094959634447_rgbf000150-resize,scene:kv2/kinect2data/002894_2014-06-03_17-56-17_094959634447_rgbf000150-resize,kv2,library,test,left_right,,4,"Which side of the bookshelf is the chair on, left or right?",,right,choice,left|right,SUNRGBD/kv2/kinect2data/002894_2014-06-03_17-56-17_094959634447_rgbf000150-resize/image/0000150.jpg,SUNRGBD/kv2/kinect2data/002894_2014-06-03_17-56-17_094959634447_rgbf000150-resize/depth_bfx/0000150.png,rule,"{""a_concept"": ""chair"", ""b_concept"": ""bookshelf"", ""a_centroid_x"": 809.5483034249113, ""b_centroid_x"": 312.7265807614953, ""horizontal_gap_px"": 496.821722663416, ""image_width"": 730}"
test_009527,kv2/kinect2data/003451_2014-05-21_12-43-14_094959634447_rgbf004260-resize,scene:kv2/kinect2data/003451_2014-05-21_12-43-14_094959634447_rgbf004260-resize,kv2,classroom,test,left_right,,5,"From the board, which direction is the window in, left or right?",,right,choice,left|right,SUNRGBD/kv2/kinect2data/003451_2014-05-21_12-43-14_094959634447_rgbf004260-resize/image/0004260.jpg,SUNRGBD/kv2/kinect2data/003451_2014-05-21_12-43-14_094959634447_rgbf004260-resize/depth_bfx/0004260.png,rule,"{""a_concept"": ""window"", ""b_concept"": ""board"", ""a_centroid_x"": 453.9818462188424, ""b_centroid_x"": -50.72726097356002, ""horizontal_gap_px"": 504.7091071924024, ""image_width"": 730}"
test_007025,kv2/kinect2data/002855_2014-06-03_18-57-10_094959634447_rgbf000151-resize,scene:kv2/kinect2data/002855_2014-06-03_18-57-10_094959634447_rgbf000151-resize,kv2,office,test,left_right,,0,Is the computer to the left or to the right of the cord?,,right,choice,left|right,SUNRGBD/kv2/kinect2data/002855_2014-06-03_18-57-10_094959634447_rgbf000151-resize/image/0000151.jpg,SUNRGBD/kv2/kinect2data/002855_2014-06-03_18-57-10_094959634447_rgbf000151-resize/depth_bfx/0000151.png,rule,"{""a_concept"": ""computer"", ""b_concept"": ""cord"", ""a_centroid_x"": 760.2659439927733, ""b_centroid_x"": 229.27176141658902, ""horizontal_gap_px"": 530.9941825761842, ""image_width"": 730}"
test_010761,kv2/kinect2data/001853_2014-06-22_13-22-39_260595134347_rgbf000054-resize,scene:kv2/kinect2data/001853_2014-06-22_13-22-39_260595134347_rgbf000054-resize,kv2,furniture_store,test,left_right,,2,"Looking at the towel, is the chair positioned on its left or right?",,right,choice,left|right,SUNRGBD/kv2/kinect2data/001853_2014-06-22_13-22-39_260595134347_rgbf000054-resize/image/0000054.jpg,SUNRGBD/kv2/kinect2data/001853_2014-06-22_13-22-39_260595134347_rgbf000054-resize/depth_bfx/0000054.png,rule,"{""a_concept"": ""chair"", ""b_concept"": ""towel"", ""a_centroid_x"": 607.9523291854673, ""b_centroid_x"": 372.1174566366253, ""horizontal_gap_px"": 235.834872548842, ""image_width"": 730}"
test_009839,kv2/kinect2data/000035_2014-05-26_14-52-45_260595134347_rgbf000070-resize,scene:kv2/kinect2data/000035_2014-05-26_14-52-45_260595134347_rgbf000070-resize,kv2,furniture_store,test,left_right,,4,"Which side of the picture is the mattress on, left or right?",,right,choice,left|right,SUNRGBD/kv2/kinect2data/000035_2014-05-26_14-52-45_260595134347_rgbf000070-resize/image/0000070.jpg,SUNRGBD/kv2/kinect2data/000035_2014-05-26_14-52-45_260595134347_rgbf000070-resize/depth_bfx/0000070.png,rule,"{""a_concept"": ""mattress"", ""b_concept"": ""picture"", ""a_centroid_x"": 504.11824359179536, ""b_centroid_x"": 416.7289971241669, ""horizontal_gap_px"": 87.38924646762848, ""image_width"": 730}"
test_005068,kv2/kinect2data/001738_2014-06-26_19-47-11_260595134347_rgbf000072-resize,scene:kv2/kinect2data/001738_2014-06-26_19-47-11_260595134347_rgbf000072-resize,kv2,furniture_store,test,left_right,,0,Is the rug to the left or to the right of the mattress?,,left,choice,left|right,SUNRGBD/kv2/kinect2data/001738_2014-06-26_19-47-11_260595134347_rgbf000072-resize/image/0000072.jpg,SUNRGBD/kv2/kinect2data/001738_2014-06-26_19-47-11_260595134347_rgbf000072-resize/depth_bfx/0000072.png,rule,"{""a_concept"": ""rug"", ""b_concept"": ""mattress"", ""a_centroid_x"": 111.71012062654334, ""b_centroid_x"": 666.8968185345306, ""horizontal_gap_px"": 555.1866979079872, ""image_width"": 730}"
test_011080,kv2/kinect2data/000165_2014-05-16_20-34-36_260595134347_rgbf000130-resize,scene:kv2/kinect2data/000165_2014-05-16_20-34-36_260595134347_rgbf000130-resize,kv2,bathroom,test,left_right,,2,"Looking at the bathtub, is the shower curtain positioned on its left or right?",,right,choice,left|right,SUNRGBD/kv2/kinect2data/000165_2014-05-16_20-34-36_260595134347_rgbf000130-resize/image/0000130.jpg,SUNRGBD/kv2/kinect2data/000165_2014-05-16_20-34-36_260595134347_rgbf000130-resize/depth_bfx/0000130.png,rule,"{""a_concept"": ""showercurtain"", ""b_concept"": ""bathtub"", ""a_centroid_x"": 478.8516804418316, ""b_centroid_x"": 155.22419938868342, ""horizontal_gap_px"": 323.6274810531482, ""image_width"": 730}"
test_005946,kv2/kinect2data/003135_2014-05-12_10-57-34_094959634447_rgbf000100-resize,scene:kv2/kinect2data/003135_2014-05-12_10-57-34_094959634447_rgbf000100-resize,kv2,classroom,test,left_right,,4,"Which side of the door is the whiteboard on, left or right?",,right,choice,left|right,SUNRGBD/kv2/kinect2data/003135_2014-05-12_10-57-34_094959634447_rgbf000100-resize/image/0000100.jpg,SUNRGBD/kv2/kinect2data/003135_2014-05-12_10-57-34_094959634447_rgbf000100-resize/depth_bfx/0000100.png,rule,"{""a_concept"": ""whiteboard"", ""b_concept"": ""door"", ""a_centroid_x"": 521.2237891922198, ""b_centroid_x"": 271.08948845032734, ""horizontal_gap_px"": 250.13430074189245, ""image_width"": 730}"
test_004355,kv2/kinect2data/000656_2014-06-08_17-11-06_260595134347_rgbf000231-resize,scene:kv2/kinect2data/000656_2014-06-08_17-11-06_260595134347_rgbf000231-resize,kv2,rest_space,test,left_right,,1,"Relative to the sofa, is the television on the left or the right?",,left,choice,left|right,SUNRGBD/kv2/kinect2data/000656_2014-06-08_17-11-06_260595134347_rgbf000231-resize/image/0000231.jpg,SUNRGBD/kv2/kinect2data/000656_2014-06-08_17-11-06_260595134347_rgbf000231-resize/depth_bfx/0000231.png,rule,"{""a_concept"": ""television"", ""b_concept"": ""sofa"", ""a_centroid_x"": 100.36559652239217, ""b_centroid_x"": 562.2576851542068, ""horizontal_gap_px"": 461.89208863181466, ""image_width"": 730}"
test_004570,kv2/kinect2data/000038_2014-05-26_14-54-53_260595134347_rgbf000021-resize,scene:kv2/kinect2data/000038_2014-05-26_14-54-53_260595134347_rgbf000021-resize,kv2,furniture_store,test,left_right,,2,"Looking at the mirror, is the bed positioned on its left or right?",,left,choice,left|right,SUNRGBD/kv2/kinect2data/000038_2014-05-26_14-54-53_260595134347_rgbf000021-resize/image/0000021.jpg,SUNRGBD/kv2/kinect2data/000038_2014-05-26_14-54-53_260595134347_rgbf000021-resize/depth_bfx/0000021.png,rule,"{""a_concept"": ""bed"", ""b_concept"": ""mirror"", ""a_centroid_x"": 231.1377585911536, ""b_centroid_x"": 636.5343759729205, ""horizontal_gap_px"": 405.39661738176693, ""image_width"": 730}"
test_006426,kv2/align_kv2/2014-12-18_11-34-09_260595134347,scene:kv2/align_kv2/2014-12-18_11-34-09_260595134347,kv2,office,test,left_right,,3,Is the box on the left side or the right side of the backpack?,,left,choice,left|right,SUNRGBD/kv2/align_kv2/2014-12-18_11-34-09_260595134347/image/0000337.jpg,SUNRGBD/kv2/align_kv2/2014-12-18_11-34-09_260595134347/depth_bfx/0000337.png,rule,"{""a_concept"": ""box"", ""b_concept"": ""backpack"", ""a_centroid_x"": 107.15635539337646, ""b_centroid_x"": 257.72036567565493, ""horizontal_gap_px"": 150.56401028227847, ""image_width"": 730}"
test_005690,kv2/kinect2data/003645_2014-05-23_22-12-28_094959634447_rgbf000100-resize,scene:kv2/kinect2data/003645_2014-05-23_22-12-28_094959634447_rgbf000100-resize,kv2,office,test,left_right,,5,"From the desk, which direction is the computer in, left or right?",,left,choice,left|right,SUNRGBD/kv2/kinect2data/003645_2014-05-23_22-12-28_094959634447_rgbf000100-resize/image/0000100.jpg,SUNRGBD/kv2/kinect2data/003645_2014-05-23_22-12-28_094959634447_rgbf000100-resize/depth_bfx/0000100.png,rule,"{""a_concept"": ""computer"", ""b_concept"": ""desk"", ""a_centroid_x"": 225.76944955705486, ""b_centroid_x"": 315.8260005532165, ""horizontal_gap_px"": 90.05655099616163, ""image_width"": 730}"
test_010994,kv2/kinect2data/002852_2014-06-03_18-54-54_094959634447_rgbf000293-resize,scene:kv2/kinect2data/002852_2014-06-03_18-54-54_094959634447_rgbf000293-resize,kv2,office,test,left_right,,0,Is the chair to the left or to the right of the shoe?,,left,choice,left|right,SUNRGBD/kv2/kinect2data/002852_2014-06-03_18-54-54_094959634447_rgbf000293-resize/image/0000293.jpg,SUNRGBD/kv2/kinect2data/002852_2014-06-03_18-54-54_094959634447_rgbf000293-resize/depth_bfx/0000293.png,rule,"{""a_concept"": ""chair"", ""b_concept"": ""shoe"", ""a_centroid_x"": 268.6470827825481, ""b_centroid_x"": 478.455741298986, ""horizontal_gap_px"": 209.8086585164379, ""image_width"": 730}"
test_010670,kv2/kinect2data/001882_2014-06-22_13-50-45_260595134347_rgbf000030-resize,scene:kv2/kinect2data/001882_2014-06-22_13-50-45_260595134347_rgbf000030-resize,kv2,furniture_store,test,left_right,,2,"Looking at the headboard, is the lamp positioned on its left or right?",,right,choice,left|right,SUNRGBD/kv2/kinect2data/001882_2014-06-22_13-50-45_260595134347_rgbf000030-resize/image/0000030.jpg,SUNRGBD/kv2/kinect2data/001882_2014-06-22_13-50-45_260595134347_rgbf000030-resize/depth_bfx/0000030.png,rule,"{""a_concept"": ""lamp"", ""b_concept"": ""headboard"", ""a_centroid_x"": 390.8863789790725, ""b_centroid_x"": -35.941501490966495, ""horizontal_gap_px"": 426.827880470039, ""image_width"": 730}"
test_003334,kv2/kinect2data/000394_2014-06-08_23-09-42_260595134347_rgbf000100-resize,scene:kv2/kinect2data/000394_2014-06-08_23-09-42_260595134347_rgbf000100-resize,kv2,conference_room,test,left_right,,3,Is the door on the left side or the right side of the pillar?,,left,choice,left|right,SUNRGBD/kv2/kinect2data/000394_2014-06-08_23-09-42_260595134347_rgbf000100-resize/image/0000100.jpg,SUNRGBD/kv2/kinect2data/000394_2014-06-08_23-09-42_260595134347_rgbf000100-resize/depth_bfx/0000100.png,rule,"{""a_concept"": ""door"", ""b_concept"": ""pillar"", ""a_centroid_x"": 32.61942951632906, ""b_centroid_x"": 525.5117030608005, ""horizontal_gap_px"": 492.89227354447144, ""image_width"": 730}"
test_000810,kv2/kinect2data/000285_2014-06-02_16-16-14_260595134347_rgbf000065-resize,scene:kv2/kinect2data/000285_2014-06-02_16-16-14_260595134347_rgbf000065-resize,kv2,furniture_store,test,left_right,,3,Is the picture on the left side or the right side of the table?,,left,choice,left|right,SUNRGBD/kv2/kinect2data/000285_2014-06-02_16-16-14_260595134347_rgbf000065-resize/image/0000065.jpg,SUNRGBD/kv2/kinect2data/000285_2014-06-02_16-16-14_260595134347_rgbf000065-resize/depth_bfx/0000065.png,rule,"{""a_concept"": ""picture"", ""b_concept"": ""table"", ""a_centroid_x"": 562.1380372708146, ""b_centroid_x"": 704.6678906568748, ""horizontal_gap_px"": 142.52985338606015, ""image_width"": 730}"
test_012945,kv2/kinect2data/000372_2014-06-08_22-20-45_260595134347_rgbf000110-resize,scene:kv2/kinect2data/000372_2014-06-08_22-20-45_260595134347_rgbf000110-resize,kv2,classroom,test,left_right,,1,"Relative to the desk, is the carpet on the left or the right?",,right,choice,left|right,SUNRGBD/kv2/kinect2data/000372_2014-06-08_22-20-45_260595134347_rgbf000110-resize/image/0000110.jpg,SUNRGBD/kv2/kinect2data/000372_2014-06-08_22-20-45_260595134347_rgbf000110-resize/depth_bfx/0000110.png,rule,"{""a_concept"": ""carpet"", ""b_concept"": ""desk"", ""a_centroid_x"": 309.9774181704912, ""b_centroid_x"": 225.1256904452132, ""horizontal_gap_px"": 84.85172772527801, ""image_width"": 730}"
test_002661,kv2/kinect2data/000751_2014-06-08_21-56-46_260595134347_rgbf000096-resize,scene:kv2/kinect2data/000751_2014-06-08_21-56-46_260595134347_rgbf000096-resize,kv2,office,test,left_right,,1,"Relative to the paper, is the board on the left or the right?",,right,choice,left|right,SUNRGBD/kv2/kinect2data/000751_2014-06-08_21-56-46_260595134347_rgbf000096-resize/image/0000096.jpg,SUNRGBD/kv2/kinect2data/000751_2014-06-08_21-56-46_260595134347_rgbf000096-resize/depth_bfx/0000096.png,rule,"{""a_concept"": ""board"", ""b_concept"": ""paper"", ""a_centroid_x"": 654.4666666666667, ""b_centroid_x"": 348.51712648274025, ""horizontal_gap_px"": 305.94954018392644, ""image_width"": 730}"
test_010571,kv2/kinect2data/003348_2014-05-20_11-29-54_094959634447_rgbf000100-resize,scene:kv2/kinect2data/003348_2014-05-20_11-29-54_094959634447_rgbf000100-resize,kv2,classroom,test,left_right,,3,Is the desk on the left side or the right side of the chair?,,left,choice,left|right,SUNRGBD/kv2/kinect2data/003348_2014-05-20_11-29-54_094959634447_rgbf000100-resize/image/0000100.jpg,SUNRGBD/kv2/kinect2data/003348_2014-05-20_11-29-54_094959634447_rgbf000100-resize/depth_bfx/0000100.png,rule,"{""a_concept"": ""desk"", ""b_concept"": ""chair"", ""a_centroid_x"": 246.44043668729307, ""b_centroid_x"": 319.46376488888774, ""horizontal_gap_px"": 73.02332820159467, ""image_width"": 730}"
test_008403,kv2/kinect2data/000014_2014-05-26_14-36-58_260595134347_rgbf000050-resize,scene:kv2/kinect2data/000014_2014-05-26_14-36-58_260595134347_rgbf000050-resize,kv2,furniture_store,test,left_right,,2,"Looking at the headboard, is the table positioned on its left or right?",,left,choice,left|right,SUNRGBD/kv2/kinect2data/000014_2014-05-26_14-36-58_260595134347_rgbf000050-resize/image/0000050.jpg,SUNRGBD/kv2/kinect2data/000014_2014-05-26_14-36-58_260595134347_rgbf000050-resize/depth_bfx/0000050.png,rule,"{""a_concept"": ""table"", ""b_concept"": ""headboard"", ""a_centroid_x"": -69.19924646253092, ""b_centroid_x"": 143.58124109281664, ""horizontal_gap_px"": 212.78048755534758, ""image_width"": 730}"
test_012938,kv2/kinect2data/000466_2014-06-09_19-34-54_260595134347_rgbf000218-resize,scene:kv2/kinect2data/000466_2014-06-09_19-34-54_260595134347_rgbf000218-resize,kv2,dining_area,test,left_right,,3,Is the table on the left side or the right side of the sofa?,,left,choice,left|right,SUNRGBD/kv2/kinect2data/000466_2014-06-09_19-34-54_260595134347_rgbf000218-resize/image/0000218.jpg,SUNRGBD/kv2/kinect2data/000466_2014-06-09_19-34-54_260595134347_rgbf000218-resize/depth_bfx/0000218.png,rule,"{""a_concept"": ""table"", ""b_concept"": ""sofa"", ""a_centroid_x"": 139.10444891180842, ""b_centroid_x"": 648.9647048744966, ""horizontal_gap_px"": 509.86025596268826, ""image_width"": 730}"
test_011864,kv2/align_kv2/2014-12-18_11-47-06_260595134347,scene:kv2/align_kv2/2014-12-18_11-47-06_260595134347,kv2,office,test,left_right,,1,"Relative to the curtain, is the chair on the left or the right?",,right,choice,left|right,SUNRGBD/kv2/align_kv2/2014-12-18_11-47-06_260595134347/image/0000037.jpg,SUNRGBD/kv2/align_kv2/2014-12-18_11-47-06_260595134347/depth_bfx/0000037.png,rule,"{""a_concept"": ""chair"", ""b_concept"": ""curtain"", ""a_centroid_x"": 221.33199712643676, ""b_centroid_x"": 115.64689472552813, ""horizontal_gap_px"": 105.68510240090863, ""image_width"": 730}"
test_008251,kv2/kinect2data/002830_2014-06-22_20-36-14_094959634447_rgbf000088-resize,scene:kv2/kinect2data/002830_2014-06-22_20-36-14_094959634447_rgbf000088-resize,kv2,kitchen,test,left_right,,2,"Looking at the sink, is the trash can positioned on its left or right?",,right,choice,left|right,SUNRGBD/kv2/kinect2data/002830_2014-06-22_20-36-14_094959634447_rgbf000088-resize/image/0000088.jpg,SUNRGBD/kv2/kinect2data/002830_2014-06-22_20-36-14_094959634447_rgbf000088-resize/depth_bfx/0000088.png,rule,"{""a_concept"": ""trashcan"", ""b_concept"": ""sink"", ""a_centroid_x"": 517.7327253754368, ""b_centroid_x"": 160.58161731058377, ""horizontal_gap_px"": 357.151108064853, ""image_width"": 730}"
test_001701,kv2/kinect2data/002717_2014-06-22_11-44-37_094959634447_rgbf000086-resize,scene:kv2/kinect2data/002717_2014-06-22_11-44-37_094959634447_rgbf000086-resize,kv2,corridor,test,left_right,,3,Is the door on the left side or the right side of the trash can?,,left,choice,left|right,SUNRGBD/kv2/kinect2data/002717_2014-06-22_11-44-37_094959634447_rgbf000086-resize/image/0000086.jpg,SUNRGBD/kv2/kinect2data/002717_2014-06-22_11-44-37_094959634447_rgbf000086-resize/depth_bfx/0000086.png,rule,"{""a_concept"": ""door"", ""b_concept"": ""trashcan"", ""a_centroid_x"": 424.0848553629421, ""b_centroid_x"": 565.3967150295895, ""horizontal_gap_px"": 141.31185966664736, ""image_width"": 730}"
test_004320,kv2/kinect2data/000868_2014-06-09_20-49-52_260595134347_rgbf000064-resize,scene:kv2/kinect2data/000868_2014-06-09_20-49-52_260595134347_rgbf000064-resize,kv2,dining_area,test,left_right,,0,Is the chair to the left or to the right of the bench?,,left,choice,left|right,SUNRGBD/kv2/kinect2data/000868_2014-06-09_20-49-52_260595134347_rgbf000064-resize/image/0000064.jpg,SUNRGBD/kv2/kinect2data/000868_2014-06-09_20-49-52_260595134347_rgbf000064-resize/depth_bfx/0000064.png,rule,"{""a_concept"": ""chair"", ""b_concept"": ""bench"", ""a_centroid_x"": 247.44118859700788, ""b_centroid_x"": 473.1754860510681, ""horizontal_gap_px"": 225.73429745406023, ""image_width"": 730}"
test_003627,kv2/kinect2data/003178_2014-05-12_21-53-27_094959634447_rgbf000101-resize,scene:kv2/kinect2data/003178_2014-05-12_21-53-27_094959634447_rgbf000101-resize,kv2,classroom,test,left_right,,3,Is the light on the left side or the right side of the screen?,,left,choice,left|right,SUNRGBD/kv2/kinect2data/003178_2014-05-12_21-53-27_094959634447_rgbf000101-resize/image/0000101.jpg,SUNRGBD/kv2/kinect2data/003178_2014-05-12_21-53-27_094959634447_rgbf000101-resize/depth_bfx/0000101.png,rule,"{""a_concept"": ""light"", ""b_concept"": ""screen"", ""a_centroid_x"": 38.370989530563996, ""b_centroid_x"": 637.9097305991154, ""horizontal_gap_px"": 599.5387410685514, ""image_width"": 730}"
test_008072,kv2/kinect2data/003308_2014-05-15_11-40-15_094959634447_rgbf000101-resize,scene:kv2/kinect2data/003308_2014-05-15_11-40-15_094959634447_rgbf000101-resize,kv2,study_space,test,left_right,,5,"From the table, which direction is the paper in, left or right?",,left,choice,left|right,SUNRGBD/kv2/kinect2data/003308_2014-05-15_11-40-15_094959634447_rgbf000101-resize/image/0000101.jpg,SUNRGBD/kv2/kinect2data/003308_2014-05-15_11-40-15_094959634447_rgbf000101-resize/depth_bfx/0000101.png,rule,"{""a_concept"": ""paper"", ""b_concept"": ""table"", ""a_centroid_x"": 130.93912189647918, ""b_centroid_x"": 376.03426486703813, ""horizontal_gap_px"": 245.09514297055895, ""image_width"": 730}"
test_009298,kv2/kinect2data/003306_2014-05-15_11-38-28_094959634447_rgbf000100-resize,scene:kv2/kinect2data/003306_2014-05-15_11-38-28_094959634447_rgbf000100-resize,kv2,study_space,test,left_right,,1,"Relative to the curtain, is the table on the left or the right?",,right,choice,left|right,SUNRGBD/kv2/kinect2data/003306_2014-05-15_11-38-28_094959634447_rgbf000100-resize/image/0000100.jpg,SUNRGBD/kv2/kinect2data/003306_2014-05-15_11-38-28_094959634447_rgbf000100-resize/depth_bfx/0000100.png,rule,"{""a_concept"": ""table"", ""b_concept"": ""curtain"", ""a_centroid_x"": 210.48031421081663, ""b_centroid_x"": -86.67446195560073, ""horizontal_gap_px"": 297.1547761664174, ""image_width"": 730}"
test_003402,kv2/kinect2data/003437_2014-05-21_10-59-20_094959634447_rgbf000100-resize,scene:kv2/kinect2data/003437_2014-05-21_10-59-20_094959634447_rgbf000100-resize,kv2,classroom,test,left_right,,3,Is the desk on the left side or the right side of the paper?,,left,choice,left|right,SUNRGBD/kv2/kinect2data/003437_2014-05-21_10-59-20_094959634447_rgbf000100-resize/image/0000100.jpg,SUNRGBD/kv2/kinect2data/003437_2014-05-21_10-59-20_094959634447_rgbf000100-resize/depth_bfx/0000100.png,rule,"{""a_concept"": ""desk"", ""b_concept"": ""paper"", ""a_centroid_x"": 230.87352195015242, ""b_centroid_x"": 310.774672021419, ""horizontal_gap_px"": 79.90115007126658, ""image_width"": 730}"
test_006781,kv2/kinect2data/001675_2014-06-26_19-13-13_260595134347_rgbf000041-resize,scene:kv2/kinect2data/001675_2014-06-26_19-13-13_260595134347_rgbf000041-resize,kv2,furniture_store,test,left_right,,3,Is the painting on the left side or the right side of the window?,,left,choice,left|right,SUNRGBD/kv2/kinect2data/001675_2014-06-26_19-13-13_260595134347_rgbf000041-resize/image/0000041.jpg,SUNRGBD/kv2/kinect2data/001675_2014-06-26_19-13-13_260595134347_rgbf000041-resize/depth_bfx/0000041.png,rule,"{""a_concept"": ""painting"", ""b_concept"": ""window"", ""a_centroid_x"": 279.1274546947023, ""b_centroid_x"": 776.9184290580542, ""horizontal_gap_px"": 497.79097436335195, ""image_width"": 730}"
test_010352,kv2/kinect2data/003532_2014-05-22_15-05-18_094959634447_rgbf000101-resize,scene:kv2/kinect2data/003532_2014-05-22_15-05-18_094959634447_rgbf000101-resize,kv2,classroom,test,left_right,,2,"Looking at the board, is the telephone positioned on its left or right?",,left,choice,left|right,SUNRGBD/kv2/kinect2data/003532_2014-05-22_15-05-18_094959634447_rgbf000101-resize/image/0000101.jpg,SUNRGBD/kv2/kinect2data/003532_2014-05-22_15-05-18_094959634447_rgbf000101-resize/depth_bfx/0000101.png,rule,"{""a_concept"": ""telephone"", ""b_concept"": ""board"", ""a_centroid_x"": 278.2653485952133, ""b_centroid_x"": 684.1549315229888, ""horizontal_gap_px"": 405.8895829277755, ""image_width"": 730}"
test_002175,kv2/kinect2data/000813_2014-06-09_22-30-58_260595134347_rgbf000163-resize,scene:kv2/kinect2data/000813_2014-06-09_22-30-58_260595134347_rgbf000163-resize,kv2,bathroom,test,left_right,,1,"Relative to the sink, is the toilet on the left or the right?",,right,choice,left|right,SUNRGBD/kv2/kinect2data/000813_2014-06-09_22-30-58_260595134347_rgbf000163-resize/image/0000163.jpg,SUNRGBD/kv2/kinect2data/000813_2014-06-09_22-30-58_260595134347_rgbf000163-resize/depth_bfx/0000163.png,rule,"{""a_concept"": ""toilet"", ""b_concept"": ""sink"", ""a_centroid_x"": 351.34740932352383, ""b_centroid_x"": 74.85912625707422, ""horizontal_gap_px"": 276.48828306644964, ""image_width"": 730}"
test_006609,kv2/kinect2data/000437_2014-06-09_22-25-37_260595134347_rgbf000206-resize,scene:kv2/kinect2data/000437_2014-06-09_22-25-37_260595134347_rgbf000206-resize,kv2,home_office,test,left_right,,0,Is the table to the left or to the right of the keyboard?,,right,choice,left|right,SUNRGBD/kv2/kinect2data/000437_2014-06-09_22-25-37_260595134347_rgbf000206-resize/image/0000206.jpg,SUNRGBD/kv2/kinect2data/000437_2014-06-09_22-25-37_260595134347_rgbf000206-resize/depth_bfx/0000206.png,rule,"{""a_concept"": ""table"", ""b_concept"": ""keyboard"", ""a_centroid_x"": 772.4903192046049, ""b_centroid_x"": 363.63726488762137, ""horizontal_gap_px"": 408.85305431698356, ""image_width"": 730}"
test_005246,kv2/kinect2data/000143_2014-05-20_17-14-32_260595134347_rgbf000021-resize,scene:kv2/kinect2data/000143_2014-05-20_17-14-32_260595134347_rgbf000021-resize,kv2,recreation_room,test,left_right,,5,"From the chair, which direction is the whiteboard in, left or right?",,right,choice,left|right,SUNRGBD/kv2/kinect2data/000143_2014-05-20_17-14-32_260595134347_rgbf000021-resize/image/0000021.jpg,SUNRGBD/kv2/kinect2data/000143_2014-05-20_17-14-32_260595134347_rgbf000021-resize/depth_bfx/0000021.png,rule,"{""a_concept"": ""whiteboard"", ""b_concept"": ""chair"", ""a_centroid_x"": 275.93040677728766, ""b_centroid_x"": -77.94060277683711, ""horizontal_gap_px"": 353.8710095541248, ""image_width"": 730}"
test_009316,kv2/kinect2data/003130_2014-05-12_10-48-53_094959634447_rgbf000101-resize,scene:kv2/kinect2data/003130_2014-05-12_10-48-53_094959634447_rgbf000101-resize,kv2,classroom,test,left_right,,1,"Relative to the window, is the table on the left or the right?",,right,choice,left|right,SUNRGBD/kv2/kinect2data/003130_2014-05-12_10-48-53_094959634447_rgbf000101-resize/image/0000101.jpg,SUNRGBD/kv2/kinect2data/003130_2014-05-12_10-48-53_094959634447_rgbf000101-resize/depth_bfx/0000101.png,rule,"{""a_concept"": ""table"", ""b_concept"": ""window"", ""a_centroid_x"": 687.9158236336242, ""b_centroid_x"": 557.2347745750185, ""horizontal_gap_px"": 130.6810490586057, ""image_width"": 730}"
test_001777,kv2/kinect2data/003283_2014-05-14_16-19-37_094959634447_rgbf000034-resize,scene:kv2/kinect2data/003283_2014-05-14_16-19-37_094959634447_rgbf000034-resize,kv2,classroom,test,left_right,,5,"From the cloth, which direction is the window in, left or right?",,left,choice,left|right,SUNRGBD/kv2/kinect2data/003283_2014-05-14_16-19-37_094959634447_rgbf000034-resize/image/0000034.jpg,SUNRGBD/kv2/kinect2data/003283_2014-05-14_16-19-37_094959634447_rgbf000034-resize/depth_bfx/0000034.png,rule,"{""a_concept"": ""window"", ""b_concept"": ""cloth"", ""a_centroid_x"": 282.0686712845364, ""b_centroid_x"": 833.8826218388263, ""horizontal_gap_px"": 551.8139505542899, ""image_width"": 730}"
test_008496,kv2/kinect2data/003185_2014-05-12_22-07-17_094959634447_rgbf000025-resize,scene:kv2/kinect2data/003185_2014-05-12_22-07-17_094959634447_rgbf000025-resize,kv2,classroom,test,left_right,,1,"Relative to the chair, is the window on the left or the right?",,right,choice,left|right,SUNRGBD/kv2/kinect2data/003185_2014-05-12_22-07-17_094959634447_rgbf000025-resize/image/0000025.jpg,SUNRGBD/kv2/kinect2data/003185_2014-05-12_22-07-17_094959634447_rgbf000025-resize/depth_bfx/0000025.png,rule,"{""a_concept"": ""window"", ""b_concept"": ""chair"", ""a_centroid_x"": 555.173313335114, ""b_centroid_x"": 437.2188919750643, ""horizontal_gap_px"": 117.95442136004971, ""image_width"": 730}"
test_011597,kv2/kinect2data/003164_2014-05-12_21-36-00_094959634447_rgbf000100-resize,scene:kv2/kinect2data/003164_2014-05-12_21-36-00_094959634447_rgbf000100-resize,kv2,conference_room,test,left_right,,3,Is the window on the left side or the right side of the table?,,left,choice,left|right,SUNRGBD/kv2/kinect2data/003164_2014-05-12_21-36-00_094959634447_rgbf000100-resize/image/0000100.jpg,SUNRGBD/kv2/kinect2data/003164_2014-05-12_21-36-00_094959634447_rgbf000100-resize/depth_bfx/0000100.png,rule,"{""a_concept"": ""window"", ""b_concept"": ""table"", ""a_centroid_x"": 668.0055627926628, ""b_centroid_x"": 783.6446130074448, ""horizontal_gap_px"": 115.63905021478206, ""image_width"": 730}"
test_007087,xtion/sun3ddata/mit_32_d6_lounge/d6_lounge_1/0007041-000235986156,sun3d:mit_32_d6_lounge/d6_lounge_1,xtion,office_kitchen,test,left_right,,1,"Relative to the paper towel, is the sink on the left or the right?",,left,choice,left|right,SUNRGBD/xtion/sun3ddata/mit_32_d6_lounge/d6_lounge_1/0007041-000235986156/image/0007041-000235986156.jpg,SUNRGBD/xtion/sun3ddata/mit_32_d6_lounge/d6_lounge_1/0007041-000235986156/depth_bfx/0007072-000235995952.png,rule,"{""a_concept"": ""sink"", ""b_concept"": ""papertowel"", ""a_centroid_x"": 317.24958471760795, ""b_centroid_x"": 534.8229659482506, ""horizontal_gap_px"": 217.57338123064267, ""image_width"": 591}"
test_012542,xtion/sun3ddata/home_ph_cz/ph_cz_1/0022031-000738390996,sun3d:home_ph_cz/ph_cz_1,xtion,bathroom,test,left_right,,1,"Relative to the shelf, is the heater on the left or the right?",,right,choice,left|right,SUNRGBD/xtion/sun3ddata/home_ph_cz/ph_cz_1/0022031-000738390996/image/0022031-000738390996.jpg,SUNRGBD/xtion/sun3ddata/home_ph_cz/ph_cz_1/0022031-000738390996/depth_bfx/0022129-000738399173.png,rule,"{""a_concept"": ""heater"", ""b_concept"": ""shelf"", ""a_centroid_x"": 489.3812958279782, ""b_centroid_x"": 62.49208480170051, ""horizontal_gap_px"": 426.8892110262777, ""image_width"": 591}"
test_006448,xtion/sun3ddata/mit_3_huge_office/cl_1/0008488-000284450292,sun3d:mit_3_huge_office/cl_1,xtion,office,test,left_right,,5,"From the window, which direction is the keyboard in, left or right?",,left,choice,left|right,SUNRGBD/xtion/sun3ddata/mit_3_huge_office/cl_1/0008488-000284450292/image/0008488-000284450292.jpg,SUNRGBD/xtion/sun3ddata/mit_3_huge_office/cl_1/0008488-000284450292/depth_bfx/0008525-000284459551.png,rule,"{""a_concept"": ""keyboard"", ""b_concept"": ""window"", ""a_centroid_x"": 75.31255195344971, ""b_centroid_x"": 522.314739198161, ""horizontal_gap_px"": 447.00218724471125, ""image_width"": 591}"
test_012550,xtion/sun3ddata/mit_32_g660/g660_1/0001219-000040890142,sun3d:mit_32_g660/g660_1,xtion,bathroom,test,left_right,,5,"From the trash can, which direction is the mirror in, left or right?",,right,choice,left|right,SUNRGBD/xtion/sun3ddata/mit_32_g660/g660_1/0001219-000040890142/image/0001219-000040890142.jpg,SUNRGBD/xtion/sun3ddata/mit_32_g660/g660_1/0001219-000040890142/depth_bfx/0001224-000040877331.png,rule,"{""a_concept"": ""mirror"", ""b_concept"": ""trashcan"", ""a_centroid_x"": 546.7658168244784, ""b_centroid_x"": 313.110892550672, ""horizontal_gap_px"": 233.6549242738064, ""image_width"": 591}"
test_010936,xtion/sun3ddata/mit_w85k2/k1/0006431-000215555043,sun3d:mit_w85k2/k1,xtion,bedroom,test,left_right,,5,"From the printer, which direction is the television in, left or right?",,left,choice,left|right,SUNRGBD/xtion/sun3ddata/mit_w85k2/k1/0006431-000215555043/image/0006431-000215555043.jpg,SUNRGBD/xtion/sun3ddata/mit_w85k2/k1/0006431-000215555043/depth_bfx/0006461-000215565355.png,rule,"{""a_concept"": ""television"", ""b_concept"": ""printer"", ""a_centroid_x"": 241.0657240870764, ""b_centroid_x"": 355.9693979894106, ""horizontal_gap_px"": 114.90367390233419, ""image_width"": 591}"
test_011602,xtion/sun3ddata/mit_dorm_baker_cj/dorm_baker_cj_oct_29_2012_scan1_erika/0003160-000134801352,sun3d:mit_dorm_baker_cj/dorm_baker_cj_oct_29_2012_scan1_erika,xtion,bedroom,test,left_right,,1,"Relative to the towel, is the cloth on the left or the right?",,left,choice,left|right,SUNRGBD/xtion/sun3ddata/mit_dorm_baker_cj/dorm_baker_cj_oct_29_2012_scan1_erika/0003160-000134801352/image/0003160-000134801352.jpg,SUNRGBD/xtion/sun3ddata/mit_dorm_baker_cj/dorm_baker_cj_oct_29_2012_scan1_erika/0003160-000134801352/depth_bfx/0003154-000134791778.png,rule,"{""a_concept"": ""cloth"", ""b_concept"": ""towel"", ""a_centroid_x"": 20.158772943139518, ""b_centroid_x"": 107.71198940844887, ""horizontal_gap_px"": 87.55321646530936, ""image_width"": 591}"
test_006997,xtion/sun3ddata/mit_dorm_mcc_flr1/dorm_mcc_flr1_oct_31_2012_scan1_erika/0001430-000063698542,sun3d:mit_dorm_mcc_flr1/dorm_mcc_flr1_oct_31_2012_scan1_erika,xtion,rest_space,test,left_right,,3,Is the backpack on the left side or the right side of the lamp?,,right,choice,left|right,SUNRGBD/xtion/sun3ddata/mit_dorm_mcc_flr1/dorm_mcc_flr1_oct_31_2012_scan1_erika/0001430-000063698542/image/0001430-000063698542.jpg,SUNRGBD/xtion/sun3ddata/mit_dorm_mcc_flr1/dorm_mcc_flr1_oct_31_2012_scan1_erika/0001430-000063698542/depth_bfx/0001429-000063701898.png,rule,"{""a_concept"": ""backpack"", ""b_concept"": ""lamp"", ""a_centroid_x"": 326.142041082105, ""b_centroid_x"": 253.16118397477246, ""horizontal_gap_px"": 72.98085710733253, ""image_width"": 591}"
test_011202,xtion/sun3ddata/mit_w20_athena/sc_athena_oct_29_2012_scan1_erika/0000143-000005697720,sun3d:mit_w20_athena/sc_athena_oct_29_2012_scan1_erika,xtion,classroom,test,left_right,,2,"Looking at the television, is the counter positioned on its left or right?",,left,choice,left|right,SUNRGBD/xtion/sun3ddata/mit_w20_athena/sc_athena_oct_29_2012_scan1_erika/0000143-000005697720/image/0000143-000005697720.jpg,SUNRGBD/xtion/sun3ddata/mit_w20_athena/sc_athena_oct_29_2012_scan1_erika/0000143-000005697720/depth_bfx/0000143-000005710383.png,rule,"{""a_concept"": ""counter"", ""b_concept"": ""television"", ""a_centroid_x"": 191.21542269449068, ""b_centroid_x"": 609.5709595959596, ""horizontal_gap_px"": 418.3555369014689, ""image_width"": 591}"
test_003816,xtion/sun3ddata/mit_32_g9_lounge/g9_lounge_1/0002807-000094045896,sun3d:mit_32_g9_lounge/g9_lounge_1,xtion,discussion_area,test,left_right,,0,Is the sofa to the left or to the right of the curtain?,,right,choice,left|right,SUNRGBD/xtion/sun3ddata/mit_32_g9_lounge/g9_lounge_1/0002807-000094045896/image/0002807-000094045896.jpg,SUNRGBD/xtion/sun3ddata/mit_32_g9_lounge/g9_lounge_1/0002807-000094045896/depth_bfx/0002819-000094037928.png,rule,"{""a_concept"": ""sofa"", ""b_concept"": ""curtain"", ""a_centroid_x"": 308.6977636834672, ""b_centroid_x"": 233.56391201504908, ""horizontal_gap_px"": 75.13385166841812, ""image_width"": 591}"
test_009117,xtion/sun3ddata/mit_ne47_huge_office/ne47_floor2_office_2/0006265-000209990864,sun3d:mit_ne47_huge_office/ne47_floor2_office_2,xtion,office,test,left_right,,4,"Which side of the carpet is the shelf on, left or right?",,right,choice,left|right,SUNRGBD/xtion/sun3ddata/mit_ne47_huge_office/ne47_floor2_office_2/0006265-000209990864/image/0006265-000209990864.jpg,SUNRGBD/xtion/sun3ddata/mit_ne47_huge_office/ne47_floor2_office_2/0006265-000209990864/depth_bfx/0006294-000209992691.png,rule,"{""a_concept"": ""shelf"", ""b_concept"": ""carpet"", ""a_centroid_x"": 315.1886888978721, ""b_centroid_x"": 66.32490814201128, ""horizontal_gap_px"": 248.86378075586083, ""image_width"": 591}"
test_000735,xtion/sun3ddata/mit_lab_16/lab_16_nov_2_2012_scan1_erika/0016817-000718918200,sun3d:mit_lab_16/lab_16_nov_2_2012_scan1_erika,xtion,lab,test,left_right,,4,"Which side of the table is the box on, left or right?",,left,choice,left|right,SUNRGBD/xtion/sun3ddata/mit_lab_16/lab_16_nov_2_2012_scan1_erika/0016817-000718918200/image/0016817-000718918200.jpg,SUNRGBD/xtion/sun3ddata/mit_lab_16/lab_16_nov_2_2012_scan1_erika/0016817-000718918200/depth_bfx/0016826-000718924921.png,rule,"{""a_concept"": ""box"", ""b_concept"": ""table"", ""a_centroid_x"": 40.21527259433028, ""b_centroid_x"": 276.5009816907627, ""horizontal_gap_px"": 236.28570909643244, ""image_width"": 591}"
test_007099,xtion/sun3ddata/mit_dorm_sh_basement/dorm_sh_basement_oct_28_2012_scan1_erika/0003914-000161258130,sun3d:mit_dorm_sh_basement/dorm_sh_basement_oct_28_2012_scan1_erika,xtion,basement,test,left_right,,4,"Which side of the pipe is the shelf on, left or right?",,right,choice,left|right,SUNRGBD/xtion/sun3ddata/mit_dorm_sh_basement/dorm_sh_basement_oct_28_2012_scan1_erika/0003914-000161258130/image/0003914-000161258130.jpg,SUNRGBD/xtion/sun3ddata/mit_dorm_sh_basement/dorm_sh_basement_oct_28_2012_scan1_erika/0003914-000161258130/depth_bfx/0003921-000161273585.png,rule,"{""a_concept"": ""shelf"", ""b_concept"": ""pipe"", ""a_centroid_x"": 325.1691892067832, ""b_centroid_x"": 165.51205861082286, ""horizontal_gap_px"": 159.65713059596033, ""image_width"": 591}"
test_004737,xtion/sun3ddata/mit_w85h/h4_1/0005984-000200576727,sun3d:mit_w85h/h4_1,xtion,bedroom,test,left_right,,1,"Relative to the bag, is the cloth on the left or the right?",,left,choice,left|right,SUNRGBD/xtion/sun3ddata/mit_w85h/h4_1/0005984-000200576727/image/0005984-000200576727.jpg,SUNRGBD/xtion/sun3ddata/mit_w85h/h4_1/0005984-000200576727/depth_bfx/0006012-000200582562.png,rule,"{""a_concept"": ""cloth"", ""b_concept"": ""bag"", ""a_centroid_x"": 345.41826969087947, ""b_centroid_x"": 437.54884213566993, ""horizontal_gap_px"": 92.13057244479046, ""image_width"": 591}"
test_010026,xtion/sun3ddata/mit_32_g825/g825_1/0003171-000106279236,sun3d:mit_32_g825/g825_1,xtion,conference_room,test,left_right,,4,"Which side of the window is the chair on, left or right?",,left,choice,left|right,SUNRGBD/xtion/sun3ddata/mit_32_g825/g825_1/0003171-000106279236/image/0003171-000106279236.jpg,SUNRGBD/xtion/sun3ddata/mit_32_g825/g825_1/0003171-000106279236/depth_bfx/0003185-000106276574.png,rule,"{""a_concept"": ""chair"", ""b_concept"": ""window"", ""a_centroid_x"": 340.7737601300303, ""b_centroid_x"": 570.5106539947055, ""horizontal_gap_px"": 229.7368938646752, ""image_width"": 591}"
test_009404,xtion/sun3ddata/mit_lab_hj/lab_hj_tea_nov_2_2012_scan1_erika/0001280-000051815736,sun3d:mit_lab_hj/lab_hj_tea_nov_2_2012_scan1_erika,xtion,dining_area,test,left_right,,1,"Relative to the table, is the door on the left or the right?",,right,choice,left|right,SUNRGBD/xtion/sun3ddata/mit_lab_hj/lab_hj_tea_nov_2_2012_scan1_erika/0001280-000051815736/image/0001280-000051815736.jpg,SUNRGBD/xtion/sun3ddata/mit_lab_hj/lab_hj_tea_nov_2_2012_scan1_erika/0001280-000051815736/depth_bfx/0001280-000051832608.png,rule,"{""a_concept"": ""door"", ""b_concept"": ""table"", ""a_centroid_x"": 332.306627632756, ""b_centroid_x"": 130.46645579713996, ""horizontal_gap_px"": 201.84017183561602, ""image_width"": 591}"
test_000138,xtion/sun3ddata/mit_w85h/h2_1/0000564-000018903024,sun3d:mit_w85h/h2_1,xtion,dinette,test,left_right,,5,"From the window, which direction is the refrigerator in, left or right?",,right,choice,left|right,SUNRGBD/xtion/sun3ddata/mit_w85h/h2_1/0000564-000018903024/image/0000564-000018903024.jpg,SUNRGBD/xtion/sun3ddata/mit_w85h/h2_1/0000564-000018903024/depth_bfx/0000567-000018910475.png,rule,"{""a_concept"": ""refrigerator"", ""b_concept"": ""window"", ""a_centroid_x"": 511.8783634353115, ""b_centroid_x"": 66.88156369795846, ""horizontal_gap_px"": 444.99679973735306, ""image_width"": 591}"
test_004488,xtion/sun3ddata/mit_w85a/a2/0002941-000098537040,sun3d:mit_w85a/a2,xtion,bathroom,test,left_right,,0,Is the picture frame to the left or to the right of the curtain?,,right,choice,left|right,SUNRGBD/xtion/sun3ddata/mit_w85a/a2/0002941-000098537040/image/0002941-000098537040.jpg,SUNRGBD/xtion/sun3ddata/mit_w85a/a2/0002941-000098537040/depth_bfx/0002953-000098533628.png,rule,"{""a_concept"": ""pictureframe"", ""b_concept"": ""curtain"", ""a_centroid_x"": 574.3886339169358, ""b_centroid_x"": 173.80268545852775, ""horizontal_gap_px"": 400.585948458408, ""image_width"": 591}"
test_010962,xtion/sun3ddata/mit_w85_basement_bathroom/wg_bathroom_1/0000372-000012434436,sun3d:mit_w85_basement_bathroom/wg_bathroom_1,xtion,bathroom,test,left_right,,0,Is the table to the left or to the right of the toilet?,,right,choice,left|right,SUNRGBD/xtion/sun3ddata/mit_w85_basement_bathroom/wg_bathroom_1/0000372-000012434436/image/0000372-000012434436.jpg,SUNRGBD/xtion/sun3ddata/mit_w85_basement_bathroom/wg_bathroom_1/0000372-000012434436/depth_bfx/0000373-000012434689.png,rule,"{""a_concept"": ""table"", ""b_concept"": ""toilet"", ""a_centroid_x"": 571.9968833874134, ""b_centroid_x"": 126.38453430343733, ""horizontal_gap_px"": 445.612349083976, ""image_width"": 591}"
test_001939,xtion/sun3ddata/mit_76_417/76-417a/0001225-000041023584,sun3d:mit_76_417/76-417a,xtion,lab,test,left_right,,1,"Relative to the table, is the box on the left or the right?",,left,choice,left|right,SUNRGBD/xtion/sun3ddata/mit_76_417/76-417a/0001225-000041023584/image/0001225-000041023584.jpg,SUNRGBD/xtion/sun3ddata/mit_76_417/76-417a/0001225-000041023584/depth_bfx/0001230-000041021051.png,rule,"{""a_concept"": ""box"", ""b_concept"": ""table"", ""a_centroid_x"": 268.39824618343727, ""b_centroid_x"": 509.4604322278658, ""horizontal_gap_px"": 241.06218604442853, ""image_width"": 591}"
test_006783,xtion/sun3ddata/mit_76_studyroom/76-1studyroom1/0001145-000038342304,sun3d:mit_76_studyroom/76-1studyroom1,xtion,study_space,test,left_right,,1,"Relative to the sofa, is the glass on the left or the right?",,right,choice,left|right,SUNRGBD/xtion/sun3ddata/mit_76_studyroom/76-1studyroom1/0001145-000038342304/image/0001145-000038342304.jpg,SUNRGBD/xtion/sun3ddata/mit_76_studyroom/76-1studyroom1/0001145-000038342304/depth_bfx/0001149-000038331629.png,rule,"{""a_concept"": ""glass"", ""b_concept"": ""sofa"", ""a_centroid_x"": 352.57787810383746, ""b_centroid_x"": 215.7678335211759, ""horizontal_gap_px"": 136.81004458266156, ""image_width"": 591}"
test_005770,xtion/sun3ddata/mit_w85j/j1/0004314-000144621540,sun3d:mit_w85j/j1,xtion,bathroom,test,left_right,,5,"From the toilet, which direction is the curtain in, left or right?",,left,choice,left|right,SUNRGBD/xtion/sun3ddata/mit_w85j/j1/0004314-000144621540/image/0004314-000144621540.jpg,SUNRGBD/xtion/sun3ddata/mit_w85j/j1/0004314-000144621540/depth_bfx/0004334-000144608910.png,rule,"{""a_concept"": ""curtain"", ""b_concept"": ""toilet"", ""a_centroid_x"": 81.56247836621668, ""b_centroid_x"": 413.12571722346155, ""horizontal_gap_px"": 331.56323885724487, ""image_width"": 591}"
test_011032,xtion/sun3ddata/mit_32_g631/g631_1/0001464-000049057213,sun3d:mit_32_g631/g631_1,xtion,conference_room,test,left_right,,1,"Relative to the box, is the whiteboard on the left or the right?",,left,choice,left|right,SUNRGBD/xtion/sun3ddata/mit_32_g631/g631_1/0001464-000049057213/image/0001464-000049057213.jpg,SUNRGBD/xtion/sun3ddata/mit_32_g631/g631_1/0001464-000049057213/depth_bfx/0001470-000049052797.png,rule,"{""a_concept"": ""whiteboard"", ""b_concept"": ""box"", ""a_centroid_x"": 172.01178472007425, ""b_centroid_x"": 287.73796309143887, ""horizontal_gap_px"": 115.72617837136463, ""image_width"": 591}"
test_002353,xtion/sun3ddata/mit_w85_16/16_1/0001220-000040856004,sun3d:mit_w85_16/16_1,xtion,home_office,test,left_right,,4,"Which side of the chair is the curtain on, left or right?",,right,choice,left|right,SUNRGBD/xtion/sun3ddata/mit_w85_16/16_1/0001220-000040856004/image/0001220-000040856004.jpg,SUNRGBD/xtion/sun3ddata/mit_w85_16/16_1/0001220-000040856004/depth_bfx/0001225-000040868898.png,rule,"{""a_concept"": ""curtain"", ""b_concept"": ""chair"", ""a_centroid_x"": 432.45448523604495, ""b_centroid_x"": 278.3852860286029, ""horizontal_gap_px"": 154.06919920744207, ""image_width"": 591}"
test_001356,xtion/sun3ddata/mit_3_133/classroom_3133_nov_6_2012_scan1_erika/0001142-000050005872,sun3d:mit_3_133/classroom_3133_nov_6_2012_scan1_erika,xtion,lecture_theatre,test,left_right,,5,"From the wood, which direction is the desk in, left or right?",,right,choice,left|right,SUNRGBD/xtion/sun3ddata/mit_3_133/classroom_3133_nov_6_2012_scan1_erika/0001142-000050005872/image/0001142-000050005872.jpg,SUNRGBD/xtion/sun3ddata/mit_3_133/classroom_3133_nov_6_2012_scan1_erika/0001142-000050005872/depth_bfx/0001143-000050008294.png,rule,"{""a_concept"": ""desk"", ""b_concept"": ""wood"", ""a_centroid_x"": 591.0164804053047, ""b_centroid_x"": 482.53195094831824, ""horizontal_gap_px"": 108.48452945698648, ""image_width"": 591}"
test_007801,xtion/sun3ddata/mit_lab_hj/lab_hj_tea_nov_2_2012_scan1_erika/0001444-000058552452,sun3d:mit_lab_hj/lab_hj_tea_nov_2_2012_scan1_erika,xtion,dining_area,test,left_right,,5,"From the carpet, which direction is the curtain in, left or right?",,right,choice,left|right,SUNRGBD/xtion/sun3ddata/mit_lab_hj/lab_hj_tea_nov_2_2012_scan1_erika/0001444-000058552452/image/0001444-000058552452.jpg,SUNRGBD/xtion/sun3ddata/mit_lab_hj/lab_hj_tea_nov_2_2012_scan1_erika/0001444-000058552452/depth_bfx/0001444-000058539828.png,rule,"{""a_concept"": ""curtain"", ""b_concept"": ""carpet"", ""a_centroid_x"": 573.5868550127526, ""b_centroid_x"": 169.12878101505254, ""horizontal_gap_px"": 404.45807399770007, ""image_width"": 591}"
test_012755,xtion/sun3ddata/mit_w85h/h2_1/0004003-000134164548,sun3d:mit_w85h/h2_1,xtion,bathroom,test,left_right,,4,"Which side of the sink is the shower curtain on, left or right?",,left,choice,left|right,SUNRGBD/xtion/sun3ddata/mit_w85h/h2_1/0004003-000134164548/image/0004003-000134164548.jpg,SUNRGBD/xtion/sun3ddata/mit_w85h/h2_1/0004003-000134164548/depth_bfx/0004021-000134167864.png,rule,"{""a_concept"": ""showercurtain"", ""b_concept"": ""sink"", ""a_centroid_x"": 337.76135722014084, ""b_centroid_x"": 585.0360035498039, ""horizontal_gap_px"": 247.27464632966308, ""image_width"": 591}"
test_010223,xtion/sun3ddata/mit_w85_16/16_1/0007499-000251336484,sun3d:mit_w85_16/16_1,xtion,bedroom,test,left_right,,0,Is the curtain to the left or to the right of the bed?,,right,choice,left|right,SUNRGBD/xtion/sun3ddata/mit_w85_16/16_1/0007499-000251336484/image/0007499-000251336484.jpg,SUNRGBD/xtion/sun3ddata/mit_w85_16/16_1/0007499-000251336484/depth_bfx/0007532-000251328758.png,rule,"{""a_concept"": ""curtain"", ""b_concept"": ""bed"", ""a_centroid_x"": 247.88577547421085, ""b_centroid_x"": 165.7191866608825, ""horizontal_gap_px"": 82.16658881332833, ""image_width"": 591}"
test_010276,xtion/sun3ddata/mit_w85a/a2/0003833-000128433312,sun3d:mit_w85a/a2,xtion,bedroom,test,left_right,,1,"Relative to the door, is the picture frame on the left or the right?",,left,choice,left|right,SUNRGBD/xtion/sun3ddata/mit_w85a/a2/0003833-000128433312/image/0003833-000128433312.jpg,SUNRGBD/xtion/sun3ddata/mit_w85a/a2/0003833-000128433312/depth_bfx/0003849-000128432476.png,rule,"{""a_concept"": ""pictureframe"", ""b_concept"": ""door"", ""a_centroid_x"": 98.10688785586244, ""b_centroid_x"": 384.28074534161493, ""horizontal_gap_px"": 286.1738574857525, ""image_width"": 591}"
test_007931,xtion/sun3ddata/mit_ne47_huge_office/ne47_floor2_office_2/0004901-000164241524,sun3d:mit_ne47_huge_office/ne47_floor2_office_2,xtion,office,test,left_right,,3,Is the telephone on the left side or the right side of the computer?,,left,choice,left|right,SUNRGBD/xtion/sun3ddata/mit_ne47_huge_office/ne47_floor2_office_2/0004901-000164241524/image/0004901-000164241524.jpg,SUNRGBD/xtion/sun3ddata/mit_ne47_huge_office/ne47_floor2_office_2/0004901-000164241524/depth_bfx/0004923-000164243449.png,rule,"{""a_concept"": ""telephone"", ""b_concept"": ""computer"", ""a_centroid_x"": 61.737828285390556, ""b_centroid_x"": 146.98374307726894, ""horizontal_gap_px"": 85.24591479187839, ""image_width"": 591}"
test_010047,xtion/sun3ddata/mit_46_ted_lab1/ted_lab_1/0007976-000267436671,sun3d:mit_46_ted_lab1/ted_lab_1,xtion,office,test,left_right,,1,"Relative to the table, is the box on the left or the right?",,right,choice,left|right,SUNRGBD/xtion/sun3ddata/mit_46_ted_lab1/ted_lab_1/0007976-000267436671/image/0007976-000267436671.jpg,SUNRGBD/xtion/sun3ddata/mit_46_ted_lab1/ted_lab_1/0007976-000267436671/depth_bfx/0008013-000267421169.png,rule,"{""a_concept"": ""box"", ""b_concept"": ""table"", ""a_centroid_x"": 167.8939083366609, ""b_centroid_x"": 26.923523869346734, ""horizontal_gap_px"": 140.97038446731418, ""image_width"": 591}"
test_008840,xtion/sun3ddata/home_ag/apartment_ag_nov_7_2012_scan1_erika/0007753-000329265785,sun3d:home_ag/apartment_ag_nov_7_2012_scan1_erika,xtion,bathroom,test,left_right,,5,"From the door, which direction is the sink in, left or right?",,right,choice,left|right,SUNRGBD/xtion/sun3ddata/home_ag/apartment_ag_nov_7_2012_scan1_erika/0007753-000329265785/image/0007753-000329265785.jpg,SUNRGBD/xtion/sun3ddata/home_ag/apartment_ag_nov_7_2012_scan1_erika/0007753-000329265785/depth_bfx/0007750-000329254389.png,rule,"{""a_concept"": ""sink"", ""b_concept"": ""door"", ""a_centroid_x"": 429.7899892357374, ""b_centroid_x"": 9.308120088246357, ""horizontal_gap_px"": 420.481869147491, ""image_width"": 591}"
test_006366,xtion/sun3ddata/mit_32_g725/g725_1/0002870-000096193519,sun3d:mit_32_g725/g725_1,xtion,conference_room,test,left_right,,1,"Relative to the trash can, is the door on the left or the right?",,left,choice,left|right,SUNRGBD/xtion/sun3ddata/mit_32_g725/g725_1/0002870-000096193519/image/0002870-000096193519.jpg,SUNRGBD/xtion/sun3ddata/mit_32_g725/g725_1/0002870-000096193519/depth_bfx/0002884-000096203548.png,rule,"{""a_concept"": ""door"", ""b_concept"": ""trashcan"", ""a_centroid_x"": 163.19481381214004, ""b_centroid_x"": 253.666039068016, ""horizontal_gap_px"": 90.47122525587596, ""image_width"": 591}"
test_005186,xtion/sun3ddata/mit_32_pingpong/pingpong_1/0000837-000028019376,sun3d:mit_32_pingpong/pingpong_1,xtion,idk,test,left_right,,4,"Which side of the curtain is the lamp on, left or right?",,left,choice,left|right,SUNRGBD/xtion/sun3ddata/mit_32_pingpong/pingpong_1/0000837-000028019376/image/0000837-000028019376.jpg,SUNRGBD/xtion/sun3ddata/mit_32_pingpong/pingpong_1/0000837-000028019376/depth_bfx/0000840-000028009817.png,rule,"{""a_concept"": ""lamp"", ""b_concept"": ""curtain"", ""a_centroid_x"": 277.57384286598057, ""b_centroid_x"": 584.7598220066834, ""horizontal_gap_px"": 307.18597914070284, ""image_width"": 591}"
test_011467,xtion/sun3ddata/mit_dorm_next_552/dorm_next_552_oct_30_2012_scan1_erika/0000266-000012467952,sun3d:mit_dorm_next_552/dorm_next_552_oct_30_2012_scan1_erika,xtion,bedroom,test,left_right,,4,"Which side of the bookshelf is the dresser on, left or right?",,left,choice,left|right,SUNRGBD/xtion/sun3ddata/mit_dorm_next_552/dorm_next_552_oct_30_2012_scan1_erika/0000266-000012467952/image/0000266-000012467952.jpg,SUNRGBD/xtion/sun3ddata/mit_dorm_next_552/dorm_next_552_oct_30_2012_scan1_erika/0000266-000012467952/depth_bfx/0000265-000012452104.png,rule,"{""a_concept"": ""dresser"", ""b_concept"": ""bookshelf"", ""a_centroid_x"": 137.62510390689943, ""b_centroid_x"": 392.2242579215303, ""horizontal_gap_px"": 254.59915401463087, ""image_width"": 591}"
test_003252,xtion/sun3ddata/mit_46_ted_lab2/ted_lab_a/0006625-000222254943,sun3d:mit_46_ted_lab2/ted_lab_a,xtion,office,test,left_right,,5,"From the shelf, which direction is the keyboard in, left or right?",,right,choice,left|right,SUNRGBD/xtion/sun3ddata/mit_46_ted_lab2/ted_lab_a/0006625-000222254943/image/0006625-000222254943.jpg,SUNRGBD/xtion/sun3ddata/mit_46_ted_lab2/ted_lab_a/0006625-000222254943/depth_bfx/0006655-000222239205.png,rule,"{""a_concept"": ""keyboard"", ""b_concept"": ""shelf"", ""a_centroid_x"": 527.0974667239159, ""b_centroid_x"": 329.2493159662704, ""horizontal_gap_px"": 197.8481507576455, ""image_width"": 591}"
test_001646,xtion/sun3ddata/mit_46_6conf/bcs_floor6_conf_1/0002667-000089688816,sun3d:mit_46_6conf/bcs_floor6_conf_1,xtion,discussion_area,test,left_right,,3,Is the machine on the left side or the right side of the window?,,right,choice,left|right,SUNRGBD/xtion/sun3ddata/mit_46_6conf/bcs_floor6_conf_1/0002667-000089688816/image/0002667-000089688816.jpg,SUNRGBD/xtion/sun3ddata/mit_46_6conf/bcs_floor6_conf_1/0002667-000089688816/depth_bfx/0002679-000089682854.png,rule,"{""a_concept"": ""machine"", ""b_concept"": ""window"", ""a_centroid_x"": 487.53361799032166, ""b_centroid_x"": 244.7726811447128, ""horizontal_gap_px"": 242.76093684560885, ""image_width"": 591}"
test_009271,xtion/sun3ddata/mit_w85h/h2_1/0001926-000064551816,sun3d:mit_w85h/h2_1,xtion,living_room,test,left_right,,4,"Which side of the clothes is the bed on, left or right?",,left,choice,left|right,SUNRGBD/xtion/sun3ddata/mit_w85h/h2_1/0001926-000064551816/image/0001926-000064551816.jpg,SUNRGBD/xtion/sun3ddata/mit_w85h/h2_1/0001926-000064551816/depth_bfx/0001935-000064559609.png,rule,"{""a_concept"": ""bed"", ""b_concept"": ""clothes"", ""a_centroid_x"": 34.69118360269636, ""b_centroid_x"": 566.6907187911555, ""horizontal_gap_px"": 531.9995351884592, ""image_width"": 591}"
test_012769,xtion/sun3ddata/mit_3_huge_office/cl_1/0007203-000241382232,sun3d:mit_3_huge_office/cl_1,xtion,office,test,left_right,,0,Is the cpu to the left or to the right of the trash can?,,right,choice,left|right,SUNRGBD/xtion/sun3ddata/mit_3_huge_office/cl_1/0007203-000241382232/image/0007203-000241382232.jpg,SUNRGBD/xtion/sun3ddata/mit_3_huge_office/cl_1/0007203-000241382232/depth_bfx/0007234-000241379849.png,rule,"{""a_concept"": ""cpu"", ""b_concept"": ""trashcan"", ""a_centroid_x"": 481.72786723739637, ""b_centroid_x"": 331.01963481242274, ""horizontal_gap_px"": 150.70823242497363, ""image_width"": 591}"
test_002936,xtion/sun3ddata/mit_dorm_masseeh_wm/dorm_masseeh_wm_oct_29_2012_scan1_erika/0002369-000110343053,sun3d:mit_dorm_masseeh_wm/dorm_masseeh_wm_oct_29_2012_scan1_erika,xtion,study_space,test,left_right,,1,"Relative to the backpack, is the towel on the left or the right?",,right,choice,left|right,SUNRGBD/xtion/sun3ddata/mit_dorm_masseeh_wm/dorm_masseeh_wm_oct_29_2012_scan1_erika/0002369-000110343053/image/0002369-000110343053.jpg,SUNRGBD/xtion/sun3ddata/mit_dorm_masseeh_wm/dorm_masseeh_wm_oct_29_2012_scan1_erika/0002369-000110343053/depth_bfx/0002363-000110352109.png,rule,"{""a_concept"": ""towel"", ""b_concept"": ""backpack"", ""a_centroid_x"": 611.9295108335698, ""b_centroid_x"": 507.1138159947091, ""horizontal_gap_px"": 104.81569483886068, ""image_width"": 591}"
test_008277,xtion/sun3ddata/mit_lab_16/lab_16_nov_2_2012_scan1_erika/0020870-000892296468,sun3d:mit_lab_16/lab_16_nov_2_2012_scan1_erika,xtion,lab,test,left_right,,4,"Which side of the shelf is the door on, left or right?",,right,choice,left|right,SUNRGBD/xtion/sun3ddata/mit_lab_16/lab_16_nov_2_2012_scan1_erika/0020870-000892296468/image/0020870-000892296468.jpg,SUNRGBD/xtion/sun3ddata/mit_lab_16/lab_16_nov_2_2012_scan1_erika/0020870-000892296468/depth_bfx/0020879-000892311544.png,rule,"{""a_concept"": ""door"", ""b_concept"": ""shelf"", ""a_centroid_x"": 378.89540390901203, ""b_centroid_x"": 272.117973629424, ""horizontal_gap_px"": 106.77743027958803, ""image_width"": 591}"
test_004497,xtion/sun3ddata/mit_gym_z_squash/gym_z_squash_scan1_oct_26_2012_erika/0000483-000020612340,sun3d:mit_gym_z_squash/gym_z_squash_scan1_oct_26_2012_erika,xtion,corridor,test,left_right,,5,"From the door, which direction is the trash can in, left or right?",,right,choice,left|right,SUNRGBD/xtion/sun3ddata/mit_gym_z_squash/gym_z_squash_scan1_oct_26_2012_erika/0000483-000020612340/image/0000483-000020612340.jpg,SUNRGBD/xtion/sun3ddata/mit_gym_z_squash/gym_z_squash_scan1_oct_26_2012_erika/0000483-000020612340/depth_bfx/0000486-000020608131.png,rule,"{""a_concept"": ""trashcan"", ""b_concept"": ""door"", ""a_centroid_x"": 537.3135406563207, ""b_centroid_x"": 316.78240414020235, ""horizontal_gap_px"": 220.53113651611835, ""image_width"": 591}"
test_001314,xtion/sun3ddata/mit_32_d507/d507_1/0000844-000028253988,sun3d:mit_32_d507/d507_1,xtion,classroom,test,left_right,,3,Is the chair on the left side or the right side of the door?,,right,choice,left|right,SUNRGBD/xtion/sun3ddata/mit_32_d507/d507_1/0000844-000028253988/image/0000844-000028253988.jpg,SUNRGBD/xtion/sun3ddata/mit_32_d507/d507_1/0000844-000028253988/depth_bfx/0000847-000028254983.png,rule,"{""a_concept"": ""chair"", ""b_concept"": ""door"", ""a_centroid_x"": 541.1438060230863, ""b_centroid_x"": 81.20954705568853, ""horizontal_gap_px"": 459.9342589673978, ""image_width"": 591}"
test_002299,xtion/sun3ddata/mit_46_5bathroom/bcs_floor5_bathroom/0000020-000000871416,sun3d:mit_46_5bathroom/bcs_floor5_bathroom,xtion,bathroom,test,left_right,,3,Is the door on the left side or the right side of the cupboard?,,right,choice,left|right,SUNRGBD/xtion/sun3ddata/mit_46_5bathroom/bcs_floor5_bathroom/0000020-000000871416/image/0000020-000000871416.jpg,SUNRGBD/xtion/sun3ddata/mit_46_5bathroom/bcs_floor5_bathroom/0000020-000000871416/depth_bfx/0000019-000000885204.png,rule,"{""a_concept"": ""door"", ""b_concept"": ""cupboard"", ""a_centroid_x"": 573.3521806991195, ""b_centroid_x"": 233.02966129374684, ""horizontal_gap_px"": 340.32251940537265, ""image_width"": 591}"
test_010353,xtion/sun3ddata/mit_gym_dupont/gym_dupont_nov_1_2012_scan1.erika/0009775-000414257760,sun3d:mit_gym_dupont/gym_dupont_nov_1_2012_scan1.erika,xtion,gym,test,left_right,,1,"Relative to the table, is the trash can on the left or the right?",,left,choice,left|right,SUNRGBD/xtion/sun3ddata/mit_gym_dupont/gym_dupont_nov_1_2012_scan1.erika/0009775-000414257760/image/0009775-000414257760.jpg,SUNRGBD/xtion/sun3ddata/mit_gym_dupont/gym_dupont_nov_1_2012_scan1.erika/0009775-000414257760/depth_bfx/0009758-000414249756.png,rule,"{""a_concept"": ""trashcan"", ""b_concept"": ""table"", ""a_centroid_x"": 419.51911532385463, ""b_centroid_x"": 493.4636620257404, ""horizontal_gap_px"": 73.94454670188577, ""image_width"": 591}"
test_010168,xtion/sun3ddata/mit_76_458/76-458a/0000932-000031361403,sun3d:mit_76_458/76-458a,xtion,conference_room,test,left_right,,2,"Looking at the whiteboard, is the table positioned on its left or right?",,right,choice,left|right,SUNRGBD/xtion/sun3ddata/mit_76_458/76-458a/0000932-000031361403/image/0000932-000031361403.jpg,SUNRGBD/xtion/sun3ddata/mit_76_458/76-458a/0000932-000031361403/depth_bfx/0000937-000031367095.png,rule,"{""a_concept"": ""table"", ""b_concept"": ""whiteboard"", ""a_centroid_x"": 473.4719708704851, ""b_centroid_x"": 290.64103200883, ""horizontal_gap_px"": 182.8309388616551, ""image_width"": 591}"
test_006756,xtion/sun3ddata/mit_3_huge_office/cl_1/0008184-000274261428,sun3d:mit_3_huge_office/cl_1,xtion,office,test,left_right,,0,Is the table to the left or to the right of the monitor?,,left,choice,left|right,SUNRGBD/xtion/sun3ddata/mit_3_huge_office/cl_1/0008184-000274261428/image/0008184-000274261428.jpg,SUNRGBD/xtion/sun3ddata/mit_3_huge_office/cl_1/0008184-000274261428/depth_bfx/0008219-000274248560.png,rule,"{""a_concept"": ""table"", ""b_concept"": ""monitor"", ""a_centroid_x"": 250.97910111304185, ""b_centroid_x"": 325.6005323115978, ""horizontal_gap_px"": 74.62143119855597, ""image_width"": 591}"
test_001652,xtion/sun3ddata/mit_dorm_mcc_flr1/dorm_mcc_flr1_oct_31_2012_scan1_erika/0000766-000034170946,sun3d:mit_dorm_mcc_flr1/dorm_mcc_flr1_oct_31_2012_scan1_erika,xtion,rest_space,test,left_right,,3,Is the table on the left side or the right side of the window?,,left,choice,left|right,SUNRGBD/xtion/sun3ddata/mit_dorm_mcc_flr1/dorm_mcc_flr1_oct_31_2012_scan1_erika/0000766-000034170946/image/0000766-000034170946.jpg,SUNRGBD/xtion/sun3ddata/mit_dorm_mcc_flr1/dorm_mcc_flr1_oct_31_2012_scan1_erika/0000766-000034170946/depth_bfx/0000766-000034170112.png,rule,"{""a_concept"": ""table"", ""b_concept"": ""window"", ""a_centroid_x"": 27.625949408889767, ""b_centroid_x"": 360.40954445595054, ""horizontal_gap_px"": 332.78359504706077, ""image_width"": 591}"
test_010764,xtion/sun3ddata/mit_lab_16/lab_16_nov_2_2012_scan1_erika/0017041-000728503776,sun3d:mit_lab_16/lab_16_nov_2_2012_scan1_erika,xtion,lab,test,left_right,,1,"Relative to the cpu, is the window on the left or the right?",,left,choice,left|right,SUNRGBD/xtion/sun3ddata/mit_lab_16/lab_16_nov_2_2012_scan1_erika/0017041-000728503776/image/0017041-000728503776.jpg,SUNRGBD/xtion/sun3ddata/mit_lab_16/lab_16_nov_2_2012_scan1_erika/0017041-000728503776/depth_bfx/0017051-000728501895.png,rule,"{""a_concept"": ""window"", ""b_concept"": ""cpu"", ""a_centroid_x"": 182.14980790414012, ""b_centroid_x"": 595.9272727272727, ""horizontal_gap_px"": 413.77746482313256, ""image_width"": 591}"
test_008374,xtion/sun3ddata/mit_36_ti_lab/tian_lab_1/0000517-000017314032,sun3d:mit_36_ti_lab/tian_lab_1,xtion,lab,test,left_right,,3,Is the table on the left side or the right side of the box?,,right,choice,left|right,SUNRGBD/xtion/sun3ddata/mit_36_ti_lab/tian_lab_1/0000517-000017314032/image/0000517-000017314032.jpg,SUNRGBD/xtion/sun3ddata/mit_36_ti_lab/tian_lab_1/0000517-000017314032/depth_bfx/0000520-000017318641.png,rule,"{""a_concept"": ""table"", ""b_concept"": ""box"", ""a_centroid_x"": 426.7391252799368, ""b_centroid_x"": 257.50058293587705, ""horizontal_gap_px"": 169.23854234405974, ""image_width"": 591}"
test_001770,xtion/sun3ddata/mit_dorm_mcc_eflr6/dorm_mcc_eflr6_oct_31_2012_scan1_erika/0001179-000051659391,sun3d:mit_dorm_mcc_eflr6/dorm_mcc_eflr6_oct_31_2012_scan1_erika,xtion,dining_room,test,left_right,,2,"Looking at the plate, is the table positioned on its left or right?",,left,choice,left|right,SUNRGBD/xtion/sun3ddata/mit_dorm_mcc_eflr6/dorm_mcc_eflr6_oct_31_2012_scan1_erika/0001179-000051659391/image/0001179-000051659391.jpg,SUNRGBD/xtion/sun3ddata/mit_dorm_mcc_eflr6/dorm_mcc_eflr6_oct_31_2012_scan1_erika/0001179-000051659391/depth_bfx/0001172-000051655599.png,rule,"{""a_concept"": ""table"", ""b_concept"": ""plate"", ""a_centroid_x"": 74.94531698221456, ""b_centroid_x"": 501.98528517572663, ""horizontal_gap_px"": 427.0399681935121, ""image_width"": 591}"
test_007526,xtion/sun3ddata/mit_dorm_masseeh_md/dorm_masseeh_md_scan1_oct_26_2012_erika/0000723-000032847826,sun3d:mit_dorm_masseeh_md/dorm_masseeh_md_scan1_oct_26_2012_erika,xtion,bedroom,test,left_right,,0,Is the cloth to the left or to the right of the bag?,,left,choice,left|right,SUNRGBD/xtion/sun3ddata/mit_dorm_masseeh_md/dorm_masseeh_md_scan1_oct_26_2012_erika/0000723-000032847826/image/0000723-000032847826.jpg,SUNRGBD/xtion/sun3ddata/mit_dorm_masseeh_md/dorm_masseeh_md_scan1_oct_26_2012_erika/0000723-000032847826/depth_bfx/0000723-000032835342.png,rule,"{""a_concept"": ""cloth"", ""b_concept"": ""bag"", ""a_centroid_x"": 92.41308055811872, ""b_centroid_x"": 517.4078731547294, ""horizontal_gap_px"": 424.99479259661064, ""image_width"": 591}"
test_007661,xtion/sun3ddata/mit_76_417/76-417a/0004168-000139694688,sun3d:mit_76_417/76-417a,xtion,lab,test,left_right,,4,"Which side of the chair is the machine on, left or right?",,left,choice,left|right,SUNRGBD/xtion/sun3ddata/mit_76_417/76-417a/0004168-000139694688/image/0004168-000139694688.jpg,SUNRGBD/xtion/sun3ddata/mit_76_417/76-417a/0004168-000139694688/depth_bfx/0004187-000139693923.png,rule,"{""a_concept"": ""machine"", ""b_concept"": ""chair"", ""a_centroid_x"": 174.41565390084003, ""b_centroid_x"": 439.9858883226117, ""horizontal_gap_px"": 265.57023442177166, ""image_width"": 591}"
test_008991,kv1/NYUdata/NYU1151,scene:kv1/NYUdata/NYU1151,kv1,bedroom,test,left_right,,1,"Relative to the blanket, is the floor mat on the left or the right?",,right,choice,left|right,SUNRGBD/kv1/NYUdata/NYU1151/image/NYU1151.jpg,SUNRGBD/kv1/NYUdata/NYU1151/depth_bfx/NYU1151.png,rule,"{""a_concept"": ""floormat"", ""b_concept"": ""blanket"", ""a_centroid_x"": 508.3824915824916, ""b_centroid_x"": 341.8195846671591, ""horizontal_gap_px"": 166.56290691533246, ""image_width"": 561}"
test_001120,kv1/NYUdata/NYU0538,scene:kv1/NYUdata/NYU0538,kv1,bedroom,test,left_right,,5,"From the night stand, which direction is the book in, left or right?",,left,choice,left|right,SUNRGBD/kv1/NYUdata/NYU0538/image/NYU0538.jpg,SUNRGBD/kv1/NYUdata/NYU0538/depth_bfx/NYU0538.png,rule,"{""a_concept"": ""book"", ""b_concept"": ""nightstand"", ""a_centroid_x"": 24.636952998379254, ""b_centroid_x"": 83.26338541666667, ""horizontal_gap_px"": 58.62643241828741, ""image_width"": 561}"
test_012760,kv1/NYUdata/NYU1211,scene:kv1/NYUdata/NYU1211,kv1,living_room,test,left_right,,3,Is the book on the left side or the right side of the sofa?,,right,choice,left|right,SUNRGBD/kv1/NYUdata/NYU1211/image/NYU1211.jpg,SUNRGBD/kv1/NYUdata/NYU1211/depth_bfx/NYU1211.png,rule,"{""a_concept"": ""book"", ""b_concept"": ""sofa"", ""a_centroid_x"": 305.8345715700842, ""b_centroid_x"": 123.85123117134052, ""horizontal_gap_px"": 181.9833403987437, ""image_width"": 561}"
test_009553,kv1/NYUdata/NYU0172,scene:kv1/NYUdata/NYU0172,kv1,bedroom,test,left_right,,5,"From the dresser, which direction is the bed in, left or right?",,right,choice,left|right,SUNRGBD/kv1/NYUdata/NYU0172/image/NYU0172.jpg,SUNRGBD/kv1/NYUdata/NYU0172/depth_bfx/NYU0172.png,rule,"{""a_concept"": ""bed"", ""b_concept"": ""dresser"", ""a_centroid_x"": 406.01532163742695, ""b_centroid_x"": 276.27881555278816, ""horizontal_gap_px"": 129.7365060846388, ""image_width"": 561}"
test_011075,kv1/NYUdata/NYU1302,scene:kv1/NYUdata/NYU1302,kv1,living_room,test,left_right,,2,"Looking at the coffee table, is the mirror positioned on its left or right?",,right,choice,left|right,SUNRGBD/kv1/NYUdata/NYU1302/image/NYU1302.jpg,SUNRGBD/kv1/NYUdata/NYU1302/depth_bfx/NYU1302.png,rule,"{""a_concept"": ""mirror"", ""b_concept"": ""coffeetable"", ""a_centroid_x"": 337.4385823502113, ""b_centroid_x"": 179.54345857854233, ""horizontal_gap_px"": 157.89512377166895, ""image_width"": 561}"
test_004431,kv1/NYUdata/NYU1407,scene:kv1/NYUdata/NYU1407,kv1,dining_room,test,left_right,,2,"Looking at the door, is the cabinet positioned on its left or right?",,right,choice,left|right,SUNRGBD/kv1/NYUdata/NYU1407/image/NYU1407.jpg,SUNRGBD/kv1/NYUdata/NYU1407/depth_bfx/NYU1407.png,rule,"{""a_concept"": ""cabinet"", ""b_concept"": ""door"", ""a_centroid_x"": 143.7668753668558, ""b_centroid_x"": 10.39665498101081, ""horizontal_gap_px"": 133.370220385845, ""image_width"": 561}"
test_010772,kv1/NYUdata/NYU0184,scene:kv1/NYUdata/NYU0184,kv1,bedroom,test,left_right,,5,"From the night stand, which direction is the bed in, left or right?",,right,choice,left|right,SUNRGBD/kv1/NYUdata/NYU0184/image/NYU0184.jpg,SUNRGBD/kv1/NYUdata/NYU0184/depth_bfx/NYU0184.png,rule,"{""a_concept"": ""bed"", ""b_concept"": ""nightstand"", ""a_centroid_x"": 535.9966196490581, ""b_centroid_x"": 405.0483461654265, ""horizontal_gap_px"": 130.94827348363157, ""image_width"": 561}"
test_000557,kv1/b3dodata/img_0741,scene:kv1/b3dodata/img_0741,kv1,bedroom,test,left_right,,3,Is the blanket on the left side or the right side of the pillow?,,left,choice,left|right,SUNRGBD/kv1/b3dodata/img_0741/image/img_0741.jpg,SUNRGBD/kv1/b3dodata/img_0741/depth_bfx/img_0741_abs.png,rule,"{""a_concept"": ""blanket"", ""b_concept"": ""pillow"", ""a_centroid_x"": 143.84318712608376, ""b_centroid_x"": 352.3656777433285, ""horizontal_gap_px"": 208.52249061724473, ""image_width"": 561}"
test_012045,kv1/NYUdata/NYU0972,scene:kv1/NYUdata/NYU0972,kv1,bedroom,test,left_right,,3,Is the towel on the left side or the right side of the bed?,,left,choice,left|right,SUNRGBD/kv1/NYUdata/NYU0972/image/NYU0972.jpg,SUNRGBD/kv1/NYUdata/NYU0972/depth_bfx/NYU0972.png,rule,"{""a_concept"": ""towel"", ""b_concept"": ""bed"", ""a_centroid_x"": 168.49950161973587, ""b_centroid_x"": 375.1205686592738, ""horizontal_gap_px"": 206.6210670395379, ""image_width"": 561}"
test_013685,kv1/NYUdata/NYU1209,scene:kv1/NYUdata/NYU1209,kv1,living_room,test,left_right,,5,"From the coffee table, which direction is the picture in, left or right?",,left,choice,left|right,SUNRGBD/kv1/NYUdata/NYU1209/image/NYU1209.jpg,SUNRGBD/kv1/NYUdata/NYU1209/depth_bfx/NYU1209.png,rule,"{""a_concept"": ""picture"", ""b_concept"": ""coffeetable"", ""a_centroid_x"": 68.29343797354302, ""b_centroid_x"": 538.1718391550882, ""horizontal_gap_px"": 469.87840118154514, ""image_width"": 561}"
test_005660,kv1/NYUdata/NYU0017,scene:kv1/NYUdata/NYU0017,kv1,office,test,left_right,,2,"Looking at the curtain, is the box positioned on its left or right?",,right,choice,left|right,SUNRGBD/kv1/NYUdata/NYU0017/image/NYU0017.jpg,SUNRGBD/kv1/NYUdata/NYU0017/depth_bfx/NYU0017.png,rule,"{""a_concept"": ""box"", ""b_concept"": ""curtain"", ""a_centroid_x"": 506.8461641630901, ""b_centroid_x"": 330.6138389031705, ""horizontal_gap_px"": 176.2323252599196, ""image_width"": 561}"
test_001944,kv1/NYUdata/NYU0389,scene:kv1/NYUdata/NYU0389,kv1,home_office,test,left_right,,1,"Relative to the bookshelf, is the box on the left or the right?",,right,choice,left|right,SUNRGBD/kv1/NYUdata/NYU0389/image/NYU0389.jpg,SUNRGBD/kv1/NYUdata/NYU0389/depth_bfx/NYU0389.png,rule,"{""a_concept"": ""box"", ""b_concept"": ""bookshelf"", ""a_centroid_x"": 542.0134298604554, ""b_centroid_x"": 386.01449759301, ""horizontal_gap_px"": 155.9989322674454, ""image_width"": 561}"
test_003861,kv1/b3dodata/img_0658,scene:kv1/b3dodata/img_0658,kv1,dining_room,test,left_right,,4,"Which side of the rug is the table on, left or right?",,right,choice,left|right,SUNRGBD/kv1/b3dodata/img_0658/image/img_0658.jpg,SUNRGBD/kv1/b3dodata/img_0658/depth_bfx/img_0658_abs.png,rule,"{""a_concept"": ""table"", ""b_concept"": ""rug"", ""a_centroid_x"": 466.71496857617205, ""b_centroid_x"": 342.6767894189429, ""horizontal_gap_px"": 124.03817915722914, ""image_width"": 561}"
test_012516,kv1/b3dodata/img_0423,scene:kv1/b3dodata/img_0423,kv1,office,test,left_right,,5,"From the file cabinet, which direction is the person in, left or right?",,left,choice,left|right,SUNRGBD/kv1/b3dodata/img_0423/image/img_0423.jpg,SUNRGBD/kv1/b3dodata/img_0423/depth_bfx/img_0423_abs.png,rule,"{""a_concept"": ""person"", ""b_concept"": ""filecabinet"", ""a_centroid_x"": 242.8507437457742, ""b_centroid_x"": 419.85422215936325, ""horizontal_gap_px"": 177.00347841358905, ""image_width"": 561}"
test_000531,kv1/b3dodata/img_0728,scene:kv1/b3dodata/img_0728,kv1,home_office,test,left_right,,1,"Relative to the chair, is the computer on the left or the right?",,left,choice,left|right,SUNRGBD/kv1/b3dodata/img_0728/image/img_0728.jpg,SUNRGBD/kv1/b3dodata/img_0728/depth_bfx/img_0728_abs.png,rule,"{""a_concept"": ""computer"", ""b_concept"": ""chair"", ""a_centroid_x"": 307.554420073114, ""b_centroid_x"": 390.6886521444141, ""horizontal_gap_px"": 83.13423207130012, ""image_width"": 561}"
test_007119,kv1/NYUdata/NYU0676,scene:kv1/NYUdata/NYU0676,kv1,bathroom,test,left_right,,0,Is the door to the left or to the right of the toilet?,,left,choice,left|right,SUNRGBD/kv1/NYUdata/NYU0676/image/NYU0676.jpg,SUNRGBD/kv1/NYUdata/NYU0676/depth_bfx/NYU0676.png,rule,"{""a_concept"": ""door"", ""b_concept"": ""toilet"", ""a_centroid_x"": 50.244757633995306, ""b_centroid_x"": 498.73317763830096, ""horizontal_gap_px"": 448.4884200043057, ""image_width"": 561}"
test_001548,kv1/NYUdata/NYU0837,scene:kv1/NYUdata/NYU0837,kv1,kitchen,test,left_right,,4,"Which side of the stove is the table on, left or right?",,left,choice,left|right,SUNRGBD/kv1/NYUdata/NYU0837/image/NYU0837.jpg,SUNRGBD/kv1/NYUdata/NYU0837/depth_bfx/NYU0837.png,rule,"{""a_concept"": ""table"", ""b_concept"": ""stove"", ""a_centroid_x"": 92.56736321143799, ""b_centroid_x"": 351.06538929440393, ""horizontal_gap_px"": 258.4980260829659, ""image_width"": 561}"
test_013920,kv1/NYUdata/NYU0526,scene:kv1/NYUdata/NYU0526,kv1,bedroom,test,left_right,,4,"Which side of the bed is the picture on, left or right?",,left,choice,left|right,SUNRGBD/kv1/NYUdata/NYU0526/image/NYU0526.jpg,SUNRGBD/kv1/NYUdata/NYU0526/depth_bfx/NYU0526.png,rule,"{""a_concept"": ""picture"", ""b_concept"": ""bed"", ""a_centroid_x"": 63.81464371755707, ""b_centroid_x"": 390.43777832552786, ""horizontal_gap_px"": 326.62313460797077, ""image_width"": 561}"
test_012993,kv1/NYUdata/NYU0264,scene:kv1/NYUdata/NYU0264,kv1,living_room,test,left_right,,1,"Relative to the desk, is the cabinet on the left or the right?",,left,choice,left|right,SUNRGBD/kv1/NYUdata/NYU0264/image/NYU0264.jpg,SUNRGBD/kv1/NYUdata/NYU0264/depth_bfx/NYU0264.png,rule,"{""a_concept"": ""cabinet"", ""b_concept"": ""desk"", ""a_centroid_x"": 348.47455644761624, ""b_centroid_x"": 503.07711532670885, ""horizontal_gap_px"": 154.6025588790926, ""image_width"": 561}"
test_009415,kv1/b3dodata/img_0716,scene:kv1/b3dodata/img_0716,kv1,kitchen,test,left_right,,3,Is the cup on the left side or the right side of the window?,,right,choice,left|right,SUNRGBD/kv1/b3dodata/img_0716/image/img_0716.jpg,SUNRGBD/kv1/b3dodata/img_0716/depth_bfx/img_0716_abs.png,rule,"{""a_concept"": ""cup"", ""b_concept"": ""window"", ""a_centroid_x"": 445.1992412116901, ""b_centroid_x"": 249.4265269098972, ""horizontal_gap_px"": 195.7727143017929, ""image_width"": 561}"
test_000444,kv1/NYUdata/NYU0580,scene:kv1/NYUdata/NYU0580,kv1,living_room,test,left_right,,2,"Looking at the lamp, is the bag positioned on its left or right?",,left,choice,left|right,SUNRGBD/kv1/NYUdata/NYU0580/image/NYU0580.jpg,SUNRGBD/kv1/NYUdata/NYU0580/depth_bfx/NYU0580.png,rule,"{""a_concept"": ""bag"", ""b_concept"": ""lamp"", ""a_centroid_x"": 238.53402865571005, ""b_centroid_x"": 444.82797807613014, ""horizontal_gap_px"": 206.2939494204201, ""image_width"": 561}"
test_007600,kv1/b3dodata/img_0587,scene:kv1/b3dodata/img_0587,kv1,bathroom,test,left_right,,4,"Which side of the cup is the towel on, left or right?",,left,choice,left|right,SUNRGBD/kv1/b3dodata/img_0587/image/img_0587.jpg,SUNRGBD/kv1/b3dodata/img_0587/depth_bfx/img_0587_abs.png,rule,"{""a_concept"": ""towel"", ""b_concept"": ""cup"", ""a_centroid_x"": 210.9958331561716, ""b_centroid_x"": 316.4695885509839, ""horizontal_gap_px"": 105.47375539481226, ""image_width"": 561}"
test_009636,kv1/NYUdata/NYU0551,scene:kv1/NYUdata/NYU0551,kv1,dining_room,test,left_right,,2,"Looking at the window, is the table positioned on its left or right?",,left,choice,left|right,SUNRGBD/kv1/NYUdata/NYU0551/image/NYU0551.jpg,SUNRGBD/kv1/NYUdata/NYU0551/depth_bfx/NYU0551.png,rule,"{""a_concept"": ""table"", ""b_concept"": ""window"", ""a_centroid_x"": 394.7484331308456, ""b_centroid_x"": 542.6989417989417, ""horizontal_gap_px"": 147.95050866809612, ""image_width"": 561}"
test_000214,kv1/b3dodata/img_0594,scene:kv1/b3dodata/img_0594,kv1,bathroom,test,left_right,,0,Is the towel to the left or to the right of the curtain?,,left,choice,left|right,SUNRGBD/kv1/b3dodata/img_0594/image/img_0594.jpg,SUNRGBD/kv1/b3dodata/img_0594/depth_bfx/img_0594_abs.png,rule,"{""a_concept"": ""towel"", ""b_concept"": ""curtain"", ""a_centroid_x"": 262.19025110416356, ""b_centroid_x"": 431.3723416543076, ""horizontal_gap_px"": 169.18209055014404, ""image_width"": 561}"
test_012631,kv1/NYUdata/NYU1411,scene:kv1/NYUdata/NYU1411,kv1,dining_room,test,left_right,,1,"Relative to the floor mat, is the picture on the left or the right?",,left,choice,left|right,SUNRGBD/kv1/NYUdata/NYU1411/image/NYU1411.jpg,SUNRGBD/kv1/NYUdata/NYU1411/depth_bfx/NYU1411.png,rule,"{""a_concept"": ""picture"", ""b_concept"": ""floormat"", ""a_centroid_x"": 125.75343218012081, ""b_centroid_x"": 529.8729559748427, ""horizontal_gap_px"": 404.11952379472194, ""image_width"": 561}"
test_009432,kv1/NYUdata/NYU1034,scene:kv1/NYUdata/NYU1034,kv1,bedroom,test,left_right,,3,Is the chair on the left side or the right side of the picture?,,right,choice,left|right,SUNRGBD/kv1/NYUdata/NYU1034/image/NYU1034.jpg,SUNRGBD/kv1/NYUdata/NYU1034/depth_bfx/NYU1034.png,rule,"{""a_concept"": ""chair"", ""b_concept"": ""picture"", ""a_centroid_x"": 277.05914840548724, ""b_centroid_x"": 212.4614585929064, ""horizontal_gap_px"": 64.59768981258082, ""image_width"": 561}"
test_000310,kv1/b3dodata/img_0747,scene:kv1/b3dodata/img_0747,kv1,home_office,test,left_right,,4,"Which side of the cupboard is the box on, left or right?",,left,choice,left|right,SUNRGBD/kv1/b3dodata/img_0747/image/img_0747.jpg,SUNRGBD/kv1/b3dodata/img_0747/depth_bfx/img_0747_abs.png,rule,"{""a_concept"": ""box"", ""b_concept"": ""cupboard"", ""a_centroid_x"": 349.0063247150403, ""b_centroid_x"": 519.7825125022911, ""horizontal_gap_px"": 170.77618778725076, ""image_width"": 561}"
test_009320,kv1/NYUdata/NYU0694,scene:kv1/NYUdata/NYU0694,kv1,bathroom,test,left_right,,2,"Looking at the blind, is the cabinet positioned on its left or right?",,right,choice,left|right,SUNRGBD/kv1/NYUdata/NYU0694/image/NYU0694.jpg,SUNRGBD/kv1/NYUdata/NYU0694/depth_bfx/NYU0694.png,rule,"{""a_concept"": ""cabinet"", ""b_concept"": ""blind"", ""a_centroid_x"": 446.20202703549194, ""b_centroid_x"": 171.51112735913722, ""horizontal_gap_px"": 274.6908996763547, ""image_width"": 561}"
test_010111,kv1/b3dodata/img_0428,scene:kv1/b3dodata/img_0428,kv1,office,test,left_right,,1,"Relative to the paper, is the bottle on the left or the right?",,left,choice,left|right,SUNRGBD/kv1/b3dodata/img_0428/image/img_0428.jpg,SUNRGBD/kv1/b3dodata/img_0428/depth_bfx/img_0428_abs.png,rule,"{""a_concept"": ""bottle"", ""b_concept"": ""paper"", ""a_centroid_x"": 73.09378618294095, ""b_centroid_x"": 197.31296843061548, ""horizontal_gap_px"": 124.21918224767454, ""image_width"": 561}"
test_004259,kv1/NYUdata/NYU1347,scene:kv1/NYUdata/NYU1347,kv1,dining_room,test,left_right,,0,Is the table to the left or to the right of the bowl?,,right,choice,left|right,SUNRGBD/kv1/NYUdata/NYU1347/image/NYU1347.jpg,SUNRGBD/kv1/NYUdata/NYU1347/depth_bfx/NYU1347.png,rule,"{""a_concept"": ""table"", ""b_concept"": ""bowl"", ""a_centroid_x"": 442.8173800259404, ""b_centroid_x"": 350.24140805577656, ""horizontal_gap_px"": 92.57597197016383, ""image_width"": 561}"
test_001575,kv1/NYUdata/NYU0036,scene:kv1/NYUdata/NYU0036,kv1,office,test,left_right,,2,"Looking at the door, is the table positioned on its left or right?",,right,choice,left|right,SUNRGBD/kv1/NYUdata/NYU0036/image/NYU0036.jpg,SUNRGBD/kv1/NYUdata/NYU0036/depth_bfx/NYU0036.png,rule,"{""a_concept"": ""table"", ""b_concept"": ""door"", ""a_centroid_x"": 451.5619388566883, ""b_centroid_x"": 366.7278160058668, ""horizontal_gap_px"": 84.83412285082147, ""image_width"": 561}"
test_001957,realsense/lg/2014_10_27-14_39_06-1311000073,scene:realsense/lg/2014_10_27-14_39_06-1311000073,realsense,library,test,left_right,,3,Is the shelf on the left side or the right side of the chair?,,left,choice,left|right,SUNRGBD/realsense/lg/2014_10_27-14_39_06-1311000073/image/0000063.jpg,SUNRGBD/realsense/lg/2014_10_27-14_39_06-1311000073/depth_bfx/0000063.png,rule,"{""a_concept"": ""shelf"", ""b_concept"": ""chair"", ""a_centroid_x"": 53.29386255869964, ""b_centroid_x"": 433.99967230220636, ""horizontal_gap_px"": 380.70580974350673, ""image_width"": 681}"
test_001972,realsense/lg/2014_10_26-15_01_09-1311000073,scene:realsense/lg/2014_10_26-15_01_09-1311000073,realsense,conference_room,test,left_right,,5,"From the box, which direction is the sofa in, left or right?",,right,choice,left|right,SUNRGBD/realsense/lg/2014_10_26-15_01_09-1311000073/image/0000063.jpg,SUNRGBD/realsense/lg/2014_10_26-15_01_09-1311000073/depth_bfx/0000063.png,rule,"{""a_concept"": ""sofa"", ""b_concept"": ""box"", ""a_centroid_x"": 545.9372661546685, ""b_centroid_x"": 460.6392574867667, ""horizontal_gap_px"": 85.29800866790174, ""image_width"": 681}"
test_010879,realsense/lg/2014_10_27-14_29_47-1311000073,scene:realsense/lg/2014_10_27-14_29_47-1311000073,realsense,library,test,left_right,,3,Is the desk on the left side or the right side of the chair?,,left,choice,left|right,SUNRGBD/realsense/lg/2014_10_27-14_29_47-1311000073/image/0000063.jpg,SUNRGBD/realsense/lg/2014_10_27-14_29_47-1311000073/depth_bfx/0000063.png,rule,"{""a_concept"": ""desk"", ""b_concept"": ""chair"", ""a_centroid_x"": 268.4966911868622, ""b_centroid_x"": 465.6723929701816, ""horizontal_gap_px"": 197.17570178331937, ""image_width"": 681}"
test_010170,realsense/lg/2014_10_28-15_48_50-1311000073,scene:realsense/lg/2014_10_28-15_48_50-1311000073,realsense,library,test,left_right,,2,"Looking at the baseboard, is the sofa positioned on its left or right?",,right,choice,left|right,SUNRGBD/realsense/lg/2014_10_28-15_48_50-1311000073/image/0000063.jpg,SUNRGBD/realsense/lg/2014_10_28-15_48_50-1311000073/depth_bfx/0000063.png,rule,"{""a_concept"": ""sofa"", ""b_concept"": ""baseboard"", ""a_centroid_x"": 278.60753492326523, ""b_centroid_x"": -42.71424033039472, ""horizontal_gap_px"": 321.32177525365995, ""image_width"": 681}"
test_009395,realsense/sa/2014_10_21-15_21_11-1311000073,scene:realsense/sa/2014_10_21-15_21_11-1311000073,realsense,cafeteria,test,left_right,,5,"From the person, which direction is the coffee table in, left or right?",,right,choice,left|right,SUNRGBD/realsense/sa/2014_10_21-15_21_11-1311000073/image/0000094.jpg,SUNRGBD/realsense/sa/2014_10_21-15_21_11-1311000073/depth_bfx/0000094.png,rule,"{""a_concept"": ""coffeetable"", ""b_concept"": ""person"", ""a_centroid_x"": 527.1852165610379, ""b_centroid_x"": 396.01044558646896, ""horizontal_gap_px"": 131.17477097456896, ""image_width"": 681}"
test_001941,realsense/lg/2014_10_28-15_13_00-1311000073,scene:realsense/lg/2014_10_28-15_13_00-1311000073,realsense,library,test,left_right,,3,Is the window on the left side or the right side of the table?,,left,choice,left|right,SUNRGBD/realsense/lg/2014_10_28-15_13_00-1311000073/image/0000063.jpg,SUNRGBD/realsense/lg/2014_10_28-15_13_00-1311000073/depth_bfx/0000063.png,rule,"{""a_concept"": ""window"", ""b_concept"": ""table"", ""a_centroid_x"": 280.5523630378556, ""b_centroid_x"": 523.5128221647948, ""horizontal_gap_px"": 242.96045912693916, ""image_width"": 681}"
test_010947,realsense/lg/2014_10_25-17_54_32-1311000073,scene:realsense/lg/2014_10_25-17_54_32-1311000073,realsense,office,test,left_right,,2,"Looking at the table, is the keyboard positioned on its left or right?",,right,choice,left|right,SUNRGBD/realsense/lg/2014_10_25-17_54_32-1311000073/image/0000063.jpg,SUNRGBD/realsense/lg/2014_10_25-17_54_32-1311000073/depth_bfx/0000063.png,rule,"{""a_concept"": ""keyboard"", ""b_concept"": ""table"", ""a_centroid_x"": 342.87441963045916, ""b_centroid_x"": 189.52851528569954, ""horizontal_gap_px"": 153.34590434475962, ""image_width"": 681}"
test_006634,realsense/lg/2014_10_30-16_13_40-1311000073,scene:realsense/lg/2014_10_30-16_13_40-1311000073,realsense,conference_room,test,left_right,,2,"Looking at the table, is the shelf positioned on its left or right?",,left,choice,left|right,SUNRGBD/realsense/lg/2014_10_30-16_13_40-1311000073/image/0000063.jpg,SUNRGBD/realsense/lg/2014_10_30-16_13_40-1311000073/depth_bfx/0000063.png,rule,"{""a_concept"": ""shelf"", ""b_concept"": ""table"", ""a_centroid_x"": 98.94444067139096, ""b_centroid_x"": 747.8547100154817, ""horizontal_gap_px"": 648.9102693440907, ""image_width"": 681}"
test_012278,realsense/lg/2014_10_29-16_15_52-1311000073,scene:realsense/lg/2014_10_29-16_15_52-1311000073,realsense,rest_space,test,left_right,,3,Is the lamp on the left side or the right side of the window?,,right,choice,left|right,SUNRGBD/realsense/lg/2014_10_29-16_15_52-1311000073/image/0000065.jpg,SUNRGBD/realsense/lg/2014_10_29-16_15_52-1311000073/depth_bfx/0000065.png,rule,"{""a_concept"": ""lamp"", ""b_concept"": ""window"", ""a_centroid_x"": 395.53322547261945, ""b_centroid_x"": 3.2007737731622887, ""horizontal_gap_px"": 392.3324516994572, ""image_width"": 681}"
test_002928,realsense/lg/2014_10_26-15_21_17-1311000073,scene:realsense/lg/2014_10_26-15_21_17-1311000073,realsense,computer_room,test,left_right,,1,"Relative to the pillar, is the table on the left or the right?",,right,choice,left|right,SUNRGBD/realsense/lg/2014_10_26-15_21_17-1311000073/image/0000063.jpg,SUNRGBD/realsense/lg/2014_10_26-15_21_17-1311000073/depth_bfx/0000063.png,rule,"{""a_concept"": ""table"", ""b_concept"": ""pillar"", ""a_centroid_x"": 589.8873308098188, ""b_centroid_x"": 332.9312169312169, ""horizontal_gap_px"": 256.95611387860185, ""image_width"": 681}"
test_011145,realsense/lg/2014_10_24-13_16_45-1311000073,scene:realsense/lg/2014_10_24-13_16_45-1311000073,realsense,printer_room,test,left_right,,3,Is the painting on the left side or the right side of the clock?,,left,choice,left|right,SUNRGBD/realsense/lg/2014_10_24-13_16_45-1311000073/image/0000065.jpg,SUNRGBD/realsense/lg/2014_10_24-13_16_45-1311000073/depth_bfx/0000065.png,rule,"{""a_concept"": ""painting"", ""b_concept"": ""clock"", ""a_centroid_x"": 190.8152796125055, ""b_centroid_x"": 385.5671996292434, ""horizontal_gap_px"": 194.75192001673793, ""image_width"": 681}"
test_000732,realsense/lg/2014_10_27-14_31_16-1311000073,scene:realsense/lg/2014_10_27-14_31_16-1311000073,realsense,library,test,left_right,,3,Is the table on the left side or the right side of the window?,,right,choice,left|right,SUNRGBD/realsense/lg/2014_10_27-14_31_16-1311000073/image/0000064.jpg,SUNRGBD/realsense/lg/2014_10_27-14_31_16-1311000073/depth_bfx/0000064.png,rule,"{""a_concept"": ""table"", ""b_concept"": ""window"", ""a_centroid_x"": 724.7234548335974, ""b_centroid_x"": 497.8010626158893, ""horizontal_gap_px"": 226.92239221770814, ""image_width"": 681}"
test_009598,realsense/lg/2014_10_30-16_12_00-1311000073,scene:realsense/lg/2014_10_30-16_12_00-1311000073,realsense,conference_room,test,left_right,,1,"Relative to the chair, is the table on the left or the right?",,left,choice,left|right,SUNRGBD/realsense/lg/2014_10_30-16_12_00-1311000073/image/0000063.jpg,SUNRGBD/realsense/lg/2014_10_30-16_12_00-1311000073/depth_bfx/0000063.png,rule,"{""a_concept"": ""table"", ""b_concept"": ""chair"", ""a_centroid_x"": 404.76705279801666, ""b_centroid_x"": 476.5580037519935, ""horizontal_gap_px"": 71.79095095397685, ""image_width"": 681}"
test_006382,realsense/lg/2014_10_27-14_15_29-1311000073,scene:realsense/lg/2014_10_27-14_15_29-1311000073,realsense,rest_space,test,left_right,,5,"From the bookshelf, which direction is the chair in, left or right?",,left,choice,left|right,SUNRGBD/realsense/lg/2014_10_27-14_15_29-1311000073/image/0000073.jpg,SUNRGBD/realsense/lg/2014_10_27-14_15_29-1311000073/depth_bfx/0000073.png,rule,"{""a_concept"": ""chair"", ""b_concept"": ""bookshelf"", ""a_centroid_x"": 448.94189109909684, ""b_centroid_x"": 742.8929228841108, ""horizontal_gap_px"": 293.951031785014, ""image_width"": 681}"
test_000153,kv2/kinect2data/001158_2014-06-17_15-32-16_260595134347_rgbf000138-resize,scene:kv2/kinect2data/001158_2014-06-17_15-32-16_260595134347_rgbf000138-resize,kv2,discussion_area,test,existence,positive,2,Does this room contain a chair?,,yes,yes_no,yes|no,SUNRGBD/kv2/kinect2data/001158_2014-06-17_15-32-16_260595134347_rgbf000138-resize/image/0000138.jpg,SUNRGBD/kv2/kinect2data/001158_2014-06-17_15-32-16_260595134347_rgbf000138-resize/depth_bfx/0000138.png,rule,"{""concept"": ""chair"", ""object_index"": 14, ""area_frac"": 0.04157663478935125}"
test_012043,kv2/kinect2data/001916_2014-06-22_14-08-49_260595134347_rgbf000033-resize,scene:kv2/kinect2data/001916_2014-06-22_14-08-49_260595134347_rgbf000033-resize,kv2,furniture_store,test,existence,negative,5,Is there any bed frame visible in the image?,,no,yes_no,yes|no,SUNRGBD/kv2/kinect2data/001916_2014-06-22_14-08-49_260595134347_rgbf000033-resize/image/0000033.jpg,SUNRGBD/kv2/kinect2data/001916_2014-06-22_14-08-49_260595134347_rgbf000033-resize/depth_bfx/0000033.png,rule,"{""concept"": ""bedframe"", ""reason"": ""category_or_scene_type_plausible""}"
test_001026,kv2/kinect2data/001728_2014-06-26_19-44-17_260595134347_rgbf000110-resize,scene:kv2/kinect2data/001728_2014-06-26_19-44-17_260595134347_rgbf000110-resize,kv2,furniture_store,test,existence,positive,0,Is there a dresser in this room?,,yes,yes_no,yes|no,SUNRGBD/kv2/kinect2data/001728_2014-06-26_19-44-17_260595134347_rgbf000110-resize/image/0000110.jpg,SUNRGBD/kv2/kinect2data/001728_2014-06-26_19-44-17_260595134347_rgbf000110-resize/depth_bfx/0000110.png,rule,"{""concept"": ""dresser"", ""object_index"": 10, ""area_frac"": 0.16588911863530628}"
test_008222,kv2/align_kv2/2014-12-18_14-10-31_260595134347,scene:kv2/align_kv2/2014-12-18_14-10-31_260595134347,kv2,computer_room,test,existence,positive,4,Is a table present in this scene?,,yes,yes_no,yes|no,SUNRGBD/kv2/align_kv2/2014-12-18_14-10-31_260595134347/image/0000212.jpg,SUNRGBD/kv2/align_kv2/2014-12-18_14-10-31_260595134347/depth_bfx/0000212.png,rule,"{""concept"": ""table"", ""object_index"": 0, ""area_frac"": 0.1547182734556733}"
test_004940,kv2/kinect2data/001925_2014-06-22_14-12-25_260595134347_rgbf000025-resize,scene:kv2/kinect2data/001925_2014-06-22_14-12-25_260595134347_rgbf000025-resize,kv2,furniture_store,test,existence,positive,0,Is there a chair in this room?,,yes,yes_no,yes|no,SUNRGBD/kv2/kinect2data/001925_2014-06-22_14-12-25_260595134347_rgbf000025-resize/image/0000025.jpg,SUNRGBD/kv2/kinect2data/001925_2014-06-22_14-12-25_260595134347_rgbf000025-resize/depth_bfx/0000025.png,rule,"{""concept"": ""chair"", ""object_index"": 7, ""area_frac"": 0.02376195399327992}"
test_003898,kv2/align_kv2/2014-12-18_14-02-16_260595134347,scene:kv2/align_kv2/2014-12-18_14-02-16_260595134347,kv2,office,test,existence,positive,4,Is a window present in this scene?,,yes,yes_no,yes|no,SUNRGBD/kv2/align_kv2/2014-12-18_14-02-16_260595134347/image/0000066.jpg,SUNRGBD/kv2/align_kv2/2014-12-18_14-02-16_260595134347/depth_bfx/0000066.png,rule,"{""concept"": ""window"", ""object_index"": 18, ""area_frac"": 0.005790902041871285}"
test_002048,kv2/kinect2data/003177_2014-05-12_21-53-03_094959634447_rgbf000056-resize,scene:kv2/kinect2data/003177_2014-05-12_21-53-03_094959634447_rgbf000056-resize,kv2,classroom,test,existence,negative,4,Is a vent present in this scene?,,no,yes_no,yes|no,SUNRGBD/kv2/kinect2data/003177_2014-05-12_21-53-03_094959634447_rgbf000056-resize/image/0000056.jpg,SUNRGBD/kv2/kinect2data/003177_2014-05-12_21-53-03_094959634447_rgbf000056-resize/depth_bfx/0000056.png,rule,"{""concept"": ""vent"", ""reason"": ""category_or_scene_type_plausible""}"
test_003321,kv2/kinect2data/001209_2014-06-17_16-10-38_260595134347_rgbf000079-resize,scene:kv2/kinect2data/001209_2014-06-17_16-10-38_260595134347_rgbf000079-resize,kv2,rest_space,test,existence,positive,1,Do you see a table here?,,yes,yes_no,yes|no,SUNRGBD/kv2/kinect2data/001209_2014-06-17_16-10-38_260595134347_rgbf000079-resize/image/0000079.jpg,SUNRGBD/kv2/kinect2data/001209_2014-06-17_16-10-38_260595134347_rgbf000079-resize/depth_bfx/0000079.png,rule,"{""concept"": ""table"", ""object_index"": 13, ""area_frac"": 0.055180925303696046}"
test_008293,kv2/kinect2data/003640_2014-05-23_22-10-43_094959634447_rgbf000101-resize,scene:kv2/kinect2data/003640_2014-05-23_22-10-43_094959634447_rgbf000101-resize,kv2,office,test,existence,positive,5,Is there any television visible in the image?,,yes,yes_no,yes|no,SUNRGBD/kv2/kinect2data/003640_2014-05-23_22-10-43_094959634447_rgbf000101-resize/image/0000101.jpg,SUNRGBD/kv2/kinect2data/003640_2014-05-23_22-10-43_094959634447_rgbf000101-resize/depth_bfx/0000101.png,rule,"{""concept"": ""television"", ""object_index"": 3, ""area_frac"": 0.05111269061773068}"
test_013317,kv2/kinect2data/000061_2014-04-29_14-37-44_094959634447_rgbf000100-resize,scene:kv2/kinect2data/000061_2014-04-29_14-37-44_094959634447_rgbf000100-resize,kv2,classroom,test,existence,negative,5,Is there any bench visible in the image?,,no,yes_no,yes|no,SUNRGBD/kv2/kinect2data/000061_2014-04-29_14-37-44_094959634447_rgbf000100-resize/image/0000100.jpg,SUNRGBD/kv2/kinect2data/000061_2014-04-29_14-37-44_094959634447_rgbf000100-resize/depth_bfx/0000100.png,rule,"{""concept"": ""bench"", ""reason"": ""category_or_scene_type_plausible""}"
test_005684,kv2/kinect2data/001859_2014-06-22_13-40-27_260595134347_rgbf000104-resize,scene:kv2/kinect2data/001859_2014-06-22_13-40-27_260595134347_rgbf000104-resize,kv2,furniture_store,test,existence,negative,5,Is there any frame visible in the image?,,no,yes_no,yes|no,SUNRGBD/kv2/kinect2data/001859_2014-06-22_13-40-27_260595134347_rgbf000104-resize/image/0000104.jpg,SUNRGBD/kv2/kinect2data/001859_2014-06-22_13-40-27_260595134347_rgbf000104-resize/depth_bfx/0000104.png,rule,"{""concept"": ""frame"", ""reason"": ""category_or_scene_type_plausible""}"
test_002333,kv2/kinect2data/002706_2014-06-22_11-30-39_094959634447_rgbf000074-resize,scene:kv2/kinect2data/002706_2014-06-22_11-30-39_094959634447_rgbf000074-resize,kv2,bathroom,test,existence,negative,2,Does this room contain a box?,,no,yes_no,yes|no,SUNRGBD/kv2/kinect2data/002706_2014-06-22_11-30-39_094959634447_rgbf000074-resize/image/0000074.jpg,SUNRGBD/kv2/kinect2data/002706_2014-06-22_11-30-39_094959634447_rgbf000074-resize/depth_bfx/0000074.png,rule,"{""concept"": ""box"", ""reason"": ""category_or_scene_type_plausible""}"
test_007312,kv2/align_kv2/2014-12-18_12-22-15_260595134347,scene:kv2/align_kv2/2014-12-18_12-22-15_260595134347,kv2,computer_room,test,existence,negative,2,Does this room contain a stand?,,no,yes_no,yes|no,SUNRGBD/kv2/align_kv2/2014-12-18_12-22-15_260595134347/image/0000164.jpg,SUNRGBD/kv2/align_kv2/2014-12-18_12-22-15_260595134347/depth_bfx/0000164.png,rule,"{""concept"": ""stand"", ""reason"": ""category_or_scene_type_plausible""}"
test_013059,kv2/kinect2data/003612_2014-05-23_18-01-59_094959634447_rgbf000101-resize,scene:kv2/kinect2data/003612_2014-05-23_18-01-59_094959634447_rgbf000101-resize,kv2,classroom,test,existence,positive,4,Is a table present in this scene?,,yes,yes_no,yes|no,SUNRGBD/kv2/kinect2data/003612_2014-05-23_18-01-59_094959634447_rgbf000101-resize/image/0000101.jpg,SUNRGBD/kv2/kinect2data/003612_2014-05-23_18-01-59_094959634447_rgbf000101-resize/depth_bfx/0000101.png,rule,"{""concept"": ""table"", ""object_index"": 5, ""area_frac"": 0.4657598862755234}"
test_007718,kv2/kinect2data/003624_2014-05-23_22-00-55_094959634447_rgbf000101-resize,scene:kv2/kinect2data/003624_2014-05-23_22-00-55_094959634447_rgbf000101-resize,kv2,office,test,existence,negative,2,Does this room contain a shelf?,,no,yes_no,yes|no,SUNRGBD/kv2/kinect2data/003624_2014-05-23_22-00-55_094959634447_rgbf000101-resize/image/0000101.jpg,SUNRGBD/kv2/kinect2data/003624_2014-05-23_22-00-55_094959634447_rgbf000101-resize/depth_bfx/0000101.png,rule,"{""concept"": ""shelf"", ""reason"": ""category_or_scene_type_plausible""}"
test_009876,kv2/kinect2data/003559_2014-05-23_10-38-14_094959634447_rgbf002823-resize,scene:kv2/kinect2data/003559_2014-05-23_10-38-14_094959634447_rgbf002823-resize,kv2,dining_area,test,existence,negative,3,Can you spot a drawer in the picture?,,no,yes_no,yes|no,SUNRGBD/kv2/kinect2data/003559_2014-05-23_10-38-14_094959634447_rgbf002823-resize/image/0002823.jpg,SUNRGBD/kv2/kinect2data/003559_2014-05-23_10-38-14_094959634447_rgbf002823-resize/depth_bfx/0002823.png,rule,"{""concept"": ""drawer"", ""reason"": ""category_or_scene_type_plausible""}"
test_002189,kv2/kinect2data/003451_2014-05-21_12-43-14_094959634447_rgbf004260-resize,scene:kv2/kinect2data/003451_2014-05-21_12-43-14_094959634447_rgbf004260-resize,kv2,classroom,test,existence,positive,0,Is there a table in this room?,,yes,yes_no,yes|no,SUNRGBD/kv2/kinect2data/003451_2014-05-21_12-43-14_094959634447_rgbf004260-resize/image/0004260.jpg,SUNRGBD/kv2/kinect2data/003451_2014-05-21_12-43-14_094959634447_rgbf004260-resize/depth_bfx/0004260.png,rule,"{""concept"": ""table"", ""object_index"": 17, ""area_frac"": 0.013839493409149651}"
test_000614,kv2/kinect2data/003606_2014-05-23_17-28-26_094959634447_rgbf000102-resize,scene:kv2/kinect2data/003606_2014-05-23_17-28-26_094959634447_rgbf000102-resize,kv2,classroom,test,existence,positive,2,Does this room contain a bench?,,yes,yes_no,yes|no,SUNRGBD/kv2/kinect2data/003606_2014-05-23_17-28-26_094959634447_rgbf000102-resize/image/0000102.jpg,SUNRGBD/kv2/kinect2data/003606_2014-05-23_17-28-26_094959634447_rgbf000102-resize/depth_bfx/0000102.png,rule,"{""concept"": ""bench"", ""object_index"": 11, ""area_frac"": 0.018588782631170846}"
test_010580,kv2/kinect2data/000384_2014-06-08_22-57-14_260595134347_rgbf000063-resize,scene:kv2/kinect2data/000384_2014-06-08_22-57-14_260595134347_rgbf000063-resize,kv2,conference_room,test,existence,negative,5,Is there any paper visible in the image?,,no,yes_no,yes|no,SUNRGBD/kv2/kinect2data/000384_2014-06-08_22-57-14_260595134347_rgbf000063-resize/image/0000063.jpg,SUNRGBD/kv2/kinect2data/000384_2014-06-08_22-57-14_260595134347_rgbf000063-resize/depth_bfx/0000063.png,rule,"{""concept"": ""paper"", ""reason"": ""category_or_scene_type_plausible""}"
test_008074,kv2/kinect2data/000837_2014-06-04_19-53-28_260595134347_rgbf000078-resize,scene:kv2/kinect2data/000837_2014-06-04_19-53-28_260595134347_rgbf000078-resize,kv2,bathroom,test,existence,positive,0,Is there a trash can in this room?,,yes,yes_no,yes|no,SUNRGBD/kv2/kinect2data/000837_2014-06-04_19-53-28_260595134347_rgbf000078-resize/image/0000078.jpg,SUNRGBD/kv2/kinect2data/000837_2014-06-04_19-53-28_260595134347_rgbf000078-resize/depth_bfx/0000078.png,rule,"{""concept"": ""trashcan"", ""object_index"": 8, ""area_frac"": 0.0066554665288188165}"
test_008432,kv2/kinect2data/003195_2014-05-12_22-17-02_094959634447_rgbf000100-resize,scene:kv2/kinect2data/003195_2014-05-12_22-17-02_094959634447_rgbf000100-resize,kv2,classroom,test,existence,negative,1,Do you see a mattress here?,,no,yes_no,yes|no,SUNRGBD/kv2/kinect2data/003195_2014-05-12_22-17-02_094959634447_rgbf000100-resize/image/0000100.jpg,SUNRGBD/kv2/kinect2data/003195_2014-05-12_22-17-02_094959634447_rgbf000100-resize/depth_bfx/0000100.png,rule,"{""concept"": ""mattress"", ""reason"": ""category_or_scene_type_plausible""}"
test_005812,kv2/kinect2data/001197_2014-06-17_16-01-50_260595134347_rgbf000103-resize,scene:kv2/kinect2data/001197_2014-06-17_16-01-50_260595134347_rgbf000103-resize,kv2,rest_space,test,existence,negative,3,Can you spot a door in the picture?,,no,yes_no,yes|no,SUNRGBD/kv2/kinect2data/001197_2014-06-17_16-01-50_260595134347_rgbf000103-resize/image/0000103.jpg,SUNRGBD/kv2/kinect2data/001197_2014-06-17_16-01-50_260595134347_rgbf000103-resize/depth_bfx/0000103.png,rule,"{""concept"": ""door"", ""reason"": ""category_or_scene_type_plausible""}"
test_007706,kv2/align_kv2/2014-12-18_13-57-08_260595134347,scene:kv2/align_kv2/2014-12-18_13-57-08_260595134347,kv2,dining_area,test,existence,negative,2,Does this room contain a cabinet door?,,no,yes_no,yes|no,SUNRGBD/kv2/align_kv2/2014-12-18_13-57-08_260595134347/image/0000068.jpg,SUNRGBD/kv2/align_kv2/2014-12-18_13-57-08_260595134347/depth_bfx/0000068.png,rule,"{""concept"": ""cabinetdoor"", ""reason"": ""category_or_scene_type_plausible""}"
test_001100,kv2/kinect2data/003131_2014-05-12_10-49-17_094959634447_rgbf000101-resize,scene:kv2/kinect2data/003131_2014-05-12_10-49-17_094959634447_rgbf000101-resize,kv2,classroom,test,existence,negative,3,Can you spot a outlet in the picture?,,no,yes_no,yes|no,SUNRGBD/kv2/kinect2data/003131_2014-05-12_10-49-17_094959634447_rgbf000101-resize/image/0000101.jpg,SUNRGBD/kv2/kinect2data/003131_2014-05-12_10-49-17_094959634447_rgbf000101-resize/depth_bfx/0000101.png,rule,"{""concept"": ""outlet"", ""reason"": ""category_or_scene_type_plausible""}"
test_013078,kv2/kinect2data/003501_2014-05-21_16-35-51_094959634447_rgbf000100-resize,scene:kv2/kinect2data/003501_2014-05-21_16-35-51_094959634447_rgbf000100-resize,kv2,office,test,existence,positive,3,Can you spot a keyboard in the picture?,,yes,yes_no,yes|no,SUNRGBD/kv2/kinect2data/003501_2014-05-21_16-35-51_094959634447_rgbf000100-resize/image/0000100.jpg,SUNRGBD/kv2/kinect2data/003501_2014-05-21_16-35-51_094959634447_rgbf000100-resize/depth_bfx/0000100.png,rule,"{""concept"": ""keyboard"", ""object_index"": 3, ""area_frac"": 0.009879813905401913}"
test_009711,kv2/kinect2data/003094_2014-06-24_21-02-37_094959634447_rgbf000070-resize,scene:kv2/kinect2data/003094_2014-06-24_21-02-37_094959634447_rgbf000070-resize,kv2,bedroom,test,existence,negative,4,Is a cabinet door present in this scene?,,no,yes_no,yes|no,SUNRGBD/kv2/kinect2data/003094_2014-06-24_21-02-37_094959634447_rgbf000070-resize/image/0000070.jpg,SUNRGBD/kv2/kinect2data/003094_2014-06-24_21-02-37_094959634447_rgbf000070-resize/depth_bfx/0000070.png,rule,"{""concept"": ""cabinetdoor"", ""reason"": ""category_or_scene_type_plausible""}"
test_007693,kv2/kinect2data/001840_2014-06-22_13-18-13_260595134347_rgbf000071-resize,scene:kv2/kinect2data/001840_2014-06-22_13-18-13_260595134347_rgbf000071-resize,kv2,furniture_store,test,existence,positive,5,Is there any sofa visible in the image?,,yes,yes_no,yes|no,SUNRGBD/kv2/kinect2data/001840_2014-06-22_13-18-13_260595134347_rgbf000071-resize/image/0000071.jpg,SUNRGBD/kv2/kinect2data/001840_2014-06-22_13-18-13_260595134347_rgbf000071-resize/depth_bfx/0000071.png,rule,"{""concept"": ""sofa"", ""object_index"": 4, ""area_frac"": 0.05892816920525678}"
test_000477,kv2/kinect2data/002821_2014-06-22_20-12-32_094959634447_rgbf000080-resize,scene:kv2/kinect2data/002821_2014-06-22_20-12-32_094959634447_rgbf000080-resize,kv2,bathroom,test,existence,positive,5,Is there any window visible in the image?,,yes,yes_no,yes|no,SUNRGBD/kv2/kinect2data/002821_2014-06-22_20-12-32_094959634447_rgbf000080-resize/image/0000080.jpg,SUNRGBD/kv2/kinect2data/002821_2014-06-22_20-12-32_094959634447_rgbf000080-resize/depth_bfx/0000080.png,rule,"{""concept"": ""window"", ""object_index"": 3, ""area_frac"": 0.02836004135435513}"
test_000037,kv2/kinect2data/003540_2014-05-22_15-36-23_094959634447_rgbf000100-resize,scene:kv2/kinect2data/003540_2014-05-22_15-36-23_094959634447_rgbf000100-resize,kv2,classroom,test,existence,positive,3,Can you spot a chair in the picture?,,yes,yes_no,yes|no,SUNRGBD/kv2/kinect2data/003540_2014-05-22_15-36-23_094959634447_rgbf000100-resize/image/0000100.jpg,SUNRGBD/kv2/kinect2data/003540_2014-05-22_15-36-23_094959634447_rgbf000100-resize/depth_bfx/0000100.png,rule,"{""concept"": ""chair"", ""object_index"": 2, ""area_frac"": 0.04445205479452055}"
test_009232,kv2/kinect2data/000520_2014-06-08_13-33-56_260595134347_rgbf000196-resize,scene:kv2/kinect2data/000520_2014-06-08_13-33-56_260595134347_rgbf000196-resize,kv2,corridor,test,existence,positive,3,Can you spot a chair in the picture?,,yes,yes_no,yes|no,SUNRGBD/kv2/kinect2data/000520_2014-06-08_13-33-56_260595134347_rgbf000196-resize/image/0000196.jpg,SUNRGBD/kv2/kinect2data/000520_2014-06-08_13-33-56_260595134347_rgbf000196-resize/depth_bfx/0000196.png,rule,"{""concept"": ""chair"", ""object_index"": 27, ""area_frac"": 0.03819591625743086}"
test_003414,kv2/kinect2data/001670_2014-06-26_19-11-25_260595134347_rgbf000118-resize,scene:kv2/kinect2data/001670_2014-06-26_19-11-25_260595134347_rgbf000118-resize,kv2,furniture_store,test,existence,negative,1,Do you see a notice here?,,no,yes_no,yes|no,SUNRGBD/kv2/kinect2data/001670_2014-06-26_19-11-25_260595134347_rgbf000118-resize/image/0000118.jpg,SUNRGBD/kv2/kinect2data/001670_2014-06-26_19-11-25_260595134347_rgbf000118-resize/depth_bfx/0000118.png,rule,"{""concept"": ""notice"", ""reason"": ""category_or_scene_type_plausible""}"
test_013081,kv2/kinect2data/003387_2014-05-20_15-13-15_094959634447_rgbf002106-resize,scene:kv2/kinect2data/003387_2014-05-20_15-13-15_094959634447_rgbf002106-resize,kv2,classroom,test,existence,negative,5,Is there any doorknob visible in the image?,,no,yes_no,yes|no,SUNRGBD/kv2/kinect2data/003387_2014-05-20_15-13-15_094959634447_rgbf002106-resize/image/0002106.jpg,SUNRGBD/kv2/kinect2data/003387_2014-05-20_15-13-15_094959634447_rgbf002106-resize/depth_bfx/0002106.png,rule,"{""concept"": ""doorknob"", ""reason"": ""category_or_scene_type_plausible""}"
test_000844,kv2/kinect2data/001831_2014-06-26_21-43-23_260595134347_rgbf000119-resize,scene:kv2/kinect2data/001831_2014-06-26_21-43-23_260595134347_rgbf000119-resize,kv2,furniture_store,test,existence,positive,2,Does this room contain a sofa?,,yes,yes_no,yes|no,SUNRGBD/kv2/kinect2data/001831_2014-06-26_21-43-23_260595134347_rgbf000119-resize/image/0000119.jpg,SUNRGBD/kv2/kinect2data/001831_2014-06-26_21-43-23_260595134347_rgbf000119-resize/depth_bfx/0000119.png,rule,"{""concept"": ""sofa"", ""object_index"": 13, ""area_frac"": 0.12683541428250195}"
test_001774,kv2/kinect2data/003144_2014-05-12_11-07-53_094959634447_rgbf002910-resize,scene:kv2/kinect2data/003144_2014-05-12_11-07-53_094959634447_rgbf002910-resize,kv2,classroom,test,existence,negative,1,Do you see a bed here?,,no,yes_no,yes|no,SUNRGBD/kv2/kinect2data/003144_2014-05-12_11-07-53_094959634447_rgbf002910-resize/image/0002910.jpg,SUNRGBD/kv2/kinect2data/003144_2014-05-12_11-07-53_094959634447_rgbf002910-resize/depth_bfx/0002910.png,rule,"{""concept"": ""bed"", ""reason"": ""category_or_scene_type_plausible""}"
test_006421,kv2/kinect2data/000325_2014-06-02_15-22-44_260595134347_rgbf000048-resize,scene:kv2/kinect2data/000325_2014-06-02_15-22-44_260595134347_rgbf000048-resize,kv2,furniture_store,test,existence,negative,3,Can you spot a sink in the picture?,,no,yes_no,yes|no,SUNRGBD/kv2/kinect2data/000325_2014-06-02_15-22-44_260595134347_rgbf000048-resize/image/0000048.jpg,SUNRGBD/kv2/kinect2data/000325_2014-06-02_15-22-44_260595134347_rgbf000048-resize/depth_bfx/0000048.png,rule,"{""concept"": ""sink"", ""reason"": ""category_or_scene_type_plausible""}"
test_006372,kv2/kinect2data/000481_2014-06-09_20-40-39_260595134347_rgbf000199-resize,scene:kv2/kinect2data/000481_2014-06-09_20-40-39_260595134347_rgbf000199-resize,kv2,office_dining,test,existence,positive,0,Is there a table in this room?,,yes,yes_no,yes|no,SUNRGBD/kv2/kinect2data/000481_2014-06-09_20-40-39_260595134347_rgbf000199-resize/image/0000199.jpg,SUNRGBD/kv2/kinect2data/000481_2014-06-09_20-40-39_260595134347_rgbf000199-resize/depth_bfx/0000199.png,rule,"{""concept"": ""table"", ""object_index"": 0, ""area_frac"": 0.0845528560351512}"
test_007074,kv2/kinect2data/003240_2014-05-14_13-57-38_094959634447_rgbf000100-resize,scene:kv2/kinect2data/003240_2014-05-14_13-57-38_094959634447_rgbf000100-resize,kv2,classroom,test,existence,positive,5,Is there any chair visible in the image?,,yes,yes_no,yes|no,SUNRGBD/kv2/kinect2data/003240_2014-05-14_13-57-38_094959634447_rgbf000100-resize/image/0000100.jpg,SUNRGBD/kv2/kinect2data/003240_2014-05-14_13-57-38_094959634447_rgbf000100-resize/depth_bfx/0000100.png,rule,"{""concept"": ""chair"", ""object_index"": 1, ""area_frac"": 0.1853499437866746}"
test_008933,kv2/kinect2data/002878_2014-06-01_15-23-42_094959634447_rgbf000182-resize,scene:kv2/kinect2data/002878_2014-06-01_15-23-42_094959634447_rgbf000182-resize,kv2,library,test,existence,positive,3,Can you spot a heater in the picture?,,yes,yes_no,yes|no,SUNRGBD/kv2/kinect2data/002878_2014-06-01_15-23-42_094959634447_rgbf000182-resize/image/0000182.jpg,SUNRGBD/kv2/kinect2data/002878_2014-06-01_15-23-42_094959634447_rgbf000182-resize/depth_bfx/0000182.png,rule,"{""concept"": ""heater"", ""object_index"": 6, ""area_frac"": 0.009950891703282502}"
test_011998,kv2/kinect2data/000414_2014-06-04_19-49-13_260595134347_rgbf000044-resize,scene:kv2/kinect2data/000414_2014-06-04_19-49-13_260595134347_rgbf000044-resize,kv2,bedroom,test,existence,positive,4,Is a curtain present in this scene?,,yes,yes_no,yes|no,SUNRGBD/kv2/kinect2data/000414_2014-06-04_19-49-13_260595134347_rgbf000044-resize/image/0000044.jpg,SUNRGBD/kv2/kinect2data/000414_2014-06-04_19-49-13_260595134347_rgbf000044-resize/depth_bfx/0000044.png,rule,"{""concept"": ""curtain"", ""object_index"": 3, ""area_frac"": 0.0822899974153528}"
test_012818,kv2/kinect2data/001753_2014-06-26_19-51-38_260595134347_rgbf000049-resize,scene:kv2/kinect2data/001753_2014-06-26_19-51-38_260595134347_rgbf000049-resize,kv2,furniture_store,test,existence,positive,3,Can you spot a ottoman in the picture?,,yes,yes_no,yes|no,SUNRGBD/kv2/kinect2data/001753_2014-06-26_19-51-38_260595134347_rgbf000049-resize/image/0000049.jpg,SUNRGBD/kv2/kinect2data/001753_2014-06-26_19-51-38_260595134347_rgbf000049-resize/depth_bfx/0000049.png,rule,"{""concept"": ""ottoman"", ""object_index"": 1, ""area_frac"": 0.021446110105970535}"
test_006446,kv2/kinect2data/003119_2014-05-12_10-27-16_094959634447_rgbf000100-resize,scene:kv2/kinect2data/003119_2014-05-12_10-27-16_094959634447_rgbf000100-resize,kv2,classroom,test,existence,negative,0,Is there a door in this room?,,no,yes_no,yes|no,SUNRGBD/kv2/kinect2data/003119_2014-05-12_10-27-16_094959634447_rgbf000100-resize/image/0000100.jpg,SUNRGBD/kv2/kinect2data/003119_2014-05-12_10-27-16_094959634447_rgbf000100-resize/depth_bfx/0000100.png,rule,"{""concept"": ""door"", ""reason"": ""category_or_scene_type_plausible""}"
test_005998,kv2/kinect2data/002833_2014-06-22_20-37-01_094959634447_rgbf000096-resize,scene:kv2/kinect2data/002833_2014-06-22_20-37-01_094959634447_rgbf000096-resize,kv2,rest_space,test,existence,negative,2,Does this room contain a flower?,,no,yes_no,yes|no,SUNRGBD/kv2/kinect2data/002833_2014-06-22_20-37-01_094959634447_rgbf000096-resize/image/0000096.jpg,SUNRGBD/kv2/kinect2data/002833_2014-06-22_20-37-01_094959634447_rgbf000096-resize/depth_bfx/0000096.png,rule,"{""concept"": ""flower"", ""reason"": ""category_or_scene_type_plausible""}"
test_003378,kv2/kinect2data/003430_2014-05-21_10-37-14_094959634447_rgbf000100-resize,scene:kv2/kinect2data/003430_2014-05-21_10-37-14_094959634447_rgbf000100-resize,kv2,corridor,test,existence,negative,0,Is there a sink in this room?,,no,yes_no,yes|no,SUNRGBD/kv2/kinect2data/003430_2014-05-21_10-37-14_094959634447_rgbf000100-resize/image/0000100.jpg,SUNRGBD/kv2/kinect2data/003430_2014-05-21_10-37-14_094959634447_rgbf000100-resize/depth_bfx/0000100.png,rule,"{""concept"": ""sink"", ""reason"": ""category_or_scene_type_plausible""}"
test_009774,kv2/kinect2data/003536_2014-05-22_15-07-00_094959634447_rgbf000100-resize,scene:kv2/kinect2data/003536_2014-05-22_15-07-00_094959634447_rgbf000100-resize,kv2,classroom,test,existence,positive,3,Can you spot a table in the picture?,,yes,yes_no,yes|no,SUNRGBD/kv2/kinect2data/003536_2014-05-22_15-07-00_094959634447_rgbf000100-resize/image/0000100.jpg,SUNRGBD/kv2/kinect2data/003536_2014-05-22_15-07-00_094959634447_rgbf000100-resize/depth_bfx/0000100.png,rule,"{""concept"": ""table"", ""object_index"": 12, ""area_frac"": 0.6236777784811932}"
test_006523,kv2/kinect2data/000147_2014-05-20_17-20-18_260595134347_rgbf000056-resize,scene:kv2/kinect2data/000147_2014-05-20_17-20-18_260595134347_rgbf000056-resize,kv2,lobby,test,existence,positive,5,Is there any window visible in the image?,,yes,yes_no,yes|no,SUNRGBD/kv2/kinect2data/000147_2014-05-20_17-20-18_260595134347_rgbf000056-resize/image/0000056.jpg,SUNRGBD/kv2/kinect2data/000147_2014-05-20_17-20-18_260595134347_rgbf000056-resize/depth_bfx/0000056.png,rule,"{""concept"": ""window"", ""object_index"": 8, ""area_frac"": 0.024810028431119152}"
test_003217,kv2/kinect2data/000919_2014-06-09_22-47-08_260595134347_rgbf000081-resize,scene:kv2/kinect2data/000919_2014-06-09_22-47-08_260595134347_rgbf000081-resize,kv2,kitchen,test,existence,negative,3,Can you spot a jar in the picture?,,no,yes_no,yes|no,SUNRGBD/kv2/kinect2data/000919_2014-06-09_22-47-08_260595134347_rgbf000081-resize/image/0000081.jpg,SUNRGBD/kv2/kinect2data/000919_2014-06-09_22-47-08_260595134347_rgbf000081-resize/depth_bfx/0000081.png,rule,"{""concept"": ""jar"", ""reason"": ""category_or_scene_type_plausible""}"
test_004857,kv2/kinect2data/000822_2014-06-04_19-24-07_260595134347_rgbf000110-resize,scene:kv2/kinect2data/000822_2014-06-04_19-24-07_260595134347_rgbf000110-resize,kv2,living_room,test,existence,negative,2,Does this room contain a keyboard?,,no,yes_no,yes|no,SUNRGBD/kv2/kinect2data/000822_2014-06-04_19-24-07_260595134347_rgbf000110-resize/image/0000110.jpg,SUNRGBD/kv2/kinect2data/000822_2014-06-04_19-24-07_260595134347_rgbf000110-resize/depth_bfx/0000110.png,rule,"{""concept"": ""keyboard"", ""reason"": ""category_or_scene_type_plausible""}"
test_010951,kv2/kinect2data/002973_2014-06-08_18-19-30_094959634447_rgbf000151-resize,scene:kv2/kinect2data/002973_2014-06-08_18-19-30_094959634447_rgbf000151-resize,kv2,furniture_store,test,existence,negative,5,Is there any clock visible in the image?,,no,yes_no,yes|no,SUNRGBD/kv2/kinect2data/002973_2014-06-08_18-19-30_094959634447_rgbf000151-resize/image/0000151.jpg,SUNRGBD/kv2/kinect2data/002973_2014-06-08_18-19-30_094959634447_rgbf000151-resize/depth_bfx/0000151.png,rule,"{""concept"": ""clock"", ""reason"": ""category_or_scene_type_plausible""}"
test_006763,kv2/kinect2data/002861_2014-06-03_19-03-10_094959634447_rgbf000132-resize,scene:kv2/kinect2data/002861_2014-06-03_19-03-10_094959634447_rgbf000132-resize,kv2,office,test,existence,positive,1,Do you see a chair here?,,yes,yes_no,yes|no,SUNRGBD/kv2/kinect2data/002861_2014-06-03_19-03-10_094959634447_rgbf000132-resize/image/0000132.jpg,SUNRGBD/kv2/kinect2data/002861_2014-06-03_19-03-10_094959634447_rgbf000132-resize/depth_bfx/0000132.png,rule,"{""concept"": ""chair"", ""object_index"": 4, ""area_frac"": 0.08169682088394935}"
test_007234,kv2/kinect2data/000141_2014-05-20_17-12-29_260595134347_rgbf000050-resize,scene:kv2/kinect2data/000141_2014-05-20_17-12-29_260595134347_rgbf000050-resize,kv2,office,test,existence,positive,5,Is there any chair visible in the image?,,yes,yes_no,yes|no,SUNRGBD/kv2/kinect2data/000141_2014-05-20_17-12-29_260595134347_rgbf000050-resize/image/0000050.jpg,SUNRGBD/kv2/kinect2data/000141_2014-05-20_17-12-29_260595134347_rgbf000050-resize/depth_bfx/0000050.png,rule,"{""concept"": ""chair"", ""object_index"": 2, ""area_frac"": 0.0969591625743086}"
test_002774,kv2/kinect2data/000118_2014-05-16_20-17-38_260595134347_rgbf000190-resize,scene:kv2/kinect2data/000118_2014-05-16_20-17-38_260595134347_rgbf000190-resize,kv2,living_room,test,existence,negative,4,Is a bookshelf present in this scene?,,no,yes_no,yes|no,SUNRGBD/kv2/kinect2data/000118_2014-05-16_20-17-38_260595134347_rgbf000190-resize/image/0000190.jpg,SUNRGBD/kv2/kinect2data/000118_2014-05-16_20-17-38_260595134347_rgbf000190-resize/depth_bfx/0000190.png,rule,"{""concept"": ""bookshelf"", ""reason"": ""category_or_scene_type_plausible""}"
test_001889,kv2/kinect2data/003515_2014-05-21_17-40-56_094959634447_rgbf000100-resize,scene:kv2/kinect2data/003515_2014-05-21_17-40-56_094959634447_rgbf000100-resize,kv2,lab,test,existence,negative,5,Is there any mouse visible in the image?,,no,yes_no,yes|no,SUNRGBD/kv2/kinect2data/003515_2014-05-21_17-40-56_094959634447_rgbf000100-resize/image/0000100.jpg,SUNRGBD/kv2/kinect2data/003515_2014-05-21_17-40-56_094959634447_rgbf000100-resize/depth_bfx/0000100.png,rule,"{""concept"": ""mouse"", ""reason"": ""category_or_scene_type_plausible""}"
test_006965,kv2/kinect2data/003429_2014-05-21_10-36-46_094959634447_rgbf000101-resize,scene:kv2/kinect2data/003429_2014-05-21_10-36-46_094959634447_rgbf000101-resize,kv2,classroom,test,existence,positive,3,Can you spot a table in the picture?,,yes,yes_no,yes|no,SUNRGBD/kv2/kinect2data/003429_2014-05-21_10-36-46_094959634447_rgbf000101-resize/image/0000101.jpg,SUNRGBD/kv2/kinect2data/003429_2014-05-21_10-36-46_094959634447_rgbf000101-resize/depth_bfx/0000101.png,rule,"{""concept"": ""table"", ""object_index"": 6, ""area_frac"": 0.03067588524166451}"
test_009834,kv2/align_kv2/2014-12-18_13-49-54_260595134347,scene:kv2/align_kv2/2014-12-18_13-49-54_260595134347,kv2,office_kitchen,test,existence,negative,1,Do you see a paper towel here?,,no,yes_no,yes|no,SUNRGBD/kv2/align_kv2/2014-12-18_13-49-54_260595134347/image/0000018.jpg,SUNRGBD/kv2/align_kv2/2014-12-18_13-49-54_260595134347/depth_bfx/0000018.png,rule,"{""concept"": ""papertowel"", ""reason"": ""category_or_scene_type_plausible""}"
test_010165,kv2/kinect2data/003152_2014-05-12_11-27-50_094959634447_rgbf000101-resize,scene:kv2/kinect2data/003152_2014-05-12_11-27-50_094959634447_rgbf000101-resize,kv2,classroom,test,existence,negative,1,Do you see a box here?,,no,yes_no,yes|no,SUNRGBD/kv2/kinect2data/003152_2014-05-12_11-27-50_094959634447_rgbf000101-resize/image/0000101.jpg,SUNRGBD/kv2/kinect2data/003152_2014-05-12_11-27-50_094959634447_rgbf000101-resize/depth_bfx/0000101.png,rule,"{""concept"": ""box"", ""reason"": ""category_or_scene_type_plausible""}"
test_008355,kv2/kinect2data/000465_2014-06-08_23-26-05_260595134347_rgbf000021-resize,scene:kv2/kinect2data/000465_2014-06-08_23-26-05_260595134347_rgbf000021-resize,kv2,idk,test,existence,negative,4,Is a book present in this scene?,,no,yes_no,yes|no,SUNRGBD/kv2/kinect2data/000465_2014-06-08_23-26-05_260595134347_rgbf000021-resize/image/0000021.jpg,SUNRGBD/kv2/kinect2data/000465_2014-06-08_23-26-05_260595134347_rgbf000021-resize/depth_bfx/0000021.png,rule,"{""concept"": ""book"", ""reason"": ""category_or_scene_type_plausible""}"
test_012294,xtion/sun3ddata/mit_36_ti_lab/tian_lab_1/0001304-000043691124,sun3d:mit_36_ti_lab/tian_lab_1,xtion,lab,test,existence,positive,0,Is there a shelf in this room?,,yes,yes_no,yes|no,SUNRGBD/xtion/sun3ddata/mit_36_ti_lab/tian_lab_1/0001304-000043691124/image/0001304-000043691124.jpg,SUNRGBD/xtion/sun3ddata/mit_36_ti_lab/tian_lab_1/0001304-000043691124/depth_bfx/0001310-000043680349.png,rule,"{""concept"": ""shelf"", ""object_index"": 1, ""area_frac"": 0.3768143467200755}"
test_012549,xtion/sun3ddata/mit_w85h/h4_1/0006351-000212877099,sun3d:mit_w85h/h4_1,xtion,home_office,test,existence,positive,0,Is there a printer in this room?,,yes,yes_no,yes|no,SUNRGBD/xtion/sun3ddata/mit_w85h/h4_1/0006351-000212877099/image/0006351-000212877099.jpg,SUNRGBD/xtion/sun3ddata/mit_w85h/h4_1/0006351-000212877099/depth_bfx/0006380-000212862446.png,rule,"{""concept"": ""printer"", ""object_index"": 0, ""area_frac"": 0.1941288641796256}"
test_001092,xtion/sun3ddata/mit_w85g/g_0/0001887-000063211176,sun3d:mit_w85g/g_0,xtion,kitchen,test,existence,positive,5,Is there any chair visible in the image?,,yes,yes_no,yes|no,SUNRGBD/xtion/sun3ddata/mit_w85g/g_0/0001887-000063211176/image/0001887-000063211176.jpg,SUNRGBD/xtion/sun3ddata/mit_w85g/g_0/0001887-000063211176/depth_bfx/0001895-000063203732.png,rule,"{""concept"": ""chair"", ""object_index"": 27, ""area_frac"": 0.0913763136388227}"
test_003258,xtion/sun3ddata/mit_46_5conf_1/bcs_floor5_conf_1/0003776-000126757512,sun3d:mit_46_5conf_1/bcs_floor5_conf_1,xtion,conference_room,test,existence,negative,5,Is there any vent visible in the image?,,no,yes_no,yes|no,SUNRGBD/xtion/sun3ddata/mit_46_5conf_1/bcs_floor5_conf_1/0003776-000126757512/image/0003776-000126757512.jpg,SUNRGBD/xtion/sun3ddata/mit_46_5conf_1/bcs_floor5_conf_1/0003776-000126757512/depth_bfx/0003793-000126762141.png,rule,"{""concept"": ""vent"", ""reason"": ""category_or_scene_type_plausible""}"
test_011882,xtion/xtion_align_data/2014_12_18_13_56_35,scene:xtion/xtion_align_data/2014_12_18_13_56_35,xtion,dining_area,test,existence,positive,1,Do you see a door here?,,yes,yes_no,yes|no,SUNRGBD/xtion/xtion_align_data/2014_12_18_13_56_35/image/0000188.jpg,SUNRGBD/xtion/xtion_align_data/2014_12_18_13_56_35/depth_bfx/0000188.png,rule,"{""concept"": ""door"", ""object_index"": 7, ""area_frac"": 0.020538615897571662}"
test_009811,xtion/sun3ddata/mit_w85_10/10_1/0000217-000007239456,sun3d:mit_w85_10/10_1,xtion,living_room,test,existence,negative,4,Is a drain present in this scene?,,no,yes_no,yes|no,SUNRGBD/xtion/sun3ddata/mit_w85_10/10_1/0000217-000007239456/image/0000217-000007239456.jpg,SUNRGBD/xtion/sun3ddata/mit_w85_10/10_1/0000217-000007239456/depth_bfx/0000217-000007251455.png,rule,"{""concept"": ""drain"", ""reason"": ""category_or_scene_type_plausible""}"
test_007403,xtion/sun3ddata/mit_dorm_masseeh_xc/dorm_masseeh_xc_oct_29_2012_scan1_erika/0001716-000075276984,sun3d:mit_dorm_masseeh_xc/dorm_masseeh_xc_oct_29_2012_scan1_erika,xtion,bedroom,test,existence,positive,5,Is there any book visible in the image?,,yes,yes_no,yes|no,SUNRGBD/xtion/sun3ddata/mit_dorm_masseeh_xc/dorm_masseeh_xc_oct_29_2012_scan1_erika/0001716-000075276984/image/0001716-000075276984.jpg,SUNRGBD/xtion/sun3ddata/mit_dorm_masseeh_xc/dorm_masseeh_xc_oct_29_2012_scan1_erika/0001716-000075276984/depth_bfx/0001713-000075281028.png,rule,"{""concept"": ""book"", ""object_index"": 2, ""area_frac"": 0.023920792231162065}"
test_010509,xtion/sun3ddata/mit_w85j/j1/0000161-000005362560,sun3d:mit_w85j/j1,xtion,bedroom,test,existence,positive,0,Is there a pillow in this room?,,yes,yes_no,yes|no,SUNRGBD/xtion/sun3ddata/mit_w85j/j1/0000161-000005362560/image/0000161-000005362560.jpg,SUNRGBD/xtion/sun3ddata/mit_w85j/j1/0000161-000005362560/depth_bfx/0000161-000005359029.png,rule,"{""concept"": ""pillow"", ""object_index"": 2, ""area_frac"": 0.030192110685221634}"
test_011028,xtion/sun3ddata/mit_w85_basement_bathroom/wg_bathroom_1/0000372-000012434436,sun3d:mit_w85_basement_bathroom/wg_bathroom_1,xtion,bathroom,test,existence,positive,1,Do you see a box here?,,yes,yes_no,yes|no,SUNRGBD/xtion/sun3ddata/mit_w85_basement_bathroom/wg_bathroom_1/0000372-000012434436/image/0000372-000012434436.jpg,SUNRGBD/xtion/sun3ddata/mit_w85_basement_bathroom/wg_bathroom_1/0000372-000012434436/depth_bfx/0000373-000012434689.png,rule,"{""concept"": ""box"", ""object_index"": 3, ""area_frac"": 0.043935679178608834}"
test_005857,xtion/sun3ddata/mit_32_lounge_d429/d4_lounge_1/0000975-000032644584,sun3d:mit_32_lounge_d429/d4_lounge_1,xtion,discussion_area,test,existence,negative,2,Does this room contain a window?,,no,yes_no,yes|no,SUNRGBD/xtion/sun3ddata/mit_32_lounge_d429/d4_lounge_1/0000975-000032644584/image/0000975-000032644584.jpg,SUNRGBD/xtion/sun3ddata/mit_32_lounge_d429/d4_lounge_1/0000975-000032644584/depth_bfx/0000978-000032645415.png,rule,"{""concept"": ""window"", ""reason"": ""category_or_scene_type_plausible""}"
test_006502,xtion/sun3ddata/mit_dorm_mcc_wph/dorm_mcc_wph_oct_31_2012_scan1_erika/0007393-000329836478,sun3d:mit_dorm_mcc_wph/dorm_mcc_wph_oct_31_2012_scan1_erika,xtion,rest_space,test,existence,positive,5,Is there any chair visible in the image?,,yes,yes_no,yes|no,SUNRGBD/xtion/sun3ddata/mit_dorm_mcc_wph/dorm_mcc_wph_oct_31_2012_scan1_erika/0007393-000329836478/image/0007393-000329836478.jpg,SUNRGBD/xtion/sun3ddata/mit_dorm_mcc_wph/dorm_mcc_wph_oct_31_2012_scan1_erika/0007393-000329836478/depth_bfx/0007396-000329821667.png,rule,"{""concept"": ""chair"", ""object_index"": 7, ""area_frac"": 0.007669847408788671}"
test_005133,xtion/sun3ddata/mit_lab_16/lab_16_nov_2_2012_scan1_erika/0007957-000341326944,sun3d:mit_lab_16/lab_16_nov_2_2012_scan1_erika,xtion,lab,test,existence,negative,4,Is a bed frame present in this scene?,,no,yes_no,yes|no,SUNRGBD/xtion/sun3ddata/mit_lab_16/lab_16_nov_2_2012_scan1_erika/0007957-000341326944/image/0007957-000341326944.jpg,SUNRGBD/xtion/sun3ddata/mit_lab_16/lab_16_nov_2_2012_scan1_erika/0007957-000341326944/depth_bfx/0007965-000341318488.png,rule,"{""concept"": ""bedframe"", ""reason"": ""category_or_scene_type_plausible""}"
test_009533,xtion/sun3ddata/mit_w85j/j1/0001422-000047626236,sun3d:mit_w85j/j1,xtion,bedroom,test,existence,positive,4,Is a shelf present in this scene?,,yes,yes_no,yes|no,SUNRGBD/xtion/sun3ddata/mit_w85j/j1/0001422-000047626236/image/0001422-000047626236.jpg,SUNRGBD/xtion/sun3ddata/mit_w85j/j1/0001422-000047626236/depth_bfx/0001428-000047637869.png,rule,"{""concept"": ""shelf"", ""object_index"": 9, ""area_frac"": 0.046483342349912325}"
test_008109,xtion/sun3ddata/mit_dorm_next_536/dorm_next_536_oct_29_2012_scan1_erika/0002449-000109664956,sun3d:mit_dorm_next_536/dorm_next_536_oct_29_2012_scan1_erika,xtion,bedroom,test,existence,positive,4,Is a box present in this scene?,,yes,yes_no,yes|no,SUNRGBD/xtion/sun3ddata/mit_dorm_next_536/dorm_next_536_oct_29_2012_scan1_erika/0002449-000109664956/image/0002449-000109664956.jpg,SUNRGBD/xtion/sun3ddata/mit_dorm_next_536/dorm_next_536_oct_29_2012_scan1_erika/0002449-000109664956/depth_bfx/0002442-000109651355.png,rule,"{""concept"": ""box"", ""object_index"": 9, ""area_frac"": 0.05482463713065598}"
test_001687,xtion/sun3ddata/mit_32_g882/g882_1/0001883-000063375895,sun3d:mit_32_g882/g882_1,xtion,rest_space,test,existence,positive,4,Is a table present in this scene?,,yes,yes_no,yes|no,SUNRGBD/xtion/sun3ddata/mit_32_g882/g882_1/0001883-000063375895/image/0001883-000063375895.jpg,SUNRGBD/xtion/sun3ddata/mit_32_g882/g882_1/0001883-000063375895/depth_bfx/0001891-000063368205.png,rule,"{""concept"": ""table"", ""object_index"": 5, ""area_frac"": 0.0484919292025891}"
test_000219,xtion/sun3ddata/mit_w85k2/k1/0006806-000228123543,sun3d:mit_w85k2/k1,xtion,dining_room,test,existence,positive,0,Is there a chair in this room?,,yes,yes_no,yes|no,SUNRGBD/xtion/sun3ddata/mit_w85k2/k1/0006806-000228123543/image/0006806-000228123543.jpg,SUNRGBD/xtion/sun3ddata/mit_w85k2/k1/0006806-000228123543/depth_bfx/0006837-000228112193.png,rule,"{""concept"": ""chair"", ""object_index"": 13, ""area_frac"": 0.031093070977044873}"
test_005163,xtion/sun3ddata/mit_lab_hj/lab_hj_hall5_nov_2_2012_scan1_erika/0003721-000149414328,sun3d:mit_lab_hj/lab_hj_hall5_nov_2_2012_scan1_erika,xtion,corridor,test,existence,negative,3,Can you spot a shower curtain in the picture?,,no,yes_no,yes|no,SUNRGBD/xtion/sun3ddata/mit_lab_hj/lab_hj_hall5_nov_2_2012_scan1_erika/0003721-000149414328/image/0003721-000149414328.jpg,SUNRGBD/xtion/sun3ddata/mit_lab_hj/lab_hj_hall5_nov_2_2012_scan1_erika/0003721-000149414328/depth_bfx/0003706-000149427642.png,rule,"{""concept"": ""showercurtain"", ""reason"": ""category_or_scene_type_plausible""}"
test_006747,xtion/sun3ddata/mit_32_g725/g725_1/0002870-000096193519,sun3d:mit_32_g725/g725_1,xtion,conference_room,test,existence,positive,0,Is there a chair in this room?,,yes,yes_no,yes|no,SUNRGBD/xtion/sun3ddata/mit_32_g725/g725_1/0002870-000096193519/image/0002870-000096193519.jpg,SUNRGBD/xtion/sun3ddata/mit_32_g725/g725_1/0002870-000096193519/depth_bfx/0002884-000096203548.png,rule,"{""concept"": ""chair"", ""object_index"": 11, ""area_frac"": 0.005079978974105152}"
test_011205,xtion/sun3ddata/mit_46_6conf/bcs_floor6_conf_1/0000778-000026343576,sun3d:mit_46_6conf/bcs_floor6_conf_1,xtion,conference_room,test,existence,negative,0,Is there a coffee table in this room?,,no,yes_no,yes|no,SUNRGBD/xtion/sun3ddata/mit_46_6conf/bcs_floor6_conf_1/0000778-000026343576/image/0000778-000026343576.jpg,SUNRGBD/xtion/sun3ddata/mit_46_6conf/bcs_floor6_conf_1/0000778-000026343576/depth_bfx/0000781-000026348018.png,rule,"{""concept"": ""coffeetable"", ""reason"": ""category_or_scene_type_plausible""}"
test_000755,xtion/sun3ddata/mit_w85h/h4_1/0000359-000012015711,sun3d:mit_w85h/h4_1,xtion,dining_room,test,existence,positive,1,Do you see a shelf here?,,yes,yes_no,yes|no,SUNRGBD/xtion/sun3ddata/mit_w85h/h4_1/0000359-000012015711/image/0000359-000012015711.jpg,SUNRGBD/xtion/sun3ddata/mit_w85h/h4_1/0000359-000012015711/depth_bfx/0000361-000012012930.png,rule,"{""concept"": ""shelf"", ""object_index"": 8, ""area_frac"": 0.470820815635899}"
test_004295,xtion/sun3ddata/mit_76_417/76-417a/0009005-000301845096,sun3d:mit_76_417/76-417a,xtion,lab,test,existence,negative,3,Can you spot a light switch in the picture?,,no,yes_no,yes|no,SUNRGBD/xtion/sun3ddata/mit_76_417/76-417a/0009005-000301845096/image/0009005-000301845096.jpg,SUNRGBD/xtion/sun3ddata/mit_76_417/76-417a/0009005-000301845096/depth_bfx/0009046-000301835109.png,rule,"{""concept"": ""lightswitch"", ""reason"": ""category_or_scene_type_plausible""}"
test_005622,xtion/sun3ddata/mit_w85k1/scan_1/0010138-000339996659,sun3d:mit_w85k1/scan_1,xtion,kitchen,test,existence,negative,5,Is there any stool visible in the image?,,no,yes_no,yes|no,SUNRGBD/xtion/sun3ddata/mit_w85k1/scan_1/0010138-000339996659/image/0010138-000339996659.jpg,SUNRGBD/xtion/sun3ddata/mit_w85k1/scan_1/0010138-000339996659/depth_bfx/0010183-000339999288.png,rule,"{""concept"": ""stool"", ""reason"": ""category_or_scene_type_plausible""}"
test_006704,xtion/sun3ddata/mit_32_lounge_d4_bill/d4_lounge_vision_1/0007429-000249124428,sun3d:mit_32_lounge_d4_bill/d4_lounge_vision_1,xtion,idk,test,existence,negative,3,Can you spot a pen in the picture?,,no,yes_no,yes|no,SUNRGBD/xtion/sun3ddata/mit_32_lounge_d4_bill/d4_lounge_vision_1/0007429-000249124428/image/0007429-000249124428.jpg,SUNRGBD/xtion/sun3ddata/mit_32_lounge_d4_bill/d4_lounge_vision_1/0007429-000249124428/depth_bfx/0007460-000249120323.png,rule,"{""concept"": ""pen"", ""reason"": ""category_or_scene_type_plausible""}"
test_013894,xtion/sun3ddata/mit_ne47_2biolab/ne47_floor2/0005096-000170828600,sun3d:mit_ne47_2biolab/ne47_floor2,xtion,lab,test,existence,negative,0,Is there a window in this room?,,no,yes_no,yes|no,SUNRGBD/xtion/sun3ddata/mit_ne47_2biolab/ne47_floor2/0005096-000170828600/image/0005096-000170828600.jpg,SUNRGBD/xtion/sun3ddata/mit_ne47_2biolab/ne47_floor2/0005096-000170828600/depth_bfx/0005120-000170817191.png,rule,"{""concept"": ""window"", ""reason"": ""category_or_scene_type_plausible""}"
test_013773,xtion/sun3ddata/mit_76_459/76-459a/0000003-000000067032,sun3d:mit_76_459/76-459a,xtion,conference_room,test,existence,negative,2,Does this room contain a chalkboard?,,no,yes_no,yes|no,SUNRGBD/xtion/sun3ddata/mit_76_459/76-459a/0000003-000000067032/image/0000003-000000067032.jpg,SUNRGBD/xtion/sun3ddata/mit_76_459/76-459a/0000003-000000067032/depth_bfx/0000003-000000077907.png,rule,"{""concept"": ""chalkboard"", ""reason"": ""category_or_scene_type_plausible""}"
test_004329,xtion/sun3ddata/home_puigpunyen/home_puigpunyent_scan4_2012_dec_23/0015915-000533585890,sun3d:home_puigpunyen/home_puigpunyent_scan4_2012_dec_23,xtion,dining_room,test,existence,negative,4,Is a rack present in this scene?,,no,yes_no,yes|no,SUNRGBD/xtion/sun3ddata/home_puigpunyen/home_puigpunyent_scan4_2012_dec_23/0015915-000533585890/image/0015915-000533585890.jpg,SUNRGBD/xtion/sun3ddata/home_puigpunyen/home_puigpunyent_scan4_2012_dec_23/0015915-000533585890/depth_bfx/0015987-000533574308.png,rule,"{""concept"": ""rack"", ""reason"": ""category_or_scene_type_plausible""}"
test_014009,xtion/xtion_align_data/2014_12_18_12_23_52,scene:xtion/xtion_align_data/2014_12_18_12_23_52,xtion,office,test,existence,negative,5,Is there any tissue box visible in the image?,,no,yes_no,yes|no,SUNRGBD/xtion/xtion_align_data/2014_12_18_12_23_52/image/0000066.jpg,SUNRGBD/xtion/xtion_align_data/2014_12_18_12_23_52/depth_bfx/0000066.png,rule,"{""concept"": ""tissuebox"", ""reason"": ""category_or_scene_type_plausible""}"
test_006532,xtion/xtion_align_data/2014_12_18_11_41_0,scene:xtion/xtion_align_data/2014_12_18_11_41_0,xtion,rest_space,test,existence,positive,0,Is there a table in this room?,,yes,yes_no,yes|no,SUNRGBD/xtion/xtion_align_data/2014_12_18_11_41_0/image/0000121.jpg,SUNRGBD/xtion/xtion_align_data/2014_12_18_11_41_0/depth_bfx/0000121.png,rule,"{""concept"": ""table"", ""object_index"": 6, ""area_frac"": 0.020346872303946963}"
test_009620,xtion/sun3ddata/mit_w85k1/scan_1/0009127-000305877371,sun3d:mit_w85k1/scan_1,xtion,living_room,test,existence,negative,2,Does this room contain a faucet?,,no,yes_no,yes|no,SUNRGBD/xtion/sun3ddata/mit_w85k1/scan_1/0009127-000305877371/image/0009127-000305877371.jpg,SUNRGBD/xtion/sun3ddata/mit_w85k1/scan_1/0009127-000305877371/depth_bfx/0009167-000305862545.png,rule,"{""concept"": ""faucet"", ""reason"": ""category_or_scene_type_plausible""}"
test_000571,xtion/sun3ddata/mit_lab_16/lab_16_nov_2_2012_scan1_erika/0006420-000274630104,sun3d:mit_lab_16/lab_16_nov_2_2012_scan1_erika,xtion,lab,test,existence,positive,2,Does this room contain a cabinet?,,yes,yes_no,yes|no,SUNRGBD/xtion/sun3ddata/mit_lab_16/lab_16_nov_2_2012_scan1_erika/0006420-000274630104/image/0006420-000274630104.jpg,SUNRGBD/xtion/sun3ddata/mit_lab_16/lab_16_nov_2_2012_scan1_erika/0006420-000274630104/depth_bfx/0006424-000274613357.png,rule,"{""concept"": ""cabinet"", ""object_index"": 8, ""area_frac"": 0.03375270017764579}"
test_010079,xtion/sun3ddata/mit_dorm_masseeh_md/dorm_masseeh_md_scan1_oct_26_2012_erika/0002114-000096829870,sun3d:mit_dorm_masseeh_md/dorm_masseeh_md_scan1_oct_26_2012_erika,xtion,bedroom,test,existence,positive,4,Is a bed present in this scene?,,yes,yes_no,yes|no,SUNRGBD/xtion/sun3ddata/mit_dorm_masseeh_md/dorm_masseeh_md_scan1_oct_26_2012_erika/0002114-000096829870/image/0002114-000096829870.jpg,SUNRGBD/xtion/sun3ddata/mit_dorm_masseeh_md/dorm_masseeh_md_scan1_oct_26_2012_erika/0002114-000096829870/depth_bfx/0002112-000096837563.png,rule,"{""concept"": ""bed"", ""object_index"": 2, ""area_frac"": 0.20851126688690141}"
test_010533,xtion/sun3ddata/mit_dorm_mcc_eflr6/dorm_mcc_eflr6_oct_31_2012_scan1_erika/0000615-000026991615,sun3d:mit_dorm_mcc_eflr6/dorm_mcc_eflr6_oct_31_2012_scan1_erika,xtion,kitchen,test,existence,negative,1,Do you see a paper here?,,no,yes_no,yes|no,SUNRGBD/xtion/sun3ddata/mit_dorm_mcc_eflr6/dorm_mcc_eflr6_oct_31_2012_scan1_erika/0000615-000026991615/image/0000615-000026991615.jpg,SUNRGBD/xtion/sun3ddata/mit_dorm_mcc_eflr6/dorm_mcc_eflr6_oct_31_2012_scan1_erika/0000615-000026991615/depth_bfx/0000613-000026995724.png,rule,"{""concept"": ""paper"", ""reason"": ""category_or_scene_type_plausible""}"
test_000970,xtion/sun3ddata/mit_ne47_2biolab/ne47_floor2/0026029-000872687156,sun3d:mit_ne47_2biolab/ne47_floor2,xtion,lab,test,existence,negative,0,Is there a sofa in this room?,,no,yes_no,yes|no,SUNRGBD/xtion/sun3ddata/mit_ne47_2biolab/ne47_floor2/0026029-000872687156/image/0026029-000872687156.jpg,SUNRGBD/xtion/sun3ddata/mit_ne47_2biolab/ne47_floor2/0026029-000872687156/depth_bfx/0026149-000872672626.png,rule,"{""concept"": ""sofa"", ""reason"": ""category_or_scene_type_plausible""}"
test_002193,xtion/xtion_align_data/2014_12_18_11_48_9,scene:xtion/xtion_align_data/2014_12_18_11_48_9,xtion,office,test,existence,negative,0,Is there a basket in this room?,,no,yes_no,yes|no,SUNRGBD/xtion/xtion_align_data/2014_12_18_11_48_9/image/0000041.jpg,SUNRGBD/xtion/xtion_align_data/2014_12_18_11_48_9/depth_bfx/0000041.png,rule,"{""concept"": ""basket"", ""reason"": ""category_or_scene_type_plausible""}"
test_003280,xtion/xtion_align_data/2014_12_18_11_48_33,scene:xtion/xtion_align_data/2014_12_18_11_48_33,xtion,rest_space,test,existence,negative,2,Does this room contain a backpack?,,no,yes_no,yes|no,SUNRGBD/xtion/xtion_align_data/2014_12_18_11_48_33/image/0000078.jpg,SUNRGBD/xtion/xtion_align_data/2014_12_18_11_48_33/depth_bfx/0000078.png,rule,"{""concept"": ""backpack"", ""reason"": ""category_or_scene_type_plausible""}"
test_011463,xtion/sun3ddata/mit_3_huge_office/cl_1/0006433-000215574912,sun3d:mit_3_huge_office/cl_1,xtion,office,test,existence,negative,2,Does this room contain a file?,,no,yes_no,yes|no,SUNRGBD/xtion/sun3ddata/mit_3_huge_office/cl_1/0006433-000215574912/image/0006433-000215574912.jpg,SUNRGBD/xtion/sun3ddata/mit_3_huge_office/cl_1/0006433-000215574912/depth_bfx/0006461-000215585419.png,rule,"{""concept"": ""file"", ""reason"": ""category_or_scene_type_plausible""}"
test_003775,xtion/sun3ddata/mit_lab_16/lab_16_nov_2_2012_scan1_erika/0017593-000751763880,sun3d:mit_lab_16/lab_16_nov_2_2012_scan1_erika,xtion,lab,test,existence,positive,0,Is there a light in this room?,,yes,yes_no,yes|no,SUNRGBD/xtion/sun3ddata/mit_lab_16/lab_16_nov_2_2012_scan1_erika/0017593-000751763880/image/0017593-000751763880.jpg,SUNRGBD/xtion/sun3ddata/mit_lab_16/lab_16_nov_2_2012_scan1_erika/0017593-000751763880/depth_bfx/0017599-000751760263.png,rule,"{""concept"": ""light"", ""object_index"": 0, ""area_frac"": 0.030207458053723463}"
test_003531,xtion/sun3ddata/mit_5_234/classroom_5234_nov_6_2012_scan1_erika/0000568-000025732599,sun3d:mit_5_234/classroom_5234_nov_6_2012_scan1_erika,xtion,classroom,test,existence,positive,1,Do you see a door here?,,yes,yes_no,yes|no,SUNRGBD/xtion/sun3ddata/mit_5_234/classroom_5234_nov_6_2012_scan1_erika/0000568-000025732599/image/0000568-000025732599.jpg,SUNRGBD/xtion/sun3ddata/mit_5_234/classroom_5234_nov_6_2012_scan1_erika/0000568-000025732599/depth_bfx/0000568-000025727692.png,rule,"{""concept"": ""door"", ""object_index"": 1, ""area_frac"": 0.04406037654768619}"
test_009653,xtion/sun3ddata/mit_lab_hj/lab_hj_work_nov_2_2012_scan1_erika/0001093-000047994912,sun3d:mit_lab_hj/lab_hj_work_nov_2_2012_scan1_erika,xtion,office,test,existence,positive,2,Does this room contain a light?,,yes,yes_no,yes|no,SUNRGBD/xtion/sun3ddata/mit_lab_hj/lab_hj_work_nov_2_2012_scan1_erika/0001093-000047994912/image/0001093-000047994912.jpg,SUNRGBD/xtion/sun3ddata/mit_lab_hj/lab_hj_work_nov_2_2012_scan1_erika/0001093-000047994912/depth_bfx/0001099-000047988660.png,rule,"{""concept"": ""light"", ""object_index"": 2, ""area_frac"": 0.016889779036261994}"
test_004509,xtion/sun3ddata/mit_46_6conf/bcs_floor6_conf_1/0002770-000093140964,sun3d:mit_46_6conf/bcs_floor6_conf_1,xtion,office_kitchen,test,existence,negative,0,Is there a cupboard in this room?,,no,yes_no,yes|no,SUNRGBD/xtion/sun3ddata/mit_46_6conf/bcs_floor6_conf_1/0002770-000093140964/image/0002770-000093140964.jpg,SUNRGBD/xtion/sun3ddata/mit_46_6conf/bcs_floor6_conf_1/0002770-000093140964/depth_bfx/0002783-000093153256.png,rule,"{""concept"": ""cupboard"", ""reason"": ""category_or_scene_type_plausible""}"
test_006445,xtion/sun3ddata/mit_w85k1/scan_1/0005778-000193632287,sun3d:mit_w85k1/scan_1,xtion,bathroom,test,existence,positive,0,Is there a sink in this room?,,yes,yes_no,yes|no,SUNRGBD/xtion/sun3ddata/mit_w85k1/scan_1/0005778-000193632287/image/0005778-000193632287.jpg,SUNRGBD/xtion/sun3ddata/mit_w85k1/scan_1/0005778-000193632287/depth_bfx/0005804-000193641757.png,rule,"{""concept"": ""sink"", ""object_index"": 8, ""area_frac"": 0.13731674282798287}"
test_009546,xtion/sun3ddata/mit_ne47_huge_office/ne47_floor2_office_2/0002351-000078775724,sun3d:mit_ne47_huge_office/ne47_floor2_office_2,xtion,office,test,existence,negative,4,Is a doorknob present in this scene?,,no,yes_no,yes|no,SUNRGBD/xtion/sun3ddata/mit_ne47_huge_office/ne47_floor2_office_2/0002351-000078775724/image/0002351-000078775724.jpg,SUNRGBD/xtion/sun3ddata/mit_ne47_huge_office/ne47_floor2_office_2/0002351-000078775724/depth_bfx/0002362-000078784800.png,rule,"{""concept"": ""doorknob"", ""reason"": ""category_or_scene_type_plausible""}"
test_007148,xtion/xtion_align_data/2014_12_18_12_0_59,scene:xtion/xtion_align_data/2014_12_18_12_0_59,xtion,office_dining,test,existence,positive,5,Is there any chair visible in the image?,,yes,yes_no,yes|no,SUNRGBD/xtion/xtion_align_data/2014_12_18_12_0_59/image/0000221.jpg,SUNRGBD/xtion/xtion_align_data/2014_12_18_12_0_59/depth_bfx/0000221.png,rule,"{""concept"": ""chair"", ""object_index"": 6, ""area_frac"": 0.032999413852262606}"
test_011969,xtion/sun3ddata/mit_dorm_mcc_wflr7/dorm_mcc_wflr7_oct_31_2012_scan1_erika/0001023-000043982976,sun3d:mit_dorm_mcc_wflr7/dorm_mcc_wflr7_oct_31_2012_scan1_erika,xtion,kitchen,test,existence,negative,2,Does this room contain a tray?,,no,yes_no,yes|no,SUNRGBD/xtion/sun3ddata/mit_dorm_mcc_wflr7/dorm_mcc_wflr7_oct_31_2012_scan1_erika/0001023-000043982976/image/0001023-000043982976.jpg,SUNRGBD/xtion/sun3ddata/mit_dorm_mcc_wflr7/dorm_mcc_wflr7_oct_31_2012_scan1_erika/0001023-000043982976/depth_bfx/0001021-000043980672.png,rule,"{""concept"": ""tray"", ""reason"": ""category_or_scene_type_plausible""}"
test_001050,xtion/sun3ddata/mit_lab_16/lab_16_nov_2_2012_scan1_erika/0021618-000924170184,sun3d:mit_lab_16/lab_16_nov_2_2012_scan1_erika,xtion,lab,test,existence,negative,0,Is there a ottoman in this room?,,no,yes_no,yes|no,SUNRGBD/xtion/sun3ddata/mit_lab_16/lab_16_nov_2_2012_scan1_erika/0021618-000924170184/image/0021618-000924170184.jpg,SUNRGBD/xtion/sun3ddata/mit_lab_16/lab_16_nov_2_2012_scan1_erika/0021618-000924170184/depth_bfx/0021626-000924179177.png,rule,"{""concept"": ""ottoman"", ""reason"": ""category_or_scene_type_plausible""}"
test_011182,xtion/sun3ddata/mit_w85_12/12_1_1/0005041-000169389864,sun3d:mit_w85_12/12_1_1,xtion,bedroom,test,existence,negative,3,Can you spot a stool in the picture?,,no,yes_no,yes|no,SUNRGBD/xtion/sun3ddata/mit_w85_12/12_1_1/0005041-000169389864/image/0005041-000169389864.jpg,SUNRGBD/xtion/sun3ddata/mit_w85_12/12_1_1/0005041-000169389864/depth_bfx/0005064-000169405017.png,rule,"{""concept"": ""stool"", ""reason"": ""category_or_scene_type_plausible""}"
test_011912,xtion/xtion_align_data/2014_12_18_14_19_52,scene:xtion/xtion_align_data/2014_12_18_14_19_52,xtion,lecture_theatre,test,existence,negative,2,Does this room contain a bookshelf?,,no,yes_no,yes|no,SUNRGBD/xtion/xtion_align_data/2014_12_18_14_19_52/image/0000020.jpg,SUNRGBD/xtion/xtion_align_data/2014_12_18_14_19_52/depth_bfx/0000020.png,rule,"{""concept"": ""bookshelf"", ""reason"": ""category_or_scene_type_plausible""}"
test_001744,xtion/sun3ddata/mit_32_d6_lounge/d6_lounge_1/0005781-000193755996,sun3d:mit_32_d6_lounge/d6_lounge_1,xtion,corridor,test,existence,negative,3,Can you spot a faucet in the picture?,,no,yes_no,yes|no,SUNRGBD/xtion/sun3ddata/mit_32_d6_lounge/d6_lounge_1/0005781-000193755996/image/0005781-000193755996.jpg,SUNRGBD/xtion/sun3ddata/mit_32_d6_lounge/d6_lounge_1/0005781-000193755996/depth_bfx/0005806-000193750482.png,rule,"{""concept"": ""faucet"", ""reason"": ""category_or_scene_type_plausible""}"
test_002340,xtion/xtion_align_data/2014_12_18_13_58_10,scene:xtion/xtion_align_data/2014_12_18_13_58_10,xtion,dining_area,test,existence,negative,5,Is there any shelf visible in the image?,,no,yes_no,yes|no,SUNRGBD/xtion/xtion_align_data/2014_12_18_13_58_10/image/0000016.jpg,SUNRGBD/xtion/xtion_align_data/2014_12_18_13_58_10/depth_bfx/0000016.png,rule,"{""concept"": ""shelf"", ""reason"": ""category_or_scene_type_plausible""}"
test_010372,kv1/b3dodata/img_0684,scene:kv1/b3dodata/img_0684,kv1,bedroom,test,existence,negative,4,Is a bookshelf present in this scene?,,no,yes_no,yes|no,SUNRGBD/kv1/b3dodata/img_0684/image/img_0684.jpg,SUNRGBD/kv1/b3dodata/img_0684/depth_bfx/img_0684_abs.png,rule,"{""concept"": ""bookshelf"", ""reason"": ""category_or_scene_type_plausible""}"
test_002708,kv1/NYUdata/NYU0769,scene:kv1/NYUdata/NYU0769,kv1,kitchen,test,existence,negative,0,Is there a bench in this room?,,no,yes_no,yes|no,SUNRGBD/kv1/NYUdata/NYU0769/image/NYU0769.jpg,SUNRGBD/kv1/NYUdata/NYU0769/depth_bfx/NYU0769.png,rule,"{""concept"": ""bench"", ""reason"": ""category_or_scene_type_plausible""}"
test_006647,kv1/b3dodata/img_0689,scene:kv1/b3dodata/img_0689,kv1,idk,test,existence,positive,5,Is there any paper visible in the image?,,yes,yes_no,yes|no,SUNRGBD/kv1/b3dodata/img_0689/image/img_0689.jpg,SUNRGBD/kv1/b3dodata/img_0689/depth_bfx/img_0689_abs.png,rule,"{""concept"": ""paper"", ""object_index"": 14, ""area_frac"": 0.011592714582107061}"
test_008463,kv1/NYUdata/NYU0759,scene:kv1/NYUdata/NYU0759,kv1,kitchen,test,existence,positive,4,Is a oven present in this scene?,,yes,yes_no,yes|no,SUNRGBD/kv1/NYUdata/NYU0759/image/NYU0759.jpg,SUNRGBD/kv1/NYUdata/NYU0759/depth_bfx/NYU0759.png,rule,"{""concept"": ""oven"", ""object_index"": 15, ""area_frac"": 0.01306632936333997}"
test_002803,kv1/NYUdata/NYU0299,scene:kv1/NYUdata/NYU0299,kv1,classroom,test,existence,positive,4,Is a flower present in this scene?,,yes,yes_no,yes|no,SUNRGBD/kv1/NYUdata/NYU0299/image/NYU0299.jpg,SUNRGBD/kv1/NYUdata/NYU0299/depth_bfx/NYU0299.png,rule,"{""concept"": ""flower"", ""object_index"": 39, ""area_frac"": 0.008912655971479501}"
test_012520,kv1/NYUdata/NYU1401,scene:kv1/NYUdata/NYU1401,kv1,dining_room,test,existence,positive,0,Is there a table in this room?,,yes,yes_no,yes|no,SUNRGBD/kv1/NYUdata/NYU1401/image/NYU1401.jpg,SUNRGBD/kv1/NYUdata/NYU1401/depth_bfx/NYU1401.png,rule,"{""concept"": ""table"", ""object_index"": 8, ""area_frac"": 0.005040764442885947}"
test_006991,kv1/b3dodata/img_0434,scene:kv1/b3dodata/img_0434,kv1,office,test,existence,positive,4,Is a backpack present in this scene?,,yes,yes_no,yes|no,SUNRGBD/kv1/b3dodata/img_0434/image/img_0434.jpg,SUNRGBD/kv1/b3dodata/img_0434/depth_bfx/img_0434_abs.png,rule,"{""concept"": ""backpack"", ""object_index"": 9, ""area_frac"": 0.039138457171244055}"
test_000670,kv1/b3dodata/img_0615,scene:kv1/b3dodata/img_0615,kv1,home_office,test,existence,negative,1,Do you see a mouse here?,,no,yes_no,yes|no,SUNRGBD/kv1/b3dodata/img_0615/image/img_0615.jpg,SUNRGBD/kv1/b3dodata/img_0615/depth_bfx/img_0615_abs.png,rule,"{""concept"": ""mouse"", ""reason"": ""category_or_scene_type_plausible""}"
test_013015,kv1/NYUdata/NYU0198,scene:kv1/NYUdata/NYU0198,kv1,kitchen,test,existence,negative,0,Is there a microwave in this room?,,no,yes_no,yes|no,SUNRGBD/kv1/NYUdata/NYU0198/image/NYU0198.jpg,SUNRGBD/kv1/NYUdata/NYU0198/depth_bfx/NYU0198.png,rule,"{""concept"": ""microwave"", ""reason"": ""category_or_scene_type_plausible""}"
test_002531,kv1/b3dodata/img_0808,scene:kv1/b3dodata/img_0808,kv1,kitchen,test,existence,positive,1,Do you see a cabinet here?,,yes,yes_no,yes|no,SUNRGBD/kv1/b3dodata/img_0808/image/img_0808.jpg,SUNRGBD/kv1/b3dodata/img_0808/depth_bfx/img_0808_abs.png,rule,"{""concept"": ""cabinet"", ""object_index"": 10, ""area_frac"": 0.023352411009113033}"
test_005992,kv1/NYUdata/NYU0430,scene:kv1/NYUdata/NYU0430,kv1,playroom,test,existence,negative,1,Do you see a outlet here?,,no,yes_no,yes|no,SUNRGBD/kv1/NYUdata/NYU0430/image/NYU0430.jpg,SUNRGBD/kv1/NYUdata/NYU0430/depth_bfx/NYU0430.png,rule,"{""concept"": ""outlet"", ""reason"": ""category_or_scene_type_plausible""}"
test_003773,kv1/NYUdata/NYU0250,scene:kv1/NYUdata/NYU0250,kv1,kitchen,test,existence,positive,1,Do you see a oven here?,,yes,yes_no,yes|no,SUNRGBD/kv1/NYUdata/NYU0250/image/NYU0250.jpg,SUNRGBD/kv1/NYUdata/NYU0250/depth_bfx/NYU0250.png,rule,"{""concept"": ""oven"", ""object_index"": 22, ""area_frac"": 0.035464856583467964}"
test_002031,kv1/NYUdata/NYU1447,scene:kv1/NYUdata/NYU1447,kv1,dining_room,test,existence,negative,2,Does this room contain a dresser?,,no,yes_no,yes|no,SUNRGBD/kv1/NYUdata/NYU1447/image/NYU1447.jpg,SUNRGBD/kv1/NYUdata/NYU1447/depth_bfx/NYU1447.png,rule,"{""concept"": ""dresser"", ""reason"": ""category_or_scene_type_plausible""}"
test_003615,kv1/NYUdata/NYU0469,scene:kv1/NYUdata/NYU0469,kv1,study,test,existence,negative,3,Can you spot a sign in the picture?,,no,yes_no,yes|no,SUNRGBD/kv1/NYUdata/NYU0469/image/NYU0469.jpg,SUNRGBD/kv1/NYUdata/NYU0469/depth_bfx/NYU0469.png,rule,"{""concept"": ""sign"", ""reason"": ""category_or_scene_type_plausible""}"
test_006388,kv1/NYUdata/NYU0186,scene:kv1/NYUdata/NYU0186,kv1,bedroom,test,existence,negative,3,Can you spot a chair in the picture?,,no,yes_no,yes|no,SUNRGBD/kv1/NYUdata/NYU0186/image/NYU0186.jpg,SUNRGBD/kv1/NYUdata/NYU0186/depth_bfx/NYU0186.png,rule,"{""concept"": ""chair"", ""reason"": ""category_or_scene_type_plausible""}"
test_004273,kv1/NYUdata/NYU1127,scene:kv1/NYUdata/NYU1127,kv1,bedroom,test,existence,negative,4,Is a door present in this scene?,,no,yes_no,yes|no,SUNRGBD/kv1/NYUdata/NYU1127/image/NYU1127.jpg,SUNRGBD/kv1/NYUdata/NYU1127/depth_bfx/NYU1127.png,rule,"{""concept"": ""door"", ""reason"": ""category_or_scene_type_plausible""}"
test_011201,kv1/b3dodata/img_0716,scene:kv1/b3dodata/img_0716,kv1,kitchen,test,existence,negative,4,Is a paper present in this scene?,,no,yes_no,yes|no,SUNRGBD/kv1/b3dodata/img_0716/image/img_0716.jpg,SUNRGBD/kv1/b3dodata/img_0716/depth_bfx/img_0716_abs.png,rule,"{""concept"": ""paper"", ""reason"": ""category_or_scene_type_plausible""}"
test_012464,kv1/NYUdata/NYU1080,scene:kv1/NYUdata/NYU1080,kv1,bedroom,test,existence,negative,1,Do you see a carpet here?,,no,yes_no,yes|no,SUNRGBD/kv1/NYUdata/NYU1080/image/NYU1080.jpg,SUNRGBD/kv1/NYUdata/NYU1080/depth_bfx/NYU1080.png,rule,"{""concept"": ""carpet"", ""reason"": ""category_or_scene_type_plausible""}"
test_013829,kv1/NYUdata/NYU0804,scene:kv1/NYUdata/NYU0804,kv1,kitchen,test,existence,negative,1,Do you see a file cabinet here?,,no,yes_no,yes|no,SUNRGBD/kv1/NYUdata/NYU0804/image/NYU0804.jpg,SUNRGBD/kv1/NYUdata/NYU0804/depth_bfx/NYU0804.png,rule,"{""concept"": ""filecabinet"", ""reason"": ""category_or_scene_type_plausible""}"
test_000359,kv1/b3dodata/img_0754,scene:kv1/b3dodata/img_0754,kv1,kitchen,test,existence,positive,5,Is there any refrigerator visible in the image?,,yes,yes_no,yes|no,SUNRGBD/kv1/b3dodata/img_0754/image/img_0754.jpg,SUNRGBD/kv1/b3dodata/img_0754/depth_bfx/img_0754_abs.png,rule,"{""concept"": ""refrigerator"", ""object_index"": 0, ""area_frac"": 0.2030874943121809}"
test_001130,kv1/NYUdata/NYU0569,scene:kv1/NYUdata/NYU0569,kv1,kitchen,test,existence,positive,3,Can you spot a stool in the picture?,,yes,yes_no,yes|no,SUNRGBD/kv1/NYUdata/NYU0569/image/NYU0569.jpg,SUNRGBD/kv1/NYUdata/NYU0569/depth_bfx/NYU0569.png,rule,"{""concept"": ""stool"", ""object_index"": 21, ""area_frac"": 0.01034035074536521}"
test_004414,kv1/b3dodata/img_0826,scene:kv1/b3dodata/img_0826,kv1,living_room,test,existence,positive,4,Is a book present in this scene?,,yes,yes_no,yes|no,SUNRGBD/kv1/b3dodata/img_0826/image/img_0826.jpg,SUNRGBD/kv1/b3dodata/img_0826/depth_bfx/img_0826_abs.png,rule,"{""concept"": ""book"", ""object_index"": 7, ""area_frac"": 0.006299390098811507}"
test_009005,kv1/b3dodata/img_0597,scene:kv1/b3dodata/img_0597,kv1,home_office,test,existence,negative,0,Is there a binder in this room?,,no,yes_no,yes|no,SUNRGBD/kv1/b3dodata/img_0597/image/img_0597.jpg,SUNRGBD/kv1/b3dodata/img_0597/depth_bfx/img_0597_abs.png,rule,"{""concept"": ""binder"", ""reason"": ""category_or_scene_type_plausible""}"
test_000675,kv1/NYUdata/NYU1136,scene:kv1/NYUdata/NYU1136,kv1,bedroom,test,existence,negative,0,Is there a pillow in this room?,,no,yes_no,yes|no,SUNRGBD/kv1/NYUdata/NYU1136/image/NYU1136.jpg,SUNRGBD/kv1/NYUdata/NYU1136/depth_bfx/NYU1136.png,rule,"{""concept"": ""pillow"", ""reason"": ""category_or_scene_type_plausible""}"
test_003439,kv1/NYUdata/NYU0517,scene:kv1/NYUdata/NYU0517,kv1,bedroom,test,existence,negative,1,Do you see a photo here?,,no,yes_no,yes|no,SUNRGBD/kv1/NYUdata/NYU0517/image/NYU0517.jpg,SUNRGBD/kv1/NYUdata/NYU0517/depth_bfx/NYU0517.png,rule,"{""concept"": ""photo"", ""reason"": ""category_or_scene_type_plausible""}"
test_004129,kv1/b3dodata/img_0421,scene:kv1/b3dodata/img_0421,kv1,office,test,existence,positive,2,Does this room contain a table?,,yes,yes_no,yes|no,SUNRGBD/kv1/b3dodata/img_0421/image/img_0421.jpg,SUNRGBD/kv1/b3dodata/img_0421/depth_bfx/img_0421_abs.png,rule,"{""concept"": ""table"", ""object_index"": 18, ""area_frac"": 0.8688775062931283}"
test_010351,kv1/NYUdata/NYU0199,scene:kv1/NYUdata/NYU0199,kv1,kitchen,test,existence,negative,2,Does this room contain a printer?,,no,yes_no,yes|no,SUNRGBD/kv1/NYUdata/NYU0199/image/NYU0199.jpg,SUNRGBD/kv1/NYUdata/NYU0199/depth_bfx/NYU0199.png,rule,"{""concept"": ""printer"", ""reason"": ""category_or_scene_type_plausible""}"
test_007043,kv1/NYUdata/NYU0841,scene:kv1/NYUdata/NYU0841,kv1,kitchen,test,existence,negative,4,Is a microwave present in this scene?,,no,yes_no,yes|no,SUNRGBD/kv1/NYUdata/NYU0841/image/NYU0841.jpg,SUNRGBD/kv1/NYUdata/NYU0841/depth_bfx/NYU0841.png,rule,"{""concept"": ""microwave"", ""reason"": ""category_or_scene_type_plausible""}"
test_011234,realsense/lg/2014_10_26-14_07_52-1311000073,scene:realsense/lg/2014_10_26-14_07_52-1311000073,realsense,library,test,existence,positive,5,Is there any desktop visible in the image?,,yes,yes_no,yes|no,SUNRGBD/realsense/lg/2014_10_26-14_07_52-1311000073/image/0000064.jpg,SUNRGBD/realsense/lg/2014_10_26-14_07_52-1311000073/depth_bfx/0000064.png,rule,"{""concept"": ""desktop"", ""object_index"": 4, ""area_frac"": 0.13467925477930703}"
test_006675,realsense/lg/2014_10_30-16_18_53-1311000073,scene:realsense/lg/2014_10_30-16_18_53-1311000073,realsense,printer_room,test,existence,negative,3,Can you spot a thermostat in the picture?,,no,yes_no,yes|no,SUNRGBD/realsense/lg/2014_10_30-16_18_53-1311000073/image/0000063.jpg,SUNRGBD/realsense/lg/2014_10_30-16_18_53-1311000073/depth_bfx/0000063.png,rule,"{""concept"": ""thermostat"", ""reason"": ""category_or_scene_type_plausible""}"
test_006514,realsense/lg/2014_10_28-15_32_57-1311000073,scene:realsense/lg/2014_10_28-15_32_57-1311000073,realsense,conference_room,test,existence,positive,2,Does this room contain a table?,,yes,yes_no,yes|no,SUNRGBD/realsense/lg/2014_10_28-15_32_57-1311000073/image/0000063.jpg,SUNRGBD/realsense/lg/2014_10_28-15_32_57-1311000073/depth_bfx/0000063.png,rule,"{""concept"": ""table"", ""object_index"": 4, ""area_frac"": 0.3287690363401556}"
test_007233,realsense/lg/2014_10_25-17_53_05-1311000073,scene:realsense/lg/2014_10_25-17_53_05-1311000073,realsense,classroom,test,existence,negative,1,Do you see a night stand here?,,no,yes_no,yes|no,SUNRGBD/realsense/lg/2014_10_25-17_53_05-1311000073/image/0000063.jpg,SUNRGBD/realsense/lg/2014_10_25-17_53_05-1311000073/depth_bfx/0000063.png,rule,"{""concept"": ""nightstand"", ""reason"": ""category_or_scene_type_plausible""}"
test_000223,realsense/lg/2014_10_30-15_41_27-1311000073,scene:realsense/lg/2014_10_30-15_41_27-1311000073,realsense,dining_area,test,existence,positive,2,Does this room contain a chair?,,yes,yes_no,yes|no,SUNRGBD/realsense/lg/2014_10_30-15_41_27-1311000073/image/0000063.jpg,SUNRGBD/realsense/lg/2014_10_30-15_41_27-1311000073/depth_bfx/0000063.png,rule,"{""concept"": ""chair"", ""object_index"": 3, ""area_frac"": 0.44802501279364804}"
test_006437,realsense/lg/2014_10_29-16_19_15-1311000073,scene:realsense/lg/2014_10_29-16_19_15-1311000073,realsense,rest_space,test,existence,positive,5,Is there any chair visible in the image?,,yes,yes_no,yes|no,SUNRGBD/realsense/lg/2014_10_29-16_19_15-1311000073/image/0000063.jpg,SUNRGBD/realsense/lg/2014_10_29-16_19_15-1311000073/depth_bfx/0000063.png,rule,"{""concept"": ""chair"", ""object_index"": 5, ""area_frac"": 0.0726927554748058}"
test_005070,realsense/lg/2014_10_30-15_38_58-1311000073,scene:realsense/lg/2014_10_30-15_38_58-1311000073,realsense,rest_space,test,existence,negative,2,Does this room contain a plant?,,no,yes_no,yes|no,SUNRGBD/realsense/lg/2014_10_30-15_38_58-1311000073/image/0000064.jpg,SUNRGBD/realsense/lg/2014_10_30-15_38_58-1311000073/depth_bfx/0000064.png,rule,"{""concept"": ""plant"", ""reason"": ""category_or_scene_type_plausible""}"
test_005515,realsense/lg/2014_10_25-17_18_29-1311000073,scene:realsense/lg/2014_10_25-17_18_29-1311000073,realsense,conference_room,test,existence,positive,0,Is there a chair in this room?,,yes,yes_no,yes|no,SUNRGBD/realsense/lg/2014_10_25-17_18_29-1311000073/image/0000063.jpg,SUNRGBD/realsense/lg/2014_10_25-17_18_29-1311000073/depth_bfx/0000063.png,rule,"{""concept"": ""chair"", ""object_index"": 6, ""area_frac"": 0.013067909991676138}"
test_011346,realsense/sa/2014_10_21-15_21_11-1311000073,scene:realsense/sa/2014_10_21-15_21_11-1311000073,realsense,cafeteria,test,existence,negative,3,Can you spot a flower pot in the picture?,,no,yes_no,yes|no,SUNRGBD/realsense/sa/2014_10_21-15_21_11-1311000073/image/0000094.jpg,SUNRGBD/realsense/sa/2014_10_21-15_21_11-1311000073/depth_bfx/0000094.png,rule,"{""concept"": ""flowerpot"", ""reason"": ""category_or_scene_type_plausible""}"
test_003988,realsense/lg/2014_10_24-09_21_50-1311000073,scene:realsense/lg/2014_10_24-09_21_50-1311000073,realsense,rest_space,test,existence,negative,4,Is a blind present in this scene?,,no,yes_no,yes|no,SUNRGBD/realsense/lg/2014_10_24-09_21_50-1311000073/image/0000063.jpg,SUNRGBD/realsense/lg/2014_10_24-09_21_50-1311000073/depth_bfx/0000063.png,rule,"{""concept"": ""blind"", ""reason"": ""category_or_scene_type_plausible""}"
test_006342,realsense/lg/2014_10_27-15_42_59-1311000073,scene:realsense/lg/2014_10_27-15_42_59-1311000073,realsense,rest_space,test,existence,negative,3,Can you spot a pen in the picture?,,no,yes_no,yes|no,SUNRGBD/realsense/lg/2014_10_27-15_42_59-1311000073/image/0000064.jpg,SUNRGBD/realsense/lg/2014_10_27-15_42_59-1311000073/depth_bfx/0000064.png,rule,"{""concept"": ""pen"", ""reason"": ""category_or_scene_type_plausible""}"
test_011803,realsense/lg/2014_10_24-09_31_35-1311000073,scene:realsense/lg/2014_10_24-09_31_35-1311000073,realsense,corridor,test,existence,positive,5,Is there any fire alarm visible in the image?,,yes,yes_no,yes|no,SUNRGBD/realsense/lg/2014_10_24-09_31_35-1311000073/image/0000063.jpg,SUNRGBD/realsense/lg/2014_10_24-09_31_35-1311000073/depth_bfx/0000063.png,rule,"{""concept"": ""firealarm"", ""object_index"": 1, ""area_frac"": 0.009174223129274276}"
test_001623,realsense/lg/2014_10_28-15_32_28-1311000073,scene:realsense/lg/2014_10_28-15_32_28-1311000073,realsense,conference_room,test,existence,negative,3,Can you spot a sofa in the picture?,,no,yes_no,yes|no,SUNRGBD/realsense/lg/2014_10_28-15_32_28-1311000073/image/0000063.jpg,SUNRGBD/realsense/lg/2014_10_28-15_32_28-1311000073/depth_bfx/0000063.png,rule,"{""concept"": ""sofa"", ""reason"": ""category_or_scene_type_plausible""}"
test_004533,realsense/lg/2014_10_25-17_25_59-1311000073,scene:realsense/lg/2014_10_25-17_25_59-1311000073,realsense,classroom,test,existence,negative,2,Does this room contain a chalkboard?,,no,yes_no,yes|no,SUNRGBD/realsense/lg/2014_10_25-17_25_59-1311000073/image/0000063.jpg,SUNRGBD/realsense/lg/2014_10_25-17_25_59-1311000073/depth_bfx/0000063.png,rule,"{""concept"": ""chalkboard"", ""reason"": ""category_or_scene_type_plausible""}"
test_007281,realsense/lg/2014_10_29-16_19_46-1311000073,scene:realsense/lg/2014_10_29-16_19_46-1311000073,realsense,rest_space,test,existence,negative,0,Is there a bin in this room?,,no,yes_no,yes|no,SUNRGBD/realsense/lg/2014_10_29-16_19_46-1311000073/image/0000064.jpg,SUNRGBD/realsense/lg/2014_10_29-16_19_46-1311000073/depth_bfx/0000064.png,rule,"{""concept"": ""bin"", ""reason"": ""category_or_scene_type_plausible""}"
test_001448,realsense/lg/2014_10_29-16_27_53-1311000073,scene:realsense/lg/2014_10_29-16_27_53-1311000073,realsense,dining_area,test,existence,positive,5,Is there any chair visible in the image?,,yes,yes_no,yes|no,SUNRGBD/realsense/lg/2014_10_29-16_27_53-1311000073/image/0000065.jpg,SUNRGBD/realsense/lg/2014_10_29-16_27_53-1311000073/depth_bfx/0000065.png,rule,"{""concept"": ""chair"", ""object_index"": 0, ""area_frac"": 0.23738077658035844}"
test_005376,realsense/lg/2014_10_26-15_28_29-1311000073,scene:realsense/lg/2014_10_26-15_28_29-1311000073,realsense,library,test,existence,negative,5,Is there any desk visible in the image?,,no,yes_no,yes|no,SUNRGBD/realsense/lg/2014_10_26-15_28_29-1311000073/image/0000063.jpg,SUNRGBD/realsense/lg/2014_10_26-15_28_29-1311000073/depth_bfx/0000063.png,rule,"{""concept"": ""desk"", ""reason"": ""category_or_scene_type_plausible""}"
test_001059,xtion/sun3ddata/mit_dorm_mcc_313/dorm_mcc_313_oct_31_2012_scan1_erika/0000626-000027279235,sun3d:mit_dorm_mcc_313/dorm_mcc_313_oct_31_2012_scan1_erika,xtion,bedroom,test,relative_depth,closer,5,"Which one is closer, the curtain or the monitor?",,monitor,choice,curtain|monitor,SUNRGBD/xtion/sun3ddata/mit_dorm_mcc_313/dorm_mcc_313_oct_31_2012_scan1_erika/0000626-000027279235/image/0000626-000027279235.jpg,SUNRGBD/xtion/sun3ddata/mit_dorm_mcc_313/dorm_mcc_313_oct_31_2012_scan1_erika/0000626-000027279235/depth_bfx/0000621-000027262678.png,rule,"{""a_concept"": ""monitor"", ""a_depth_m"": 1.1130000352859497, ""b_concept"": ""curtain"", ""b_depth_m"": 1.871999979019165, ""comparative"": ""closer"", ""answer_concept"": ""monitor""}"
test_007536,xtion/sun3ddata/mit_dorm_sh_flr1/dorm_sh_flr1_oct_28_2012_scan1_erika/0000600-000023595264,sun3d:mit_dorm_sh_flr1/dorm_sh_flr1_oct_28_2012_scan1_erika,xtion,basement,test,relative_depth,closer,5,"Which one is closer, the chair or the door?",,door,choice,chair|door,SUNRGBD/xtion/sun3ddata/mit_dorm_sh_flr1/dorm_sh_flr1_oct_28_2012_scan1_erika/0000600-000023595264/image/0000600-000023595264.jpg,SUNRGBD/xtion/sun3ddata/mit_dorm_sh_flr1/dorm_sh_flr1_oct_28_2012_scan1_erika/0000600-000023595264/depth_bfx/0000599-000023593889.png,rule,"{""a_concept"": ""door"", ""a_depth_m"": 1.7510000467300415, ""b_concept"": ""chair"", ""b_depth_m"": 3.7909998893737793, ""comparative"": ""closer"", ""answer_concept"": ""door""}"
test_009299,xtion/sun3ddata/mit_w85g/g_0/0003430-000114926364,sun3d:mit_w85g/g_0,xtion,bedroom,test,relative_depth,farther,4,"Of the curtain and the box, which is farther?",,curtain,choice,curtain|box,SUNRGBD/xtion/sun3ddata/mit_w85g/g_0/0003430-000114926364/image/0003430-000114926364.jpg,SUNRGBD/xtion/sun3ddata/mit_w85g/g_0/0003430-000114926364/depth_bfx/0003445-000114926069.png,rule,"{""a_concept"": ""curtain"", ""a_depth_m"": 3.4049999713897705, ""b_concept"": ""box"", ""b_depth_m"": 1.524999976158142, ""comparative"": ""farther"", ""answer_concept"": ""curtain""}"
test_011929,xtion/sun3ddata/mit_dorm_masseeh_sr/dorm_masseeh_sr_scan1_oct_26_2012_erika/0001606-000074289149,sun3d:mit_dorm_masseeh_sr/dorm_masseeh_sr_scan1_oct_26_2012_erika,xtion,study_space,test,relative_depth,closer,4,"Of the stool and the door, which is closer?",,stool,choice,stool|door,SUNRGBD/xtion/sun3ddata/mit_dorm_masseeh_sr/dorm_masseeh_sr_scan1_oct_26_2012_erika/0001606-000074289149/image/0001606-000074289149.jpg,SUNRGBD/xtion/sun3ddata/mit_dorm_masseeh_sr/dorm_masseeh_sr_scan1_oct_26_2012_erika/0001606-000074289149/depth_bfx/0001607-000074279951.png,rule,"{""a_concept"": ""door"", ""a_depth_m"": 3.3440001010894775, ""b_concept"": ""stool"", ""b_depth_m"": 2.813999891281128, ""comparative"": ""closer"", ""answer_concept"": ""stool""}"
test_007285,xtion/sun3ddata/mit_32_pool/pool_1/0000937-000031380751,sun3d:mit_32_pool/pool_1,xtion,recreation_room,test,relative_depth,farther,0,"Which is farther from the camera, the table or the window?",,window,choice,table|window,SUNRGBD/xtion/sun3ddata/mit_32_pool/pool_1/0000937-000031380751/image/0000937-000031380751.jpg,SUNRGBD/xtion/sun3ddata/mit_32_pool/pool_1/0000937-000031380751/depth_bfx/0000941-000031367095.png,rule,"{""a_concept"": ""table"", ""a_depth_m"": 1.7599999904632568, ""b_concept"": ""window"", ""b_depth_m"": 3.322000026702881, ""comparative"": ""farther"", ""answer_concept"": ""window""}"
test_006666,xtion/sun3ddata/mit_46_5conf_1/bcs_floor5_conf_1/0003502-000117574128,sun3d:mit_46_5conf_1/bcs_floor5_conf_1,xtion,conference_room,test,relative_depth,farther,5,"Which one is farther, the shelf or the curtain?",,shelf,choice,shelf|curtain,SUNRGBD/xtion/sun3ddata/mit_46_5conf_1/bcs_floor5_conf_1/0003502-000117574128/image/0003502-000117574128.jpg,SUNRGBD/xtion/sun3ddata/mit_46_5conf_1/bcs_floor5_conf_1/0003502-000117574128/depth_bfx/0003518-000117585597.png,rule,"{""a_concept"": ""shelf"", ""a_depth_m"": 5.730999946594238, ""b_concept"": ""curtain"", ""b_depth_m"": 4.64300012588501, ""comparative"": ""farther"", ""answer_concept"": ""shelf""}"
test_008848,xtion/xtion_align_data/2014_12_18_13_58_21,scene:xtion/xtion_align_data/2014_12_18_13_58_21,xtion,reception_room,test,relative_depth,closer,2,Is the table or the door closer to the camera?,,table,choice,table|door,SUNRGBD/xtion/xtion_align_data/2014_12_18_13_58_21/image/0000064.jpg,SUNRGBD/xtion/xtion_align_data/2014_12_18_13_58_21/depth_bfx/0000064.png,rule,"{""a_concept"": ""table"", ""a_depth_m"": 1.5770000219345093, ""b_concept"": ""door"", ""b_depth_m"": 4.300000190734863, ""comparative"": ""closer"", ""answer_concept"": ""table""}"
test_005916,xtion/sun3ddata/mit_lab_hj/lab_hj_work_nov_2_2012_scan1_erika/0000538-000024299100,sun3d:mit_lab_hj/lab_hj_work_nov_2_2012_scan1_erika,xtion,office,test,relative_depth,farther,4,"Of the window and the shelf, which is farther?",,window,choice,window|shelf,SUNRGBD/xtion/sun3ddata/mit_lab_hj/lab_hj_work_nov_2_2012_scan1_erika/0000538-000024299100/image/0000538-000024299100.jpg,SUNRGBD/xtion/sun3ddata/mit_lab_hj/lab_hj_work_nov_2_2012_scan1_erika/0000538-000024299100/depth_bfx/0000538-000024296492.png,rule,"{""a_concept"": ""shelf"", ""a_depth_m"": 1.4869999885559082, ""b_concept"": ""window"", ""b_depth_m"": 2.3380000591278076, ""comparative"": ""farther"", ""answer_concept"": ""window""}"
test_013290,xtion/sun3ddata/mit_46_5conf_2/bcs_floor5_conf_a/0000010-000000325312,sun3d:mit_46_5conf_2/bcs_floor5_conf_a,xtion,conference_room,test,relative_depth,farther,2,Is the plate or the shelf farther from the camera?,,shelf,choice,plate|shelf,SUNRGBD/xtion/sun3ddata/mit_46_5conf_2/bcs_floor5_conf_a/0000010-000000325312/image/0000010-000000325312.jpg,SUNRGBD/xtion/sun3ddata/mit_46_5conf_2/bcs_floor5_conf_a/0000010-000000325312/depth_bfx/0000011-000000333692.png,rule,"{""a_concept"": ""shelf"", ""a_depth_m"": 5.2870001792907715, ""b_concept"": ""plate"", ""b_depth_m"": 1.75600004196167, ""comparative"": ""farther"", ""answer_concept"": ""shelf""}"
test_013510,xtion/sun3ddata/mit_lab_pdl/lab_pdl_nov_2_2012_scan1_erika/0001130-000051332265,sun3d:mit_lab_pdl/lab_pdl_nov_2_2012_scan1_erika,xtion,lab,test,relative_depth,closer,1,"Between the monitor and the wood, which one is closer to the camera?",,wood,choice,monitor|wood,SUNRGBD/xtion/sun3ddata/mit_lab_pdl/lab_pdl_nov_2_2012_scan1_erika/0001130-000051332265/image/0001130-000051332265.jpg,SUNRGBD/xtion/sun3ddata/mit_lab_pdl/lab_pdl_nov_2_2012_scan1_erika/0001130-000051332265/depth_bfx/0001138-000051321906.png,rule,"{""a_concept"": ""monitor"", ""a_depth_m"": 2.305999994277954, ""b_concept"": ""wood"", ""b_depth_m"": 1.7050000429153442, ""comparative"": ""closer"", ""answer_concept"": ""wood""}"
test_002288,xtion/xtion_align_data/2014_12_18_13_59_41,scene:xtion/xtion_align_data/2014_12_18_13_59_41,xtion,bathroom,test,relative_depth,farther,2,Is the trash can or the mirror farther from the camera?,,mirror,choice,trash_can|mirror,SUNRGBD/xtion/xtion_align_data/2014_12_18_13_59_41/image/0000133.jpg,SUNRGBD/xtion/xtion_align_data/2014_12_18_13_59_41/depth_bfx/0000133.png,rule,"{""a_concept"": ""mirror"", ""a_depth_m"": 2.7920000553131104, ""b_concept"": ""trashcan"", ""b_depth_m"": 1.843000054359436, ""comparative"": ""farther"", ""answer_concept"": ""mirror""}"
test_008273,xtion/sun3ddata/mit_w85h/h4_1/0004593-000153955971,sun3d:mit_w85h/h4_1,xtion,bedroom,test,relative_depth,closer,4,"Of the bed and the heater, which is closer?",,bed,choice,bed|heater,SUNRGBD/xtion/sun3ddata/mit_w85h/h4_1/0004593-000153955971/image/0004593-000153955971.jpg,SUNRGBD/xtion/sun3ddata/mit_w85h/h4_1/0004593-000153955971/depth_bfx/0004615-000153965720.png,rule,"{""a_concept"": ""heater"", ""a_depth_m"": 2.88700008392334, ""b_concept"": ""bed"", ""b_depth_m"": 2.305000066757202, ""comparative"": ""closer"", ""answer_concept"": ""bed""}"
test_007340,xtion/sun3ddata/mit_w85h/h2_1/0004003-000134164548,sun3d:mit_w85h/h2_1,xtion,bathroom,test,relative_depth,closer,0,"Which is closer to the camera, the shower curtain or the rug?",,shower curtain,choice,shower_curtain|rug,SUNRGBD/xtion/sun3ddata/mit_w85h/h2_1/0004003-000134164548/image/0004003-000134164548.jpg,SUNRGBD/xtion/sun3ddata/mit_w85h/h2_1/0004003-000134164548/depth_bfx/0004021-000134167864.png,rule,"{""a_concept"": ""showercurtain"", ""a_depth_m"": 0.8650000095367432, ""b_concept"": ""rug"", ""b_depth_m"": 1.3650000095367432, ""comparative"": ""closer"", ""answer_concept"": ""showercurtain""}"
test_013617,xtion/sun3ddata/mit_3_huge_office/cl_2/0000736-000024902388,sun3d:mit_3_huge_office/cl_2,xtion,office,test,relative_depth,farther,0,"Which is farther from the camera, the cabinet or the door?",,door,choice,cabinet|door,SUNRGBD/xtion/sun3ddata/mit_3_huge_office/cl_2/0000736-000024902388/image/0000736-000024902388.jpg,SUNRGBD/xtion/sun3ddata/mit_3_huge_office/cl_2/0000736-000024902388/depth_bfx/0000737-000024898390.png,rule,"{""a_concept"": ""cabinet"", ""a_depth_m"": 1.968999981880188, ""b_concept"": ""door"", ""b_depth_m"": 3.943000078201294, ""comparative"": ""farther"", ""answer_concept"": ""door""}"
test_006719,xtion/sun3ddata/mit_w85h/h4_1/0001226-000041074083,sun3d:mit_w85h/h4_1,xtion,living_room,test,relative_depth,closer,3,"Which object is closer to the camera, the carpet or the trash can?",,carpet,choice,carpet|trash_can,SUNRGBD/xtion/sun3ddata/mit_w85h/h4_1/0001226-000041074083/image/0001226-000041074083.jpg,SUNRGBD/xtion/sun3ddata/mit_w85h/h4_1/0001226-000041074083/depth_bfx/0001232-000041077547.png,rule,"{""a_concept"": ""trashcan"", ""a_depth_m"": 2.5739998817443848, ""b_concept"": ""carpet"", ""b_depth_m"": 2.190999984741211, ""comparative"": ""closer"", ""answer_concept"": ""carpet""}"
test_010312,xtion/sun3ddata/mit_46_ted_lab1/ted_lab_1/0006397-000214514907,sun3d:mit_46_ted_lab1/ted_lab_1,xtion,office,test,relative_depth,closer,5,"Which one is closer, the door or the stand?",,stand,choice,door|stand,SUNRGBD/xtion/sun3ddata/mit_46_ted_lab1/ted_lab_1/0006397-000214514907/image/0006397-000214514907.jpg,SUNRGBD/xtion/sun3ddata/mit_46_ted_lab1/ted_lab_1/0006397-000214514907/depth_bfx/0006428-000214530908.png,rule,"{""a_concept"": ""door"", ""a_depth_m"": 3.0840001106262207, ""b_concept"": ""stand"", ""b_depth_m"": 1.8660000562667847, ""comparative"": ""closer"", ""answer_concept"": ""stand""}"
test_012304,xtion/sun3ddata/mit_lab_koch/lab_koch_hood_nov_2_2012_scan1_erika/0002670-000113797426,sun3d:mit_lab_koch/lab_koch_hood_nov_2_2012_scan1_erika,xtion,lab,test,relative_depth,farther,1,"Between the shelf and the machine, which one is farther from the camera?",,shelf,choice,shelf|machine,SUNRGBD/xtion/sun3ddata/mit_lab_koch/lab_koch_hood_nov_2_2012_scan1_erika/0002670-000113797426/image/0002670-000113797426.jpg,SUNRGBD/xtion/sun3ddata/mit_lab_koch/lab_koch_hood_nov_2_2012_scan1_erika/0002670-000113797426/depth_bfx/0002667-000113789142.png,rule,"{""a_concept"": ""machine"", ""a_depth_m"": 0.8330000042915344, ""b_concept"": ""shelf"", ""b_depth_m"": 1.3300000429153442, ""comparative"": ""farther"", ""answer_concept"": ""shelf""}"
test_008734,xtion/sun3ddata/mit_46_5conf_2/bcs_floor5_conf_a/0003034-000101711212,sun3d:mit_46_5conf_2/bcs_floor5_conf_a,xtion,rest_space,test,relative_depth,closer,4,"Of the box and the door, which is closer?",,box,choice,box|door,SUNRGBD/xtion/sun3ddata/mit_46_5conf_2/bcs_floor5_conf_a/0003034-000101711212/image/0003034-000101711212.jpg,SUNRGBD/xtion/sun3ddata/mit_46_5conf_2/bcs_floor5_conf_a/0003034-000101711212/depth_bfx/0003049-000101709474.png,rule,"{""a_concept"": ""box"", ""a_depth_m"": 3.1689999103546143, ""b_concept"": ""door"", ""b_depth_m"": 3.8970000743865967, ""comparative"": ""closer"", ""answer_concept"": ""box""}"
test_009825,xtion/xtion_align_data/2014_12_18_11_33_21,scene:xtion/xtion_align_data/2014_12_18_11_33_21,xtion,office,test,relative_depth,closer,2,Is the computer or the binder closer to the camera?,,binder,choice,computer|binder,SUNRGBD/xtion/xtion_align_data/2014_12_18_11_33_21/image/0000060.jpg,SUNRGBD/xtion/xtion_align_data/2014_12_18_11_33_21/depth_bfx/0000060.png,rule,"{""a_concept"": ""computer"", ""a_depth_m"": 2.7019999027252197, ""b_concept"": ""binder"", ""b_depth_m"": 1.6410000324249268, ""comparative"": ""closer"", ""answer_concept"": ""binder""}"
test_005471,xtion/sun3ddata/mit_dorm_next_552/dorm_next_552_oct_30_2012_scan1_erika/0000266-000012467952,sun3d:mit_dorm_next_552/dorm_next_552_oct_30_2012_scan1_erika,xtion,bedroom,test,relative_depth,farther,4,"Of the dresser and the bookshelf, which is farther?",,bookshelf,choice,dresser|bookshelf,SUNRGBD/xtion/sun3ddata/mit_dorm_next_552/dorm_next_552_oct_30_2012_scan1_erika/0000266-000012467952/image/0000266-000012467952.jpg,SUNRGBD/xtion/sun3ddata/mit_dorm_next_552/dorm_next_552_oct_30_2012_scan1_erika/0000266-000012467952/depth_bfx/0000265-000012452104.png,rule,"{""a_concept"": ""dresser"", ""a_depth_m"": 0.8370000123977661, ""b_concept"": ""bookshelf"", ""b_depth_m"": 1.61899995803833, ""comparative"": ""farther"", ""answer_concept"": ""bookshelf""}"
test_011173,xtion/sun3ddata/mit_32_g882/g882_1/0005550-000186279067,sun3d:mit_32_g882/g882_1,xtion,classroom,test,relative_depth,farther,5,"Which one is farther, the door or the chalkboard?",,door,choice,door|chalkboard,SUNRGBD/xtion/sun3ddata/mit_32_g882/g882_1/0005550-000186279067/image/0005550-000186279067.jpg,SUNRGBD/xtion/sun3ddata/mit_32_g882/g882_1/0005550-000186279067/depth_bfx/0005574-000186267153.png,rule,"{""a_concept"": ""chalkboard"", ""a_depth_m"": 6.0370001792907715, ""b_concept"": ""door"", ""b_depth_m"": 8.0, ""comparative"": ""farther"", ""answer_concept"": ""door""}"
test_003902,xtion/sun3ddata/mit_w85_10/10_1/0001682-000056340396,sun3d:mit_w85_10/10_1,xtion,bedroom,test,relative_depth,closer,4,"Of the clock and the chair, which is closer?",,clock,choice,clock|chair,SUNRGBD/xtion/sun3ddata/mit_w85_10/10_1/0001682-000056340396/image/0001682-000056340396.jpg,SUNRGBD/xtion/sun3ddata/mit_w85_10/10_1/0001682-000056340396/depth_bfx/0001688-000056337622.png,rule,"{""a_concept"": ""clock"", ""a_depth_m"": 1.718999981880188, ""b_concept"": ""chair"", ""b_depth_m"": 2.438999891281128, ""comparative"": ""closer"", ""answer_concept"": ""clock""}"
test_004534,xtion/sun3ddata/mit_ne47_2biolab/ne47_floor2/0015571-000521975732,sun3d:mit_ne47_2biolab/ne47_floor2,xtion,lab,test,relative_depth,farther,3,"Which object is farther from the camera, the door or the computer?",,computer,choice,door|computer,SUNRGBD/xtion/sun3ddata/mit_ne47_2biolab/ne47_floor2/0015571-000521975732/image/0015571-000521975732.jpg,SUNRGBD/xtion/sun3ddata/mit_ne47_2biolab/ne47_floor2/0015571-000521975732/depth_bfx/0015642-000521961809.png,rule,"{""a_concept"": ""computer"", ""a_depth_m"": 2.6040000915527344, ""b_concept"": ""door"", ""b_depth_m"": 0.8809999823570251, ""comparative"": ""farther"", ""answer_concept"": ""computer""}"
test_000103,xtion/sun3ddata/mit_32_lounge_d4_bill/d4_lounge_vision_1/0006880-000230724144,sun3d:mit_32_lounge_d4_bill/d4_lounge_vision_1,xtion,rest_space,test,relative_depth,closer,5,"Which one is closer, the computer or the chair?",,chair,choice,computer|chair,SUNRGBD/xtion/sun3ddata/mit_32_lounge_d4_bill/d4_lounge_vision_1/0006880-000230724144/image/0006880-000230724144.jpg,SUNRGBD/xtion/sun3ddata/mit_32_lounge_d4_bill/d4_lounge_vision_1/0006880-000230724144/depth_bfx/0006909-000230733866.png,rule,"{""a_concept"": ""chair"", ""a_depth_m"": 3.739000082015991, ""b_concept"": ""computer"", ""b_depth_m"": 6.14900016784668, ""comparative"": ""closer"", ""answer_concept"": ""chair""}"
test_008628,xtion/sun3ddata/mit_46_ted_lab1/ted_lab_1/0004651-000155995971,sun3d:mit_46_ted_lab1/ted_lab_1,xtion,office,test,relative_depth,farther,4,"Of the shelf and the window, which is farther?",,window,choice,shelf|window,SUNRGBD/xtion/sun3ddata/mit_46_ted_lab1/ted_lab_1/0004651-000155995971/image/0004651-000155995971.jpg,SUNRGBD/xtion/sun3ddata/mit_46_ted_lab1/ted_lab_1/0004651-000155995971/depth_bfx/0004674-000156001244.png,rule,"{""a_concept"": ""window"", ""a_depth_m"": 3.242000102996826, ""b_concept"": ""shelf"", ""b_depth_m"": 2.062999963760376, ""comparative"": ""farther"", ""answer_concept"": ""window""}"
test_008282,xtion/sun3ddata/mit_32_g660/g660_1/0005063-000169725646,sun3d:mit_32_g660/g660_1,xtion,bathroom,test,relative_depth,farther,3,"Which object is farther from the camera, the door or the toilet?",,toilet,choice,door|toilet,SUNRGBD/xtion/sun3ddata/mit_32_g660/g660_1/0005063-000169725646/image/0005063-000169725646.jpg,SUNRGBD/xtion/sun3ddata/mit_32_g660/g660_1/0005063-000169725646/depth_bfx/0005085-000169716005.png,rule,"{""a_concept"": ""toilet"", ""a_depth_m"": 1.5299999713897705, ""b_concept"": ""door"", ""b_depth_m"": 1.0670000314712524, ""comparative"": ""farther"", ""answer_concept"": ""toilet""}"
test_010051,xtion/sun3ddata/mit_36_ti_office/tian_office_1/0002414-000080907624,sun3d:mit_36_ti_office/tian_office_1,xtion,office_kitchen,test,relative_depth,farther,5,"Which one is farther, the shelf or the refrigerator?",,shelf,choice,shelf|refrigerator,SUNRGBD/xtion/sun3ddata/mit_36_ti_office/tian_office_1/0002414-000080907624/image/0002414-000080907624.jpg,SUNRGBD/xtion/sun3ddata/mit_36_ti_office/tian_office_1/0002414-000080907624/depth_bfx/0002425-000080916154.png,rule,"{""a_concept"": ""refrigerator"", ""a_depth_m"": 1.3329999446868896, ""b_concept"": ""shelf"", ""b_depth_m"": 1.6460000276565552, ""comparative"": ""farther"", ""answer_concept"": ""shelf""}"
test_001651,xtion/sun3ddata/mit_gym_dupont/gym_dupont_nov_1_2012_scan1.erika/0009775-000414257760,sun3d:mit_gym_dupont/gym_dupont_nov_1_2012_scan1.erika,xtion,gym,test,relative_depth,closer,3,"Which object is closer to the camera, the trash can or the table?",,table,choice,trash_can|table,SUNRGBD/xtion/sun3ddata/mit_gym_dupont/gym_dupont_nov_1_2012_scan1.erika/0009775-000414257760/image/0009775-000414257760.jpg,SUNRGBD/xtion/sun3ddata/mit_gym_dupont/gym_dupont_nov_1_2012_scan1.erika/0009775-000414257760/depth_bfx/0009758-000414249756.png,rule,"{""a_concept"": ""trashcan"", ""a_depth_m"": 5.7230000495910645, ""b_concept"": ""table"", ""b_depth_m"": 1.4739999771118164, ""comparative"": ""closer"", ""answer_concept"": ""table""}"
test_009518,xtion/sun3ddata/mit_w85a/a2/0002135-000071523144,sun3d:mit_w85a/a2,xtion,bathroom,test,relative_depth,farther,4,"Of the door and the pipe, which is farther?",,pipe,choice,door|pipe,SUNRGBD/xtion/sun3ddata/mit_w85a/a2/0002135-000071523144/image/0002135-000071523144.jpg,SUNRGBD/xtion/sun3ddata/mit_w85a/a2/0002135-000071523144/depth_bfx/0002144-000071537905.png,rule,"{""a_concept"": ""pipe"", ""a_depth_m"": 1.0859999656677246, ""b_concept"": ""door"", ""b_depth_m"": 0.5460000038146973, ""comparative"": ""farther"", ""answer_concept"": ""pipe""}"
test_011966,xtion/sun3ddata/mit_dorm_ec_tam/dorm_ec_tam_oct_30_2012_scan1_erika/0002372-000103593680,sun3d:mit_dorm_ec_tam/dorm_ec_tam_oct_30_2012_scan1_erika,xtion,bedroom,test,relative_depth,farther,5,"Which one is farther, the light or the shelf?",,light,choice,light|shelf,SUNRGBD/xtion/sun3ddata/mit_dorm_ec_tam/dorm_ec_tam_oct_30_2012_scan1_erika/0002372-000103593680/image/0002372-000103593680.jpg,SUNRGBD/xtion/sun3ddata/mit_dorm_ec_tam/dorm_ec_tam_oct_30_2012_scan1_erika/0002372-000103593680/depth_bfx/0002363-000103578152.png,rule,"{""a_concept"": ""light"", ""a_depth_m"": 2.5169999599456787, ""b_concept"": ""shelf"", ""b_depth_m"": 1.5640000104904175, ""comparative"": ""farther"", ""answer_concept"": ""light""}"
test_006098,xtion/sun3ddata/mit_w85_4/4_1/0010034-000336399691,sun3d:mit_w85_4/4_1,xtion,bedroom,test,relative_depth,closer,0,"Which is closer to the camera, the table or the towel?",,table,choice,table|towel,SUNRGBD/xtion/sun3ddata/mit_w85_4/4_1/0010034-000336399691/image/0010034-000336399691.jpg,SUNRGBD/xtion/sun3ddata/mit_w85_4/4_1/0010034-000336399691/depth_bfx/0010082-000336395409.png,rule,"{""a_concept"": ""towel"", ""a_depth_m"": 1.7829999923706055, ""b_concept"": ""table"", ""b_depth_m"": 0.9900000095367432, ""comparative"": ""closer"", ""answer_concept"": ""table""}"
test_003622,xtion/sun3ddata/mit_w85_8/8_1/0005807-000194824062,sun3d:mit_w85_8/8_1,xtion,bedroom,test,relative_depth,closer,5,"Which one is closer, the screen or the table?",,table,choice,screen|table,SUNRGBD/xtion/sun3ddata/mit_w85_8/8_1/0005807-000194824062/image/0005807-000194824062.jpg,SUNRGBD/xtion/sun3ddata/mit_w85_8/8_1/0005807-000194824062/depth_bfx/0005831-000194809681.png,rule,"{""a_concept"": ""screen"", ""a_depth_m"": 2.2679998874664307, ""b_concept"": ""table"", ""b_depth_m"": 1.7960000038146973, ""comparative"": ""closer"", ""answer_concept"": ""table""}"
test_005727,xtion/sun3ddata/mit_w85j/j1/0006485-000217384776,sun3d:mit_w85j/j1,xtion,kitchen,test,relative_depth,closer,1,"Between the table and the bottle, which one is closer to the camera?",,bottle,choice,table|bottle,SUNRGBD/xtion/sun3ddata/mit_w85j/j1/0006485-000217384776/image/0006485-000217384776.jpg,SUNRGBD/xtion/sun3ddata/mit_w85j/j1/0006485-000217384776/depth_bfx/0006515-000217387244.png,rule,"{""a_concept"": ""table"", ""a_depth_m"": 3.0950000286102295, ""b_concept"": ""bottle"", ""b_depth_m"": 1.746000051498413, ""comparative"": ""closer"", ""answer_concept"": ""bottle""}"
test_003876,xtion/sun3ddata/mit_46_ted_lab2/ted_lab_a/0006301-000211395759,sun3d:mit_46_ted_lab2/ted_lab_a,xtion,office,test,relative_depth,farther,0,"Which is farther from the camera, the keyboard or the chair?",,keyboard,choice,keyboard|chair,SUNRGBD/xtion/sun3ddata/mit_46_ted_lab2/ted_lab_a/0006301-000211395759/image/0006301-000211395759.jpg,SUNRGBD/xtion/sun3ddata/mit_46_ted_lab2/ted_lab_a/0006301-000211395759/depth_bfx/0006330-000211394198.png,rule,"{""a_concept"": ""keyboard"", ""a_depth_m"": 1.527999997138977, ""b_concept"": ""chair"", ""b_depth_m"": 1.1100000143051147, ""comparative"": ""farther"", ""answer_concept"": ""keyboard""}"
test_010654,xtion/sun3ddata/mit_32_g631/g631_1/0001464-000049057213,sun3d:mit_32_g631/g631_1,xtion,conference_room,test,relative_depth,farther,4,"Of the box and the whiteboard, which is farther?",,box,choice,box|whiteboard,SUNRGBD/xtion/sun3ddata/mit_32_g631/g631_1/0001464-000049057213/image/0001464-000049057213.jpg,SUNRGBD/xtion/sun3ddata/mit_32_g631/g631_1/0001464-000049057213/depth_bfx/0001470-000049052797.png,rule,"{""a_concept"": ""whiteboard"", ""a_depth_m"": 1.5149999856948853, ""b_concept"": ""box"", ""b_depth_m"": 1.9570000171661377, ""comparative"": ""farther"", ""answer_concept"": ""box""}"
test_013759,xtion/sun3ddata/mit_ne47_huge_office/ne47_floor2_office_1/0000726-000024299100,sun3d:mit_ne47_huge_office/ne47_floor2_office_1,xtion,office,test,relative_depth,farther,3,"Which object is farther from the camera, the monitor or the cup?",,monitor,choice,monitor|cup,SUNRGBD/xtion/sun3ddata/mit_ne47_huge_office/ne47_floor2_office_1/0000726-000024299100/image/0000726-000024299100.jpg,SUNRGBD/xtion/sun3ddata/mit_ne47_huge_office/ne47_floor2_office_1/0000726-000024299100/depth_bfx/0000729-000024303954.png,rule,"{""a_concept"": ""monitor"", ""a_depth_m"": 1.8480000495910645, ""b_concept"": ""cup"", ""b_depth_m"": 1.0269999504089355, ""comparative"": ""farther"", ""answer_concept"": ""monitor""}"
test_008026,xtion/sun3ddata/mit_36_ti_office/tian_office_1/0002270-000076081320,sun3d:mit_36_ti_office/tian_office_1,xtion,office,test,relative_depth,closer,3,"Which object is closer to the camera, the book or the stand?",,book,choice,book|stand,SUNRGBD/xtion/sun3ddata/mit_36_ti_office/tian_office_1/0002270-000076081320/image/0002270-000076081320.jpg,SUNRGBD/xtion/sun3ddata/mit_36_ti_office/tian_office_1/0002270-000076081320/depth_bfx/0002280-000076077613.png,rule,"{""a_concept"": ""book"", ""a_depth_m"": 2.111999988555908, ""b_concept"": ""stand"", ""b_depth_m"": 3.374000072479248, ""comparative"": ""closer"", ""answer_concept"": ""book""}"
test_009164,xtion/sun3ddata/mit_3_huge_office/cl_1/0007624-000255492468,sun3d:mit_3_huge_office/cl_1,xtion,office,test,relative_depth,farther,2,Is the carpet or the file cabinet farther from the camera?,,file cabinet,choice,carpet|file_cabinet,SUNRGBD/xtion/sun3ddata/mit_3_huge_office/cl_1/0007624-000255492468/image/0007624-000255492468.jpg,SUNRGBD/xtion/sun3ddata/mit_3_huge_office/cl_1/0007624-000255492468/depth_bfx/0007657-000255495042.png,rule,"{""a_concept"": ""carpet"", ""a_depth_m"": 2.8959999084472656, ""b_concept"": ""filecabinet"", ""b_depth_m"": 3.6700000762939453, ""comparative"": ""farther"", ""answer_concept"": ""filecabinet""}"
test_013871,xtion/sun3ddata/mit_5_234/classroom_5234_nov_6_2012_scan1_erika/0001745-000076911531,sun3d:mit_5_234/classroom_5234_nov_6_2012_scan1_erika,xtion,classroom,test,relative_depth,farther,1,"Between the trash can and the blackboard, which one is farther from the camera?",,blackboard,choice,trash_can|blackboard,SUNRGBD/xtion/sun3ddata/mit_5_234/classroom_5234_nov_6_2012_scan1_erika/0001745-000076911531/image/0001745-000076911531.jpg,SUNRGBD/xtion/sun3ddata/mit_5_234/classroom_5234_nov_6_2012_scan1_erika/0001745-000076911531/depth_bfx/0001748-000076916122.png,rule,"{""a_concept"": ""blackboard"", ""a_depth_m"": 2.5769999027252197, ""b_concept"": ""trashcan"", ""b_depth_m"": 1.6469999551773071, ""comparative"": ""farther"", ""answer_concept"": ""blackboard""}"
test_013375,xtion/sun3ddata/mit_3_133/classroom_3133_nov_6_2012_scan1_erika/0003665-000160239996,sun3d:mit_3_133/classroom_3133_nov_6_2012_scan1_erika,xtion,lecture_theatre,test,relative_depth,farther,4,"Of the table and the bin, which is farther?",,table,choice,table|bin,SUNRGBD/xtion/sun3ddata/mit_3_133/classroom_3133_nov_6_2012_scan1_erika/0003665-000160239996/image/0003665-000160239996.jpg,SUNRGBD/xtion/sun3ddata/mit_3_133/classroom_3133_nov_6_2012_scan1_erika/0003665-000160239996/depth_bfx/0003664-000160226927.png,rule,"{""a_concept"": ""bin"", ""a_depth_m"": 3.3269999027252197, ""b_concept"": ""table"", ""b_depth_m"": 4.914000034332275, ""comparative"": ""farther"", ""answer_concept"": ""table""}"
test_010133,xtion/sun3ddata/mit_76_417/76-417a/0002284-000076517028,sun3d:mit_76_417/76-417a,xtion,lab,test,relative_depth,farther,0,"Which is farther from the camera, the shelf or the table?",,shelf,choice,shelf|table,SUNRGBD/xtion/sun3ddata/mit_76_417/76-417a/0002284-000076517028/image/0002284-000076517028.jpg,SUNRGBD/xtion/sun3ddata/mit_76_417/76-417a/0002284-000076517028/depth_bfx/0002294-000076525933.png,rule,"{""a_concept"": ""shelf"", ""a_depth_m"": 2.305999994277954, ""b_concept"": ""table"", ""b_depth_m"": 1.3559999465942383, ""comparative"": ""farther"", ""answer_concept"": ""shelf""}"
test_011401,xtion/sun3ddata/mit_ne47_2corridor/ne47_floor2_corridor/0002426-000081343536,sun3d:mit_ne47_2corridor/ne47_floor2_corridor,xtion,dining_area,test,relative_depth,closer,0,"Which is closer to the camera, the window or the cabinet?",,cabinet,choice,window|cabinet,SUNRGBD/xtion/sun3ddata/mit_ne47_2corridor/ne47_floor2_corridor/0002426-000081343536/image/0002426-000081343536.jpg,SUNRGBD/xtion/sun3ddata/mit_ne47_2corridor/ne47_floor2_corridor/0002426-000081343536/depth_bfx/0002439-000081354232.png,rule,"{""a_concept"": ""cabinet"", ""a_depth_m"": 1.2979999780654907, ""b_concept"": ""window"", ""b_depth_m"": 4.11899995803833, ""comparative"": ""closer"", ""answer_concept"": ""cabinet""}"
test_001527,xtion/sun3ddata/mit_dorm_next_536/dorm_next_536_oct_29_2012_scan1_erika/0001594-000070518268,sun3d:mit_dorm_next_536/dorm_next_536_oct_29_2012_scan1_erika,xtion,bedroom,test,relative_depth,farther,4,"Of the shoe and the window, which is farther?",,window,choice,shoe|window,SUNRGBD/xtion/sun3ddata/mit_dorm_next_536/dorm_next_536_oct_29_2012_scan1_erika/0001594-000070518268/image/0001594-000070518268.jpg,SUNRGBD/xtion/sun3ddata/mit_dorm_next_536/dorm_next_536_oct_29_2012_scan1_erika/0001594-000070518268/depth_bfx/0001586-000070509225.png,rule,"{""a_concept"": ""window"", ""a_depth_m"": 2.739000082015991, ""b_concept"": ""shoe"", ""b_depth_m"": 1.4199999570846558, ""comparative"": ""farther"", ""answer_concept"": ""window""}"
test_013464,xtion/sun3ddata/mit_76_417/76-417a/0001729-000057915648,sun3d:mit_76_417/76-417a,xtion,lab,test,relative_depth,closer,4,"Of the bottle and the table, which is closer?",,table,choice,bottle|table,SUNRGBD/xtion/sun3ddata/mit_76_417/76-417a/0001729-000057915648/image/0001729-000057915648.jpg,SUNRGBD/xtion/sun3ddata/mit_76_417/76-417a/0001729-000057915648/depth_bfx/0001736-000057905891.png,rule,"{""a_concept"": ""table"", ""a_depth_m"": 1.746999979019165, ""b_concept"": ""bottle"", ""b_depth_m"": 2.3499999046325684, ""comparative"": ""closer"", ""answer_concept"": ""table""}"
test_006682,xtion/xtion_align_data/2014_12_18_13_59_25,scene:xtion/xtion_align_data/2014_12_18_13_59_25,xtion,bathroom,test,relative_depth,closer,5,"Which one is closer, the toilet or the toilet paper?",,toilet paper,choice,toilet|toilet_paper,SUNRGBD/xtion/xtion_align_data/2014_12_18_13_59_25/image/0000016.jpg,SUNRGBD/xtion/xtion_align_data/2014_12_18_13_59_25/depth_bfx/0000016.png,rule,"{""a_concept"": ""toilet"", ""a_depth_m"": 1.5989999771118164, ""b_concept"": ""toiletpaper"", ""b_depth_m"": 1.1679999828338623, ""comparative"": ""closer"", ""answer_concept"": ""toiletpaper""}"
test_002180,xtion/sun3ddata/mit_w85k1/scan_1/0002336-000078270215,sun3d:mit_w85k1/scan_1,xtion,bedroom,test,relative_depth,farther,3,"Which object is farther from the camera, the door or the computer?",,computer,choice,door|computer,SUNRGBD/xtion/sun3ddata/mit_w85k1/scan_1/0002336-000078270215/image/0002336-000078270215.jpg,SUNRGBD/xtion/sun3ddata/mit_w85k1/scan_1/0002336-000078270215/depth_bfx/0002347-000078284260.png,rule,"{""a_concept"": ""door"", ""a_depth_m"": 0.7160000205039978, ""b_concept"": ""computer"", ""b_depth_m"": 3.2179999351501465, ""comparative"": ""farther"", ""answer_concept"": ""computer""}"
test_008748,xtion/sun3ddata/mit_ne47_2conf/ne47_floor2_conf_room/0000667-000022321656,sun3d:mit_ne47_2conf/ne47_floor2_conf_room,xtion,conference_room,test,relative_depth,closer,3,"Which object is closer to the camera, the cpu or the table?",,table,choice,cpu|table,SUNRGBD/xtion/sun3ddata/mit_ne47_2conf/ne47_floor2_conf_room/0000667-000022321656/image/0000667-000022321656.jpg,SUNRGBD/xtion/sun3ddata/mit_ne47_2conf/ne47_floor2_conf_room/0000667-000022321656/depth_bfx/0000669-000022310798.png,rule,"{""a_concept"": ""table"", ""a_depth_m"": 1.3669999837875366, ""b_concept"": ""cpu"", ""b_depth_m"": 1.878000020980835, ""comparative"": ""closer"", ""answer_concept"": ""table""}"
test_003807,xtion/sun3ddata/mit_ne47_huge_office/ne47_floor2_office_2/0003232-000108303320,sun3d:mit_ne47_huge_office/ne47_floor2_office_2,xtion,office,test,relative_depth,farther,3,"Which object is farther from the camera, the desk or the whiteboard?",,whiteboard,choice,desk|whiteboard,SUNRGBD/xtion/sun3ddata/mit_ne47_huge_office/ne47_floor2_office_2/0003232-000108303320/image/0003232-000108303320.jpg,SUNRGBD/xtion/sun3ddata/mit_ne47_huge_office/ne47_floor2_office_2/0003232-000108303320/depth_bfx/0003247-000108316586.png,rule,"{""a_concept"": ""desk"", ""a_depth_m"": 2.1730000972747803, ""b_concept"": ""whiteboard"", ""b_depth_m"": 2.5199999809265137, ""comparative"": ""farther"", ""answer_concept"": ""whiteboard""}"
test_001934,xtion/sun3ddata/mit_lab_koch/lab_koch_bench_nov_2_2012_scan1_erika/0003083-000136349215,sun3d:mit_lab_koch/lab_koch_bench_nov_2_2012_scan1_erika,xtion,lab,test,relative_depth,closer,3,"Which object is closer to the camera, the chair or the window?",,chair,choice,chair|window,SUNRGBD/xtion/sun3ddata/mit_lab_koch/lab_koch_bench_nov_2_2012_scan1_erika/0003083-000136349215/image/0003083-000136349215.jpg,SUNRGBD/xtion/sun3ddata/mit_lab_koch/lab_koch_bench_nov_2_2012_scan1_erika/0003083-000136349215/depth_bfx/0003075-000136346755.png,rule,"{""a_concept"": ""chair"", ""a_depth_m"": 1.9359999895095825, ""b_concept"": ""window"", ""b_depth_m"": 2.7100000381469727, ""comparative"": ""closer"", ""answer_concept"": ""chair""}"
test_010835,xtion/sun3ddata/mit_32_g631/g631_1/0001964-000065815213,sun3d:mit_32_g631/g631_1,xtion,conference_room,test,relative_depth,farther,0,"Which is farther from the camera, the paper or the board?",,board,choice,paper|board,SUNRGBD/xtion/sun3ddata/mit_32_g631/g631_1/0001964-000065815213/image/0001964-000065815213.jpg,SUNRGBD/xtion/sun3ddata/mit_32_g631/g631_1/0001964-000065815213/depth_bfx/0001972-000065804161.png,rule,"{""a_concept"": ""paper"", ""a_depth_m"": 1.5700000524520874, ""b_concept"": ""board"", ""b_depth_m"": 4.644000053405762, ""comparative"": ""farther"", ""answer_concept"": ""board""}"
test_005232,xtion/sun3ddata/mit_w16/kresge_back/0000928-000042373658,sun3d:mit_w16/kresge_back,xtion,basement,test,relative_depth,closer,0,"Which is closer to the camera, the glass or the curtain?",,glass,choice,glass|curtain,SUNRGBD/xtion/sun3ddata/mit_w16/kresge_back/0000928-000042373658/image/0000928-000042373658.jpg,SUNRGBD/xtion/sun3ddata/mit_w16/kresge_back/0000928-000042373658/depth_bfx/0000933-000042345578.png,rule,"{""a_concept"": ""curtain"", ""a_depth_m"": 3.1070001125335693, ""b_concept"": ""glass"", ""b_depth_m"": 0.9589999914169312, ""comparative"": ""closer"", ""answer_concept"": ""glass""}"
test_005293,xtion/sun3ddata/mit_32_lounge_d429/d4_lounge_1/0003315-000111072024,sun3d:mit_32_lounge_d429/d4_lounge_1,xtion,office,test,relative_depth,closer,5,"Which one is closer, the table leg or the window?",,table leg,choice,table_leg|window,SUNRGBD/xtion/sun3ddata/mit_32_lounge_d429/d4_lounge_1/0003315-000111072024/image/0003315-000111072024.jpg,SUNRGBD/xtion/sun3ddata/mit_32_lounge_d429/d4_lounge_1/0003315-000111072024/depth_bfx/0003327-000111063152.png,rule,"{""a_concept"": ""window"", ""a_depth_m"": 4.51200008392334, ""b_concept"": ""tableleg"", ""b_depth_m"": 2.109999895095825, ""comparative"": ""closer"", ""answer_concept"": ""tableleg""}"
test_003846,kv2/kinect2data/002787_2014-06-22_19-35-48_094959634447_rgbf000078-resize,scene:kv2/kinect2data/002787_2014-06-22_19-35-48_094959634447_rgbf000078-resize,kv2,rest_space,test,relative_depth,closer,0,"Which is closer to the camera, the sofa or the refrigerator?",,sofa,choice,sofa|refrigerator,SUNRGBD/kv2/kinect2data/002787_2014-06-22_19-35-48_094959634447_rgbf000078-resize/image/0000078.jpg,SUNRGBD/kv2/kinect2data/002787_2014-06-22_19-35-48_094959634447_rgbf000078-resize/depth_bfx/0000078.png,rule,"{""a_concept"": ""sofa"", ""a_depth_m"": 2.242000102996826, ""b_concept"": ""refrigerator"", ""b_depth_m"": 4.8979997634887695, ""comparative"": ""closer"", ""answer_concept"": ""sofa""}"
test_009613,kv2/kinect2data/001772_2014-06-26_19-58-54_260595134347_rgbf000056-resize,scene:kv2/kinect2data/001772_2014-06-26_19-58-54_260595134347_rgbf000056-resize,kv2,furniture_store,test,relative_depth,farther,1,"Between the mirror and the coffee table, which one is farther from the camera?",,coffee table,choice,mirror|coffee_table,SUNRGBD/kv2/kinect2data/001772_2014-06-26_19-58-54_260595134347_rgbf000056-resize/image/0000056.jpg,SUNRGBD/kv2/kinect2data/001772_2014-06-26_19-58-54_260595134347_rgbf000056-resize/depth_bfx/0000056.png,rule,"{""a_concept"": ""coffeetable"", ""a_depth_m"": 4.64300012588501, ""b_concept"": ""mirror"", ""b_depth_m"": 1.215000033378601, ""comparative"": ""farther"", ""answer_concept"": ""coffeetable""}"
test_003630,kv2/kinect2data/003178_2014-05-12_21-53-27_094959634447_rgbf000101-resize,scene:kv2/kinect2data/003178_2014-05-12_21-53-27_094959634447_rgbf000101-resize,kv2,classroom,test,relative_depth,farther,3,"Which object is farther from the camera, the screen or the light?",,screen,choice,screen|light,SUNRGBD/kv2/kinect2data/003178_2014-05-12_21-53-27_094959634447_rgbf000101-resize/image/0000101.jpg,SUNRGBD/kv2/kinect2data/003178_2014-05-12_21-53-27_094959634447_rgbf000101-resize/depth_bfx/0000101.png,rule,"{""a_concept"": ""light"", ""a_depth_m"": 0.9810000061988831, ""b_concept"": ""screen"", ""b_depth_m"": 2.499000072479248, ""comparative"": ""farther"", ""answer_concept"": ""screen""}"
test_007468,kv2/kinect2data/001707_2014-06-26_19-23-06_260595134347_rgbf000033-resize,scene:kv2/kinect2data/001707_2014-06-26_19-23-06_260595134347_rgbf000033-resize,kv2,furniture_store,test,relative_depth,closer,2,Is the chair or the picture closer to the camera?,,chair,choice,chair|picture,SUNRGBD/kv2/kinect2data/001707_2014-06-26_19-23-06_260595134347_rgbf000033-resize/image/0000033.jpg,SUNRGBD/kv2/kinect2data/001707_2014-06-26_19-23-06_260595134347_rgbf000033-resize/depth_bfx/0000033.png,rule,"{""a_concept"": ""picture"", ""a_depth_m"": 4.769999980926514, ""b_concept"": ""chair"", ""b_depth_m"": 1.965000033378601, ""comparative"": ""closer"", ""answer_concept"": ""chair""}"
test_014100,kv2/kinect2data/000047_2014-05-26_15-00-28_260595134347_rgbf000053-resize,scene:kv2/kinect2data/000047_2014-05-26_15-00-28_260595134347_rgbf000053-resize,kv2,furniture_store,test,relative_depth,farther,0,"Which is farther from the camera, the bed frame or the pillow?",,pillow,choice,bed_frame|pillow,SUNRGBD/kv2/kinect2data/000047_2014-05-26_15-00-28_260595134347_rgbf000053-resize/image/0000053.jpg,SUNRGBD/kv2/kinect2data/000047_2014-05-26_15-00-28_260595134347_rgbf000053-resize/depth_bfx/0000053.png,rule,"{""a_concept"": ""pillow"", ""a_depth_m"": 3.3529999256134033, ""b_concept"": ""bedframe"", ""b_depth_m"": 1.781000018119812, ""comparative"": ""farther"", ""answer_concept"": ""pillow""}"
test_001398,kv2/kinect2data/003303_2014-05-15_11-26-13_094959634447_rgbf000038-resize,scene:kv2/kinect2data/003303_2014-05-15_11-26-13_094959634447_rgbf000038-resize,kv2,study_space,test,relative_depth,closer,2,Is the wire or the door closer to the camera?,,wire,choice,wire|door,SUNRGBD/kv2/kinect2data/003303_2014-05-15_11-26-13_094959634447_rgbf000038-resize/image/0000038.jpg,SUNRGBD/kv2/kinect2data/003303_2014-05-15_11-26-13_094959634447_rgbf000038-resize/depth_bfx/0000038.png,rule,"{""a_concept"": ""wire"", ""a_depth_m"": 1.5880000591278076, ""b_concept"": ""door"", ""b_depth_m"": 2.002000093460083, ""comparative"": ""closer"", ""answer_concept"": ""wire""}"
test_011549,kv2/align_kv2/2014-12-18_11-50-55_260595134347,scene:kv2/align_kv2/2014-12-18_11-50-55_260595134347,kv2,conference_room,test,relative_depth,closer,2,Is the door or the whiteboard closer to the camera?,,whiteboard,choice,door|whiteboard,SUNRGBD/kv2/align_kv2/2014-12-18_11-50-55_260595134347/image/0000138.jpg,SUNRGBD/kv2/align_kv2/2014-12-18_11-50-55_260595134347/depth_bfx/0000138.png,rule,"{""a_concept"": ""door"", ""a_depth_m"": 6.125999927520752, ""b_concept"": ""whiteboard"", ""b_depth_m"": 3.992000102996826, ""comparative"": ""closer"", ""answer_concept"": ""whiteboard""}"
test_008449,kv2/kinect2data/000991_2014-06-08_17-14-05_260595134347_rgbf000067-resize,scene:kv2/kinect2data/000991_2014-06-08_17-14-05_260595134347_rgbf000067-resize,kv2,corridor,test,relative_depth,farther,5,"Which one is farther, the bookshelf or the board?",,bookshelf,choice,bookshelf|board,SUNRGBD/kv2/kinect2data/000991_2014-06-08_17-14-05_260595134347_rgbf000067-resize/image/0000067.jpg,SUNRGBD/kv2/kinect2data/000991_2014-06-08_17-14-05_260595134347_rgbf000067-resize/depth_bfx/0000067.png,rule,"{""a_concept"": ""board"", ""a_depth_m"": 1.7910000085830688, ""b_concept"": ""bookshelf"", ""b_depth_m"": 3.2909998893737793, ""comparative"": ""farther"", ""answer_concept"": ""bookshelf""}"
test_008570,kv2/kinect2data/002975_2014-06-08_18-26-45_094959634447_rgbf000151-resize,scene:kv2/kinect2data/002975_2014-06-08_18-26-45_094959634447_rgbf000151-resize,kv2,furniture_store,test,relative_depth,closer,0,"Which is closer to the camera, the bed or the book?",,book,choice,bed|book,SUNRGBD/kv2/kinect2data/002975_2014-06-08_18-26-45_094959634447_rgbf000151-resize/image/0000151.jpg,SUNRGBD/kv2/kinect2data/002975_2014-06-08_18-26-45_094959634447_rgbf000151-resize/depth_bfx/0000151.png,rule,"{""a_concept"": ""book"", ""a_depth_m"": 1.0069999694824219, ""b_concept"": ""bed"", ""b_depth_m"": 2.2070000171661377, ""comparative"": ""closer"", ""answer_concept"": ""book""}"
test_009641,kv2/kinect2data/003504_2014-05-21_16-36-49_094959634447_rgbf000100-resize,scene:kv2/kinect2data/003504_2014-05-21_16-36-49_094959634447_rgbf000100-resize,kv2,office,test,relative_depth,closer,3,"Which object is closer to the camera, the cabinet or the window?",,window,choice,cabinet|window,SUNRGBD/kv2/kinect2data/003504_2014-05-21_16-36-49_094959634447_rgbf000100-resize/image/0000100.jpg,SUNRGBD/kv2/kinect2data/003504_2014-05-21_16-36-49_094959634447_rgbf000100-resize/depth_bfx/0000100.png,rule,"{""a_concept"": ""window"", ""a_depth_m"": 1.5140000581741333, ""b_concept"": ""cabinet"", ""b_depth_m"": 1.934000015258789, ""comparative"": ""closer"", ""answer_concept"": ""window""}"
test_010824,kv2/kinect2data/000134_2014-05-20_17-02-34_260595134347_rgbf000101-resize,scene:kv2/kinect2data/000134_2014-05-20_17-02-34_260595134347_rgbf000101-resize,kv2,study_space,test,relative_depth,farther,3,"Which object is farther from the camera, the whiteboard or the door?",,whiteboard,choice,whiteboard|door,SUNRGBD/kv2/kinect2data/000134_2014-05-20_17-02-34_260595134347_rgbf000101-resize/image/0000101.jpg,SUNRGBD/kv2/kinect2data/000134_2014-05-20_17-02-34_260595134347_rgbf000101-resize/depth_bfx/0000101.png,rule,"{""a_concept"": ""door"", ""a_depth_m"": 2.759000062942505, ""b_concept"": ""whiteboard"", ""b_depth_m"": 4.943999767303467, ""comparative"": ""farther"", ""answer_concept"": ""whiteboard""}"
test_000478,kv2/kinect2data/000836_2014-06-04_19-53-08_260595134347_rgbf000044-resize,scene:kv2/kinect2data/000836_2014-06-04_19-53-08_260595134347_rgbf000044-resize,kv2,bathroom,test,relative_depth,farther,0,"Which is farther from the camera, the toilet or the door?",,toilet,choice,toilet|door,SUNRGBD/kv2/kinect2data/000836_2014-06-04_19-53-08_260595134347_rgbf000044-resize/image/0000044.jpg,SUNRGBD/kv2/kinect2data/000836_2014-06-04_19-53-08_260595134347_rgbf000044-resize/depth_bfx/0000044.png,rule,"{""a_concept"": ""toilet"", ""a_depth_m"": 1.2949999570846558, ""b_concept"": ""door"", ""b_depth_m"": 0.5789999961853027, ""comparative"": ""farther"", ""answer_concept"": ""toilet""}"
test_014093,kv2/kinect2data/001052_2014-06-08_18-24-54_260595134347_rgbf000130-resize,scene:kv2/kinect2data/001052_2014-06-08_18-24-54_260595134347_rgbf000130-resize,kv2,office,test,relative_depth,farther,5,"Which one is farther, the window or the book?",,book,choice,window|book,SUNRGBD/kv2/kinect2data/001052_2014-06-08_18-24-54_260595134347_rgbf000130-resize/image/0000130.jpg,SUNRGBD/kv2/kinect2data/001052_2014-06-08_18-24-54_260595134347_rgbf000130-resize/depth_bfx/0000130.png,rule,"{""a_concept"": ""window"", ""a_depth_m"": 3.5220000743865967, ""b_concept"": ""book"", ""b_depth_m"": 6.189000129699707, ""comparative"": ""farther"", ""answer_concept"": ""book""}"
test_008012,kv2/kinect2data/003246_2014-05-14_14-14-07_094959634447_rgbf000100-resize,scene:kv2/kinect2data/003246_2014-05-14_14-14-07_094959634447_rgbf000100-resize,kv2,classroom,test,relative_depth,closer,3,"Which object is closer to the camera, the counter or the cupboard?",,counter,choice,counter|cupboard,SUNRGBD/kv2/kinect2data/003246_2014-05-14_14-14-07_094959634447_rgbf000100-resize/image/0000100.jpg,SUNRGBD/kv2/kinect2data/003246_2014-05-14_14-14-07_094959634447_rgbf000100-resize/depth_bfx/0000100.png,rule,"{""a_concept"": ""counter"", ""a_depth_m"": 2.555000066757202, ""b_concept"": ""cupboard"", ""b_depth_m"": 7.73199987411499, ""comparative"": ""closer"", ""answer_concept"": ""counter""}"
test_002969,kv2/kinect2data/003176_2014-05-12_21-52-31_094959634447_rgbf000101-resize,scene:kv2/kinect2data/003176_2014-05-12_21-52-31_094959634447_rgbf000101-resize,kv2,classroom,test,relative_depth,farther,3,"Which object is farther from the camera, the table or the door?",,table,choice,table|door,SUNRGBD/kv2/kinect2data/003176_2014-05-12_21-52-31_094959634447_rgbf000101-resize/image/0000101.jpg,SUNRGBD/kv2/kinect2data/003176_2014-05-12_21-52-31_094959634447_rgbf000101-resize/depth_bfx/0000101.png,rule,"{""a_concept"": ""door"", ""a_depth_m"": 4.916999816894531, ""b_concept"": ""table"", ""b_depth_m"": 6.414000034332275, ""comparative"": ""farther"", ""answer_concept"": ""table""}"
test_009296,kv2/kinect2data/002732_2014-06-22_12-04-39_094959634447_rgbf000076-resize,scene:kv2/kinect2data/002732_2014-06-22_12-04-39_094959634447_rgbf000076-resize,kv2,bathroom,test,relative_depth,closer,1,"Between the toilet and the sink, which one is closer to the camera?",,sink,choice,toilet|sink,SUNRGBD/kv2/kinect2data/002732_2014-06-22_12-04-39_094959634447_rgbf000076-resize/image/0000076.jpg,SUNRGBD/kv2/kinect2data/002732_2014-06-22_12-04-39_094959634447_rgbf000076-resize/depth_bfx/0000076.png,rule,"{""a_concept"": ""toilet"", ""a_depth_m"": 1.6649999618530273, ""b_concept"": ""sink"", ""b_depth_m"": 0.6100000143051147, ""comparative"": ""closer"", ""answer_concept"": ""sink""}"
test_005817,kv2/kinect2data/002953_2014-06-08_17-32-18_094959634447_rgbf000059-resize,scene:kv2/kinect2data/002953_2014-06-08_17-32-18_094959634447_rgbf000059-resize,kv2,furniture_store,test,relative_depth,closer,3,"Which object is closer to the camera, the table or the chair?",,table,choice,table|chair,SUNRGBD/kv2/kinect2data/002953_2014-06-08_17-32-18_094959634447_rgbf000059-resize/image/0000059.jpg,SUNRGBD/kv2/kinect2data/002953_2014-06-08_17-32-18_094959634447_rgbf000059-resize/depth_bfx/0000059.png,rule,"{""a_concept"": ""chair"", ""a_depth_m"": 3.7009999752044678, ""b_concept"": ""table"", ""b_depth_m"": 1.4249999523162842, ""comparative"": ""closer"", ""answer_concept"": ""table""}"
test_011845,kv2/kinect2data/003506_2014-05-21_17-30-36_094959634447_rgbf000102-resize,scene:kv2/kinect2data/003506_2014-05-21_17-30-36_094959634447_rgbf000102-resize,kv2,office,test,relative_depth,closer,1,"Between the window and the trash can, which one is closer to the camera?",,trash can,choice,window|trash_can,SUNRGBD/kv2/kinect2data/003506_2014-05-21_17-30-36_094959634447_rgbf000102-resize/image/0000102.jpg,SUNRGBD/kv2/kinect2data/003506_2014-05-21_17-30-36_094959634447_rgbf000102-resize/depth_bfx/0000102.png,rule,"{""a_concept"": ""trashcan"", ""a_depth_m"": 1.3209999799728394, ""b_concept"": ""window"", ""b_depth_m"": 2.947999954223633, ""comparative"": ""closer"", ""answer_concept"": ""trashcan""}"
test_014043,kv2/kinect2data/003649_2014-05-24_13-58-23_094959634447_rgbf000100-resize,scene:kv2/kinect2data/003649_2014-05-24_13-58-23_094959634447_rgbf000100-resize,kv2,bedroom,test,relative_depth,farther,2,Is the bin or the bed frame farther from the camera?,,bed frame,choice,bin|bed_frame,SUNRGBD/kv2/kinect2data/003649_2014-05-24_13-58-23_094959634447_rgbf000100-resize/image/0000100.jpg,SUNRGBD/kv2/kinect2data/003649_2014-05-24_13-58-23_094959634447_rgbf000100-resize/depth_bfx/0000100.png,rule,"{""a_concept"": ""bin"", ""a_depth_m"": 1.722000002861023, ""b_concept"": ""bedframe"", ""b_depth_m"": 2.4549999237060547, ""comparative"": ""farther"", ""answer_concept"": ""bedframe""}"
test_003484,kv2/kinect2data/000506_2014-06-08_23-21-00_260595134347_rgbf000070-resize,scene:kv2/kinect2data/000506_2014-06-08_23-21-00_260595134347_rgbf000070-resize,kv2,discussion_area,test,relative_depth,farther,1,"Between the carpet and the whiteboard, which one is farther from the camera?",,whiteboard,choice,carpet|whiteboard,SUNRGBD/kv2/kinect2data/000506_2014-06-08_23-21-00_260595134347_rgbf000070-resize/image/0000070.jpg,SUNRGBD/kv2/kinect2data/000506_2014-06-08_23-21-00_260595134347_rgbf000070-resize/depth_bfx/0000070.png,rule,"{""a_concept"": ""whiteboard"", ""a_depth_m"": 3.687999963760376, ""b_concept"": ""carpet"", ""b_depth_m"": 2.2049999237060547, ""comparative"": ""farther"", ""answer_concept"": ""whiteboard""}"
test_007407,kv2/kinect2data/000861_2014-06-09_20-37-56_260595134347_rgbf000099-resize,scene:kv2/kinect2data/000861_2014-06-09_20-37-56_260595134347_rgbf000099-resize,kv2,dining_area,test,relative_depth,farther,2,Is the bench or the table farther from the camera?,,bench,choice,bench|table,SUNRGBD/kv2/kinect2data/000861_2014-06-09_20-37-56_260595134347_rgbf000099-resize/image/0000099.jpg,SUNRGBD/kv2/kinect2data/000861_2014-06-09_20-37-56_260595134347_rgbf000099-resize/depth_bfx/0000099.png,rule,"{""a_concept"": ""table"", ""a_depth_m"": 1.5850000381469727, ""b_concept"": ""bench"", ""b_depth_m"": 5.757999897003174, ""comparative"": ""farther"", ""answer_concept"": ""bench""}"
test_011700,kv2/kinect2data/003624_2014-05-23_22-00-55_094959634447_rgbf000101-resize,scene:kv2/kinect2data/003624_2014-05-23_22-00-55_094959634447_rgbf000101-resize,kv2,office,test,relative_depth,closer,1,"Between the bottle and the keyboard, which one is closer to the camera?",,bottle,choice,bottle|keyboard,SUNRGBD/kv2/kinect2data/003624_2014-05-23_22-00-55_094959634447_rgbf000101-resize/image/0000101.jpg,SUNRGBD/kv2/kinect2data/003624_2014-05-23_22-00-55_094959634447_rgbf000101-resize/depth_bfx/0000101.png,rule,"{""a_concept"": ""bottle"", ""a_depth_m"": 1.5440000295639038, ""b_concept"": ""keyboard"", ""b_depth_m"": 1.9730000495910645, ""comparative"": ""closer"", ""answer_concept"": ""bottle""}"
test_007081,kv2/kinect2data/001852_2014-06-22_13-22-25_260595134347_rgbf000047-resize,scene:kv2/kinect2data/001852_2014-06-22_13-22-25_260595134347_rgbf000047-resize,kv2,furniture_store,test,relative_depth,farther,0,"Which is farther from the camera, the flower or the cup?",,flower,choice,flower|cup,SUNRGBD/kv2/kinect2data/001852_2014-06-22_13-22-25_260595134347_rgbf000047-resize/image/0000047.jpg,SUNRGBD/kv2/kinect2data/001852_2014-06-22_13-22-25_260595134347_rgbf000047-resize/depth_bfx/0000047.png,rule,"{""a_concept"": ""cup"", ""a_depth_m"": 2.1059999465942383, ""b_concept"": ""flower"", ""b_depth_m"": 4.547999858856201, ""comparative"": ""farther"", ""answer_concept"": ""flower""}"
test_001597,kv2/kinect2data/001680_2014-06-26_19-14-19_260595134347_rgbf000040-resize,scene:kv2/kinect2data/001680_2014-06-26_19-14-19_260595134347_rgbf000040-resize,kv2,furniture_store,test,relative_depth,farther,3,"Which object is farther from the camera, the window or the door?",,window,choice,window|door,SUNRGBD/kv2/kinect2data/001680_2014-06-26_19-14-19_260595134347_rgbf000040-resize/image/0000040.jpg,SUNRGBD/kv2/kinect2data/001680_2014-06-26_19-14-19_260595134347_rgbf000040-resize/depth_bfx/0000040.png,rule,"{""a_concept"": ""window"", ""a_depth_m"": 5.158999919891357, ""b_concept"": ""door"", ""b_depth_m"": 0.7870000004768372, ""comparative"": ""farther"", ""answer_concept"": ""window""}"
test_012381,kv2/kinect2data/000030_2014-05-26_14-49-03_260595134347_rgbf000081-resize,scene:kv2/kinect2data/000030_2014-05-26_14-49-03_260595134347_rgbf000081-resize,kv2,furniture_store,test,relative_depth,farther,0,"Which is farther from the camera, the frame or the bed?",,frame,choice,frame|bed,SUNRGBD/kv2/kinect2data/000030_2014-05-26_14-49-03_260595134347_rgbf000081-resize/image/0000081.jpg,SUNRGBD/kv2/kinect2data/000030_2014-05-26_14-49-03_260595134347_rgbf000081-resize/depth_bfx/0000081.png,rule,"{""a_concept"": ""frame"", ""a_depth_m"": 3.4820001125335693, ""b_concept"": ""bed"", ""b_depth_m"": 1.3899999856948853, ""comparative"": ""farther"", ""answer_concept"": ""frame""}"
test_004503,kv2/kinect2data/001836_2014-06-22_13-16-35_260595134347_rgbf000053-resize,scene:kv2/kinect2data/001836_2014-06-22_13-16-35_260595134347_rgbf000053-resize,kv2,furniture_store,test,relative_depth,closer,2,Is the table or the door closer to the camera?,,table,choice,table|door,SUNRGBD/kv2/kinect2data/001836_2014-06-22_13-16-35_260595134347_rgbf000053-resize/image/0000053.jpg,SUNRGBD/kv2/kinect2data/001836_2014-06-22_13-16-35_260595134347_rgbf000053-resize/depth_bfx/0000053.png,rule,"{""a_concept"": ""table"", ""a_depth_m"": 1.5360000133514404, ""b_concept"": ""door"", ""b_depth_m"": 3.875999927520752, ""comparative"": ""closer"", ""answer_concept"": ""table""}"
test_004239,kv2/kinect2data/000715_2014-06-08_18-31-51_260595134347_rgbf000145-resize,scene:kv2/kinect2data/000715_2014-06-08_18-31-51_260595134347_rgbf000145-resize,kv2,office,test,relative_depth,closer,5,"Which one is closer, the television or the desk?",,television,choice,television|desk,SUNRGBD/kv2/kinect2data/000715_2014-06-08_18-31-51_260595134347_rgbf000145-resize/image/0000145.jpg,SUNRGBD/kv2/kinect2data/000715_2014-06-08_18-31-51_260595134347_rgbf000145-resize/depth_bfx/0000145.png,rule,"{""a_concept"": ""television"", ""a_depth_m"": 1.9559999704360962, ""b_concept"": ""desk"", ""b_depth_m"": 2.4170000553131104, ""comparative"": ""closer"", ""answer_concept"": ""television""}"
test_013557,kv2/kinect2data/001758_2014-06-26_19-53-49_260595134347_rgbf000035-resize,scene:kv2/kinect2data/001758_2014-06-26_19-53-49_260595134347_rgbf000035-resize,kv2,furniture_store,test,relative_depth,farther,5,"Which one is farther, the clock or the bed?",,clock,choice,clock|bed,SUNRGBD/kv2/kinect2data/001758_2014-06-26_19-53-49_260595134347_rgbf000035-resize/image/0000035.jpg,SUNRGBD/kv2/kinect2data/001758_2014-06-26_19-53-49_260595134347_rgbf000035-resize/depth_bfx/0000035.png,rule,"{""a_concept"": ""clock"", ""a_depth_m"": 4.958000183105469, ""b_concept"": ""bed"", ""b_depth_m"": 1.628000020980835, ""comparative"": ""farther"", ""answer_concept"": ""clock""}"
test_003925,kv2/kinect2data/000827_2014-06-04_19-29-38_260595134347_rgbf000055-resize,scene:kv2/kinect2data/000827_2014-06-04_19-29-38_260595134347_rgbf000055-resize,kv2,living_room,test,relative_depth,farther,4,"Of the mirror and the table, which is farther?",,mirror,choice,mirror|table,SUNRGBD/kv2/kinect2data/000827_2014-06-04_19-29-38_260595134347_rgbf000055-resize/image/0000055.jpg,SUNRGBD/kv2/kinect2data/000827_2014-06-04_19-29-38_260595134347_rgbf000055-resize/depth_bfx/0000055.png,rule,"{""a_concept"": ""mirror"", ""a_depth_m"": 6.769999980926514, ""b_concept"": ""table"", ""b_depth_m"": 2.0999999046325684, ""comparative"": ""farther"", ""answer_concept"": ""mirror""}"
test_007793,kv2/kinect2data/001686_2014-06-26_19-16-10_260595134347_rgbf000034-resize,scene:kv2/kinect2data/001686_2014-06-26_19-16-10_260595134347_rgbf000034-resize,kv2,furniture_store,test,relative_depth,farther,1,"Between the picture and the shelf, which one is farther from the camera?",,picture,choice,picture|shelf,SUNRGBD/kv2/kinect2data/001686_2014-06-26_19-16-10_260595134347_rgbf000034-resize/image/0000034.jpg,SUNRGBD/kv2/kinect2data/001686_2014-06-26_19-16-10_260595134347_rgbf000034-resize/depth_bfx/0000034.png,rule,"{""a_concept"": ""shelf"", ""a_depth_m"": 1.5540000200271606, ""b_concept"": ""picture"", ""b_depth_m"": 5.741000175476074, ""comparative"": ""farther"", ""answer_concept"": ""picture""}"
test_006465,kv2/kinect2data/001780_2014-06-26_20-01-42_260595134347_rgbf000064-resize,scene:kv2/kinect2data/001780_2014-06-26_20-01-42_260595134347_rgbf000064-resize,kv2,furniture_store,test,relative_depth,farther,3,"Which object is farther from the camera, the window or the lamp?",,lamp,choice,window|lamp,SUNRGBD/kv2/kinect2data/001780_2014-06-26_20-01-42_260595134347_rgbf000064-resize/image/0000064.jpg,SUNRGBD/kv2/kinect2data/001780_2014-06-26_20-01-42_260595134347_rgbf000064-resize/depth_bfx/0000064.png,rule,"{""a_concept"": ""window"", ""a_depth_m"": 3.2880001068115234, ""b_concept"": ""lamp"", ""b_depth_m"": 3.937000036239624, ""comparative"": ""farther"", ""answer_concept"": ""lamp""}"
test_009969,kv2/kinect2data/001050_2014-06-08_18-23-03_260595134347_rgbf000040-resize,scene:kv2/kinect2data/001050_2014-06-08_18-23-03_260595134347_rgbf000040-resize,kv2,corridor,test,relative_depth,closer,1,"Between the window and the board, which one is closer to the camera?",,board,choice,window|board,SUNRGBD/kv2/kinect2data/001050_2014-06-08_18-23-03_260595134347_rgbf000040-resize/image/0000040.jpg,SUNRGBD/kv2/kinect2data/001050_2014-06-08_18-23-03_260595134347_rgbf000040-resize/depth_bfx/0000040.png,rule,"{""a_concept"": ""board"", ""a_depth_m"": 2.7899999618530273, ""b_concept"": ""window"", ""b_depth_m"": 6.330999851226807, ""comparative"": ""closer"", ""answer_concept"": ""board""}"
test_012507,kv2/kinect2data/000059_2014-05-16_20-31-30_260595134347_rgbf000076-resize,scene:kv2/kinect2data/000059_2014-05-16_20-31-30_260595134347_rgbf000076-resize,kv2,bedroom,test,relative_depth,farther,3,"Which object is farther from the camera, the floor mat or the door?",,door,choice,floor_mat|door,SUNRGBD/kv2/kinect2data/000059_2014-05-16_20-31-30_260595134347_rgbf000076-resize/image/0000076.jpg,SUNRGBD/kv2/kinect2data/000059_2014-05-16_20-31-30_260595134347_rgbf000076-resize/depth_bfx/0000076.png,rule,"{""a_concept"": ""door"", ""a_depth_m"": 3.9119999408721924, ""b_concept"": ""floormat"", ""b_depth_m"": 2.01200008392334, ""comparative"": ""farther"", ""answer_concept"": ""door""}"
test_010393,kv2/kinect2data/001804_2014-06-26_20-49-20_260595134347_rgbf000101-resize,scene:kv2/kinect2data/001804_2014-06-26_20-49-20_260595134347_rgbf000101-resize,kv2,furniture_store,test,relative_depth,closer,2,Is the painting or the pillow closer to the camera?,,pillow,choice,painting|pillow,SUNRGBD/kv2/kinect2data/001804_2014-06-26_20-49-20_260595134347_rgbf000101-resize/image/0000101.jpg,SUNRGBD/kv2/kinect2data/001804_2014-06-26_20-49-20_260595134347_rgbf000101-resize/depth_bfx/0000101.png,rule,"{""a_concept"": ""pillow"", ""a_depth_m"": 2.8440001010894775, ""b_concept"": ""painting"", ""b_depth_m"": 3.3259999752044678, ""comparative"": ""closer"", ""answer_concept"": ""pillow""}"
test_008583,kv2/kinect2data/001144_2014-06-17_15-24-55_260595134347_rgbf000096-resize,scene:kv2/kinect2data/001144_2014-06-17_15-24-55_260595134347_rgbf000096-resize,kv2,library,test,relative_depth,closer,4,"Of the window and the computer, which is closer?",,computer,choice,window|computer,SUNRGBD/kv2/kinect2data/001144_2014-06-17_15-24-55_260595134347_rgbf000096-resize/image/0000096.jpg,SUNRGBD/kv2/kinect2data/001144_2014-06-17_15-24-55_260595134347_rgbf000096-resize/depth_bfx/0000096.png,rule,"{""a_concept"": ""computer"", ""a_depth_m"": 2.5980000495910645, ""b_concept"": ""window"", ""b_depth_m"": 4.7789998054504395, ""comparative"": ""closer"", ""answer_concept"": ""computer""}"
test_005923,kv2/kinect2data/000808_2014-06-08_17-18-58_260595134347_rgbf000046-resize,scene:kv2/kinect2data/000808_2014-06-08_17-18-58_260595134347_rgbf000046-resize,kv2,bathroom,test,relative_depth,farther,0,"Which is farther from the camera, the toilet or the toilet paper?",,toilet,choice,toilet|toilet_paper,SUNRGBD/kv2/kinect2data/000808_2014-06-08_17-18-58_260595134347_rgbf000046-resize/image/0000046.jpg,SUNRGBD/kv2/kinect2data/000808_2014-06-08_17-18-58_260595134347_rgbf000046-resize/depth_bfx/0000046.png,rule,"{""a_concept"": ""toiletpaper"", ""a_depth_m"": 0.8669999837875366, ""b_concept"": ""toilet"", ""b_depth_m"": 1.5529999732971191, ""comparative"": ""farther"", ""answer_concept"": ""toilet""}"
test_012653,kv2/kinect2data/001140_2014-06-17_15-21-26_260595134347_rgbf000100-resize,scene:kv2/kinect2data/001140_2014-06-17_15-21-26_260595134347_rgbf000100-resize,kv2,library,test,relative_depth,closer,4,"Of the shelf and the cupboard, which is closer?",,shelf,choice,shelf|cupboard,SUNRGBD/kv2/kinect2data/001140_2014-06-17_15-21-26_260595134347_rgbf000100-resize/image/0000100.jpg,SUNRGBD/kv2/kinect2data/001140_2014-06-17_15-21-26_260595134347_rgbf000100-resize/depth_bfx/0000100.png,rule,"{""a_concept"": ""shelf"", ""a_depth_m"": 2.7820000648498535, ""b_concept"": ""cupboard"", ""b_depth_m"": 3.5999999046325684, ""comparative"": ""closer"", ""answer_concept"": ""shelf""}"
test_011905,kv2/kinect2data/001736_2014-06-26_19-46-21_260595134347_rgbf000066-resize,scene:kv2/kinect2data/001736_2014-06-26_19-46-21_260595134347_rgbf000066-resize,kv2,furniture_store,test,relative_depth,closer,0,"Which is closer to the camera, the picture or the lamp?",,lamp,choice,picture|lamp,SUNRGBD/kv2/kinect2data/001736_2014-06-26_19-46-21_260595134347_rgbf000066-resize/image/0000066.jpg,SUNRGBD/kv2/kinect2data/001736_2014-06-26_19-46-21_260595134347_rgbf000066-resize/depth_bfx/0000066.png,rule,"{""a_concept"": ""picture"", ""a_depth_m"": 4.078000068664551, ""b_concept"": ""lamp"", ""b_depth_m"": 3.427000045776367, ""comparative"": ""closer"", ""answer_concept"": ""lamp""}"
test_001883,kv2/kinect2data/003515_2014-05-21_17-40-56_094959634447_rgbf000100-resize,scene:kv2/kinect2data/003515_2014-05-21_17-40-56_094959634447_rgbf000100-resize,kv2,lab,test,relative_depth,farther,1,"Between the door and the monitor, which one is farther from the camera?",,door,choice,door|monitor,SUNRGBD/kv2/kinect2data/003515_2014-05-21_17-40-56_094959634447_rgbf000100-resize/image/0000100.jpg,SUNRGBD/kv2/kinect2data/003515_2014-05-21_17-40-56_094959634447_rgbf000100-resize/depth_bfx/0000100.png,rule,"{""a_concept"": ""door"", ""a_depth_m"": 2.1019999980926514, ""b_concept"": ""monitor"", ""b_depth_m"": 1.5169999599456787, ""comparative"": ""farther"", ""answer_concept"": ""door""}"
test_009629,kv2/kinect2data/002898_2014-06-03_17-58-13_094959634447_rgbf000062-resize,scene:kv2/kinect2data/002898_2014-06-03_17-58-13_094959634447_rgbf000062-resize,kv2,library,test,relative_depth,closer,4,"Of the picture and the bookshelf, which is closer?",,bookshelf,choice,picture|bookshelf,SUNRGBD/kv2/kinect2data/002898_2014-06-03_17-58-13_094959634447_rgbf000062-resize/image/0000062.jpg,SUNRGBD/kv2/kinect2data/002898_2014-06-03_17-58-13_094959634447_rgbf000062-resize/depth_bfx/0000062.png,rule,"{""a_concept"": ""bookshelf"", ""a_depth_m"": 1.75600004196167, ""b_concept"": ""picture"", ""b_depth_m"": 2.694000005722046, ""comparative"": ""closer"", ""answer_concept"": ""bookshelf""}"
test_013009,kv2/kinect2data/003674_2014-05-24_21-16-29_094959634447_rgbf000100-resize,scene:kv2/kinect2data/003674_2014-05-24_21-16-29_094959634447_rgbf000100-resize,kv2,bedroom,test,relative_depth,farther,2,Is the bed or the book farther from the camera?,,bed,choice,bed|book,SUNRGBD/kv2/kinect2data/003674_2014-05-24_21-16-29_094959634447_rgbf000100-resize/image/0000100.jpg,SUNRGBD/kv2/kinect2data/003674_2014-05-24_21-16-29_094959634447_rgbf000100-resize/depth_bfx/0000100.png,rule,"{""a_concept"": ""book"", ""a_depth_m"": 0.9309999942779541, ""b_concept"": ""bed"", ""b_depth_m"": 1.8289999961853027, ""comparative"": ""farther"", ""answer_concept"": ""bed""}"
test_010231,kv2/kinect2data/000618_2014-06-08_11-09-34_260595134347_rgbf000120-resize,scene:kv2/kinect2data/000618_2014-06-08_11-09-34_260595134347_rgbf000120-resize,kv2,corridor,test,relative_depth,closer,1,"Between the whiteboard and the paper, which one is closer to the camera?",,paper,choice,whiteboard|paper,SUNRGBD/kv2/kinect2data/000618_2014-06-08_11-09-34_260595134347_rgbf000120-resize/image/0000120.jpg,SUNRGBD/kv2/kinect2data/000618_2014-06-08_11-09-34_260595134347_rgbf000120-resize/depth_bfx/0000120.png,rule,"{""a_concept"": ""whiteboard"", ""a_depth_m"": 2.6500000953674316, ""b_concept"": ""paper"", ""b_depth_m"": 2.2709999084472656, ""comparative"": ""closer"", ""answer_concept"": ""paper""}"
test_006108,kv2/kinect2data/000456_2014-06-08_16-51-55_260595134347_rgbf000097-resize,scene:kv2/kinect2data/000456_2014-06-08_16-51-55_260595134347_rgbf000097-resize,kv2,discussion_area,test,relative_depth,closer,1,"Between the sofa and the door, which one is closer to the camera?",,sofa,choice,sofa|door,SUNRGBD/kv2/kinect2data/000456_2014-06-08_16-51-55_260595134347_rgbf000097-resize/image/0000097.jpg,SUNRGBD/kv2/kinect2data/000456_2014-06-08_16-51-55_260595134347_rgbf000097-resize/depth_bfx/0000097.png,rule,"{""a_concept"": ""sofa"", ""a_depth_m"": 1.50600004196167, ""b_concept"": ""door"", ""b_depth_m"": 6.263999938964844, ""comparative"": ""closer"", ""answer_concept"": ""sofa""}"
test_000084,kv2/kinect2data/000327_2014-06-02_15-29-50_260595134347_rgbf000057-resize,scene:kv2/kinect2data/000327_2014-06-02_15-29-50_260595134347_rgbf000057-resize,kv2,furniture_store,test,relative_depth,farther,5,"Which one is farther, the wire or the chair?",,wire,choice,wire|chair,SUNRGBD/kv2/kinect2data/000327_2014-06-02_15-29-50_260595134347_rgbf000057-resize/image/0000057.jpg,SUNRGBD/kv2/kinect2data/000327_2014-06-02_15-29-50_260595134347_rgbf000057-resize/depth_bfx/0000057.png,rule,"{""a_concept"": ""chair"", ""a_depth_m"": 1.0049999952316284, ""b_concept"": ""wire"", ""b_depth_m"": 1.7510000467300415, ""comparative"": ""farther"", ""answer_concept"": ""wire""}"
test_005138,kv2/kinect2data/001750_2014-06-26_19-50-43_260595134347_rgbf000061-resize,scene:kv2/kinect2data/001750_2014-06-26_19-50-43_260595134347_rgbf000061-resize,kv2,furniture_store,test,relative_depth,closer,3,"Which object is closer to the camera, the lamp or the bed?",,bed,choice,lamp|bed,SUNRGBD/kv2/kinect2data/001750_2014-06-26_19-50-43_260595134347_rgbf000061-resize/image/0000061.jpg,SUNRGBD/kv2/kinect2data/001750_2014-06-26_19-50-43_260595134347_rgbf000061-resize/depth_bfx/0000061.png,rule,"{""a_concept"": ""lamp"", ""a_depth_m"": 2.3610000610351562, ""b_concept"": ""bed"", ""b_depth_m"": 1.5110000371932983, ""comparative"": ""closer"", ""answer_concept"": ""bed""}"
test_013665,kv2/kinect2data/003614_2014-05-23_18-02-50_094959634447_rgbf000100-resize,scene:kv2/kinect2data/003614_2014-05-23_18-02-50_094959634447_rgbf000100-resize,kv2,classroom,test,relative_depth,farther,1,"Between the table and the chalkboard, which one is farther from the camera?",,chalkboard,choice,table|chalkboard,SUNRGBD/kv2/kinect2data/003614_2014-05-23_18-02-50_094959634447_rgbf000100-resize/image/0000100.jpg,SUNRGBD/kv2/kinect2data/003614_2014-05-23_18-02-50_094959634447_rgbf000100-resize/depth_bfx/0000100.png,rule,"{""a_concept"": ""table"", ""a_depth_m"": 1.1770000457763672, ""b_concept"": ""chalkboard"", ""b_depth_m"": 3.434000015258789, ""comparative"": ""farther"", ""answer_concept"": ""chalkboard""}"
test_012578,kv2/kinect2data/001670_2014-06-26_19-11-25_260595134347_rgbf000118-resize,scene:kv2/kinect2data/001670_2014-06-26_19-11-25_260595134347_rgbf000118-resize,kv2,furniture_store,test,relative_depth,farther,3,"Which object is farther from the camera, the bookshelf or the carpet?",,carpet,choice,bookshelf|carpet,SUNRGBD/kv2/kinect2data/001670_2014-06-26_19-11-25_260595134347_rgbf000118-resize/image/0000118.jpg,SUNRGBD/kv2/kinect2data/001670_2014-06-26_19-11-25_260595134347_rgbf000118-resize/depth_bfx/0000118.png,rule,"{""a_concept"": ""bookshelf"", ""a_depth_m"": 1.4390000104904175, ""b_concept"": ""carpet"", ""b_depth_m"": 2.197999954223633, ""comparative"": ""farther"", ""answer_concept"": ""carpet""}"
test_005748,kv2/kinect2data/001844_2014-06-22_13-19-37_260595134347_rgbf000043-resize,scene:kv2/kinect2data/001844_2014-06-22_13-19-37_260595134347_rgbf000043-resize,kv2,furniture_store,test,relative_depth,farther,2,Is the painting or the rack farther from the camera?,,painting,choice,painting|rack,SUNRGBD/kv2/kinect2data/001844_2014-06-22_13-19-37_260595134347_rgbf000043-resize/image/0000043.jpg,SUNRGBD/kv2/kinect2data/001844_2014-06-22_13-19-37_260595134347_rgbf000043-resize/depth_bfx/0000043.png,rule,"{""a_concept"": ""rack"", ""a_depth_m"": 2.183000087738037, ""b_concept"": ""painting"", ""b_depth_m"": 4.814000129699707, ""comparative"": ""farther"", ""answer_concept"": ""painting""}"
test_006359,kv2/kinect2data/003228_2014-05-14_13-42-35_094959634447_rgbf000101-resize,scene:kv2/kinect2data/003228_2014-05-14_13-42-35_094959634447_rgbf000101-resize,kv2,classroom,test,relative_depth,closer,1,"Between the carpet and the table, which one is closer to the camera?",,table,choice,carpet|table,SUNRGBD/kv2/kinect2data/003228_2014-05-14_13-42-35_094959634447_rgbf000101-resize/image/0000101.jpg,SUNRGBD/kv2/kinect2data/003228_2014-05-14_13-42-35_094959634447_rgbf000101-resize/depth_bfx/0000101.png,rule,"{""a_concept"": ""carpet"", ""a_depth_m"": 2.0139999389648438, ""b_concept"": ""table"", ""b_depth_m"": 0.9279999732971191, ""comparative"": ""closer"", ""answer_concept"": ""table""}"
test_011525,kv1/NYUdata/NYU0947,scene:kv1/NYUdata/NYU0947,kv1,bedroom,test,relative_depth,closer,3,"Which object is closer to the camera, the stand or the person?",,stand,choice,stand|person,SUNRGBD/kv1/NYUdata/NYU0947/image/NYU0947.jpg,SUNRGBD/kv1/NYUdata/NYU0947/depth_bfx/NYU0947.png,rule,"{""a_concept"": ""stand"", ""a_depth_m"": 3.5840001106262207, ""b_concept"": ""person"", ""b_depth_m"": 4.498000144958496, ""comparative"": ""closer"", ""answer_concept"": ""stand""}"
test_000397,kv1/NYUdata/NYU0811,scene:kv1/NYUdata/NYU0811,kv1,kitchen,test,relative_depth,closer,0,"Which is closer to the camera, the table or the window?",,table,choice,table|window,SUNRGBD/kv1/NYUdata/NYU0811/image/NYU0811.jpg,SUNRGBD/kv1/NYUdata/NYU0811/depth_bfx/NYU0811.png,rule,"{""a_concept"": ""table"", ""a_depth_m"": 1.9079999923706055, ""b_concept"": ""window"", ""b_depth_m"": 4.35099983215332, ""comparative"": ""closer"", ""answer_concept"": ""table""}"
test_004608,kv1/NYUdata/NYU0779,scene:kv1/NYUdata/NYU0779,kv1,kitchen,test,relative_depth,farther,2,Is the refrigerator or the stove farther from the camera?,,refrigerator,choice,refrigerator|stove,SUNRGBD/kv1/NYUdata/NYU0779/image/NYU0779.jpg,SUNRGBD/kv1/NYUdata/NYU0779/depth_bfx/NYU0779.png,rule,"{""a_concept"": ""refrigerator"", ""a_depth_m"": 2.2019999027252197, ""b_concept"": ""stove"", ""b_depth_m"": 1.5010000467300415, ""comparative"": ""farther"", ""answer_concept"": ""refrigerator""}"
test_012383,kv1/NYUdata/NYU1010,scene:kv1/NYUdata/NYU1010,kv1,bedroom,test,relative_depth,closer,3,"Which object is closer to the camera, the sofa or the picture?",,sofa,choice,sofa|picture,SUNRGBD/kv1/NYUdata/NYU1010/image/NYU1010.jpg,SUNRGBD/kv1/NYUdata/NYU1010/depth_bfx/NYU1010.png,rule,"{""a_concept"": ""picture"", ""a_depth_m"": 4.053999900817871, ""b_concept"": ""sofa"", ""b_depth_m"": 1.5399999618530273, ""comparative"": ""closer"", ""answer_concept"": ""sofa""}"
test_004207,kv1/NYUdata/NYU1181,scene:kv1/NYUdata/NYU1181,kv1,bedroom,test,relative_depth,farther,4,"Of the headboard and the door, which is farther?",,door,choice,headboard|door,SUNRGBD/kv1/NYUdata/NYU1181/image/NYU1181.jpg,SUNRGBD/kv1/NYUdata/NYU1181/depth_bfx/NYU1181.png,rule,"{""a_concept"": ""door"", ""a_depth_m"": 5.22599983215332, ""b_concept"": ""headboard"", ""b_depth_m"": 2.7750000953674316, ""comparative"": ""farther"", ""answer_concept"": ""door""}"
test_008446,kv1/b3dodata/img_0574,scene:kv1/b3dodata/img_0574,kv1,bedroom,test,relative_depth,farther,4,"Of the lamp and the bed, which is farther?",,lamp,choice,lamp|bed,SUNRGBD/kv1/b3dodata/img_0574/image/img_0574.jpg,SUNRGBD/kv1/b3dodata/img_0574/depth_bfx/img_0574_abs.png,rule,"{""a_concept"": ""bed"", ""a_depth_m"": 1.8220000267028809, ""b_concept"": ""lamp"", ""b_depth_m"": 2.246999979019165, ""comparative"": ""farther"", ""answer_concept"": ""lamp""}"
test_002888,kv1/NYUdata/NYU0813,scene:kv1/NYUdata/NYU0813,kv1,kitchen,test,relative_depth,farther,4,"Of the refrigerator and the dishwasher, which is farther?",,refrigerator,choice,refrigerator|dishwasher,SUNRGBD/kv1/NYUdata/NYU0813/image/NYU0813.jpg,SUNRGBD/kv1/NYUdata/NYU0813/depth_bfx/NYU0813.png,rule,"{""a_concept"": ""dishwasher"", ""a_depth_m"": 2.5929999351501465, ""b_concept"": ""refrigerator"", ""b_depth_m"": 4.565999984741211, ""comparative"": ""farther"", ""answer_concept"": ""refrigerator""}"
test_004190,kv1/NYUdata/NYU0733,scene:kv1/NYUdata/NYU0733,kv1,bathroom,test,relative_depth,closer,0,"Which is closer to the camera, the sink or the blind?",,sink,choice,sink|blind,SUNRGBD/kv1/NYUdata/NYU0733/image/NYU0733.jpg,SUNRGBD/kv1/NYUdata/NYU0733/depth_bfx/NYU0733.png,rule,"{""a_concept"": ""sink"", ""a_depth_m"": 0.8389999866485596, ""b_concept"": ""blind"", ""b_depth_m"": 1.805999994277954, ""comparative"": ""closer"", ""answer_concept"": ""sink""}"
test_004733,kv1/NYUdata/NYU0821,scene:kv1/NYUdata/NYU0821,kv1,kitchen,test,relative_depth,farther,4,"Of the refrigerator and the bowl, which is farther?",,refrigerator,choice,refrigerator|bowl,SUNRGBD/kv1/NYUdata/NYU0821/image/NYU0821.jpg,SUNRGBD/kv1/NYUdata/NYU0821/depth_bfx/NYU0821.png,rule,"{""a_concept"": ""refrigerator"", ""a_depth_m"": 4.368000030517578, ""b_concept"": ""bowl"", ""b_depth_m"": 1.8049999475479126, ""comparative"": ""farther"", ""answer_concept"": ""refrigerator""}"
test_010807,kv1/NYUdata/NYU0563,scene:kv1/NYUdata/NYU0563,kv1,kitchen,test,relative_depth,closer,0,"Which is closer to the camera, the counter or the refrigerator?",,counter,choice,counter|refrigerator,SUNRGBD/kv1/NYUdata/NYU0563/image/NYU0563.jpg,SUNRGBD/kv1/NYUdata/NYU0563/depth_bfx/NYU0563.png,rule,"{""a_concept"": ""counter"", ""a_depth_m"": 1.3209999799728394, ""b_concept"": ""refrigerator"", ""b_depth_m"": 2.640000104904175, ""comparative"": ""closer"", ""answer_concept"": ""counter""}"
test_005284,kv1/NYUdata/NYU0212,scene:kv1/NYUdata/NYU0212,kv1,living_room,test,relative_depth,farther,1,"Between the shelf and the book, which one is farther from the camera?",,shelf,choice,shelf|book,SUNRGBD/kv1/NYUdata/NYU0212/image/NYU0212.jpg,SUNRGBD/kv1/NYUdata/NYU0212/depth_bfx/NYU0212.png,rule,"{""a_concept"": ""book"", ""a_depth_m"": 1.1460000276565552, ""b_concept"": ""shelf"", ""b_depth_m"": 1.9479999542236328, ""comparative"": ""farther"", ""answer_concept"": ""shelf""}"
test_003250,kv1/NYUdata/NYU0774,scene:kv1/NYUdata/NYU0774,kv1,kitchen,test,relative_depth,farther,1,"Between the plate and the dishwasher, which one is farther from the camera?",,dishwasher,choice,plate|dishwasher,SUNRGBD/kv1/NYUdata/NYU0774/image/NYU0774.jpg,SUNRGBD/kv1/NYUdata/NYU0774/depth_bfx/NYU0774.png,rule,"{""a_concept"": ""dishwasher"", ""a_depth_m"": 1.9919999837875366, ""b_concept"": ""plate"", ""b_depth_m"": 1.465999960899353, ""comparative"": ""farther"", ""answer_concept"": ""dishwasher""}"
test_003411,kv1/NYUdata/NYU0091,scene:kv1/NYUdata/NYU0091,kv1,bookstore,test,relative_depth,closer,5,"Which one is closer, the bench or the shelf?",,bench,choice,bench|shelf,SUNRGBD/kv1/NYUdata/NYU0091/image/NYU0091.jpg,SUNRGBD/kv1/NYUdata/NYU0091/depth_bfx/NYU0091.png,rule,"{""a_concept"": ""shelf"", ""a_depth_m"": 5.114999771118164, ""b_concept"": ""bench"", ""b_depth_m"": 2.3519999980926514, ""comparative"": ""closer"", ""answer_concept"": ""bench""}"
test_009377,kv1/b3dodata/img_0552,scene:kv1/b3dodata/img_0552,kv1,home_office,test,relative_depth,closer,3,"Which object is closer to the camera, the box or the monitor?",,box,choice,box|monitor,SUNRGBD/kv1/b3dodata/img_0552/image/img_0552.jpg,SUNRGBD/kv1/b3dodata/img_0552/depth_bfx/img_0552_abs.png,rule,"{""a_concept"": ""monitor"", ""a_depth_m"": 1.0579999685287476, ""b_concept"": ""box"", ""b_depth_m"": 0.7179999947547913, ""comparative"": ""closer"", ""answer_concept"": ""box""}"
test_003528,kv1/NYUdata/NYU0555,scene:kv1/NYUdata/NYU0555,kv1,home_office,test,relative_depth,farther,1,"Between the chair and the box, which one is farther from the camera?",,box,choice,chair|box,SUNRGBD/kv1/NYUdata/NYU0555/image/NYU0555.jpg,SUNRGBD/kv1/NYUdata/NYU0555/depth_bfx/NYU0555.png,rule,"{""a_concept"": ""chair"", ""a_depth_m"": 2.246999979019165, ""b_concept"": ""box"", ""b_depth_m"": 2.631999969482422, ""comparative"": ""farther"", ""answer_concept"": ""box""}"
test_013833,kv1/NYUdata/NYU1128,scene:kv1/NYUdata/NYU1128,kv1,bedroom,test,relative_depth,farther,2,Is the clothes or the chair farther from the camera?,,chair,choice,clothes|chair,SUNRGBD/kv1/NYUdata/NYU1128/image/NYU1128.jpg,SUNRGBD/kv1/NYUdata/NYU1128/depth_bfx/NYU1128.png,rule,"{""a_concept"": ""chair"", ""a_depth_m"": 3.2109999656677246, ""b_concept"": ""clothes"", ""b_depth_m"": 0.9279999732971191, ""comparative"": ""farther"", ""answer_concept"": ""chair""}"
test_012038,kv1/NYUdata/NYU0171,scene:kv1/NYUdata/NYU0171,kv1,bedroom,test,relative_depth,closer,5,"Which one is closer, the dresser or the bookshelf?",,bookshelf,choice,dresser|bookshelf,SUNRGBD/kv1/NYUdata/NYU0171/image/NYU0171.jpg,SUNRGBD/kv1/NYUdata/NYU0171/depth_bfx/NYU0171.png,rule,"{""a_concept"": ""bookshelf"", ""a_depth_m"": 2.8489999771118164, ""b_concept"": ""dresser"", ""b_depth_m"": 4.333000183105469, ""comparative"": ""closer"", ""answer_concept"": ""bookshelf""}"
test_012615,kv1/NYUdata/NYU1262,scene:kv1/NYUdata/NYU1262,kv1,living_room,test,relative_depth,farther,2,Is the computer or the television farther from the camera?,,television,choice,computer|television,SUNRGBD/kv1/NYUdata/NYU1262/image/NYU1262.jpg,SUNRGBD/kv1/NYUdata/NYU1262/depth_bfx/NYU1262.png,rule,"{""a_concept"": ""computer"", ""a_depth_m"": 3.0169999599456787, ""b_concept"": ""television"", ""b_depth_m"": 3.7939999103546143, ""comparative"": ""farther"", ""answer_concept"": ""television""}"
test_014083,kv1/b3dodata/img_0798,scene:kv1/b3dodata/img_0798,kv1,living_room,test,relative_depth,farther,4,"Of the refrigerator and the cord, which is farther?",,refrigerator,choice,refrigerator|cord,SUNRGBD/kv1/b3dodata/img_0798/image/img_0798.jpg,SUNRGBD/kv1/b3dodata/img_0798/depth_bfx/img_0798_abs.png,rule,"{""a_concept"": ""refrigerator"", ""a_depth_m"": 4.28000020980835, ""b_concept"": ""cord"", ""b_depth_m"": 2.3480000495910645, ""comparative"": ""farther"", ""answer_concept"": ""refrigerator""}"
test_011485,kv1/b3dodata/img_0822,scene:kv1/b3dodata/img_0822,kv1,kitchen,test,relative_depth,farther,0,"Which is farther from the camera, the counter or the plate?",,plate,choice,counter|plate,SUNRGBD/kv1/b3dodata/img_0822/image/img_0822.jpg,SUNRGBD/kv1/b3dodata/img_0822/depth_bfx/img_0822_abs.png,rule,"{""a_concept"": ""plate"", ""a_depth_m"": 1.7699999809265137, ""b_concept"": ""counter"", ""b_depth_m"": 0.9950000047683716, ""comparative"": ""farther"", ""answer_concept"": ""plate""}"
test_007759,kv1/NYUdata/NYU0077,scene:kv1/NYUdata/NYU0077,kv1,bedroom,test,relative_depth,farther,0,"Which is farther from the camera, the cabinet or the fan?",,cabinet,choice,cabinet|fan,SUNRGBD/kv1/NYUdata/NYU0077/image/NYU0077.jpg,SUNRGBD/kv1/NYUdata/NYU0077/depth_bfx/NYU0077.png,rule,"{""a_concept"": ""cabinet"", ""a_depth_m"": 3.3610000610351562, ""b_concept"": ""fan"", ""b_depth_m"": 2.4760000705718994, ""comparative"": ""farther"", ""answer_concept"": ""cabinet""}"
test_008075,kv1/NYUdata/NYU0470,scene:kv1/NYUdata/NYU0470,kv1,study,test,relative_depth,closer,4,"Of the shelf and the printer, which is closer?",,printer,choice,shelf|printer,SUNRGBD/kv1/NYUdata/NYU0470/image/NYU0470.jpg,SUNRGBD/kv1/NYUdata/NYU0470/depth_bfx/NYU0470.png,rule,"{""a_concept"": ""shelf"", ""a_depth_m"": 1.6449999809265137, ""b_concept"": ""printer"", ""b_depth_m"": 1.1119999885559082, ""comparative"": ""closer"", ""answer_concept"": ""printer""}"
test_008502,kv1/NYUdata/NYU1421,scene:kv1/NYUdata/NYU1421,kv1,dining_room,test,relative_depth,farther,4,"Of the table and the cabinet, which is farther?",,cabinet,choice,table|cabinet,SUNRGBD/kv1/NYUdata/NYU1421/image/NYU1421.jpg,SUNRGBD/kv1/NYUdata/NYU1421/depth_bfx/NYU1421.png,rule,"{""a_concept"": ""cabinet"", ""a_depth_m"": 4.2170000076293945, ""b_concept"": ""table"", ""b_depth_m"": 2.2839999198913574, ""comparative"": ""farther"", ""answer_concept"": ""cabinet""}"
test_000044,kv1/NYUdata/NYU0194,scene:kv1/NYUdata/NYU0194,kv1,kitchen,test,relative_depth,farther,1,"Between the picture and the sink, which one is farther from the camera?",,sink,choice,picture|sink,SUNRGBD/kv1/NYUdata/NYU0194/image/NYU0194.jpg,SUNRGBD/kv1/NYUdata/NYU0194/depth_bfx/NYU0194.png,rule,"{""a_concept"": ""sink"", ""a_depth_m"": 1.9279999732971191, ""b_concept"": ""picture"", ""b_depth_m"": 1.4079999923706055, ""comparative"": ""farther"", ""answer_concept"": ""sink""}"
test_012260,kv1/b3dodata/img_0825,scene:kv1/b3dodata/img_0825,kv1,living_room,test,relative_depth,farther,2,Is the bottle or the light farther from the camera?,,light,choice,bottle|light,SUNRGBD/kv1/b3dodata/img_0825/image/img_0825.jpg,SUNRGBD/kv1/b3dodata/img_0825/depth_bfx/img_0825_abs.png,rule,"{""a_concept"": ""light"", ""a_depth_m"": 1.972000002861023, ""b_concept"": ""bottle"", ""b_depth_m"": 1.0069999694824219, ""comparative"": ""farther"", ""answer_concept"": ""light""}"
test_008841,kv1/b3dodata/img_0543,scene:kv1/b3dodata/img_0543,kv1,living_room,test,relative_depth,farther,2,Is the refrigerator or the stove farther from the camera?,,stove,choice,refrigerator|stove,SUNRGBD/kv1/b3dodata/img_0543/image/img_0543.jpg,SUNRGBD/kv1/b3dodata/img_0543/depth_bfx/img_0543_abs.png,rule,"{""a_concept"": ""refrigerator"", ""a_depth_m"": 2.628999948501587, ""b_concept"": ""stove"", ""b_depth_m"": 3.4809999465942383, ""comparative"": ""farther"", ""answer_concept"": ""stove""}"
test_002069,kv1/NYUdata/NYU0018,scene:kv1/NYUdata/NYU0018,kv1,office,test,relative_depth,closer,4,"Of the shelf and the cabinet, which is closer?",,cabinet,choice,shelf|cabinet,SUNRGBD/kv1/NYUdata/NYU0018/image/NYU0018.jpg,SUNRGBD/kv1/NYUdata/NYU0018/depth_bfx/NYU0018.png,rule,"{""a_concept"": ""cabinet"", ""a_depth_m"": 1.4040000438690186, ""b_concept"": ""shelf"", ""b_depth_m"": 1.722000002861023, ""comparative"": ""closer"", ""answer_concept"": ""cabinet""}"
test_007374,kv1/NYUdata/NYU0991,scene:kv1/NYUdata/NYU0991,kv1,bedroom,test,relative_depth,farther,3,"Which object is farther from the camera, the cabinet or the desk?",,cabinet,choice,cabinet|desk,SUNRGBD/kv1/NYUdata/NYU0991/image/NYU0991.jpg,SUNRGBD/kv1/NYUdata/NYU0991/depth_bfx/NYU0991.png,rule,"{""a_concept"": ""cabinet"", ""a_depth_m"": 4.335000038146973, ""b_concept"": ""desk"", ""b_depth_m"": 2.86899995803833, ""comparative"": ""farther"", ""answer_concept"": ""cabinet""}"
test_000962,kv1/NYUdata/NYU0193,scene:kv1/NYUdata/NYU0193,kv1,bedroom,test,relative_depth,closer,3,"Which object is closer to the camera, the dresser or the picture?",,dresser,choice,dresser|picture,SUNRGBD/kv1/NYUdata/NYU0193/image/NYU0193.jpg,SUNRGBD/kv1/NYUdata/NYU0193/depth_bfx/NYU0193.png,rule,"{""a_concept"": ""picture"", ""a_depth_m"": 2.13700008392334, ""b_concept"": ""dresser"", ""b_depth_m"": 1.5499999523162842, ""comparative"": ""closer"", ""answer_concept"": ""dresser""}"
test_006314,kv1/NYUdata/NYU0208,scene:kv1/NYUdata/NYU0208,kv1,living_room,test,relative_depth,closer,5,"Which one is closer, the chair or the cabinet?",,cabinet,choice,chair|cabinet,SUNRGBD/kv1/NYUdata/NYU0208/image/NYU0208.jpg,SUNRGBD/kv1/NYUdata/NYU0208/depth_bfx/NYU0208.png,rule,"{""a_concept"": ""cabinet"", ""a_depth_m"": 1.4470000267028809, ""b_concept"": ""chair"", ""b_depth_m"": 3.006999969482422, ""comparative"": ""closer"", ""answer_concept"": ""cabinet""}"
test_004054,kv1/b3dodata/img_0728,scene:kv1/b3dodata/img_0728,kv1,home_office,test,relative_depth,farther,1,"Between the tissue box and the dresser, which one is farther from the camera?",,tissue box,choice,tissue_box|dresser,SUNRGBD/kv1/b3dodata/img_0728/image/img_0728.jpg,SUNRGBD/kv1/b3dodata/img_0728/depth_bfx/img_0728_abs.png,rule,"{""a_concept"": ""tissuebox"", ""a_depth_m"": 2.6649999618530273, ""b_concept"": ""dresser"", ""b_depth_m"": 1.7100000381469727, ""comparative"": ""farther"", ""answer_concept"": ""tissuebox""}"
test_013527,kv1/b3dodata/img_0414,scene:kv1/b3dodata/img_0414,kv1,office,test,relative_depth,closer,5,"Which one is closer, the desk or the computer?",,desk,choice,desk|computer,SUNRGBD/kv1/b3dodata/img_0414/image/img_0414.jpg,SUNRGBD/kv1/b3dodata/img_0414/depth_bfx/img_0414_abs.png,rule,"{""a_concept"": ""desk"", ""a_depth_m"": 1.13100004196167, ""b_concept"": ""computer"", ""b_depth_m"": 1.5230000019073486, ""comparative"": ""closer"", ""answer_concept"": ""desk""}"
test_005003,kv1/NYUdata/NYU0672,scene:kv1/NYUdata/NYU0672,kv1,bathroom,test,relative_depth,closer,4,"Of the cabinet and the sink, which is closer?",,cabinet,choice,cabinet|sink,SUNRGBD/kv1/NYUdata/NYU0672/image/NYU0672.jpg,SUNRGBD/kv1/NYUdata/NYU0672/depth_bfx/NYU0672.png,rule,"{""a_concept"": ""cabinet"", ""a_depth_m"": 1.6770000457763672, ""b_concept"": ""sink"", ""b_depth_m"": 2.2269999980926514, ""comparative"": ""closer"", ""answer_concept"": ""cabinet""}"
test_002380,kv1/NYUdata/NYU0564,scene:kv1/NYUdata/NYU0564,kv1,kitchen,test,relative_depth,farther,4,"Of the chair and the window, which is farther?",,window,choice,chair|window,SUNRGBD/kv1/NYUdata/NYU0564/image/NYU0564.jpg,SUNRGBD/kv1/NYUdata/NYU0564/depth_bfx/NYU0564.png,rule,"{""a_concept"": ""chair"", ""a_depth_m"": 3.872999906539917, ""b_concept"": ""window"", ""b_depth_m"": 5.7779998779296875, ""comparative"": ""farther"", ""answer_concept"": ""window""}"
test_006806,kv1/NYUdata/NYU1165,scene:kv1/NYUdata/NYU1165,kv1,bedroom,test,relative_depth,farther,4,"Of the window and the box, which is farther?",,window,choice,window|box,SUNRGBD/kv1/NYUdata/NYU1165/image/NYU1165.jpg,SUNRGBD/kv1/NYUdata/NYU1165/depth_bfx/NYU1165.png,rule,"{""a_concept"": ""box"", ""a_depth_m"": 1.753000020980835, ""b_concept"": ""window"", ""b_depth_m"": 3.9560000896453857, ""comparative"": ""farther"", ""answer_concept"": ""window""}"
test_012394,kv1/NYUdata/NYU0565,scene:kv1/NYUdata/NYU0565,kv1,kitchen,test,relative_depth,closer,0,"Which is closer to the camera, the floor mat or the refrigerator?",,floor mat,choice,floor_mat|refrigerator,SUNRGBD/kv1/NYUdata/NYU0565/image/NYU0565.jpg,SUNRGBD/kv1/NYUdata/NYU0565/depth_bfx/NYU0565.png,rule,"{""a_concept"": ""refrigerator"", ""a_depth_m"": 2.9649999141693115, ""b_concept"": ""floormat"", ""b_depth_m"": 2.255000114440918, ""comparative"": ""closer"", ""answer_concept"": ""floormat""}"
test_003329,realsense/lg/2014_10_29-16_50_16-1311000073,scene:realsense/lg/2014_10_29-16_50_16-1311000073,realsense,study_space,test,relative_depth,farther,5,"Which one is farther, the sofa or the bookshelf?",,bookshelf,choice,sofa|bookshelf,SUNRGBD/realsense/lg/2014_10_29-16_50_16-1311000073/image/0000064.jpg,SUNRGBD/realsense/lg/2014_10_29-16_50_16-1311000073/depth_bfx/0000064.png,rule,"{""a_concept"": ""sofa"", ""a_depth_m"": 2.565000057220459, ""b_concept"": ""bookshelf"", ""b_depth_m"": 3.433000087738037, ""comparative"": ""farther"", ""answer_concept"": ""bookshelf""}"
test_000459,realsense/lg/2014_10_24-13_23_10-1311000073,scene:realsense/lg/2014_10_24-13_23_10-1311000073,realsense,rest_space,test,relative_depth,farther,0,"Which is farther from the camera, the coffee table or the sofa?",,sofa,choice,coffee_table|sofa,SUNRGBD/realsense/lg/2014_10_24-13_23_10-1311000073/image/0000063.jpg,SUNRGBD/realsense/lg/2014_10_24-13_23_10-1311000073/depth_bfx/0000063.png,rule,"{""a_concept"": ""coffeetable"", ""a_depth_m"": 2.26200008392334, ""b_concept"": ""sofa"", ""b_depth_m"": 3.2039999961853027, ""comparative"": ""farther"", ""answer_concept"": ""sofa""}"
test_009295,realsense/lg/2014_10_27-14_35_56-1311000073,scene:realsense/lg/2014_10_27-14_35_56-1311000073,realsense,library,test,relative_depth,closer,1,"Between the chair and the cabinet, which one is closer to the camera?",,chair,choice,chair|cabinet,SUNRGBD/realsense/lg/2014_10_27-14_35_56-1311000073/image/0000062.jpg,SUNRGBD/realsense/lg/2014_10_27-14_35_56-1311000073/depth_bfx/0000062.png,rule,"{""a_concept"": ""chair"", ""a_depth_m"": 1.5740000009536743, ""b_concept"": ""cabinet"", ""b_depth_m"": 3.0260000228881836, ""comparative"": ""closer"", ""answer_concept"": ""chair""}"
test_011130,realsense/lg/2014_10_26-14_41_27-1311000073,scene:realsense/lg/2014_10_26-14_41_27-1311000073,realsense,bathroom,test,relative_depth,farther,2,Is the mirror or the paper towel farther from the camera?,,mirror,choice,mirror|paper_towel,SUNRGBD/realsense/lg/2014_10_26-14_41_27-1311000073/image/0000064.jpg,SUNRGBD/realsense/lg/2014_10_26-14_41_27-1311000073/depth_bfx/0000064.png,rule,"{""a_concept"": ""papertowel"", ""a_depth_m"": 1.659000039100647, ""b_concept"": ""mirror"", ""b_depth_m"": 2.4670000076293945, ""comparative"": ""farther"", ""answer_concept"": ""mirror""}"
test_006279,realsense/lg/2014_10_30-15_28_39-1311000073,scene:realsense/lg/2014_10_30-15_28_39-1311000073,realsense,idk,test,relative_depth,farther,1,"Between the cabinet and the trash can, which one is farther from the camera?",,cabinet,choice,cabinet|trash_can,SUNRGBD/realsense/lg/2014_10_30-15_28_39-1311000073/image/0000063.jpg,SUNRGBD/realsense/lg/2014_10_30-15_28_39-1311000073/depth_bfx/0000063.png,rule,"{""a_concept"": ""cabinet"", ""a_depth_m"": 2.6010000705718994, ""b_concept"": ""trashcan"", ""b_depth_m"": 1.9759999513626099, ""comparative"": ""farther"", ""answer_concept"": ""cabinet""}"
test_000400,realsense/lg/2014_10_28-15_48_32-1311000073,scene:realsense/lg/2014_10_28-15_48_32-1311000073,realsense,library,test,relative_depth,closer,0,"Which is closer to the camera, the table or the mouse?",,table,choice,table|mouse,SUNRGBD/realsense/lg/2014_10_28-15_48_32-1311000073/image/0000067.jpg,SUNRGBD/realsense/lg/2014_10_28-15_48_32-1311000073/depth_bfx/0000067.png,rule,"{""a_concept"": ""mouse"", ""a_depth_m"": 1.2259999513626099, ""b_concept"": ""table"", ""b_depth_m"": 0.9089999794960022, ""comparative"": ""closer"", ""answer_concept"": ""table""}"
test_005569,realsense/lg/2014_10_24-09_20_52-1311000073,scene:realsense/lg/2014_10_24-09_20_52-1311000073,realsense,rest_space,test,relative_depth,closer,3,"Which object is closer to the camera, the pillow or the bench?",,pillow,choice,pillow|bench,SUNRGBD/realsense/lg/2014_10_24-09_20_52-1311000073/image/0000063.jpg,SUNRGBD/realsense/lg/2014_10_24-09_20_52-1311000073/depth_bfx/0000063.png,rule,"{""a_concept"": ""pillow"", ""a_depth_m"": 2.489000082015991, ""b_concept"": ""bench"", ""b_depth_m"": 3.180000066757202, ""comparative"": ""closer"", ""answer_concept"": ""pillow""}"
test_013381,realsense/lg/2014_10_26-14_08_07-1311000073,scene:realsense/lg/2014_10_26-14_08_07-1311000073,realsense,library,test,relative_depth,closer,5,"Which one is closer, the desk or the trash can?",,desk,choice,desk|trash_can,SUNRGBD/realsense/lg/2014_10_26-14_08_07-1311000073/image/0000063.jpg,SUNRGBD/realsense/lg/2014_10_26-14_08_07-1311000073/depth_bfx/0000063.png,rule,"{""a_concept"": ""trashcan"", ""a_depth_m"": 4.001999855041504, ""b_concept"": ""desk"", ""b_depth_m"": 2.5209999084472656, ""comparative"": ""closer"", ""answer_concept"": ""desk""}"
test_007264,realsense/lg/2014_10_27-15_14_24-1311000073,scene:realsense/lg/2014_10_27-15_14_24-1311000073,realsense,library,test,relative_depth,closer,0,"Which is closer to the camera, the chair or the bookshelf?",,bookshelf,choice,chair|bookshelf,SUNRGBD/realsense/lg/2014_10_27-15_14_24-1311000073/image/0000067.jpg,SUNRGBD/realsense/lg/2014_10_27-15_14_24-1311000073/depth_bfx/0000067.png,rule,"{""a_concept"": ""chair"", ""a_depth_m"": 3.7200000286102295, ""b_concept"": ""bookshelf"", ""b_depth_m"": 2.7669999599456787, ""comparative"": ""closer"", ""answer_concept"": ""bookshelf""}"
test_004587,realsense/lg/2014_10_25-17_28_30-1311000073,scene:realsense/lg/2014_10_25-17_28_30-1311000073,realsense,bathroom,test,relative_depth,farther,3,"Which object is farther from the camera, the mirror or the counter?",,mirror,choice,mirror|counter,SUNRGBD/realsense/lg/2014_10_25-17_28_30-1311000073/image/0000066.jpg,SUNRGBD/realsense/lg/2014_10_25-17_28_30-1311000073/depth_bfx/0000066.png,rule,"{""a_concept"": ""mirror"", ""a_depth_m"": 1.9420000314712524, ""b_concept"": ""counter"", ""b_depth_m"": 1.4299999475479126, ""comparative"": ""farther"", ""answer_concept"": ""mirror""}"
test_012015,realsense/sa/2014_10_21-18_15_53-1311000073,scene:realsense/sa/2014_10_21-18_15_53-1311000073,realsense,discussion_area,test,relative_depth,closer,5,"Which one is closer, the floor mat or the table?",,table,choice,floor_mat|table,SUNRGBD/realsense/sa/2014_10_21-18_15_53-1311000073/image/0000063.jpg,SUNRGBD/realsense/sa/2014_10_21-18_15_53-1311000073/depth_bfx/0000063.png,rule,"{""a_concept"": ""table"", ""a_depth_m"": 1.1399999856948853, ""b_concept"": ""floormat"", ""b_depth_m"": 1.597000002861023, ""comparative"": ""closer"", ""answer_concept"": ""table""}"
test_000544,realsense/lg/2014_10_28-15_43_20-1311000073,scene:realsense/lg/2014_10_28-15_43_20-1311000073,realsense,library,test,relative_depth,closer,4,"Of the window and the desk, which is closer?",,desk,choice,window|desk,SUNRGBD/realsense/lg/2014_10_28-15_43_20-1311000073/image/0000063.jpg,SUNRGBD/realsense/lg/2014_10_28-15_43_20-1311000073/depth_bfx/0000063.png,rule,"{""a_concept"": ""window"", ""a_depth_m"": 2.3469998836517334, ""b_concept"": ""desk"", ""b_depth_m"": 1.5540000200271606, ""comparative"": ""closer"", ""answer_concept"": ""desk""}"
test_001174,realsense/lg/2014_10_30-15_38_58-1311000073,scene:realsense/lg/2014_10_30-15_38_58-1311000073,realsense,rest_space,test,relative_depth,farther,0,"Which is farther from the camera, the door or the shelf?",,shelf,choice,door|shelf,SUNRGBD/realsense/lg/2014_10_30-15_38_58-1311000073/image/0000064.jpg,SUNRGBD/realsense/lg/2014_10_30-15_38_58-1311000073/depth_bfx/0000064.png,rule,"{""a_concept"": ""door"", ""a_depth_m"": 1.1410000324249268, ""b_concept"": ""shelf"", ""b_depth_m"": 1.5219999551773071, ""comparative"": ""farther"", ""answer_concept"": ""shelf""}"
