image_id,object_index,raw_name,reason_code,detail
40777073/1116.051,,,NO_OBJECTS_IN_VIEW,
40777073/1119.966,,,NO_OBJECTS_IN_VIEW,
40777073/1123.864,,,NO_OBJECTS_IN_VIEW,
40777073/1135.560,,,NO_OBJECTS_IN_VIEW,
40958756/1630.997,,,NO_OBJECTS_IN_VIEW,
40958756/1632.979,,,NO_OBJECTS_IN_VIEW,
40958756/1634.979,,,NO_OBJECTS_IN_VIEW,
40958756/1637.078,,,NO_OBJECTS_IN_VIEW,
40958756/1639.077,,,NO_OBJECTS_IN_VIEW,
40958756/1641.076,,,NO_OBJECTS_IN_VIEW,
40958756/1643.175,,,NO_OBJECTS_IN_VIEW,
40958756/1645.175,,,NO_OBJECTS_IN_VIEW,
40958767/2114.676,,,NO_OBJECTS_IN_VIEW,
40958767/2130.969,,,NO_OBJECTS_IN_VIEW,
40958767/2147.179,,,NO_OBJECTS_IN_VIEW,
40958767/2163.373,,,NO_OBJECTS_IN_VIEW,
41007582/1227.022,,,NO_OBJECTS_IN_VIEW,
41007582/1236.601,,,NO_OBJECTS_IN_VIEW,
41007582/1246.198,,,NO_OBJECTS_IN_VIEW,
41007582/1255.810,,,NO_OBJECTS_IN_VIEW,
41007582/1265.407,,,NO_OBJECTS_IN_VIEW,
41007582/1275.003,,,NO_OBJECTS_IN_VIEW,
41007582/1284.599,,,NO_OBJECTS_IN_VIEW,
41007582/1294.211,,,NO_OBJECTS_IN_VIEW,
41007591/2614.054,,,NO_OBJECTS_IN_VIEW,
41007591/2618.336,,,NO_OBJECTS_IN_VIEW,
41007591/2622.734,,,NO_OBJECTS_IN_VIEW,
41007591/2627.032,,,NO_OBJECTS_IN_VIEW,
41007591/2631.430,,,NO_OBJECTS_IN_VIEW,
41007591/2635.829,,,NO_OBJECTS_IN_VIEW,
41007591/2640.127,,,NO_OBJECTS_IN_VIEW,
41048071/4402.911,,,NO_OBJECTS_IN_VIEW,
41048071/4425.019,,,NO_OBJECTS_IN_VIEW,
41048071/4447.210,,,NO_OBJECTS_IN_VIEW,
41048071/4491.408,,,NO_OBJECTS_IN_VIEW,
41048142/1711.981,,,NO_OBJECTS_IN_VIEW,
41048142/1719.562,,,NO_OBJECTS_IN_VIEW,
41048142/1727.259,,,NO_OBJECTS_IN_VIEW,
41048142/1734.872,,,NO_OBJECTS_IN_VIEW,
41048142/1742.569,,,NO_OBJECTS_IN_VIEW,
41048142/1750.266,,,NO_OBJECTS_IN_VIEW,
41048142/1757.863,,,NO_OBJECTS_IN_VIEW,
41048142/1765.560,,,NO_OBJECTS_IN_VIEW,
41048169/1000.057,,,NO_OBJECTS_IN_VIEW,
41048169/1052.968,,,NO_OBJECTS_IN_VIEW,
41048169/1105.963,,,NO_OBJECTS_IN_VIEW,
41048169/1158.857,,,NO_OBJECTS_IN_VIEW,
41048169/1211.868,,,NO_OBJECTS_IN_VIEW,
41048169/841.173,,,NO_OBJECTS_IN_VIEW,
41048169/894.068,,,NO_OBJECTS_IN_VIEW,
41048169/947.062,,,NO_OBJECTS_IN_VIEW,
41048225/7264.454,,,NO_OBJECTS_IN_VIEW,
41048225/7280.248,,,NO_OBJECTS_IN_VIEW,
41048225/7296.041,,,NO_OBJECTS_IN_VIEW,
41048225/7311.935,,,NO_OBJECTS_IN_VIEW,
41048225/7327.745,,,NO_OBJECTS_IN_VIEW,
41048225/7343.538,,,NO_OBJECTS_IN_VIEW,
41048225/7359.431,,,NO_OBJECTS_IN_VIEW,
41048225/7375.242,,,NO_OBJECTS_IN_VIEW,
41048247/4142.768,,,NO_OBJECTS_IN_VIEW,
41048247/4157.562,,,NO_OBJECTS_IN_VIEW,
41048247/4172.373,,,NO_OBJECTS_IN_VIEW,
41048247/4216.772,,,NO_OBJECTS_IN_VIEW,
41048247/4231.566,,,NO_OBJECTS_IN_VIEW,
41048247/4246.377,,,NO_OBJECTS_IN_VIEW,
41048249/4021.182,,,NO_OBJECTS_IN_VIEW,
41048249/4047.872,,,NO_OBJECTS_IN_VIEW,
41048249/4061.167,,,NO_OBJECTS_IN_VIEW,
41048249/4074.561,,,NO_OBJECTS_IN_VIEW,
41048249/4087.873,,,NO_OBJECTS_IN_VIEW,
41048249/4101.267,,,NO_OBJECTS_IN_VIEW,
41048249/4114.562,,,NO_OBJECTS_IN_VIEW,
41069076/3082.839,,,NO_OBJECTS_IN_VIEW,
41069076/3090.019,,,NO_OBJECTS_IN_VIEW,
41069076/3111.627,,,NO_OBJECTS_IN_VIEW,
41069076/3133.218,,,NO_OBJECTS_IN_VIEW,
41069087/5073.054,,,NO_OBJECTS_IN_VIEW,
41069087/5087.231,,,NO_OBJECTS_IN_VIEW,
41069087/5101.525,,,NO_OBJECTS_IN_VIEW,
41069087/5115.836,,,NO_OBJECTS_IN_VIEW,
41069087/5130.130,,,NO_OBJECTS_IN_VIEW,
41069087/5144.424,,,NO_OBJECTS_IN_VIEW,
41069087/5158.735,,,NO_OBJECTS_IN_VIEW,
41069087/5173.029,,,NO_OBJECTS_IN_VIEW,
41069125/2382.998,,,NO_OBJECTS_IN_VIEW,
41069125/2397.575,,,NO_OBJECTS_IN_VIEW,
41069125/2412.286,,,NO_OBJECTS_IN_VIEW,
41069125/2426.980,,,NO_OBJECTS_IN_VIEW,
41069125/2441.674,,,NO_OBJECTS_IN_VIEW,
41069125/2456.284,,,NO_OBJECTS_IN_VIEW,
41069125/2470.978,,,NO_OBJECTS_IN_VIEW,
41069125/2485.689,,,NO_OBJECTS_IN_VIEW,
41069130/4310.413,,,NO_OBJECTS_IN_VIEW,
41069130/4338.018,,,NO_OBJECTS_IN_VIEW,
41069130/4365.706,,,NO_OBJECTS_IN_VIEW,
41069130/4393.311,,,NO_OBJECTS_IN_VIEW,
41069130/4420.917,,,NO_OBJECTS_IN_VIEW,
41069130/4448.505,,,NO_OBJECTS_IN_VIEW,
41069130/4476.110,,,NO_OBJECTS_IN_VIEW,
41069168/2209.462,,,NO_OBJECTS_IN_VIEW,
41069168/2225.672,,,NO_OBJECTS_IN_VIEW,
41069168/2241.965,,,NO_OBJECTS_IN_VIEW,
41069168/2258.259,,,NO_OBJECTS_IN_VIEW,
41069168/2274.569,,,NO_OBJECTS_IN_VIEW,
41069168/2290.762,,,NO_OBJECTS_IN_VIEW,
41069168/2307.055,,,NO_OBJECTS_IN_VIEW,
41069168/2323.365,,,NO_OBJECTS_IN_VIEW,
41097978/6854.589,,,NO_OBJECTS_IN_VIEW,
41097978/6868.967,,,NO_OBJECTS_IN_VIEW,
41097978/6883.461,,,NO_OBJECTS_IN_VIEW,
41097978/6897.972,,,NO_OBJECTS_IN_VIEW,
41097978/6912.466,,,NO_OBJECTS_IN_VIEW,
41097978/6926.960,,,NO_OBJECTS_IN_VIEW,
41097978/6941.471,,,NO_OBJECTS_IN_VIEW,
41097992/8605.545,,,NO_OBJECTS_IN_VIEW,
41097992/8612.225,,,NO_OBJECTS_IN_VIEW,
41097992/8639.031,,,NO_OBJECTS_IN_VIEW,
41097992/8645.728,,,NO_OBJECTS_IN_VIEW,
41098000/9210.320,,,NO_OBJECTS_IN_VIEW,
41098000/9228.196,,,NO_OBJECTS_IN_VIEW,
41098000/9246.105,,,NO_OBJECTS_IN_VIEW,
41098000/9263.998,,,NO_OBJECTS_IN_VIEW,
41098000/9281.907,,,NO_OBJECTS_IN_VIEW,
41098000/9299.800,,,NO_OBJECTS_IN_VIEW,
41098000/9335.602,,,NO_OBJECTS_IN_VIEW,
41098062/2194.798,,,NO_OBJECTS_IN_VIEW,
41098062/2200.496,,,NO_OBJECTS_IN_VIEW,
41098062/2206.294,,,NO_OBJECTS_IN_VIEW,
41098062/2217.706,,,NO_OBJECTS_IN_VIEW,
41098076/2575.423,,,NO_OBJECTS_IN_VIEW,
41098076/2585.302,,,NO_OBJECTS_IN_VIEW,
41098076/2615.207,,,NO_OBJECTS_IN_VIEW,
41098076/2625.103,,,NO_OBJECTS_IN_VIEW,
41098076/2635.099,,,NO_OBJECTS_IN_VIEW,
41098100/3370.331,,,NO_OBJECTS_IN_VIEW,
41098100/3376.228,,,NO_OBJECTS_IN_VIEW,
41098100/3382.226,,,NO_OBJECTS_IN_VIEW,
41098100/3388.124,,,NO_OBJECTS_IN_VIEW,
41098100/3394.121,,,NO_OBJECTS_IN_VIEW,
41098100/3400.135,,,NO_OBJECTS_IN_VIEW,
41098100/3412.030,,,NO_OBJECTS_IN_VIEW,
41098140/827.743,,,NO_OBJECTS_IN_VIEW,
41098140/861.229,,,NO_OBJECTS_IN_VIEW,
41098140/869.526,,,NO_OBJECTS_IN_VIEW,
41098140/877.939,,,NO_OBJECTS_IN_VIEW,
41098140/886.335,,,NO_OBJECTS_IN_VIEW,
41098151/1124.336,,,NO_OBJECTS_IN_VIEW,
41098151/1137.631,,,NO_OBJECTS_IN_VIEW,
41098151/1151.025,,,NO_OBJECTS_IN_VIEW,
41098151/1164.320,,,NO_OBJECTS_IN_VIEW,
41098151/1191.025,,,NO_OBJECTS_IN_VIEW,
41098151/1204.420,,,NO_OBJECTS_IN_VIEW,
41098151/1217.731,,,NO_OBJECTS_IN_VIEW,
41098152/1315.340,,,NO_OBJECTS_IN_VIEW,
41098152/1315.524,,,NO_OBJECTS_IN_VIEW,
41098152/1315.823,,,NO_OBJECTS_IN_VIEW,
41098152/1316.023,,,NO_OBJECTS_IN_VIEW,
41098152/1316.323,,,NO_OBJECTS_IN_VIEW,
41098152/1316.623,,,NO_OBJECTS_IN_VIEW,
41098152/1316.823,,,NO_OBJECTS_IN_VIEW,
41098152/1317.123,,,NO_OBJECTS_IN_VIEW,
41098157/2693.548,,,NO_OBJECTS_IN_VIEW,
41098157/2705.044,,,NO_OBJECTS_IN_VIEW,
41098157/2716.639,,,NO_OBJECTS_IN_VIEW,
41098157/2728.151,,,NO_OBJECTS_IN_VIEW,
41098157/2739.746,,,NO_OBJECTS_IN_VIEW,
41098157/2762.836,,,NO_OBJECTS_IN_VIEW,
41098157/2774.448,,,NO_OBJECTS_IN_VIEW,
41098158/2857.464,,,NO_OBJECTS_IN_VIEW,
41098158/2870.642,,,NO_OBJECTS_IN_VIEW,
41098158/2883.936,,,NO_OBJECTS_IN_VIEW,
41098158/2897.247,,,NO_OBJECTS_IN_VIEW,
41098158/2910.542,,,NO_OBJECTS_IN_VIEW,
41098158/2923.737,,,NO_OBJECTS_IN_VIEW,
41098158/2937.048,,,NO_OBJECTS_IN_VIEW,
41098158/2950.342,,,NO_OBJECTS_IN_VIEW,
41098176/883.990,,,NO_OBJECTS_IN_VIEW,
41098176/897.485,,,NO_OBJECTS_IN_VIEW,
41098176/911.079,,,NO_OBJECTS_IN_VIEW,
41098176/924.574,,,NO_OBJECTS_IN_VIEW,
41098176/951.779,,,NO_OBJECTS_IN_VIEW,
41098176/965.274,,,NO_OBJECTS_IN_VIEW,
41124839/5109.748,,,NO_OBJECTS_IN_VIEW,
41124839/5121.243,,,NO_OBJECTS_IN_VIEW,
41124839/5132.755,,,NO_OBJECTS_IN_VIEW,
41124839/5155.846,,,NO_OBJECTS_IN_VIEW,
41124839/5167.341,,,NO_OBJECTS_IN_VIEW,
41124839/5178.853,,,NO_OBJECTS_IN_VIEW,
41124857/6682.391,,,NO_OBJECTS_IN_VIEW,
41124857/6708.980,,,NO_OBJECTS_IN_VIEW,
41124857/6722.275,,,NO_OBJECTS_IN_VIEW,
41124857/6735.586,,,NO_OBJECTS_IN_VIEW,
41124857/6748.881,,,NO_OBJECTS_IN_VIEW,
41124857/6762.175,,,NO_OBJECTS_IN_VIEW,
41124857/6775.486,,,NO_OBJECTS_IN_VIEW,
41125011/6776.658,,,NO_OBJECTS_IN_VIEW,
41125011/6822.039,,,NO_OBJECTS_IN_VIEW,
41125011/6856.142,,,NO_OBJECTS_IN_VIEW,
41125106/8065.872,,,NO_OBJECTS_IN_VIEW,
41125106/8074.752,,,NO_OBJECTS_IN_VIEW,
41125106/8083.765,,,NO_OBJECTS_IN_VIEW,
41125106/8092.761,,,NO_OBJECTS_IN_VIEW,
41125106/8101.757,,,NO_OBJECTS_IN_VIEW,
41125106/8110.754,,,NO_OBJECTS_IN_VIEW,
41125106/8119.767,,,NO_OBJECTS_IN_VIEW,
41125106/8128.763,,,NO_OBJECTS_IN_VIEW,
41125111/7957.966,,,NO_OBJECTS_IN_VIEW,
41125111/7965.063,,,NO_OBJECTS_IN_VIEW,
41125111/7993.568,,,NO_OBJECTS_IN_VIEW,
41125111/8000.765,,,NO_OBJECTS_IN_VIEW,
41125111/8007.862,,,NO_OBJECTS_IN_VIEW,
41125199/3971.572,,,NO_OBJECTS_IN_VIEW,
41125199/3991.348,,,NO_OBJECTS_IN_VIEW,
41125199/4011.256,,,NO_OBJECTS_IN_VIEW,
41125199/4031.148,,,NO_OBJECTS_IN_VIEW,
41125199/4051.056,,,NO_OBJECTS_IN_VIEW,
41125199/4070.848,,,NO_OBJECTS_IN_VIEW,
41125199/4090.757,,,NO_OBJECTS_IN_VIEW,
41125199/4110.649,,,NO_OBJECTS_IN_VIEW,
41125272/4846.090,,,NO_OBJECTS_IN_VIEW,
41125272/4853.570,,,NO_OBJECTS_IN_VIEW,
41125272/4861.184,,,NO_OBJECTS_IN_VIEW,
41125272/4868.780,,,NO_OBJECTS_IN_VIEW,
41125272/4876.377,,,NO_OBJECTS_IN_VIEW,
41125272/4883.874,,,NO_OBJECTS_IN_VIEW,
41125272/4891.471,,,NO_OBJECTS_IN_VIEW,
41125272/4899.085,,,NO_OBJECTS_IN_VIEW,
41125303/6037.134,,,NO_OBJECTS_IN_VIEW,
41125303/6056.009,,,NO_OBJECTS_IN_VIEW,
41125303/6060.707,,,NO_OBJECTS_IN_VIEW,
41125303/6065.522,,,NO_OBJECTS_IN_VIEW,
41125303/6070.220,,,NO_OBJECTS_IN_VIEW,
41125316/5999.632,,,NO_OBJECTS_IN_VIEW,
41125316/6003.914,,,NO_OBJECTS_IN_VIEW,
41125316/6008.312,,,NO_OBJECTS_IN_VIEW,
41125316/6012.610,,,NO_OBJECTS_IN_VIEW,
41125316/6021.423,,,NO_OBJECTS_IN_VIEW,
41125438/1219.340,,,NO_OBJECTS_IN_VIEW,
41125438/1235.550,,,NO_OBJECTS_IN_VIEW,
41125438/1251.744,,,NO_OBJECTS_IN_VIEW,
41125438/1268.037,,,NO_OBJECTS_IN_VIEW,
41125438/1284.247,,,NO_OBJECTS_IN_VIEW,
41125438/1300.441,,,NO_OBJECTS_IN_VIEW,
41125438/1316.734,,,NO_OBJECTS_IN_VIEW,
41125478/2006.980,,,NO_OBJECTS_IN_VIEW,
41125478/2016.976,,,NO_OBJECTS_IN_VIEW,
41125478/2037.167,,,NO_OBJECTS_IN_VIEW,
41125478/2047.263,,,NO_OBJECTS_IN_VIEW,
41125478/2057.376,,,NO_OBJECTS_IN_VIEW,
41125512/2880.177,,,NO_OBJECTS_IN_VIEW,
41125512/2890.073,,,NO_OBJECTS_IN_VIEW,
41125512/2900.068,,,NO_OBJECTS_IN_VIEW,
41125512/2910.064,,,NO_OBJECTS_IN_VIEW,
41125512/2920.060,,,NO_OBJECTS_IN_VIEW,
41125512/2930.073,,,NO_OBJECTS_IN_VIEW,
41125536/3262.441,,,NO_OBJECTS_IN_VIEW,
41125536/3278.218,,,NO_OBJECTS_IN_VIEW,
41125536/3294.112,,,NO_OBJECTS_IN_VIEW,
41125536/3357.519,,,NO_OBJECTS_IN_VIEW,
41125536/3373.413,,,NO_OBJECTS_IN_VIEW,
41125611/4634.550,,,NO_OBJECTS_IN_VIEW,
41125611/4658.340,,,NO_OBJECTS_IN_VIEW,
41125611/4670.335,,,NO_OBJECTS_IN_VIEW,
41125611/4682.230,,,NO_OBJECTS_IN_VIEW,
41125611/4694.125,,,NO_OBJECTS_IN_VIEW,
41125611/4706.137,,,NO_OBJECTS_IN_VIEW,
41125611/4718.032,,,NO_OBJECTS_IN_VIEW,
41125829/8399.978,,,NO_OBJECTS_IN_VIEW,
41125829/8410.174,,,NO_OBJECTS_IN_VIEW,
41125829/8440.878,,,NO_OBJECTS_IN_VIEW,
41125829/8451.074,,,NO_OBJECTS_IN_VIEW,
41125829/8461.270,,,NO_OBJECTS_IN_VIEW,
41125829/8471.482,,,NO_OBJECTS_IN_VIEW,
41125918/9961.188,,,NO_OBJECTS_IN_VIEW,
41125918/9963.371,,,NO_OBJECTS_IN_VIEW,
41125918/9965.570,,,NO_OBJECTS_IN_VIEW,
41125918/9967.869,,,NO_OBJECTS_IN_VIEW,
41125918/9970.068,,,NO_OBJECTS_IN_VIEW,
41125918/9972.267,,,NO_OBJECTS_IN_VIEW,
41125918/9974.566,,,NO_OBJECTS_IN_VIEW,
41126383/4938.185,,,NO_OBJECTS_IN_VIEW,
41126383/4944.365,,,NO_OBJECTS_IN_VIEW,
41126383/4950.563,,,NO_OBJECTS_IN_VIEW,
41126383/4956.761,,,NO_OBJECTS_IN_VIEW,
41126383/4962.958,,,NO_OBJECTS_IN_VIEW,
41126383/4969.172,,,NO_OBJECTS_IN_VIEW,
41126383/4975.370,,,NO_OBJECTS_IN_VIEW,
41126383/4981.567,,,NO_OBJECTS_IN_VIEW,
41126386/4879.792,,,NO_OBJECTS_IN_VIEW,
41126386/4885.373,,,NO_OBJECTS_IN_VIEW,
41126386/4891.070,,,NO_OBJECTS_IN_VIEW,
41126386/4896.768,,,NO_OBJECTS_IN_VIEW,
41126386/4902.466,,,NO_OBJECTS_IN_VIEW,
41126386/4908.064,,,NO_OBJECTS_IN_VIEW,
41126386/4913.761,,,NO_OBJECTS_IN_VIEW,
41126386/4919.459,,,NO_OBJECTS_IN_VIEW,
41126458/4544.299,,,NO_OBJECTS_IN_VIEW,
41126458/4551.179,,,NO_OBJECTS_IN_VIEW,
41126458/4558.077,,,NO_OBJECTS_IN_VIEW,
41126458/4565.090,,,NO_OBJECTS_IN_VIEW,
41126458/4578.885,,,NO_OBJECTS_IN_VIEW,
41126458/4585.882,,,NO_OBJECTS_IN_VIEW,
41126458/4592.779,,,NO_OBJECTS_IN_VIEW,
41126466/5167.255,,,NO_OBJECTS_IN_VIEW,
41126466/5176.651,,,NO_OBJECTS_IN_VIEW,
41126466/5214.236,,,NO_OBJECTS_IN_VIEW,
41126466/5223.649,,,NO_OBJECTS_IN_VIEW,
41126466/5233.045,,,NO_OBJECTS_IN_VIEW,
41126546/4745.354,,,NO_OBJECTS_IN_VIEW,
41126546/4762.447,,,NO_OBJECTS_IN_VIEW,
41126546/4770.943,,,NO_OBJECTS_IN_VIEW,
41126546/4779.540,,,NO_OBJECTS_IN_VIEW,
41126546/4788.037,,,NO_OBJECTS_IN_VIEW,
41126546/4796.633,,,NO_OBJECTS_IN_VIEW,
41126546/4805.146,,,NO_OBJECTS_IN_VIEW,
41126567/166.604,,,NO_OBJECTS_IN_VIEW,
41126567/182.581,,,NO_OBJECTS_IN_VIEW,
41126567/190.578,,,NO_OBJECTS_IN_VIEW,
41126567/198.575,,,NO_OBJECTS_IN_VIEW,
41126567/206.588,,,NO_OBJECTS_IN_VIEW,
41126567/214.585,,,NO_OBJECTS_IN_VIEW,
41126567/222.582,,,NO_OBJECTS_IN_VIEW,
41126592/1133.451,,,NO_OBJECTS_IN_VIEW,
41126592/1141.631,,,NO_OBJECTS_IN_VIEW,
41126592/1158.041,,,NO_OBJECTS_IN_VIEW,
41126592/1166.238,,,NO_OBJECTS_IN_VIEW,
41126592/1174.435,,,NO_OBJECTS_IN_VIEW,
41126592/1182.631,,,NO_OBJECTS_IN_VIEW,
41126592/1190.845,,,NO_OBJECTS_IN_VIEW,
41126645/645.462,,,NO_OBJECTS_IN_VIEW,
41126645/663.038,,,NO_OBJECTS_IN_VIEW,
41126645/680.747,,,NO_OBJECTS_IN_VIEW,
41126645/698.440,,,NO_OBJECTS_IN_VIEW,
41126645/716.149,,,NO_OBJECTS_IN_VIEW,
41126645/733.842,,,NO_OBJECTS_IN_VIEW,
41126645/751.535,,,NO_OBJECTS_IN_VIEW,
41126645/769.244,,,NO_OBJECTS_IN_VIEW,
41126667/1417.372,,,NO_OBJECTS_IN_VIEW,
41126667/1425.286,,,NO_OBJECTS_IN_VIEW,
41126667/1433.083,,,NO_OBJECTS_IN_VIEW,
41126667/1440.979,,,NO_OBJECTS_IN_VIEW,
41126667/1448.776,,,NO_OBJECTS_IN_VIEW,
41126678/1473.583,,,NO_OBJECTS_IN_VIEW,
41126678/1485.478,,,NO_OBJECTS_IN_VIEW,
41126678/1497.373,,,NO_OBJECTS_IN_VIEW,
41126678/1509.285,,,NO_OBJECTS_IN_VIEW,
41126678/1521.180,,,NO_OBJECTS_IN_VIEW,
41126678/1544.970,,,NO_OBJECTS_IN_VIEW,
41126689/2700.281,,,NO_OBJECTS_IN_VIEW,
41126689/2709.261,,,NO_OBJECTS_IN_VIEW,
41126689/2718.257,,,NO_OBJECTS_IN_VIEW,
41126689/2727.354,,,NO_OBJECTS_IN_VIEW,
41126689/2736.367,,,NO_OBJECTS_IN_VIEW,
41126689/2745.363,,,NO_OBJECTS_IN_VIEW,
41126689/2754.459,,,NO_OBJECTS_IN_VIEW,
41126689/2763.455,,,NO_OBJECTS_IN_VIEW,
41126697/2777.983,,,NO_OBJECTS_IN_VIEW,
41126697/2787.062,,,NO_OBJECTS_IN_VIEW,
41126697/2796.159,,,NO_OBJECTS_IN_VIEW,
41126697/2805.255,,,NO_OBJECTS_IN_VIEW,
41126697/2823.564,,,NO_OBJECTS_IN_VIEW,
41126697/2832.660,,,NO_OBJECTS_IN_VIEW,
41126697/2841.756,,,NO_OBJECTS_IN_VIEW,
41126700/3688.502,,,NO_OBJECTS_IN_VIEW,
41126700/3711.693,,,NO_OBJECTS_IN_VIEW,
41126700/3735.000,,,NO_OBJECTS_IN_VIEW,
41126700/3758.290,,,NO_OBJECTS_IN_VIEW,
41126700/3781.597,,,NO_OBJECTS_IN_VIEW,
41126700/3804.787,,,NO_OBJECTS_IN_VIEW,
41126700/3828.094,,,NO_OBJECTS_IN_VIEW,
41126700/3851.385,,,NO_OBJECTS_IN_VIEW,
41126728/2015.508,,,NO_OBJECTS_IN_VIEW,
41126728/2021.806,,,NO_OBJECTS_IN_VIEW,
41126728/2034.600,,,NO_OBJECTS_IN_VIEW,
41126728/2041.014,,,NO_OBJECTS_IN_VIEW,
41126728/2053.709,,,NO_OBJECTS_IN_VIEW,
41126728/2060.107,,,NO_OBJECTS_IN_VIEW,
41126742/3034.231,,,NO_OBJECTS_IN_VIEW,
41126742/3044.511,,,NO_OBJECTS_IN_VIEW,
41126742/3054.906,,,NO_OBJECTS_IN_VIEW,
41126742/3065.219,,,NO_OBJECTS_IN_VIEW,
41126742/3075.615,,,NO_OBJECTS_IN_VIEW,
41126742/3106.718,,,NO_OBJECTS_IN_VIEW,
41126744/2952.131,,,NO_OBJECTS_IN_VIEW,
41126744/2960.711,,,NO_OBJECTS_IN_VIEW,
41126744/2978.021,,,NO_OBJECTS_IN_VIEW,
41126744/2986.718,,,NO_OBJECTS_IN_VIEW,
41126744/2995.414,,,NO_OBJECTS_IN_VIEW,
41126744/3004.010,,,NO_OBJECTS_IN_VIEW,
41126744/3012.707,,,NO_OBJECTS_IN_VIEW,
41126779/4556.655,,,NO_OBJECTS_IN_VIEW,
41126779/4571.050,,,NO_OBJECTS_IN_VIEW,
41126779/4599.954,,,NO_OBJECTS_IN_VIEW,
41126779/4614.448,,,NO_OBJECTS_IN_VIEW,
41126779/4628.843,,,NO_OBJECTS_IN_VIEW,
41126779/4643.353,,,NO_OBJECTS_IN_VIEW,
41126779/4657.747,,,NO_OBJECTS_IN_VIEW,
41126783/4674.157,,,NO_OBJECTS_IN_VIEW,
41126783/4715.940,,,NO_OBJECTS_IN_VIEW,
41126783/4729.851,,,NO_OBJECTS_IN_VIEW,
41126783/4743.745,,,NO_OBJECTS_IN_VIEW,
41126783/4757.740,,,NO_OBJECTS_IN_VIEW,
41126783/4771.651,,,NO_OBJECTS_IN_VIEW,
41126792/6195.148,,,NO_OBJECTS_IN_VIEW,
41126792/6209.142,,,NO_OBJECTS_IN_VIEW,
41126792/6216.140,,,NO_OBJECTS_IN_VIEW,
41126792/6223.137,,,NO_OBJECTS_IN_VIEW,
41126811/8343.325,,,NO_OBJECTS_IN_VIEW,
41126811/8356.936,,,NO_OBJECTS_IN_VIEW,
41126811/8370.530,,,NO_OBJECTS_IN_VIEW,
41126811/8384.125,,,NO_OBJECTS_IN_VIEW,
41126867/1099.314,,,NO_OBJECTS_IN_VIEW,
41126867/1125.903,,,NO_OBJECTS_IN_VIEW,
41126867/1134.799,,,NO_OBJECTS_IN_VIEW,
41126867/1152.592,,,NO_OBJECTS_IN_VIEW,
41126867/1161.488,,,NO_OBJECTS_IN_VIEW,
41126979/1477.911,,,NO_OBJECTS_IN_VIEW,
41126979/1485.608,,,NO_OBJECTS_IN_VIEW,
41126979/1501.002,,,NO_OBJECTS_IN_VIEW,
41126979/1508.698,,,NO_OBJECTS_IN_VIEW,
41126979/1516.412,,,NO_OBJECTS_IN_VIEW,
41126979/1524.109,,,NO_OBJECTS_IN_VIEW,
41126979/1531.806,,,NO_OBJECTS_IN_VIEW,
41126998/4942.677,,,NO_OBJECTS_IN_VIEW,
41126998/4959.871,,,NO_OBJECTS_IN_VIEW,
41126998/4977.164,,,NO_OBJECTS_IN_VIEW,
41126998/4985.760,,,NO_OBJECTS_IN_VIEW,
41126998/4994.357,,,NO_OBJECTS_IN_VIEW,
41126998/5002.970,,,NO_OBJECTS_IN_VIEW,
41127074/1000.015,,,NO_OBJECTS_IN_VIEW,
41127074/1003.813,,,NO_OBJECTS_IN_VIEW,
41127074/1007.612,,,NO_OBJECTS_IN_VIEW,
41127074/1011.410,,,NO_OBJECTS_IN_VIEW,
41127074/984.721,,,NO_OBJECTS_IN_VIEW,
41127074/988.519,,,NO_OBJECTS_IN_VIEW,
41127074/992.318,,,NO_OBJECTS_IN_VIEW,
41127074/996.116,,,NO_OBJECTS_IN_VIEW,
41127082/1092.110,,,NO_OBJECTS_IN_VIEW,
41127082/1096.309,,,NO_OBJECTS_IN_VIEW,
41127101/1513.687,,,NO_OBJECTS_IN_VIEW,
41127101/1518.968,,,NO_OBJECTS_IN_VIEW,
41127101/1529.581,,,NO_OBJECTS_IN_VIEW,
41127101/1534.978,,,NO_OBJECTS_IN_VIEW,
41127101/1540.276,,,NO_OBJECTS_IN_VIEW,
41127101/1545.574,,,NO_OBJECTS_IN_VIEW,
41127101/1550.872,,,NO_OBJECTS_IN_VIEW,
41159381/1842.428,,,NO_OBJECTS_IN_VIEW,
41159381/1888.626,,,NO_OBJECTS_IN_VIEW,
41159381/1911.733,,,NO_OBJECTS_IN_VIEW,
41159381/1934.823,,,NO_OBJECTS_IN_VIEW,
41159448/490.194,,,NO_OBJECTS_IN_VIEW,
41159448/502.506,,,NO_OBJECTS_IN_VIEW,
41159448/514.801,,,NO_OBJECTS_IN_VIEW,
41159448/527.096,,,NO_OBJECTS_IN_VIEW,
41159448/539.391,,,NO_OBJECTS_IN_VIEW,
41159623/55540.420,,,NO_OBJECTS_IN_VIEW,
41159623/55553.631,,,NO_OBJECTS_IN_VIEW,
41159623/55566.826,,,NO_OBJECTS_IN_VIEW,
41159623/55580.020,,,NO_OBJECTS_IN_VIEW,
41159623/55593.231,,,NO_OBJECTS_IN_VIEW,
41159623/55606.426,,,NO_OBJECTS_IN_VIEW,
41159639/58438.325,,,NO_OBJECTS_IN_VIEW,
41159639/58477.192,,,NO_OBJECTS_IN_VIEW,
41159639/58490.203,,,NO_OBJECTS_IN_VIEW,
41159639/58503.198,,,NO_OBJECTS_IN_VIEW,
41159639/58516.192,,,NO_OBJECTS_IN_VIEW,
41159639/58529.203,,,NO_OBJECTS_IN_VIEW,
41159641/58252.202,,,NO_OBJECTS_IN_VIEW,
41159641/58270.594,,,NO_OBJECTS_IN_VIEW,
41159641/58279.807,,,NO_OBJECTS_IN_VIEW,
41159641/58289.003,,,NO_OBJECTS_IN_VIEW,
41159641/58298.200,,,NO_OBJECTS_IN_VIEW,
41159641/58307.396,,,NO_OBJECTS_IN_VIEW,
41159641/58316.609,,,NO_OBJECTS_IN_VIEW,
41159643/58357.908,,,NO_OBJECTS_IN_VIEW,
41159643/58367.104,,,NO_OBJECTS_IN_VIEW,
41159643/58376.300,,,NO_OBJECTS_IN_VIEW,
41159643/58385.497,,,NO_OBJECTS_IN_VIEW,
41159643/58394.693,,,NO_OBJECTS_IN_VIEW,
41159643/58403.906,,,NO_OBJECTS_IN_VIEW,
41159687/46473.664,,,NO_OBJECTS_IN_VIEW,
41159687/46493.273,,,NO_OBJECTS_IN_VIEW,
41159687/46532.474,,,NO_OBJECTS_IN_VIEW,
41159687/46551.966,,,NO_OBJECTS_IN_VIEW,
41159687/46571.575,,,NO_OBJECTS_IN_VIEW,
41159687/46591.167,,,NO_OBJECTS_IN_VIEW,
41159694/48383.569,,,NO_OBJECTS_IN_VIEW,
41159694/48395.265,,,NO_OBJECTS_IN_VIEW,
41159694/48418.672,,,NO_OBJECTS_IN_VIEW,
41159694/48430.367,,,NO_OBJECTS_IN_VIEW,
41159694/48442.063,,,NO_OBJECTS_IN_VIEW,
41159694/48453.775,,,NO_OBJECTS_IN_VIEW,
41159694/48465.470,,,NO_OBJECTS_IN_VIEW,
41159704/71318.711,,,NO_OBJECTS_IN_VIEW,
41159704/71331.722,,,NO_OBJECTS_IN_VIEW,
41159704/71344.716,,,NO_OBJECTS_IN_VIEW,
41159704/71357.711,,,NO_OBJECTS_IN_VIEW,
41159704/71370.722,,,NO_OBJECTS_IN_VIEW,
41159762/62062.463,,,NO_OBJECTS_IN_VIEW,
41159762/62073.158,,,NO_OBJECTS_IN_VIEW,
41159762/62083.954,,,NO_OBJECTS_IN_VIEW,
41159762/62094.767,,,NO_OBJECTS_IN_VIEW,
41159762/62105.562,,,NO_OBJECTS_IN_VIEW,
41159762/62116.358,,,NO_OBJECTS_IN_VIEW,
41159762/62137.966,,,NO_OBJECTS_IN_VIEW,
41159823/86664.377,,,NO_OBJECTS_IN_VIEW,
41159823/86685.085,,,NO_OBJECTS_IN_VIEW,
41159823/86695.380,,,NO_OBJECTS_IN_VIEW,
41159823/86705.676,,,NO_OBJECTS_IN_VIEW,
41159823/86715.972,,,NO_OBJECTS_IN_VIEW,
41159846/78036.042,,,NO_OBJECTS_IN_VIEW,
41159846/78058.033,,,NO_OBJECTS_IN_VIEW,
41159846/78080.041,,,NO_OBJECTS_IN_VIEW,
41159846/78102.032,,,NO_OBJECTS_IN_VIEW,
41159846/78124.040,,,NO_OBJECTS_IN_VIEW,
41159846/78146.031,,,NO_OBJECTS_IN_VIEW,
41159846/78168.039,,,NO_OBJECTS_IN_VIEW,
41159846/78190.031,,,NO_OBJECTS_IN_VIEW,
41159862/79728.420,,,NO_OBJECTS_IN_VIEW,
41159862/79751.711,,,NO_OBJECTS_IN_VIEW,
41159862/79763.307,,,NO_OBJECTS_IN_VIEW,
41159862/79775.019,,,NO_OBJECTS_IN_VIEW,
41159862/79786.714,,,NO_OBJECTS_IN_VIEW,
41159862/79798.309,,,NO_OBJECTS_IN_VIEW,
41159862/79810.021,,,NO_OBJECTS_IN_VIEW,
41159870/81870.389,,,NO_OBJECTS_IN_VIEW,
41159870/81884.266,,,NO_OBJECTS_IN_VIEW,
41159870/81898.161,,,NO_OBJECTS_IN_VIEW,
41159870/81912.172,,,NO_OBJECTS_IN_VIEW,
41159870/81926.067,,,NO_OBJECTS_IN_VIEW,
41159870/81939.978,,,NO_OBJECTS_IN_VIEW,
41159870/81953.972,,,NO_OBJECTS_IN_VIEW,
41159870/81967.867,,,NO_OBJECTS_IN_VIEW,
41159873/81725.179,,,NO_OBJECTS_IN_VIEW,
41159873/81741.373,,,NO_OBJECTS_IN_VIEW,
41159873/81757.567,,,NO_OBJECTS_IN_VIEW,
41159873/81773.877,,,NO_OBJECTS_IN_VIEW,
41159873/81790.070,,,NO_OBJECTS_IN_VIEW,
41159873/81822.574,,,NO_OBJECTS_IN_VIEW,
41159873/81838.768,,,NO_OBJECTS_IN_VIEW,
41165735/7225.712,,,NO_OBJECTS_IN_VIEW,
41165735/7231.493,,,NO_OBJECTS_IN_VIEW,
41165735/7243.204,,,NO_OBJECTS_IN_VIEW,
41165735/7249.102,,,NO_OBJECTS_IN_VIEW,
41165735/7255.000,,,NO_OBJECTS_IN_VIEW,
41165735/7260.797,,,NO_OBJECTS_IN_VIEW,
41165735/7266.695,,,NO_OBJECTS_IN_VIEW,
41249057/1944.484,,,NO_OBJECTS_IN_VIEW,
41249057/1963.459,,,NO_OBJECTS_IN_VIEW,
41249057/1982.468,,,NO_OBJECTS_IN_VIEW,
41249057/2001.460,,,NO_OBJECTS_IN_VIEW,
41249057/2020.469,,,NO_OBJECTS_IN_VIEW,
41249057/2039.461,,,NO_OBJECTS_IN_VIEW,
41249057/2058.470,,,NO_OBJECTS_IN_VIEW,
41249057/2077.462,,,NO_OBJECTS_IN_VIEW,
41254551/136543.034,,,NO_OBJECTS_IN_VIEW,
41254551/136552.730,,,NO_OBJECTS_IN_VIEW,
41254551/136562.526,,,NO_OBJECTS_IN_VIEW,
41254551/136572.222,,,NO_OBJECTS_IN_VIEW,
41254551/136582.018,,,NO_OBJECTS_IN_VIEW,
41254551/136591.731,,,NO_OBJECTS_IN_VIEW,
41254551/136601.527,,,NO_OBJECTS_IN_VIEW,
41254551/136611.223,,,NO_OBJECTS_IN_VIEW,
41254632/142004.008,,,NO_OBJECTS_IN_VIEW,
41254632/142033.279,,,NO_OBJECTS_IN_VIEW,
41254632/142062.584,,,NO_OBJECTS_IN_VIEW,
41254632/142091.888,,,NO_OBJECTS_IN_VIEW,
41254632/142121.192,,,NO_OBJECTS_IN_VIEW,
41254632/142150.480,,,NO_OBJECTS_IN_VIEW,
41254632/142179.784,,,NO_OBJECTS_IN_VIEW,
41254632/142209.089,,,NO_OBJECTS_IN_VIEW,
41254720/128203.923,,,NO_OBJECTS_IN_VIEW,
41254720/128215.602,,,NO_OBJECTS_IN_VIEW,
41254720/128227.397,,,NO_OBJECTS_IN_VIEW,
41254720/128239.109,,,NO_OBJECTS_IN_VIEW,
41254720/128250.904,,,NO_OBJECTS_IN_VIEW,
41254720/128262.600,,,NO_OBJECTS_IN_VIEW,
41254720/128274.395,,,NO_OBJECTS_IN_VIEW,
41254720/128286.107,,,NO_OBJECTS_IN_VIEW,
41254778/131886.633,,,NO_OBJECTS_IN_VIEW,
41254778/131904.127,,,NO_OBJECTS_IN_VIEW,
41254778/131921.720,,,NO_OBJECTS_IN_VIEW,
41254778/131939.329,,,NO_OBJECTS_IN_VIEW,
41254778/131956.922,,,NO_OBJECTS_IN_VIEW,
41254778/131974.415,,,NO_OBJECTS_IN_VIEW,
41254778/132009.618,,,NO_OBJECTS_IN_VIEW,
41254893/159114.344,,,NO_OBJECTS_IN_VIEW,
41254893/159138.234,,,NO_OBJECTS_IN_VIEW,
41254893/159162.141,,,NO_OBJECTS_IN_VIEW,
41254893/159186.031,,,NO_OBJECTS_IN_VIEW,
41254893/159209.938,,,NO_OBJECTS_IN_VIEW,
41254893/159233.844,,,NO_OBJECTS_IN_VIEW,
41254893/159257.734,,,NO_OBJECTS_IN_VIEW,
41254893/159281.641,,,NO_OBJECTS_IN_VIEW,
41254956/143012.063,,,NO_OBJECTS_IN_VIEW,
41254956/143028.340,,,NO_OBJECTS_IN_VIEW,
41254956/143044.750,,,NO_OBJECTS_IN_VIEW,
41254956/143061.043,,,NO_OBJECTS_IN_VIEW,
41254956/143077.437,,,NO_OBJECTS_IN_VIEW,
41254956/143093.747,,,NO_OBJECTS_IN_VIEW,
41254956/143110.141,,,NO_OBJECTS_IN_VIEW,
41254956/143126.451,,,NO_OBJECTS_IN_VIEW,
42444474/1361.900,,,NO_OBJECTS_IN_VIEW,
42444474/1383.774,,,NO_OBJECTS_IN_VIEW,
42444474/1394.770,,,NO_OBJECTS_IN_VIEW,
42444474/1416.678,,,NO_OBJECTS_IN_VIEW,
42444474/1438.668,,,NO_OBJECTS_IN_VIEW,
42444501/2387.643,,,NO_OBJECTS_IN_VIEW,
42444501/2395.124,,,NO_OBJECTS_IN_VIEW,
42444501/2402.721,,,NO_OBJECTS_IN_VIEW,
42444501/2410.234,,,NO_OBJECTS_IN_VIEW,
42444501/2417.831,,,NO_OBJECTS_IN_VIEW,
42444501/2425.428,,,NO_OBJECTS_IN_VIEW,
42444501/2432.925,,,NO_OBJECTS_IN_VIEW,
42444501/2440.522,,,NO_OBJECTS_IN_VIEW,
42444513/3425.579,,,NO_OBJECTS_IN_VIEW,
42444513/3444.572,,,NO_OBJECTS_IN_VIEW,
42444513/3454.068,,,NO_OBJECTS_IN_VIEW,
42444513/3463.564,,,NO_OBJECTS_IN_VIEW,
42444513/3473.060,,,NO_OBJECTS_IN_VIEW,
42444513/3482.556,,,NO_OBJECTS_IN_VIEW,
42444513/3492.069,,,NO_OBJECTS_IN_VIEW,
42444526/4075.477,,,NO_OBJECTS_IN_VIEW,
42444526/4083.357,,,NO_OBJECTS_IN_VIEW,
42444526/4091.371,,,NO_OBJECTS_IN_VIEW,
42444526/4099.268,,,NO_OBJECTS_IN_VIEW,
42444526/4107.264,,,NO_OBJECTS_IN_VIEW,
42444526/4115.161,,,NO_OBJECTS_IN_VIEW,
42444526/4123.158,,,NO_OBJECTS_IN_VIEW,
42444526/4131.055,,,NO_OBJECTS_IN_VIEW,
42444703/73368.800,,,NO_OBJECTS_IN_VIEW,
42444703/73378.680,,,NO_OBJECTS_IN_VIEW,
42444703/73388.592,,,NO_OBJECTS_IN_VIEW,
42444703/73408.484,,,NO_OBJECTS_IN_VIEW,
42444703/73418.380,,,NO_OBJECTS_IN_VIEW,
42444703/73428.393,,,NO_OBJECTS_IN_VIEW,
42444703/73438.289,,,NO_OBJECTS_IN_VIEW,
42444711/74018.932,,,NO_OBJECTS_IN_VIEW,
42444711/74028.128,,,NO_OBJECTS_IN_VIEW,
42444711/74037.424,,,NO_OBJECTS_IN_VIEW,
42444711/74046.621,,,NO_OBJECTS_IN_VIEW,
42444711/74055.933,,,NO_OBJECTS_IN_VIEW,
42444711/74065.230,,,NO_OBJECTS_IN_VIEW,
42444711/74083.722,,,NO_OBJECTS_IN_VIEW,
42444735/77865.835,,,NO_OBJECTS_IN_VIEW,
42444735/77873.515,,,NO_OBJECTS_IN_VIEW,
42444735/77889.109,,,NO_OBJECTS_IN_VIEW,
42444735/77896.923,,,NO_OBJECTS_IN_VIEW,
42444735/77904.719,,,NO_OBJECTS_IN_VIEW,
42444735/77912.516,,,NO_OBJECTS_IN_VIEW,
42444735/77920.313,,,NO_OBJECTS_IN_VIEW,
42444814/54571.823,,,NO_OBJECTS_IN_VIEW,
42444814/54583.701,,,NO_OBJECTS_IN_VIEW,
42444814/54595.596,,,NO_OBJECTS_IN_VIEW,
42444814/54607.508,,,NO_OBJECTS_IN_VIEW,
42444814/54619.403,,,NO_OBJECTS_IN_VIEW,
42444814/54631.298,,,NO_OBJECTS_IN_VIEW,
42444814/54643.210,,,NO_OBJECTS_IN_VIEW,
42444814/54655.105,,,NO_OBJECTS_IN_VIEW,
42444849/95078.249,,,NO_OBJECTS_IN_VIEW,
42444849/95089.944,,,NO_OBJECTS_IN_VIEW,
42444849/95101.639,,,NO_OBJECTS_IN_VIEW,
42444849/95113.334,,,NO_OBJECTS_IN_VIEW,
42444849/95124.946,,,NO_OBJECTS_IN_VIEW,
42444849/95136.642,,,NO_OBJECTS_IN_VIEW,
42444855/94834.535,,,NO_OBJECTS_IN_VIEW,
42444855/94861.324,,,NO_OBJECTS_IN_VIEW,
42444855/94901.624,,,NO_OBJECTS_IN_VIEW,
42444859/96509.393,,,NO_OBJECTS_IN_VIEW,
42444859/96513.874,,,NO_OBJECTS_IN_VIEW,
42444859/96527.469,,,NO_OBJECTS_IN_VIEW,
42444859/96536.465,,,NO_OBJECTS_IN_VIEW,
42444859/96540.963,,,NO_OBJECTS_IN_VIEW,
42444860/96625.179,,,NO_OBJECTS_IN_VIEW,
42444860/96636.474,,,NO_OBJECTS_IN_VIEW,
42444860/96647.870,,,NO_OBJECTS_IN_VIEW,
42444860/96659.165,,,NO_OBJECTS_IN_VIEW,
42444860/96670.561,,,NO_OBJECTS_IN_VIEW,
42444860/96681.973,,,NO_OBJECTS_IN_VIEW,
42444860/96693.268,,,NO_OBJECTS_IN_VIEW,
42444860/96704.663,,,NO_OBJECTS_IN_VIEW,
42444872/98011.214,,,NO_OBJECTS_IN_VIEW,
42444872/98083.901,,,NO_OBJECTS_IN_VIEW,
42444872/98095.996,,,NO_OBJECTS_IN_VIEW,
42444928/221404.112,,,NO_OBJECTS_IN_VIEW,
42444928/221423.105,,,NO_OBJECTS_IN_VIEW,
42444928/221432.701,,,NO_OBJECTS_IN_VIEW,
42444928/221442.197,,,NO_OBJECTS_IN_VIEW,
42444928/221451.693,,,NO_OBJECTS_IN_VIEW,
42444928/221461.306,,,NO_OBJECTS_IN_VIEW,
42444928/221470.802,,,NO_OBJECTS_IN_VIEW,
42444997/45141.388,,,NO_OBJECTS_IN_VIEW,
42444997/45156.465,,,NO_OBJECTS_IN_VIEW,
42444997/45171.659,,,NO_OBJECTS_IN_VIEW,
42444997/45186.770,,,NO_OBJECTS_IN_VIEW,
42444997/45201.963,,,NO_OBJECTS_IN_VIEW,
42444997/45217.074,,,NO_OBJECTS_IN_VIEW,
42444997/45232.267,,,NO_OBJECTS_IN_VIEW,
42444997/45247.361,,,NO_OBJECTS_IN_VIEW,
42444998/45363.879,,,NO_OBJECTS_IN_VIEW,
42444998/45382.471,,,NO_OBJECTS_IN_VIEW,
42444998/45401.164,,,NO_OBJECTS_IN_VIEW,
42444998/45419.856,,,NO_OBJECTS_IN_VIEW,
42444998/45438.565,,,NO_OBJECTS_IN_VIEW,
42444998/45457.157,,,NO_OBJECTS_IN_VIEW,
42444998/45475.866,,,NO_OBJECTS_IN_VIEW,
42444998/45494.558,,,NO_OBJECTS_IN_VIEW,
42445078/5580.258,,,NO_OBJECTS_IN_VIEW,
42445078/5606.131,,,NO_OBJECTS_IN_VIEW,
42445078/5614.728,,,NO_OBJECTS_IN_VIEW,
42445078/5623.341,,,NO_OBJECTS_IN_VIEW,
42445078/5632.038,,,NO_OBJECTS_IN_VIEW,
42445078/5640.634,,,NO_OBJECTS_IN_VIEW,
42445128/5103.338,,,NO_OBJECTS_IN_VIEW,
42445128/5110.952,,,NO_OBJECTS_IN_VIEW,
42445128/5118.449,,,NO_OBJECTS_IN_VIEW,
42445128/5126.045,,,NO_OBJECTS_IN_VIEW,
42445128/5133.642,,,NO_OBJECTS_IN_VIEW,
42445128/5141.139,,,NO_OBJECTS_IN_VIEW,
42445128/5148.736,,,NO_OBJECTS_IN_VIEW,
42445180/8945.210,,,NO_OBJECTS_IN_VIEW,
42445180/8951.691,,,NO_OBJECTS_IN_VIEW,
42445180/8958.305,,,NO_OBJECTS_IN_VIEW,
42445180/8964.803,,,NO_OBJECTS_IN_VIEW,
42445180/8971.400,,,NO_OBJECTS_IN_VIEW,
42445180/8977.997,,,NO_OBJECTS_IN_VIEW,
42445180/8984.495,,,NO_OBJECTS_IN_VIEW,
42445180/8991.092,,,NO_OBJECTS_IN_VIEW,
42445205/10711.356,,,NO_OBJECTS_IN_VIEW,
42445205/10720.036,,,NO_OBJECTS_IN_VIEW,
42445205/10728.833,,,NO_OBJECTS_IN_VIEW,
42445205/10737.646,,,NO_OBJECTS_IN_VIEW,
42445205/10746.442,,,NO_OBJECTS_IN_VIEW,
42445205/10755.239,,,NO_OBJECTS_IN_VIEW,
42445205/10764.035,,,NO_OBJECTS_IN_VIEW,
42445205/10772.832,,,NO_OBJECTS_IN_VIEW,
42445445/149662.742,,,NO_OBJECTS_IN_VIEW,
42445445/149667.623,,,NO_OBJECTS_IN_VIEW,
42445445/149672.621,,,NO_OBJECTS_IN_VIEW,
42445445/149677.619,,,NO_OBJECTS_IN_VIEW,
42445445/149682.633,,,NO_OBJECTS_IN_VIEW,
42445445/149687.631,,,NO_OBJECTS_IN_VIEW,
42445445/149692.629,,,NO_OBJECTS_IN_VIEW,
42445445/149697.627,,,NO_OBJECTS_IN_VIEW,
42445462/151029.259,,,NO_OBJECTS_IN_VIEW,
42445462/151037.938,,,NO_OBJECTS_IN_VIEW,
42445462/151046.635,,,NO_OBJECTS_IN_VIEW,
42445462/151055.348,,,NO_OBJECTS_IN_VIEW,
42445462/151064.044,,,NO_OBJECTS_IN_VIEW,
42445462/151072.741,,,NO_OBJECTS_IN_VIEW,
42445462/151081.437,,,NO_OBJECTS_IN_VIEW,
42445462/151090.134,,,NO_OBJECTS_IN_VIEW,
42445476/152262.113,,,NO_OBJECTS_IN_VIEW,
42445476/152266.895,,,NO_OBJECTS_IN_VIEW,
42445476/152271.809,,,NO_OBJECTS_IN_VIEW,
42445476/152276.707,,,NO_OBJECTS_IN_VIEW,
42445476/152281.605,,,NO_OBJECTS_IN_VIEW,
42445476/152286.503,,,NO_OBJECTS_IN_VIEW,
42445476/152291.401,,,NO_OBJECTS_IN_VIEW,
42445476/152296.299,,,NO_OBJECTS_IN_VIEW,
42445498/154766.004,,,NO_OBJECTS_IN_VIEW,
42445498/154770.686,,,NO_OBJECTS_IN_VIEW,
42445498/154775.484,,,NO_OBJECTS_IN_VIEW,
42445498/154780.282,,,NO_OBJECTS_IN_VIEW,
42445498/154785.080,,,NO_OBJECTS_IN_VIEW,
42445498/154789.878,,,NO_OBJECTS_IN_VIEW,
42445498/154794.676,,,NO_OBJECTS_IN_VIEW,
42445498/154799.474,,,NO_OBJECTS_IN_VIEW,
42445502/154818.799,,,NO_OBJECTS_IN_VIEW,
42445502/154824.181,,,NO_OBJECTS_IN_VIEW,
42445502/154829.578,,,NO_OBJECTS_IN_VIEW,
42445502/154834.976,,,NO_OBJECTS_IN_VIEW,
42445502/154840.374,,,NO_OBJECTS_IN_VIEW,
42445502/154845.788,,,NO_OBJECTS_IN_VIEW,
42445502/154851.186,,,NO_OBJECTS_IN_VIEW,
42445502/154856.584,,,NO_OBJECTS_IN_VIEW,
42445599/285025.358,,,NO_OBJECTS_IN_VIEW,
42445599/285039.652,,,NO_OBJECTS_IN_VIEW,
42445599/285053.946,,,NO_OBJECTS_IN_VIEW,
42445599/285068.240,,,NO_OBJECTS_IN_VIEW,
42445599/285111.139,,,NO_OBJECTS_IN_VIEW,
42445599/285125.450,,,NO_OBJECTS_IN_VIEW,
42445670/60930.834,,,NO_OBJECTS_IN_VIEW,
42445670/60938.231,,,NO_OBJECTS_IN_VIEW,
42445670/60945.728,,,NO_OBJECTS_IN_VIEW,
42445670/60953.225,,,NO_OBJECTS_IN_VIEW,
42445670/60960.738,,,NO_OBJECTS_IN_VIEW,
42445670/60968.135,,,NO_OBJECTS_IN_VIEW,
42445670/60975.632,,,NO_OBJECTS_IN_VIEW,
42445670/60983.129,,,NO_OBJECTS_IN_VIEW,
42445677/60999.556,,,NO_OBJECTS_IN_VIEW,
42445677/61038.923,,,NO_OBJECTS_IN_VIEW,
42445677/61052.134,,,NO_OBJECTS_IN_VIEW,
42445677/61065.228,,,NO_OBJECTS_IN_VIEW,
42445677/61078.423,,,NO_OBJECTS_IN_VIEW,
42445677/61091.534,,,NO_OBJECTS_IN_VIEW,
42445680/61953.888,,,NO_OBJECTS_IN_VIEW,
42445680/61977.179,,,NO_OBJECTS_IN_VIEW,
42445680/62000.569,,,NO_OBJECTS_IN_VIEW,
42445680/62023.976,,,NO_OBJECTS_IN_VIEW,
42445680/62047.383,,,NO_OBJECTS_IN_VIEW,
42445680/62070.673,,,NO_OBJECTS_IN_VIEW,
42445680/62094.080,,,NO_OBJECTS_IN_VIEW,
42445680/62117.470,,,NO_OBJECTS_IN_VIEW,
42445716/63629.822,,,NO_OBJECTS_IN_VIEW,
42445716/63641.417,,,NO_OBJECTS_IN_VIEW,
42445716/63653.029,,,NO_OBJECTS_IN_VIEW,
42445716/63676.120,,,NO_OBJECTS_IN_VIEW,
42445721/63546.624,,,NO_OBJECTS_IN_VIEW,
42445721/63557.219,,,NO_OBJECTS_IN_VIEW,
42445721/63567.815,,,NO_OBJECTS_IN_VIEW,
42445721/63578.327,,,NO_OBJECTS_IN_VIEW,
42445721/63588.923,,,NO_OBJECTS_IN_VIEW,
42445781/66615.623,,,NO_OBJECTS_IN_VIEW,
42445781/66620.205,,,NO_OBJECTS_IN_VIEW,
42445781/66624.803,,,NO_OBJECTS_IN_VIEW,
42445781/66629.501,,,NO_OBJECTS_IN_VIEW,
42445781/66634.099,,,NO_OBJECTS_IN_VIEW,
42445781/66638.714,,,NO_OBJECTS_IN_VIEW,
42445781/66643.412,,,NO_OBJECTS_IN_VIEW,
42445788/64836.481,,,NO_OBJECTS_IN_VIEW,
42445788/64844.462,,,NO_OBJECTS_IN_VIEW,
42445788/64852.458,,,NO_OBJECTS_IN_VIEW,
42445788/64860.472,,,NO_OBJECTS_IN_VIEW,
42445788/64868.469,,,NO_OBJECTS_IN_VIEW,
42445788/64876.465,,,NO_OBJECTS_IN_VIEW,
42445788/64884.462,,,NO_OBJECTS_IN_VIEW,
42445788/64892.459,,,NO_OBJECTS_IN_VIEW,
42445891/72978.208,,,NO_OBJECTS_IN_VIEW,
42445891/72980.591,,,NO_OBJECTS_IN_VIEW,
42445891/72983.090,,,NO_OBJECTS_IN_VIEW,
42445891/72988.105,,,NO_OBJECTS_IN_VIEW,
42445891/72990.603,,,NO_OBJECTS_IN_VIEW,
42445891/72993.102,,,NO_OBJECTS_IN_VIEW,
42445891/72995.602,,,NO_OBJECTS_IN_VIEW,
42445927/77960.798,,,NO_OBJECTS_IN_VIEW,
42445927/77970.377,,,NO_OBJECTS_IN_VIEW,
42445927/77975.192,,,NO_OBJECTS_IN_VIEW,
42445927/77980.090,,,NO_OBJECTS_IN_VIEW,
42445927/77984.888,,,NO_OBJECTS_IN_VIEW,
42445927/77989.686,,,NO_OBJECTS_IN_VIEW,
42445938/79436.290,,,NO_OBJECTS_IN_VIEW,
42445938/79452.883,,,NO_OBJECTS_IN_VIEW,
42445938/79461.180,,,NO_OBJECTS_IN_VIEW,
42445938/79469.476,,,NO_OBJECTS_IN_VIEW,
42445938/79486.086,,,NO_OBJECTS_IN_VIEW,
42445938/79494.383,,,NO_OBJECTS_IN_VIEW,
42446017/134580.120,,,NO_OBJECTS_IN_VIEW,
42446017/134607.725,,,NO_OBJECTS_IN_VIEW,
42446025/134668.616,,,NO_OBJECTS_IN_VIEW,
42446025/134682.327,,,NO_OBJECTS_IN_VIEW,
42446025/134709.616,,,NO_OBJECTS_IN_VIEW,
42446050/79827.595,,,NO_OBJECTS_IN_VIEW,
42446050/79833.776,,,NO_OBJECTS_IN_VIEW,
42446050/79839.973,,,NO_OBJECTS_IN_VIEW,
42446050/79852.384,,,NO_OBJECTS_IN_VIEW,
42446050/79858.582,,,NO_OBJECTS_IN_VIEW,
42446050/79864.779,,,NO_OBJECTS_IN_VIEW,
42446050/79870.977,,,NO_OBJECTS_IN_VIEW,
42446068/80618.204,,,NO_OBJECTS_IN_VIEW,
42446068/80625.184,,,NO_OBJECTS_IN_VIEW,
42446068/80632.281,,,NO_OBJECTS_IN_VIEW,
42446068/80639.395,,,NO_OBJECTS_IN_VIEW,
42446068/80646.492,,,NO_OBJECTS_IN_VIEW,
42446068/80653.489,,,NO_OBJECTS_IN_VIEW,
42446068/80660.586,,,NO_OBJECTS_IN_VIEW,
42446068/80667.683,,,NO_OBJECTS_IN_VIEW,
42446072/80489.507,,,NO_OBJECTS_IN_VIEW,
42446072/80496.387,,,NO_OBJECTS_IN_VIEW,
42446072/80503.385,,,NO_OBJECTS_IN_VIEW,
42446072/80510.382,,,NO_OBJECTS_IN_VIEW,
42446072/80517.395,,,NO_OBJECTS_IN_VIEW,
42446072/80524.393,,,NO_OBJECTS_IN_VIEW,
42446072/80531.390,,,NO_OBJECTS_IN_VIEW,
42446072/80538.387,,,NO_OBJECTS_IN_VIEW,
42446466/355342.887,,,NO_OBJECTS_IN_VIEW,
42446466/355362.778,,,NO_OBJECTS_IN_VIEW,
42446466/355382.670,,,NO_OBJECTS_IN_VIEW,
42446466/355402.679,,,NO_OBJECTS_IN_VIEW,
42446466/355422.571,,,NO_OBJECTS_IN_VIEW,
42446466/355442.463,,,NO_OBJECTS_IN_VIEW,
42446466/355462.471,,,NO_OBJECTS_IN_VIEW,
42446485/355660.174,,,NO_OBJECTS_IN_VIEW,
42446485/355700.674,,,NO_OBJECTS_IN_VIEW,
42446485/355781.674,,,NO_OBJECTS_IN_VIEW,
42446485/355822.174,,,NO_OBJECTS_IN_VIEW,
42446485/355862.674,,,NO_OBJECTS_IN_VIEW,
42446485/355903.174,,,NO_OBJECTS_IN_VIEW,
42446485/355943.674,,,NO_OBJECTS_IN_VIEW,
42446497/357425.958,,,NO_OBJECTS_IN_VIEW,
42446497/357439.053,,,NO_OBJECTS_IN_VIEW,
42446497/357452.248,,,NO_OBJECTS_IN_VIEW,
42446497/357465.442,,,NO_OBJECTS_IN_VIEW,
42446497/357478.654,,,NO_OBJECTS_IN_VIEW,
42446497/357491.748,,,NO_OBJECTS_IN_VIEW,
42446497/357504.943,,,NO_OBJECTS_IN_VIEW,
42446497/357518.154,,,NO_OBJECTS_IN_VIEW,
42446576/205872.256,,,NO_OBJECTS_IN_VIEW,
42446576/205912.256,,,NO_OBJECTS_IN_VIEW,
42447210/209181.493,,,NO_OBJECTS_IN_VIEW,
42447210/209191.589,,,NO_OBJECTS_IN_VIEW,
42447210/209201.685,,,NO_OBJECTS_IN_VIEW,
42447210/209211.781,,,NO_OBJECTS_IN_VIEW,
42447210/209221.877,,,NO_OBJECTS_IN_VIEW,
42447210/209231.989,,,NO_OBJECTS_IN_VIEW,
42447210/209242.085,,,NO_OBJECTS_IN_VIEW,
42447210/209252.181,,,NO_OBJECTS_IN_VIEW,
42447230/88834.734,,,NO_OBJECTS_IN_VIEW,
42447230/88847.529,,,NO_OBJECTS_IN_VIEW,
42447230/88860.440,,,NO_OBJECTS_IN_VIEW,
42447230/88873.235,,,NO_OBJECTS_IN_VIEW,
42447230/88886.129,,,NO_OBJECTS_IN_VIEW,
42447230/88899.024,,,NO_OBJECTS_IN_VIEW,
42447230/88911.835,,,NO_OBJECTS_IN_VIEW,
42447230/88924.730,,,NO_OBJECTS_IN_VIEW,
42447308/409667.012,,,NO_OBJECTS_IN_VIEW,
42447308/409683.389,,,NO_OBJECTS_IN_VIEW,
42447308/409699.899,,,NO_OBJECTS_IN_VIEW,
42447308/409716.392,,,NO_OBJECTS_IN_VIEW,
42447308/409732.885,,,NO_OBJECTS_IN_VIEW,
42447308/409749.295,,,NO_OBJECTS_IN_VIEW,
42447308/409765.788,,,NO_OBJECTS_IN_VIEW,
42447308/409782.298,,,NO_OBJECTS_IN_VIEW,
42897418/103525.007,,,NO_OBJECTS_IN_VIEW,
42897418/103533.004,,,NO_OBJECTS_IN_VIEW,
42897418/103541.100,,,NO_OBJECTS_IN_VIEW,
42897418/103549.097,,,NO_OBJECTS_IN_VIEW,
42897418/103565.207,,,NO_OBJECTS_IN_VIEW,
42897418/103573.303,,,NO_OBJECTS_IN_VIEW,
42897418/103581.300,,,NO_OBJECTS_IN_VIEW,
42897462/469883.097,,,NO_OBJECTS_IN_VIEW,
42897462/469989.887,,,NO_OBJECTS_IN_VIEW,
42897462/470043.281,,,NO_OBJECTS_IN_VIEW,
42897462/470096.776,,,NO_OBJECTS_IN_VIEW,
42897462/470150.170,,,NO_OBJECTS_IN_VIEW,
42897462/470203.581,,,NO_OBJECTS_IN_VIEW,
42897462/470256.976,,,NO_OBJECTS_IN_VIEW,
42897509/472199.829,,,NO_OBJECTS_IN_VIEW,
42897509/472224.019,,,NO_OBJECTS_IN_VIEW,
42897509/472248.326,,,NO_OBJECTS_IN_VIEW,
42897509/472272.616,,,NO_OBJECTS_IN_VIEW,
42897509/472296.923,,,NO_OBJECTS_IN_VIEW,
42897509/472321.229,,,NO_OBJECTS_IN_VIEW,
42897509/472345.519,,,NO_OBJECTS_IN_VIEW,
42897509/472369.826,,,NO_OBJECTS_IN_VIEW,
42897512/472583.721,,,NO_OBJECTS_IN_VIEW,
42897512/472624.221,,,NO_OBJECTS_IN_VIEW,
42897512/472664.721,,,NO_OBJECTS_IN_VIEW,
42897512/472705.221,,,NO_OBJECTS_IN_VIEW,
42897512/472745.821,,,NO_OBJECTS_IN_VIEW,
42897512/472786.321,,,NO_OBJECTS_IN_VIEW,
42897512/472826.821,,,NO_OBJECTS_IN_VIEW,
42897512/472867.321,,,NO_OBJECTS_IN_VIEW,
42897600/135573.460,,,NO_OBJECTS_IN_VIEW,
42897600/135608.829,,,NO_OBJECTS_IN_VIEW,
42897600/135620.741,,,NO_OBJECTS_IN_VIEW,
42897600/135632.536,,,NO_OBJECTS_IN_VIEW,
42897600/135644.331,,,NO_OBJECTS_IN_VIEW,
42897600/135656.143,,,NO_OBJECTS_IN_VIEW,
42897769/127367.803,,,NO_OBJECTS_IN_VIEW,
42897769/127413.301,,,NO_OBJECTS_IN_VIEW,
42897769/127458.800,,,NO_OBJECTS_IN_VIEW,
42897769/127504.298,,,NO_OBJECTS_IN_VIEW,
42897769/127549.797,,,NO_OBJECTS_IN_VIEW,
42897769/127595.295,,,NO_OBJECTS_IN_VIEW,
42897769/127640.794,,,NO_OBJECTS_IN_VIEW,
42897771/126954.700,,,NO_OBJECTS_IN_VIEW,
42897771/126976.508,,,NO_OBJECTS_IN_VIEW,
42897771/126998.399,,,NO_OBJECTS_IN_VIEW,
42897771/127020.207,,,NO_OBJECTS_IN_VIEW,
42897771/127041.999,,,NO_OBJECTS_IN_VIEW,
42897771/127063.907,,,NO_OBJECTS_IN_VIEW,
42897771/127085.698,,,NO_OBJECTS_IN_VIEW,
42897780/129086.845,,,NO_OBJECTS_IN_VIEW,
42897780/129105.737,,,NO_OBJECTS_IN_VIEW,
42897780/129124.646,,,NO_OBJECTS_IN_VIEW,
42897780/129162.448,,,NO_OBJECTS_IN_VIEW,
42897780/129181.341,,,NO_OBJECTS_IN_VIEW,
42897780/129200.250,,,NO_OBJECTS_IN_VIEW,
42897829/337756.686,,,NO_OBJECTS_IN_VIEW,
42897829/337788.472,,,NO_OBJECTS_IN_VIEW,
42897829/337809.680,,,NO_OBJECTS_IN_VIEW,
42897829/337830.872,,,NO_OBJECTS_IN_VIEW,
42897846/338493.083,,,NO_OBJECTS_IN_VIEW,
42897846/338496.165,,,NO_OBJECTS_IN_VIEW,
42897846/338499.364,,,NO_OBJECTS_IN_VIEW,
42897846/338502.562,,,NO_OBJECTS_IN_VIEW,
42897846/338505.761,,,NO_OBJECTS_IN_VIEW,
42897846/338508.877,,,NO_OBJECTS_IN_VIEW,
42897846/338512.075,,,NO_OBJECTS_IN_VIEW,
42897846/338515.274,,,NO_OBJECTS_IN_VIEW,
42897863/340927.014,,,NO_OBJECTS_IN_VIEW,
42897863/340933.394,,,NO_OBJECTS_IN_VIEW,
42897863/340939.808,,,NO_OBJECTS_IN_VIEW,
42897863/340946.206,,,NO_OBJECTS_IN_VIEW,
42897863/340952.603,,,NO_OBJECTS_IN_VIEW,
42897863/340959.001,,,NO_OBJECTS_IN_VIEW,
42897863/340965.398,,,NO_OBJECTS_IN_VIEW,
42897863/340971.795,,,NO_OBJECTS_IN_VIEW,
42897890/344985.232,,,NO_OBJECTS_IN_VIEW,
42897890/344994.329,,,NO_OBJECTS_IN_VIEW,
42897890/345003.425,,,NO_OBJECTS_IN_VIEW,
42897890/345012.521,,,NO_OBJECTS_IN_VIEW,
42897890/345021.617,,,NO_OBJECTS_IN_VIEW,
42897890/345030.730,,,NO_OBJECTS_IN_VIEW,
42897890/345039.827,,,NO_OBJECTS_IN_VIEW,
42897890/345048.923,,,NO_OBJECTS_IN_VIEW,
42897931/349885.977,,,NO_OBJECTS_IN_VIEW,
42897931/349911.783,,,NO_OBJECTS_IN_VIEW,
42897931/349920.379,,,NO_OBJECTS_IN_VIEW,
42897931/349928.993,,,NO_OBJECTS_IN_VIEW,
42897947/533410.963,,,NO_OBJECTS_IN_VIEW,
42897947/533420.342,,,NO_OBJECTS_IN_VIEW,
42897947/533429.755,,,NO_OBJECTS_IN_VIEW,
42897947/533439.251,,,NO_OBJECTS_IN_VIEW,
42897947/533458.044,,,NO_OBJECTS_IN_VIEW,
42897947/533467.556,,,NO_OBJECTS_IN_VIEW,
42897947/533476.952,,,NO_OBJECTS_IN_VIEW,
42897954/533605.650,,,NO_OBJECTS_IN_VIEW,
42897954/533628.240,,,NO_OBJECTS_IN_VIEW,
42897954/533673.638,,,NO_OBJECTS_IN_VIEW,
42897954/533696.346,,,NO_OBJECTS_IN_VIEW,
42897954/533718.953,,,NO_OBJECTS_IN_VIEW,
42897954/533741.644,,,NO_OBJECTS_IN_VIEW,
42897954/533764.351,,,NO_OBJECTS_IN_VIEW,
42897994/219078.998,,,NO_OBJECTS_IN_VIEW,
42897994/219096.275,,,NO_OBJECTS_IN_VIEW,
42897994/219104.888,,,NO_OBJECTS_IN_VIEW,
42897994/219113.585,,,NO_OBJECTS_IN_VIEW,
42897994/219122.281,,,NO_OBJECTS_IN_VIEW,
42897994/219130.878,,,NO_OBJECTS_IN_VIEW,
42897994/219139.574,,,NO_OBJECTS_IN_VIEW,
42898041/222021.263,,,NO_OBJECTS_IN_VIEW,
42898041/222029.943,,,NO_OBJECTS_IN_VIEW,
42898041/222038.640,,,NO_OBJECTS_IN_VIEW,
42898041/222047.336,,,NO_OBJECTS_IN_VIEW,
42898041/222056.133,,,NO_OBJECTS_IN_VIEW,
42898041/222064.846,,,NO_OBJECTS_IN_VIEW,
42898050/223172.955,,,NO_OBJECTS_IN_VIEW,
42898050/223178.736,,,NO_OBJECTS_IN_VIEW,
42898050/223184.651,,,NO_OBJECTS_IN_VIEW,
42898050/223190.548,,,NO_OBJECTS_IN_VIEW,
42898050/223196.446,,,NO_OBJECTS_IN_VIEW,
42898050/223202.244,,,NO_OBJECTS_IN_VIEW,
42898050/223208.141,,,NO_OBJECTS_IN_VIEW,
42898050/223214.039,,,NO_OBJECTS_IN_VIEW,
42898052/223231.348,,,NO_OBJECTS_IN_VIEW,
42898052/223237.546,,,NO_OBJECTS_IN_VIEW,
42898052/223243.843,,,NO_OBJECTS_IN_VIEW,
42898052/223250.141,,,NO_OBJECTS_IN_VIEW,
42898052/223275.247,,,NO_OBJECTS_IN_VIEW,
42898061/223729.683,,,NO_OBJECTS_IN_VIEW,
42898061/223740.362,,,NO_OBJECTS_IN_VIEW,
42898061/223751.057,,,NO_OBJECTS_IN_VIEW,
42898061/223761.753,,,NO_OBJECTS_IN_VIEW,
42898061/223772.465,,,NO_OBJECTS_IN_VIEW,
42898061/223783.161,,,NO_OBJECTS_IN_VIEW,
42898061/223793.857,,,NO_OBJECTS_IN_VIEW,
42898061/223804.552,,,NO_OBJECTS_IN_VIEW,
42898068/224104.384,,,NO_OBJECTS_IN_VIEW,
42898068/224121.560,,,NO_OBJECTS_IN_VIEW,
42898068/224130.273,,,NO_OBJECTS_IN_VIEW,
42898068/224147.466,,,NO_OBJECTS_IN_VIEW,
42898068/224156.163,,,NO_OBJECTS_IN_VIEW,
42898068/224164.759,,,NO_OBJECTS_IN_VIEW,
42898071/128547.519,,,NO_OBJECTS_IN_VIEW,
42898071/128556.915,,,NO_OBJECTS_IN_VIEW,
42898071/128566.311,,,NO_OBJECTS_IN_VIEW,
42898071/128575.707,,,NO_OBJECTS_IN_VIEW,
42898071/128585.103,,,NO_OBJECTS_IN_VIEW,
42898071/128594.516,,,NO_OBJECTS_IN_VIEW,
42898071/128603.912,,,NO_OBJECTS_IN_VIEW,
42898071/128613.308,,,NO_OBJECTS_IN_VIEW,
42898089/129481.199,,,NO_OBJECTS_IN_VIEW,
42898089/129487.896,,,NO_OBJECTS_IN_VIEW,
42898089/129494.593,,,NO_OBJECTS_IN_VIEW,
42898089/129501.291,,,NO_OBJECTS_IN_VIEW,
42898089/129507.988,,,NO_OBJECTS_IN_VIEW,
42898089/129514.685,,,NO_OBJECTS_IN_VIEW,
42898089/129528.096,,,NO_OBJECTS_IN_VIEW,
42898112/156194.034,,,NO_OBJECTS_IN_VIEW,
42898112/156211.227,,,NO_OBJECTS_IN_VIEW,
42898112/156245.630,,,NO_OBJECTS_IN_VIEW,
42898112/156262.923,,,NO_OBJECTS_IN_VIEW,
42898112/156280.133,,,NO_OBJECTS_IN_VIEW,
42898112/156297.326,,,NO_OBJECTS_IN_VIEW,
42898112/156314.520,,,NO_OBJECTS_IN_VIEW,
42898125/139647.588,,,NO_OBJECTS_IN_VIEW,
42898125/139651.470,,,NO_OBJECTS_IN_VIEW,
42898125/139655.485,,,NO_OBJECTS_IN_VIEW,
42898125/139659.483,,,NO_OBJECTS_IN_VIEW,
42898125/139663.481,,,NO_OBJECTS_IN_VIEW,
42898125/139667.380,,,NO_OBJECTS_IN_VIEW,
42898125/139671.378,,,NO_OBJECTS_IN_VIEW,
42898125/139675.377,,,NO_OBJECTS_IN_VIEW,
42898160/143110.583,,,NO_OBJECTS_IN_VIEW,
42898160/143116.681,,,NO_OBJECTS_IN_VIEW,
42898160/143122.878,,,NO_OBJECTS_IN_VIEW,
42898160/143129.076,,,NO_OBJECTS_IN_VIEW,
42898166/693535.259,,,NO_OBJECTS_IN_VIEW,
42898166/693559.833,,,NO_OBJECTS_IN_VIEW,
42898166/693584.439,,,NO_OBJECTS_IN_VIEW,
42898166/693609.129,,,NO_OBJECTS_IN_VIEW,
42898166/693633.736,,,NO_OBJECTS_IN_VIEW,
42898166/693658.326,,,NO_OBJECTS_IN_VIEW,
42898166/693683.032,,,NO_OBJECTS_IN_VIEW,
42898166/693707.639,,,NO_OBJECTS_IN_VIEW,
42898171/693734.444,,,NO_OBJECTS_IN_VIEW,
42898171/693775.028,,,NO_OBJECTS_IN_VIEW,
42898171/693815.728,,,NO_OBJECTS_IN_VIEW,
42898171/693856.428,,,NO_OBJECTS_IN_VIEW,
42898171/693897.128,,,NO_OBJECTS_IN_VIEW,
42898171/693937.728,,,NO_OBJECTS_IN_VIEW,
42898171/693978.428,,,NO_OBJECTS_IN_VIEW,
42898171/694019.128,,,NO_OBJECTS_IN_VIEW,
42898191/145145.348,,,NO_OBJECTS_IN_VIEW,
42898191/145154.344,,,NO_OBJECTS_IN_VIEW,
42898191/145163.340,,,NO_OBJECTS_IN_VIEW,
42898191/145172.337,,,NO_OBJECTS_IN_VIEW,
42898191/145181.333,,,NO_OBJECTS_IN_VIEW,
42898191/145199.342,,,NO_OBJECTS_IN_VIEW,
42898191/145208.338,,,NO_OBJECTS_IN_VIEW,
42898216/694893.042,,,NO_OBJECTS_IN_VIEW,
42898216/694927.045,,,NO_OBJECTS_IN_VIEW,
42898216/694961.148,,,NO_OBJECTS_IN_VIEW,
42898216/694995.151,,,NO_OBJECTS_IN_VIEW,
42898216/695029.237,,,NO_OBJECTS_IN_VIEW,
42898216/695063.239,,,NO_OBJECTS_IN_VIEW,
42898216/695097.342,,,NO_OBJECTS_IN_VIEW,
42898216/695131.345,,,NO_OBJECTS_IN_VIEW,
42898236/167712.465,,,NO_OBJECTS_IN_VIEW,
42898236/167719.046,,,NO_OBJECTS_IN_VIEW,
42898236/167725.743,,,NO_OBJECTS_IN_VIEW,
42898236/167732.341,,,NO_OBJECTS_IN_VIEW,
42898236/167739.038,,,NO_OBJECTS_IN_VIEW,
42898236/167745.752,,,NO_OBJECTS_IN_VIEW,
42898236/167752.349,,,NO_OBJECTS_IN_VIEW,
42898236/167759.047,,,NO_OBJECTS_IN_VIEW,
42898247/167662.968,,,NO_OBJECTS_IN_VIEW,
42898247/167667.949,,,NO_OBJECTS_IN_VIEW,
42898247/167673.047,,,NO_OBJECTS_IN_VIEW,
42898247/167678.046,,,NO_OBJECTS_IN_VIEW,
42898247/167683.144,,,NO_OBJECTS_IN_VIEW,
42898247/167688.141,,,NO_OBJECTS_IN_VIEW,
42898247/167693.239,,,NO_OBJECTS_IN_VIEW,
42898247/167698.237,,,NO_OBJECTS_IN_VIEW,
42898350/511421.118,,,NO_OBJECTS_IN_VIEW,
42898350/511432.397,,,NO_OBJECTS_IN_VIEW,
42898350/511454.988,,,NO_OBJECTS_IN_VIEW,
42898350/511466.283,,,NO_OBJECTS_IN_VIEW,
42898350/511477.595,,,NO_OBJECTS_IN_VIEW,
42898350/511488.891,,,NO_OBJECTS_IN_VIEW,
42898350/511500.186,,,NO_OBJECTS_IN_VIEW,
42898366/365996.490,,,NO_OBJECTS_IN_VIEW,
42898366/366009.168,,,NO_OBJECTS_IN_VIEW,
42898366/366015.566,,,NO_OBJECTS_IN_VIEW,
42898366/366021.963,,,NO_OBJECTS_IN_VIEW,
42898366/366028.360,,,NO_OBJECTS_IN_VIEW,
42898366/366034.758,,,NO_OBJECTS_IN_VIEW,
42898384/367749.345,,,NO_OBJECTS_IN_VIEW,
42898384/367755.426,,,NO_OBJECTS_IN_VIEW,
42898384/367761.623,,,NO_OBJECTS_IN_VIEW,
42898384/367767.821,,,NO_OBJECTS_IN_VIEW,
42898384/367774.019,,,NO_OBJECTS_IN_VIEW,
42898384/367792.611,,,NO_OBJECTS_IN_VIEW,
42898392/369323.046,,,NO_OBJECTS_IN_VIEW,
42898392/369346.637,,,NO_OBJECTS_IN_VIEW,
42898392/369354.534,,,NO_OBJECTS_IN_VIEW,
42898392/369362.331,,,NO_OBJECTS_IN_VIEW,
42898392/369370.244,,,NO_OBJECTS_IN_VIEW,
42898392/369378.141,,,NO_OBJECTS_IN_VIEW,
42898405/369769.602,,,NO_OBJECTS_IN_VIEW,
42898405/369781.081,,,NO_OBJECTS_IN_VIEW,
42898405/369792.593,,,NO_OBJECTS_IN_VIEW,
42898405/369798.391,,,NO_OBJECTS_IN_VIEW,
42898405/369804.088,,,NO_OBJECTS_IN_VIEW,
42898427/1100.261,,,NO_OBJECTS_IN_VIEW,
42898427/1105.759,,,NO_OBJECTS_IN_VIEW,
42898427/1111.356,,,NO_OBJECTS_IN_VIEW,
42898427/1116.854,,,NO_OBJECTS_IN_VIEW,
42898427/1128.050,,,NO_OBJECTS_IN_VIEW,
42898427/1133.547,,,NO_OBJECTS_IN_VIEW,
42898427/1139.145,,,NO_OBJECTS_IN_VIEW,
42898437/2075.777,,,NO_OBJECTS_IN_VIEW,
42898437/2087.255,,,NO_OBJECTS_IN_VIEW,
42898437/2093.053,,,NO_OBJECTS_IN_VIEW,
42898437/2098.851,,,NO_OBJECTS_IN_VIEW,
42898437/2104.648,,,NO_OBJECTS_IN_VIEW,
42898437/2110.463,,,NO_OBJECTS_IN_VIEW,
42898437/2116.260,,,NO_OBJECTS_IN_VIEW,
42898438/2126.556,,,NO_OBJECTS_IN_VIEW,
42898438/2134.353,,,NO_OBJECTS_IN_VIEW,
42898438/2142.250,,,NO_OBJECTS_IN_VIEW,
42898438/2150.063,,,NO_OBJECTS_IN_VIEW,
42898438/2157.960,,,NO_OBJECTS_IN_VIEW,
42898438/2165.757,,,NO_OBJECTS_IN_VIEW,
42898439/2629.575,,,NO_OBJECTS_IN_VIEW,
42898439/2634.956,,,NO_OBJECTS_IN_VIEW,
42898439/2640.354,,,NO_OBJECTS_IN_VIEW,
42898439/2645.768,,,NO_OBJECTS_IN_VIEW,
42898439/2651.266,,,NO_OBJECTS_IN_VIEW,
42898439/2656.664,,,NO_OBJECTS_IN_VIEW,
42898439/2662.062,,,NO_OBJECTS_IN_VIEW,
42898439/2667.460,,,NO_OBJECTS_IN_VIEW,
42898444/2729.568,,,NO_OBJECTS_IN_VIEW,
42898444/2737.165,,,NO_OBJECTS_IN_VIEW,
42898444/2744.762,,,NO_OBJECTS_IN_VIEW,
42898444/2752.459,,,NO_OBJECTS_IN_VIEW,
42898444/2760.056,,,NO_OBJECTS_IN_VIEW,
42898444/2767.653,,,NO_OBJECTS_IN_VIEW,
42898444/2775.366,,,NO_OBJECTS_IN_VIEW,
42898444/2782.963,,,NO_OBJECTS_IN_VIEW,
42898454/156474.923,,,NO_OBJECTS_IN_VIEW,
42898454/156481.204,,,NO_OBJECTS_IN_VIEW,
42898454/156487.601,,,NO_OBJECTS_IN_VIEW,
42898454/156494.015,,,NO_OBJECTS_IN_VIEW,
42898454/156500.413,,,NO_OBJECTS_IN_VIEW,
42898454/156506.810,,,NO_OBJECTS_IN_VIEW,
42898454/156513.207,,,NO_OBJECTS_IN_VIEW,
42898454/156519.605,,,NO_OBJECTS_IN_VIEW,
42898500/159962.429,,,NO_OBJECTS_IN_VIEW,
42898500/159968.510,,,NO_OBJECTS_IN_VIEW,
42898500/159974.707,,,NO_OBJECTS_IN_VIEW,
42898500/159980.805,,,NO_OBJECTS_IN_VIEW,
42898500/159987.002,,,NO_OBJECTS_IN_VIEW,
42898500/159993.199,,,NO_OBJECTS_IN_VIEW,
42898500/160005.511,,,NO_OBJECTS_IN_VIEW,
42898596/184337.723,,,NO_OBJECTS_IN_VIEW,
42898596/184346.503,,,NO_OBJECTS_IN_VIEW,
42898596/184355.399,,,NO_OBJECTS_IN_VIEW,
42898596/184364.296,,,NO_OBJECTS_IN_VIEW,
42898596/184373.192,,,NO_OBJECTS_IN_VIEW,
42898596/184382.089,,,NO_OBJECTS_IN_VIEW,
42898596/184391.002,,,NO_OBJECTS_IN_VIEW,
42898596/184399.898,,,NO_OBJECTS_IN_VIEW,
42898653/573133.932,,,NO_OBJECTS_IN_VIEW,
42898653/573195.740,,,NO_OBJECTS_IN_VIEW,
42898653/573257.531,,,NO_OBJECTS_IN_VIEW,
42898655/572881.337,,,NO_OBJECTS_IN_VIEW,
42898655/572915.240,,,NO_OBJECTS_IN_VIEW,
42898655/572932.133,,,NO_OBJECTS_IN_VIEW,
42898655/572949.042,,,NO_OBJECTS_IN_VIEW,
42898655/572982.945,,,NO_OBJECTS_IN_VIEW,
42898671/574201.293,,,NO_OBJECTS_IN_VIEW,
42898671/574212.988,,,NO_OBJECTS_IN_VIEW,
42898671/574224.684,,,NO_OBJECTS_IN_VIEW,
42898671/574247.991,,,NO_OBJECTS_IN_VIEW,
42898689/577247.638,,,NO_OBJECTS_IN_VIEW,
42898689/577257.817,,,NO_OBJECTS_IN_VIEW,
42898689/577262.931,,,NO_OBJECTS_IN_VIEW,
42898689/577268.029,,,NO_OBJECTS_IN_VIEW,
42898689/577273.127,,,NO_OBJECTS_IN_VIEW,
42898689/577278.225,,,NO_OBJECTS_IN_VIEW,
42898689/577283.323,,,NO_OBJECTS_IN_VIEW,
42898710/581441.449,,,NO_OBJECTS_IN_VIEW,
42898710/581450.929,,,NO_OBJECTS_IN_VIEW,
42898710/581460.442,,,NO_OBJECTS_IN_VIEW,
42898710/581469.938,,,NO_OBJECTS_IN_VIEW,
42898710/581479.534,,,NO_OBJECTS_IN_VIEW,
42898710/581489.030,,,NO_OBJECTS_IN_VIEW,
42898710/581498.543,,,NO_OBJECTS_IN_VIEW,
42898710/581508.039,,,NO_OBJECTS_IN_VIEW,
42898711/581529.347,,,NO_OBJECTS_IN_VIEW,
42898711/581536.344,,,NO_OBJECTS_IN_VIEW,
42898711/581543.341,,,NO_OBJECTS_IN_VIEW,
42898711/581550.438,,,NO_OBJECTS_IN_VIEW,
42898711/581557.435,,,NO_OBJECTS_IN_VIEW,
42898711/581571.529,,,NO_OBJECTS_IN_VIEW,
42898728/583442.298,,,NO_OBJECTS_IN_VIEW,
42898728/583456.192,,,NO_OBJECTS_IN_VIEW,
42898728/583463.089,,,NO_OBJECTS_IN_VIEW,
42898728/583477.083,,,NO_OBJECTS_IN_VIEW,
42898728/583483.981,,,NO_OBJECTS_IN_VIEW,
42898728/583490.978,,,NO_OBJECTS_IN_VIEW,
42898740/63460.438,,,NO_OBJECTS_IN_VIEW,
42898740/63483.112,,,NO_OBJECTS_IN_VIEW,
42898740/63494.424,,,NO_OBJECTS_IN_VIEW,
42898740/63517.215,,,NO_OBJECTS_IN_VIEW,
42898740/63539.922,,,NO_OBJECTS_IN_VIEW,
42898751/64168.283,,,NO_OBJECTS_IN_VIEW,
42898751/64182.478,,,NO_OBJECTS_IN_VIEW,
42898751/64196.772,,,NO_OBJECTS_IN_VIEW,
42898751/64203.869,,,NO_OBJECTS_IN_VIEW,
42898751/64210.983,,,NO_OBJECTS_IN_VIEW,
42898751/64218.080,,,NO_OBJECTS_IN_VIEW,
42898756/64574.651,,,NO_OBJECTS_IN_VIEW,
42898756/64583.247,,,NO_OBJECTS_IN_VIEW,
42898756/64591.844,,,NO_OBJECTS_IN_VIEW,
42898756/64600.440,,,NO_OBJECTS_IN_VIEW,
42898756/64609.037,,,NO_OBJECTS_IN_VIEW,
42898756/64617.650,,,NO_OBJECTS_IN_VIEW,
42898756/64626.246,,,NO_OBJECTS_IN_VIEW,
42898756/64634.843,,,NO_OBJECTS_IN_VIEW,
42898803/69000.328,,,NO_OBJECTS_IN_VIEW,
42898803/69024.818,,,NO_OBJECTS_IN_VIEW,
42898803/69033.015,,,NO_OBJECTS_IN_VIEW,
42898803/69041.112,,,NO_OBJECTS_IN_VIEW,
42898803/69049.308,,,NO_OBJECTS_IN_VIEW,
42898803/69057.505,,,NO_OBJECTS_IN_VIEW,
42898903/816988.261,,,NO_OBJECTS_IN_VIEW,
42898903/817029.944,,,NO_OBJECTS_IN_VIEW,
42898903/817071.760,,,NO_OBJECTS_IN_VIEW,
42898903/817113.560,,,NO_OBJECTS_IN_VIEW,
42898903/817155.343,,,NO_OBJECTS_IN_VIEW,
42898903/817197.059,,,NO_OBJECTS_IN_VIEW,
42898903/817238.858,,,NO_OBJECTS_IN_VIEW,
42898903/817280.658,,,NO_OBJECTS_IN_VIEW,
42898929/818031.525,,,NO_OBJECTS_IN_VIEW,
42898929/818060.196,,,NO_OBJECTS_IN_VIEW,
42898929/818089.001,,,NO_OBJECTS_IN_VIEW,
42898929/818117.706,,,NO_OBJECTS_IN_VIEW,
42898929/818146.494,,,NO_OBJECTS_IN_VIEW,
42898929/818175.299,,,NO_OBJECTS_IN_VIEW,
42898929/818204.004,,,NO_OBJECTS_IN_VIEW,
42898929/818232.809,,,NO_OBJECTS_IN_VIEW,
42898937/818669.756,,,NO_OBJECTS_IN_VIEW,
42898937/818681.351,,,NO_OBJECTS_IN_VIEW,
42898937/818692.946,,,NO_OBJECTS_IN_VIEW,
42898937/818704.558,,,NO_OBJECTS_IN_VIEW,
42898937/818716.154,,,NO_OBJECTS_IN_VIEW,
42898937/818727.749,,,NO_OBJECTS_IN_VIEW,
42898937/818739.344,,,NO_OBJECTS_IN_VIEW,
42898937/818750.956,,,NO_OBJECTS_IN_VIEW,
42898943/819420.620,,,NO_OBJECTS_IN_VIEW,
42898943/819477.197,,,NO_OBJECTS_IN_VIEW,
42898943/819505.502,,,NO_OBJECTS_IN_VIEW,
42898943/819533.807,,,NO_OBJECTS_IN_VIEW,
42898943/819562.095,,,NO_OBJECTS_IN_VIEW,
42898943/819590.400,,,NO_OBJECTS_IN_VIEW,
42898943/819618.705,,,NO_OBJECTS_IN_VIEW,
42898959/821171.523,,,NO_OBJECTS_IN_VIEW,
42898959/821184.118,,,NO_OBJECTS_IN_VIEW,
42898959/821196.713,,,NO_OBJECTS_IN_VIEW,
42898959/821209.308,,,NO_OBJECTS_IN_VIEW,
42898959/821221.919,,,NO_OBJECTS_IN_VIEW,
42898959/821234.514,,,NO_OBJECTS_IN_VIEW,
42898959/821247.109,,,NO_OBJECTS_IN_VIEW,
42898959/821259.720,,,NO_OBJECTS_IN_VIEW,
42898977/823227.655,,,NO_OBJECTS_IN_VIEW,
42898977/823254.145,,,NO_OBJECTS_IN_VIEW,
42898977/823280.634,,,NO_OBJECTS_IN_VIEW,
42898977/823307.239,,,NO_OBJECTS_IN_VIEW,
42898977/823333.745,,,NO_OBJECTS_IN_VIEW,
42898977/823360.234,,,NO_OBJECTS_IN_VIEW,
42898977/823386.840,,,NO_OBJECTS_IN_VIEW,
42898977/823413.329,,,NO_OBJECTS_IN_VIEW,
42899019/641647.760,,,NO_OBJECTS_IN_VIEW,
42899019/641654.841,,,NO_OBJECTS_IN_VIEW,
42899019/641665.153,,,NO_OBJECTS_IN_VIEW,
42899019/641672.250,,,NO_OBJECTS_IN_VIEW,
42899019/641679.447,,,NO_OBJECTS_IN_VIEW,
42899019/641686.544,,,NO_OBJECTS_IN_VIEW,
42899019/641693.642,,,NO_OBJECTS_IN_VIEW,
42899019/641700.738,,,NO_OBJECTS_IN_VIEW,
42899065/648881.241,,,NO_OBJECTS_IN_VIEW,
42899065/648887.055,,,NO_OBJECTS_IN_VIEW,
42899071/650689.595,,,NO_OBJECTS_IN_VIEW,
42899071/650699.391,,,NO_OBJECTS_IN_VIEW,
42899071/650709.187,,,NO_OBJECTS_IN_VIEW,
42899071/650718.983,,,NO_OBJECTS_IN_VIEW,
42899071/650728.779,,,NO_OBJECTS_IN_VIEW,
42899071/650738.575,,,NO_OBJECTS_IN_VIEW,
42899071/650748.387,,,NO_OBJECTS_IN_VIEW,
42899071/650758.183,,,NO_OBJECTS_IN_VIEW,
42899072/650608.596,,,NO_OBJECTS_IN_VIEW,
42899072/650617.692,,,NO_OBJECTS_IN_VIEW,
42899072/650626.788,,,NO_OBJECTS_IN_VIEW,
42899072/650635.884,,,NO_OBJECTS_IN_VIEW,
42899072/650644.981,,,NO_OBJECTS_IN_VIEW,
42899072/650654.077,,,NO_OBJECTS_IN_VIEW,
42899072/650663.190,,,NO_OBJECTS_IN_VIEW,
42899072/650672.286,,,NO_OBJECTS_IN_VIEW,
42899111/128766.391,,,NO_OBJECTS_IN_VIEW,
42899111/128770.889,,,NO_OBJECTS_IN_VIEW,
42899111/128775.287,,,NO_OBJECTS_IN_VIEW,
42899111/128784.300,,,NO_OBJECTS_IN_VIEW,
42899132/131051.009,,,NO_OBJECTS_IN_VIEW,
42899132/131061.288,,,NO_OBJECTS_IN_VIEW,
42899132/131071.584,,,NO_OBJECTS_IN_VIEW,
42899132/131081.880,,,NO_OBJECTS_IN_VIEW,
42899132/131092.175,,,NO_OBJECTS_IN_VIEW,
42899132/131102.488,,,NO_OBJECTS_IN_VIEW,
42899132/131112.784,,,NO_OBJECTS_IN_VIEW,
42899132/131123.080,,,NO_OBJECTS_IN_VIEW,
42899139/131224.389,,,NO_OBJECTS_IN_VIEW,
42899139/131240.182,,,NO_OBJECTS_IN_VIEW,
42899139/131255.976,,,NO_OBJECTS_IN_VIEW,
42899139/131271.786,,,NO_OBJECTS_IN_VIEW,
42899139/131287.580,,,NO_OBJECTS_IN_VIEW,
42899139/131303.374,,,NO_OBJECTS_IN_VIEW,
42899139/131319.184,,,NO_OBJECTS_IN_VIEW,
42899139/131334.978,,,NO_OBJECTS_IN_VIEW,
42899141/131723.793,,,NO_OBJECTS_IN_VIEW,
42899141/131726.892,,,NO_OBJECTS_IN_VIEW,
42899141/131735.988,,,NO_OBJECTS_IN_VIEW,
42899141/131739.087,,,NO_OBJECTS_IN_VIEW,
42899141/131742.185,,,NO_OBJECTS_IN_VIEW,
42899141/131745.284,,,NO_OBJECTS_IN_VIEW,
42899141/131748.383,,,NO_OBJECTS_IN_VIEW,
42899215/187951.436,,,NO_OBJECTS_IN_VIEW,
42899215/187965.213,,,NO_OBJECTS_IN_VIEW,
42899215/187979.024,,,NO_OBJECTS_IN_VIEW,
42899215/187992.919,,,NO_OBJECTS_IN_VIEW,
42899215/188006.713,,,NO_OBJECTS_IN_VIEW,
42899215/188020.507,,,NO_OBJECTS_IN_VIEW,
42899215/188034.418,,,NO_OBJECTS_IN_VIEW,
42899215/188048.212,,,NO_OBJECTS_IN_VIEW,
42899247/881843.843,,,NO_OBJECTS_IN_VIEW,
42899247/881848.941,,,NO_OBJECTS_IN_VIEW,
42899247/881854.139,,,NO_OBJECTS_IN_VIEW,
42899247/881859.337,,,NO_OBJECTS_IN_VIEW,
42899247/881864.535,,,NO_OBJECTS_IN_VIEW,
42899247/881874.831,,,NO_OBJECTS_IN_VIEW,
42899247/881880.029,,,NO_OBJECTS_IN_VIEW,
42899265/214323.840,,,NO_OBJECTS_IN_VIEW,
42899265/214361.708,,,NO_OBJECTS_IN_VIEW,
42899265/214399.710,,,NO_OBJECTS_IN_VIEW,
42899265/214437.712,,,NO_OBJECTS_IN_VIEW,
42899265/214475.713,,,NO_OBJECTS_IN_VIEW,
42899265/214513.615,,,NO_OBJECTS_IN_VIEW,
42899265/214551.616,,,NO_OBJECTS_IN_VIEW,
42899265/214589.618,,,NO_OBJECTS_IN_VIEW,
42899284/885298.997,,,NO_OBJECTS_IN_VIEW,
42899284/885306.178,,,NO_OBJECTS_IN_VIEW,
42899284/885313.475,,,NO_OBJECTS_IN_VIEW,
42899284/885320.672,,,NO_OBJECTS_IN_VIEW,
42899284/885327.968,,,NO_OBJECTS_IN_VIEW,
42899284/885342.479,,,NO_OBJECTS_IN_VIEW,
42899284/885349.676,,,NO_OBJECTS_IN_VIEW,
42899305/218456.262,,,NO_OBJECTS_IN_VIEW,
42899305/218462.543,,,NO_OBJECTS_IN_VIEW,
42899305/218468.940,,,NO_OBJECTS_IN_VIEW,
42899305/218475.338,,,NO_OBJECTS_IN_VIEW,
42899305/218481.735,,,NO_OBJECTS_IN_VIEW,
42899305/218488.149,,,NO_OBJECTS_IN_VIEW,
42899305/218494.547,,,NO_OBJECTS_IN_VIEW,
42899307/885749.873,,,NO_OBJECTS_IN_VIEW,
42899307/885756.954,,,NO_OBJECTS_IN_VIEW,
42899307/885771.148,,,NO_OBJECTS_IN_VIEW,
42899307/885778.262,,,NO_OBJECTS_IN_VIEW,
42899307/885785.359,,,NO_OBJECTS_IN_VIEW,
42899307/885792.456,,,NO_OBJECTS_IN_VIEW,
42899307/885799.553,,,NO_OBJECTS_IN_VIEW,
42899358/716435.104,,,NO_OBJECTS_IN_VIEW,
42899358/716447.099,,,NO_OBJECTS_IN_VIEW,
42899358/716459.194,,,NO_OBJECTS_IN_VIEW,
42899358/716471.189,,,NO_OBJECTS_IN_VIEW,
42899358/716483.284,,,NO_OBJECTS_IN_VIEW,
42899358/716495.395,,,NO_OBJECTS_IN_VIEW,
42899358/716507.390,,,NO_OBJECTS_IN_VIEW,
42899358/716519.485,,,NO_OBJECTS_IN_VIEW,
42899362/717593.716,,,NO_OBJECTS_IN_VIEW,
42899362/717601.912,,,NO_OBJECTS_IN_VIEW,
42899362/717610.009,,,NO_OBJECTS_IN_VIEW,
42899362/717618.206,,,NO_OBJECTS_IN_VIEW,
42899362/717626.419,,,NO_OBJECTS_IN_VIEW,
42899362/717634.515,,,NO_OBJECTS_IN_VIEW,
42899362/717642.712,,,NO_OBJECTS_IN_VIEW,
42899430/188059.269,,,NO_OBJECTS_IN_VIEW,
42899430/188071.448,,,NO_OBJECTS_IN_VIEW,
42899430/188083.660,,,NO_OBJECTS_IN_VIEW,
42899430/188095.955,,,NO_OBJECTS_IN_VIEW,
42899430/188108.150,,,NO_OBJECTS_IN_VIEW,
42899430/188120.345,,,NO_OBJECTS_IN_VIEW,
42899430/188132.656,,,NO_OBJECTS_IN_VIEW,
42899430/188144.851,,,NO_OBJECTS_IN_VIEW,
42899432/188663.668,,,NO_OBJECTS_IN_VIEW,
42899432/188669.349,,,NO_OBJECTS_IN_VIEW,
42899432/188675.147,,,NO_OBJECTS_IN_VIEW,
42899432/188680.944,,,NO_OBJECTS_IN_VIEW,
42899432/188686.742,,,NO_OBJECTS_IN_VIEW,
42899432/188704.035,,,NO_OBJECTS_IN_VIEW,
42899489/197737.170,,,NO_OBJECTS_IN_VIEW,
42899489/197740.069,,,NO_OBJECTS_IN_VIEW,
42899489/197743.067,,,NO_OBJECTS_IN_VIEW,
42899489/197745.966,,,NO_OBJECTS_IN_VIEW,
42899532/957234.662,,,NO_OBJECTS_IN_VIEW,
42899532/957250.039,,,NO_OBJECTS_IN_VIEW,
42899532/957257.736,,,NO_OBJECTS_IN_VIEW,
42899532/957265.533,,,NO_OBJECTS_IN_VIEW,
42899532/957273.230,,,NO_OBJECTS_IN_VIEW,
42899532/957288.640,,,NO_OBJECTS_IN_VIEW,
42899533/198303.294,,,NO_OBJECTS_IN_VIEW,
42899533/198309.874,,,NO_OBJECTS_IN_VIEW,
42899533/198316.572,,,NO_OBJECTS_IN_VIEW,
42899533/198323.169,,,NO_OBJECTS_IN_VIEW,
42899533/198336.480,,,NO_OBJECTS_IN_VIEW,
42899533/198343.177,,,NO_OBJECTS_IN_VIEW,
42899586/960015.990,,,NO_OBJECTS_IN_VIEW,
42899586/960023.070,,,NO_OBJECTS_IN_VIEW,
42899586/960030.167,,,NO_OBJECTS_IN_VIEW,
42899586/960037.264,,,NO_OBJECTS_IN_VIEW,
42899586/960051.475,,,NO_OBJECTS_IN_VIEW,
42899586/960058.572,,,NO_OBJECTS_IN_VIEW,
42899586/960065.669,,,NO_OBJECTS_IN_VIEW,
42899593/961066.872,,,NO_OBJECTS_IN_VIEW,
42899593/961072.453,,,NO_OBJECTS_IN_VIEW,
42899593/961078.150,,,NO_OBJECTS_IN_VIEW,
42899593/961083.748,,,NO_OBJECTS_IN_VIEW,
42899593/961089.446,,,NO_OBJECTS_IN_VIEW,
42899593/961095.143,,,NO_OBJECTS_IN_VIEW,
42899593/961100.741,,,NO_OBJECTS_IN_VIEW,
42899750/247399.345,,,NO_OBJECTS_IN_VIEW,
42899750/247410.841,,,NO_OBJECTS_IN_VIEW,
42899750/247422.336,,,NO_OBJECTS_IN_VIEW,
42899750/247433.932,,,NO_OBJECTS_IN_VIEW,
42899750/247445.443,,,NO_OBJECTS_IN_VIEW,
42899750/247456.939,,,NO_OBJECTS_IN_VIEW,
42899750/247468.534,,,NO_OBJECTS_IN_VIEW,
42899750/247480.030,,,NO_OBJECTS_IN_VIEW,
42899767/248589.836,,,NO_OBJECTS_IN_VIEW,
42899767/248595.934,,,NO_OBJECTS_IN_VIEW,
42899767/248602.031,,,NO_OBJECTS_IN_VIEW,
42899767/248608.129,,,NO_OBJECTS_IN_VIEW,
42899767/248614.226,,,NO_OBJECTS_IN_VIEW,
42899767/248620.324,,,NO_OBJECTS_IN_VIEW,
42899767/248626.421,,,NO_OBJECTS_IN_VIEW,
42899767/248632.519,,,NO_OBJECTS_IN_VIEW,
42899795/251936.730,,,NO_OBJECTS_IN_VIEW,
42899795/251954.739,,,NO_OBJECTS_IN_VIEW,
42899795/251972.832,,,NO_OBJECTS_IN_VIEW,
42899795/251990.924,,,NO_OBJECTS_IN_VIEW,
42899795/252009.034,,,NO_OBJECTS_IN_VIEW,
42899795/252027.126,,,NO_OBJECTS_IN_VIEW,
42899795/252045.236,,,NO_OBJECTS_IN_VIEW,
42899795/252063.328,,,NO_OBJECTS_IN_VIEW,
42899799/252791.483,,,NO_OBJECTS_IN_VIEW,
42899799/252794.665,,,NO_OBJECTS_IN_VIEW,
42899799/252797.864,,,NO_OBJECTS_IN_VIEW,
42899799/252801.062,,,NO_OBJECTS_IN_VIEW,
42899799/252804.261,,,NO_OBJECTS_IN_VIEW,
42899799/252807.476,,,NO_OBJECTS_IN_VIEW,
42899799/252810.675,,,NO_OBJECTS_IN_VIEW,
42899799/252813.874,,,NO_OBJECTS_IN_VIEW,
42899811/253383.183,,,NO_OBJECTS_IN_VIEW,
42899811/253388.381,,,NO_OBJECTS_IN_VIEW,
42899811/253393.679,,,NO_OBJECTS_IN_VIEW,
42899811/253404.691,,,NO_OBJECTS_IN_VIEW,
42899811/253409.989,,,NO_OBJECTS_IN_VIEW,
42899811/253415.187,,,NO_OBJECTS_IN_VIEW,
42899811/253420.485,,,NO_OBJECTS_IN_VIEW,
42899811/253425.683,,,NO_OBJECTS_IN_VIEW,
42899822/256524.675,,,NO_OBJECTS_IN_VIEW,
42899822/256549.349,,,NO_OBJECTS_IN_VIEW,
42899822/256561.760,,,NO_OBJECTS_IN_VIEW,
42899822/256574.155,,,NO_OBJECTS_IN_VIEW,
42899822/256586.550,,,NO_OBJECTS_IN_VIEW,
42899822/256598.962,,,NO_OBJECTS_IN_VIEW,
42899822/256611.357,,,NO_OBJECTS_IN_VIEW,
42899875/1023059.903,,,NO_OBJECTS_IN_VIEW,
42899875/1023069.683,,,NO_OBJECTS_IN_VIEW,
42899875/1023089.374,,,NO_OBJECTS_IN_VIEW,
42899875/1023099.270,,,NO_OBJECTS_IN_VIEW,
42899875/1023109.183,,,NO_OBJECTS_IN_VIEW,
42899875/1023118.979,,,NO_OBJECTS_IN_VIEW,
42899970/606.905,,,NO_OBJECTS_IN_VIEW,
42899970/614.785,,,NO_OBJECTS_IN_VIEW,
42899970/622.782,,,NO_OBJECTS_IN_VIEW,
42899970/630.778,,,NO_OBJECTS_IN_VIEW,
42899970/638.775,,,NO_OBJECTS_IN_VIEW,
42899970/646.788,,,NO_OBJECTS_IN_VIEW,
42923203/1499.182,,,NO_OBJECTS_IN_VIEW,
42923203/1502.664,,,NO_OBJECTS_IN_VIEW,
42923203/1506.263,,,NO_OBJECTS_IN_VIEW,
42923203/1509.861,,,NO_OBJECTS_IN_VIEW,
42923203/1513.460,,,NO_OBJECTS_IN_VIEW,
42923203/1516.958,,,NO_OBJECTS_IN_VIEW,
42923203/1520.557,,,NO_OBJECTS_IN_VIEW,
42923203/1524.172,,,NO_OBJECTS_IN_VIEW,
42923204/1533.685,,,NO_OBJECTS_IN_VIEW,
42923204/1537.367,,,NO_OBJECTS_IN_VIEW,
42923204/1541.165,,,NO_OBJECTS_IN_VIEW,
42923204/1544.964,,,NO_OBJECTS_IN_VIEW,
42923204/1548.762,,,NO_OBJECTS_IN_VIEW,
42923204/1556.359,,,NO_OBJECTS_IN_VIEW,
42923204/1560.158,,,NO_OBJECTS_IN_VIEW,
42923225/4890.171,,,NO_OBJECTS_IN_VIEW,
42923225/4896.551,,,NO_OBJECTS_IN_VIEW,
42923225/4902.965,,,NO_OBJECTS_IN_VIEW,
42923225/4909.363,,,NO_OBJECTS_IN_VIEW,
42923225/4915.860,,,NO_OBJECTS_IN_VIEW,
42923225/4922.257,,,NO_OBJECTS_IN_VIEW,
42923225/4928.655,,,NO_OBJECTS_IN_VIEW,
42923225/4935.052,,,NO_OBJECTS_IN_VIEW,
42923228/5574.245,,,NO_OBJECTS_IN_VIEW,
42923228/5579.126,,,NO_OBJECTS_IN_VIEW,
42923228/5584.024,,,NO_OBJECTS_IN_VIEW,
42923228/5588.922,,,NO_OBJECTS_IN_VIEW,
42923228/5593.820,,,NO_OBJECTS_IN_VIEW,
42923228/5598.718,,,NO_OBJECTS_IN_VIEW,
42923228/5603.616,,,NO_OBJECTS_IN_VIEW,
42923228/5608.514,,,NO_OBJECTS_IN_VIEW,
43649384/11058.431,,,NO_OBJECTS_IN_VIEW,
43649384/11070.526,,,NO_OBJECTS_IN_VIEW,
43649384/11107.028,,,NO_OBJECTS_IN_VIEW,
43649384/11131.317,,,NO_OBJECTS_IN_VIEW,
43649384/11143.512,,,NO_OBJECTS_IN_VIEW,
43649409/10196.916,,,NO_OBJECTS_IN_VIEW,
43649409/10209.611,,,NO_OBJECTS_IN_VIEW,
43649409/10222.406,,,NO_OBJECTS_IN_VIEW,
43649409/10235.117,,,NO_OBJECTS_IN_VIEW,
43649409/10247.912,,,NO_OBJECTS_IN_VIEW,
43649409/10260.707,,,NO_OBJECTS_IN_VIEW,
43649409/10273.402,,,NO_OBJECTS_IN_VIEW,
43649409/10286.214,,,NO_OBJECTS_IN_VIEW,
43649451/12714.065,,,NO_OBJECTS_IN_VIEW,
43649451/12726.660,,,NO_OBJECTS_IN_VIEW,
43649451/12751.967,,,NO_OBJECTS_IN_VIEW,
43649451/12764.662,,,NO_OBJECTS_IN_VIEW,
43649451/12777.257,,,NO_OBJECTS_IN_VIEW,
43649452/12836.867,,,NO_OBJECTS_IN_VIEW,
43649452/12874.568,,,NO_OBJECTS_IN_VIEW,
43649452/12912.270,,,NO_OBJECTS_IN_VIEW,
43649452/12987.657,,,NO_OBJECTS_IN_VIEW,
43649452/13025.359,,,NO_OBJECTS_IN_VIEW,
43649452/13063.060,,,NO_OBJECTS_IN_VIEW,
43649474/14588.450,,,NO_OBJECTS_IN_VIEW,
43649474/14603.744,,,NO_OBJECTS_IN_VIEW,
43649474/14619.054,,,NO_OBJECTS_IN_VIEW,
43649474/14634.448,,,NO_OBJECTS_IN_VIEW,
43649474/14649.742,,,NO_OBJECTS_IN_VIEW,
43649474/14665.053,,,NO_OBJECTS_IN_VIEW,
43649474/14680.447,,,NO_OBJECTS_IN_VIEW,
43649474/14695.757,,,NO_OBJECTS_IN_VIEW,
43649586/35263.370,,,NO_OBJECTS_IN_VIEW,
43649586/35269.551,,,NO_OBJECTS_IN_VIEW,
43649586/35288.443,,,NO_OBJECTS_IN_VIEW,
43649586/35294.641,,,NO_OBJECTS_IN_VIEW,
43649586/35300.955,,,NO_OBJECTS_IN_VIEW,
43649609/36555.832,,,NO_OBJECTS_IN_VIEW,
43649609/36566.427,,,NO_OBJECTS_IN_VIEW,
43649609/36577.039,,,NO_OBJECTS_IN_VIEW,
43649609/36587.635,,,NO_OBJECTS_IN_VIEW,
43649609/36598.231,,,NO_OBJECTS_IN_VIEW,
43649609/36608.826,,,NO_OBJECTS_IN_VIEW,
43649609/36619.438,,,NO_OBJECTS_IN_VIEW,
43649648/40249.564,,,NO_OBJECTS_IN_VIEW,
43649648/40255.745,,,NO_OBJECTS_IN_VIEW,
43649648/40262.042,,,NO_OBJECTS_IN_VIEW,
43649648/40268.240,,,NO_OBJECTS_IN_VIEW,
43649648/40274.537,,,NO_OBJECTS_IN_VIEW,
43649648/40280.834,,,NO_OBJECTS_IN_VIEW,
43649648/40287.048,,,NO_OBJECTS_IN_VIEW,
43649648/40293.346,,,NO_OBJECTS_IN_VIEW,
43649654/40627.224,,,NO_OBJECTS_IN_VIEW,
43649654/40632.305,,,NO_OBJECTS_IN_VIEW,
43649654/40642.617,,,NO_OBJECTS_IN_VIEW,
43649654/40647.815,,,NO_OBJECTS_IN_VIEW,
43649654/40658.111,,,NO_OBJECTS_IN_VIEW,
43649654/40663.209,,,NO_OBJECTS_IN_VIEW,
43649722/48864.146,,,NO_OBJECTS_IN_VIEW,
43649722/48870.227,,,NO_OBJECTS_IN_VIEW,
43649722/48876.425,,,NO_OBJECTS_IN_VIEW,
43649722/48882.522,,,NO_OBJECTS_IN_VIEW,
43649722/48888.736,,,NO_OBJECTS_IN_VIEW,
43649722/48894.834,,,NO_OBJECTS_IN_VIEW,
43649722/48901.031,,,NO_OBJECTS_IN_VIEW,
43649762/52482.457,,,NO_OBJECTS_IN_VIEW,
43649762/52497.651,,,NO_OBJECTS_IN_VIEW,
43649762/52512.944,,,NO_OBJECTS_IN_VIEW,
43649762/52528.155,,,NO_OBJECTS_IN_VIEW,
43649762/52543.348,,,NO_OBJECTS_IN_VIEW,
43649762/52558.642,,,NO_OBJECTS_IN_VIEW,
43649762/52573.852,,,NO_OBJECTS_IN_VIEW,
43649802/46834.319,,,NO_OBJECTS_IN_VIEW,
43649802/46848.713,,,NO_OBJECTS_IN_VIEW,
43649802/46863.207,,,NO_OBJECTS_IN_VIEW,
43649802/46877.701,,,NO_OBJECTS_IN_VIEW,
43649802/46892.212,,,NO_OBJECTS_IN_VIEW,
43649802/46906.607,,,NO_OBJECTS_IN_VIEW,
43649802/46921.101,,,NO_OBJECTS_IN_VIEW,
43649802/46935.612,,,NO_OBJECTS_IN_VIEW,
43649807/46773.926,,,NO_OBJECTS_IN_VIEW,
43649807/46780.406,,,NO_OBJECTS_IN_VIEW,
43649807/46786.904,,,NO_OBJECTS_IN_VIEW,
43649807/46793.401,,,NO_OBJECTS_IN_VIEW,
43649807/46799.916,,,NO_OBJECTS_IN_VIEW,
43649807/46806.413,,,NO_OBJECTS_IN_VIEW,
43649807/46812.910,,,NO_OBJECTS_IN_VIEW,
43649807/46819.408,,,NO_OBJECTS_IN_VIEW,
43828149/73309.823,,,NO_OBJECTS_IN_VIEW,
43828149/73318.920,,,NO_OBJECTS_IN_VIEW,
43828149/73328.016,,,NO_OBJECTS_IN_VIEW,
43828149/73337.129,,,NO_OBJECTS_IN_VIEW,
43828149/73346.325,,,NO_OBJECTS_IN_VIEW,
43828149/73355.421,,,NO_OBJECTS_IN_VIEW,
43828149/73364.517,,,NO_OBJECTS_IN_VIEW,
43828149/73373.630,,,NO_OBJECTS_IN_VIEW,
43828162/74446.229,,,NO_OBJECTS_IN_VIEW,
43828162/74460.739,,,NO_OBJECTS_IN_VIEW,
43828162/74475.233,,,NO_OBJECTS_IN_VIEW,
43828162/74489.727,,,NO_OBJECTS_IN_VIEW,
43828162/74504.238,,,NO_OBJECTS_IN_VIEW,
43828162/74518.732,,,NO_OBJECTS_IN_VIEW,
43828162/74533.226,,,NO_OBJECTS_IN_VIEW,
43828243/81762.118,,,NO_OBJECTS_IN_VIEW,
43828243/81782.509,,,NO_OBJECTS_IN_VIEW,
43828243/81803.017,,,NO_OBJECTS_IN_VIEW,
43828243/81823.409,,,NO_OBJECTS_IN_VIEW,
43828243/81843.917,,,NO_OBJECTS_IN_VIEW,
43828243/81864.309,,,NO_OBJECTS_IN_VIEW,
43828243/81884.817,,,NO_OBJECTS_IN_VIEW,
43828243/81905.208,,,NO_OBJECTS_IN_VIEW,
43828250/81611.613,,,NO_OBJECTS_IN_VIEW,
43828250/81621.709,,,NO_OBJECTS_IN_VIEW,
43828250/81631.705,,,NO_OBJECTS_IN_VIEW,
43828250/81641.818,,,NO_OBJECTS_IN_VIEW,
43828250/81651.813,,,NO_OBJECTS_IN_VIEW,
43828250/81661.909,,,NO_OBJECTS_IN_VIEW,
43828250/81671.905,,,NO_OBJECTS_IN_VIEW,
43828272/84450.017,,,NO_OBJECTS_IN_VIEW,
43828272/84480.005,,,NO_OBJECTS_IN_VIEW,
43828272/84510.109,,,NO_OBJECTS_IN_VIEW,
43828272/84540.197,,,NO_OBJECTS_IN_VIEW,
43828272/84570.301,,,NO_OBJECTS_IN_VIEW,
43828272/84600.405,,,NO_OBJECTS_IN_VIEW,
43828272/84630.509,,,NO_OBJECTS_IN_VIEW,
43828272/84660.597,,,NO_OBJECTS_IN_VIEW,
43828323/77586.287,,,NO_OBJECTS_IN_VIEW,
43828323/77593.784,,,NO_OBJECTS_IN_VIEW,
43828323/77601.281,,,NO_OBJECTS_IN_VIEW,
43828323/77608.778,,,NO_OBJECTS_IN_VIEW,
43828323/77616.292,,,NO_OBJECTS_IN_VIEW,
43828323/77623.789,,,NO_OBJECTS_IN_VIEW,
43828328/77636.401,,,NO_OBJECTS_IN_VIEW,
43828328/77652.894,,,NO_OBJECTS_IN_VIEW,
43828328/77661.191,,,NO_OBJECTS_IN_VIEW,
43828328/77669.488,,,NO_OBJECTS_IN_VIEW,
43828328/77677.684,,,NO_OBJECTS_IN_VIEW,
43828328/77685.981,,,NO_OBJECTS_IN_VIEW,
43828328/77694.295,,,NO_OBJECTS_IN_VIEW,
43828368/92109.451,,,NO_OBJECTS_IN_VIEW,
43828368/92123.445,,,NO_OBJECTS_IN_VIEW,
43828368/92137.439,,,NO_OBJECTS_IN_VIEW,
43828368/92179.538,,,NO_OBJECTS_IN_VIEW,
43828368/92193.632,,,NO_OBJECTS_IN_VIEW,
43828368/92207.643,,,NO_OBJECTS_IN_VIEW,
43828382/93056.667,,,NO_OBJECTS_IN_VIEW,
43828382/93065.064,,,NO_OBJECTS_IN_VIEW,
43828382/93073.560,,,NO_OBJECTS_IN_VIEW,
43828382/93081.957,,,NO_OBJECTS_IN_VIEW,
43828382/93090.453,,,NO_OBJECTS_IN_VIEW,
43828382/93098.867,,,NO_OBJECTS_IN_VIEW,
43828382/93107.363,,,NO_OBJECTS_IN_VIEW,
43828382/93115.760,,,NO_OBJECTS_IN_VIEW,
43828390/94703.019,,,NO_OBJECTS_IN_VIEW,
43828390/94715.614,,,NO_OBJECTS_IN_VIEW,
43828390/94728.309,,,NO_OBJECTS_IN_VIEW,
43828390/94741.020,,,NO_OBJECTS_IN_VIEW,
43828390/94753.715,,,NO_OBJECTS_IN_VIEW,
43828390/94779.021,,,NO_OBJECTS_IN_VIEW,
43828390/94791.716,,,NO_OBJECTS_IN_VIEW,
43828391/94822.120,,,NO_OBJECTS_IN_VIEW,
43828391/94835.614,,,NO_OBJECTS_IN_VIEW,
43828391/94849.209,,,NO_OBJECTS_IN_VIEW,
43828391/94862.720,,,NO_OBJECTS_IN_VIEW,
43828391/94876.314,,,NO_OBJECTS_IN_VIEW,
43828391/94889.909,,,NO_OBJECTS_IN_VIEW,
43828391/94903.420,,,NO_OBJECTS_IN_VIEW,
43828391/94917.014,,,NO_OBJECTS_IN_VIEW,
43828402/88408.415,,,NO_OBJECTS_IN_VIEW,
43828402/88415.695,,,NO_OBJECTS_IN_VIEW,
43828402/88423.109,,,NO_OBJECTS_IN_VIEW,
43828402/88430.406,,,NO_OBJECTS_IN_VIEW,
43828402/88437.803,,,NO_OBJECTS_IN_VIEW,
43828402/88445.200,,,NO_OBJECTS_IN_VIEW,
43828402/88452.497,,,NO_OBJECTS_IN_VIEW,
43828402/88459.911,,,NO_OBJECTS_IN_VIEW,
43828404/88348.722,,,NO_OBJECTS_IN_VIEW,
43828404/88355.403,,,NO_OBJECTS_IN_VIEW,
43828404/88368.897,,,NO_OBJECTS_IN_VIEW,
43828404/88375.611,,,NO_OBJECTS_IN_VIEW,
43828404/88382.309,,,NO_OBJECTS_IN_VIEW,
43828404/88389.106,,,NO_OBJECTS_IN_VIEW,
43828404/88395.803,,,NO_OBJECTS_IN_VIEW,
43828435/90458.653,,,NO_OBJECTS_IN_VIEW,
43828435/90473.663,,,NO_OBJECTS_IN_VIEW,
43828435/90481.161,,,NO_OBJECTS_IN_VIEW,
43828435/90488.558,,,NO_OBJECTS_IN_VIEW,
43828435/90496.055,,,NO_OBJECTS_IN_VIEW,
43828435/90503.552,,,NO_OBJECTS_IN_VIEW,
43828455/92079.363,,,NO_OBJECTS_IN_VIEW,
43828455/92083.961,,,NO_OBJECTS_IN_VIEW,
43828455/92088.559,,,NO_OBJECTS_IN_VIEW,
43828455/92093.158,,,NO_OBJECTS_IN_VIEW,
43828455/92097.756,,,NO_OBJECTS_IN_VIEW,
43828455/92102.354,,,NO_OBJECTS_IN_VIEW,
43828455/92106.952,,,NO_OBJECTS_IN_VIEW,
43828455/92111.550,,,NO_OBJECTS_IN_VIEW,
43828456/92175.358,,,NO_OBJECTS_IN_VIEW,
43828456/92187.153,,,NO_OBJECTS_IN_VIEW,
43828456/92199.049,,,NO_OBJECTS_IN_VIEW,
43828456/92210.961,,,NO_OBJECTS_IN_VIEW,
43828456/92222.856,,,NO_OBJECTS_IN_VIEW,
43828456/92234.651,,,NO_OBJECTS_IN_VIEW,
43828456/92246.563,,,NO_OBJECTS_IN_VIEW,
43828456/92258.458,,,NO_OBJECTS_IN_VIEW,
43828517/102938.233,,,NO_OBJECTS_IN_VIEW,
43828517/102947.412,,,NO_OBJECTS_IN_VIEW,
43828517/102956.708,,,NO_OBJECTS_IN_VIEW,
43828517/102965.904,,,NO_OBJECTS_IN_VIEW,
43828517/102975.201,,,NO_OBJECTS_IN_VIEW,
43828517/102993.710,,,NO_OBJECTS_IN_VIEW,
43828517/103002.906,,,NO_OBJECTS_IN_VIEW,
43828520/102861.631,,,NO_OBJECTS_IN_VIEW,
43828520/102878.907,,,NO_OBJECTS_IN_VIEW,
43828520/102887.504,,,NO_OBJECTS_IN_VIEW,
43828520/102896.217,,,NO_OBJECTS_IN_VIEW,
43828520/102904.813,,,NO_OBJECTS_IN_VIEW,
43828520/102913.510,,,NO_OBJECTS_IN_VIEW,
43828520/102922.106,,,NO_OBJECTS_IN_VIEW,
43828555/101319.035,,,NO_OBJECTS_IN_VIEW,
43828555/101327.932,,,NO_OBJECTS_IN_VIEW,
43828555/101336.828,,,NO_OBJECTS_IN_VIEW,
43828555/101345.725,,,NO_OBJECTS_IN_VIEW,
43828555/101354.638,,,NO_OBJECTS_IN_VIEW,
43828555/101363.534,,,NO_OBJECTS_IN_VIEW,
43828555/101372.431,,,NO_OBJECTS_IN_VIEW,
43828555/101381.327,,,NO_OBJECTS_IN_VIEW,
43895865/107648.192,,,NO_OBJECTS_IN_VIEW,
43895865/107660.686,,,NO_OBJECTS_IN_VIEW,
43895865/107685.576,,,NO_OBJECTS_IN_VIEW,
43895865/107698.088,,,NO_OBJECTS_IN_VIEW,
43895917/111303.972,,,NO_OBJECTS_IN_VIEW,
43895917/111309.653,,,NO_OBJECTS_IN_VIEW,
43895917/111315.467,,,NO_OBJECTS_IN_VIEW,
43895917/111321.165,,,NO_OBJECTS_IN_VIEW,
43895917/111326.962,,,NO_OBJECTS_IN_VIEW,
43895917/111332.760,,,NO_OBJECTS_IN_VIEW,
43895917/111338.458,,,NO_OBJECTS_IN_VIEW,
43895917/111344.255,,,NO_OBJECTS_IN_VIEW,
43895949/109100.054,,,NO_OBJECTS_IN_VIEW,
43895949/109106.635,,,NO_OBJECTS_IN_VIEW,
43895949/109113.232,,,NO_OBJECTS_IN_VIEW,
43895949/109119.846,,,NO_OBJECTS_IN_VIEW,
43895949/109126.543,,,NO_OBJECTS_IN_VIEW,
43895949/109133.141,,,NO_OBJECTS_IN_VIEW,
43895949/109139.738,,,NO_OBJECTS_IN_VIEW,
43895949/109146.336,,,NO_OBJECTS_IN_VIEW,
43895987/136330.028,,,NO_OBJECTS_IN_VIEW,
43895987/136366.030,,,NO_OBJECTS_IN_VIEW,
43895987/136384.023,,,NO_OBJECTS_IN_VIEW,
43895987/136402.032,,,NO_OBJECTS_IN_VIEW,
43895987/136420.024,,,NO_OBJECTS_IN_VIEW,
43895987/136438.033,,,NO_OBJECTS_IN_VIEW,
43896019/138313.930,,,NO_OBJECTS_IN_VIEW,
43896019/138318.512,,,NO_OBJECTS_IN_VIEW,
43896019/138323.110,,,NO_OBJECTS_IN_VIEW,
43896019/138327.708,,,NO_OBJECTS_IN_VIEW,
43896019/138332.406,,,NO_OBJECTS_IN_VIEW,
43896019/138337.004,,,NO_OBJECTS_IN_VIEW,
43896019/138341.602,,,NO_OBJECTS_IN_VIEW,
43896019/138346.200,,,NO_OBJECTS_IN_VIEW,
43896038/129990.186,,,NO_OBJECTS_IN_VIEW,
43896038/129995.167,,,NO_OBJECTS_IN_VIEW,
43896038/130000.165,,,NO_OBJECTS_IN_VIEW,
43896038/130005.163,,,NO_OBJECTS_IN_VIEW,
43896038/130010.161,,,NO_OBJECTS_IN_VIEW,
43896038/130015.159,,,NO_OBJECTS_IN_VIEW,
43896038/130020.157,,,NO_OBJECTS_IN_VIEW,
43896038/130025.155,,,NO_OBJECTS_IN_VIEW,
43896117/145943.747,,,NO_OBJECTS_IN_VIEW,
43896117/145952.943,,,NO_OBJECTS_IN_VIEW,
43896117/145962.139,,,NO_OBJECTS_IN_VIEW,
43896117/145971.335,,,NO_OBJECTS_IN_VIEW,
43896117/145980.531,,,NO_OBJECTS_IN_VIEW,
43896117/145989.744,,,NO_OBJECTS_IN_VIEW,
43896117/145998.940,,,NO_OBJECTS_IN_VIEW,
43896117/146008.136,,,NO_OBJECTS_IN_VIEW,
43896223/4938.817,,,NO_OBJECTS_IN_VIEW,
43896223/4961.008,,,NO_OBJECTS_IN_VIEW,
43896223/4966.606,,,NO_OBJECTS_IN_VIEW,
43896223/4972.120,,,NO_OBJECTS_IN_VIEW,
43896223/4977.718,,,NO_OBJECTS_IN_VIEW,
43896224/4887.622,,,NO_OBJECTS_IN_VIEW,
43896224/4893.420,,,NO_OBJECTS_IN_VIEW,
43896224/4899.317,,,NO_OBJECTS_IN_VIEW,
43896224/4916.810,,,NO_OBJECTS_IN_VIEW,
43896224/4922.707,,,NO_OBJECTS_IN_VIEW,
43896224/4928.522,,,NO_OBJECTS_IN_VIEW,
43896247/7586.526,,,NO_OBJECTS_IN_VIEW,
43896247/7591.408,,,NO_OBJECTS_IN_VIEW,
43896247/7596.406,,,NO_OBJECTS_IN_VIEW,
43896247/7601.404,,,NO_OBJECTS_IN_VIEW,
43896247/7606.402,,,NO_OBJECTS_IN_VIEW,
43896247/7611.300,,,NO_OBJECTS_IN_VIEW,
43896247/7616.297,,,NO_OBJECTS_IN_VIEW,
43896247/7621.312,,,NO_OBJECTS_IN_VIEW,
43896256/8044.870,,,NO_OBJECTS_IN_VIEW,
43896256/8051.551,,,NO_OBJECTS_IN_VIEW,
43896256/8058.348,,,NO_OBJECTS_IN_VIEW,
43896256/8065.045,,,NO_OBJECTS_IN_VIEW,
43896256/8078.656,,,NO_OBJECTS_IN_VIEW,
43896256/8085.353,,,NO_OBJECTS_IN_VIEW,
43896256/8092.151,,,NO_OBJECTS_IN_VIEW,
43896280/5016.315,,,NO_OBJECTS_IN_VIEW,
43896280/5050.885,,,NO_OBJECTS_IN_VIEW,
43896280/5085.488,,,NO_OBJECTS_IN_VIEW,
43896280/5120.091,,,NO_OBJECTS_IN_VIEW,
43896280/5154.694,,,NO_OBJECTS_IN_VIEW,
43896280/5189.297,,,NO_OBJECTS_IN_VIEW,
43896280/5223.883,,,NO_OBJECTS_IN_VIEW,
43896280/5258.486,,,NO_OBJECTS_IN_VIEW,
43896330/8816.788,,,NO_OBJECTS_IN_VIEW,
43896330/8839.579,,,NO_OBJECTS_IN_VIEW,
43896330/8862.470,,,NO_OBJECTS_IN_VIEW,
43896330/8885.278,,,NO_OBJECTS_IN_VIEW,
43896330/8908.169,,,NO_OBJECTS_IN_VIEW,
43896330/8930.976,,,NO_OBJECTS_IN_VIEW,
43896330/8953.867,,,NO_OBJECTS_IN_VIEW,
43896330/8976.675,,,NO_OBJECTS_IN_VIEW,
43896358/18610.634,,,NO_OBJECTS_IN_VIEW,
43896358/18617.231,,,NO_OBJECTS_IN_VIEW,
43896358/18623.828,,,NO_OBJECTS_IN_VIEW,
43896358/18630.425,,,NO_OBJECTS_IN_VIEW,
43896365/19884.755,,,NO_OBJECTS_IN_VIEW,
43896365/19897.367,,,NO_OBJECTS_IN_VIEW,
43896365/19909.961,,,NO_OBJECTS_IN_VIEW,
43896365/19922.556,,,NO_OBJECTS_IN_VIEW,
43896365/19935.167,,,NO_OBJECTS_IN_VIEW,
43896365/19947.762,,,NO_OBJECTS_IN_VIEW,
43896371/19822.664,,,NO_OBJECTS_IN_VIEW,
43896371/19827.962,,,NO_OBJECTS_IN_VIEW,
43896371/19833.160,,,NO_OBJECTS_IN_VIEW,
43896371/19838.458,,,NO_OBJECTS_IN_VIEW,
43896371/19843.672,,,NO_OBJECTS_IN_VIEW,
43896384/21725.881,,,NO_OBJECTS_IN_VIEW,
43896384/21736.360,,,NO_OBJECTS_IN_VIEW,
43896384/21746.856,,,NO_OBJECTS_IN_VIEW,
43896384/21757.352,,,NO_OBJECTS_IN_VIEW,
43896384/21767.947,,,NO_OBJECTS_IN_VIEW,
43896384/21778.459,,,NO_OBJECTS_IN_VIEW,
43896384/21788.955,,,NO_OBJECTS_IN_VIEW,
43896384/21799.451,,,NO_OBJECTS_IN_VIEW,
43896396/22528.596,,,NO_OBJECTS_IN_VIEW,
43896396/22537.476,,,NO_OBJECTS_IN_VIEW,
43896396/22546.372,,,NO_OBJECTS_IN_VIEW,
43896396/22555.285,,,NO_OBJECTS_IN_VIEW,
43896396/22564.181,,,NO_OBJECTS_IN_VIEW,
43896396/22573.078,,,NO_OBJECTS_IN_VIEW,
43896396/22581.974,,,NO_OBJECTS_IN_VIEW,
43896396/22590.870,,,NO_OBJECTS_IN_VIEW,
43896478/22813.207,,,NO_OBJECTS_IN_VIEW,
43896478/22823.903,,,NO_OBJECTS_IN_VIEW,
43896478/22834.698,,,NO_OBJECTS_IN_VIEW,
43896478/22856.106,,,NO_OBJECTS_IN_VIEW,
43896478/22866.902,,,NO_OBJECTS_IN_VIEW,
43896478/22877.598,,,NO_OBJECTS_IN_VIEW,
43896516/34175.990,,,NO_OBJECTS_IN_VIEW,
43896516/34202.978,,,NO_OBJECTS_IN_VIEW,
43896516/34230.084,,,NO_OBJECTS_IN_VIEW,
43896516/34257.189,,,NO_OBJECTS_IN_VIEW,
43896516/34284.278,,,NO_OBJECTS_IN_VIEW,
43896516/34311.283,,,NO_OBJECTS_IN_VIEW,
43896516/34338.389,,,NO_OBJECTS_IN_VIEW,
43896516/34365.478,,,NO_OBJECTS_IN_VIEW,
43896527/34713.066,,,NO_OBJECTS_IN_VIEW,
43896527/34721.446,,,NO_OBJECTS_IN_VIEW,
43896527/34729.942,,,NO_OBJECTS_IN_VIEW,
43896527/34738.439,,,NO_OBJECTS_IN_VIEW,
43896527/34746.935,,,NO_OBJECTS_IN_VIEW,
43896527/34755.348,,,NO_OBJECTS_IN_VIEW,
43896527/34763.845,,,NO_OBJECTS_IN_VIEW,
43896527/34772.341,,,NO_OBJECTS_IN_VIEW,
44358121/62398.702,,,NO_OBJECTS_IN_VIEW,
44358121/62410.214,,,NO_OBJECTS_IN_VIEW,
44358121/62421.609,,,NO_OBJECTS_IN_VIEW,
44358121/62433.104,,,NO_OBJECTS_IN_VIEW,
44358121/62444.599,,,NO_OBJECTS_IN_VIEW,
44358121/62456.011,,,NO_OBJECTS_IN_VIEW,
44358204/7492.200,,,NO_OBJECTS_IN_VIEW,
44358204/7498.881,,,NO_OBJECTS_IN_VIEW,
44358204/7505.578,,,NO_OBJECTS_IN_VIEW,
44358204/7512.275,,,NO_OBJECTS_IN_VIEW,
44358204/7519.072,,,NO_OBJECTS_IN_VIEW,
44358204/7525.786,,,NO_OBJECTS_IN_VIEW,
44358204/7532.483,,,NO_OBJECTS_IN_VIEW,
44358204/7539.181,,,NO_OBJECTS_IN_VIEW,
44358238/10442.547,,,NO_OBJECTS_IN_VIEW,
44358238/10447.928,,,NO_OBJECTS_IN_VIEW,
44358238/10453.343,,,NO_OBJECTS_IN_VIEW,
44358238/10458.840,,,NO_OBJECTS_IN_VIEW,
44358238/10469.636,,,NO_OBJECTS_IN_VIEW,
44358238/10475.133,,,NO_OBJECTS_IN_VIEW,
44358238/10480.531,,,NO_OBJECTS_IN_VIEW,
44358243/10405.346,,,NO_OBJECTS_IN_VIEW,
44358243/10409.244,,,NO_OBJECTS_IN_VIEW,
44358243/10413.142,,,NO_OBJECTS_IN_VIEW,
44358243/10417.041,,,NO_OBJECTS_IN_VIEW,
44358243/10421.039,,,NO_OBJECTS_IN_VIEW,
44358243/10428.836,,,NO_OBJECTS_IN_VIEW,
44358243/10432.734,,,NO_OBJECTS_IN_VIEW,
44358250/6017.167,,,NO_OBJECTS_IN_VIEW,
44358250/6023.764,,,NO_OBJECTS_IN_VIEW,
44358250/6030.361,,,NO_OBJECTS_IN_VIEW,
44358250/6036.959,,,NO_OBJECTS_IN_VIEW,
44358250/6043.556,,,NO_OBJECTS_IN_VIEW,
44358250/6050.170,,,NO_OBJECTS_IN_VIEW,
44358274/9024.659,,,NO_OBJECTS_IN_VIEW,
44358274/9033.138,,,NO_OBJECTS_IN_VIEW,
44358274/9041.735,,,NO_OBJECTS_IN_VIEW,
44358274/9050.232,,,NO_OBJECTS_IN_VIEW,
44358274/9058.845,,,NO_OBJECTS_IN_VIEW,
44358274/9067.342,,,NO_OBJECTS_IN_VIEW,
44358274/9075.938,,,NO_OBJECTS_IN_VIEW,
44358274/9084.435,,,NO_OBJECTS_IN_VIEW,
44358295/15785.072,,,NO_OBJECTS_IN_VIEW,
44358295/15790.169,,,NO_OBJECTS_IN_VIEW,
44358295/15795.367,,,NO_OBJECTS_IN_VIEW,
44358295/15800.565,,,NO_OBJECTS_IN_VIEW,
44358295/15805.763,,,NO_OBJECTS_IN_VIEW,
44358295/15810.961,,,NO_OBJECTS_IN_VIEW,
44358295/15816.175,,,NO_OBJECTS_IN_VIEW,
44358295/15821.373,,,NO_OBJECTS_IN_VIEW,
44358306/17425.837,,,NO_OBJECTS_IN_VIEW,
44358306/17432.451,,,NO_OBJECTS_IN_VIEW,
44358306/17439.048,,,NO_OBJECTS_IN_VIEW,
44358306/17445.646,,,NO_OBJECTS_IN_VIEW,
44358336/14215.136,,,NO_OBJECTS_IN_VIEW,
44358336/14233.228,,,NO_OBJECTS_IN_VIEW,
44358336/14251.421,,,NO_OBJECTS_IN_VIEW,
44358336/14269.514,,,NO_OBJECTS_IN_VIEW,
44358336/14305.916,,,NO_OBJECTS_IN_VIEW,
44358336/14324.026,,,NO_OBJECTS_IN_VIEW,
44358336/14342.219,,,NO_OBJECTS_IN_VIEW,
44358386/19147.982,,,NO_OBJECTS_IN_VIEW,
44358386/19168.658,,,NO_OBJECTS_IN_VIEW,
44358386/19189.366,,,NO_OBJECTS_IN_VIEW,
44358386/19210.058,,,NO_OBJECTS_IN_VIEW,
44358386/19230.766,,,NO_OBJECTS_IN_VIEW,
44358386/19251.458,,,NO_OBJECTS_IN_VIEW,
44358386/19272.166,,,NO_OBJECTS_IN_VIEW,
44358386/19292.858,,,NO_OBJECTS_IN_VIEW,
44358422/41151.137,,,NO_OBJECTS_IN_VIEW,
44358422/41154.236,,,NO_OBJECTS_IN_VIEW,
44358422/41157.435,,,NO_OBJECTS_IN_VIEW,
44358422/41160.633,,,NO_OBJECTS_IN_VIEW,
44358422/41163.832,,,NO_OBJECTS_IN_VIEW,
44358422/41166.931,,,NO_OBJECTS_IN_VIEW,
44358422/41170.129,,,NO_OBJECTS_IN_VIEW,
44358422/41173.328,,,NO_OBJECTS_IN_VIEW,
44358426/41422.389,,,NO_OBJECTS_IN_VIEW,
44358426/41427.787,,,NO_OBJECTS_IN_VIEW,
44358426/41433.285,,,NO_OBJECTS_IN_VIEW,
44358426/41438.683,,,NO_OBJECTS_IN_VIEW,
44358426/41449.578,,,NO_OBJECTS_IN_VIEW,
44358426/41455.093,,,NO_OBJECTS_IN_VIEW,
44358426/41460.490,,,NO_OBJECTS_IN_VIEW,
44358553/54804.425,,,NO_OBJECTS_IN_VIEW,
44358553/54893.422,,,NO_OBJECTS_IN_VIEW,
44358553/54915.713,,,NO_OBJECTS_IN_VIEW,
44358553/54937.920,,,NO_OBJECTS_IN_VIEW,
44358575/56328.838,,,NO_OBJECTS_IN_VIEW,
44358575/56336.435,,,NO_OBJECTS_IN_VIEW,
44358575/56344.032,,,NO_OBJECTS_IN_VIEW,
44358575/56351.628,,,NO_OBJECTS_IN_VIEW,
44358575/56359.225,,,NO_OBJECTS_IN_VIEW,
44358575/56366.822,,,NO_OBJECTS_IN_VIEW,
44358575/56374.419,,,NO_OBJECTS_IN_VIEW,
44358575/56382.033,,,NO_OBJECTS_IN_VIEW,
44358599/58254.430,,,NO_OBJECTS_IN_VIEW,
44358599/58275.422,,,NO_OBJECTS_IN_VIEW,
44358599/58296.530,,,NO_OBJECTS_IN_VIEW,
44358599/58317.622,,,NO_OBJECTS_IN_VIEW,
44358599/58338.730,,,NO_OBJECTS_IN_VIEW,
44358599/58359.722,,,NO_OBJECTS_IN_VIEW,
44358599/58380.830,,,NO_OBJECTS_IN_VIEW,
44358599/58401.922,,,NO_OBJECTS_IN_VIEW,
44358631/1351.085,,,NO_OBJECTS_IN_VIEW,
44358631/1356.866,,,NO_OBJECTS_IN_VIEW,
44358631/1362.763,,,NO_OBJECTS_IN_VIEW,
44358631/1368.661,,,NO_OBJECTS_IN_VIEW,
44358631/1374.575,,,NO_OBJECTS_IN_VIEW,
44358631/1380.372,,,NO_OBJECTS_IN_VIEW,
44358631/1386.270,,,NO_OBJECTS_IN_VIEW,
44358631/1392.168,,,NO_OBJECTS_IN_VIEW,
44358634/3016.178,,,NO_OBJECTS_IN_VIEW,
44358634/3024.658,,,NO_OBJECTS_IN_VIEW,
44358634/3033.254,,,NO_OBJECTS_IN_VIEW,
44358634/3041.751,,,NO_OBJECTS_IN_VIEW,
44358634/3050.347,,,NO_OBJECTS_IN_VIEW,
44358634/3058.944,,,NO_OBJECTS_IN_VIEW,
44358634/3067.457,,,NO_OBJECTS_IN_VIEW,
44358634/3076.053,,,NO_OBJECTS_IN_VIEW,
44358661/1073.927,,,NO_OBJECTS_IN_VIEW,
44358661/1091.003,,,NO_OBJECTS_IN_VIEW,
44358661/1108.113,,,NO_OBJECTS_IN_VIEW,
44358661/1125.206,,,NO_OBJECTS_IN_VIEW,
44358661/1142.416,,,NO_OBJECTS_IN_VIEW,
44358661/1159.509,,,NO_OBJECTS_IN_VIEW,
44358661/1176.602,,,NO_OBJECTS_IN_VIEW,
44358661/1193.712,,,NO_OBJECTS_IN_VIEW,
44796226/2514.540,,,NO_OBJECTS_IN_VIEW,
44796226/2521.837,,,NO_OBJECTS_IN_VIEW,
44796226/2529.234,,,NO_OBJECTS_IN_VIEW,
44796226/2536.531,,,NO_OBJECTS_IN_VIEW,
44796226/2543.928,,,NO_OBJECTS_IN_VIEW,
44796226/2551.325,,,NO_OBJECTS_IN_VIEW,
44796226/2558.639,,,NO_OBJECTS_IN_VIEW,
44796226/2566.035,,,NO_OBJECTS_IN_VIEW,
44796236/3113.942,,,NO_OBJECTS_IN_VIEW,
44796236/3123.838,,,NO_OBJECTS_IN_VIEW,
44796236/3143.546,,,NO_OBJECTS_IN_VIEW,
44796236/3153.342,,,NO_OBJECTS_IN_VIEW,
44796236/3173.034,,,NO_OBJECTS_IN_VIEW,
44796257/4239.679,,,NO_OBJECTS_IN_VIEW,
44796257/4246.676,,,NO_OBJECTS_IN_VIEW,
44796257/4253.773,,,NO_OBJECTS_IN_VIEW,
44796257/4260.870,,,NO_OBJECTS_IN_VIEW,
44796257/4267.984,,,NO_OBJECTS_IN_VIEW,
44796257/4274.981,,,NO_OBJECTS_IN_VIEW,
44796257/4289.175,,,NO_OBJECTS_IN_VIEW,
44796303/3261.669,,,NO_OBJECTS_IN_VIEW,
44796303/3285.559,,,NO_OBJECTS_IN_VIEW,
44796303/3297.554,,,NO_OBJECTS_IN_VIEW,
44796303/3309.566,,,NO_OBJECTS_IN_VIEW,
44796303/3321.461,,,NO_OBJECTS_IN_VIEW,
44796303/3333.456,,,NO_OBJECTS_IN_VIEW,
44796303/3345.468,,,NO_OBJECTS_IN_VIEW,
44796374/11430.982,,,NO_OBJECTS_IN_VIEW,
44796374/11438.679,,,NO_OBJECTS_IN_VIEW,
44796374/11446.476,,,NO_OBJECTS_IN_VIEW,
44796374/11454.173,,,NO_OBJECTS_IN_VIEW,
44796374/11461.969,,,NO_OBJECTS_IN_VIEW,
44796374/11469.766,,,NO_OBJECTS_IN_VIEW,
44796374/11477.480,,,NO_OBJECTS_IN_VIEW,
44796374/11485.277,,,NO_OBJECTS_IN_VIEW,
44796450/1742.483,,,NO_OBJECTS_IN_VIEW,
44796450/1749.864,,,NO_OBJECTS_IN_VIEW,
44796450/1757.361,,,NO_OBJECTS_IN_VIEW,
44796450/1772.254,,,NO_OBJECTS_IN_VIEW,
44796450/1779.751,,,NO_OBJECTS_IN_VIEW,
44796450/1787.148,,,NO_OBJECTS_IN_VIEW,
44796450/1794.662,,,NO_OBJECTS_IN_VIEW,
44796464/3529.616,,,NO_OBJECTS_IN_VIEW,
44796464/3538.113,,,NO_OBJECTS_IN_VIEW,
44796464/3546.626,,,NO_OBJECTS_IN_VIEW,
44796464/3563.619,,,NO_OBJECTS_IN_VIEW,
44796464/3572.115,,,NO_OBJECTS_IN_VIEW,
44796466/3686.718,,,NO_OBJECTS_IN_VIEW,
44796466/3702.911,,,NO_OBJECTS_IN_VIEW,
44796466/3719.121,,,NO_OBJECTS_IN_VIEW,
44796466/3735.314,,,NO_OBJECTS_IN_VIEW,
44796466/3751.524,,,NO_OBJECTS_IN_VIEW,
44796466/3767.717,,,NO_OBJECTS_IN_VIEW,
44796466/3783.911,,,NO_OBJECTS_IN_VIEW,
44796521/3936.339,,,NO_OBJECTS_IN_VIEW,
44796521/3960.712,,,NO_OBJECTS_IN_VIEW,
44796521/3968.826,,,NO_OBJECTS_IN_VIEW,
44796521/3976.923,,,NO_OBJECTS_IN_VIEW,
44796521/3985.119,,,NO_OBJECTS_IN_VIEW,
44796521/3993.216,,,NO_OBJECTS_IN_VIEW,
44796745/28657.685,,,NO_OBJECTS_IN_VIEW,
44796745/28688.090,,,NO_OBJECTS_IN_VIEW,
44796745/28703.284,,,NO_OBJECTS_IN_VIEW,
44796745/28718.495,,,NO_OBJECTS_IN_VIEW,
44796745/28733.689,,,NO_OBJECTS_IN_VIEW,
44796745/28748.899,,,NO_OBJECTS_IN_VIEW,
44796752/29793.498,,,NO_OBJECTS_IN_VIEW,
44796752/29804.577,,,NO_OBJECTS_IN_VIEW,
44796752/29815.773,,,NO_OBJECTS_IN_VIEW,
44796752/29826.885,,,NO_OBJECTS_IN_VIEW,
44796752/29838.080,,,NO_OBJECTS_IN_VIEW,
44796752/29849.176,,,NO_OBJECTS_IN_VIEW,
44796752/29871.484,,,NO_OBJECTS_IN_VIEW,
45260877/7379.568,,,NO_OBJECTS_IN_VIEW,
45260877/7414.470,,,NO_OBJECTS_IN_VIEW,
45260877/7426.082,,,NO_OBJECTS_IN_VIEW,
45260947/4569.721,,,NO_OBJECTS_IN_VIEW,
45260947/4579.000,,,NO_OBJECTS_IN_VIEW,
45260947/4588.313,,,NO_OBJECTS_IN_VIEW,
45260947/4597.609,,,NO_OBJECTS_IN_VIEW,
45260947/4607.006,,,NO_OBJECTS_IN_VIEW,
45260947/4616.302,,,NO_OBJECTS_IN_VIEW,
45260947/4625.615,,,NO_OBJECTS_IN_VIEW,
45260947/4634.912,,,NO_OBJECTS_IN_VIEW,
45260951/6079.728,,,NO_OBJECTS_IN_VIEW,
45260951/6096.022,,,NO_OBJECTS_IN_VIEW,
45260951/6112.315,,,NO_OBJECTS_IN_VIEW,
45260951/6128.609,,,NO_OBJECTS_IN_VIEW,
45260951/6144.919,,,NO_OBJECTS_IN_VIEW,
45260951/6161.213,,,NO_OBJECTS_IN_VIEW,
45260951/6177.506,,,NO_OBJECTS_IN_VIEW,
45260951/6193.816,,,NO_OBJECTS_IN_VIEW,
45260957/5927.622,,,NO_OBJECTS_IN_VIEW,
45260957/5935.319,,,NO_OBJECTS_IN_VIEW,
45260957/5943.016,,,NO_OBJECTS_IN_VIEW,
45260957/5950.712,,,NO_OBJECTS_IN_VIEW,
45260957/5958.509,,,NO_OBJECTS_IN_VIEW,
45260957/5966.206,,,NO_OBJECTS_IN_VIEW,
45260957/5973.920,,,NO_OBJECTS_IN_VIEW,
45260957/5981.617,,,NO_OBJECTS_IN_VIEW,
45260984/20711.133,,,NO_OBJECTS_IN_VIEW,
45260984/20721.412,,,NO_OBJECTS_IN_VIEW,
45260984/20731.807,,,NO_OBJECTS_IN_VIEW,
45260984/20742.103,,,NO_OBJECTS_IN_VIEW,
45260984/20752.499,,,NO_OBJECTS_IN_VIEW,
45260984/20762.911,,,NO_OBJECTS_IN_VIEW,
45260984/20773.207,,,NO_OBJECTS_IN_VIEW,
45260984/20783.603,,,NO_OBJECTS_IN_VIEW,
45261035/12729.296,,,NO_OBJECTS_IN_VIEW,
45261035/12739.975,,,NO_OBJECTS_IN_VIEW,
45261035/12750.771,,,NO_OBJECTS_IN_VIEW,
45261035/12761.583,,,NO_OBJECTS_IN_VIEW,
45261035/12772.379,,,NO_OBJECTS_IN_VIEW,
45261035/12783.174,,,NO_OBJECTS_IN_VIEW,
45261035/12793.970,,,NO_OBJECTS_IN_VIEW,
45261035/12804.783,,,NO_OBJECTS_IN_VIEW,
45261061/14582.529,,,NO_OBJECTS_IN_VIEW,
45261061/14605.120,,,NO_OBJECTS_IN_VIEW,
45261061/14627.628,,,NO_OBJECTS_IN_VIEW,
45261061/14695.218,,,NO_OBJECTS_IN_VIEW,
45261066/14478.220,,,NO_OBJECTS_IN_VIEW,
45261066/14492.431,,,NO_OBJECTS_IN_VIEW,
45261066/14499.528,,,NO_OBJECTS_IN_VIEW,
45261066/14513.723,,,NO_OBJECTS_IN_VIEW,
45261066/14520.820,,,NO_OBJECTS_IN_VIEW,
45261089/405.300,,,NO_OBJECTS_IN_VIEW,
45261089/431.173,,,NO_OBJECTS_IN_VIEW,
45261089/444.184,,,NO_OBJECTS_IN_VIEW,
45261089/457.179,,,NO_OBJECTS_IN_VIEW,
45261089/483.085,,,NO_OBJECTS_IN_VIEW,
45261089/496.079,,,NO_OBJECTS_IN_VIEW,
45261251/12613.010,,,NO_OBJECTS_IN_VIEW,
45261251/12632.319,,,NO_OBJECTS_IN_VIEW,
45261251/12642.015,,,NO_OBJECTS_IN_VIEW,
45261251/12651.612,,,NO_OBJECTS_IN_VIEW,
45261251/12661.308,,,NO_OBJECTS_IN_VIEW,
45261265/13766.112,,,NO_OBJECTS_IN_VIEW,
45261265/13776.925,,,NO_OBJECTS_IN_VIEW,
45261265/13782.323,,,NO_OBJECTS_IN_VIEW,
45261265/13787.720,,,NO_OBJECTS_IN_VIEW,
45261265/13798.516,,,NO_OBJECTS_IN_VIEW,
45261317/23524.008,,,NO_OBJECTS_IN_VIEW,
45261317/23535.004,,,NO_OBJECTS_IN_VIEW,
45261317/23557.094,,,NO_OBJECTS_IN_VIEW,
45261317/23568.190,,,NO_OBJECTS_IN_VIEW,
45261317/23579.302,,,NO_OBJECTS_IN_VIEW,
45261317/23590.297,,,NO_OBJECTS_IN_VIEW,
45261317/23601.393,,,NO_OBJECTS_IN_VIEW,
45261329/24120.346,,,NO_OBJECTS_IN_VIEW,
45261329/24130.142,,,NO_OBJECTS_IN_VIEW,
45261329/24149.650,,,NO_OBJECTS_IN_VIEW,
45261329/24159.446,,,NO_OBJECTS_IN_VIEW,
45261329/24169.142,,,NO_OBJECTS_IN_VIEW,
45261329/24178.955,,,NO_OBJECTS_IN_VIEW,
45261397/29115.261,,,NO_OBJECTS_IN_VIEW,
45261397/29123.658,,,NO_OBJECTS_IN_VIEW,
45261397/29132.171,,,NO_OBJECTS_IN_VIEW,
45261397/29140.668,,,NO_OBJECTS_IN_VIEW,
45261397/29149.165,,,NO_OBJECTS_IN_VIEW,
45261397/29157.661,,,NO_OBJECTS_IN_VIEW,
45261397/29166.158,,,NO_OBJECTS_IN_VIEW,
45261397/29174.671,,,NO_OBJECTS_IN_VIEW,
45261407/29654.028,,,NO_OBJECTS_IN_VIEW,
45261407/29668.122,,,NO_OBJECTS_IN_VIEW,
45261407/29675.119,,,NO_OBJECTS_IN_VIEW,
45261407/29682.216,,,NO_OBJECTS_IN_VIEW,
45261407/29689.214,,,NO_OBJECTS_IN_VIEW,
45261407/29696.311,,,NO_OBJECTS_IN_VIEW,
45261499/42635.410,,,NO_OBJECTS_IN_VIEW,
45261499/42641.091,,,NO_OBJECTS_IN_VIEW,
45261499/42646.888,,,NO_OBJECTS_IN_VIEW,
45261499/42658.384,,,NO_OBJECTS_IN_VIEW,
45261499/42664.082,,,NO_OBJECTS_IN_VIEW,
45261499/42669.896,,,NO_OBJECTS_IN_VIEW,
45261499/42675.594,,,NO_OBJECTS_IN_VIEW,
45261502/42600.790,,,NO_OBJECTS_IN_VIEW,
45261502/42606.088,,,NO_OBJECTS_IN_VIEW,
45261502/42611.486,,,NO_OBJECTS_IN_VIEW,
45261502/42616.784,,,NO_OBJECTS_IN_VIEW,
45261507/43439.645,,,NO_OBJECTS_IN_VIEW,
45261507/43446.959,,,NO_OBJECTS_IN_VIEW,
45261507/43454.256,,,NO_OBJECTS_IN_VIEW,
45261507/43468.950,,,NO_OBJECTS_IN_VIEW,
45261507/43476.247,,,NO_OBJECTS_IN_VIEW,
45261507/43483.545,,,NO_OBJECTS_IN_VIEW,
45261509/43516.948,,,NO_OBJECTS_IN_VIEW,
45261509/43539.756,,,NO_OBJECTS_IN_VIEW,
45261509/43547.253,,,NO_OBJECTS_IN_VIEW,
45261509/43554.850,,,NO_OBJECTS_IN_VIEW,
45261509/43562.447,,,NO_OBJECTS_IN_VIEW,
45261522/45756.592,,,NO_OBJECTS_IN_VIEW,
45261522/45770.170,,,NO_OBJECTS_IN_VIEW,
45261522/45783.765,,,NO_OBJECTS_IN_VIEW,
45261522/45797.360,,,NO_OBJECTS_IN_VIEW,
45261522/45810.971,,,NO_OBJECTS_IN_VIEW,
45261522/45824.565,,,NO_OBJECTS_IN_VIEW,
45261522/45838.160,,,NO_OBJECTS_IN_VIEW,
45261522/45851.771,,,NO_OBJECTS_IN_VIEW,
45261524/45692.868,,,NO_OBJECTS_IN_VIEW,
45261524/45699.965,,,NO_OBJECTS_IN_VIEW,
45261524/45714.259,,,NO_OBJECTS_IN_VIEW,
45261524/45721.456,,,NO_OBJECTS_IN_VIEW,
45261524/45728.570,,,NO_OBJECTS_IN_VIEW,
45261524/45735.767,,,NO_OBJECTS_IN_VIEW,
45261527/45649.285,,,NO_OBJECTS_IN_VIEW,
45261527/45654.066,,,NO_OBJECTS_IN_VIEW,
45261527/45658.964,,,NO_OBJECTS_IN_VIEW,
45261527/45663.762,,,NO_OBJECTS_IN_VIEW,
45261527/45668.660,,,NO_OBJECTS_IN_VIEW,
45261527/45678.357,,,NO_OBJECTS_IN_VIEW,
45261527/45683.155,,,NO_OBJECTS_IN_VIEW,
45261548/75030.880,,,NO_OBJECTS_IN_VIEW,
45261548/75037.677,,,NO_OBJECTS_IN_VIEW,
45261548/75041.076,,,NO_OBJECTS_IN_VIEW,
45261548/75044.474,,,NO_OBJECTS_IN_VIEW,
45261548/75047.873,,,NO_OBJECTS_IN_VIEW,
45261548/75051.271,,,NO_OBJECTS_IN_VIEW,
45261556/75545.498,,,NO_OBJECTS_IN_VIEW,
45261556/75569.888,,,NO_OBJECTS_IN_VIEW,
45261556/75582.083,,,NO_OBJECTS_IN_VIEW,
45261556/75594.295,,,NO_OBJECTS_IN_VIEW,
45261556/75618.685,,,NO_OBJECTS_IN_VIEW,
45261556/75630.896,,,NO_OBJECTS_IN_VIEW,
45261569/76297.464,,,NO_OBJECTS_IN_VIEW,
45261569/76303.045,,,NO_OBJECTS_IN_VIEW,
45261569/76308.642,,,NO_OBJECTS_IN_VIEW,
45261569/76314.240,,,NO_OBJECTS_IN_VIEW,
45261569/76319.938,,,NO_OBJECTS_IN_VIEW,
45261569/76325.552,,,NO_OBJECTS_IN_VIEW,
45261569/76331.150,,,NO_OBJECTS_IN_VIEW,
45261569/76336.747,,,NO_OBJECTS_IN_VIEW,
45261571/76427.160,,,NO_OBJECTS_IN_VIEW,
45261571/76439.038,,,NO_OBJECTS_IN_VIEW,
45261571/76450.950,,,NO_OBJECTS_IN_VIEW,
45261571/76462.845,,,NO_OBJECTS_IN_VIEW,
45261571/76474.840,,,NO_OBJECTS_IN_VIEW,
45261571/76486.752,,,NO_OBJECTS_IN_VIEW,
45261571/76498.647,,,NO_OBJECTS_IN_VIEW,
45261571/76510.542,,,NO_OBJECTS_IN_VIEW,
45261672/2961.877,,,NO_OBJECTS_IN_VIEW,
45261672/2966.958,,,NO_OBJECTS_IN_VIEW,
45261672/2972.156,,,NO_OBJECTS_IN_VIEW,
45261672/2977.370,,,NO_OBJECTS_IN_VIEW,
45261672/2982.568,,,NO_OBJECTS_IN_VIEW,
45261672/2987.666,,,NO_OBJECTS_IN_VIEW,
45261672/2992.864,,,NO_OBJECTS_IN_VIEW,
45261672/2998.062,,,NO_OBJECTS_IN_VIEW,
45662791/12766.104,,,NO_OBJECTS_IN_VIEW,
45662791/12773.501,,,NO_OBJECTS_IN_VIEW,
45662791/12780.898,,,NO_OBJECTS_IN_VIEW,
45662791/12788.295,,,NO_OBJECTS_IN_VIEW,
45662791/12795.792,,,NO_OBJECTS_IN_VIEW,
45662791/12803.206,,,NO_OBJECTS_IN_VIEW,
45662791/12810.603,,,NO_OBJECTS_IN_VIEW,
45662791/12818.000,,,NO_OBJECTS_IN_VIEW,
45662829/15147.828,,,NO_OBJECTS_IN_VIEW,
45662829/15157.124,,,NO_OBJECTS_IN_VIEW,
45662829/15166.420,,,NO_OBJECTS_IN_VIEW,
45662829/15175.716,,,NO_OBJECTS_IN_VIEW,
45662829/15185.112,,,NO_OBJECTS_IN_VIEW,
45662829/15203.721,,,NO_OBJECTS_IN_VIEW,
45662829/15213.017,,,NO_OBJECTS_IN_VIEW,
45662851/12156.269,,,NO_OBJECTS_IN_VIEW,
45662851/12165.848,,,NO_OBJECTS_IN_VIEW,
45662851/12204.350,,,NO_OBJECTS_IN_VIEW,
45662851/12213.963,,,NO_OBJECTS_IN_VIEW,
45662851/12223.559,,,NO_OBJECTS_IN_VIEW,
45662882/16549.825,,,NO_OBJECTS_IN_VIEW,
45662882/16577.797,,,NO_OBJECTS_IN_VIEW,
45662882/16605.903,,,NO_OBJECTS_IN_VIEW,
45662882/16633.908,,,NO_OBJECTS_IN_VIEW,
45662882/16662.014,,,NO_OBJECTS_IN_VIEW,
45662882/16690.003,,,NO_OBJECTS_IN_VIEW,
45662882/16718.108,,,NO_OBJECTS_IN_VIEW,
45662882/16746.114,,,NO_OBJECTS_IN_VIEW,
45663052/36217.580,,,NO_OBJECTS_IN_VIEW,
45663052/36226.177,,,NO_OBJECTS_IN_VIEW,
45663052/36234.774,,,NO_OBJECTS_IN_VIEW,
45663052/36243.487,,,NO_OBJECTS_IN_VIEW,
45663052/36252.083,,,NO_OBJECTS_IN_VIEW,
45663052/36260.680,,,NO_OBJECTS_IN_VIEW,
45663052/36269.277,,,NO_OBJECTS_IN_VIEW,
45663064/38409.515,,,NO_OBJECTS_IN_VIEW,
45663064/38423.709,,,NO_OBJECTS_IN_VIEW,
45663064/38437.903,,,NO_OBJECTS_IN_VIEW,
45663064/38452.214,,,NO_OBJECTS_IN_VIEW,
45663064/38466.409,,,NO_OBJECTS_IN_VIEW,
45663064/38480.603,,,NO_OBJECTS_IN_VIEW,
45663064/38494.914,,,NO_OBJECTS_IN_VIEW,
45663064/38509.109,,,NO_OBJECTS_IN_VIEW,
45663218/65554.033,,,NO_OBJECTS_IN_VIEW,
45663218/65581.505,,,NO_OBJECTS_IN_VIEW,
45663218/65595.316,,,NO_OBJECTS_IN_VIEW,
45663218/65622.804,,,NO_OBJECTS_IN_VIEW,
45663218/65636.615,,,NO_OBJECTS_IN_VIEW,
45663218/65650.410,,,NO_OBJECTS_IN_VIEW,
45663258/77835.488,,,NO_OBJECTS_IN_VIEW,
45663258/77846.783,,,NO_OBJECTS_IN_VIEW,
45663258/77858.095,,,NO_OBJECTS_IN_VIEW,
45663258/77869.391,,,NO_OBJECTS_IN_VIEW,
45663258/77903.294,,,NO_OBJECTS_IN_VIEW,
45663317/76504.096,,,NO_OBJECTS_IN_VIEW,
45663317/76508.694,,,NO_OBJECTS_IN_VIEW,
45663317/76513.292,,,NO_OBJECTS_IN_VIEW,
45663317/76517.890,,,NO_OBJECTS_IN_VIEW,
45663317/76522.488,,,NO_OBJECTS_IN_VIEW,
45663317/76527.086,,,NO_OBJECTS_IN_VIEW,
45663322/77559.386,,,NO_OBJECTS_IN_VIEW,
45663322/77580.877,,,NO_OBJECTS_IN_VIEW,
45663322/77602.285,,,NO_OBJECTS_IN_VIEW,
45663322/77623.776,,,NO_OBJECTS_IN_VIEW,
45663322/77666.675,,,NO_OBJECTS_IN_VIEW,
45663322/77688.182,,,NO_OBJECTS_IN_VIEW,
45663387/93531.315,,,NO_OBJECTS_IN_VIEW,
45663387/93545.392,,,NO_OBJECTS_IN_VIEW,
45663387/93559.487,,,NO_OBJECTS_IN_VIEW,
45663387/93573.698,,,NO_OBJECTS_IN_VIEW,
45663387/93587.792,,,NO_OBJECTS_IN_VIEW,
45663387/93601.887,,,NO_OBJECTS_IN_VIEW,
45663387/93616.098,,,NO_OBJECTS_IN_VIEW,
45663387/93630.192,,,NO_OBJECTS_IN_VIEW,
45663397/95063.918,,,NO_OBJECTS_IN_VIEW,
45663397/95076.813,,,NO_OBJECTS_IN_VIEW,
45663397/95089.825,,,NO_OBJECTS_IN_VIEW,
45663397/95096.222,,,NO_OBJECTS_IN_VIEW,
45663397/95102.720,,,NO_OBJECTS_IN_VIEW,
45663397/95109.217,,,NO_OBJECTS_IN_VIEW,
47115135/85835.966,,,NO_OBJECTS_IN_VIEW,
47115135/85839.647,,,NO_OBJECTS_IN_VIEW,
47115135/85843.346,,,NO_OBJECTS_IN_VIEW,
47115135/85850.860,,,NO_OBJECTS_IN_VIEW,
47115135/85854.558,,,NO_OBJECTS_IN_VIEW,
47115135/85858.356,,,NO_OBJECTS_IN_VIEW,
47115135/85862.055,,,NO_OBJECTS_IN_VIEW,
47115137/85872.367,,,NO_OBJECTS_IN_VIEW,
47115137/85876.349,,,NO_OBJECTS_IN_VIEW,
47115137/85884.346,,,NO_OBJECTS_IN_VIEW,
47115137/85888.361,,,NO_OBJECTS_IN_VIEW,
47115137/85892.359,,,NO_OBJECTS_IN_VIEW,
47115137/85896.357,,,NO_OBJECTS_IN_VIEW,
47115137/85900.356,,,NO_OBJECTS_IN_VIEW,
47115150/86904.598,,,NO_OBJECTS_IN_VIEW,
47115150/86911.395,,,NO_OBJECTS_IN_VIEW,
47115150/86918.292,,,NO_OBJECTS_IN_VIEW,
47115150/86925.206,,,NO_OBJECTS_IN_VIEW,
47115150/86932.003,,,NO_OBJECTS_IN_VIEW,
47115150/86938.900,,,NO_OBJECTS_IN_VIEW,
47115198/94342.761,,,NO_OBJECTS_IN_VIEW,
47115198/94356.856,,,NO_OBJECTS_IN_VIEW,
47115198/94363.869,,,NO_OBJECTS_IN_VIEW,
47115198/94370.966,,,NO_OBJECTS_IN_VIEW,
47115198/94377.963,,,NO_OBJECTS_IN_VIEW,
47115198/94385.060,,,NO_OBJECTS_IN_VIEW,
47115198/94392.058,,,NO_OBJECTS_IN_VIEW,
47115227/95870.575,,,NO_OBJECTS_IN_VIEW,
47115227/95887.451,,,NO_OBJECTS_IN_VIEW,
47115227/95904.360,,,NO_OBJECTS_IN_VIEW,
47115227/95921.254,,,NO_OBJECTS_IN_VIEW,
47115227/95938.163,,,NO_OBJECTS_IN_VIEW,
47115227/95955.056,,,NO_OBJECTS_IN_VIEW,
47115227/95971.966,,,NO_OBJECTS_IN_VIEW,
47115227/95988.859,,,NO_OBJECTS_IN_VIEW,
47115255/99119.223,,,NO_OBJECTS_IN_VIEW,
47115255/99125.504,,,NO_OBJECTS_IN_VIEW,
47115255/99131.801,,,NO_OBJECTS_IN_VIEW,
47115255/99138.115,,,NO_OBJECTS_IN_VIEW,
47115255/99144.512,,,NO_OBJECTS_IN_VIEW,
47115255/99150.810,,,NO_OBJECTS_IN_VIEW,
47115255/99157.107,,,NO_OBJECTS_IN_VIEW,
47115255/99163.405,,,NO_OBJECTS_IN_VIEW,
47115258/99177.832,,,NO_OBJECTS_IN_VIEW,
47115258/99188.511,,,NO_OBJECTS_IN_VIEW,
47115258/99199.207,,,NO_OBJECTS_IN_VIEW,
47115258/99209.902,,,NO_OBJECTS_IN_VIEW,
47115258/99220.614,,,NO_OBJECTS_IN_VIEW,
47115258/99231.310,,,NO_OBJECTS_IN_VIEW,
47115258/99242.005,,,NO_OBJECTS_IN_VIEW,
47115258/99252.701,,,NO_OBJECTS_IN_VIEW,
47115260/115021.893,,,NO_OBJECTS_IN_VIEW,
47115260/115028.790,,,NO_OBJECTS_IN_VIEW,
47115260/115035.787,,,NO_OBJECTS_IN_VIEW,
47115260/115042.784,,,NO_OBJECTS_IN_VIEW,
47115260/115056.779,,,NO_OBJECTS_IN_VIEW,
47115260/115063.793,,,NO_OBJECTS_IN_VIEW,
47115260/115070.790,,,NO_OBJECTS_IN_VIEW,
47115265/115105.893,,,NO_OBJECTS_IN_VIEW,
47115265/115124.585,,,NO_OBJECTS_IN_VIEW,
47115265/115143.278,,,NO_OBJECTS_IN_VIEW,
47115265/115161.987,,,NO_OBJECTS_IN_VIEW,
47115265/115180.580,,,NO_OBJECTS_IN_VIEW,
47115265/115199.289,,,NO_OBJECTS_IN_VIEW,
47115265/115217.982,,,NO_OBJECTS_IN_VIEW,
47115309/552.779,,,NO_OBJECTS_IN_VIEW,
47115309/553.162,,,NO_OBJECTS_IN_VIEW,
47115309/553.562,,,NO_OBJECTS_IN_VIEW,
47115309/554.062,,,NO_OBJECTS_IN_VIEW,
47115309/554.462,,,NO_OBJECTS_IN_VIEW,
47115309/554.862,,,NO_OBJECTS_IN_VIEW,
47115309/555.361,,,NO_OBJECTS_IN_VIEW,
47115309/555.761,,,NO_OBJECTS_IN_VIEW,
47115350/4092.139,,,NO_OBJECTS_IN_VIEW,
47115350/4100.319,,,NO_OBJECTS_IN_VIEW,
47115350/4108.532,,,NO_OBJECTS_IN_VIEW,
47115350/4116.728,,,NO_OBJECTS_IN_VIEW,
47115350/4124.925,,,NO_OBJECTS_IN_VIEW,
47115350/4149.532,,,NO_OBJECTS_IN_VIEW,
47115361/842.393,,,NO_OBJECTS_IN_VIEW,
47115361/849.473,,,NO_OBJECTS_IN_VIEW,
47115361/863.884,,,NO_OBJECTS_IN_VIEW,
47115361/871.082,,,NO_OBJECTS_IN_VIEW,
47115361/885.476,,,NO_OBJECTS_IN_VIEW,
47115361/892.673,,,NO_OBJECTS_IN_VIEW,
47115518/13297.099,,,NO_OBJECTS_IN_VIEW,
47115518/13302.496,,,NO_OBJECTS_IN_VIEW,
47115518/13307.994,,,NO_OBJECTS_IN_VIEW,
47115518/13313.492,,,NO_OBJECTS_IN_VIEW,
47115518/13318.990,,,NO_OBJECTS_IN_VIEW,
47115518/13335.483,,,NO_OBJECTS_IN_VIEW,
47115573/2566.329,,,NO_OBJECTS_IN_VIEW,
47115573/2574.125,,,NO_OBJECTS_IN_VIEW,
47115573/2582.022,,,NO_OBJECTS_IN_VIEW,
47115573/2589.919,,,NO_OBJECTS_IN_VIEW,
47115573/2597.815,,,NO_OBJECTS_IN_VIEW,
47115573/2605.729,,,NO_OBJECTS_IN_VIEW,
47115573/2613.626,,,NO_OBJECTS_IN_VIEW,
47115573/2621.522,,,NO_OBJECTS_IN_VIEW,
47115648/4772.177,,,NO_OBJECTS_IN_VIEW,
47115648/4784.073,,,NO_OBJECTS_IN_VIEW,
47115648/4796.068,,,NO_OBJECTS_IN_VIEW,
47115648/4807.963,,,NO_OBJECTS_IN_VIEW,
47115648/4819.958,,,NO_OBJECTS_IN_VIEW,
47115648/4831.970,,,NO_OBJECTS_IN_VIEW,
47115648/4843.865,,,NO_OBJECTS_IN_VIEW,
47115648/4855.861,,,NO_OBJECTS_IN_VIEW,
47115649/4878.185,,,NO_OBJECTS_IN_VIEW,
47115649/4890.164,,,NO_OBJECTS_IN_VIEW,
47115649/4902.259,,,NO_OBJECTS_IN_VIEW,
47115649/4914.371,,,NO_OBJECTS_IN_VIEW,
47115649/4926.466,,,NO_OBJECTS_IN_VIEW,
47115649/4938.462,,,NO_OBJECTS_IN_VIEW,
47115649/4950.573,,,NO_OBJECTS_IN_VIEW,
47115649/4962.669,,,NO_OBJECTS_IN_VIEW,
47204275/12623.506,,,NO_OBJECTS_IN_VIEW,
47204275/12628.487,,,NO_OBJECTS_IN_VIEW,
47204275/12633.485,,,NO_OBJECTS_IN_VIEW,
47204275/12638.483,,,NO_OBJECTS_IN_VIEW,
47204275/12643.481,,,NO_OBJECTS_IN_VIEW,
47204275/12648.479,,,NO_OBJECTS_IN_VIEW,
47204275/12653.477,,,NO_OBJECTS_IN_VIEW,
47204275/12658.475,,,NO_OBJECTS_IN_VIEW,
47204304/15069.703,,,NO_OBJECTS_IN_VIEW,
47204304/15078.899,,,NO_OBJECTS_IN_VIEW,
47204304/15087.995,,,NO_OBJECTS_IN_VIEW,
47204304/15106.288,,,NO_OBJECTS_IN_VIEW,
47204304/15115.400,,,NO_OBJECTS_IN_VIEW,
47204350/15524.354,,,NO_OBJECTS_IN_VIEW,
47204350/15557.341,,,NO_OBJECTS_IN_VIEW,
47204350/15565.538,,,NO_OBJECTS_IN_VIEW,
47204350/15573.851,,,NO_OBJECTS_IN_VIEW,
47204350/15582.048,,,NO_OBJECTS_IN_VIEW,
47204377/18039.344,,,NO_OBJECTS_IN_VIEW,
47204377/18048.640,,,NO_OBJECTS_IN_VIEW,
47204377/18057.836,,,NO_OBJECTS_IN_VIEW,
47204377/18076.446,,,NO_OBJECTS_IN_VIEW,
47204377/18085.642,,,NO_OBJECTS_IN_VIEW,
47204377/18094.938,,,NO_OBJECTS_IN_VIEW,
47204398/23841.702,,,NO_OBJECTS_IN_VIEW,
47204398/23847.299,,,NO_OBJECTS_IN_VIEW,
47204398/23852.897,,,NO_OBJECTS_IN_VIEW,
47204398/23858.495,,,NO_OBJECTS_IN_VIEW,
47204398/23864.192,,,NO_OBJECTS_IN_VIEW,
47204398/23869.790,,,NO_OBJECTS_IN_VIEW,
47204398/23875.388,,,NO_OBJECTS_IN_VIEW,
47204398/23880.985,,,NO_OBJECTS_IN_VIEW,
47204426/25773.188,,,NO_OBJECTS_IN_VIEW,
47204426/25774.271,,,NO_OBJECTS_IN_VIEW,
47204426/25775.370,,,NO_OBJECTS_IN_VIEW,
47204426/25776.470,,,NO_OBJECTS_IN_VIEW,
47204426/25777.669,,,NO_OBJECTS_IN_VIEW,
47204426/25778.769,,,NO_OBJECTS_IN_VIEW,
47204426/25779.868,,,NO_OBJECTS_IN_VIEW,
47204426/25780.968,,,NO_OBJECTS_IN_VIEW,
47204494/26260.158,,,NO_OBJECTS_IN_VIEW,
47204494/26264.440,,,NO_OBJECTS_IN_VIEW,
47204494/26268.738,,,NO_OBJECTS_IN_VIEW,
47204494/26273.137,,,NO_OBJECTS_IN_VIEW,
47204494/26277.435,,,NO_OBJECTS_IN_VIEW,
47204494/26281.733,,,NO_OBJECTS_IN_VIEW,
47204494/26290.446,,,NO_OBJECTS_IN_VIEW,
47204506/639.390,,,NO_OBJECTS_IN_VIEW,
47204506/649.586,,,NO_OBJECTS_IN_VIEW,
47204506/680.273,,,NO_OBJECTS_IN_VIEW,
47204506/690.486,,,NO_OBJECTS_IN_VIEW,
47204506/700.682,,,NO_OBJECTS_IN_VIEW,
47204506/710.877,,,NO_OBJECTS_IN_VIEW,
47204524/1555.508,,,NO_OBJECTS_IN_VIEW,
47204524/1563.888,,,NO_OBJECTS_IN_VIEW,
47204524/1572.385,,,NO_OBJECTS_IN_VIEW,
47204524/1580.798,,,NO_OBJECTS_IN_VIEW,
47204524/1589.294,,,NO_OBJECTS_IN_VIEW,
47204524/1597.791,,,NO_OBJECTS_IN_VIEW,
47204524/1606.187,,,NO_OBJECTS_IN_VIEW,
47204524/1614.684,,,NO_OBJECTS_IN_VIEW,
47204585/562.343,,,NO_OBJECTS_IN_VIEW,
47204585/576.538,,,NO_OBJECTS_IN_VIEW,
47204585/583.735,,,NO_OBJECTS_IN_VIEW,
47204585/590.832,,,NO_OBJECTS_IN_VIEW,
47204585/605.143,,,NO_OBJECTS_IN_VIEW,
47204585/612.240,,,NO_OBJECTS_IN_VIEW,
47204680/13268.509,,,NO_OBJECTS_IN_VIEW,
47204680/13272.591,,,NO_OBJECTS_IN_VIEW,
47204680/13280.887,,,NO_OBJECTS_IN_VIEW,
47204680/13285.102,,,NO_OBJECTS_IN_VIEW,
47204680/13289.201,,,NO_OBJECTS_IN_VIEW,
47204680/13293.399,,,NO_OBJECTS_IN_VIEW,
47204680/13297.497,,,NO_OBJECTS_IN_VIEW,
47204730/23371.850,,,NO_OBJECTS_IN_VIEW,
47204730/23382.345,,,NO_OBJECTS_IN_VIEW,
47204730/23392.941,,,NO_OBJECTS_IN_VIEW,
47204730/23403.536,,,NO_OBJECTS_IN_VIEW,
47204730/23414.132,,,NO_OBJECTS_IN_VIEW,
47204730/23424.744,,,NO_OBJECTS_IN_VIEW,
47204730/23435.340,,,NO_OBJECTS_IN_VIEW,
47204730/23445.936,,,NO_OBJECTS_IN_VIEW,
47204744/25303.431,,,NO_OBJECTS_IN_VIEW,
47204744/25316.808,,,NO_OBJECTS_IN_VIEW,
47204744/25330.303,,,NO_OBJECTS_IN_VIEW,
47204744/25343.697,,,NO_OBJECTS_IN_VIEW,
47204744/25357.208,,,NO_OBJECTS_IN_VIEW,
47204744/25370.703,,,NO_OBJECTS_IN_VIEW,
47204744/25384.097,,,NO_OBJECTS_IN_VIEW,
47204744/25397.608,,,NO_OBJECTS_IN_VIEW,
47204786/27288.704,,,NO_OBJECTS_IN_VIEW,
47204786/27303.198,,,NO_OBJECTS_IN_VIEW,
47204786/27317.692,,,NO_OBJECTS_IN_VIEW,
47204786/27332.186,,,NO_OBJECTS_IN_VIEW,
47204786/27346.796,,,NO_OBJECTS_IN_VIEW,
47204786/27361.290,,,NO_OBJECTS_IN_VIEW,
47204786/27375.784,,,NO_OBJECTS_IN_VIEW,
47204786/27390.295,,,NO_OBJECTS_IN_VIEW,
47204800/24083.349,,,NO_OBJECTS_IN_VIEW,
47204800/24095.644,,,NO_OBJECTS_IN_VIEW,
47204800/24101.859,,,NO_OBJECTS_IN_VIEW,
47204800/24108.056,,,NO_OBJECTS_IN_VIEW,
47204800/24114.154,,,NO_OBJECTS_IN_VIEW,
47204887/798.013,,,NO_OBJECTS_IN_VIEW,
47204887/803.194,,,NO_OBJECTS_IN_VIEW,
47204887/808.492,,,NO_OBJECTS_IN_VIEW,
47204887/813.690,,,NO_OBJECTS_IN_VIEW,
47204887/818.988,,,NO_OBJECTS_IN_VIEW,
47204887/824.186,,,NO_OBJECTS_IN_VIEW,
47204887/829.484,,,NO_OBJECTS_IN_VIEW,
47204887/834.682,,,NO_OBJECTS_IN_VIEW,
47204888/899.706,,,NO_OBJECTS_IN_VIEW,
47204888/907.486,,,NO_OBJECTS_IN_VIEW,
47204888/915.283,,,NO_OBJECTS_IN_VIEW,
47204888/923.097,,,NO_OBJECTS_IN_VIEW,
47204888/930.994,,,NO_OBJECTS_IN_VIEW,
47204888/938.790,,,NO_OBJECTS_IN_VIEW,
47204888/946.587,,,NO_OBJECTS_IN_VIEW,
47204888/954.384,,,NO_OBJECTS_IN_VIEW,
47204921/3673.219,,,NO_OBJECTS_IN_VIEW,
47204921/3679.000,,,NO_OBJECTS_IN_VIEW,
47204921/3684.815,,,NO_OBJECTS_IN_VIEW,
47204921/3690.712,,,NO_OBJECTS_IN_VIEW,
47204921/3696.510,,,NO_OBJECTS_IN_VIEW,
47204921/3702.308,,,NO_OBJECTS_IN_VIEW,
47204921/3708.205,,,NO_OBJECTS_IN_VIEW,
47204921/3714.003,,,NO_OBJECTS_IN_VIEW,
47330996/176997.223,,,NO_OBJECTS_IN_VIEW,
47330996/177006.302,,,NO_OBJECTS_IN_VIEW,
47330996/177015.399,,,NO_OBJECTS_IN_VIEW,
47330996/177024.511,,,NO_OBJECTS_IN_VIEW,
47330996/177033.708,,,NO_OBJECTS_IN_VIEW,
47330996/177042.804,,,NO_OBJECTS_IN_VIEW,
47330996/177051.900,,,NO_OBJECTS_IN_VIEW,
47331002/178666.247,,,NO_OBJECTS_IN_VIEW,
47331002/178683.141,,,NO_OBJECTS_IN_VIEW,
47331002/178688.838,,,NO_OBJECTS_IN_VIEW,
47331002/178694.436,,,NO_OBJECTS_IN_VIEW,
47331002/178700.134,,,NO_OBJECTS_IN_VIEW,
47331028/474654.166,,,NO_OBJECTS_IN_VIEW,
47331028/474680.639,,,NO_OBJECTS_IN_VIEW,
47331028/474720.439,,,NO_OBJECTS_IN_VIEW,
47331028/474733.650,,,NO_OBJECTS_IN_VIEW,
47331028/474746.945,,,NO_OBJECTS_IN_VIEW,
47331084/133814.230,,,NO_OBJECTS_IN_VIEW,
47331084/133835.005,,,NO_OBJECTS_IN_VIEW,
47331084/133855.796,,,NO_OBJECTS_IN_VIEW,
47331084/133876.605,,,NO_OBJECTS_IN_VIEW,
47331084/133897.396,,,NO_OBJECTS_IN_VIEW,
47331084/133918.204,,,NO_OBJECTS_IN_VIEW,
47331084/133938.996,,,NO_OBJECTS_IN_VIEW,
47331084/133959.804,,,NO_OBJECTS_IN_VIEW,
47331103/135697.596,,,NO_OBJECTS_IN_VIEW,
47331103/135736.497,,,NO_OBJECTS_IN_VIEW,
47331103/135775.398,,,NO_OBJECTS_IN_VIEW,
47331103/135814.299,,,NO_OBJECTS_IN_VIEW,
47331103/135853.200,,,NO_OBJECTS_IN_VIEW,
47331103/135892.084,,,NO_OBJECTS_IN_VIEW,
47331103/135930.985,,,NO_OBJECTS_IN_VIEW,
47331103/135969.886,,,NO_OBJECTS_IN_VIEW,
47331174/276429.218,,,NO_OBJECTS_IN_VIEW,
47331174/276435.116,,,NO_OBJECTS_IN_VIEW,
47331174/276441.113,,,NO_OBJECTS_IN_VIEW,
47331174/276447.111,,,NO_OBJECTS_IN_VIEW,
47331174/276453.108,,,NO_OBJECTS_IN_VIEW,
47331174/276459.106,,,NO_OBJECTS_IN_VIEW,
47331174/276465.120,,,NO_OBJECTS_IN_VIEW,
47331174/276471.118,,,NO_OBJECTS_IN_VIEW,
47331220/282449.125,,,NO_OBJECTS_IN_VIEW,
47331220/282454.323,,,NO_OBJECTS_IN_VIEW,
47331220/282464.736,,,NO_OBJECTS_IN_VIEW,
47331220/282469.933,,,NO_OBJECTS_IN_VIEW,
47331220/282475.131,,,NO_OBJECTS_IN_VIEW,
47331220/282480.329,,,NO_OBJECTS_IN_VIEW,
47331273/12821.173,,,NO_OBJECTS_IN_VIEW,
47331273/12843.164,,,NO_OBJECTS_IN_VIEW,
47331273/12865.172,,,NO_OBJECTS_IN_VIEW,
47331273/12887.163,,,NO_OBJECTS_IN_VIEW,
47331273/12909.171,,,NO_OBJECTS_IN_VIEW,
47331273/12931.162,,,NO_OBJECTS_IN_VIEW,
47331273/12953.169,,,NO_OBJECTS_IN_VIEW,
47331273/12975.160,,,NO_OBJECTS_IN_VIEW,
47331292/14586.988,,,NO_OBJECTS_IN_VIEW,
47331292/14604.164,,,NO_OBJECTS_IN_VIEW,
47331292/14628.871,,,NO_OBJECTS_IN_VIEW,
47331292/14641.166,,,NO_OBJECTS_IN_VIEW,
47331292/14653.461,,,NO_OBJECTS_IN_VIEW,
47331292/14665.872,,,NO_OBJECTS_IN_VIEW,
47331292/14678.167,,,NO_OBJECTS_IN_VIEW,
47331294/14691.978,,,NO_OBJECTS_IN_VIEW,
47331294/14739.359,,,NO_OBJECTS_IN_VIEW,
47331294/14755.169,,,NO_OBJECTS_IN_VIEW,
47331294/14770.962,,,NO_OBJECTS_IN_VIEW,
47331294/14786.773,,,NO_OBJECTS_IN_VIEW,
47331294/14802.566,,,NO_OBJECTS_IN_VIEW,
47331396/200271.226,,,NO_OBJECTS_IN_VIEW,
47331396/200275.624,,,NO_OBJECTS_IN_VIEW,
47331396/200280.122,,,NO_OBJECTS_IN_VIEW,
47331396/200289.019,,,NO_OBJECTS_IN_VIEW,
47331396/200293.533,,,NO_OBJECTS_IN_VIEW,
47331396/200297.932,,,NO_OBJECTS_IN_VIEW,
47331396/200302.430,,,NO_OBJECTS_IN_VIEW,
47331397/200223.928,,,NO_OBJECTS_IN_VIEW,
47331397/200228.627,,,NO_OBJECTS_IN_VIEW,
47331397/200233.424,,,NO_OBJECTS_IN_VIEW,
47331397/200238.123,,,NO_OBJECTS_IN_VIEW,
47331397/200247.619,,,NO_OBJECTS_IN_VIEW,
47331397/200252.434,,,NO_OBJECTS_IN_VIEW,
47331397/200257.132,,,NO_OBJECTS_IN_VIEW,
47331409/201620.156,,,NO_OBJECTS_IN_VIEW,
47331409/201626.836,,,NO_OBJECTS_IN_VIEW,
47331409/201633.534,,,NO_OBJECTS_IN_VIEW,
47331409/201640.231,,,NO_OBJECTS_IN_VIEW,
47331409/201646.928,,,NO_OBJECTS_IN_VIEW,
47331409/201653.642,,,NO_OBJECTS_IN_VIEW,
47331409/201667.037,,,NO_OBJECTS_IN_VIEW,
47331432/546034.829,,,NO_OBJECTS_IN_VIEW,
47331432/546045.325,,,NO_OBJECTS_IN_VIEW,
47331432/546055.937,,,NO_OBJECTS_IN_VIEW,
47331432/546066.433,,,NO_OBJECTS_IN_VIEW,
47331432/546077.029,,,NO_OBJECTS_IN_VIEW,
47331432/546087.525,,,NO_OBJECTS_IN_VIEW,
47331491/153048.654,,,NO_OBJECTS_IN_VIEW,
47331491/153069.729,,,NO_OBJECTS_IN_VIEW,
47331491/153090.937,,,NO_OBJECTS_IN_VIEW,
47331491/153112.128,,,NO_OBJECTS_IN_VIEW,
47331491/153133.336,,,NO_OBJECTS_IN_VIEW,
47331491/153154.444,,,NO_OBJECTS_IN_VIEW,
47331491/153196.827,,,NO_OBJECTS_IN_VIEW,
47331508/155108.552,,,NO_OBJECTS_IN_VIEW,
47331508/155120.030,,,NO_OBJECTS_IN_VIEW,
47331508/155131.526,,,NO_OBJECTS_IN_VIEW,
47331508/155143.021,,,NO_OBJECTS_IN_VIEW,
47331508/155154.533,,,NO_OBJECTS_IN_VIEW,
47331508/155166.028,,,NO_OBJECTS_IN_VIEW,
47331508/155177.524,,,NO_OBJECTS_IN_VIEW,
47331508/155189.036,,,NO_OBJECTS_IN_VIEW,
47331522/190745.121,,,NO_OBJECTS_IN_VIEW,
47331522/190757.100,,,NO_OBJECTS_IN_VIEW,
47331522/190769.195,,,NO_OBJECTS_IN_VIEW,
47331522/190775.193,,,NO_OBJECTS_IN_VIEW,
47331522/190787.288,,,NO_OBJECTS_IN_VIEW,
47331527/191785.117,,,NO_OBJECTS_IN_VIEW,
47331527/191790.515,,,NO_OBJECTS_IN_VIEW,
47331527/191801.510,,,NO_OBJECTS_IN_VIEW,
47331527/191807.008,,,NO_OBJECTS_IN_VIEW,
47331527/191818.004,,,NO_OBJECTS_IN_VIEW,
47331536/4394.606,,,NO_OBJECTS_IN_VIEW,
47331536/4407.201,,,NO_OBJECTS_IN_VIEW,
47331536/4419.896,,,NO_OBJECTS_IN_VIEW,
47331536/4432.490,,,NO_OBJECTS_IN_VIEW,
47331536/4445.202,,,NO_OBJECTS_IN_VIEW,
47331536/4470.492,,,NO_OBJECTS_IN_VIEW,
47331536/4483.104,,,NO_OBJECTS_IN_VIEW,
47331558/9797.969,,,NO_OBJECTS_IN_VIEW,
47331558/9804.150,,,NO_OBJECTS_IN_VIEW,
47331558/9810.348,,,NO_OBJECTS_IN_VIEW,
47331558/9816.545,,,NO_OBJECTS_IN_VIEW,
47331558/9822.743,,,NO_OBJECTS_IN_VIEW,
47331558/9835.154,,,NO_OBJECTS_IN_VIEW,
47331558/9841.352,,,NO_OBJECTS_IN_VIEW,
47331573/13600.072,,,NO_OBJECTS_IN_VIEW,
47331573/13615.765,,,NO_OBJECTS_IN_VIEW,
47331573/13631.576,,,NO_OBJECTS_IN_VIEW,
47331573/13647.269,,,NO_OBJECTS_IN_VIEW,
47331573/13663.063,,,NO_OBJECTS_IN_VIEW,
47331573/13678.873,,,NO_OBJECTS_IN_VIEW,
47331573/13710.360,,,NO_OBJECTS_IN_VIEW,
47331598/17024.490,,,NO_OBJECTS_IN_VIEW,
47331598/17034.586,,,NO_OBJECTS_IN_VIEW,
47331598/17044.682,,,NO_OBJECTS_IN_VIEW,
47331621/19336.640,,,NO_OBJECTS_IN_VIEW,
47331621/19362.729,,,NO_OBJECTS_IN_VIEW,
47331621/19371.426,,,NO_OBJECTS_IN_VIEW,
47331621/19380.122,,,NO_OBJECTS_IN_VIEW,
47331621/19388.819,,,NO_OBJECTS_IN_VIEW,
47331621/19397.532,,,NO_OBJECTS_IN_VIEW,
47331631/19982.967,,,NO_OBJECTS_IN_VIEW,
47331631/19992.164,,,NO_OBJECTS_IN_VIEW,
47331631/20001.460,,,NO_OBJECTS_IN_VIEW,
47331631/20010.756,,,NO_OBJECTS_IN_VIEW,
47331631/20020.052,,,NO_OBJECTS_IN_VIEW,
47331631/20029.349,,,NO_OBJECTS_IN_VIEW,
47331631/20038.661,,,NO_OBJECTS_IN_VIEW,
47331684/6397.328,,,NO_OBJECTS_IN_VIEW,
47331684/6411.423,,,NO_OBJECTS_IN_VIEW,
47331684/6425.517,,,NO_OBJECTS_IN_VIEW,
47331684/6439.611,,,NO_OBJECTS_IN_VIEW,
47331684/6453.822,,,NO_OBJECTS_IN_VIEW,
47331684/6467.916,,,NO_OBJECTS_IN_VIEW,
47331684/6482.011,,,NO_OBJECTS_IN_VIEW,
47331684/6496.122,,,NO_OBJECTS_IN_VIEW,
47331705/9720.353,,,NO_OBJECTS_IN_VIEW,
47331705/9730.148,,,NO_OBJECTS_IN_VIEW,
47331705/9739.944,,,NO_OBJECTS_IN_VIEW,
47331705/9759.553,,,NO_OBJECTS_IN_VIEW,
47331705/9769.349,,,NO_OBJECTS_IN_VIEW,
47331710/11183.541,,,NO_OBJECTS_IN_VIEW,
47331710/11191.638,,,NO_OBJECTS_IN_VIEW,
47331771/8405.631,,,NO_OBJECTS_IN_VIEW,
47331771/8412.928,,,NO_OBJECTS_IN_VIEW,
47331771/8420.225,,,NO_OBJECTS_IN_VIEW,
47331771/8434.819,,,NO_OBJECTS_IN_VIEW,
47331771/8442.133,,,NO_OBJECTS_IN_VIEW,
47331771/8449.430,,,NO_OBJECTS_IN_VIEW,
47331771/8456.727,,,NO_OBJECTS_IN_VIEW,
47331819/228722.590,,,NO_OBJECTS_IN_VIEW,
47331819/228732.270,,,NO_OBJECTS_IN_VIEW,
47331819/228742.066,,,NO_OBJECTS_IN_VIEW,
47331819/228746.964,,,NO_OBJECTS_IN_VIEW,
47331819/228751.862,,,NO_OBJECTS_IN_VIEW,
47331878/621220.425,,,NO_OBJECTS_IN_VIEW,
47331878/621225.123,,,NO_OBJECTS_IN_VIEW,
47331878/621234.719,,,NO_OBJECTS_IN_VIEW,
47331878/621239.517,,,NO_OBJECTS_IN_VIEW,
47331878/621244.215,,,NO_OBJECTS_IN_VIEW,
47331878/621249.013,,,NO_OBJECTS_IN_VIEW,
47331878/621253.811,,,NO_OBJECTS_IN_VIEW,
47331891/623206.875,,,NO_OBJECTS_IN_VIEW,
47331891/623212.356,,,NO_OBJECTS_IN_VIEW,
47331891/623223.452,,,NO_OBJECTS_IN_VIEW,
47331891/623229.049,,,NO_OBJECTS_IN_VIEW,
47331894/624482.069,,,NO_OBJECTS_IN_VIEW,
47331894/624491.665,,,NO_OBJECTS_IN_VIEW,
47331894/624501.261,,,NO_OBJECTS_IN_VIEW,
47331894/624510.857,,,NO_OBJECTS_IN_VIEW,
47331894/624520.453,,,NO_OBJECTS_IN_VIEW,
47331894/624530.049,,,NO_OBJECTS_IN_VIEW,
47331894/624539.662,,,NO_OBJECTS_IN_VIEW,
47331894/624549.258,,,NO_OBJECTS_IN_VIEW,
47331910/627501.220,,,NO_OBJECTS_IN_VIEW,
47331910/627513.099,,,NO_OBJECTS_IN_VIEW,
47331910/627524.994,,,NO_OBJECTS_IN_VIEW,
47331910/627536.889,,,NO_OBJECTS_IN_VIEW,
47331910/627548.801,,,NO_OBJECTS_IN_VIEW,
47331910/627560.696,,,NO_OBJECTS_IN_VIEW,
47331910/627572.591,,,NO_OBJECTS_IN_VIEW,
47331910/627584.486,,,NO_OBJECTS_IN_VIEW,
47331934/163442.220,,,NO_OBJECTS_IN_VIEW,
47331934/163494.115,,,NO_OBJECTS_IN_VIEW,
47331934/163546.111,,,NO_OBJECTS_IN_VIEW,
47331934/163572.000,,,NO_OBJECTS_IN_VIEW,
47331934/163598.006,,,NO_OBJECTS_IN_VIEW,
47331934/163624.013,,,NO_OBJECTS_IN_VIEW,
47331936/164575.042,,,NO_OBJECTS_IN_VIEW,
47331936/164593.635,,,NO_OBJECTS_IN_VIEW,
47331936/164602.931,,,NO_OBJECTS_IN_VIEW,
47331936/164612.344,,,NO_OBJECTS_IN_VIEW,
47331936/164621.640,,,NO_OBJECTS_IN_VIEW,
47331936/164630.937,,,NO_OBJECTS_IN_VIEW,
47331936/164640.233,,,NO_OBJECTS_IN_VIEW,
47331947/165263.160,,,NO_OBJECTS_IN_VIEW,
47331947/165283.835,,,NO_OBJECTS_IN_VIEW,
47331947/165294.147,,,NO_OBJECTS_IN_VIEW,
47331947/165304.543,,,NO_OBJECTS_IN_VIEW,
47331947/165314.839,,,NO_OBJECTS_IN_VIEW,
47331947/165325.235,,,NO_OBJECTS_IN_VIEW,
47331947/165335.547,,,NO_OBJECTS_IN_VIEW,
47332015/200852.670,,,NO_OBJECTS_IN_VIEW,
47332015/200865.265,,,NO_OBJECTS_IN_VIEW,
47332015/200877.860,,,NO_OBJECTS_IN_VIEW,
47332015/200896.769,,,NO_OBJECTS_IN_VIEW,
47332025/202599.917,,,NO_OBJECTS_IN_VIEW,
47332025/202644.915,,,NO_OBJECTS_IN_VIEW,
47332025/202674.919,,,NO_OBJECTS_IN_VIEW,
47332063/247497.994,,,NO_OBJECTS_IN_VIEW,
47332063/247507.774,,,NO_OBJECTS_IN_VIEW,
47332063/247517.670,,,NO_OBJECTS_IN_VIEW,
47332063/247527.483,,,NO_OBJECTS_IN_VIEW,
47332063/247537.378,,,NO_OBJECTS_IN_VIEW,
47332063/247547.274,,,NO_OBJECTS_IN_VIEW,
47332063/247566.967,,,NO_OBJECTS_IN_VIEW,
47332080/251427.170,,,NO_OBJECTS_IN_VIEW,
47332080/251432.651,,,NO_OBJECTS_IN_VIEW,
47332080/251443.746,,,NO_OBJECTS_IN_VIEW,
47332080/251449.244,,,NO_OBJECTS_IN_VIEW,
47332080/251454.742,,,NO_OBJECTS_IN_VIEW,
47332080/251460.340,,,NO_OBJECTS_IN_VIEW,
47332080/251465.837,,,NO_OBJECTS_IN_VIEW,
47332081/251774.403,,,NO_OBJECTS_IN_VIEW,
47332081/251781.800,,,NO_OBJECTS_IN_VIEW,
47332081/251789.197,,,NO_OBJECTS_IN_VIEW,
47332081/251796.594,,,NO_OBJECTS_IN_VIEW,
47332081/251803.991,,,NO_OBJECTS_IN_VIEW,
47332081/251811.404,,,NO_OBJECTS_IN_VIEW,
47332081/251818.801,,,NO_OBJECTS_IN_VIEW,
47332177/262443.053,,,NO_OBJECTS_IN_VIEW,
47332177/262471.142,,,NO_OBJECTS_IN_VIEW,
47332177/262485.236,,,NO_OBJECTS_IN_VIEW,
47332177/262499.330,,,NO_OBJECTS_IN_VIEW,
47332177/262513.341,,,NO_OBJECTS_IN_VIEW,
47332177/262527.436,,,NO_OBJECTS_IN_VIEW,
47332197/263635.576,,,NO_OBJECTS_IN_VIEW,
47332197/263642.656,,,NO_OBJECTS_IN_VIEW,
47332197/263649.854,,,NO_OBJECTS_IN_VIEW,
47332197/263656.967,,,NO_OBJECTS_IN_VIEW,
47332197/263664.165,,,NO_OBJECTS_IN_VIEW,
47332197/263671.362,,,NO_OBJECTS_IN_VIEW,
47332197/263678.459,,,NO_OBJECTS_IN_VIEW,
47332197/263685.656,,,NO_OBJECTS_IN_VIEW,
47332232/755586.459,,,NO_OBJECTS_IN_VIEW,
47332232/755592.140,,,NO_OBJECTS_IN_VIEW,
47332232/755597.854,,,NO_OBJECTS_IN_VIEW,
47332232/755609.250,,,NO_OBJECTS_IN_VIEW,
47332232/755614.948,,,NO_OBJECTS_IN_VIEW,
47332232/755620.645,,,NO_OBJECTS_IN_VIEW,
47332232/755626.343,,,NO_OBJECTS_IN_VIEW,
47332241/756758.451,,,NO_OBJECTS_IN_VIEW,
47332241/756766.730,,,NO_OBJECTS_IN_VIEW,
47332241/756791.637,,,NO_OBJECTS_IN_VIEW,
47332241/756799.934,,,NO_OBJECTS_IN_VIEW,
47332241/756808.230,,,NO_OBJECTS_IN_VIEW,
47332241/756816.527,,,NO_OBJECTS_IN_VIEW,
47332301/386182.423,,,NO_OBJECTS_IN_VIEW,
47332301/386186.705,,,NO_OBJECTS_IN_VIEW,
47332301/386191.003,,,NO_OBJECTS_IN_VIEW,
47332301/386195.301,,,NO_OBJECTS_IN_VIEW,
47332301/386199.599,,,NO_OBJECTS_IN_VIEW,
47332301/386203.898,,,NO_OBJECTS_IN_VIEW,
47332301/386208.213,,,NO_OBJECTS_IN_VIEW,
47332301/386212.511,,,NO_OBJECTS_IN_VIEW,
47332326/810199.678,,,NO_OBJECTS_IN_VIEW,
47332326/810204.376,,,NO_OBJECTS_IN_VIEW,
47332384/398578.861,,,NO_OBJECTS_IN_VIEW,
47332384/398585.142,,,NO_OBJECTS_IN_VIEW,
47332384/398591.539,,,NO_OBJECTS_IN_VIEW,
47332384/398597.837,,,NO_OBJECTS_IN_VIEW,
47332384/398604.234,,,NO_OBJECTS_IN_VIEW,
47332384/398610.632,,,NO_OBJECTS_IN_VIEW,
47332384/398623.343,,,NO_OBJECTS_IN_VIEW,
47332397/401409.449,,,NO_OBJECTS_IN_VIEW,
47332397/401417.529,,,NO_OBJECTS_IN_VIEW,
47332397/401433.922,,,NO_OBJECTS_IN_VIEW,
47332397/401442.119,,,NO_OBJECTS_IN_VIEW,
47332397/401450.332,,,NO_OBJECTS_IN_VIEW,
47332397/401458.529,,,NO_OBJECTS_IN_VIEW,
47332418/407233.413,,,NO_OBJECTS_IN_VIEW,
47332418/407237.595,,,NO_OBJECTS_IN_VIEW,
47332418/407241.893,,,NO_OBJECTS_IN_VIEW,
47332418/407246.191,,,NO_OBJECTS_IN_VIEW,
47332418/407250.489,,,NO_OBJECTS_IN_VIEW,
47332418/407254.788,,,NO_OBJECTS_IN_VIEW,
47332418/407259.086,,,NO_OBJECTS_IN_VIEW,
47332418/407263.384,,,NO_OBJECTS_IN_VIEW,
47332454/883523.651,,,NO_OBJECTS_IN_VIEW,
47332454/883532.931,,,NO_OBJECTS_IN_VIEW,
47332454/883542.227,,,NO_OBJECTS_IN_VIEW,
47332454/883551.540,,,NO_OBJECTS_IN_VIEW,
47332454/883570.132,,,NO_OBJECTS_IN_VIEW,
47332454/883588.725,,,NO_OBJECTS_IN_VIEW,
47332501/342361.845,,,NO_OBJECTS_IN_VIEW,
47332501/342367.327,,,NO_OBJECTS_IN_VIEW,
47332501/342372.824,,,NO_OBJECTS_IN_VIEW,
47332501/342378.322,,,NO_OBJECTS_IN_VIEW,
47332501/342383.820,,,NO_OBJECTS_IN_VIEW,
47332501/342389.318,,,NO_OBJECTS_IN_VIEW,
47332501/342394.816,,,NO_OBJECTS_IN_VIEW,
47332501/342400.330,,,NO_OBJECTS_IN_VIEW,
47332505/343935.798,,,NO_OBJECTS_IN_VIEW,
47332505/343939.996,,,NO_OBJECTS_IN_VIEW,
47332505/343944.294,,,NO_OBJECTS_IN_VIEW,
47332505/343948.493,,,NO_OBJECTS_IN_VIEW,
47332505/343952.791,,,NO_OBJECTS_IN_VIEW,
47332505/343956.989,,,NO_OBJECTS_IN_VIEW,
47332505/343961.287,,,NO_OBJECTS_IN_VIEW,
47332505/343965.486,,,NO_OBJECTS_IN_VIEW,
47332508/343863.710,,,NO_OBJECTS_IN_VIEW,
47332508/343877.588,,,NO_OBJECTS_IN_VIEW,
47332508/343884.485,,,NO_OBJECTS_IN_VIEW,
47332508/343891.499,,,NO_OBJECTS_IN_VIEW,
47332508/343898.496,,,NO_OBJECTS_IN_VIEW,
47332508/343905.393,,,NO_OBJECTS_IN_VIEW,
47332508/343912.390,,,NO_OBJECTS_IN_VIEW,
47332519/415948.479,,,NO_OBJECTS_IN_VIEW,
47332519/415955.559,,,NO_OBJECTS_IN_VIEW,
47332519/415977.167,,,NO_OBJECTS_IN_VIEW,
47332519/415991.561,,,NO_OBJECTS_IN_VIEW,
47332519/415998.758,,,NO_OBJECTS_IN_VIEW,
47332605/363316.851,,,NO_OBJECTS_IN_VIEW,
47332605/363322.732,,,NO_OBJECTS_IN_VIEW,
47332605/363328.729,,,NO_OBJECTS_IN_VIEW,
47332605/363334.744,,,NO_OBJECTS_IN_VIEW,
47332605/363340.741,,,NO_OBJECTS_IN_VIEW,
47332605/363346.739,,,NO_OBJECTS_IN_VIEW,
47332605/363358.734,,,NO_OBJECTS_IN_VIEW,
47332636/366999.702,,,NO_OBJECTS_IN_VIEW,
47332636/367008.298,,,NO_OBJECTS_IN_VIEW,
47332636/367016.995,,,NO_OBJECTS_IN_VIEW,
47332636/367021.293,,,NO_OBJECTS_IN_VIEW,
47332636/367025.591,,,NO_OBJECTS_IN_VIEW,
47332636/367029.890,,,NO_OBJECTS_IN_VIEW,
47332648/369085.681,,,NO_OBJECTS_IN_VIEW,
47332648/369092.678,,,NO_OBJECTS_IN_VIEW,
47332648/369099.692,,,NO_OBJECTS_IN_VIEW,
47332653/369015.493,,,NO_OBJECTS_IN_VIEW,
47332653/369021.291,,,NO_OBJECTS_IN_VIEW,
47332653/369027.089,,,NO_OBJECTS_IN_VIEW,
47332653/369032.886,,,NO_OBJECTS_IN_VIEW,
47332653/369038.684,,,NO_OBJECTS_IN_VIEW,
47332653/369044.481,,,NO_OBJECTS_IN_VIEW,
47332705/109805.760,,,NO_OBJECTS_IN_VIEW,
47332705/109828.934,,,NO_OBJECTS_IN_VIEW,
47332705/109833.632,,,NO_OBJECTS_IN_VIEW,
47332778/44555.075,,,NO_OBJECTS_IN_VIEW,
47332778/44572.768,,,NO_OBJECTS_IN_VIEW,
47332778/44590.461,,,NO_OBJECTS_IN_VIEW,
47332778/44608.170,,,NO_OBJECTS_IN_VIEW,
47332778/44625.963,,,NO_OBJECTS_IN_VIEW,
47332778/44661.365,,,NO_OBJECTS_IN_VIEW,
47332778/44679.075,,,NO_OBJECTS_IN_VIEW,
47332792/47309.438,,,NO_OBJECTS_IN_VIEW,
47332792/47318.717,,,NO_OBJECTS_IN_VIEW,
47332792/47337.410,,,NO_OBJECTS_IN_VIEW,
47332792/47346.823,,,NO_OBJECTS_IN_VIEW,
47332792/47356.119,,,NO_OBJECTS_IN_VIEW,
47332792/47374.811,,,NO_OBJECTS_IN_VIEW,
47332819/48882.015,,,NO_OBJECTS_IN_VIEW,
47332819/48893.210,,,NO_OBJECTS_IN_VIEW,
47332819/48904.323,,,NO_OBJECTS_IN_VIEW,
47332819/48915.418,,,NO_OBJECTS_IN_VIEW,
47332819/48926.613,,,NO_OBJECTS_IN_VIEW,
47332834/32752.844,,,NO_OBJECTS_IN_VIEW,
47332834/32763.023,,,NO_OBJECTS_IN_VIEW,
47332834/32768.137,,,NO_OBJECTS_IN_VIEW,
47332834/32773.335,,,NO_OBJECTS_IN_VIEW,
47332834/32778.433,,,NO_OBJECTS_IN_VIEW,
47332834/32783.531,,,NO_OBJECTS_IN_VIEW,
47332837/32874.444,,,NO_OBJECTS_IN_VIEW,
47332837/32888.222,,,NO_OBJECTS_IN_VIEW,
47332837/32895.236,,,NO_OBJECTS_IN_VIEW,
47332837/32909.030,,,NO_OBJECTS_IN_VIEW,
47332837/32916.027,,,NO_OBJECTS_IN_VIEW,
47332837/32922.924,,,NO_OBJECTS_IN_VIEW,
47332986/124465.400,,,NO_OBJECTS_IN_VIEW,
47332986/124495.888,,,NO_OBJECTS_IN_VIEW,
47332986/124506.084,,,NO_OBJECTS_IN_VIEW,
47332986/124516.196,,,NO_OBJECTS_IN_VIEW,
47332986/124526.392,,,NO_OBJECTS_IN_VIEW,
47332990/125263.905,,,NO_OBJECTS_IN_VIEW,
47332990/125271.102,,,NO_OBJECTS_IN_VIEW,
47332990/125285.513,,,NO_OBJECTS_IN_VIEW,
47332990/125292.610,,,NO_OBJECTS_IN_VIEW,
47332990/125299.807,,,NO_OBJECTS_IN_VIEW,
47332990/125307.004,,,NO_OBJECTS_IN_VIEW,
47333000/128223.145,,,NO_OBJECTS_IN_VIEW,
47333000/128230.626,,,NO_OBJECTS_IN_VIEW,
47333000/128245.720,,,NO_OBJECTS_IN_VIEW,
47333000/128253.233,,,NO_OBJECTS_IN_VIEW,
47333000/128260.730,,,NO_OBJECTS_IN_VIEW,
47333000/128268.327,,,NO_OBJECTS_IN_VIEW,
47333000/128275.824,,,NO_OBJECTS_IN_VIEW,
47333053/60063.016,,,NO_OBJECTS_IN_VIEW,
47333053/60097.202,,,NO_OBJECTS_IN_VIEW,
47333053/60105.699,,,NO_OBJECTS_IN_VIEW,
47333053/60114.312,,,NO_OBJECTS_IN_VIEW,
47333053/60122.808,,,NO_OBJECTS_IN_VIEW,
47333055/60231.331,,,NO_OBJECTS_IN_VIEW,
47333055/60253.805,,,NO_OBJECTS_IN_VIEW,
47333055/60276.296,,,NO_OBJECTS_IN_VIEW,
47333055/60298.804,,,NO_OBJECTS_IN_VIEW,
47333055/60321.311,,,NO_OBJECTS_IN_VIEW,
47333055/60343.802,,,NO_OBJECTS_IN_VIEW,
47333055/60366.310,,,NO_OBJECTS_IN_VIEW,
47333058/60892.406,,,NO_OBJECTS_IN_VIEW,
47333058/60906.084,,,NO_OBJECTS_IN_VIEW,
47333058/60919.778,,,NO_OBJECTS_IN_VIEW,
47333058/60933.489,,,NO_OBJECTS_IN_VIEW,
47333058/60947.184,,,NO_OBJECTS_IN_VIEW,
47333058/60960.878,,,NO_OBJECTS_IN_VIEW,
47333058/60974.589,,,NO_OBJECTS_IN_VIEW,
47333058/60988.284,,,NO_OBJECTS_IN_VIEW,
47333061/60739.102,,,NO_OBJECTS_IN_VIEW,
47333061/60746.282,,,NO_OBJECTS_IN_VIEW,
47333061/60753.479,,,NO_OBJECTS_IN_VIEW,
47333061/60760.776,,,NO_OBJECTS_IN_VIEW,
47333061/60767.990,,,NO_OBJECTS_IN_VIEW,
47333061/60775.187,,,NO_OBJECTS_IN_VIEW,
47333061/60782.484,,,NO_OBJECTS_IN_VIEW,
47333061/60789.681,,,NO_OBJECTS_IN_VIEW,
47333110/108768.508,,,NO_OBJECTS_IN_VIEW,
47333110/108779.904,,,NO_OBJECTS_IN_VIEW,
47333110/108814.207,,,NO_OBJECTS_IN_VIEW,
47333110/108848.509,,,NO_OBJECTS_IN_VIEW,
47333133/39342.498,,,NO_OBJECTS_IN_VIEW,
47333133/39349.196,,,NO_OBJECTS_IN_VIEW,
47333133/39355.993,,,NO_OBJECTS_IN_VIEW,
47333133/39362.790,,,NO_OBJECTS_IN_VIEW,
47333133/39369.587,,,NO_OBJECTS_IN_VIEW,
47333133/39376.285,,,NO_OBJECTS_IN_VIEW,
47333133/39389.896,,,NO_OBJECTS_IN_VIEW,
47333175/44082.890,,,NO_OBJECTS_IN_VIEW,
47333175/44088.887,,,NO_OBJECTS_IN_VIEW,
47333175/44094.885,,,NO_OBJECTS_IN_VIEW,
47333175/44100.882,,,NO_OBJECTS_IN_VIEW,
47333175/44106.880,,,NO_OBJECTS_IN_VIEW,
47333175/44112.894,,,NO_OBJECTS_IN_VIEW,
47333175/44118.892,,,NO_OBJECTS_IN_VIEW,
47333175/44124.889,,,NO_OBJECTS_IN_VIEW,
47333239/32180.114,,,NO_OBJECTS_IN_VIEW,
47333239/32210.185,,,NO_OBJECTS_IN_VIEW,
47333239/32230.177,,,NO_OBJECTS_IN_VIEW,
47333239/32240.289,,,NO_OBJECTS_IN_VIEW,
47333277/24287.549,,,NO_OBJECTS_IN_VIEW,
47333277/24345.625,,,NO_OBJECTS_IN_VIEW,
47333277/24374.730,,,NO_OBJECTS_IN_VIEW,
47333277/24403.818,,,NO_OBJECTS_IN_VIEW,
47333277/24461.928,,,NO_OBJECTS_IN_VIEW,
47333277/24491.016,,,NO_OBJECTS_IN_VIEW,
47333298/26559.459,,,NO_OBJECTS_IN_VIEW,
47333298/26578.151,,,NO_OBJECTS_IN_VIEW,
47333298/26596.843,,,NO_OBJECTS_IN_VIEW,
47333298/26615.652,,,NO_OBJECTS_IN_VIEW,
47333298/26671.846,,,NO_OBJECTS_IN_VIEW,
47333298/26690.555,,,NO_OBJECTS_IN_VIEW,
47333357/32027.521,,,NO_OBJECTS_IN_VIEW,
47333357/32041.599,,,NO_OBJECTS_IN_VIEW,
47333357/32055.810,,,NO_OBJECTS_IN_VIEW,
47333357/32069.904,,,NO_OBJECTS_IN_VIEW,
47333357/32084.098,,,NO_OBJECTS_IN_VIEW,
47333357/32098.309,,,NO_OBJECTS_IN_VIEW,
47333357/32112.403,,,NO_OBJECTS_IN_VIEW,
47333357/32126.598,,,NO_OBJECTS_IN_VIEW,
47333462/57352.888,,,NO_OBJECTS_IN_VIEW,
47333462/57367.782,,,NO_OBJECTS_IN_VIEW,
47333462/57375.179,,,NO_OBJECTS_IN_VIEW,
47333462/57382.676,,,NO_OBJECTS_IN_VIEW,
47333462/57390.090,,,NO_OBJECTS_IN_VIEW,
47333462/57397.586,,,NO_OBJECTS_IN_VIEW,
47333462/57404.983,,,NO_OBJECTS_IN_VIEW,
47333493/62484.024,,,NO_OBJECTS_IN_VIEW,
47333493/62503.116,,,NO_OBJECTS_IN_VIEW,
47333493/62522.308,,,NO_OBJECTS_IN_VIEW,
47333493/62541.417,,,NO_OBJECTS_IN_VIEW,
47333493/62560.610,,,NO_OBJECTS_IN_VIEW,
47333493/62579.719,,,NO_OBJECTS_IN_VIEW,
47333493/62598.911,,,NO_OBJECTS_IN_VIEW,
47333624/77057.487,,,NO_OBJECTS_IN_VIEW,
47333624/77079.878,,,NO_OBJECTS_IN_VIEW,
47333624/77124.776,,,NO_OBJECTS_IN_VIEW,
47333624/77147.284,,,NO_OBJECTS_IN_VIEW,
47333624/77169.691,,,NO_OBJECTS_IN_VIEW,
47333624/77192.182,,,NO_OBJECTS_IN_VIEW,
47333624/77214.590,,,NO_OBJECTS_IN_VIEW,
47333653/126269.252,,,NO_OBJECTS_IN_VIEW,
47333653/126279.231,,,NO_OBJECTS_IN_VIEW,
47333653/126289.344,,,NO_OBJECTS_IN_VIEW,
47333653/126299.340,,,NO_OBJECTS_IN_VIEW,
47333653/126329.544,,,NO_OBJECTS_IN_VIEW,
47333670/133932.892,,,NO_OBJECTS_IN_VIEW,
47333670/133956.882,,,NO_OBJECTS_IN_VIEW,
47333670/133968.977,,,NO_OBJECTS_IN_VIEW,
47333670/133980.972,,,NO_OBJECTS_IN_VIEW,
47333670/134005.079,,,NO_OBJECTS_IN_VIEW,
47333670/134017.074,,,NO_OBJECTS_IN_VIEW,
47333674/134142.573,,,NO_OBJECTS_IN_VIEW,
47333674/134178.975,,,NO_OBJECTS_IN_VIEW,
47333674/134197.184,,,NO_OBJECTS_IN_VIEW,
47333674/134233.570,,,NO_OBJECTS_IN_VIEW,
47333686/47637.372,,,NO_OBJECTS_IN_VIEW,
47333686/47641.853,,,NO_OBJECTS_IN_VIEW,
47333686/47646.351,,,NO_OBJECTS_IN_VIEW,
47333686/47650.866,,,NO_OBJECTS_IN_VIEW,
47333686/47655.465,,,NO_OBJECTS_IN_VIEW,
47333686/47659.963,,,NO_OBJECTS_IN_VIEW,
47333686/47668.959,,,NO_OBJECTS_IN_VIEW,
47333698/48421.748,,,NO_OBJECTS_IN_VIEW,
47333698/48421.848,,,NO_OBJECTS_IN_VIEW,
47333698/48422.047,,,NO_OBJECTS_IN_VIEW,
47333698/48422.147,,,NO_OBJECTS_IN_VIEW,
47333698/48422.347,,,NO_OBJECTS_IN_VIEW,
47333698/48422.547,,,NO_OBJECTS_IN_VIEW,
47333698/48422.647,,,NO_OBJECTS_IN_VIEW,
47333698/48422.847,,,NO_OBJECTS_IN_VIEW,
47333699/48847.450,,,NO_OBJECTS_IN_VIEW,
47333699/48864.427,,,NO_OBJECTS_IN_VIEW,
47333699/48872.923,,,NO_OBJECTS_IN_VIEW,
47333699/48881.436,,,NO_OBJECTS_IN_VIEW,
47333699/48889.933,,,NO_OBJECTS_IN_VIEW,
47333699/48898.429,,,NO_OBJECTS_IN_VIEW,
47333699/48906.926,,,NO_OBJECTS_IN_VIEW,
47333746/54712.673,,,NO_OBJECTS_IN_VIEW,
47333746/54733.265,,,NO_OBJECTS_IN_VIEW,
47333746/54753.774,,,NO_OBJECTS_IN_VIEW,
47333746/54774.365,,,NO_OBJECTS_IN_VIEW,
47333746/54794.874,,,NO_OBJECTS_IN_VIEW,
47333746/54815.465,,,NO_OBJECTS_IN_VIEW,
47333746/54835.974,,,NO_OBJECTS_IN_VIEW,
47333754/55927.000,,,NO_OBJECTS_IN_VIEW,
47333754/55933.897,,,NO_OBJECTS_IN_VIEW,
47333754/55940.794,,,NO_OBJECTS_IN_VIEW,
47333754/55947.692,,,NO_OBJECTS_IN_VIEW,
47333754/55954.606,,,NO_OBJECTS_IN_VIEW,
47333754/55961.503,,,NO_OBJECTS_IN_VIEW,
47333754/55968.400,,,NO_OBJECTS_IN_VIEW,
47333762/55657.763,,,NO_OBJECTS_IN_VIEW,
47333762/55658.946,,,NO_OBJECTS_IN_VIEW,
47333762/55660.146,,,NO_OBJECTS_IN_VIEW,
47333762/55661.345,,,NO_OBJECTS_IN_VIEW,
47333762/55662.545,,,NO_OBJECTS_IN_VIEW,
47333762/55663.744,,,NO_OBJECTS_IN_VIEW,
47333762/55666.143,,,NO_OBJECTS_IN_VIEW,
47333771/58097.673,,,NO_OBJECTS_IN_VIEW,
47333771/58100.172,,,NO_OBJECTS_IN_VIEW,
47333771/58110.467,,,NO_OBJECTS_IN_VIEW,
47333786/48641.412,,,NO_OBJECTS_IN_VIEW,
47333786/48654.990,,,NO_OBJECTS_IN_VIEW,
47333786/48668.584,,,NO_OBJECTS_IN_VIEW,
47333786/48695.890,,,NO_OBJECTS_IN_VIEW,
47333786/48709.484,,,NO_OBJECTS_IN_VIEW,
47333786/48723.196,,,NO_OBJECTS_IN_VIEW,
47333786/48736.790,,,NO_OBJECTS_IN_VIEW,
47333801/51090.785,,,NO_OBJECTS_IN_VIEW,
47333801/51120.373,,,NO_OBJECTS_IN_VIEW,
47333801/51135.167,,,NO_OBJECTS_IN_VIEW,
47333801/51149.961,,,NO_OBJECTS_IN_VIEW,
47333801/51164.771,,,NO_OBJECTS_IN_VIEW,
47333801/51179.565,,,NO_OBJECTS_IN_VIEW,
47333801/51194.359,,,NO_OBJECTS_IN_VIEW,
47333815/51966.807,,,NO_OBJECTS_IN_VIEW,
47333815/51980.385,,,NO_OBJECTS_IN_VIEW,
47333815/51994.079,,,NO_OBJECTS_IN_VIEW,
47333815/52007.674,,,NO_OBJECTS_IN_VIEW,
47333815/52021.385,,,NO_OBJECTS_IN_VIEW,
47333815/52034.979,,,NO_OBJECTS_IN_VIEW,
47333815/52048.674,,,NO_OBJECTS_IN_VIEW,
47333815/52062.285,,,NO_OBJECTS_IN_VIEW,
47333840/54011.803,,,NO_OBJECTS_IN_VIEW,
47333840/54024.481,,,NO_OBJECTS_IN_VIEW,
47333840/54037.193,,,NO_OBJECTS_IN_VIEW,
47333840/54049.888,,,NO_OBJECTS_IN_VIEW,
47333840/54062.583,,,NO_OBJECTS_IN_VIEW,
47333840/54075.294,,,NO_OBJECTS_IN_VIEW,
47333840/54100.684,,,NO_OBJECTS_IN_VIEW,
47333846/74812.958,,,NO_OBJECTS_IN_VIEW,
47333846/74822.637,,,NO_OBJECTS_IN_VIEW,
47333846/74832.350,,,NO_OBJECTS_IN_VIEW,
47333846/74842.046,,,NO_OBJECTS_IN_VIEW,
47333846/74851.842,,,NO_OBJECTS_IN_VIEW,
47333846/74861.538,,,NO_OBJECTS_IN_VIEW,
47333846/74871.251,,,NO_OBJECTS_IN_VIEW,
47333846/74880.947,,,NO_OBJECTS_IN_VIEW,
47333964/47368.498,,,NO_OBJECTS_IN_VIEW,
47333964/47372.580,,,NO_OBJECTS_IN_VIEW,
47333964/47376.678,,,NO_OBJECTS_IN_VIEW,
47333964/47380.776,,,NO_OBJECTS_IN_VIEW,
47333964/47384.975,,,NO_OBJECTS_IN_VIEW,
47333964/47397.270,,,NO_OBJECTS_IN_VIEW,
47334001/51146.554,,,NO_OBJECTS_IN_VIEW,
47334001/51161.348,,,NO_OBJECTS_IN_VIEW,
47334001/51166.346,,,NO_OBJECTS_IN_VIEW,
47334001/51176.259,,,NO_OBJECTS_IN_VIEW,
47334052/85552.064,,,NO_OBJECTS_IN_VIEW,
47334052/85565.258,,,NO_OBJECTS_IN_VIEW,
47334052/85578.553,,,NO_OBJECTS_IN_VIEW,
47334052/85591.848,,,NO_OBJECTS_IN_VIEW,
47334052/85631.748,,,NO_OBJECTS_IN_VIEW,
47334052/85645.060,,,NO_OBJECTS_IN_VIEW,
47334055/85966.222,,,NO_OBJECTS_IN_VIEW,
47334055/85976.318,,,NO_OBJECTS_IN_VIEW,
47334055/85986.414,,,NO_OBJECTS_IN_VIEW,
47334055/86006.706,,,NO_OBJECTS_IN_VIEW,
47334055/86016.818,,,NO_OBJECTS_IN_VIEW,
47334055/86026.914,,,NO_OBJECTS_IN_VIEW,
47334055/86037.010,,,NO_OBJECTS_IN_VIEW,
47334167/349248.909,,,NO_OBJECTS_IN_VIEW,
47334167/349258.988,,,NO_OBJECTS_IN_VIEW,
47334167/349269.101,,,NO_OBJECTS_IN_VIEW,
47334167/349279.297,,,NO_OBJECTS_IN_VIEW,
47334167/349289.393,,,NO_OBJECTS_IN_VIEW,
47334167/349299.489,,,NO_OBJECTS_IN_VIEW,
47334167/349309.701,,,NO_OBJECTS_IN_VIEW,
47334167/349319.797,,,NO_OBJECTS_IN_VIEW,
47334189/354723.077,,,NO_OBJECTS_IN_VIEW,
47334189/354731.973,,,NO_OBJECTS_IN_VIEW,
47334189/354740.986,,,NO_OBJECTS_IN_VIEW,
47334267/156647.605,,,NO_OBJECTS_IN_VIEW,
47334267/156690.887,,,NO_OBJECTS_IN_VIEW,
47334267/156712.595,,,NO_OBJECTS_IN_VIEW,
47334267/156734.286,,,NO_OBJECTS_IN_VIEW,
47334267/156755.894,,,NO_OBJECTS_IN_VIEW,
47334267/156777.585,,,NO_OBJECTS_IN_VIEW,
47334267/156799.293,,,NO_OBJECTS_IN_VIEW,
47334311/66147.307,,,NO_OBJECTS_IN_VIEW,
47334311/66167.099,,,NO_OBJECTS_IN_VIEW,
47334311/66173.696,,,NO_OBJECTS_IN_VIEW,
47334311/66180.310,,,NO_OBJECTS_IN_VIEW,
47334311/66186.908,,,NO_OBJECTS_IN_VIEW,
47334341/74726.790,,,NO_OBJECTS_IN_VIEW,
47334341/74733.587,,,NO_OBJECTS_IN_VIEW,
47334341/74753.779,,,NO_OBJECTS_IN_VIEW,
47334341/74767.290,,,NO_OBJECTS_IN_VIEW,
47334356/77527.860,,,NO_OBJECTS_IN_VIEW,
47334356/77531.942,,,NO_OBJECTS_IN_VIEW,
47334356/77536.140,,,NO_OBJECTS_IN_VIEW,
47334356/77540.356,,,NO_OBJECTS_IN_VIEW,
47334356/77544.554,,,NO_OBJECTS_IN_VIEW,
47334356/77548.752,,,NO_OBJECTS_IN_VIEW,
47334356/77552.950,,,NO_OBJECTS_IN_VIEW,
47334356/77557.149,,,NO_OBJECTS_IN_VIEW,
47334392/65805.349,,,NO_OBJECTS_IN_VIEW,
47334392/65821.943,,,NO_OBJECTS_IN_VIEW,
47334392/65855.329,,,NO_OBJECTS_IN_VIEW,
47334392/65872.039,,,NO_OBJECTS_IN_VIEW,
47334392/65888.732,,,NO_OBJECTS_IN_VIEW,
47334392/65905.442,,,NO_OBJECTS_IN_VIEW,
47334392/65922.135,,,NO_OBJECTS_IN_VIEW,
47334469/102486.273,,,NO_OBJECTS_IN_VIEW,
47334469/102493.454,,,NO_OBJECTS_IN_VIEW,
47334469/102500.767,,,NO_OBJECTS_IN_VIEW,
47334469/102507.964,,,NO_OBJECTS_IN_VIEW,
47334469/102515.261,,,NO_OBJECTS_IN_VIEW,
47334469/102522.558,,,NO_OBJECTS_IN_VIEW,
47334469/102529.756,,,NO_OBJECTS_IN_VIEW,
47334469/102537.069,,,NO_OBJECTS_IN_VIEW,
47334482/103380.947,,,NO_OBJECTS_IN_VIEW,
47334482/103385.829,,,NO_OBJECTS_IN_VIEW,
47334482/103390.827,,,NO_OBJECTS_IN_VIEW,
47334482/103395.741,,,NO_OBJECTS_IN_VIEW,
47334482/103400.739,,,NO_OBJECTS_IN_VIEW,
47334482/103405.737,,,NO_OBJECTS_IN_VIEW,
47334482/103410.635,,,NO_OBJECTS_IN_VIEW,
47334482/103415.633,,,NO_OBJECTS_IN_VIEW,
47334487/104525.542,,,NO_OBJECTS_IN_VIEW,
47334487/104532.039,,,NO_OBJECTS_IN_VIEW,
47334487/104538.537,,,NO_OBJECTS_IN_VIEW,
47334487/104551.631,,,NO_OBJECTS_IN_VIEW,
47334487/104558.145,,,NO_OBJECTS_IN_VIEW,
47334487/104564.643,,,NO_OBJECTS_IN_VIEW,
47334487/104571.140,,,NO_OBJECTS_IN_VIEW,
47334491/104471.747,,,NO_OBJECTS_IN_VIEW,
47334491/104477.745,,,NO_OBJECTS_IN_VIEW,
47334491/104483.742,,,NO_OBJECTS_IN_VIEW,
47334491/104489.740,,,NO_OBJECTS_IN_VIEW,
47334491/104495.837,,,NO_OBJECTS_IN_VIEW,
47334491/104501.835,,,NO_OBJECTS_IN_VIEW,
47334491/104507.832,,,NO_OBJECTS_IN_VIEW,
47334491/104513.847,,,NO_OBJECTS_IN_VIEW,
47334552/67946.748,,,NO_OBJECTS_IN_VIEW,
47334552/67950.447,,,NO_OBJECTS_IN_VIEW,
47334552/67954.245,,,NO_OBJECTS_IN_VIEW,
47334552/67957.944,,,NO_OBJECTS_IN_VIEW,
47334552/67961.642,,,NO_OBJECTS_IN_VIEW,
47334552/67965.441,,,NO_OBJECTS_IN_VIEW,
47334559/68568.943,,,NO_OBJECTS_IN_VIEW,
47334559/68576.740,,,NO_OBJECTS_IN_VIEW,
47334559/68584.537,,,NO_OBJECTS_IN_VIEW,
47334559/68592.334,,,NO_OBJECTS_IN_VIEW,
47334559/68600.247,,,NO_OBJECTS_IN_VIEW,
47334559/68608.044,,,NO_OBJECTS_IN_VIEW,
47334559/68615.841,,,NO_OBJECTS_IN_VIEW,
47334559/68623.637,,,NO_OBJECTS_IN_VIEW,
47334566/68514.349,,,NO_OBJECTS_IN_VIEW,
47334566/68519.347,,,NO_OBJECTS_IN_VIEW,
47334566/68524.445,,,NO_OBJECTS_IN_VIEW,
47334566/68529.443,,,NO_OBJECTS_IN_VIEW,
47334566/68534.541,,,NO_OBJECTS_IN_VIEW,
47334566/68539.539,,,NO_OBJECTS_IN_VIEW,
47334566/68544.636,,,NO_OBJECTS_IN_VIEW,
47334566/68549.635,,,NO_OBJECTS_IN_VIEW,
47334589/165858.750,,,NO_OBJECTS_IN_VIEW,
47334589/165862.432,,,NO_OBJECTS_IN_VIEW,
47334589/165866.130,,,NO_OBJECTS_IN_VIEW,
47334589/165869.829,,,NO_OBJECTS_IN_VIEW,
47334589/165873.527,,,NO_OBJECTS_IN_VIEW,
47334589/165877.242,,,NO_OBJECTS_IN_VIEW,
47334589/165880.941,,,NO_OBJECTS_IN_VIEW,
47334589/165884.639,,,NO_OBJECTS_IN_VIEW,
47334608/384962.978,,,NO_OBJECTS_IN_VIEW,
47334608/384982.171,,,NO_OBJECTS_IN_VIEW,
47334608/384988.668,,,NO_OBJECTS_IN_VIEW,
47334608/384995.065,,,NO_OBJECTS_IN_VIEW,
47334608/385001.479,,,NO_OBJECTS_IN_VIEW,
47334608/385007.877,,,NO_OBJECTS_IN_VIEW,
47334615/385572.469,,,NO_OBJECTS_IN_VIEW,
47334615/385597.242,,,NO_OBJECTS_IN_VIEW,
47334615/385622.148,,,NO_OBJECTS_IN_VIEW,
47334615/385647.038,,,NO_OBJECTS_IN_VIEW,
47334615/385659.433,,,NO_OBJECTS_IN_VIEW,
47334629/386334.665,,,NO_OBJECTS_IN_VIEW,
47334629/386347.160,,,NO_OBJECTS_IN_VIEW,
47334629/386359.654,,,NO_OBJECTS_IN_VIEW,
47334629/386372.149,,,NO_OBJECTS_IN_VIEW,
47334629/386384.761,,,NO_OBJECTS_IN_VIEW,
47334629/386397.256,,,NO_OBJECTS_IN_VIEW,
47334629/386409.751,,,NO_OBJECTS_IN_VIEW,
47334629/386422.262,,,NO_OBJECTS_IN_VIEW,
47334647/388863.222,,,NO_OBJECTS_IN_VIEW,
47334647/388869.803,,,NO_OBJECTS_IN_VIEW,
47334647/388882.997,,,NO_OBJECTS_IN_VIEW,
47334647/388889.595,,,NO_OBJECTS_IN_VIEW,
47334647/388896.192,,,NO_OBJECTS_IN_VIEW,
47334647/388902.789,,,NO_OBJECTS_IN_VIEW,
47334647/388909.403,,,NO_OBJECTS_IN_VIEW,
47334655/389722.165,,,NO_OBJECTS_IN_VIEW,
47334655/389751.953,,,NO_OBJECTS_IN_VIEW,
47334714/533652.426,,,NO_OBJECTS_IN_VIEW,
47334714/533659.706,,,NO_OBJECTS_IN_VIEW,
47334714/533674.300,,,NO_OBJECTS_IN_VIEW,
47334714/533681.598,,,NO_OBJECTS_IN_VIEW,
47334714/533688.895,,,NO_OBJECTS_IN_VIEW,
47334714/533696.208,,,NO_OBJECTS_IN_VIEW,
47334714/533703.505,,,NO_OBJECTS_IN_VIEW,
47334760/421766.373,,,NO_OBJECTS_IN_VIEW,
47334760/421780.151,,,NO_OBJECTS_IN_VIEW,
47334760/421793.945,,,NO_OBJECTS_IN_VIEW,
47334760/421800.859,,,NO_OBJECTS_IN_VIEW,
47334760/421814.653,,,NO_OBJECTS_IN_VIEW,
47334783/426488.609,,,NO_OBJECTS_IN_VIEW,
47334783/426502.487,,,NO_OBJECTS_IN_VIEW,
47334783/426507.085,,,NO_OBJECTS_IN_VIEW,
47334783/426511.683,,,NO_OBJECTS_IN_VIEW,
47334783/426520.996,,,NO_OBJECTS_IN_VIEW,
47334837/613711.294,,,NO_OBJECTS_IN_VIEW,
47334837/613731.270,,,NO_OBJECTS_IN_VIEW,
47334837/613736.268,,,NO_OBJECTS_IN_VIEW,
47334837/613741.266,,,NO_OBJECTS_IN_VIEW,
47334837/613746.280,,,NO_OBJECTS_IN_VIEW,
47334868/620629.758,,,NO_OBJECTS_IN_VIEW,
47334868/620635.539,,,NO_OBJECTS_IN_VIEW,
47334868/620641.337,,,NO_OBJECTS_IN_VIEW,
47334868/620647.135,,,NO_OBJECTS_IN_VIEW,
47334868/620652.932,,,NO_OBJECTS_IN_VIEW,
47334868/620658.747,,,NO_OBJECTS_IN_VIEW,
47334868/620664.544,,,NO_OBJECTS_IN_VIEW,
47334871/620614.448,,,NO_OBJECTS_IN_VIEW,
47334871/620615.747,,,NO_OBJECTS_IN_VIEW,
47334871/620617.147,,,NO_OBJECTS_IN_VIEW,
47334871/620618.446,,,NO_OBJECTS_IN_VIEW,
47334871/620619.846,,,NO_OBJECTS_IN_VIEW,
47334871/620621.245,,,NO_OBJECTS_IN_VIEW,
47334871/620622.544,,,NO_OBJECTS_IN_VIEW,
47334871/620623.944,,,NO_OBJECTS_IN_VIEW,
47334883/622603.922,,,NO_OBJECTS_IN_VIEW,
47334883/622609.003,,,NO_OBJECTS_IN_VIEW,
47334883/622614.201,,,NO_OBJECTS_IN_VIEW,
47334883/622619.416,,,NO_OBJECTS_IN_VIEW,
47334883/622629.812,,,NO_OBJECTS_IN_VIEW,
47334883/622635.010,,,NO_OBJECTS_IN_VIEW,
47334883/622640.208,,,NO_OBJECTS_IN_VIEW,
47334912/1089900.687,,,NO_OBJECTS_IN_VIEW,
47334912/1089916.797,,,NO_OBJECTS_IN_VIEW,
47334912/1089932.890,,,NO_OBJECTS_IN_VIEW,
47334912/1089965.194,,,NO_OBJECTS_IN_VIEW,
47334912/1089981.288,,,NO_OBJECTS_IN_VIEW,
47334912/1089997.381,,,NO_OBJECTS_IN_VIEW,
47334912/1090013.491,,,NO_OBJECTS_IN_VIEW,
47334938/663108.225,,,NO_OBJECTS_IN_VIEW,
47334938/663130.016,,,NO_OBJECTS_IN_VIEW,
47334938/663173.615,,,NO_OBJECTS_IN_VIEW,
47334938/663184.511,,,NO_OBJECTS_IN_VIEW,
47334957/667436.022,,,NO_OBJECTS_IN_VIEW,
47334957/667442.902,,,NO_OBJECTS_IN_VIEW,
47334957/667449.799,,,NO_OBJECTS_IN_VIEW,
47334957/667456.797,,,NO_OBJECTS_IN_VIEW,
47334957/667470.591,,,NO_OBJECTS_IN_VIEW,
47334957/667484.502,,,NO_OBJECTS_IN_VIEW,
47429688/10915.832,,,NO_OBJECTS_IN_VIEW,
47429688/10918.714,,,NO_OBJECTS_IN_VIEW,
47429688/10921.713,,,NO_OBJECTS_IN_VIEW,
47429688/10924.612,,,NO_OBJECTS_IN_VIEW,
47429688/10927.611,,,NO_OBJECTS_IN_VIEW,
47429688/10930.609,,,NO_OBJECTS_IN_VIEW,
47429688/10936.507,,,NO_OBJECTS_IN_VIEW,
47429773/359913.154,,,NO_OBJECTS_IN_VIEW,
47429773/359922.234,,,NO_OBJECTS_IN_VIEW,
47429773/359931.347,,,NO_OBJECTS_IN_VIEW,
47429773/359940.443,,,NO_OBJECTS_IN_VIEW,
47429773/359949.639,,,NO_OBJECTS_IN_VIEW,
47429773/359958.736,,,NO_OBJECTS_IN_VIEW,
47429773/359967.849,,,NO_OBJECTS_IN_VIEW,
47429773/359976.945,,,NO_OBJECTS_IN_VIEW,
47429774/360074.255,,,NO_OBJECTS_IN_VIEW,
47429774/360080.136,,,NO_OBJECTS_IN_VIEW,
47429774/360092.048,,,NO_OBJECTS_IN_VIEW,
47429774/360097.945,,,NO_OBJECTS_IN_VIEW,
47429774/360103.843,,,NO_OBJECTS_IN_VIEW,
47429774/360109.841,,,NO_OBJECTS_IN_VIEW,
47429774/360115.738,,,NO_OBJECTS_IN_VIEW,
47429806/739361.321,,,NO_OBJECTS_IN_VIEW,
47429806/739365.603,,,NO_OBJECTS_IN_VIEW,
47429806/739370.017,,,NO_OBJECTS_IN_VIEW,
47429806/739374.416,,,NO_OBJECTS_IN_VIEW,
47429806/739378.814,,,NO_OBJECTS_IN_VIEW,
47429806/739387.610,,,NO_OBJECTS_IN_VIEW,
47429806/739392.009,,,NO_OBJECTS_IN_VIEW,
47429830/748462.964,,,NO_OBJECTS_IN_VIEW,
47429830/748476.142,,,NO_OBJECTS_IN_VIEW,
47429830/748489.354,,,NO_OBJECTS_IN_VIEW,
47429830/748502.549,,,NO_OBJECTS_IN_VIEW,
47429830/748515.843,,,NO_OBJECTS_IN_VIEW,
47429830/748529.054,,,NO_OBJECTS_IN_VIEW,
47429830/748542.249,,,NO_OBJECTS_IN_VIEW,
47429830/748555.444,,,NO_OBJECTS_IN_VIEW,
47429883/367951.842,,,NO_OBJECTS_IN_VIEW,
47429883/367991.543,,,NO_OBJECTS_IN_VIEW,
47429883/368011.351,,,NO_OBJECTS_IN_VIEW,
47429883/368031.243,,,NO_OBJECTS_IN_VIEW,
47429883/368051.035,,,NO_OBJECTS_IN_VIEW,
47429883/368070.944,,,NO_OBJECTS_IN_VIEW,
47429883/368090.736,,,NO_OBJECTS_IN_VIEW,
47430074/27301.720,,,NO_OBJECTS_IN_VIEW,
47430074/27311.899,,,NO_OBJECTS_IN_VIEW,
47430074/27322.095,,,NO_OBJECTS_IN_VIEW,
47430074/27332.308,,,NO_OBJECTS_IN_VIEW,
47430074/27342.504,,,NO_OBJECTS_IN_VIEW,
47430074/27352.699,,,NO_OBJECTS_IN_VIEW,
47430074/27362.895,,,NO_OBJECTS_IN_VIEW,
47430074/27373.108,,,NO_OBJECTS_IN_VIEW,
47430088/27807.804,,,NO_OBJECTS_IN_VIEW,
47430088/27812.886,,,NO_OBJECTS_IN_VIEW,
47430088/27818.084,,,NO_OBJECTS_IN_VIEW,
47430088/27823.282,,,NO_OBJECTS_IN_VIEW,
47430088/27833.677,,,NO_OBJECTS_IN_VIEW,
47430088/27838.875,,,NO_OBJECTS_IN_VIEW,
47430088/27844.073,,,NO_OBJECTS_IN_VIEW,
47430100/29156.201,,,NO_OBJECTS_IN_VIEW,
47430100/29174.377,,,NO_OBJECTS_IN_VIEW,
47430100/29180.474,,,NO_OBJECTS_IN_VIEW,
47430100/29186.572,,,NO_OBJECTS_IN_VIEW,
47430100/29192.686,,,NO_OBJECTS_IN_VIEW,
47430100/29198.784,,,NO_OBJECTS_IN_VIEW,
47430103/29093.693,,,NO_OBJECTS_IN_VIEW,
47430103/29096.975,,,NO_OBJECTS_IN_VIEW,
47430103/29100.374,,,NO_OBJECTS_IN_VIEW,
47430103/29103.772,,,NO_OBJECTS_IN_VIEW,
47430103/29107.171,,,NO_OBJECTS_IN_VIEW,
47430103/29110.586,,,NO_OBJECTS_IN_VIEW,
47430103/29113.985,,,NO_OBJECTS_IN_VIEW,
47430103/29117.384,,,NO_OBJECTS_IN_VIEW,
47430132/32673.284,,,NO_OBJECTS_IN_VIEW,
47430132/32678.465,,,NO_OBJECTS_IN_VIEW,
47430132/32683.662,,,NO_OBJECTS_IN_VIEW,
47430132/32688.860,,,NO_OBJECTS_IN_VIEW,
47430132/32694.058,,,NO_OBJECTS_IN_VIEW,
47430132/32699.256,,,NO_OBJECTS_IN_VIEW,
47430132/32704.471,,,NO_OBJECTS_IN_VIEW,
47430132/32709.668,,,NO_OBJECTS_IN_VIEW,
47430154/50896.535,,,NO_OBJECTS_IN_VIEW,
47430154/50900.516,,,NO_OBJECTS_IN_VIEW,
47430154/50904.515,,,NO_OBJECTS_IN_VIEW,
47430154/50908.530,,,NO_OBJECTS_IN_VIEW,
47430154/50912.628,,,NO_OBJECTS_IN_VIEW,
47430154/50916.626,,,NO_OBJECTS_IN_VIEW,
47430154/50920.625,,,NO_OBJECTS_IN_VIEW,
47430154/50924.623,,,NO_OBJECTS_IN_VIEW,
47430213/688605.261,,,NO_OBJECTS_IN_VIEW,
47430221/180168.633,,,NO_OBJECTS_IN_VIEW,
47430221/180179.029,,,NO_OBJECTS_IN_VIEW,
47430221/180199.821,,,NO_OBJECTS_IN_VIEW,
47430221/180210.216,,,NO_OBJECTS_IN_VIEW,
47430221/180220.629,,,NO_OBJECTS_IN_VIEW,
47430248/182288.817,,,NO_OBJECTS_IN_VIEW,
47430248/182304.095,,,NO_OBJECTS_IN_VIEW,
47430248/182319.405,,,NO_OBJECTS_IN_VIEW,
47430248/182334.699,,,NO_OBJECTS_IN_VIEW,
47430248/182350.093,,,NO_OBJECTS_IN_VIEW,
47430248/182380.697,,,NO_OBJECTS_IN_VIEW,
47430248/182395.991,,,NO_OBJECTS_IN_VIEW,
47430313/264671.781,,,NO_OBJECTS_IN_VIEW,
47430313/264705.368,,,NO_OBJECTS_IN_VIEW,
47430313/264727.859,,,NO_OBJECTS_IN_VIEW,
47430313/264739.071,,,NO_OBJECTS_IN_VIEW,
47430313/264750.266,,,NO_OBJECTS_IN_VIEW,
47430314/264771.974,,,NO_OBJECTS_IN_VIEW,
47430314/264782.770,,,NO_OBJECTS_IN_VIEW,
47430314/264804.461,,,NO_OBJECTS_IN_VIEW,
47430314/264815.257,,,NO_OBJECTS_IN_VIEW,
47430314/264826.069,,,NO_OBJECTS_IN_VIEW,
47430314/264836.964,,,NO_OBJECTS_IN_VIEW,
47430314/264847.760,,,NO_OBJECTS_IN_VIEW,
47430328/271265.027,,,NO_OBJECTS_IN_VIEW,
47430328/271271.608,,,NO_OBJECTS_IN_VIEW,
47430328/271278.322,,,NO_OBJECTS_IN_VIEW,
47430328/271285.019,,,NO_OBJECTS_IN_VIEW,
47430328/271291.716,,,NO_OBJECTS_IN_VIEW,
47430328/271298.414,,,NO_OBJECTS_IN_VIEW,
47430328/271305.111,,,NO_OBJECTS_IN_VIEW,
47430328/271311.808,,,NO_OBJECTS_IN_VIEW,
47430402/126547.917,,,NO_OBJECTS_IN_VIEW,
47430402/126553.115,,,NO_OBJECTS_IN_VIEW,
47430402/126558.313,,,NO_OBJECTS_IN_VIEW,
47430402/126563.511,,,NO_OBJECTS_IN_VIEW,
47430402/126568.809,,,NO_OBJECTS_IN_VIEW,
47430402/126574.007,,,NO_OBJECTS_IN_VIEW,
47430402/126579.221,,,NO_OBJECTS_IN_VIEW,
47430402/126584.419,,,NO_OBJECTS_IN_VIEW,
47430449/1672.568,,,NO_OBJECTS_IN_VIEW,
47430449/1683.464,,,NO_OBJECTS_IN_VIEW,
47430449/1694.359,,,NO_OBJECTS_IN_VIEW,
47430449/1705.355,,,NO_OBJECTS_IN_VIEW,
47430449/1716.250,,,NO_OBJECTS_IN_VIEW,
47430449/1738.158,,,NO_OBJECTS_IN_VIEW,
47430449/1749.054,,,NO_OBJECTS_IN_VIEW,
47430452/1864.957,,,NO_OBJECTS_IN_VIEW,
47430452/1914.054,,,NO_OBJECTS_IN_VIEW,
47430452/1938.661,,,NO_OBJECTS_IN_VIEW,
47430452/1963.251,,,NO_OBJECTS_IN_VIEW,
47430452/1987.857,,,NO_OBJECTS_IN_VIEW,
47430452/2037.054,,,NO_OBJECTS_IN_VIEW,
47430531/299772.776,,,NO_OBJECTS_IN_VIEW,
47430531/299777.857,,,NO_OBJECTS_IN_VIEW,
47430531/299783.055,,,NO_OBJECTS_IN_VIEW,
47430531/299788.153,,,NO_OBJECTS_IN_VIEW,
47430531/299793.351,,,NO_OBJECTS_IN_VIEW,
47430531/299798.549,,,NO_OBJECTS_IN_VIEW,
47430531/299803.663,,,NO_OBJECTS_IN_VIEW,
47430531/299808.861,,,NO_OBJECTS_IN_VIEW,
47430543/300553.171,,,NO_OBJECTS_IN_VIEW,
47430543/300556.053,,,NO_OBJECTS_IN_VIEW,
47430543/300559.052,,,NO_OBJECTS_IN_VIEW,
47430543/300561.951,,,NO_OBJECTS_IN_VIEW,
47430543/300564.966,,,NO_OBJECTS_IN_VIEW,
47430543/300567.965,,,NO_OBJECTS_IN_VIEW,
47430543/300570.864,,,NO_OBJECTS_IN_VIEW,
47430543/300573.863,,,NO_OBJECTS_IN_VIEW,
47430554/301318.982,,,NO_OBJECTS_IN_VIEW,
47430554/301326.579,,,NO_OBJECTS_IN_VIEW,
47430554/301334.176,,,NO_OBJECTS_IN_VIEW,
47430554/301341.772,,,NO_OBJECTS_IN_VIEW,
47430554/301349.369,,,NO_OBJECTS_IN_VIEW,
47430554/301356.966,,,NO_OBJECTS_IN_VIEW,
47430565/309786.601,,,NO_OBJECTS_IN_VIEW,
47430565/309792.198,,,NO_OBJECTS_IN_VIEW,
47430565/309797.896,,,NO_OBJECTS_IN_VIEW,
47430565/309803.494,,,NO_OBJECTS_IN_VIEW,
47430565/309809.208,,,NO_OBJECTS_IN_VIEW,
47430565/309814.806,,,NO_OBJECTS_IN_VIEW,
47430565/309820.503,,,NO_OBJECTS_IN_VIEW,
47430565/309826.101,,,NO_OBJECTS_IN_VIEW,
47430568/309758.812,,,NO_OBJECTS_IN_VIEW,
47430568/309761.994,,,NO_OBJECTS_IN_VIEW,
47430568/309765.309,,,NO_OBJECTS_IN_VIEW,
47430568/309771.807,,,NO_OBJECTS_IN_VIEW,
47430568/309775.005,,,NO_OBJECTS_IN_VIEW,
47430568/309778.304,,,NO_OBJECTS_IN_VIEW,
47430584/310687.353,,,NO_OBJECTS_IN_VIEW,
47430584/310694.134,,,NO_OBJECTS_IN_VIEW,
47430584/310700.931,,,NO_OBJECTS_IN_VIEW,
47430584/310707.745,,,NO_OBJECTS_IN_VIEW,
47430584/310714.642,,,NO_OBJECTS_IN_VIEW,
47430584/310721.439,,,NO_OBJECTS_IN_VIEW,
47430584/310728.236,,,NO_OBJECTS_IN_VIEW,
47430584/310735.034,,,NO_OBJECTS_IN_VIEW,
47430588/310642.455,,,NO_OBJECTS_IN_VIEW,
47430588/310647.736,,,NO_OBJECTS_IN_VIEW,
47430588/310658.432,,,NO_OBJECTS_IN_VIEW,
47430588/310663.846,,,NO_OBJECTS_IN_VIEW,
47430588/310669.144,,,NO_OBJECTS_IN_VIEW,
47430588/310674.542,,,NO_OBJECTS_IN_VIEW,
47430588/310679.840,,,NO_OBJECTS_IN_VIEW,
47430608/315173.950,,,NO_OBJECTS_IN_VIEW,
47430608/315183.347,,,NO_OBJECTS_IN_VIEW,
47430608/315192.743,,,NO_OBJECTS_IN_VIEW,
47430608/315202.139,,,NO_OBJECTS_IN_VIEW,
47430608/315211.635,,,NO_OBJECTS_IN_VIEW,
47430608/315221.031,,,NO_OBJECTS_IN_VIEW,
47430608/315230.444,,,NO_OBJECTS_IN_VIEW,
47430608/315239.840,,,NO_OBJECTS_IN_VIEW,
47430633/322668.867,,,NO_OBJECTS_IN_VIEW,
47430633/322684.844,,,NO_OBJECTS_IN_VIEW,
47430633/322692.941,,,NO_OBJECTS_IN_VIEW,
47430633/322700.937,,,NO_OBJECTS_IN_VIEW,
47430633/322708.951,,,NO_OBJECTS_IN_VIEW,
47430633/322717.047,,,NO_OBJECTS_IN_VIEW,
47430633/322725.044,,,NO_OBJECTS_IN_VIEW,
47430637/322955.399,,,NO_OBJECTS_IN_VIEW,
47430637/322959.097,,,NO_OBJECTS_IN_VIEW,
47430637/322962.796,,,NO_OBJECTS_IN_VIEW,
47430637/322966.494,,,NO_OBJECTS_IN_VIEW,
47430637/322970.293,,,NO_OBJECTS_IN_VIEW,
47430637/322973.991,,,NO_OBJECTS_IN_VIEW,
47430637/322977.690,,,NO_OBJECTS_IN_VIEW,
47430640/323016.507,,,NO_OBJECTS_IN_VIEW,
47430640/323025.087,,,NO_OBJECTS_IN_VIEW,
47430640/323033.683,,,NO_OBJECTS_IN_VIEW,
47430640/323042.296,,,NO_OBJECTS_IN_VIEW,
47430640/323050.993,,,NO_OBJECTS_IN_VIEW,
47430640/323059.589,,,NO_OBJECTS_IN_VIEW,
47430640/323068.186,,,NO_OBJECTS_IN_VIEW,
47430640/323076.782,,,NO_OBJECTS_IN_VIEW,
47430654/323894.862,,,NO_OBJECTS_IN_VIEW,
47430654/323901.343,,,NO_OBJECTS_IN_VIEW,
47430654/323907.940,,,NO_OBJECTS_IN_VIEW,
47430654/323911.139,,,NO_OBJECTS_IN_VIEW,
47430654/323914.438,,,NO_OBJECTS_IN_VIEW,
47430654/323917.736,,,NO_OBJECTS_IN_VIEW,
47430679/326473.420,,,NO_OBJECTS_IN_VIEW,
47430679/326478.502,,,NO_OBJECTS_IN_VIEW,
47430679/326483.600,,,NO_OBJECTS_IN_VIEW,
47430679/326488.797,,,NO_OBJECTS_IN_VIEW,
47430679/326493.895,,,NO_OBJECTS_IN_VIEW,
47430679/326498.993,,,NO_OBJECTS_IN_VIEW,
47430679/326504.191,,,NO_OBJECTS_IN_VIEW,
47430679/326509.289,,,NO_OBJECTS_IN_VIEW,
47430688/326924.543,,,NO_OBJECTS_IN_VIEW,
47430688/326930.140,,,NO_OBJECTS_IN_VIEW,
47430688/326935.638,,,NO_OBJECTS_IN_VIEW,
47430688/326941.136,,,NO_OBJECTS_IN_VIEW,
47430688/326946.733,,,NO_OBJECTS_IN_VIEW,
47430688/326952.231,,,NO_OBJECTS_IN_VIEW,
47430689/326883.243,,,NO_OBJECTS_IN_VIEW,
47430689/326886.842,,,NO_OBJECTS_IN_VIEW,
47430689/326890.540,,,NO_OBJECTS_IN_VIEW,
47430689/326894.139,,,NO_OBJECTS_IN_VIEW,
47430689/326897.737,,,NO_OBJECTS_IN_VIEW,
47430731/336059.889,,,NO_OBJECTS_IN_VIEW,
47430731/336064.570,,,NO_OBJECTS_IN_VIEW,
47430731/336069.285,,,NO_OBJECTS_IN_VIEW,
47430731/336073.983,,,NO_OBJECTS_IN_VIEW,
47430731/336078.681,,,NO_OBJECTS_IN_VIEW,
47430731/336083.379,,,NO_OBJECTS_IN_VIEW,
47430731/336088.077,,,NO_OBJECTS_IN_VIEW,
47430731/336092.775,,,NO_OBJECTS_IN_VIEW,
47430739/336539.573,,,NO_OBJECTS_IN_VIEW,
47430739/336549.052,,,NO_OBJECTS_IN_VIEW,
47430739/336558.648,,,NO_OBJECTS_IN_VIEW,
47430739/336568.261,,,NO_OBJECTS_IN_VIEW,
47430739/336577.857,,,NO_OBJECTS_IN_VIEW,
47430739/336587.453,,,NO_OBJECTS_IN_VIEW,
47430739/336597.049,,,NO_OBJECTS_IN_VIEW,
47430739/336606.645,,,NO_OBJECTS_IN_VIEW,
47430751/336932.173,,,NO_OBJECTS_IN_VIEW,
47430751/336937.155,,,NO_OBJECTS_IN_VIEW,
47430751/336942.153,,,NO_OBJECTS_IN_VIEW,
47430751/336947.167,,,NO_OBJECTS_IN_VIEW,
47430751/336952.165,,,NO_OBJECTS_IN_VIEW,
47430751/336957.163,,,NO_OBJECTS_IN_VIEW,
47430751/336962.161,,,NO_OBJECTS_IN_VIEW,
47430751/336967.159,,,NO_OBJECTS_IN_VIEW,
47430789/340408.841,,,NO_OBJECTS_IN_VIEW,
47430789/340412.323,,,NO_OBJECTS_IN_VIEW,
47430789/340415.921,,,NO_OBJECTS_IN_VIEW,
47430789/340419.420,,,NO_OBJECTS_IN_VIEW,
47430789/340423.018,,,NO_OBJECTS_IN_VIEW,
47430789/340426.517,,,NO_OBJECTS_IN_VIEW,
47430789/340433.614,,,NO_OBJECTS_IN_VIEW,
47430808/64015.915,,,NO_OBJECTS_IN_VIEW,
47430808/64020.613,,,NO_OBJECTS_IN_VIEW,
47430808/64025.311,,,NO_OBJECTS_IN_VIEW,
47430808/64030.026,,,NO_OBJECTS_IN_VIEW,
47430808/64034.724,,,NO_OBJECTS_IN_VIEW,
47430808/64039.422,,,NO_OBJECTS_IN_VIEW,
47430808/64044.120,,,NO_OBJECTS_IN_VIEW,
47430808/64048.818,,,NO_OBJECTS_IN_VIEW,
47430852/72656.717,,,NO_OBJECTS_IN_VIEW,
47430852/72668.112,,,NO_OBJECTS_IN_VIEW,
47430852/72672.011,,,NO_OBJECTS_IN_VIEW,
47430852/72675.809,,,NO_OBJECTS_IN_VIEW,
47430852/72679.608,,,NO_OBJECTS_IN_VIEW,
47430862/74294.719,,,NO_OBJECTS_IN_VIEW,
47430862/74318.109,,,NO_OBJECTS_IN_VIEW,
47430862/74322.008,,,NO_OBJECTS_IN_VIEW,
47430898/78225.261,,,NO_OBJECTS_IN_VIEW,
47430898/78230.542,,,NO_OBJECTS_IN_VIEW,
47430898/78235.840,,,NO_OBJECTS_IN_VIEW,
47430898/78246.453,,,NO_OBJECTS_IN_VIEW,
47430898/78251.750,,,NO_OBJECTS_IN_VIEW,
47430898/78257.048,,,NO_OBJECTS_IN_VIEW,
47430940/95426.812,,,NO_OBJECTS_IN_VIEW,
47430940/95431.593,,,NO_OBJECTS_IN_VIEW,
47430940/95436.491,,,NO_OBJECTS_IN_VIEW,
47430940/95441.389,,,NO_OBJECTS_IN_VIEW,
47430940/95446.304,,,NO_OBJECTS_IN_VIEW,
47430940/95451.102,,,NO_OBJECTS_IN_VIEW,
47430940/95456.000,,,NO_OBJECTS_IN_VIEW,
47430940/95460.898,,,NO_OBJECTS_IN_VIEW,
47430942/95467.612,,,NO_OBJECTS_IN_VIEW,
47430942/95474.092,,,NO_OBJECTS_IN_VIEW,
47430942/95480.690,,,NO_OBJECTS_IN_VIEW,
47430942/95487.304,,,NO_OBJECTS_IN_VIEW,
47430942/95493.901,,,NO_OBJECTS_IN_VIEW,
47430942/95500.398,,,NO_OBJECTS_IN_VIEW,
47430942/95506.996,,,NO_OBJECTS_IN_VIEW,
47430942/95513.593,,,NO_OBJECTS_IN_VIEW,
47431043/141604.898,,,NO_OBJECTS_IN_VIEW,
47431043/141633.770,,,NO_OBJECTS_IN_VIEW,
47431043/141640.967,,,NO_OBJECTS_IN_VIEW,
47431043/141648.181,,,NO_OBJECTS_IN_VIEW,
47431043/141655.378,,,NO_OBJECTS_IN_VIEW,
47431088/75862.093,,,NO_OBJECTS_IN_VIEW,
47431088/75866.375,,,NO_OBJECTS_IN_VIEW,
47431088/75870.673,,,NO_OBJECTS_IN_VIEW,
47431088/75874.988,,,NO_OBJECTS_IN_VIEW,
47431088/75879.286,,,NO_OBJECTS_IN_VIEW,
47431088/75887.883,,,NO_OBJECTS_IN_VIEW,
47431088/75892.181,,,NO_OBJECTS_IN_VIEW,
47431107/348264.715,,,NO_OBJECTS_IN_VIEW,
47431107/348268.197,,,NO_OBJECTS_IN_VIEW,
47431107/348271.796,,,NO_OBJECTS_IN_VIEW,
47431107/348275.294,,,NO_OBJECTS_IN_VIEW,
47431107/348278.893,,,NO_OBJECTS_IN_VIEW,
47431107/348282.508,,,NO_OBJECTS_IN_VIEW,
47431107/348286.007,,,NO_OBJECTS_IN_VIEW,
47431107/348289.605,,,NO_OBJECTS_IN_VIEW,
47431138/351179.010,,,NO_OBJECTS_IN_VIEW,
47431138/351183.292,,,NO_OBJECTS_IN_VIEW,
47431138/351187.690,,,NO_OBJECTS_IN_VIEW,
47431138/351192.088,,,NO_OBJECTS_IN_VIEW,
47431138/351196.503,,,NO_OBJECTS_IN_VIEW,
47431138/351200.801,,,NO_OBJECTS_IN_VIEW,
47431138/351205.199,,,NO_OBJECTS_IN_VIEW,
47431138/351209.598,,,NO_OBJECTS_IN_VIEW,
47431146/350765.596,,,NO_OBJECTS_IN_VIEW,
47431146/350768.878,,,NO_OBJECTS_IN_VIEW,
47431146/350772.177,,,NO_OBJECTS_IN_VIEW,
47431146/350778.874,,,NO_OBJECTS_IN_VIEW,
47431146/350782.173,,,NO_OBJECTS_IN_VIEW,
47431146/350785.588,,,NO_OBJECTS_IN_VIEW,
47431146/350788.887,,,NO_OBJECTS_IN_VIEW,
47431160/352066.825,,,NO_OBJECTS_IN_VIEW,
47431160/352069.841,,,NO_OBJECTS_IN_VIEW,
47431160/352072.940,,,NO_OBJECTS_IN_VIEW,
47431160/352075.938,,,NO_OBJECTS_IN_VIEW,
47431160/352078.937,,,NO_OBJECTS_IN_VIEW,
47431160/352082.036,,,NO_OBJECTS_IN_VIEW,
47431160/352085.035,,,NO_OBJECTS_IN_VIEW,
47431190/360331.594,,,NO_OBJECTS_IN_VIEW,
47431190/360341.390,,,NO_OBJECTS_IN_VIEW,
47431190/360351.186,,,NO_OBJECTS_IN_VIEW,
47431190/360356.084,,,NO_OBJECTS_IN_VIEW,
47431190/360360.982,,,NO_OBJECTS_IN_VIEW,
47431190/360365.880,,,NO_OBJECTS_IN_VIEW,
47431194/360421.308,,,NO_OBJECTS_IN_VIEW,
47431194/360430.187,,,NO_OBJECTS_IN_VIEW,
47431194/360437.384,,,NO_OBJECTS_IN_VIEW,
47431194/360451.779,,,NO_OBJECTS_IN_VIEW,
47431194/360458.892,,,NO_OBJECTS_IN_VIEW,
47431194/360466.089,,,NO_OBJECTS_IN_VIEW,
47431194/360473.286,,,NO_OBJECTS_IN_VIEW,
47669851/12475.387,,,NO_OBJECTS_IN_VIEW,
47669851/12499.977,,,NO_OBJECTS_IN_VIEW,
47669851/12512.272,,,NO_OBJECTS_IN_VIEW,
47669851/12524.567,,,NO_OBJECTS_IN_VIEW,
47669851/12536.878,,,NO_OBJECTS_IN_VIEW,
47669851/12549.173,,,NO_OBJECTS_IN_VIEW,
47669851/12561.468,,,NO_OBJECTS_IN_VIEW,
47669880/11154.733,,,NO_OBJECTS_IN_VIEW,
47669880/11177.924,,,NO_OBJECTS_IN_VIEW,
47669880/11224.422,,,NO_OBJECTS_IN_VIEW,
47669880/11247.729,,,NO_OBJECTS_IN_VIEW,
47669880/11271.020,,,NO_OBJECTS_IN_VIEW,
47669880/11294.228,,,NO_OBJECTS_IN_VIEW,
47669880/11317.518,,,NO_OBJECTS_IN_VIEW,
47669903/12200.344,,,NO_OBJECTS_IN_VIEW,
47669903/12215.339,,,NO_OBJECTS_IN_VIEW,
47669903/12245.343,,,NO_OBJECTS_IN_VIEW,
47669903/12260.237,,,NO_OBJECTS_IN_VIEW,
47669903/12275.248,,,NO_OBJECTS_IN_VIEW,
47669903/12290.242,,,NO_OBJECTS_IN_VIEW,
47669917/14118.475,,,NO_OBJECTS_IN_VIEW,
47669917/14124.273,,,NO_OBJECTS_IN_VIEW,
47669917/14129.987,,,NO_OBJECTS_IN_VIEW,
47669917/14135.785,,,NO_OBJECTS_IN_VIEW,
47669917/14141.483,,,NO_OBJECTS_IN_VIEW,
47669936/14785.213,,,NO_OBJECTS_IN_VIEW,
47669936/14790.911,,,NO_OBJECTS_IN_VIEW,
47669936/14796.709,,,NO_OBJECTS_IN_VIEW,
47669936/14802.407,,,NO_OBJECTS_IN_VIEW,
47669936/14808.204,,,NO_OBJECTS_IN_VIEW,
47669936/14814.002,,,NO_OBJECTS_IN_VIEW,
47669936/14819.700,,,NO_OBJECTS_IN_VIEW,
47669943/15192.270,,,NO_OBJECTS_IN_VIEW,
47669943/15197.252,,,NO_OBJECTS_IN_VIEW,
47669943/15202.350,,,NO_OBJECTS_IN_VIEW,
47669943/15207.347,,,NO_OBJECTS_IN_VIEW,
47669943/15212.445,,,NO_OBJECTS_IN_VIEW,
47669943/15217.443,,,NO_OBJECTS_IN_VIEW,
47669943/15222.558,,,NO_OBJECTS_IN_VIEW,
47669943/15227.556,,,NO_OBJECTS_IN_VIEW,
47669984/28922.414,,,NO_OBJECTS_IN_VIEW,
47669984/28931.310,,,NO_OBJECTS_IN_VIEW,
47669984/28940.107,,,NO_OBJECTS_IN_VIEW,
47669984/28948.903,,,NO_OBJECTS_IN_VIEW,
47669984/28957.816,,,NO_OBJECTS_IN_VIEW,
47669984/28966.612,,,NO_OBJECTS_IN_VIEW,
47670116/41750.111,,,NO_OBJECTS_IN_VIEW,
47670116/41766.104,,,NO_OBJECTS_IN_VIEW,
47670116/41774.101,,,NO_OBJECTS_IN_VIEW,
47670116/41782.198,,,NO_OBJECTS_IN_VIEW,
47670116/41790.194,,,NO_OBJECTS_IN_VIEW,
47670116/41798.208,,,NO_OBJECTS_IN_VIEW,
47670116/41806.204,,,NO_OBJECTS_IN_VIEW,
47670124/41657.100,,,NO_OBJECTS_IN_VIEW,
47670124/41667.395,,,NO_OBJECTS_IN_VIEW,
47670124/41672.610,,,NO_OBJECTS_IN_VIEW,
47670124/41677.708,,,NO_OBJECTS_IN_VIEW,
47670124/41682.906,,,NO_OBJECTS_IN_VIEW,
47670124/41688.003,,,NO_OBJECTS_IN_VIEW,
47670136/39954.685,,,NO_OBJECTS_IN_VIEW,
47670136/39960.100,,,NO_OBJECTS_IN_VIEW,
47670136/39965.597,,,NO_OBJECTS_IN_VIEW,
47670136/39970.995,,,NO_OBJECTS_IN_VIEW,
47670136/39981.791,,,NO_OBJECTS_IN_VIEW,
47670158/40642.463,,,NO_OBJECTS_IN_VIEW,
47670158/40662.455,,,NO_OBJECTS_IN_VIEW,
47670158/40682.447,,,NO_OBJECTS_IN_VIEW,
47670158/40702.456,,,NO_OBJECTS_IN_VIEW,
47670158/40722.548,,,NO_OBJECTS_IN_VIEW,
47670158/40762.548,,,NO_OBJECTS_IN_VIEW,
47670158/40782.557,,,NO_OBJECTS_IN_VIEW,
47670201/53316.126,,,NO_OBJECTS_IN_VIEW,
47670201/53322.723,,,NO_OBJECTS_IN_VIEW,
47670201/53329.221,,,NO_OBJECTS_IN_VIEW,
47670201/53335.818,,,NO_OBJECTS_IN_VIEW,
47670201/53348.929,,,NO_OBJECTS_IN_VIEW,
47670201/53355.526,,,NO_OBJECTS_IN_VIEW,
47670232/52819.001,,,NO_OBJECTS_IN_VIEW,
47670232/52822.300,,,NO_OBJECTS_IN_VIEW,
47670232/52825.699,,,NO_OBJECTS_IN_VIEW,
47670232/52828.997,,,NO_OBJECTS_IN_VIEW,
47670232/52839.094,,,NO_OBJECTS_IN_VIEW,
47670232/52842.392,,,NO_OBJECTS_IN_VIEW,
47670242/63530.337,,,NO_OBJECTS_IN_VIEW,
47670242/63535.535,,,NO_OBJECTS_IN_VIEW,
47670242/63540.733,,,NO_OBJECTS_IN_VIEW,
47670242/63545.931,,,NO_OBJECTS_IN_VIEW,
47670242/63551.228,,,NO_OBJECTS_IN_VIEW,
47670242/63556.426,,,NO_OBJECTS_IN_VIEW,
47670242/63561.624,,,NO_OBJECTS_IN_VIEW,
47670242/63566.822,,,NO_OBJECTS_IN_VIEW,
47670299/63473.861,,,NO_OBJECTS_IN_VIEW,
47670299/63477.943,,,NO_OBJECTS_IN_VIEW,
47670299/63482.058,,,NO_OBJECTS_IN_VIEW,
47670299/63486.156,,,NO_OBJECTS_IN_VIEW,
47670299/63490.255,,,NO_OBJECTS_IN_VIEW,
47670299/63494.353,,,NO_OBJECTS_IN_VIEW,
47670299/63498.452,,,NO_OBJECTS_IN_VIEW,
47670299/63502.550,,,NO_OBJECTS_IN_VIEW,
47895191/38579.454,,,NO_OBJECTS_IN_VIEW,
47895191/38602.645,,,NO_OBJECTS_IN_VIEW,
47895191/38625.852,,,NO_OBJECTS_IN_VIEW,
47895191/38649.043,,,NO_OBJECTS_IN_VIEW,
47895191/38672.250,,,NO_OBJECTS_IN_VIEW,
47895191/38695.441,,,NO_OBJECTS_IN_VIEW,
47895206/39968.673,,,NO_OBJECTS_IN_VIEW,
47895206/39978.969,,,NO_OBJECTS_IN_VIEW,
47895206/39999.677,,,NO_OBJECTS_IN_VIEW,
47895206/40010.073,,,NO_OBJECTS_IN_VIEW,
47895206/40020.469,,,NO_OBJECTS_IN_VIEW,
47895206/40030.764,,,NO_OBJECTS_IN_VIEW,
47895206/40041.160,,,NO_OBJECTS_IN_VIEW,
47895233/73786.628,,,NO_OBJECTS_IN_VIEW,
47895233/73797.008,,,NO_OBJECTS_IN_VIEW,
47895233/73807.403,,,NO_OBJECTS_IN_VIEW,
47895233/73828.311,,,NO_OBJECTS_IN_VIEW,
47895233/73838.707,,,NO_OBJECTS_IN_VIEW,
47895233/73849.203,,,NO_OBJECTS_IN_VIEW,
47895235/73872.010,,,NO_OBJECTS_IN_VIEW,
47895235/73883.106,,,NO_OBJECTS_IN_VIEW,
47895235/73894.201,,,NO_OBJECTS_IN_VIEW,
47895235/73905.313,,,NO_OBJECTS_IN_VIEW,
47895235/73916.509,,,NO_OBJECTS_IN_VIEW,
47895235/73927.604,,,NO_OBJECTS_IN_VIEW,
47895320/92418.934,,,NO_OBJECTS_IN_VIEW,
47895320/92437.610,,,NO_OBJECTS_IN_VIEW,
47895320/92456.419,,,NO_OBJECTS_IN_VIEW,
47895320/92475.111,,,NO_OBJECTS_IN_VIEW,
47895320/92493.920,,,NO_OBJECTS_IN_VIEW,
47895320/92512.613,,,NO_OBJECTS_IN_VIEW,
47895320/92531.405,,,NO_OBJECTS_IN_VIEW,
47895320/92550.114,,,NO_OBJECTS_IN_VIEW,
47895446/129337.321,,,NO_OBJECTS_IN_VIEW,
47895446/129370.107,,,NO_OBJECTS_IN_VIEW,
47895446/129381.103,,,NO_OBJECTS_IN_VIEW,
47895446/129392.098,,,NO_OBJECTS_IN_VIEW,
47895446/129414.006,,,NO_OBJECTS_IN_VIEW,
47895466/130423.131,,,NO_OBJECTS_IN_VIEW,
47895466/130430.228,,,NO_OBJECTS_IN_VIEW,
47895466/130437.425,,,NO_OBJECTS_IN_VIEW,
47895466/130444.622,,,NO_OBJECTS_IN_VIEW,
47895466/130451.719,,,NO_OBJECTS_IN_VIEW,
47895476/132573.357,,,NO_OBJECTS_IN_VIEW,
47895476/132590.133,,,NO_OBJECTS_IN_VIEW,
47895476/132623.736,,,NO_OBJECTS_IN_VIEW,
47895476/132640.629,,,NO_OBJECTS_IN_VIEW,
47895476/132674.232,,,NO_OBJECTS_IN_VIEW,
47895476/132691.042,,,NO_OBJECTS_IN_VIEW,
47895493/450846.793,,,NO_OBJECTS_IN_VIEW,
47895493/450865.385,,,NO_OBJECTS_IN_VIEW,
47895493/450870.083,,,NO_OBJECTS_IN_VIEW,
47895571/1153697.067,,,NO_OBJECTS_IN_VIEW,
47895571/1153705.764,,,NO_OBJECTS_IN_VIEW,
47895571/1153714.460,,,NO_OBJECTS_IN_VIEW,
47895571/1153723.257,,,NO_OBJECTS_IN_VIEW,
47895571/1153731.953,,,NO_OBJECTS_IN_VIEW,
47895571/1153740.650,,,NO_OBJECTS_IN_VIEW,
47895571/1153749.463,,,NO_OBJECTS_IN_VIEW,
47895571/1153758.159,,,NO_OBJECTS_IN_VIEW,
47895576/1155363.477,,,NO_OBJECTS_IN_VIEW,
47895576/1155370.158,,,NO_OBJECTS_IN_VIEW,
47895576/1155376.855,,,NO_OBJECTS_IN_VIEW,
47895576/1155383.553,,,NO_OBJECTS_IN_VIEW,
47895576/1155390.267,,,NO_OBJECTS_IN_VIEW,
47895576/1155396.964,,,NO_OBJECTS_IN_VIEW,
47895576/1155403.661,,,NO_OBJECTS_IN_VIEW,
47895576/1155410.359,,,NO_OBJECTS_IN_VIEW,
47895608/469861.298,,,NO_OBJECTS_IN_VIEW,
47895608/469876.075,,,NO_OBJECTS_IN_VIEW,
47895608/469905.880,,,NO_OBJECTS_IN_VIEW,
47895608/469920.774,,,NO_OBJECTS_IN_VIEW,
47895608/469935.584,,,NO_OBJECTS_IN_VIEW,
47895608/469950.478,,,NO_OBJECTS_IN_VIEW,
47895608/469965.372,,,NO_OBJECTS_IN_VIEW,
47895614/470349.027,,,NO_OBJECTS_IN_VIEW,
47895614/470363.321,,,NO_OBJECTS_IN_VIEW,
47895614/470391.909,,,NO_OBJECTS_IN_VIEW,
47895614/470406.220,,,NO_OBJECTS_IN_VIEW,
47895614/470420.514,,,NO_OBJECTS_IN_VIEW,
47895614/470434.808,,,NO_OBJECTS_IN_VIEW,
47895614/470449.119,,,NO_OBJECTS_IN_VIEW,
47895656/368589.203,,,NO_OBJECTS_IN_VIEW,
47895656/368595.184,,,NO_OBJECTS_IN_VIEW,
47895656/368601.282,,,NO_OBJECTS_IN_VIEW,
47895656/368604.280,,,NO_OBJECTS_IN_VIEW,
47895656/368607.379,,,NO_OBJECTS_IN_VIEW,
47895672/369289.292,,,NO_OBJECTS_IN_VIEW,
47895672/369292.991,,,NO_OBJECTS_IN_VIEW,
47895672/369296.789,,,NO_OBJECTS_IN_VIEW,
47895672/369300.488,,,NO_OBJECTS_IN_VIEW,
47895672/369304.286,,,NO_OBJECTS_IN_VIEW,
47895672/369307.985,,,NO_OBJECTS_IN_VIEW,
47895672/369311.783,,,NO_OBJECTS_IN_VIEW,
47895672/369315.482,,,NO_OBJECTS_IN_VIEW,
47895678/370087.298,,,NO_OBJECTS_IN_VIEW,
47895678/370090.380,,,NO_OBJECTS_IN_VIEW,
47895678/370093.479,,,NO_OBJECTS_IN_VIEW,
47895678/370099.676,,,NO_OBJECTS_IN_VIEW,
47895678/370102.775,,,NO_OBJECTS_IN_VIEW,
47895678/370105.873,,,NO_OBJECTS_IN_VIEW,
47895816/685891.154,,,NO_OBJECTS_IN_VIEW,
47895816/685897.851,,,NO_OBJECTS_IN_VIEW,
47895816/685904.448,,,NO_OBJECTS_IN_VIEW,
47895816/685917.660,,,NO_OBJECTS_IN_VIEW,
47895824/1219895.697,,,NO_OBJECTS_IN_VIEW,
47895824/1219902.795,,,NO_OBJECTS_IN_VIEW,
47895824/1219916.989,,,NO_OBJECTS_IN_VIEW,
47895824/1219924.186,,,NO_OBJECTS_IN_VIEW,
47895824/1219931.283,,,NO_OBJECTS_IN_VIEW,
47895824/1219938.397,,,NO_OBJECTS_IN_VIEW,
47895824/1219945.494,,,NO_OBJECTS_IN_VIEW,
47895830/1221774.945,,,NO_OBJECTS_IN_VIEW,
47895830/1221782.525,,,NO_OBJECTS_IN_VIEW,
47895830/1221790.139,,,NO_OBJECTS_IN_VIEW,
47895871/489408.215,,,NO_OBJECTS_IN_VIEW,
47895871/489419.394,,,NO_OBJECTS_IN_VIEW,
47895871/489430.589,,,NO_OBJECTS_IN_VIEW,
47895871/489441.801,,,NO_OBJECTS_IN_VIEW,
47895871/489453.097,,,NO_OBJECTS_IN_VIEW,
47895871/489475.504,,,NO_OBJECTS_IN_VIEW,
47895891/492771.842,,,NO_OBJECTS_IN_VIEW,
47895891/492795.233,,,NO_OBJECTS_IN_VIEW,
47895891/492803.129,,,NO_OBJECTS_IN_VIEW,
47895891/492810.926,,,NO_OBJECTS_IN_VIEW,
47895891/492818.723,,,NO_OBJECTS_IN_VIEW,
47895891/492826.520,,,NO_OBJECTS_IN_VIEW,
47895946/404940.486,,,NO_OBJECTS_IN_VIEW,
47895946/404944.685,,,NO_OBJECTS_IN_VIEW,
47895946/404949.000,,,NO_OBJECTS_IN_VIEW,
47895946/404953.298,,,NO_OBJECTS_IN_VIEW,
47895946/404957.496,,,NO_OBJECTS_IN_VIEW,
47895951/404995.714,,,NO_OBJECTS_IN_VIEW,
47895951/405001.695,,,NO_OBJECTS_IN_VIEW,
47895951/405010.791,,,NO_OBJECTS_IN_VIEW,
47895951/405016.788,,,NO_OBJECTS_IN_VIEW,
47895962/406739.216,,,NO_OBJECTS_IN_VIEW,
47895962/406745.114,,,NO_OBJECTS_IN_VIEW,
47895962/406750.912,,,NO_OBJECTS_IN_VIEW,
47895962/406756.809,,,NO_OBJECTS_IN_VIEW,
47895962/406762.707,,,NO_OBJECTS_IN_VIEW,
47895962/406768.504,,,NO_OBJECTS_IN_VIEW,
47895962/406774.419,,,NO_OBJECTS_IN_VIEW,
48017887/80014.220,,,NO_OBJECTS_IN_VIEW,
48017887/80024.016,,,NO_OBJECTS_IN_VIEW,
48017887/80043.825,,,NO_OBJECTS_IN_VIEW,
48017887/80063.517,,,NO_OBJECTS_IN_VIEW,
48017887/80083.325,,,NO_OBJECTS_IN_VIEW,
48017892/80802.674,,,NO_OBJECTS_IN_VIEW,
48017950/455706.315,,,NO_OBJECTS_IN_VIEW,
48017950/455712.113,,,NO_OBJECTS_IN_VIEW,
48017950/455729.522,,,NO_OBJECTS_IN_VIEW,
48018012/458777.013,,,NO_OBJECTS_IN_VIEW,
48018012/458786.392,,,NO_OBJECTS_IN_VIEW,
48018012/458795.888,,,NO_OBJECTS_IN_VIEW,
48018012/458805.401,,,NO_OBJECTS_IN_VIEW,
48018012/458814.897,,,NO_OBJECTS_IN_VIEW,
48018012/458824.293,,,NO_OBJECTS_IN_VIEW,
48018012/458833.789,,,NO_OBJECTS_IN_VIEW,
48018012/458843.285,,,NO_OBJECTS_IN_VIEW,
48018013/459209.403,,,NO_OBJECTS_IN_VIEW,
48018013/459213.784,,,NO_OBJECTS_IN_VIEW,
48018013/459218.182,,,NO_OBJECTS_IN_VIEW,
48018013/459222.581,,,NO_OBJECTS_IN_VIEW,
48018013/459226.979,,,NO_OBJECTS_IN_VIEW,
48018013/459231.377,,,NO_OBJECTS_IN_VIEW,
48018013/459240.190,,,NO_OBJECTS_IN_VIEW,
48018079/103481.649,,,NO_OBJECTS_IN_VIEW,
48018079/103500.741,,,NO_OBJECTS_IN_VIEW,
48018079/103510.237,,,NO_OBJECTS_IN_VIEW,
48018079/103529.429,,,NO_OBJECTS_IN_VIEW,
48018079/103538.942,,,NO_OBJECTS_IN_VIEW,
48018079/103548.538,,,NO_OBJECTS_IN_VIEW,
48018089/103966.060,,,NO_OBJECTS_IN_VIEW,
48018089/103972.741,,,NO_OBJECTS_IN_VIEW,
48018089/103979.438,,,NO_OBJECTS_IN_VIEW,
48018089/103986.152,,,NO_OBJECTS_IN_VIEW,
48018089/103992.949,,,NO_OBJECTS_IN_VIEW,
48018089/103999.646,,,NO_OBJECTS_IN_VIEW,
48018089/104006.344,,,NO_OBJECTS_IN_VIEW,
48018089/104013.041,,,NO_OBJECTS_IN_VIEW,
48018115/368393.271,,,NO_OBJECTS_IN_VIEW,
48018115/368409.647,,,NO_OBJECTS_IN_VIEW,
48018115/368426.140,,,NO_OBJECTS_IN_VIEW,
48018115/368434.354,,,NO_OBJECTS_IN_VIEW,
48018115/368450.747,,,NO_OBJECTS_IN_VIEW,
48018122/369192.479,,,NO_OBJECTS_IN_VIEW,
48018122/369204.574,,,NO_OBJECTS_IN_VIEW,
48018122/369216.769,,,NO_OBJECTS_IN_VIEW,
48018122/369241.059,,,NO_OBJECTS_IN_VIEW,
48018122/369253.271,,,NO_OBJECTS_IN_VIEW,
48018122/369265.366,,,NO_OBJECTS_IN_VIEW,
48018122/369277.561,,,NO_OBJECTS_IN_VIEW,
48018127/369128.573,,,NO_OBJECTS_IN_VIEW,
48018127/369136.170,,,NO_OBJECTS_IN_VIEW,
48018127/369159.160,,,NO_OBJECTS_IN_VIEW,
48018127/369166.873,,,NO_OBJECTS_IN_VIEW,
48018127/369182.167,,,NO_OBJECTS_IN_VIEW,
48018165/374994.211,,,NO_OBJECTS_IN_VIEW,
48018165/374996.494,,,NO_OBJECTS_IN_VIEW,
48018165/374998.793,,,NO_OBJECTS_IN_VIEW,
48018165/375001.092,,,NO_OBJECTS_IN_VIEW,
48018165/375003.391,,,NO_OBJECTS_IN_VIEW,
48018165/375005.690,,,NO_OBJECTS_IN_VIEW,
48018165/375007.989,,,NO_OBJECTS_IN_VIEW,
48018165/375010.305,,,NO_OBJECTS_IN_VIEW,
48018228/468955.730,,,NO_OBJECTS_IN_VIEW,
48018228/468959.428,,,NO_OBJECTS_IN_VIEW,
48018228/468972.023,,,NO_OBJECTS_IN_VIEW,
48018228/468975.822,,,NO_OBJECTS_IN_VIEW,
48018228/468979.520,,,NO_OBJECTS_IN_VIEW,
48018228/468983.219,,,NO_OBJECTS_IN_VIEW,
48018238/469324.077,,,NO_OBJECTS_IN_VIEW,
48018238/469327.476,,,NO_OBJECTS_IN_VIEW,
48018238/469330.874,,,NO_OBJECTS_IN_VIEW,
48018238/469334.273,,,NO_OBJECTS_IN_VIEW,
48018238/469337.671,,,NO_OBJECTS_IN_VIEW,
48018238/469341.070,,,NO_OBJECTS_IN_VIEW,
48018238/469344.469,,,NO_OBJECTS_IN_VIEW,
48018238/469347.867,,,NO_OBJECTS_IN_VIEW,
48018252/470170.748,,,NO_OBJECTS_IN_VIEW,
48018252/470175.130,,,NO_OBJECTS_IN_VIEW,
48018252/470179.628,,,NO_OBJECTS_IN_VIEW,
48018252/470197.437,,,NO_OBJECTS_IN_VIEW,
48018252/470201.935,,,NO_OBJECTS_IN_VIEW,
48018286/799446.029,,,NO_OBJECTS_IN_VIEW,
48018291/800058.447,,,NO_OBJECTS_IN_VIEW,
48018291/800064.728,,,NO_OBJECTS_IN_VIEW,
48018291/800071.025,,,NO_OBJECTS_IN_VIEW,
48018291/800083.720,,,NO_OBJECTS_IN_VIEW,
48018291/800090.018,,,NO_OBJECTS_IN_VIEW,
48018291/800096.432,,,NO_OBJECTS_IN_VIEW,
48018291/800102.729,,,NO_OBJECTS_IN_VIEW,
48018315/109641.970,,,NO_OBJECTS_IN_VIEW,
48018315/109647.168,,,NO_OBJECTS_IN_VIEW,
48018315/109652.366,,,NO_OBJECTS_IN_VIEW,
48018315/109668.060,,,NO_OBJECTS_IN_VIEW,
48018315/109673.258,,,NO_OBJECTS_IN_VIEW,
48018412/394243.954,,,NO_OBJECTS_IN_VIEW,
48018412/394249.551,,,NO_OBJECTS_IN_VIEW,
48018412/394260.747,,,NO_OBJECTS_IN_VIEW,
48018412/394266.444,,,NO_OBJECTS_IN_VIEW,
48018412/394272.042,,,NO_OBJECTS_IN_VIEW,
48018412/394277.640,,,NO_OBJECTS_IN_VIEW,
48018412/394283.237,,,NO_OBJECTS_IN_VIEW,
48018426/395608.330,,,NO_OBJECTS_IN_VIEW,
48018426/395652.928,,,NO_OBJECTS_IN_VIEW,
48018426/395664.123,,,NO_OBJECTS_IN_VIEW,
48018455/527082.287,,,NO_OBJECTS_IN_VIEW,
48018455/527094.481,,,NO_OBJECTS_IN_VIEW,
48018455/527100.579,,,NO_OBJECTS_IN_VIEW,
48018455/527106.676,,,NO_OBJECTS_IN_VIEW,
48018455/527112.774,,,NO_OBJECTS_IN_VIEW,
48018486/529026.591,,,NO_OBJECTS_IN_VIEW,
48018486/529034.688,,,NO_OBJECTS_IN_VIEW,
48018486/529038.786,,,NO_OBJECTS_IN_VIEW,
48018486/529042.885,,,NO_OBJECTS_IN_VIEW,
48018486/529046.883,,,NO_OBJECTS_IN_VIEW,
48018486/529055.080,,,NO_OBJECTS_IN_VIEW,
48018531/823360.212,,,NO_OBJECTS_IN_VIEW,
48018531/823368.892,,,NO_OBJECTS_IN_VIEW,
48018531/823394.998,,,NO_OBJECTS_IN_VIEW,
48018531/823403.695,,,NO_OBJECTS_IN_VIEW,
48018542/829017.513,,,NO_OBJECTS_IN_VIEW,
48018542/829021.595,,,NO_OBJECTS_IN_VIEW,
48018542/829025.793,,,NO_OBJECTS_IN_VIEW,
48018542/829029.991,,,NO_OBJECTS_IN_VIEW,
48018542/829034.189,,,NO_OBJECTS_IN_VIEW,
48018542/829038.288,,,NO_OBJECTS_IN_VIEW,
48018542/829042.486,,,NO_OBJECTS_IN_VIEW,
48018542/829046.684,,,NO_OBJECTS_IN_VIEW,
48018549/830110.153,,,NO_OBJECTS_IN_VIEW,
48018549/830119.349,,,NO_OBJECTS_IN_VIEW,
48018549/830128.645,,,NO_OBJECTS_IN_VIEW,
48018549/830137.842,,,NO_OBJECTS_IN_VIEW,
48018549/830147.138,,,NO_OBJECTS_IN_VIEW,
48018549/830156.451,,,NO_OBJECTS_IN_VIEW,
48018549/830165.647,,,NO_OBJECTS_IN_VIEW,
48018549/830174.943,,,NO_OBJECTS_IN_VIEW,
48018634/635904.405,,,NO_OBJECTS_IN_VIEW,
48018634/635914.401,,,NO_OBJECTS_IN_VIEW,
48018634/635924.497,,,NO_OBJECTS_IN_VIEW,
48018634/635964.897,,,NO_OBJECTS_IN_VIEW,
48018634/635974.993,,,NO_OBJECTS_IN_VIEW,
48018697/544842.972,,,NO_OBJECTS_IN_VIEW,
48018697/544852.251,,,NO_OBJECTS_IN_VIEW,
48018697/544861.564,,,NO_OBJECTS_IN_VIEW,
48018697/544870.960,,,NO_OBJECTS_IN_VIEW,
48018697/544880.256,,,NO_OBJECTS_IN_VIEW,
48018697/544889.553,,,NO_OBJECTS_IN_VIEW,
48018697/544898.965,,,NO_OBJECTS_IN_VIEW,
48018713/546123.861,,,NO_OBJECTS_IN_VIEW,
48018713/546132.257,,,NO_OBJECTS_IN_VIEW,
48018713/546136.456,,,NO_OBJECTS_IN_VIEW,
48018713/546140.654,,,NO_OBJECTS_IN_VIEW,
48018713/546144.852,,,NO_OBJECTS_IN_VIEW,
48018713/546149.051,,,NO_OBJECTS_IN_VIEW,
48018713/546153.249,,,NO_OBJECTS_IN_VIEW,
48018721/546323.353,,,NO_OBJECTS_IN_VIEW,
48018721/546325.952,,,NO_OBJECTS_IN_VIEW,
48018721/546328.651,,,NO_OBJECTS_IN_VIEW,
48018721/546331.350,,,NO_OBJECTS_IN_VIEW,
48018721/546334.048,,,NO_OBJECTS_IN_VIEW,
48018721/546336.647,,,NO_OBJECTS_IN_VIEW,
48018721/546339.346,,,NO_OBJECTS_IN_VIEW,
48018721/546342.045,,,NO_OBJECTS_IN_VIEW,
48018760/15034.796,,,NO_OBJECTS_IN_VIEW,
48018760/15047.575,,,NO_OBJECTS_IN_VIEW,
48018760/15124.377,,,NO_OBJECTS_IN_VIEW,
48018771/14013.274,,,NO_OBJECTS_IN_VIEW,
48018771/14040.079,,,NO_OBJECTS_IN_VIEW,
48018771/14066.885,,,NO_OBJECTS_IN_VIEW,
48018791/18050.974,,,NO_OBJECTS_IN_VIEW,
48018791/18058.055,,,NO_OBJECTS_IN_VIEW,
48018791/18065.268,,,NO_OBJECTS_IN_VIEW,
48018791/18086.660,,,NO_OBJECTS_IN_VIEW,
48018791/18093.857,,,NO_OBJECTS_IN_VIEW,
48018791/18100.954,,,NO_OBJECTS_IN_VIEW,
48018802/18892.398,,,NO_OBJECTS_IN_VIEW,
48018802/18922.802,,,NO_OBJECTS_IN_VIEW,
48018802/18930.399,,,NO_OBJECTS_IN_VIEW,
48018845/649696.753,,,NO_OBJECTS_IN_VIEW,
48018845/649707.632,,,NO_OBJECTS_IN_VIEW,
48018845/649718.528,,,NO_OBJECTS_IN_VIEW,
48018845/649729.423,,,NO_OBJECTS_IN_VIEW,
48018845/649740.336,,,NO_OBJECTS_IN_VIEW,
48018845/649751.231,,,NO_OBJECTS_IN_VIEW,
48018845/649762.127,,,NO_OBJECTS_IN_VIEW,
48018845/649773.022,,,NO_OBJECTS_IN_VIEW,
48018851/650549.781,,,NO_OBJECTS_IN_VIEW,
48018851/650573.488,,,NO_OBJECTS_IN_VIEW,
48018851/650597.278,,,NO_OBJECTS_IN_VIEW,
48018853/650446.906,,,NO_OBJECTS_IN_VIEW,
48018853/650459.684,,,NO_OBJECTS_IN_VIEW,
48018853/650466.181,,,NO_OBJECTS_IN_VIEW,
48018853/650472.579,,,NO_OBJECTS_IN_VIEW,
48018853/650478.976,,,NO_OBJECTS_IN_VIEW,
48018853/650491.888,,,NO_OBJECTS_IN_VIEW,
48018887/653773.203,,,NO_OBJECTS_IN_VIEW,
48018887/653777.001,,,NO_OBJECTS_IN_VIEW,
48018887/653784.598,,,NO_OBJECTS_IN_VIEW,
48018887/653788.297,,,NO_OBJECTS_IN_VIEW,
48018887/653792.095,,,NO_OBJECTS_IN_VIEW,
48018887/653795.894,,,NO_OBJECTS_IN_VIEW,
48018900/655452.704,,,NO_OBJECTS_IN_VIEW,
48018900/655458.102,,,NO_OBJECTS_IN_VIEW,
48018900/655468.898,,,NO_OBJECTS_IN_VIEW,
48018900/655479.693,,,NO_OBJECTS_IN_VIEW,
48018900/655485.108,,,NO_OBJECTS_IN_VIEW,
48018900/655490.506,,,NO_OBJECTS_IN_VIEW,
48018915/553404.052,,,NO_OBJECTS_IN_VIEW,
48018915/553424.344,,,NO_OBJECTS_IN_VIEW,
48018915/553434.440,,,NO_OBJECTS_IN_VIEW,
48018915/553444.652,,,NO_OBJECTS_IN_VIEW,
48018915/553464.944,,,NO_OBJECTS_IN_VIEW,
48018915/553475.040,,,NO_OBJECTS_IN_VIEW,
48018923/554298.325,,,NO_OBJECTS_IN_VIEW,
48018923/554303.106,,,NO_OBJECTS_IN_VIEW,
48018923/554308.004,,,NO_OBJECTS_IN_VIEW,
48018923/554312.819,,,NO_OBJECTS_IN_VIEW,
48018923/554317.717,,,NO_OBJECTS_IN_VIEW,
48018923/554322.515,,,NO_OBJECTS_IN_VIEW,
48018923/554327.413,,,NO_OBJECTS_IN_VIEW,
48018923/554332.211,,,NO_OBJECTS_IN_VIEW,
48018932/554656.729,,,NO_OBJECTS_IN_VIEW,
48018932/554660.011,,,NO_OBJECTS_IN_VIEW,
48018932/554663.309,,,NO_OBJECTS_IN_VIEW,
48018932/554666.608,,,NO_OBJECTS_IN_VIEW,
48018932/554669.907,,,NO_OBJECTS_IN_VIEW,
48018932/554673.205,,,NO_OBJECTS_IN_VIEW,
48018932/554676.504,,,NO_OBJECTS_IN_VIEW,
48018932/554679.802,,,NO_OBJECTS_IN_VIEW,
48458221/76868.889,,,NO_OBJECTS_IN_VIEW,
48458221/76876.686,,,NO_OBJECTS_IN_VIEW,
48458221/76884.482,,,NO_OBJECTS_IN_VIEW,
48458221/76892.279,,,NO_OBJECTS_IN_VIEW,
48458221/76900.093,,,NO_OBJECTS_IN_VIEW,
48458245/78507.011,,,NO_OBJECTS_IN_VIEW,
48458245/78510.527,,,NO_OBJECTS_IN_VIEW,
48458245/78517.624,,,NO_OBJECTS_IN_VIEW,
48458245/78521.122,,,NO_OBJECTS_IN_VIEW,
48458245/78524.621,,,NO_OBJECTS_IN_VIEW,
48458245/78528.119,,,NO_OBJECTS_IN_VIEW,
48458260/74250.865,,,NO_OBJECTS_IN_VIEW,
48458260/74265.260,,,NO_OBJECTS_IN_VIEW,
48458260/74279.770,,,NO_OBJECTS_IN_VIEW,
48458260/74294.165,,,NO_OBJECTS_IN_VIEW,
48458260/74308.559,,,NO_OBJECTS_IN_VIEW,
48458260/74323.070,,,NO_OBJECTS_IN_VIEW,
48458301/77357.149,,,NO_OBJECTS_IN_VIEW,
48458301/77362.430,,,NO_OBJECTS_IN_VIEW,
48458301/77367.728,,,NO_OBJECTS_IN_VIEW,
48458301/77373.026,,,NO_OBJECTS_IN_VIEW,
48458301/77378.441,,,NO_OBJECTS_IN_VIEW,
48458301/77383.739,,,NO_OBJECTS_IN_VIEW,
48458301/77389.037,,,NO_OBJECTS_IN_VIEW,
48458301/77394.334,,,NO_OBJECTS_IN_VIEW,
48458582/1531.418,,,NO_OBJECTS_IN_VIEW,
48458582/1535.399,,,NO_OBJECTS_IN_VIEW,
48458582/1539.398,,,NO_OBJECTS_IN_VIEW,
48458582/1543.496,,,NO_OBJECTS_IN_VIEW,
48458582/1547.494,,,NO_OBJECTS_IN_VIEW,
48458582/1551.493,,,NO_OBJECTS_IN_VIEW,
48458582/1555.591,,,NO_OBJECTS_IN_VIEW,
48458582/1559.589,,,NO_OBJECTS_IN_VIEW,
48458626/127617.511,,,NO_OBJECTS_IN_VIEW,
48458626/127631.006,,,NO_OBJECTS_IN_VIEW,
48458626/127644.500,,,NO_OBJECTS_IN_VIEW,
48458626/127657.995,,,NO_OBJECTS_IN_VIEW,
48458626/127671.506,,,NO_OBJECTS_IN_VIEW,
48458626/127685.001,,,NO_OBJECTS_IN_VIEW,
48458626/127698.496,,,NO_OBJECTS_IN_VIEW,
48458626/127712.007,,,NO_OBJECTS_IN_VIEW,
48458714/137765.812,,,NO_OBJECTS_IN_VIEW,
48458716/137818.824,,,NO_OBJECTS_IN_VIEW,
48458716/137825.321,,,NO_OBJECTS_IN_VIEW,
48458762/141736.160,,,NO_OBJECTS_IN_VIEW,
48458762/141744.557,,,NO_OBJECTS_IN_VIEW,
48458762/141752.954,,,NO_OBJECTS_IN_VIEW,
48458762/141761.367,,,NO_OBJECTS_IN_VIEW,
48458762/141769.664,,,NO_OBJECTS_IN_VIEW,
48458762/141778.060,,,NO_OBJECTS_IN_VIEW,
48458762/141786.457,,,NO_OBJECTS_IN_VIEW,
48458766/142219.459,,,NO_OBJECTS_IN_VIEW,
48458766/142229.155,,,NO_OBJECTS_IN_VIEW,
48458766/142234.054,,,NO_OBJECTS_IN_VIEW,
48458766/142238.852,,,NO_OBJECTS_IN_VIEW,
48458766/142243.750,,,NO_OBJECTS_IN_VIEW,
48458766/142248.548,,,NO_OBJECTS_IN_VIEW,
48458772/142262.875,,,NO_OBJECTS_IN_VIEW,
48458772/142275.854,,,NO_OBJECTS_IN_VIEW,
48458772/142288.948,,,NO_OBJECTS_IN_VIEW,
48458772/142301.960,,,NO_OBJECTS_IN_VIEW,
48458772/142315.055,,,NO_OBJECTS_IN_VIEW,
48458772/142328.150,,,NO_OBJECTS_IN_VIEW,
48458772/142341.144,,,NO_OBJECTS_IN_VIEW,
48458772/142354.256,,,NO_OBJECTS_IN_VIEW,
