image_id,question_type,reason_code,detail
kv1/NYUdata/NYU0001,left_right,NO_PAIR_CLEARS_GATES,
kv1/NYUdata/NYU0007,left_right,INSUFFICIENT_SINGLE_INSTANCE_OBJECTS,
kv1/NYUdata/NYU0016,left_right,INSUFFICIENT_SINGLE_INSTANCE_OBJECTS,
kv1/NYUdata/NYU0025,left_right,INSUFFICIENT_SINGLE_INSTANCE_OBJECTS,
kv1/NYUdata/NYU0026,left_right,INSUFFICIENT_SINGLE_INSTANCE_OBJECTS,
kv1/NYUdata/NYU0027,left_right,INSUFFICIENT_SINGLE_INSTANCE_OBJECTS,
kv1/NYUdata/NYU0031,left_right,NO_PAIR_CLEARS_GATES,
kv1/NYUdata/NYU0040,left_right,INSUFFICIENT_SINGLE_INSTANCE_OBJECTS,
kv1/NYUdata/NYU0065,left_right,INSUFFICIENT_SINGLE_INSTANCE_OBJECTS,
kv1/NYUdata/NYU0072,left_right,INSUFFICIENT_SINGLE_INSTANCE_OBJECTS,
kv1/NYUdata/NYU0074,left_right,INSUFFICIENT_SINGLE_INSTANCE_OBJECTS,
kv1/NYUdata/NYU0078,left_right,INSUFFICIENT_SINGLE_INSTANCE_OBJECTS,
kv1/NYUdata/NYU0084,left_right,INSUFFICIENT_SINGLE_INSTANCE_OBJECTS,
kv1/NYUdata/NYU0085,left_right,INSUFFICIENT_SINGLE_INSTANCE_OBJECTS,
kv1/NYUdata/NYU0086,left_right,INSUFFICIENT_SINGLE_INSTANCE_OBJECTS,
kv1/NYUdata/NYU0088,left_right,INSUFFICIENT_SINGLE_INSTANCE_OBJECTS,
kv1/NYUdata/NYU0089,left_right,INSUFFICIENT_SINGLE_INSTANCE_OBJECTS,
kv1/NYUdata/NYU0090,left_right,INSUFFICIENT_SINGLE_INSTANCE_OBJECTS,
kv1/NYUdata/NYU0092,left_right,INSUFFICIENT_SINGLE_INSTANCE_OBJECTS,
kv1/NYUdata/NYU0094,left_right,INSUFFICIENT_SINGLE_INSTANCE_OBJECTS,
kv1/NYUdata/NYU0096,left_right,INSUFFICIENT_SINGLE_INSTANCE_OBJECTS,
kv1/NYUdata/NYU0097,left_right,INSUFFICIENT_SINGLE_INSTANCE_OBJECTS,
kv1/NYUdata/NYU0099,left_right,INSUFFICIENT_SINGLE_INSTANCE_OBJECTS,
kv1/NYUdata/NYU0100,left_right,NO_PAIR_CLEARS_GATES,
kv1/NYUdata/NYU0101,left_right,INSUFFICIENT_SINGLE_INSTANCE_OBJECTS,
kv1/NYUdata/NYU0103,left_right,INSUFFICIENT_SINGLE_INSTANCE_OBJECTS,
kv1/NYUdata/NYU0105,left_right,INSUFFICIENT_SINGLE_INSTANCE_OBJECTS,
kv1/NYUdata/NYU0106,left_right,INSUFFICIENT_SINGLE_INSTANCE_OBJECTS,
kv1/NYUdata/NYU0107,left_right,INSUFFICIENT_SINGLE_INSTANCE_OBJECTS,
kv1/NYUdata/NYU0111,left_right,INSUFFICIENT_SINGLE_INSTANCE_OBJECTS,
kv1/NYUdata/NYU0113,left_right,INSUFFICIENT_SINGLE_INSTANCE_OBJECTS,
kv1/NYUdata/NYU0117,left_right,INSUFFICIENT_SINGLE_INSTANCE_OBJECTS,
kv1/NYUdata/NYU0120,left_right,INSUFFICIENT_SINGLE_INSTANCE_OBJECTS,
kv1/NYUdata/NYU0149,left_right,INSUFFICIENT_SINGLE_INSTANCE_OBJECTS,
kv1/NYUdata/NYU0154,left_right,INSUFFICIENT_SINGLE_INSTANCE_OBJECTS,
kv1/NYUdata/NYU0157,left_right,INSUFFICIENT_SINGLE_INSTANCE_OBJECTS,
kv1/NYUdata/NYU0166,left_right,NO_PAIR_CLEARS_GATES,
kv1/NYUdata/NYU0167,left_right,INSUFFICIENT_SINGLE_INSTANCE_OBJECTS,
kv1/NYUdata/NYU0199,left_right,INSUFFICIENT_SINGLE_INSTANCE_OBJECTS,
kv1/NYUdata/NYU0210,left_right,INSUFFICIENT_SINGLE_INSTANCE_OBJECTS,
kv1/NYUdata/NYU0233,left_right,INSUFFICIENT_SINGLE_INSTANCE_OBJECTS,
kv1/NYUdata/NYU0236,left_right,NO_PAIR_CLEARS_GATES,
kv1/NYUdata/NYU0237,left_right,INSUFFICIENT_SINGLE_INSTANCE_OBJECTS,
kv1/NYUdata/NYU0246,left_right,NO_PAIR_CLEARS_GATES,
kv1/NYUdata/NYU0249,left_right,INSUFFICIENT_SINGLE_INSTANCE_OBJECTS,
kv1/NYUdata/NYU0271,left_right,INSUFFICIENT_SINGLE_INSTANCE_OBJECTS,
kv1/NYUdata/NYU0272,left_right,INSUFFICIENT_SINGLE_INSTANCE_OBJECTS,
kv1/NYUdata/NYU0273,left_right,INSUFFICIENT_SINGLE_INSTANCE_OBJECTS,
kv1/NYUdata/NYU0276,left_right,INSUFFICIENT_SINGLE_INSTANCE_OBJECTS,
kv1/NYUdata/NYU0277,left_right,INSUFFICIENT_SINGLE_INSTANCE_OBJECTS,
kv1/NYUdata/NYU0279,left_right,INSUFFICIENT_SINGLE_INSTANCE_OBJECTS,
kv1/NYUdata/NYU0284,left_right,INSUFFICIENT_SINGLE_INSTANCE_OBJECTS,
kv1/NYUdata/NYU0286,left_right,INSUFFICIENT_SINGLE_INSTANCE_OBJECTS,
kv1/NYUdata/NYU0288,left_right,NO_PAIR_CLEARS_GATES,
kv1/NYUdata/NYU0293,left_right,INSUFFICIENT_SINGLE_INSTANCE_OBJECTS,
kv1/NYUdata/NYU0302,left_right,NO_PAIR_CLEARS_GATES,
kv1/NYUdata/NYU0307,left_right,INSUFFICIENT_SINGLE_INSTANCE_OBJECTS,
kv1/NYUdata/NYU0308,left_right,INSUFFICIENT_SINGLE_INSTANCE_OBJECTS,
kv1/NYUdata/NYU0309,left_right,INSUFFICIENT_SINGLE_INSTANCE_OBJECTS,
kv1/NYUdata/NYU0310,left_right,INSUFFICIENT_SINGLE_INSTANCE_OBJECTS,
kv1/NYUdata/NYU0315,left_right,INSUFFICIENT_SINGLE_INSTANCE_OBJECTS,
kv1/NYUdata/NYU0324,left_right,INSUFFICIENT_SINGLE_INSTANCE_OBJECTS,
kv1/NYUdata/NYU0325,left_right,INSUFFICIENT_SINGLE_INSTANCE_OBJECTS,
kv1/NYUdata/NYU0332,left_right,INSUFFICIENT_SINGLE_INSTANCE_OBJECTS,
kv1/NYUdata/NYU0333,left_right,INSUFFICIENT_SINGLE_INSTANCE_OBJECTS,
kv1/NYUdata/NYU0334,left_right,INSUFFICIENT_SINGLE_INSTANCE_OBJECTS,
kv1/NYUdata/NYU0335,left_right,INSUFFICIENT_SINGLE_INSTANCE_OBJECTS,
kv1/NYUdata/NYU0344,left_right,INSUFFICIENT_SINGLE_INSTANCE_OBJECTS,
kv1/NYUdata/NYU0362,left_right,INSUFFICIENT_SINGLE_INSTANCE_OBJECTS,
kv1/NYUdata/NYU0386,left_right,NO_PAIR_CLEARS_GATES,
kv1/NYUdata/NYU0394,left_right,NO_PAIR_CLEARS_GATES,
kv1/NYUdata/NYU0406,left_right,NO_PAIR_CLEARS_GATES,
kv1/NYUdata/NYU0413,left_right,INSUFFICIENT_SINGLE_INSTANCE_OBJECTS,
kv1/NYUdata/NYU0415,left_right,INSUFFICIENT_SINGLE_INSTANCE_OBJECTS,
kv1/NYUdata/NYU0425,left_right,INSUFFICIENT_SINGLE_INSTANCE_OBJECTS,
kv1/NYUdata/NYU0426,left_right,INSUFFICIENT_SINGLE_INSTANCE_OBJECTS,
kv1/NYUdata/NYU0427,left_right,NO_PAIR_CLEARS_GATES,
kv1/NYUdata/NYU0439,left_right,NO_PAIR_CLEARS_GATES,
kv1/NYUdata/NYU0450,left_right,NO_PAIR_CLEARS_GATES,
kv1/NYUdata/NYU0452,left_right,NO_PAIR_CLEARS_GATES,
kv1/NYUdata/NYU0458,left_right,INSUFFICIENT_SINGLE_INSTANCE_OBJECTS,
kv1/NYUdata/NYU0463,left_right,INSUFFICIENT_SINGLE_INSTANCE_OBJECTS,
kv1/NYUdata/NYU0466,left_right,INSUFFICIENT_SINGLE_INSTANCE_OBJECTS,
kv1/NYUdata/NYU0471,left_right,INSUFFICIENT_SINGLE_INSTANCE_OBJECTS,
kv1/NYUdata/NYU0480,left_right,NO_PAIR_CLEARS_GATES,
kv1/NYUdata/NYU0481,left_right,INSUFFICIENT_SINGLE_INSTANCE_OBJECTS,
kv1/NYUdata/NYU0482,left_right,INSUFFICIENT_SINGLE_INSTANCE_OBJECTS,
kv1/NYUdata/NYU0483,left_right,INSUFFICIENT_SINGLE_INSTANCE_OBJECTS,
kv1/NYUdata/NYU0484,left_right,INSUFFICIENT_SINGLE_INSTANCE_OBJECTS,
kv1/NYUdata/NYU0490,left_right,NO_PAIR_CLEARS_GATES,
kv1/NYUdata/NYU0492,left_right,NO_PAIR_CLEARS_GATES,
kv1/NYUdata/NYU0550,left_right,INSUFFICIENT_SINGLE_INSTANCE_OBJECTS,
kv1/NYUdata/NYU0578,left_right,INSUFFICIENT_SINGLE_INSTANCE_OBJECTS,
kv1/NYUdata/NYU0598,left_right,INSUFFICIENT_SINGLE_INSTANCE_OBJECTS,
kv1/NYUdata/NYU0630,left_right,INSUFFICIENT_SINGLE_INSTANCE_OBJECTS,
kv1/NYUdata/NYU0631,left_right,INSUFFICIENT_SINGLE_INSTANCE_OBJECTS,
kv1/NYUdata/NYU0632,left_right,INSUFFICIENT_SINGLE_INSTANCE_OBJECTS,
kv1/NYUdata/NYU0640,left_right,INSUFFICIENT_SINGLE_INSTANCE_OBJECTS,
kv1/NYUdata/NYU0654,left_right,INSUFFICIENT_SINGLE_INSTANCE_OBJECTS,
kv1/NYUdata/NYU0658,left_right,INSUFFICIENT_SINGLE_INSTANCE_OBJECTS,
kv1/NYUdata/NYU0662,left_right,INSUFFICIENT_SINGLE_INSTANCE_OBJECTS,
kv1/NYUdata/NYU0707,left_right,NO_PAIR_CLEARS_GATES,
kv1/NYUdata/NYU0712,left_right,INSUFFICIENT_SINGLE_INSTANCE_OBJECTS,
kv1/NYUdata/NYU0714,left_right,NO_PAIR_CLEARS_GATES,
kv1/NYUdata/NYU0715,left_right,INSUFFICIENT_SINGLE_INSTANCE_OBJECTS,
kv1/NYUdata/NYU0718,left_right,INSUFFICIENT_SINGLE_INSTANCE_OBJECTS,
kv1/NYUdata/NYU0719,left_right,NO_PAIR_CLEARS_GATES,
kv1/NYUdata/NYU0727,left_right,NO_PAIR_CLEARS_GATES,
kv1/NYUdata/NYU0745,left_right,INSUFFICIENT_SINGLE_INSTANCE_OBJECTS,
kv1/NYUdata/NYU0759,left_right,NO_PAIR_CLEARS_GATES,
kv1/NYUdata/NYU0760,left_right,INSUFFICIENT_SINGLE_INSTANCE_OBJECTS,
kv1/NYUdata/NYU0761,left_right,INSUFFICIENT_SINGLE_INSTANCE_OBJECTS,
kv1/NYUdata/NYU0783,left_right,INSUFFICIENT_SINGLE_INSTANCE_OBJECTS,
kv1/NYUdata/NYU0794,left_right,INSUFFICIENT_SINGLE_INSTANCE_OBJECTS,
kv1/NYUdata/NYU0824,left_right,INSUFFICIENT_SINGLE_INSTANCE_OBJECTS,
kv1/NYUdata/NYU0831,left_right,NO_PAIR_CLEARS_GATES,
kv1/NYUdata/NYU0844,left_right,INSUFFICIENT_SINGLE_INSTANCE_OBJECTS,
kv1/NYUdata/NYU0846,left_right,NO_PAIR_CLEARS_GATES,
kv1/NYUdata/NYU0847,left_right,NO_PAIR_CLEARS_GATES,
kv1/NYUdata/NYU0851,left_right,NO_PAIR_CLEARS_GATES,
kv1/NYUdata/NYU0867,left_right,NO_PAIR_CLEARS_GATES,
kv1/NYUdata/NYU0890,left_right,INSUFFICIENT_SINGLE_INSTANCE_OBJECTS,
kv1/NYUdata/NYU0918,left_right,NO_PAIR_CLEARS_GATES,
kv1/NYUdata/NYU0924,left_right,NO_PAIR_CLEARS_GATES,
kv1/NYUdata/NYU0925,left_right,INSUFFICIENT_SINGLE_INSTANCE_OBJECTS,
kv1/NYUdata/NYU0963,left_right,INSUFFICIENT_SINGLE_INSTANCE_OBJECTS,
kv1/NYUdata/NYU0977,left_right,INSUFFICIENT_SINGLE_INSTANCE_OBJECTS,
kv1/NYUdata/NYU0978,left_right,INSUFFICIENT_SINGLE_INSTANCE_OBJECTS,
kv1/NYUdata/NYU0984,left_right,INSUFFICIENT_SINGLE_INSTANCE_OBJECTS,
kv1/NYUdata/NYU1000,left_right,NO_PAIR_CLEARS_GATES,
kv1/NYUdata/NYU1001,left_right,INSUFFICIENT_SINGLE_INSTANCE_OBJECTS,
kv1/NYUdata/NYU1002,left_right,NO_PAIR_CLEARS_GATES,
kv1/NYUdata/NYU1006,left_right,NO_PAIR_CLEARS_GATES,
kv1/NYUdata/NYU1018,left_right,INSUFFICIENT_SINGLE_INSTANCE_OBJECTS,
kv1/NYUdata/NYU1019,left_right,INSUFFICIENT_SINGLE_INSTANCE_OBJECTS,
kv1/NYUdata/NYU1042,left_right,INSUFFICIENT_SINGLE_INSTANCE_OBJECTS,
kv1/NYUdata/NYU1047,left_right,INSUFFICIENT_SINGLE_INSTANCE_OBJECTS,
kv1/NYUdata/NYU1057,left_right,INSUFFICIENT_SINGLE_INSTANCE_OBJECTS,
kv1/NYUdata/NYU1091,left_right,NO_PAIR_CLEARS_GATES,
kv1/NYUdata/NYU1096,left_right,NO_PAIR_CLEARS_GATES,
kv1/NYUdata/NYU1117,left_right,INSUFFICIENT_SINGLE_INSTANCE_OBJECTS,
kv1/NYUdata/NYU1120,left_right,INSUFFICIENT_SINGLE_INSTANCE_OBJECTS,
kv1/NYUdata/NYU1127,left_right,INSUFFICIENT_SINGLE_INSTANCE_OBJECTS,
kv1/NYUdata/NYU1133,left_right,INSUFFICIENT_SINGLE_INSTANCE_OBJECTS,
kv1/NYUdata/NYU1135,left_right,INSUFFICIENT_SINGLE_INSTANCE_OBJECTS,
kv1/NYUdata/NYU1139,left_right,NO_PAIR_CLEARS_GATES,
kv1/NYUdata/NYU1146,left_right,INSUFFICIENT_SINGLE_INSTANCE_OBJECTS,
kv1/NYUdata/NYU1155,left_right,NO_PAIR_CLEARS_GATES,
kv1/NYUdata/NYU1173,left_right,INSUFFICIENT_SINGLE_INSTANCE_OBJECTS,
kv1/NYUdata/NYU1191,left_right,INSUFFICIENT_SINGLE_INSTANCE_OBJECTS,
kv1/NYUdata/NYU1193,left_right,INSUFFICIENT_SINGLE_INSTANCE_OBJECTS,
kv1/NYUdata/NYU1197,left_right,INSUFFICIENT_SINGLE_INSTANCE_OBJECTS,
kv1/NYUdata/NYU1199,left_right,INSUFFICIENT_SINGLE_INSTANCE_OBJECTS,
kv1/NYUdata/NYU1200,left_right,INSUFFICIENT_SINGLE_INSTANCE_OBJECTS,
kv1/NYUdata/NYU1201,left_right,INSUFFICIENT_SINGLE_INSTANCE_OBJECTS,
kv1/NYUdata/NYU1205,left_right,NO_PAIR_CLEARS_GATES,
kv1/NYUdata/NYU1206,left_right,NO_PAIR_CLEARS_GATES,
kv1/NYUdata/NYU1207,left_right,INSUFFICIENT_SINGLE_INSTANCE_OBJECTS,
kv1/NYUdata/NYU1212,left_right,NO_PAIR_CLEARS_GATES,
kv1/NYUdata/NYU1214,left_right,INSUFFICIENT_SINGLE_INSTANCE_OBJECTS,
kv1/NYUdata/NYU1216,left_right,INSUFFICIENT_SINGLE_INSTANCE_OBJECTS,
kv1/NYUdata/NYU1222,left_right,INSUFFICIENT_SINGLE_INSTANCE_OBJECTS,
kv1/NYUdata/NYU1224,left_right,INSUFFICIENT_SINGLE_INSTANCE_OBJECTS,
kv1/NYUdata/NYU1229,left_right,INSUFFICIENT_SINGLE_INSTANCE_OBJECTS,
kv1/NYUdata/NYU1232,left_right,INSUFFICIENT_SINGLE_INSTANCE_OBJECTS,
kv1/NYUdata/NYU1235,left_right,NO_PAIR_CLEARS_GATES,
kv1/NYUdata/NYU1240,left_right,NO_PAIR_CLEARS_GATES,
kv1/NYUdata/NYU1241,left_right,INSUFFICIENT_SINGLE_INSTANCE_OBJECTS,
kv1/NYUdata/NYU1243,left_right,NO_PAIR_CLEARS_GATES,
kv1/NYUdata/NYU1247,left_right,INSUFFICIENT_SINGLE_INSTANCE_OBJECTS,
kv1/NYUdata/NYU1251,left_right,INSUFFICIENT_SINGLE_INSTANCE_OBJECTS,
kv1/NYUdata/NYU1253,left_right,INSUFFICIENT_SINGLE_INSTANCE_OBJECTS,
kv1/NYUdata/NYU1256,left_right,INSUFFICIENT_SINGLE_INSTANCE_OBJECTS,
kv1/NYUdata/NYU1257,left_right,INSUFFICIENT_SINGLE_INSTANCE_OBJECTS,
kv1/NYUdata/NYU1265,left_right,INSUFFICIENT_SINGLE_INSTANCE_OBJECTS,
kv1/NYUdata/NYU1277,left_right,NO_PAIR_CLEARS_GATES,
kv1/NYUdata/NYU1281,left_right,INSUFFICIENT_SINGLE_INSTANCE_OBJECTS,
kv1/NYUdata/NYU1282,left_right,INSUFFICIENT_SINGLE_INSTANCE_OBJECTS,
kv1/NYUdata/NYU1284,left_right,NO_PAIR_CLEARS_GATES,
kv1/NYUdata/NYU1294,left_right,NO_PAIR_CLEARS_GATES,
kv1/NYUdata/NYU1296,left_right,INSUFFICIENT_SINGLE_INSTANCE_OBJECTS,
kv1/NYUdata/NYU1298,left_right,NO_PAIR_CLEARS_GATES,
kv1/NYUdata/NYU1299,left_right,INSUFFICIENT_SINGLE_INSTANCE_OBJECTS,
kv1/NYUdata/NYU1305,left_right,NO_PAIR_CLEARS_GATES,
kv1/NYUdata/NYU1306,left_right,NO_PAIR_CLEARS_GATES,
kv1/NYUdata/NYU1307,left_right,INSUFFICIENT_SINGLE_INSTANCE_OBJECTS,
kv1/NYUdata/NYU1311,left_right,INSUFFICIENT_SINGLE_INSTANCE_OBJECTS,
kv1/NYUdata/NYU1312,left_right,INSUFFICIENT_SINGLE_INSTANCE_OBJECTS,
kv1/NYUdata/NYU1318,left_right,INSUFFICIENT_SINGLE_INSTANCE_OBJECTS,
kv1/NYUdata/NYU1322,left_right,INSUFFICIENT_SINGLE_INSTANCE_OBJECTS,
kv1/NYUdata/NYU1340,left_right,INSUFFICIENT_SINGLE_INSTANCE_OBJECTS,
kv1/NYUdata/NYU1344,left_right,INSUFFICIENT_SINGLE_INSTANCE_OBJECTS,
kv1/NYUdata/NYU1346,left_right,INSUFFICIENT_SINGLE_INSTANCE_OBJECTS,
kv1/NYUdata/NYU1350,left_right,INSUFFICIENT_SINGLE_INSTANCE_OBJECTS,
kv1/NYUdata/NYU1352,left_right,INSUFFICIENT_SINGLE_INSTANCE_OBJECTS,
kv1/NYUdata/NYU1355,left_right,INSUFFICIENT_SINGLE_INSTANCE_OBJECTS,
kv1/NYUdata/NYU1362,left_right,INSUFFICIENT_SINGLE_INSTANCE_OBJECTS,
kv1/NYUdata/NYU1375,left_right,NO_PAIR_CLEARS_GATES,
kv1/NYUdata/NYU1378,left_right,NO_PAIR_CLEARS_GATES,
kv1/NYUdata/NYU1379,left_right,INSUFFICIENT_SINGLE_INSTANCE_OBJECTS,
kv1/NYUdata/NYU1380,left_right,INSUFFICIENT_SINGLE_INSTANCE_OBJECTS,
kv1/NYUdata/NYU1385,left_right,NO_PAIR_CLEARS_GATES,
kv1/NYUdata/NYU1387,left_right,INSUFFICIENT_SINGLE_INSTANCE_OBJECTS,
kv1/NYUdata/NYU1396,left_right,NO_PAIR_CLEARS_GATES,
kv1/NYUdata/NYU1397,left_right,INSUFFICIENT_SINGLE_INSTANCE_OBJECTS,
kv1/NYUdata/NYU1400,left_right,NO_PAIR_CLEARS_GATES,
kv1/NYUdata/NYU1401,left_right,NO_PAIR_CLEARS_GATES,
kv1/NYUdata/NYU1402,left_right,INSUFFICIENT_SINGLE_INSTANCE_OBJECTS,
kv1/NYUdata/NYU1403,left_right,INSUFFICIENT_SINGLE_INSTANCE_OBJECTS,
kv1/NYUdata/NYU1409,left_right,INSUFFICIENT_SINGLE_INSTANCE_OBJECTS,
kv1/NYUdata/NYU1414,left_right,NO_PAIR_CLEARS_GATES,
kv1/NYUdata/NYU1415,left_right,INSUFFICIENT_SINGLE_INSTANCE_OBJECTS,
kv1/NYUdata/NYU1418,left_right,INSUFFICIENT_SINGLE_INSTANCE_OBJECTS,
kv1/NYUdata/NYU1422,left_right,INSUFFICIENT_SINGLE_INSTANCE_OBJECTS,
kv1/NYUdata/NYU1430,left_right,NO_PAIR_CLEARS_GATES,
kv1/NYUdata/NYU1445,left_right,INSUFFICIENT_SINGLE_INSTANCE_OBJECTS,
kv1/NYUdata/NYU1447,left_right,INSUFFICIENT_SINGLE_INSTANCE_OBJECTS,
kv1/b3dodata/img_0079,left_right,NO_PAIR_CLEARS_GATES,
kv1/b3dodata/img_0087,left_right,NO_PAIR_CLEARS_GATES,
kv1/b3dodata/img_0091,left_right,INSUFFICIENT_SINGLE_INSTANCE_OBJECTS,
kv1/b3dodata/img_0092,left_right,INSUFFICIENT_SINGLE_INSTANCE_OBJECTS,
kv1/b3dodata/img_0112,left_right,INSUFFICIENT_SINGLE_INSTANCE_OBJECTS,
kv1/b3dodata/img_0118,left_right,NO_PAIR_CLEARS_GATES,
kv1/b3dodata/img_0138,left_right,INSUFFICIENT_SINGLE_INSTANCE_OBJECTS,
kv1/b3dodata/img_0142,left_right,INSUFFICIENT_SINGLE_INSTANCE_OBJECTS,
kv1/b3dodata/img_0143,left_right,INSUFFICIENT_SINGLE_INSTANCE_OBJECTS,
kv1/b3dodata/img_0155,left_right,INSUFFICIENT_SINGLE_INSTANCE_OBJECTS,
kv1/b3dodata/img_0166,left_right,INSUFFICIENT_SINGLE_INSTANCE_OBJECTS,
kv1/b3dodata/img_0168,left_right,NO_PAIR_CLEARS_GATES,
kv1/b3dodata/img_0181,left_right,NO_PAIR_CLEARS_GATES,
kv1/b3dodata/img_0184,left_right,INSUFFICIENT_SINGLE_INSTANCE_OBJECTS,
kv1/b3dodata/img_0185,left_right,NO_PAIR_CLEARS_GATES,
kv1/b3dodata/img_0213,left_right,INSUFFICIENT_SINGLE_INSTANCE_OBJECTS,
kv1/b3dodata/img_0222,left_right,INSUFFICIENT_SINGLE_INSTANCE_OBJECTS,
kv1/b3dodata/img_0228,left_right,INSUFFICIENT_SINGLE_INSTANCE_OBJECTS,
kv1/b3dodata/img_0248,left_right,NO_PAIR_CLEARS_GATES,
kv1/b3dodata/img_0250,left_right,INSUFFICIENT_SINGLE_INSTANCE_OBJECTS,
kv1/b3dodata/img_0251,left_right,NO_PAIR_CLEARS_GATES,
kv1/b3dodata/img_0258,left_right,INSUFFICIENT_SINGLE_INSTANCE_OBJECTS,
kv1/b3dodata/img_0281,left_right,NO_PAIR_CLEARS_GATES,
kv1/b3dodata/img_0285,left_right,NO_PAIR_CLEARS_GATES,
kv1/b3dodata/img_0286,left_right,INSUFFICIENT_SINGLE_INSTANCE_OBJECTS,
kv1/b3dodata/img_0296,left_right,INSUFFICIENT_SINGLE_INSTANCE_OBJECTS,
kv1/b3dodata/img_0297,left_right,NO_PAIR_CLEARS_GATES,
kv1/b3dodata/img_0301,left_right,INSUFFICIENT_SINGLE_INSTANCE_OBJECTS,
kv1/b3dodata/img_0302,left_right,NO_PAIR_CLEARS_GATES,
kv1/b3dodata/img_0303,left_right,NO_PAIR_CLEARS_GATES,
kv1/b3dodata/img_0305,left_right,NO_PAIR_CLEARS_GATES,
kv1/b3dodata/img_0306,left_right,INSUFFICIENT_SINGLE_INSTANCE_OBJECTS,
kv1/b3dodata/img_0318,left_right,INSUFFICIENT_SINGLE_INSTANCE_OBJECTS,
kv1/b3dodata/img_0321,left_right,INSUFFICIENT_SINGLE_INSTANCE_OBJECTS,
kv1/b3dodata/img_0340,left_right,INSUFFICIENT_SINGLE_INSTANCE_OBJECTS,
kv1/b3dodata/img_0387,left_right,NO_PAIR_CLEARS_GATES,
kv1/b3dodata/img_0397,left_right,NO_PAIR_CLEARS_GATES,
kv1/b3dodata/img_0400,left_right,INSUFFICIENT_SINGLE_INSTANCE_OBJECTS,
kv1/b3dodata/img_0405,left_right,NO_PAIR_CLEARS_GATES,
kv1/b3dodata/img_0413,left_right,NO_PAIR_CLEARS_GATES,
kv1/b3dodata/img_0425,left_right,NO_PAIR_CLEARS_GATES,
kv1/b3dodata/img_0429,left_right,INSUFFICIENT_SINGLE_INSTANCE_OBJECTS,
kv1/b3dodata/img_0450,left_right,INSUFFICIENT_SINGLE_INSTANCE_OBJECTS,
kv1/b3dodata/img_0454,left_right,INSUFFICIENT_SINGLE_INSTANCE_OBJECTS,
kv1/b3dodata/img_0456,left_right,INSUFFICIENT_SINGLE_INSTANCE_OBJECTS,
kv1/b3dodata/img_0487,left_right,INSUFFICIENT_SINGLE_INSTANCE_OBJECTS,
kv1/b3dodata/img_0488,left_right,INSUFFICIENT_SINGLE_INSTANCE_OBJECTS,
kv1/b3dodata/img_0494,left_right,INSUFFICIENT_SINGLE_INSTANCE_OBJECTS,
kv1/b3dodata/img_0520,left_right,INSUFFICIENT_SINGLE_INSTANCE_OBJECTS,
kv1/b3dodata/img_0549,left_right,INSUFFICIENT_SINGLE_INSTANCE_OBJECTS,
kv1/b3dodata/img_0560,left_right,INSUFFICIENT_SINGLE_INSTANCE_OBJECTS,
kv1/b3dodata/img_0581,left_right,NO_PAIR_CLEARS_GATES,
kv1/b3dodata/img_0593,left_right,INSUFFICIENT_SINGLE_INSTANCE_OBJECTS,
kv1/b3dodata/img_0630,left_right,INSUFFICIENT_SINGLE_INSTANCE_OBJECTS,
kv1/b3dodata/img_0637,left_right,INSUFFICIENT_SINGLE_INSTANCE_OBJECTS,
kv1/b3dodata/img_0639,left_right,NO_PAIR_CLEARS_GATES,
kv1/b3dodata/img_0653,left_right,INSUFFICIENT_SINGLE_INSTANCE_OBJECTS,
kv1/b3dodata/img_0657,left_right,INSUFFICIENT_SINGLE_INSTANCE_OBJECTS,
kv1/b3dodata/img_0660,left_right,NO_PAIR_CLEARS_GATES,
kv1/b3dodata/img_0696,left_right,INSUFFICIENT_SINGLE_INSTANCE_OBJECTS,
kv1/b3dodata/img_0698,left_right,INSUFFICIENT_SINGLE_INSTANCE_OBJECTS,
kv1/b3dodata/img_0720,left_right,INSUFFICIENT_SINGLE_INSTANCE_OBJECTS,
kv1/b3dodata/img_0779,left_right,INSUFFICIENT_SINGLE_INSTANCE_OBJECTS,
kv1/b3dodata/img_0785,left_right,INSUFFICIENT_SINGLE_INSTANCE_OBJECTS,
kv1/b3dodata/img_0807,left_right,INSUFFICIENT_SINGLE_INSTANCE_OBJECTS,
kv1/b3dodata/img_0820,left_right,INSUFFICIENT_SINGLE_INSTANCE_OBJECTS,
kv1/b3dodata/img_0832,left_right,INSUFFICIENT_SINGLE_INSTANCE_OBJECTS,
kv1/b3dodata/img_0837,left_right,INSUFFICIENT_SINGLE_INSTANCE_OBJECTS,
kv2/align_kv2/2014-12-18_11-35-27_260595134347,left_right,INSUFFICIENT_SINGLE_INSTANCE_OBJECTS,
kv2/align_kv2/2014-12-18_11-38-28_260595134347,left_right,INSUFFICIENT_SINGLE_INSTANCE_OBJECTS,
kv2/align_kv2/2014-12-18_11-38-49_260595134347,left_right,INSUFFICIENT_SINGLE_INSTANCE_OBJECTS,
kv2/align_kv2/2014-12-18_11-39-12_260595134347,left_right,NO_PAIR_CLEARS_GATES,
kv2/align_kv2/2014-12-18_11-40-59_260595134347,left_right,NO_PAIR_CLEARS_GATES,
kv2/align_kv2/2014-12-18_11-41-25_260595134347,left_right,INSUFFICIENT_SINGLE_INSTANCE_OBJECTS,
kv2/align_kv2/2014-12-18_11-42-41_260595134347,left_right,INSUFFICIENT_SINGLE_INSTANCE_OBJECTS,
kv2/align_kv2/2014-12-18_11-43-17_260595134347,left_right,INSUFFICIENT_SINGLE_INSTANCE_OBJECTS,
kv2/align_kv2/2014-12-18_11-43-32_260595134347,left_right,INSUFFICIENT_SINGLE_INSTANCE_OBJECTS,
kv2/align_kv2/2014-12-18_11-44-33_260595134347,left_right,NO_PAIR_CLEARS_GATES,
kv2/align_kv2/2014-12-18_11-46-45_260595134347,left_right,INSUFFICIENT_SINGLE_INSTANCE_OBJECTS,
kv2/align_kv2/2014-12-18_11-47-28_260595134347,left_right,INSUFFICIENT_SINGLE_INSTANCE_OBJECTS,
kv2/align_kv2/2014-12-18_11-48-08_260595134347,left_right,INSUFFICIENT_SINGLE_INSTANCE_OBJECTS,
kv2/align_kv2/2014-12-18_11-53-06_260595134347,left_right,INSUFFICIENT_SINGLE_INSTANCE_OBJECTS,
kv2/align_kv2/2014-12-18_11-54-22_260595134347,left_right,INSUFFICIENT_SINGLE_INSTANCE_OBJECTS,
kv2/align_kv2/2014-12-18_11-56-00_260595134347,left_right,INSUFFICIENT_SINGLE_INSTANCE_OBJECTS,
kv2/align_kv2/2014-12-18_11-56-12_260595134347,left_right,INSUFFICIENT_SINGLE_INSTANCE_OBJECTS,
kv2/align_kv2/2014-12-18_11-59-09_260595134347,left_right,INSUFFICIENT_SINGLE_INSTANCE_OBJECTS,
kv2/align_kv2/2014-12-18_11-59-27_260595134347,left_right,INSUFFICIENT_SINGLE_INSTANCE_OBJECTS,
kv2/align_kv2/2014-12-18_12-01-00_260595134347,left_right,NO_PAIR_CLEARS_GATES,
kv2/align_kv2/2014-12-18_12-01-20_260595134347,left_right,INSUFFICIENT_SINGLE_INSTANCE_OBJECTS,
kv2/align_kv2/2014-12-18_12-01-36_260595134347,left_right,INSUFFICIENT_SINGLE_INSTANCE_OBJECTS,
kv2/align_kv2/2014-12-18_12-01-55_260595134347,left_right,NO_PAIR_CLEARS_GATES,
kv2/align_kv2/2014-12-18_12-02-40_260595134347,left_right,INSUFFICIENT_SINGLE_INSTANCE_OBJECTS,
kv2/align_kv2/2014-12-18_12-02-52_260595134347,left_right,NO_PAIR_CLEARS_GATES,
kv2/align_kv2/2014-12-18_12-03-10_260595134347,left_right,INSUFFICIENT_SINGLE_INSTANCE_OBJECTS,
kv2/align_kv2/2014-12-18_12-03-25_260595134347,left_right,INSUFFICIENT_SINGLE_INSTANCE_OBJECTS,
kv2/align_kv2/2014-12-18_12-04-14_260595134347,left_right,INSUFFICIENT_SINGLE_INSTANCE_OBJECTS,
kv2/align_kv2/2014-12-18_12-05-53_260595134347,left_right,INSUFFICIENT_SINGLE_INSTANCE_OBJECTS,
kv2/align_kv2/2014-12-18_12-06-28_260595134347,left_right,INSUFFICIENT_SINGLE_INSTANCE_OBJECTS,
kv2/align_kv2/2014-12-18_12-07-52_260595134347,left_right,INSUFFICIENT_SINGLE_INSTANCE_OBJECTS,
kv2/align_kv2/2014-12-18_12-08-03_260595134347,left_right,INSUFFICIENT_SINGLE_INSTANCE_OBJECTS,
kv2/align_kv2/2014-12-18_12-08-15_260595134347,left_right,INSUFFICIENT_SINGLE_INSTANCE_OBJECTS,
kv2/align_kv2/2014-12-18_12-08-29_260595134347,left_right,INSUFFICIENT_SINGLE_INSTANCE_OBJECTS,
kv2/align_kv2/2014-12-18_12-08-37_260595134347,left_right,INSUFFICIENT_SINGLE_INSTANCE_OBJECTS,
kv2/align_kv2/2014-12-18_12-09-45_260595134347,left_right,INSUFFICIENT_SINGLE_INSTANCE_OBJECTS,
kv2/align_kv2/2014-12-18_12-10-03_260595134347,left_right,INSUFFICIENT_SINGLE_INSTANCE_OBJECTS,
kv2/align_kv2/2014-12-18_12-10-28_260595134347,left_right,INSUFFICIENT_SINGLE_INSTANCE_OBJECTS,
kv2/align_kv2/2014-12-18_12-12-40_260595134347,left_right,INSUFFICIENT_SINGLE_INSTANCE_OBJECTS,
kv2/align_kv2/2014-12-18_12-18-55_260595134347,left_right,INSUFFICIENT_SINGLE_INSTANCE_OBJECTS,
kv2/align_kv2/2014-12-18_12-19-20_260595134347,left_right,INSUFFICIENT_SINGLE_INSTANCE_OBJECTS,
kv2/align_kv2/2014-12-18_12-21-28_260595134347,left_right,NO_PAIR_CLEARS_GATES,
kv2/align_kv2/2014-12-18_12-21-42_260595134347,left_right,INSUFFICIENT_SINGLE_INSTANCE_OBJECTS,
kv2/align_kv2/2014-12-18_12-22-00_260595134347,left_right,INSUFFICIENT_SINGLE_INSTANCE_OBJECTS,
kv2/align_kv2/2014-12-18_12-22-15_260595134347,left_right,INSUFFICIENT_SINGLE_INSTANCE_OBJECTS,
kv2/align_kv2/2014-12-18_12-22-30_260595134347,left_right,INSUFFICIENT_SINGLE_INSTANCE_OBJECTS,
kv2/align_kv2/2014-12-18_12-24-37_260595134347,left_right,INSUFFICIENT_SINGLE_INSTANCE_OBJECTS,
kv2/align_kv2/2014-12-18_13-49-26_260595134347,left_right,NO_PAIR_CLEARS_GATES,
kv2/align_kv2/2014-12-18_13-56-51_260595134347,left_right,INSUFFICIENT_SINGLE_INSTANCE_OBJECTS,
kv2/align_kv2/2014-12-18_13-57-31_260595134347,left_right,INSUFFICIENT_SINGLE_INSTANCE_OBJECTS,
kv2/align_kv2/2014-12-18_13-57-47_260595134347,left_right,NO_PAIR_CLEARS_GATES,
kv2/align_kv2/2014-12-18_13-59-24_260595134347,left_right,INSUFFICIENT_SINGLE_INSTANCE_OBJECTS,
kv2/align_kv2/2014-12-18_13-59-40_260595134347,left_right,NO_PAIR_CLEARS_GATES,
kv2/align_kv2/2014-12-18_14-00-11_260595134347,left_right,INSUFFICIENT_SINGLE_INSTANCE_OBJECTS,
kv2/align_kv2/2014-12-18_14-02-30_260595134347,left_right,INSUFFICIENT_SINGLE_INSTANCE_OBJECTS,
kv2/align_kv2/2014-12-18_14-02-45_260595134347,left_right,INSUFFICIENT_SINGLE_INSTANCE_OBJECTS,
kv2/align_kv2/2014-12-18_14-03-46_260595134347,left_right,NO_PAIR_CLEARS_GATES,
kv2/align_kv2/2014-12-18_14-04-22_260595134347,left_right,NO_PAIR_CLEARS_GATES,
kv2/align_kv2/2014-12-18_14-06-45_260595134347,left_right,INSUFFICIENT_SINGLE_INSTANCE_OBJECTS,
kv2/align_kv2/2014-12-18_14-07-04_260595134347,left_right,INSUFFICIENT_SINGLE_INSTANCE_OBJECTS,
kv2/align_kv2/2014-12-18_14-07-46_260595134347,left_right,INSUFFICIENT_SINGLE_INSTANCE_OBJECTS,
kv2/align_kv2/2014-12-18_14-08-30_260595134347,left_right,INSUFFICIENT_SINGLE_INSTANCE_OBJECTS,
kv2/align_kv2/2014-12-18_14-10-31_260595134347,left_right,INSUFFICIENT_SINGLE_INSTANCE_OBJECTS,
kv2/align_kv2/2014-12-18_14-11-31_260595134347,left_right,INSUFFICIENT_SINGLE_INSTANCE_OBJECTS,
kv2/align_kv2/2014-12-18_14-11-47_260595134347,left_right,INSUFFICIENT_SINGLE_INSTANCE_OBJECTS,
kv2/align_kv2/2014-12-18_14-12-47_260595134347,left_right,INSUFFICIENT_SINGLE_INSTANCE_OBJECTS,
kv2/align_kv2/2014-12-18_14-13-40_260595134347,left_right,INSUFFICIENT_SINGLE_INSTANCE_OBJECTS,
kv2/align_kv2/2014-12-18_14-14-03_260595134347,left_right,INSUFFICIENT_SINGLE_INSTANCE_OBJECTS,
kv2/align_kv2/2014-12-18_14-15-03_260595134347,left_right,INSUFFICIENT_SINGLE_INSTANCE_OBJECTS,
kv2/align_kv2/2014-12-18_14-15-44_260595134347,left_right,INSUFFICIENT_SINGLE_INSTANCE_OBJECTS,
kv2/align_kv2/2014-12-18_14-16-14_260595134347,left_right,INSUFFICIENT_SINGLE_INSTANCE_OBJECTS,
kv2/align_kv2/2014-12-18_14-21-11_260595134347,left_right,INSUFFICIENT_SINGLE_INSTANCE_OBJECTS,
kv2/align_kv2/2014-12-18_14-22-21_260595134347,left_right,INSUFFICIENT_SINGLE_INSTANCE_OBJECTS,
kv2/align_kv2/2014-12-18_14-22-46_260595134347,left_right,INSUFFICIENT_SINGLE_INSTANCE_OBJECTS,
kv2/align_kv2/2014-12-18_14-24-51_260595134347,left_right,INSUFFICIENT_SINGLE_INSTANCE_OBJECTS,
kv2/align_kv2/2014-12-18_14-25-11_260595134347,left_right,INSUFFICIENT_SINGLE_INSTANCE_OBJECTS,
kv2/align_kv2/2014-12-18_14-25-23_260595134347,left_right,INSUFFICIENT_SINGLE_INSTANCE_OBJECTS,
kv2/align_kv2/2014-12-18_14-26-03_260595134347,left_right,INSUFFICIENT_SINGLE_INSTANCE_OBJECTS,
kv2/align_kv2/2014-12-18_14-26-53_260595134347,left_right,INSUFFICIENT_SINGLE_INSTANCE_OBJECTS,
kv2/align_kv2/2014-12-18_14-27-13_260595134347,left_right,INSUFFICIENT_SINGLE_INSTANCE_OBJECTS,
kv2/align_kv2/2014-12-18_14-28-26_260595134347,left_right,INSUFFICIENT_SINGLE_INSTANCE_OBJECTS,
kv2/align_kv2/2014-12-18_14-28-37_260595134347,left_right,INSUFFICIENT_SINGLE_INSTANCE_OBJECTS,
kv2/align_kv2/2014-12-18_14-32-44_260595134347,left_right,INSUFFICIENT_SINGLE_INSTANCE_OBJECTS,
kv2/align_kv2/2014-12-18_14-33-05_260595134347,left_right,INSUFFICIENT_SINGLE_INSTANCE_OBJECTS,
kv2/align_kv2/2014-12-18_14-33-25_260595134347,left_right,INSUFFICIENT_SINGLE_INSTANCE_OBJECTS,
kv2/align_kv2/2014-12-18_14-34-22_260595134347,left_right,INSUFFICIENT_SINGLE_INSTANCE_OBJECTS,
kv2/align_kv2/2014-12-18_14-34-39_260595134347,left_right,INSUFFICIENT_SINGLE_INSTANCE_OBJECTS,
kv2/align_kv2/2014-12-18_14-35-00_260595134347,left_right,INSUFFICIENT_SINGLE_INSTANCE_OBJECTS,
kv2/align_kv2/2014-12-18_14-36-39_260595134347,left_right,INSUFFICIENT_SINGLE_INSTANCE_OBJECTS,
kv2/align_kv2/2014-12-18_14-37-54_260595134347,left_right,INSUFFICIENT_SINGLE_INSTANCE_OBJECTS,
kv2/align_kv2/2014-12-18_14-38-16_260595134347,left_right,INSUFFICIENT_SINGLE_INSTANCE_OBJECTS,
kv2/align_kv2/2014-12-18_14-39-08_260595134347,left_right,INSUFFICIENT_SINGLE_INSTANCE_OBJECTS,
kv2/align_kv2/2014-12-18_14-39-33_260595134347,left_right,INSUFFICIENT_SINGLE_INSTANCE_OBJECTS,
kv2/align_kv2/2014-12-18_14-39-57_260595134347,left_right,INSUFFICIENT_SINGLE_INSTANCE_OBJECTS,
kv2/align_kv2/2014-12-18_15-32-01_260595134347,left_right,INSUFFICIENT_SINGLE_INSTANCE_OBJECTS,
kv2/align_kv2/2014-12-18_15-32-29_260595134347,left_right,INSUFFICIENT_SINGLE_INSTANCE_OBJECTS,
kv2/align_kv2/2014-12-18_15-43-26_260595134347,left_right,INSUFFICIENT_SINGLE_INSTANCE_OBJECTS,
kv2/align_kv2/2014-12-18_15-43-47_260595134347,left_right,INSUFFICIENT_SINGLE_INSTANCE_OBJECTS,
kv2/align_kv2/2014-12-18_15-44-11_260595134347,left_right,INSUFFICIENT_SINGLE_INSTANCE_OBJECTS,
kv2/align_kv2/2014-12-18_15-44-28_260595134347,left_right,INSUFFICIENT_SINGLE_INSTANCE_OBJECTS,
kv2/align_kv2/2014-12-18_15-44-55_260595134347,left_right,INSUFFICIENT_SINGLE_INSTANCE_OBJECTS,
kv2/align_kv2/2014-12-18_15-45-48_260595134347,left_right,NO_PAIR_CLEARS_GATES,
kv2/align_kv2/2014-12-18_15-46-16_260595134347,left_right,INSUFFICIENT_SINGLE_INSTANCE_OBJECTS,
kv2/align_kv2/2014-12-18_15-46-38_260595134347,left_right,INSUFFICIENT_SINGLE_INSTANCE_OBJECTS,
kv2/align_kv2/2014-12-18_15-47-01_260595134347,left_right,INSUFFICIENT_SINGLE_INSTANCE_OBJECTS,
kv2/align_kv2/2014-12-18_15-49-07_260595134347,left_right,INSUFFICIENT_SINGLE_INSTANCE_OBJECTS,
kv2/align_kv2/2014-12-18_15-49-37_260595134347,left_right,INSUFFICIENT_SINGLE_INSTANCE_OBJECTS,
kv2/align_kv2/2014-12-18_15-50-23_260595134347,left_right,INSUFFICIENT_SINGLE_INSTANCE_OBJECTS,
kv2/align_kv2/2014-12-18_15-50-41_260595134347,left_right,INSUFFICIENT_SINGLE_INSTANCE_OBJECTS,
kv2/align_kv2/2014-12-18_15-51-42_260595134347,left_right,INSUFFICIENT_SINGLE_INSTANCE_OBJECTS,
kv2/align_kv2/2014-12-18_15-51-58_260595134347,left_right,INSUFFICIENT_SINGLE_INSTANCE_OBJECTS,
kv2/align_kv2/2014-12-18_15-52-13_260595134347,left_right,INSUFFICIENT_SINGLE_INSTANCE_OBJECTS,
kv2/align_kv2/2014-12-18_15-52-48_260595134347,left_right,INSUFFICIENT_SINGLE_INSTANCE_OBJECTS,
kv2/align_kv2/2014-12-18_15-53-05_260595134347,left_right,INSUFFICIENT_SINGLE_INSTANCE_OBJECTS,
kv2/align_kv2/2014-12-18_15-53-37_260595134347,left_right,INSUFFICIENT_SINGLE_INSTANCE_OBJECTS,
kv2/align_kv2/2014-12-18_15-53-54_260595134347,left_right,INSUFFICIENT_SINGLE_INSTANCE_OBJECTS,
kv2/align_kv2/2014-12-18_15-55-03_260595134347,left_right,INSUFFICIENT_SINGLE_INSTANCE_OBJECTS,
kv2/align_kv2/2014-12-18_15-55-20_260595134347,left_right,INSUFFICIENT_SINGLE_INSTANCE_OBJECTS,
kv2/align_kv2/2014-12-18_15-55-37_260595134347,left_right,INSUFFICIENT_SINGLE_INSTANCE_OBJECTS,
kv2/align_kv2/2014-12-18_15-55-57_260595134347,left_right,INSUFFICIENT_SINGLE_INSTANCE_OBJECTS,
kv2/align_kv2/2014-12-18_15-56-10_260595134347,left_right,INSUFFICIENT_SINGLE_INSTANCE_OBJECTS,
kv2/align_kv2/2014-12-18_15-57-33_260595134347,left_right,INSUFFICIENT_SINGLE_INSTANCE_OBJECTS,
kv2/align_kv2/2014-12-18_15-57-47_260595134347,left_right,INSUFFICIENT_SINGLE_INSTANCE_OBJECTS,
kv2/align_kv2/2014-12-18_15-58-23_260595134347,left_right,INSUFFICIENT_SINGLE_INSTANCE_OBJECTS,
kv2/align_kv2/2014-12-18_15-59-14_260595134347,left_right,INSUFFICIENT_SINGLE_INSTANCE_OBJECTS,
kv2/align_kv2/2014-12-18_16-00-02_260595134347,left_right,INSUFFICIENT_SINGLE_INSTANCE_OBJECTS,
kv2/align_kv2/2014-12-18_16-00-21_260595134347,left_right,INSUFFICIENT_SINGLE_INSTANCE_OBJECTS,
kv2/align_kv2/2014-12-18_16-00-34_260595134347,left_right,INSUFFICIENT_SINGLE_INSTANCE_OBJECTS,
kv2/align_kv2/2014-12-18_16-14-24_260595134347,left_right,INSUFFICIENT_SINGLE_INSTANCE_OBJECTS,
kv2/align_kv2/2014-12-18_16-14-42_260595134347,left_right,INSUFFICIENT_SINGLE_INSTANCE_OBJECTS,
kv2/align_kv2/2014-12-18_16-15-08_260595134347,left_right,INSUFFICIENT_SINGLE_INSTANCE_OBJECTS,
kv2/align_kv2/2014-12-18_16-15-49_260595134347,left_right,INSUFFICIENT_SINGLE_INSTANCE_OBJECTS,
kv2/align_kv2/2014-12-18_16-16-01_260595134347,left_right,INSUFFICIENT_SINGLE_INSTANCE_OBJECTS,
kv2/align_kv2/2014-12-18_16-16-18_260595134347,left_right,NO_PAIR_CLEARS_GATES,
kv2/align_kv2/2014-12-18_16-17-26_260595134347,left_right,INSUFFICIENT_SINGLE_INSTANCE_OBJECTS,
kv2/align_kv2/2014-12-18_16-17-42_260595134347,left_right,INSUFFICIENT_SINGLE_INSTANCE_OBJECTS,
kv2/align_kv2/2014-12-18_16-18-04_260595134347,left_right,INSUFFICIENT_SINGLE_INSTANCE_OBJECTS,
kv2/align_kv2/2014-12-18_16-18-49_260595134347,left_right,INSUFFICIENT_SINGLE_INSTANCE_OBJECTS,
kv2/align_kv2/2014-12-18_16-19-11_260595134347,left_right,INSUFFICIENT_SINGLE_INSTANCE_OBJECTS,
kv2/align_kv2/2014-12-18_16-21-16_260595134347,left_right,INSUFFICIENT_SINGLE_INSTANCE_OBJECTS,
kv2/align_kv2/2014-12-18_16-21-51_260595134347,left_right,INSUFFICIENT_SINGLE_INSTANCE_OBJECTS,
kv2/align_kv2/2014-12-18_16-22-04_260595134347,left_right,INSUFFICIENT_SINGLE_INSTANCE_OBJECTS,
kv2/align_kv2/2014-12-18_16-22-15_260595134347,left_right,INSUFFICIENT_SINGLE_INSTANCE_OBJECTS,
kv2/align_kv2/2014-12-18_16-23-26_260595134347,left_right,INSUFFICIENT_SINGLE_INSTANCE_OBJECTS,
kv2/align_kv2/2014-12-18_16-24-30_260595134347,left_right,INSUFFICIENT_SINGLE_INSTANCE_OBJECTS,
kv2/align_kv2/2014-12-18_16-24-42_260595134347,left_right,NO_PAIR_CLEARS_GATES,
kv2/align_kv2/2014-12-18_16-26-11_260595134347,left_right,INSUFFICIENT_SINGLE_INSTANCE_OBJECTS,
kv2/align_kv2/2014-12-18_16-26-24_260595134347,left_right,INSUFFICIENT_SINGLE_INSTANCE_OBJECTS,
kv2/align_kv2/2014-12-18_16-26-51_260595134347,left_right,INSUFFICIENT_SINGLE_INSTANCE_OBJECTS,
kv2/align_kv2/2014-12-18_16-27-12_260595134347,left_right,INSUFFICIENT_SINGLE_INSTANCE_OBJECTS,
kv2/align_kv2/2014-12-18_16-27-23_260595134347,left_right,INSUFFICIENT_SINGLE_INSTANCE_OBJECTS,
kv2/align_kv2/2014-12-18_16-27-40_260595134347,left_right,INSUFFICIENT_SINGLE_INSTANCE_OBJECTS,
kv2/align_kv2/2014-12-18_16-28-20_260595134347,left_right,INSUFFICIENT_SINGLE_INSTANCE_OBJECTS,
kv2/align_kv2/2014-12-18_16-28-37_260595134347,left_right,INSUFFICIENT_SINGLE_INSTANCE_OBJECTS,
kv2/align_kv2/2014-12-18_16-28-50_260595134347,left_right,INSUFFICIENT_SINGLE_INSTANCE_OBJECTS,
kv2/align_kv2/2014-12-18_16-29-07_260595134347,left_right,INSUFFICIENT_SINGLE_INSTANCE_OBJECTS,
kv2/align_kv2/2014-12-18_16-29-24_260595134347,left_right,INSUFFICIENT_SINGLE_INSTANCE_OBJECTS,
kv2/align_kv2/2014-12-18_16-29-51_260595134347,left_right,INSUFFICIENT_SINGLE_INSTANCE_OBJECTS,
kv2/align_kv2/2014-12-18_16-30-10_260595134347,left_right,INSUFFICIENT_SINGLE_INSTANCE_OBJECTS,
kv2/kinect2data/000009_2014-05-26_14-32-05_260595134347_rgbf000034-resize,left_right,NO_PAIR_CLEARS_GATES,
kv2/kinect2data/000016_2014-05-26_14-38-10_260595134347_rgbf000059-resize,left_right,INSUFFICIENT_SINGLE_INSTANCE_OBJECTS,
kv2/kinect2data/000018_2014-05-26_14-39-47_260595134347_rgbf000001-resize,left_right,INSUFFICIENT_SINGLE_INSTANCE_OBJECTS,
kv2/kinect2data/000032_2014-05-26_14-50-29_260595134347_rgbf000068-resize,left_right,NO_PAIR_CLEARS_GATES,
kv2/kinect2data/000037_2014-05-26_14-54-02_260595134347_rgbf000041-resize,left_right,INSUFFICIENT_SINGLE_INSTANCE_OBJECTS,
kv2/kinect2data/000051_2014-05-26_15-03-26_260595134347_rgbf000034-resize,left_right,INSUFFICIENT_SINGLE_INSTANCE_OBJECTS,
kv2/kinect2data/000061_2014-04-29_14-37-44_094959634447_rgbf000100-resize,left_right,INSUFFICIENT_SINGLE_INSTANCE_OBJECTS,
kv2/kinect2data/000063_2014-04-29_14-38-52_094959634447_rgbf000101-resize,left_right,INSUFFICIENT_SINGLE_INSTANCE_OBJECTS,
kv2/kinect2data/000068_2014-04-13_23-56-57_094959634447_rgbf000182-resize,left_right,INSUFFICIENT_SINGLE_INSTANCE_OBJECTS,
kv2/kinect2data/000075_2014-05-14_21-30-15_260595134347_rgbf000100-resize,left_right,INSUFFICIENT_SINGLE_INSTANCE_OBJECTS,
kv2/kinect2data/000077_2014-05-14_21-31-56_260595134347_rgbf000150-resize,left_right,INSUFFICIENT_SINGLE_INSTANCE_OBJECTS,
kv2/kinect2data/000078_2014-05-14_21-32-52_260595134347_rgbf000101-resize,left_right,INSUFFICIENT_SINGLE_INSTANCE_OBJECTS,
kv2/kinect2data/000079_2014-05-14_21-35-51_260595134347_rgbf000172-resize,left_right,NO_PAIR_CLEARS_GATES,
kv2/kinect2data/000080_2014-05-14_21-36-38_260595134347_rgbf000132-resize,left_right,INSUFFICIENT_SINGLE_INSTANCE_OBJECTS,
kv2/kinect2data/000086_2014-05-14_21-42-54_260595134347_rgbf000150-resize,left_right,INSUFFICIENT_SINGLE_INSTANCE_OBJECTS,
kv2/kinect2data/000088_2014-05-14_21-45-08_260595134347_rgbf000151-resize,left_right,INSUFFICIENT_SINGLE_INSTANCE_OBJECTS,
kv2/kinect2data/000091_2014-05-14_21-47-56_260595134347_rgbf000152-resize,left_right,INSUFFICIENT_SINGLE_INSTANCE_OBJECTS,
kv2/kinect2data/000093_2014-05-14_21-50-02_260595134347_rgbf000152-resize,left_right,NO_PAIR_CLEARS_GATES,
kv2/kinect2data/000096_2014-05-14_21-53-57_260595134347_rgbf000152-resize,left_right,INSUFFICIENT_SINGLE_INSTANCE_OBJECTS,
kv2/kinect2data/000098_2014-05-14_21-55-47_260595134347_rgbf000151-resize,left_right,INSUFFICIENT_SINGLE_INSTANCE_OBJECTS,
kv2/kinect2data/000101_2014-05-14_21-58-34_260595134347_rgbf000151-resize,left_right,INSUFFICIENT_SINGLE_INSTANCE_OBJECTS,
kv2/kinect2data/000106_2014-05-14_22-03-34_260595134347_rgbf000651-resize,left_right,INSUFFICIENT_SINGLE_INSTANCE_OBJECTS,
kv2/kinect2data/000141_2014-05-20_17-12-29_260595134347_rgbf000050-resize,left_right,INSUFFICIENT_SINGLE_INSTANCE_OBJECTS,
kv2/kinect2data/000145_2014-05-20_17-17-18_260595134347_rgbf000101-resize,left_right,INSUFFICIENT_SINGLE_INSTANCE_OBJECTS,
kv2/kinect2data/000148_2014-05-20_17-21-03_260595134347_rgbf000151-resize,left_right,INSUFFICIENT_SINGLE_INSTANCE_OBJECTS,
kv2/kinect2data/000149_2014-05-20_17-21-34_260595134347_rgbf000130-resize,left_right,INSUFFICIENT_SINGLE_INSTANCE_OBJECTS,
kv2/kinect2data/000150_2014-05-20_17-22-26_260595134347_rgbf000172-resize,left_right,INSUFFICIENT_SINGLE_INSTANCE_OBJECTS,
kv2/kinect2data/000151_2014-05-20_17-24-31_260595134347_rgbf000151-resize,left_right,INSUFFICIENT_SINGLE_INSTANCE_OBJECTS,
kv2/kinect2data/000154_2014-05-20_17-27-28_260595134347_rgbf000150-resize,left_right,INSUFFICIENT_SINGLE_INSTANCE_OBJECTS,
kv2/kinect2data/000155_2014-05-20_17-28-01_260595134347_rgbf000151-resize,left_right,INSUFFICIENT_SINGLE_INSTANCE_OBJECTS,
kv2/kinect2data/000156_2014-05-20_17-28-28_260595134347_rgbf000150-resize,left_right,NO_PAIR_CLEARS_GATES,
kv2/kinect2data/000180_2014-05-12_16-25-28_260595134347_rgbf000334-resize,left_right,INSUFFICIENT_SINGLE_INSTANCE_OBJECTS,
kv2/kinect2data/000202_2014-06-02_14-53-55_260595134347_rgbf000213-resize,left_right,NO_PAIR_CLEARS_GATES,
kv2/kinect2data/000217_2014-06-02_15-39-24_260595134347_rgbf000012-resize,left_right,INSUFFICIENT_SINGLE_INSTANCE_OBJECTS,
kv2/kinect2data/000218_2014-06-02_15-39-45_260595134347_rgbf000068-resize,left_right,INSUFFICIENT_SINGLE_INSTANCE_OBJECTS,
kv2/kinect2data/000220_2014-06-02_15-40-30_260595134347_rgbf000032-resize,left_right,INSUFFICIENT_SINGLE_INSTANCE_OBJECTS,
kv2/kinect2data/000223_2014-06-02_15-41-43_260595134347_rgbf000022-resize,left_right,INSUFFICIENT_SINGLE_INSTANCE_OBJECTS,
kv2/kinect2data/000225_2014-06-02_15-42-54_260595134347_rgbf000075-resize,left_right,INSUFFICIENT_SINGLE_INSTANCE_OBJECTS,
kv2/kinect2data/000229_2014-06-02_15-45-14_260595134347_rgbf000088-resize,left_right,INSUFFICIENT_SINGLE_INSTANCE_OBJECTS,
kv2/kinect2data/000231_2014-06-02_15-46-37_260595134347_rgbf000056-resize,left_right,INSUFFICIENT_SINGLE_INSTANCE_OBJECTS,
kv2/kinect2data/000232_2014-06-02_15-53-28_260595134347_rgbf000059-resize,left_right,INSUFFICIENT_SINGLE_INSTANCE_OBJECTS,
kv2/kinect2data/000240_2014-06-02_15-57-24_260595134347_rgbf000042-resize,left_right,INSUFFICIENT_SINGLE_INSTANCE_OBJECTS,
kv2/kinect2data/000249_2014-06-02_16-08-33_260595134347_rgbf000071-resize,left_right,INSUFFICIENT_SINGLE_INSTANCE_OBJECTS,
kv2/kinect2data/000250_2014-06-02_16-08-52_260595134347_rgbf000034-resize,left_right,NO_PAIR_CLEARS_GATES,
kv2/kinect2data/000251_2014-06-02_16-10-03_260595134347_rgbf000045-resize,left_right,INSUFFICIENT_SINGLE_INSTANCE_OBJECTS,
kv2/kinect2data/000252_2014-06-02_16-10-03_260595134347_rgbf000177-resize,left_right,INSUFFICIENT_SINGLE_INSTANCE_OBJECTS,
kv2/kinect2data/000257_2014-06-02_15-13-49_260595134347_rgbf000045-resize,left_right,INSUFFICIENT_SINGLE_INSTANCE_OBJECTS,
kv2/kinect2data/000260_2014-06-02_15-21-25_260595134347_rgbf000158-resize,left_right,INSUFFICIENT_SINGLE_INSTANCE_OBJECTS,
kv2/kinect2data/000261_2014-06-02_15-14-31_260595134347_rgbf000125-resize,left_right,INSUFFICIENT_SINGLE_INSTANCE_OBJECTS,
kv2/kinect2data/000273_2014-06-02_15-11-55_260595134347_rgbf000045-resize,left_right,INSUFFICIENT_SINGLE_INSTANCE_OBJECTS,
kv2/kinect2data/000284_2014-06-02_16-15-46_260595134347_rgbf000019-resize,left_right,INSUFFICIENT_SINGLE_INSTANCE_OBJECTS,
kv2/kinect2data/000299_2014-06-02_15-06-55_260595134347_rgbf000491-resize,left_right,NO_PAIR_CLEARS_GATES,
kv2/kinect2data/000300_2014-06-02_15-06-55_260595134347_rgbf000636-resize,left_right,INSUFFICIENT_SINGLE_INSTANCE_OBJECTS,
kv2/kinect2data/000307_2014-06-02_15-07-56_260595134347_rgbf000370-resize,left_right,INSUFFICIENT_SINGLE_INSTANCE_OBJECTS,
kv2/kinect2data/000308_2014-06-02_15-07-56_260595134347_rgbf000413-resize,left_right,INSUFFICIENT_SINGLE_INSTANCE_OBJECTS,
kv2/kinect2data/000309_2014-06-02_15-07-56_260595134347_rgbf000604-resize,left_right,INSUFFICIENT_SINGLE_INSTANCE_OBJECTS,
kv2/kinect2data/000311_2014-06-02_15-07-56_260595134347_rgbf001158-resize,left_right,NO_PAIR_CLEARS_GATES,
kv2/kinect2data/000312_2014-06-02_15-07-56_260595134347_rgbf001362-resize,left_right,NO_PAIR_CLEARS_GATES,
kv2/kinect2data/000313_2014-06-02_15-07-56_260595134347_rgbf001466-resize,left_right,INSUFFICIENT_SINGLE_INSTANCE_OBJECTS,
kv2/kinect2data/000316_2014-06-02_15-09-42_260595134347_rgbf000072-resize,left_right,INSUFFICIENT_SINGLE_INSTANCE_OBJECTS,
kv2/kinect2data/000317_2014-06-02_15-09-55_260595134347_rgbf000238-resize,left_right,INSUFFICIENT_SINGLE_INSTANCE_OBJECTS,
kv2/kinect2data/000321_2014-06-02_16-20-13_260595134347_rgbf000062-resize,left_right,INSUFFICIENT_SINGLE_INSTANCE_OBJECTS,
kv2/kinect2data/000334_2014-06-09_20-19-58_260595134347_rgbf000142-resize,left_right,INSUFFICIENT_SINGLE_INSTANCE_OBJECTS,
kv2/kinect2data/000335_2014-06-08_11-30-31_260595134347_rgbf000184-resize,left_right,INSUFFICIENT_SINGLE_INSTANCE_OBJECTS,
kv2/kinect2data/000339_2014-06-08_11-34-52_260595134347_rgbf002542-resize,left_right,INSUFFICIENT_SINGLE_INSTANCE_OBJECTS,
kv2/kinect2data/000340_2014-06-08_11-39-28_260595134347_rgbf000245-resize,left_right,INSUFFICIENT_SINGLE_INSTANCE_OBJECTS,
kv2/kinect2data/000341_2014-06-08_11-40-02_260595134347_rgbf000137-resize,left_right,INSUFFICIENT_SINGLE_INSTANCE_OBJECTS,
kv2/kinect2data/000342_2014-06-09_19-36-59_260595134347_rgbf000102-resize,left_right,INSUFFICIENT_SINGLE_INSTANCE_OBJECTS,
kv2/kinect2data/000344_2014-06-09_19-37-43_260595134347_rgbf000172-resize,left_right,INSUFFICIENT_SINGLE_INSTANCE_OBJECTS,
kv2/kinect2data/000345_2014-06-09_19-38-14_260595134347_rgbf000086-resize,left_right,INSUFFICIENT_SINGLE_INSTANCE_OBJECTS,
kv2/kinect2data/000346_2014-06-09_19-48-39_260595134347_rgbf000119-resize,left_right,INSUFFICIENT_SINGLE_INSTANCE_OBJECTS,
kv2/kinect2data/000348_2014-06-09_19-49-30_260595134347_rgbf000130-resize,left_right,INSUFFICIENT_SINGLE_INSTANCE_OBJECTS,
kv2/kinect2data/000349_2014-06-09_20-25-05_260595134347_rgbf000073-resize,left_right,INSUFFICIENT_SINGLE_INSTANCE_OBJECTS,
kv2/kinect2data/000351_2014-06-09_20-26-05_260595134347_rgbf000098-resize,left_right,INSUFFICIENT_SINGLE_INSTANCE_OBJECTS,
kv2/kinect2data/000353_2014-06-09_20-28-27_260595134347_rgbf000059-resize,left_right,INSUFFICIENT_SINGLE_INSTANCE_OBJECTS,
kv2/kinect2data/000354_2014-06-09_20-31-55_260595134347_rgbf000172-resize,left_right,INSUFFICIENT_SINGLE_INSTANCE_OBJECTS,
kv2/kinect2data/000357_2014-06-09_20-33-32_260595134347_rgbf000234-resize,left_right,INSUFFICIENT_SINGLE_INSTANCE_OBJECTS,
kv2/kinect2data/000358_2014-06-09_20-35-19_260595134347_rgbf000150-resize,left_right,INSUFFICIENT_SINGLE_INSTANCE_OBJECTS,
kv2/kinect2data/000359_2014-06-09_20-54-59_260595134347_rgbf000128-resize,left_right,NO_PAIR_CLEARS_GATES,
kv2/kinect2data/000360_2014-06-09_20-55-41_260595134347_rgbf000174-resize,left_right,INSUFFICIENT_SINGLE_INSTANCE_OBJECTS,
kv2/kinect2data/000362_2014-06-09_20-57-02_260595134347_rgbf000076-resize,left_right,INSUFFICIENT_SINGLE_INSTANCE_OBJECTS,
kv2/kinect2data/000365_2014-06-09_15-51-39_260595134347_rgbf000149-resize,left_right,INSUFFICIENT_SINGLE_INSTANCE_OBJECTS,
kv2/kinect2data/000366_2014-06-09_15-52-03_260595134347_rgbf000155-resize,left_right,INSUFFICIENT_SINGLE_INSTANCE_OBJECTS,
kv2/kinect2data/000367_2014-06-09_15-52-33_260595134347_rgbf000127-resize,left_right,INSUFFICIENT_SINGLE_INSTANCE_OBJECTS,
kv2/kinect2data/000368_2014-06-09_15-53-01_260595134347_rgbf000155-resize,left_right,INSUFFICIENT_SINGLE_INSTANCE_OBJECTS,
kv2/kinect2data/000370_2014-06-09_15-58-58_260595134347_rgbf000076-resize,left_right,INSUFFICIENT_SINGLE_INSTANCE_OBJECTS,
kv2/kinect2data/000377_2014-06-08_11-18-34_260595134347_rgbf000178-resize,left_right,NO_PAIR_CLEARS_GATES,
kv2/kinect2data/000379_2014-06-08_11-19-45_260595134347_rgbf000106-resize,left_right,INSUFFICIENT_SINGLE_INSTANCE_OBJECTS,
kv2/kinect2data/000382_2014-06-09_16-05-37_260595134347_rgbf000172-resize,left_right,INSUFFICIENT_SINGLE_INSTANCE_OBJECTS,
kv2/kinect2data/000384_2014-06-08_22-57-14_260595134347_rgbf000063-resize,left_right,INSUFFICIENT_SINGLE_INSTANCE_OBJECTS,
kv2/kinect2data/000385_2014-06-08_22-57-31_260595134347_rgbf000087-resize,left_right,INSUFFICIENT_SINGLE_INSTANCE_OBJECTS,
kv2/kinect2data/000389_2014-06-08_23-05-33_260595134347_rgbf000106-resize,left_right,INSUFFICIENT_SINGLE_INSTANCE_OBJECTS,
kv2/kinect2data/000390_2014-06-08_23-05-52_260595134347_rgbf000061-resize,left_right,INSUFFICIENT_SINGLE_INSTANCE_OBJECTS,
kv2/kinect2data/000391_2014-06-08_23-06-55_260595134347_rgbf000125-resize,left_right,INSUFFICIENT_SINGLE_INSTANCE_OBJECTS,
kv2/kinect2data/000395_2014-06-08_13-38-04_260595134347_rgbf000097-resize,left_right,INSUFFICIENT_SINGLE_INSTANCE_OBJECTS,
kv2/kinect2data/000399_2014-06-08_17-37-15_260595134347_rgbf000087-resize,left_right,INSUFFICIENT_SINGLE_INSTANCE_OBJECTS,
kv2/kinect2data/000400_2014-06-08_18-51-40_260595134347_rgbf000123-resize,left_right,INSUFFICIENT_SINGLE_INSTANCE_OBJECTS,
kv2/kinect2data/000401_2014-06-09_22-23-08_260595134347_rgbf000123-resize,left_right,NO_PAIR_CLEARS_GATES,
kv2/kinect2data/000411_2014-06-04_19-25-55_260595134347_rgbf000107-resize,left_right,NO_PAIR_CLEARS_GATES,
kv2/kinect2data/000422_2014-06-08_16-36-45_260595134347_rgbf000081-resize,left_right,NO_PAIR_CLEARS_GATES,
kv2/kinect2data/000440_2014-06-08_11-25-22_260595134347_rgbf000080-resize,left_right,INSUFFICIENT_SINGLE_INSTANCE_OBJECTS,
kv2/kinect2data/000448_2014-06-08_16-16-21_260595134347_rgbf000129-resize,left_right,INSUFFICIENT_SINGLE_INSTANCE_OBJECTS,
kv2/kinect2data/000452_2014-06-08_16-21-31_260595134347_rgbf000128-resize,left_right,INSUFFICIENT_SINGLE_INSTANCE_OBJECTS,
kv2/kinect2data/000455_2014-06-08_16-51-21_260595134347_rgbf000132-resize,left_right,INSUFFICIENT_SINGLE_INSTANCE_OBJECTS,
kv2/kinect2data/000458_2014-06-08_16-53-17_260595134347_rgbf000133-resize,left_right,INSUFFICIENT_SINGLE_INSTANCE_OBJECTS,
kv2/kinect2data/000459_2014-06-08_16-54-11_260595134347_rgbf000096-resize,left_right,INSUFFICIENT_SINGLE_INSTANCE_OBJECTS,
kv2/kinect2data/000461_2014-06-08_16-55-25_260595134347_rgbf000064-resize,left_right,INSUFFICIENT_SINGLE_INSTANCE_OBJECTS,
kv2/kinect2data/000464_2014-06-08_23-25-40_260595134347_rgbf000101-resize,left_right,INSUFFICIENT_SINGLE_INSTANCE_OBJECTS,
kv2/kinect2data/000468_2014-06-09_19-40-30_260595134347_rgbf000082-resize,left_right,INSUFFICIENT_SINGLE_INSTANCE_OBJECTS,
kv2/kinect2data/000469_2014-06-09_19-42-10_260595134347_rgbf000081-resize,left_right,INSUFFICIENT_SINGLE_INSTANCE_OBJECTS,
kv2/kinect2data/000470_2014-06-09_19-42-40_260595134347_rgbf000094-resize,left_right,INSUFFICIENT_SINGLE_INSTANCE_OBJECTS,
kv2/kinect2data/000471_2014-06-09_19-43-57_260595134347_rgbf000121-resize,left_right,INSUFFICIENT_SINGLE_INSTANCE_OBJECTS,
kv2/kinect2data/000472_2014-06-09_19-45-12_260595134347_rgbf000076-resize,left_right,INSUFFICIENT_SINGLE_INSTANCE_OBJECTS,
kv2/kinect2data/000473_2014-06-09_19-45-40_260595134347_rgbf000085-resize,left_right,INSUFFICIENT_SINGLE_INSTANCE_OBJECTS,
kv2/kinect2data/000477_2014-06-09_20-37-26_260595134347_rgbf000111-resize,left_right,INSUFFICIENT_SINGLE_INSTANCE_OBJECTS,
kv2/kinect2data/000479_2014-06-09_20-39-50_260595134347_rgbf000076-resize,left_right,INSUFFICIENT_SINGLE_INSTANCE_OBJECTS,
kv2/kinect2data/000483_2014-06-09_20-41-45_260595134347_rgbf000116-resize,left_right,INSUFFICIENT_SINGLE_INSTANCE_OBJECTS,
kv2/kinect2data/000484_2014-06-09_20-46-30_260595134347_rgbf000143-resize,left_right,INSUFFICIENT_SINGLE_INSTANCE_OBJECTS,
kv2/kinect2data/000485_2014-06-09_20-46-54_260595134347_rgbf000157-resize,left_right,INSUFFICIENT_SINGLE_INSTANCE_OBJECTS,
kv2/kinect2data/000488_2014-06-09_20-49-03_260595134347_rgbf000143-resize,left_right,INSUFFICIENT_SINGLE_INSTANCE_OBJECTS,
kv2/kinect2data/000490_2014-06-09_20-59-34_260595134347_rgbf000054-resize,left_right,NO_PAIR_CLEARS_GATES,
kv2/kinect2data/000492_2014-06-09_21-00-52_260595134347_rgbf000155-resize,left_right,NO_PAIR_CLEARS_GATES,
kv2/kinect2data/000493_2014-06-09_21-01-18_260595134347_rgbf000196-resize,left_right,INSUFFICIENT_SINGLE_INSTANCE_OBJECTS,
kv2/kinect2data/000494_2014-06-09_21-02-17_260595134347_rgbf000199-resize,left_right,INSUFFICIENT_SINGLE_INSTANCE_OBJECTS,
kv2/kinect2data/000497_2014-06-08_22-50-55_260595134347_rgbf000033-resize,left_right,NO_PAIR_CLEARS_GATES,
kv2/kinect2data/000498_2014-06-08_22-52-23_260595134347_rgbf000057-resize,left_right,INSUFFICIENT_SINGLE_INSTANCE_OBJECTS,
kv2/kinect2data/000499_2014-06-08_23-01-39_260595134347_rgbf000133-resize,left_right,NO_PAIR_CLEARS_GATES,
kv2/kinect2data/000505_2014-06-08_23-03-23_260595134347_rgbf000091-resize,left_right,INSUFFICIENT_SINGLE_INSTANCE_OBJECTS,
kv2/kinect2data/000510_2014-06-09_15-40-46_260595134347_rgbf000094-resize,left_right,INSUFFICIENT_SINGLE_INSTANCE_OBJECTS,
kv2/kinect2data/000513_2014-06-09_15-47-17_260595134347_rgbf000131-resize,left_right,INSUFFICIENT_SINGLE_INSTANCE_OBJECTS,
kv2/kinect2data/000514_2014-06-09_16-13-52_260595134347_rgbf000203-resize,left_right,NO_PAIR_CLEARS_GATES,
kv2/kinect2data/000517_2014-06-08_13-02-41_260595134347_rgbf000049-resize,left_right,INSUFFICIENT_SINGLE_INSTANCE_OBJECTS,
kv2/kinect2data/000518_2014-06-08_13-32-29_260595134347_rgbf000095-resize,left_right,INSUFFICIENT_SINGLE_INSTANCE_OBJECTS,
kv2/kinect2data/000519_2014-06-08_13-33-22_260595134347_rgbf000234-resize,left_right,INSUFFICIENT_SINGLE_INSTANCE_OBJECTS,
kv2/kinect2data/000521_2014-06-08_13-34-35_260595134347_rgbf000191-resize,left_right,INSUFFICIENT_SINGLE_INSTANCE_OBJECTS,
kv2/kinect2data/000522_2014-06-08_13-35-06_260595134347_rgbf000244-resize,left_right,INSUFFICIENT_SINGLE_INSTANCE_OBJECTS,
kv2/kinect2data/000523_2014-06-08_13-53-25_260595134347_rgbf000098-resize,left_right,INSUFFICIENT_SINGLE_INSTANCE_OBJECTS,
kv2/kinect2data/000529_2014-06-08_18-30-29_260595134347_rgbf000181-resize,left_right,INSUFFICIENT_SINGLE_INSTANCE_OBJECTS,
kv2/kinect2data/000531_2014-06-08_18-38-06_260595134347_rgbf000168-resize,left_right,INSUFFICIENT_SINGLE_INSTANCE_OBJECTS,
kv2/kinect2data/000532_2014-06-08_17-24-50_260595134347_rgbf000111-resize,left_right,INSUFFICIENT_SINGLE_INSTANCE_OBJECTS,
kv2/kinect2data/000543_2014-06-08_18-40-53_260595134347_rgbf000085-resize,left_right,INSUFFICIENT_SINGLE_INSTANCE_OBJECTS,
kv2/kinect2data/000554_2014-06-09_22-42-05_260595134347_rgbf000106-resize,left_right,NO_PAIR_CLEARS_GATES,
kv2/kinect2data/000556_2014-06-09_22-42-56_260595134347_rgbf000214-resize,left_right,INSUFFICIENT_SINGLE_INSTANCE_OBJECTS,
kv2/kinect2data/000557_2014-06-09_22-43-27_260595134347_rgbf000118-resize,left_right,INSUFFICIENT_SINGLE_INSTANCE_OBJECTS,
kv2/kinect2data/000559_2014-06-09_22-44-44_260595134347_rgbf000114-resize,left_right,INSUFFICIENT_SINGLE_INSTANCE_OBJECTS,
kv2/kinect2data/000568_2014-06-09_22-51-26_260595134347_rgbf000132-resize,left_right,INSUFFICIENT_SINGLE_INSTANCE_OBJECTS,
kv2/kinect2data/000570_2014-06-09_22-52-44_260595134347_rgbf000106-resize,left_right,INSUFFICIENT_SINGLE_INSTANCE_OBJECTS,
kv2/kinect2data/000605_2014-06-09_16-50-46_260595134347_rgbf000162-resize,left_right,INSUFFICIENT_SINGLE_INSTANCE_OBJECTS,
kv2/kinect2data/000634_2014-06-08_16-38-14_260595134347_rgbf000105-resize,left_right,INSUFFICIENT_SINGLE_INSTANCE_OBJECTS,
kv2/kinect2data/000636_2014-06-08_16-39-02_260595134347_rgbf000108-resize,left_right,NO_PAIR_CLEARS_GATES,
kv2/kinect2data/000640_2014-06-08_16-57-23_260595134347_rgbf000104-resize,left_right,NO_PAIR_CLEARS_GATES,
kv2/kinect2data/000647_2014-06-08_17-01-33_260595134347_rgbf000120-resize,left_right,INSUFFICIENT_SINGLE_INSTANCE_OBJECTS,
kv2/kinect2data/000678_2014-06-08_23-10-59_260595134347_rgbf000058-resize,left_right,NO_PAIR_CLEARS_GATES,
kv2/kinect2data/000713_2014-06-08_18-30-56_260595134347_rgbf000145-resize,left_right,NO_PAIR_CLEARS_GATES,
kv2/kinect2data/000725_2014-06-08_17-29-20_260595134347_rgbf000120-resize,left_right,INSUFFICIENT_SINGLE_INSTANCE_OBJECTS,
kv2/kinect2data/000733_2014-06-08_17-38-39_260595134347_rgbf000096-resize,left_right,INSUFFICIENT_SINGLE_INSTANCE_OBJECTS,
kv2/kinect2data/000764_2014-06-08_22-08-24_260595134347_rgbf000098-resize,left_right,INSUFFICIENT_SINGLE_INSTANCE_OBJECTS,
kv2/kinect2data/000770_2014-06-08_22-15-02_260595134347_rgbf000111-resize,left_right,INSUFFICIENT_SINGLE_INSTANCE_OBJECTS,
kv2/kinect2data/000771_2014-06-08_22-16-54_260595134347_rgbf000122-resize,left_right,INSUFFICIENT_SINGLE_INSTANCE_OBJECTS,
kv2/kinect2data/000774_2014-06-08_22-25-20_260595134347_rgbf000116-resize,left_right,INSUFFICIENT_SINGLE_INSTANCE_OBJECTS,
kv2/kinect2data/000775_2014-06-08_22-25-55_260595134347_rgbf000063-resize,left_right,INSUFFICIENT_SINGLE_INSTANCE_OBJECTS,
kv2/kinect2data/000779_2014-06-08_22-28-02_260595134347_rgbf000078-resize,left_right,INSUFFICIENT_SINGLE_INSTANCE_OBJECTS,
kv2/kinect2data/000792_2014-06-08_22-38-37_260595134347_rgbf000044-resize,left_right,NO_PAIR_CLEARS_GATES,
kv2/kinect2data/000811_2014-06-08_17-20-18_260595134347_rgbf000128-resize,left_right,INSUFFICIENT_SINGLE_INSTANCE_OBJECTS,
kv2/kinect2data/000816_2014-06-09_16-06-32_260595134347_rgbf000095-resize,left_right,NO_PAIR_CLEARS_GATES,
kv2/kinect2data/000820_2014-06-08_23-06-34_260595134347_rgbf000101-resize,left_right,INSUFFICIENT_SINGLE_INSTANCE_OBJECTS,
kv2/kinect2data/000838_2014-06-04_19-54-03_260595134347_rgbf000064-resize,left_right,INSUFFICIENT_SINGLE_INSTANCE_OBJECTS,
kv2/kinect2data/000840_2014-06-08_16-19-48_260595134347_rgbf000125-resize,left_right,INSUFFICIENT_SINGLE_INSTANCE_OBJECTS,
kv2/kinect2data/000854_2014-06-09_19-43-13_260595134347_rgbf000066-resize,left_right,NO_PAIR_CLEARS_GATES,
kv2/kinect2data/000857_2014-06-09_19-46-52_260595134347_rgbf000070-resize,left_right,INSUFFICIENT_SINGLE_INSTANCE_OBJECTS,
kv2/kinect2data/000859_2014-06-09_20-30-09_260595134347_rgbf000102-resize,left_right,NO_PAIR_CLEARS_GATES,
kv2/kinect2data/000860_2014-06-09_20-30-52_260595134347_rgbf000115-resize,left_right,NO_PAIR_CLEARS_GATES,
kv2/kinect2data/000862_2014-06-09_20-38-30_260595134347_rgbf000147-resize,left_right,INSUFFICIENT_SINGLE_INSTANCE_OBJECTS,
kv2/kinect2data/000863_2014-06-09_20-44-02_260595134347_rgbf000152-resize,left_right,INSUFFICIENT_SINGLE_INSTANCE_OBJECTS,
kv2/kinect2data/000864_2014-06-09_20-44-43_260595134347_rgbf000129-resize,left_right,NO_PAIR_CLEARS_GATES,
kv2/kinect2data/000865_2014-06-09_20-45-08_260595134347_rgbf000137-resize,left_right,INSUFFICIENT_SINGLE_INSTANCE_OBJECTS,
kv2/kinect2data/000866_2014-06-09_20-45-42_260595134347_rgbf000139-resize,left_right,INSUFFICIENT_SINGLE_INSTANCE_OBJECTS,
kv2/kinect2data/000867_2014-06-09_20-46-07_260595134347_rgbf000128-resize,left_right,NO_PAIR_CLEARS_GATES,
kv2/kinect2data/000869_2014-06-09_20-50-18_260595134347_rgbf000060-resize,left_right,INSUFFICIENT_SINGLE_INSTANCE_OBJECTS,
kv2/kinect2data/000872_2014-06-09_20-51-10_260595134347_rgbf000119-resize,left_right,INSUFFICIENT_SINGLE_INSTANCE_OBJECTS,
kv2/kinect2data/000873_2014-06-09_20-51-31_260595134347_rgbf000092-resize,left_right,INSUFFICIENT_SINGLE_INSTANCE_OBJECTS,
kv2/kinect2data/000874_2014-06-09_20-52-10_260595134347_rgbf000049-resize,left_right,INSUFFICIENT_SINGLE_INSTANCE_OBJECTS,
kv2/kinect2data/000875_2014-06-09_20-52-41_260595134347_rgbf000100-resize,left_right,INSUFFICIENT_SINGLE_INSTANCE_OBJECTS,
kv2/kinect2data/000877_2014-06-09_21-02-47_260595134347_rgbf000098-resize,left_right,NO_PAIR_CLEARS_GATES,
kv2/kinect2data/000878_2014-06-08_22-52-45_260595134347_rgbf000045-resize,left_right,INSUFFICIENT_SINGLE_INSTANCE_OBJECTS,
kv2/kinect2data/000879_2014-06-08_23-03-41_260595134347_rgbf000082-resize,left_right,INSUFFICIENT_SINGLE_INSTANCE_OBJECTS,
kv2/kinect2data/000889_2014-06-09_15-44-11_260595134347_rgbf000149-resize,left_right,NO_PAIR_CLEARS_GATES,
kv2/kinect2data/000890_2014-06-09_15-44-58_260595134347_rgbf000099-resize,left_right,INSUFFICIENT_SINGLE_INSTANCE_OBJECTS,
kv2/kinect2data/000891_2014-06-09_15-45-17_260595134347_rgbf000099-resize,left_right,NO_PAIR_CLEARS_GATES,
kv2/kinect2data/000892_2014-06-09_15-45-41_260595134347_rgbf000057-resize,left_right,INSUFFICIENT_SINGLE_INSTANCE_OBJECTS,
kv2/kinect2data/000894_2014-06-09_15-46-17_260595134347_rgbf000108-resize,left_right,INSUFFICIENT_SINGLE_INSTANCE_OBJECTS,
kv2/kinect2data/000897_2014-06-09_15-47-48_260595134347_rgbf000083-resize,left_right,INSUFFICIENT_SINGLE_INSTANCE_OBJECTS,
kv2/kinect2data/000899_2014-06-09_15-49-21_260595134347_rgbf000086-resize,left_right,INSUFFICIENT_SINGLE_INSTANCE_OBJECTS,
kv2/kinect2data/000902_2014-06-09_16-10-30_260595134347_rgbf000123-resize,left_right,INSUFFICIENT_SINGLE_INSTANCE_OBJECTS,
kv2/kinect2data/000911_2014-06-08_18-43-36_260595134347_rgbf000144-resize,left_right,INSUFFICIENT_SINGLE_INSTANCE_OBJECTS,
kv2/kinect2data/000913_2014-06-08_18-44-31_260595134347_rgbf000118-resize,left_right,INSUFFICIENT_SINGLE_INSTANCE_OBJECTS,
kv2/kinect2data/000914_2014-06-08_22-21-47_260595134347_rgbf000071-resize,left_right,INSUFFICIENT_SINGLE_INSTANCE_OBJECTS,
kv2/kinect2data/000916_2014-06-09_22-43-54_260595134347_rgbf000046-resize,left_right,INSUFFICIENT_SINGLE_INSTANCE_OBJECTS,
kv2/kinect2data/000918_2014-06-09_22-45-57_260595134347_rgbf000166-resize,left_right,INSUFFICIENT_SINGLE_INSTANCE_OBJECTS,
kv2/kinect2data/000920_2014-06-08_11-05-22_260595134347_rgbf000181-resize,left_right,NO_PAIR_CLEARS_GATES,
kv2/kinect2data/000932_2014-06-09_16-37-19_260595134347_rgbf000130-resize,left_right,NO_PAIR_CLEARS_GATES,
kv2/kinect2data/000939_2014-06-09_16-57-19_260595134347_rgbf000136-resize,left_right,INSUFFICIENT_SINGLE_INSTANCE_OBJECTS,
kv2/kinect2data/000942_2014-06-09_19-30-48_260595134347_rgbf000092-resize,left_right,INSUFFICIENT_SINGLE_INSTANCE_OBJECTS,
kv2/kinect2data/000949_2014-06-08_11-26-54_260595134347_rgbf000116-resize,left_right,NO_PAIR_CLEARS_GATES,
kv2/kinect2data/000971_2014-06-08_16-39-52_260595134347_rgbf000077-resize,left_right,NO_PAIR_CLEARS_GATES,
kv2/kinect2data/000973_2014-06-08_16-40-37_260595134347_rgbf000061-resize,left_right,NO_PAIR_CLEARS_GATES,
kv2/kinect2data/000974_2014-06-08_16-46-47_260595134347_rgbf000067-resize,left_right,NO_PAIR_CLEARS_GATES,
kv2/kinect2data/000977_2014-06-08_16-48-49_260595134347_rgbf000081-resize,left_right,NO_PAIR_CLEARS_GATES,
kv2/kinect2data/000978_2014-06-08_16-49-11_260595134347_rgbf000059-resize,left_right,INSUFFICIENT_SINGLE_INSTANCE_OBJECTS,
kv2/kinect2data/000980_2014-06-08_16-49-49_260595134347_rgbf000080-resize,left_right,NO_PAIR_CLEARS_GATES,
kv2/kinect2data/001000_2014-06-09_21-08-33_260595134347_rgbf000086-resize,left_right,INSUFFICIENT_SINGLE_INSTANCE_OBJECTS,
kv2/kinect2data/001002_2014-06-08_22-51-09_260595134347_rgbf000049-resize,left_right,INSUFFICIENT_SINGLE_INSTANCE_OBJECTS,
kv2/kinect2data/001003_2014-06-08_22-54-19_260595134347_rgbf000041-resize,left_right,INSUFFICIENT_SINGLE_INSTANCE_OBJECTS,
kv2/kinect2data/001004_2014-06-08_22-56-08_260595134347_rgbf000049-resize,left_right,INSUFFICIENT_SINGLE_INSTANCE_OBJECTS,
kv2/kinect2data/001007_2014-06-08_23-11-44_260595134347_rgbf000044-resize,left_right,INSUFFICIENT_SINGLE_INSTANCE_OBJECTS,
kv2/kinect2data/001010_2014-06-08_23-14-22_260595134347_rgbf000047-resize,left_right,INSUFFICIENT_SINGLE_INSTANCE_OBJECTS,
kv2/kinect2data/001025_2014-06-08_13-11-13_260595134347_rgbf000059-resize,left_right,INSUFFICIENT_SINGLE_INSTANCE_OBJECTS,
kv2/kinect2data/001026_2014-06-08_13-11-39_260595134347_rgbf000149-resize,left_right,INSUFFICIENT_SINGLE_INSTANCE_OBJECTS,
kv2/kinect2data/001027_2014-06-08_13-14-46_260595134347_rgbf000115-resize,left_right,INSUFFICIENT_SINGLE_INSTANCE_OBJECTS,
kv2/kinect2data/001031_2014-06-08_13-21-10_260595134347_rgbf000166-resize,left_right,INSUFFICIENT_SINGLE_INSTANCE_OBJECTS,
kv2/kinect2data/001034_2014-06-08_13-27-39_260595134347_rgbf000120-resize,left_right,INSUFFICIENT_SINGLE_INSTANCE_OBJECTS,
kv2/kinect2data/001041_2014-06-08_13-57-09_260595134347_rgbf000121-resize,left_right,INSUFFICIENT_SINGLE_INSTANCE_OBJECTS,
kv2/kinect2data/001045_2014-06-08_17-29-48_260595134347_rgbf000081-resize,left_right,INSUFFICIENT_SINGLE_INSTANCE_OBJECTS,
kv2/kinect2data/001048_2014-06-08_17-38-08_260595134347_rgbf000196-resize,left_right,NO_PAIR_CLEARS_GATES,
kv2/kinect2data/001054_2014-06-08_18-45-06_260595134347_rgbf000106-resize,left_right,NO_PAIR_CLEARS_GATES,
kv2/kinect2data/001061_2014-06-08_21-54-47_260595134347_rgbf000038-resize,left_right,INSUFFICIENT_SINGLE_INSTANCE_OBJECTS,
kv2/kinect2data/001082_2014-06-08_22-30-25_260595134347_rgbf000087-resize,left_right,INSUFFICIENT_SINGLE_INSTANCE_OBJECTS,
kv2/kinect2data/001083_2014-06-08_22-36-18_260595134347_rgbf000112-resize,left_right,INSUFFICIENT_SINGLE_INSTANCE_OBJECTS,
kv2/kinect2data/001093_2014-06-15_17-35-32_260595134347_rgbf000165-resize,left_right,INSUFFICIENT_SINGLE_INSTANCE_OBJECTS,
kv2/kinect2data/001094_2014-06-15_17-36-00_260595134347_rgbf000205-resize,left_right,NO_PAIR_CLEARS_GATES,
kv2/kinect2data/001121_2014-06-15_18-20-28_260595134347_rgbf000134-resize,left_right,INSUFFICIENT_SINGLE_INSTANCE_OBJECTS,
kv2/kinect2data/001136_2014-06-17_15-19-41_260595134347_rgbf000076-resize,left_right,INSUFFICIENT_SINGLE_INSTANCE_OBJECTS,
kv2/kinect2data/001138_2014-06-17_15-20-42_260595134347_rgbf000100-resize,left_right,INSUFFICIENT_SINGLE_INSTANCE_OBJECTS,
kv2/kinect2data/001139_2014-06-17_15-21-10_260595134347_rgbf000071-resize,left_right,INSUFFICIENT_SINGLE_INSTANCE_OBJECTS,
kv2/kinect2data/001141_2014-06-17_15-23-42_260595134347_rgbf000106-resize,left_right,INSUFFICIENT_SINGLE_INSTANCE_OBJECTS,
kv2/kinect2data/001143_2014-06-17_15-24-23_260595134347_rgbf000102-resize,left_right,INSUFFICIENT_SINGLE_INSTANCE_OBJECTS,
kv2/kinect2data/001147_2014-06-17_15-26-10_260595134347_rgbf000047-resize,left_right,NO_PAIR_CLEARS_GATES,
kv2/kinect2data/001148_2014-06-17_15-26-42_260595134347_rgbf000129-resize,left_right,INSUFFICIENT_SINGLE_INSTANCE_OBJECTS,
kv2/kinect2data/001149_2014-06-17_15-27-04_260595134347_rgbf000188-resize,left_right,INSUFFICIENT_SINGLE_INSTANCE_OBJECTS,
kv2/kinect2data/001151_2014-06-17_15-28-39_260595134347_rgbf000084-resize,left_right,INSUFFICIENT_SINGLE_INSTANCE_OBJECTS,
kv2/kinect2data/001158_2014-06-17_15-32-16_260595134347_rgbf000138-resize,left_right,NO_PAIR_CLEARS_GATES,
kv2/kinect2data/001161_2014-06-17_15-33-56_260595134347_rgbf000100-resize,left_right,NO_PAIR_CLEARS_GATES,
kv2/kinect2data/001166_2014-06-17_15-37-42_260595134347_rgbf000085-resize,left_right,INSUFFICIENT_SINGLE_INSTANCE_OBJECTS,
kv2/kinect2data/001168_2014-06-17_15-42-37_260595134347_rgbf000145-resize,left_right,INSUFFICIENT_SINGLE_INSTANCE_OBJECTS,
kv2/kinect2data/001169_2014-06-17_15-43-04_260595134347_rgbf000112-resize,left_right,INSUFFICIENT_SINGLE_INSTANCE_OBJECTS,
kv2/kinect2data/001170_2014-06-17_15-43-44_260595134347_rgbf000096-resize,left_right,INSUFFICIENT_SINGLE_INSTANCE_OBJECTS,
kv2/kinect2data/001173_2014-06-17_15-45-10_260595134347_rgbf000133-resize,left_right,INSUFFICIENT_SINGLE_INSTANCE_OBJECTS,
kv2/kinect2data/001174_2014-06-17_15-45-40_260595134347_rgbf000100-resize,left_right,INSUFFICIENT_SINGLE_INSTANCE_OBJECTS,
kv2/kinect2data/001175_2014-06-17_15-45-55_260595134347_rgbf000129-resize,left_right,INSUFFICIENT_SINGLE_INSTANCE_OBJECTS,
kv2/kinect2data/001176_2014-06-17_15-46-15_260595134347_rgbf000204-resize,left_right,INSUFFICIENT_SINGLE_INSTANCE_OBJECTS,
kv2/kinect2data/001179_2014-06-17_15-47-33_260595134347_rgbf000093-resize,left_right,INSUFFICIENT_SINGLE_INSTANCE_OBJECTS,
kv2/kinect2data/001181_2014-06-17_15-50-57_260595134347_rgbf000106-resize,left_right,NO_PAIR_CLEARS_GATES,
kv2/kinect2data/001190_2014-06-17_15-55-01_260595134347_rgbf000042-resize,left_right,INSUFFICIENT_SINGLE_INSTANCE_OBJECTS,
kv2/kinect2data/001194_2014-06-17_16-00-26_260595134347_rgbf000098-resize,left_right,INSUFFICIENT_SINGLE_INSTANCE_OBJECTS,
kv2/kinect2data/001199_2014-06-17_16-03-48_260595134347_rgbf000077-resize,left_right,INSUFFICIENT_SINGLE_INSTANCE_OBJECTS,
kv2/kinect2data/001200_2014-06-17_16-04-07_260595134347_rgbf000080-resize,left_right,INSUFFICIENT_SINGLE_INSTANCE_OBJECTS,
kv2/kinect2data/001201_2014-06-17_16-04-29_260595134347_rgbf000129-resize,left_right,INSUFFICIENT_SINGLE_INSTANCE_OBJECTS,
kv2/kinect2data/001205_2014-06-17_16-06-48_260595134347_rgbf000117-resize,left_right,INSUFFICIENT_SINGLE_INSTANCE_OBJECTS,
kv2/kinect2data/001213_2014-06-17_16-13-21_260595134347_rgbf000078-resize,left_right,INSUFFICIENT_SINGLE_INSTANCE_OBJECTS,
kv2/kinect2data/001221_2014-06-17_16-21-18_260595134347_rgbf000073-resize,left_right,INSUFFICIENT_SINGLE_INSTANCE_OBJECTS,
kv2/kinect2data/001222_2014-06-17_16-24-06_260595134347_rgbf000073-resize,left_right,NO_PAIR_CLEARS_GATES,
kv2/kinect2data/001223_2014-06-17_16-27-14_260595134347_rgbf000070-resize,left_right,NO_PAIR_CLEARS_GATES,
kv2/kinect2data/001224_2014-06-17_16-27-48_260595134347_rgbf000100-resize,left_right,INSUFFICIENT_SINGLE_INSTANCE_OBJECTS,
kv2/kinect2data/001229_2014-06-17_16-30-25_260595134347_rgbf000074-resize,left_right,INSUFFICIENT_SINGLE_INSTANCE_OBJECTS,
kv2/kinect2data/001230_2014-06-17_16-32-11_260595134347_rgbf000134-resize,left_right,INSUFFICIENT_SINGLE_INSTANCE_OBJECTS,
kv2/kinect2data/001233_2014-06-17_16-35-00_260595134347_rgbf000058-resize,left_right,INSUFFICIENT_SINGLE_INSTANCE_OBJECTS,
kv2/kinect2data/001237_2014-06-17_16-38-33_260595134347_rgbf000049-resize,left_right,INSUFFICIENT_SINGLE_INSTANCE_OBJECTS,
kv2/kinect2data/001253_2014-06-16_16-00-11_260595134347_rgbf000100-resize,left_right,INSUFFICIENT_SINGLE_INSTANCE_OBJECTS,
kv2/kinect2data/001254_2014-06-16_16-02-04_260595134347_rgbf000054-resize,left_right,INSUFFICIENT_SINGLE_INSTANCE_OBJECTS,
kv2/kinect2data/001256_2014-06-16_16-03-53_260595134347_rgbf000073-resize,left_right,INSUFFICIENT_SINGLE_INSTANCE_OBJECTS,
kv2/kinect2data/001259_2014-06-16_16-05-49_260595134347_rgbf000120-resize,left_right,INSUFFICIENT_SINGLE_INSTANCE_OBJECTS,
kv2/kinect2data/001260_2014-06-16_16-06-05_260595134347_rgbf000095-resize,left_right,INSUFFICIENT_SINGLE_INSTANCE_OBJECTS,
kv2/kinect2data/001263_2014-06-16_16-09-25_260595134347_rgbf000087-resize,left_right,INSUFFICIENT_SINGLE_INSTANCE_OBJECTS,
kv2/kinect2data/001267_2014-06-16_16-11-23_260595134347_rgbf000061-resize,left_right,NO_PAIR_CLEARS_GATES,
kv2/kinect2data/001270_2014-06-16_16-13-43_260595134347_rgbf000085-resize,left_right,INSUFFICIENT_SINGLE_INSTANCE_OBJECTS,
kv2/kinect2data/001280_2014-06-16_16-18-20_260595134347_rgbf000171-resize,left_right,INSUFFICIENT_SINGLE_INSTANCE_OBJECTS,
kv2/kinect2data/001282_2014-06-16_16-20-27_260595134347_rgbf000183-resize,left_right,INSUFFICIENT_SINGLE_INSTANCE_OBJECTS,
kv2/kinect2data/001284_2014-06-16_16-21-36_260595134347_rgbf000048-resize,left_right,INSUFFICIENT_SINGLE_INSTANCE_OBJECTS,
kv2/kinect2data/001285_2014-06-16_16-24-01_260595134347_rgbf000084-resize,left_right,NO_PAIR_CLEARS_GATES,
kv2/kinect2data/001288_2014-06-16_16-25-24_260595134347_rgbf000102-resize,left_right,INSUFFICIENT_SINGLE_INSTANCE_OBJECTS,
kv2/kinect2data/001290_2014-06-16_16-26-25_260595134347_rgbf000106-resize,left_right,INSUFFICIENT_SINGLE_INSTANCE_OBJECTS,
kv2/kinect2data/001299_2014-06-16_16-30-37_260595134347_rgbf000116-resize,left_right,INSUFFICIENT_SINGLE_INSTANCE_OBJECTS,
kv2/kinect2data/001300_2014-06-16_16-31-01_260595134347_rgbf000056-resize,left_right,INSUFFICIENT_SINGLE_INSTANCE_OBJECTS,
kv2/kinect2data/001301_2014-06-16_16-31-27_260595134347_rgbf000063-resize,left_right,INSUFFICIENT_SINGLE_INSTANCE_OBJECTS,
kv2/kinect2data/001305_2014-06-16_16-33-19_260595134347_rgbf000088-resize,left_right,NO_PAIR_CLEARS_GATES,
kv2/kinect2data/001311_2014-06-16_16-36-13_260595134347_rgbf000182-resize,left_right,INSUFFICIENT_SINGLE_INSTANCE_OBJECTS,
kv2/kinect2data/001315_2014-06-16_16-38-42_260595134347_rgbf000050-resize,left_right,INSUFFICIENT_SINGLE_INSTANCE_OBJECTS,
kv2/kinect2data/001324_2014-06-16_16-47-47_260595134347_rgbf000117-resize,left_right,INSUFFICIENT_SINGLE_INSTANCE_OBJECTS,
kv2/kinect2data/001327_2014-06-16_16-50-46_260595134347_rgbf000057-resize,left_right,INSUFFICIENT_SINGLE_INSTANCE_OBJECTS,
kv2/kinect2data/001331_2014-06-16_16-53-41_260595134347_rgbf000155-resize,left_right,INSUFFICIENT_SINGLE_INSTANCE_OBJECTS,
kv2/kinect2data/001332_2014-06-16_16-54-09_260595134347_rgbf000084-resize,left_right,INSUFFICIENT_SINGLE_INSTANCE_OBJECTS,
kv2/kinect2data/001333_2014-06-16_16-54-42_260595134347_rgbf000040-resize,left_right,INSUFFICIENT_SINGLE_INSTANCE_OBJECTS,
kv2/kinect2data/001337_2014-06-16_16-58-28_260595134347_rgbf000039-resize,left_right,INSUFFICIENT_SINGLE_INSTANCE_OBJECTS,
kv2/kinect2data/001341_2014-06-16_17-05-24_260595134347_rgbf000066-resize,left_right,INSUFFICIENT_SINGLE_INSTANCE_OBJECTS,
kv2/kinect2data/001343_2014-06-19_15-40-37_260595134347_rgbf000197-resize,left_right,NO_PAIR_CLEARS_GATES,
kv2/kinect2data/001344_2014-06-19_15-41-07_260595134347_rgbf000187-resize,left_right,INSUFFICIENT_SINGLE_INSTANCE_OBJECTS,
kv2/kinect2data/001347_2014-06-19_15-42-20_260595134347_rgbf000072-resize,left_right,INSUFFICIENT_SINGLE_INSTANCE_OBJECTS,
kv2/kinect2data/001349_2014-06-19_15-43-28_260595134347_rgbf000090-resize,left_right,INSUFFICIENT_SINGLE_INSTANCE_OBJECTS,
kv2/kinect2data/001351_2014-06-19_15-44-10_260595134347_rgbf000121-resize,left_right,INSUFFICIENT_SINGLE_INSTANCE_OBJECTS,
kv2/kinect2data/001361_2014-06-19_15-49-26_260595134347_rgbf000168-resize,left_right,INSUFFICIENT_SINGLE_INSTANCE_OBJECTS,
kv2/kinect2data/001362_2014-06-19_15-50-24_260595134347_rgbf000076-resize,left_right,INSUFFICIENT_SINGLE_INSTANCE_OBJECTS,
kv2/kinect2data/001363_2014-06-19_15-50-43_260595134347_rgbf000084-resize,left_right,INSUFFICIENT_SINGLE_INSTANCE_OBJECTS,
kv2/kinect2data/001368_2014-06-19_15-52-32_260595134347_rgbf000072-resize,left_right,INSUFFICIENT_SINGLE_INSTANCE_OBJECTS,
kv2/kinect2data/001371_2014-06-19_15-53-51_260595134347_rgbf000049-resize,left_right,INSUFFICIENT_SINGLE_INSTANCE_OBJECTS,
kv2/kinect2data/001379_2014-06-19_15-58-14_260595134347_rgbf000042-resize,left_right,INSUFFICIENT_SINGLE_INSTANCE_OBJECTS,
kv2/kinect2data/001381_2014-06-19_16-00-03_260595134347_rgbf000042-resize,left_right,INSUFFICIENT_SINGLE_INSTANCE_OBJECTS,
kv2/kinect2data/001382_2014-06-19_16-00-21_260595134347_rgbf000061-resize,left_right,INSUFFICIENT_SINGLE_INSTANCE_OBJECTS,
kv2/kinect2data/001383_2014-06-19_16-00-51_260595134347_rgbf000058-resize,left_right,INSUFFICIENT_SINGLE_INSTANCE_OBJECTS,
kv2/kinect2data/001384_2014-06-19_16-01-43_260595134347_rgbf000058-resize,left_right,INSUFFICIENT_SINGLE_INSTANCE_OBJECTS,
kv2/kinect2data/001385_2014-06-19_16-01-59_260595134347_rgbf000052-resize,left_right,INSUFFICIENT_SINGLE_INSTANCE_OBJECTS,
kv2/kinect2data/001386_2014-06-19_16-02-15_260595134347_rgbf000050-resize,left_right,INSUFFICIENT_SINGLE_INSTANCE_OBJECTS,
kv2/kinect2data/001394_2014-06-19_16-09-16_260595134347_rgbf000092-resize,left_right,INSUFFICIENT_SINGLE_INSTANCE_OBJECTS,
kv2/kinect2data/001396_2014-06-19_16-10-07_260595134347_rgbf000128-resize,left_right,INSUFFICIENT_SINGLE_INSTANCE_OBJECTS,
kv2/kinect2data/001398_2014-06-19_16-11-20_260595134347_rgbf000055-resize,left_right,INSUFFICIENT_SINGLE_INSTANCE_OBJECTS,
kv2/kinect2data/001399_2014-06-19_16-11-42_260595134347_rgbf000068-resize,left_right,INSUFFICIENT_SINGLE_INSTANCE_OBJECTS,
kv2/kinect2data/001400_2014-06-19_16-12-11_260595134347_rgbf000067-resize,left_right,INSUFFICIENT_SINGLE_INSTANCE_OBJECTS,
kv2/kinect2data/001403_2014-06-19_16-13-21_260595134347_rgbf000091-resize,left_right,INSUFFICIENT_SINGLE_INSTANCE_OBJECTS,
kv2/kinect2data/001405_2014-06-19_16-14-49_260595134347_rgbf000089-resize,left_right,INSUFFICIENT_SINGLE_INSTANCE_OBJECTS,
kv2/kinect2data/001407_2014-06-19_16-16-04_260595134347_rgbf000107-resize,left_right,INSUFFICIENT_SINGLE_INSTANCE_OBJECTS,
kv2/kinect2data/001408_2014-06-19_16-16-19_260595134347_rgbf000084-resize,left_right,INSUFFICIENT_SINGLE_INSTANCE_OBJECTS,
kv2/kinect2data/001412_2014-06-19_16-22-42_260595134347_rgbf000108-resize,left_right,INSUFFICIENT_SINGLE_INSTANCE_OBJECTS,
kv2/kinect2data/001413_2014-06-19_16-23-02_260595134347_rgbf000057-resize,left_right,INSUFFICIENT_SINGLE_INSTANCE_OBJECTS,
kv2/kinect2data/001414_2014-06-19_16-23-20_260595134347_rgbf000107-resize,left_right,INSUFFICIENT_SINGLE_INSTANCE_OBJECTS,
kv2/kinect2data/001415_2014-06-19_16-25-04_260595134347_rgbf000119-resize,left_right,INSUFFICIENT_SINGLE_INSTANCE_OBJECTS,
kv2/kinect2data/001417_2014-06-19_16-25-36_260595134347_rgbf000115-resize,left_right,INSUFFICIENT_SINGLE_INSTANCE_OBJECTS,
kv2/kinect2data/001419_2014-06-19_16-34-02_260595134347_rgbf000115-resize,left_right,INSUFFICIENT_SINGLE_INSTANCE_OBJECTS,
kv2/kinect2data/001421_2014-06-19_16-34-47_260595134347_rgbf000069-resize,left_right,INSUFFICIENT_SINGLE_INSTANCE_OBJECTS,
kv2/kinect2data/001422_2014-06-19_16-44-35_260595134347_rgbf000046-resize,left_right,INSUFFICIENT_SINGLE_INSTANCE_OBJECTS,
kv2/kinect2data/001424_2014-06-19_16-45-23_260595134347_rgbf000055-resize,left_right,INSUFFICIENT_SINGLE_INSTANCE_OBJECTS,
kv2/kinect2data/001425_2014-06-19_16-45-40_260595134347_rgbf000051-resize,left_right,INSUFFICIENT_SINGLE_INSTANCE_OBJECTS,
kv2/kinect2data/001429_2014-06-19_16-50-18_260595134347_rgbf000155-resize,left_right,NO_PAIR_CLEARS_GATES,
kv2/kinect2data/001431_2014-06-19_16-50-55_260595134347_rgbf000040-resize,left_right,INSUFFICIENT_SINGLE_INSTANCE_OBJECTS,
kv2/kinect2data/001436_2014-06-19_16-52-40_260595134347_rgbf000062-resize,left_right,INSUFFICIENT_SINGLE_INSTANCE_OBJECTS,
kv2/kinect2data/001437_2014-06-19_16-52-59_260595134347_rgbf000069-resize,left_right,INSUFFICIENT_SINGLE_INSTANCE_OBJECTS,
kv2/kinect2data/001438_2014-06-19_16-53-33_260595134347_rgbf000124-resize,left_right,INSUFFICIENT_SINGLE_INSTANCE_OBJECTS,
kv2/kinect2data/001439_2014-06-19_16-54-01_260595134347_rgbf000072-resize,left_right,INSUFFICIENT_SINGLE_INSTANCE_OBJECTS,
kv2/kinect2data/001440_2014-06-19_16-54-22_260595134347_rgbf000107-resize,left_right,INSUFFICIENT_SINGLE_INSTANCE_OBJECTS,
kv2/kinect2data/001441_2014-06-19_16-54-36_260595134347_rgbf000050-resize,left_right,INSUFFICIENT_SINGLE_INSTANCE_OBJECTS,
kv2/kinect2data/001447_2014-06-19_17-00-32_260595134347_rgbf000082-resize,left_right,INSUFFICIENT_SINGLE_INSTANCE_OBJECTS,
kv2/kinect2data/001448_2014-06-19_17-00-58_260595134347_rgbf000053-resize,left_right,INSUFFICIENT_SINGLE_INSTANCE_OBJECTS,
kv2/kinect2data/001455_2014-06-19_17-06-37_260595134347_rgbf000075-resize,left_right,INSUFFICIENT_SINGLE_INSTANCE_OBJECTS,
kv2/kinect2data/001456_2014-06-19_17-07-43_260595134347_rgbf000108-resize,left_right,INSUFFICIENT_SINGLE_INSTANCE_OBJECTS,
kv2/kinect2data/001463_2014-06-19_17-25-16_260595134347_rgbf000079-resize,left_right,INSUFFICIENT_SINGLE_INSTANCE_OBJECTS,
kv2/kinect2data/001464_2014-06-19_17-25-31_260595134347_rgbf000125-resize,left_right,INSUFFICIENT_SINGLE_INSTANCE_OBJECTS,
kv2/kinect2data/001465_2014-06-19_17-25-46_260595134347_rgbf000090-resize,left_right,INSUFFICIENT_SINGLE_INSTANCE_OBJECTS,
kv2/kinect2data/001466_2014-06-19_17-26-00_260595134347_rgbf000041-resize,left_right,NO_PAIR_CLEARS_GATES,
kv2/kinect2data/001471_2014-06-19_17-29-16_260595134347_rgbf000091-resize,left_right,INSUFFICIENT_SINGLE_INSTANCE_OBJECTS,
kv2/kinect2data/001475_2014-06-19_17-31-48_260595134347_rgbf000070-resize,left_right,INSUFFICIENT_SINGLE_INSTANCE_OBJECTS,
kv2/kinect2data/001482_2014-06-19_17-35-08_260595134347_rgbf000074-resize,left_right,INSUFFICIENT_SINGLE_INSTANCE_OBJECTS,
kv2/kinect2data/001491_2014-06-19_17-42-17_260595134347_rgbf000046-resize,left_right,INSUFFICIENT_SINGLE_INSTANCE_OBJECTS,
kv2/kinect2data/001497_2014-06-19_17-44-35_260595134347_rgbf000093-resize,left_right,INSUFFICIENT_SINGLE_INSTANCE_OBJECTS,
kv2/kinect2data/001500_2014-06-19_17-48-21_260595134347_rgbf000098-resize,left_right,NO_PAIR_CLEARS_GATES,
kv2/kinect2data/001501_2014-06-19_17-49-04_260595134347_rgbf000084-resize,left_right,INSUFFICIENT_SINGLE_INSTANCE_OBJECTS,
kv2/kinect2data/001517_2014-06-20_16-28-01_260595134347_rgbf000070-resize,left_right,INSUFFICIENT_SINGLE_INSTANCE_OBJECTS,
kv2/kinect2data/001518_2014-06-20_16-28-19_260595134347_rgbf000058-resize,left_right,INSUFFICIENT_SINGLE_INSTANCE_OBJECTS,
kv2/kinect2data/001520_2014-06-20_16-39-00_260595134347_rgbf000029-resize,left_right,INSUFFICIENT_SINGLE_INSTANCE_OBJECTS,
kv2/kinect2data/001524_2014-06-20_16-43-13_260595134347_rgbf000058-resize,left_right,NO_PAIR_CLEARS_GATES,
kv2/kinect2data/001530_2014-06-20_16-49-59_260595134347_rgbf000161-resize,left_right,INSUFFICIENT_SINGLE_INSTANCE_OBJECTS,
kv2/kinect2data/001534_2014-06-20_16-51-40_260595134347_rgbf000042-resize,left_right,NO_PAIR_CLEARS_GATES,
kv2/kinect2data/001540_2014-06-20_17-01-05_260595134347_rgbf000086-resize,left_right,INSUFFICIENT_SINGLE_INSTANCE_OBJECTS,
kv2/kinect2data/001541_2014-06-20_17-01-45_260595134347_rgbf000075-resize,left_right,INSUFFICIENT_SINGLE_INSTANCE_OBJECTS,
kv2/kinect2data/001543_2014-06-20_17-02-15_260595134347_rgbf000080-resize,left_right,INSUFFICIENT_SINGLE_INSTANCE_OBJECTS,
kv2/kinect2data/001544_2014-06-20_17-02-35_260595134347_rgbf000045-resize,left_right,INSUFFICIENT_SINGLE_INSTANCE_OBJECTS,
kv2/kinect2data/001546_2014-06-20_17-03-31_260595134347_rgbf000028-resize,left_right,NO_PAIR_CLEARS_GATES,
kv2/kinect2data/001549_2014-06-20_17-04-59_260595134347_rgbf000073-resize,left_right,NO_PAIR_CLEARS_GATES,
kv2/kinect2data/001550_2014-06-20_17-05-15_260595134347_rgbf000052-resize,left_right,INSUFFICIENT_SINGLE_INSTANCE_OBJECTS,
kv2/kinect2data/001551_2014-06-20_17-05-49_260595134347_rgbf000060-resize,left_right,INSUFFICIENT_SINGLE_INSTANCE_OBJECTS,
kv2/kinect2data/001553_2014-06-20_17-09-56_260595134347_rgbf000083-resize,left_right,NO_PAIR_CLEARS_GATES,
kv2/kinect2data/001554_2014-06-20_17-10-07_260595134347_rgbf000035-resize,left_right,INSUFFICIENT_SINGLE_INSTANCE_OBJECTS,
kv2/kinect2data/001556_2014-06-20_17-12-22_260595134347_rgbf000087-resize,left_right,INSUFFICIENT_SINGLE_INSTANCE_OBJECTS,
kv2/kinect2data/001562_2014-06-20_17-15-27_260595134347_rgbf000104-resize,left_right,NO_PAIR_CLEARS_GATES,
kv2/kinect2data/001566_2014-06-20_17-19-08_260595134347_rgbf000044-resize,left_right,INSUFFICIENT_SINGLE_INSTANCE_OBJECTS,
kv2/kinect2data/001570_2014-06-20_17-21-09_260595134347_rgbf000135-resize,left_right,INSUFFICIENT_SINGLE_INSTANCE_OBJECTS,
kv2/kinect2data/001573_2014-06-20_17-22-50_260595134347_rgbf000057-resize,left_right,NO_PAIR_CLEARS_GATES,
kv2/kinect2data/001583_2014-06-20_11-07-13_260595134347_rgbf000026-resize,left_right,INSUFFICIENT_SINGLE_INSTANCE_OBJECTS,
kv2/kinect2data/001584_2014-06-20_11-07-43_260595134347_rgbf000002-resize,left_right,INSUFFICIENT_SINGLE_INSTANCE_OBJECTS,
kv2/kinect2data/001585_2014-06-20_11-08-00_260595134347_rgbf000060-resize,left_right,NO_PAIR_CLEARS_GATES,
kv2/kinect2data/001586_2014-06-20_11-10-51_260595134347_rgbf000072-resize,left_right,INSUFFICIENT_SINGLE_INSTANCE_OBJECTS,
kv2/kinect2data/001591_2014-06-20_11-12-24_260595134347_rgbf000074-resize,left_right,NO_PAIR_CLEARS_GATES,
kv2/kinect2data/001597_2014-06-20_11-15-35_260595134347_rgbf000174-resize,left_right,INSUFFICIENT_SINGLE_INSTANCE_OBJECTS,
kv2/kinect2data/001601_2014-06-20_11-16-31_260595134347_rgbf000056-resize,left_right,INSUFFICIENT_SINGLE_INSTANCE_OBJECTS,
kv2/kinect2data/001602_2014-06-20_11-16-57_260595134347_rgbf000052-resize,left_right,INSUFFICIENT_SINGLE_INSTANCE_OBJECTS,
kv2/kinect2data/001606_2014-06-20_11-18-48_260595134347_rgbf000090-resize,left_right,INSUFFICIENT_SINGLE_INSTANCE_OBJECTS,
kv2/kinect2data/001608_2014-06-20_11-20-41_260595134347_rgbf000102-resize,left_right,INSUFFICIENT_SINGLE_INSTANCE_OBJECTS,
kv2/kinect2data/001609_2014-06-20_11-29-35_260595134347_rgbf000045-resize,left_right,NO_PAIR_CLEARS_GATES,
kv2/kinect2data/001612_2014-06-20_11-31-31_260595134347_rgbf000071-resize,left_right,NO_PAIR_CLEARS_GATES,
kv2/kinect2data/001613_2014-06-20_11-32-48_260595134347_rgbf000054-resize,left_right,INSUFFICIENT_SINGLE_INSTANCE_OBJECTS,
kv2/kinect2data/001620_2014-06-20_11-39-13_260595134347_rgbf000120-resize,left_right,INSUFFICIENT_SINGLE_INSTANCE_OBJECTS,
kv2/kinect2data/001631_2014-06-20_11-41-50_260595134347_rgbf000059-resize,left_right,INSUFFICIENT_SINGLE_INSTANCE_OBJECTS,
kv2/kinect2data/001636_2014-06-20_11-44-14_260595134347_rgbf000118-resize,left_right,INSUFFICIENT_SINGLE_INSTANCE_OBJECTS,
kv2/kinect2data/001641_2014-06-20_11-49-23_260595134347_rgbf000074-resize,left_right,NO_PAIR_CLEARS_GATES,
kv2/kinect2data/001643_2014-06-20_11-50-08_260595134347_rgbf000021-resize,left_right,INSUFFICIENT_SINGLE_INSTANCE_OBJECTS,
kv2/kinect2data/001644_2014-06-20_11-56-47_260595134347_rgbf000057-resize,left_right,NO_PAIR_CLEARS_GATES,
kv2/kinect2data/001647_2014-06-20_12-07-27_260595134347_rgbf000052-resize,left_right,INSUFFICIENT_SINGLE_INSTANCE_OBJECTS,
kv2/kinect2data/001648_2014-06-20_12-08-04_260595134347_rgbf000141-resize,left_right,INSUFFICIENT_SINGLE_INSTANCE_OBJECTS,
kv2/kinect2data/001654_2014-06-20_12-13-22_260595134347_rgbf000050-resize,left_right,NO_PAIR_CLEARS_GATES,
kv2/kinect2data/001656_2014-06-20_12-14-18_260595134347_rgbf000098-resize,left_right,INSUFFICIENT_SINGLE_INSTANCE_OBJECTS,
kv2/kinect2data/001657_2014-06-20_12-17-49_260595134347_rgbf000113-resize,left_right,NO_PAIR_CLEARS_GATES,
kv2/kinect2data/001659_2014-06-20_16-29-43_260595134347_rgbf000043-resize,left_right,INSUFFICIENT_SINGLE_INSTANCE_OBJECTS,
kv2/kinect2data/001672_2014-06-26_19-12-38_260595134347_rgbf000072-resize,left_right,INSUFFICIENT_SINGLE_INSTANCE_OBJECTS,
kv2/kinect2data/001674_2014-06-26_19-13-03_260595134347_rgbf000043-resize,left_right,NO_PAIR_CLEARS_GATES,
kv2/kinect2data/001675_2014-06-26_19-13-13_260595134347_rgbf000041-resize,left_right,INSUFFICIENT_SINGLE_INSTANCE_OBJECTS,
kv2/kinect2data/001677_2014-06-26_19-13-41_260595134347_rgbf000059-resize,left_right,INSUFFICIENT_SINGLE_INSTANCE_OBJECTS,
kv2/kinect2data/001678_2014-06-26_19-13-56_260595134347_rgbf000102-resize,left_right,INSUFFICIENT_SINGLE_INSTANCE_OBJECTS,
kv2/kinect2data/001679_2014-06-26_19-14-08_260595134347_rgbf000066-resize,left_right,INSUFFICIENT_SINGLE_INSTANCE_OBJECTS,
kv2/kinect2data/001687_2014-06-26_19-16-22_260595134347_rgbf000065-resize,left_right,INSUFFICIENT_SINGLE_INSTANCE_OBJECTS,
kv2/kinect2data/001700_2014-06-26_19-21-29_260595134347_rgbf000057-resize,left_right,INSUFFICIENT_SINGLE_INSTANCE_OBJECTS,
kv2/kinect2data/001702_2014-06-26_19-21-54_260595134347_rgbf000064-resize,left_right,NO_PAIR_CLEARS_GATES,
kv2/kinect2data/001706_2014-06-26_19-22-52_260595134347_rgbf000058-resize,left_right,INSUFFICIENT_SINGLE_INSTANCE_OBJECTS,
kv2/kinect2data/001709_2014-06-26_19-23-36_260595134347_rgbf000079-resize,left_right,INSUFFICIENT_SINGLE_INSTANCE_OBJECTS,
kv2/kinect2data/001711_2014-06-26_19-24-23_260595134347_rgbf000070-resize,left_right,INSUFFICIENT_SINGLE_INSTANCE_OBJECTS,
kv2/kinect2data/001719_2014-06-26_19-26-32_260595134347_rgbf000063-resize,left_right,INSUFFICIENT_SINGLE_INSTANCE_OBJECTS,
kv2/kinect2data/001721_2014-06-26_19-27-15_260595134347_rgbf000087-resize,left_right,INSUFFICIENT_SINGLE_INSTANCE_OBJECTS,
kv2/kinect2data/001723_2014-06-26_19-28-39_260595134347_rgbf000075-resize,left_right,NO_PAIR_CLEARS_GATES,
kv2/kinect2data/001724_2014-06-26_19-28-50_260595134347_rgbf000037-resize,left_right,NO_PAIR_CLEARS_GATES,
kv2/kinect2data/001730_2014-06-26_19-44-55_260595134347_rgbf000071-resize,left_right,NO_PAIR_CLEARS_GATES,
kv2/kinect2data/001732_2014-06-26_19-45-22_260595134347_rgbf000040-resize,left_right,INSUFFICIENT_SINGLE_INSTANCE_OBJECTS,
kv2/kinect2data/001737_2014-06-26_19-46-40_260595134347_rgbf000125-resize,left_right,INSUFFICIENT_SINGLE_INSTANCE_OBJECTS,
kv2/kinect2data/001745_2014-06-26_19-48-53_260595134347_rgbf000047-resize,left_right,INSUFFICIENT_SINGLE_INSTANCE_OBJECTS,
kv2/kinect2data/001747_2014-06-26_19-49-23_260595134347_rgbf000037-resize,left_right,INSUFFICIENT_SINGLE_INSTANCE_OBJECTS,
kv2/kinect2data/001762_2014-06-26_19-55-15_260595134347_rgbf000032-resize,left_right,INSUFFICIENT_SINGLE_INSTANCE_OBJECTS,
kv2/kinect2data/001771_2014-06-26_19-58-26_260595134347_rgbf000070-resize,left_right,INSUFFICIENT_SINGLE_INSTANCE_OBJECTS,
kv2/kinect2data/001778_2014-06-26_20-01-10_260595134347_rgbf000069-resize,left_right,INSUFFICIENT_SINGLE_INSTANCE_OBJECTS,
kv2/kinect2data/001800_2014-06-26_20-47-59_260595134347_rgbf000062-resize,left_right,INSUFFICIENT_SINGLE_INSTANCE_OBJECTS,
kv2/kinect2data/001806_2014-06-26_20-50-20_260595134347_rgbf000091-resize,left_right,NO_PAIR_CLEARS_GATES,
kv2/kinect2data/001817_2014-06-26_20-53-30_260595134347_rgbf000038-resize,left_right,NO_PAIR_CLEARS_GATES,
kv2/kinect2data/001820_2014-06-26_20-54-15_260595134347_rgbf000032-resize,left_right,INSUFFICIENT_SINGLE_INSTANCE_OBJECTS,
kv2/kinect2data/001821_2014-06-26_20-55-15_260595134347_rgbf000036-resize,left_right,NO_PAIR_CLEARS_GATES,
kv2/kinect2data/001828_2014-06-26_21-40-03_260595134347_rgbf000024-resize,left_right,NO_PAIR_CLEARS_GATES,
kv2/kinect2data/001831_2014-06-26_21-43-23_260595134347_rgbf000119-resize,left_right,INSUFFICIENT_SINGLE_INSTANCE_OBJECTS,
kv2/kinect2data/001832_2014-06-26_21-43-38_260595134347_rgbf000111-resize,left_right,INSUFFICIENT_SINGLE_INSTANCE_OBJECTS,
kv2/kinect2data/001837_2014-06-22_13-16-57_260595134347_rgbf000042-resize,left_right,INSUFFICIENT_SINGLE_INSTANCE_OBJECTS,
kv2/kinect2data/001870_2014-06-22_13-44-27_260595134347_rgbf000029-resize,left_right,INSUFFICIENT_SINGLE_INSTANCE_OBJECTS,
kv2/kinect2data/001873_2014-06-22_13-45-57_260595134347_rgbf000036-resize,left_right,INSUFFICIENT_SINGLE_INSTANCE_OBJECTS,
kv2/kinect2data/001888_2014-06-22_13-53-53_260595134347_rgbf000059-resize,left_right,NO_PAIR_CLEARS_GATES,
kv2/kinect2data/001894_2014-06-22_13-56-14_260595134347_rgbf000078-resize,left_right,INSUFFICIENT_SINGLE_INSTANCE_OBJECTS,
kv2/kinect2data/001898_2014-06-22_13-57-30_260595134347_rgbf000044-resize,left_right,INSUFFICIENT_SINGLE_INSTANCE_OBJECTS,
kv2/kinect2data/001910_2014-06-22_14-02-40_260595134347_rgbf000040-resize,left_right,NO_PAIR_CLEARS_GATES,
kv2/kinect2data/001913_2014-06-22_14-04-40_260595134347_rgbf000019-resize,left_right,NO_PAIR_CLEARS_GATES,
kv2/kinect2data/001925_2014-06-22_14-12-25_260595134347_rgbf000025-resize,left_right,INSUFFICIENT_SINGLE_INSTANCE_OBJECTS,
kv2/kinect2data/001926_2014-06-22_14-12-52_260595134347_rgbf000015-resize,left_right,INSUFFICIENT_SINGLE_INSTANCE_OBJECTS,
kv2/kinect2data/001927_2014-06-22_14-13-23_260595134347_rgbf000029-resize,left_right,INSUFFICIENT_SINGLE_INSTANCE_OBJECTS,
kv2/kinect2data/001928_2014-06-22_14-20-22_260595134347_rgbf000060-resize,left_right,INSUFFICIENT_SINGLE_INSTANCE_OBJECTS,
kv2/kinect2data/001935_2014-06-22_14-22-59_260595134347_rgbf000083-resize,left_right,NO_PAIR_CLEARS_GATES,
kv2/kinect2data/001948_2014-06-24_15-42-56_260595134347_rgbf000060-resize,left_right,INSUFFICIENT_SINGLE_INSTANCE_OBJECTS,
kv2/kinect2data/001954_2014-06-24_15-44-40_260595134347_rgbf000085-resize,left_right,NO_PAIR_CLEARS_GATES,
kv2/kinect2data/001964_2014-06-24_15-53-11_260595134347_rgbf000050-resize,left_right,INSUFFICIENT_SINGLE_INSTANCE_OBJECTS,
kv2/kinect2data/001966_2014-06-24_15-53-51_260595134347_rgbf000037-resize,left_right,INSUFFICIENT_SINGLE_INSTANCE_OBJECTS,
kv2/kinect2data/001969_2014-06-24_16-00-00_260595134347_rgbf000019-resize,left_right,INSUFFICIENT_SINGLE_INSTANCE_OBJECTS,
kv2/kinect2data/001972_2014-06-24_16-14-31_260595134347_rgbf000031-resize,left_right,INSUFFICIENT_SINGLE_INSTANCE_OBJECTS,
kv2/kinect2data/001981_2014-06-24_16-17-49_260595134347_rgbf000036-resize,left_right,NO_PAIR_CLEARS_GATES,
kv2/kinect2data/001982_2014-06-24_16-18-15_260595134347_rgbf000033-resize,left_right,INSUFFICIENT_SINGLE_INSTANCE_OBJECTS,
kv2/kinect2data/001983_2014-06-24_16-18-31_260595134347_rgbf000040-resize,left_right,NO_PAIR_CLEARS_GATES,
kv2/kinect2data/001991_2014-06-24_16-20-31_260595134347_rgbf000054-resize,left_right,INSUFFICIENT_SINGLE_INSTANCE_OBJECTS,
kv2/kinect2data/001996_2014-06-24_16-21-46_260595134347_rgbf000036-resize,left_right,INSUFFICIENT_SINGLE_INSTANCE_OBJECTS,
kv2/kinect2data/001999_2014-06-24_16-22-56_260595134347_rgbf000075-resize,left_right,INSUFFICIENT_SINGLE_INSTANCE_OBJECTS,
kv2/kinect2data/002006_2014-06-24_16-24-47_260595134347_rgbf000062-resize,left_right,INSUFFICIENT_SINGLE_INSTANCE_OBJECTS,
kv2/kinect2data/002007_2014-06-24_16-25-03_260595134347_rgbf000038-resize,left_right,INSUFFICIENT_SINGLE_INSTANCE_OBJECTS,
kv2/kinect2data/002012_2014-06-24_16-27-40_260595134347_rgbf000090-resize,left_right,INSUFFICIENT_SINGLE_INSTANCE_OBJECTS,
kv2/kinect2data/002013_2014-06-24_16-28-09_260595134347_rgbf000058-resize,left_right,INSUFFICIENT_SINGLE_INSTANCE_OBJECTS,
kv2/kinect2data/002020_2014-06-24_16-31-29_260595134347_rgbf000041-resize,left_right,INSUFFICIENT_SINGLE_INSTANCE_OBJECTS,
kv2/kinect2data/002023_2014-06-24_16-32-06_260595134347_rgbf000040-resize,left_right,INSUFFICIENT_SINGLE_INSTANCE_OBJECTS,
kv2/kinect2data/002040_2014-06-24_20-22-52_260595134347_rgbf000075-resize,left_right,NO_PAIR_CLEARS_GATES,
kv2/kinect2data/002041_2014-06-24_20-23-52_260595134347_rgbf000053-resize,left_right,INSUFFICIENT_SINGLE_INSTANCE_OBJECTS,
kv2/kinect2data/002042_2014-06-24_20-29-12_260595134347_rgbf000037-resize,left_right,NO_PAIR_CLEARS_GATES,
kv2/kinect2data/002043_2014-06-24_20-29-38_260595134347_rgbf000039-resize,left_right,NO_PAIR_CLEARS_GATES,
kv2/kinect2data/002044_2014-06-24_20-30-57_260595134347_rgbf000039-resize,left_right,NO_PAIR_CLEARS_GATES,
kv2/kinect2data/002045_2014-06-24_20-31-10_260595134347_rgbf000040-resize,left_right,INSUFFICIENT_SINGLE_INSTANCE_OBJECTS,
kv2/kinect2data/002062_2014-06-24_21-05-33_260595134347_rgbf000100-resize,left_right,INSUFFICIENT_SINGLE_INSTANCE_OBJECTS,
kv2/kinect2data/002068_2014-06-24_21-43-31_260595134347_rgbf000024-resize,left_right,INSUFFICIENT_SINGLE_INSTANCE_OBJECTS,
kv2/kinect2data/002069_2014-06-24_21-45-10_260595134347_rgbf000071-resize,left_right,INSUFFICIENT_SINGLE_INSTANCE_OBJECTS,
kv2/kinect2data/002072_2014-06-24_21-48-06_260595134347_rgbf000115-resize,left_right,INSUFFICIENT_SINGLE_INSTANCE_OBJECTS,
kv2/kinect2data/002077_2014-06-24_21-57-35_260595134347_rgbf000076-resize,left_right,INSUFFICIENT_SINGLE_INSTANCE_OBJECTS,
kv2/kinect2data/002082_2014-06-25_19-41-09_260595134347_rgbf000145-resize,left_right,NO_PAIR_CLEARS_GATES,
kv2/kinect2data/002090_2014-06-25_19-49-03_260595134347_rgbf000064-resize,left_right,NO_PAIR_CLEARS_GATES,
kv2/kinect2data/002093_2014-06-25_19-50-26_260595134347_rgbf000160-resize,left_right,INSUFFICIENT_SINGLE_INSTANCE_OBJECTS,
kv2/kinect2data/002098_2014-06-25_19-53-45_260595134347_rgbf000063-resize,left_right,INSUFFICIENT_SINGLE_INSTANCE_OBJECTS,
kv2/kinect2data/002099_2014-06-25_19-54-40_260595134347_rgbf000081-resize,left_right,NO_PAIR_CLEARS_GATES,
kv2/kinect2data/002101_2014-06-25_19-55-43_260595134347_rgbf000109-resize,left_right,INSUFFICIENT_SINGLE_INSTANCE_OBJECTS,
kv2/kinect2data/002103_2014-06-25_20-00-40_260595134347_rgbf000049-resize,left_right,NO_PAIR_CLEARS_GATES,
kv2/kinect2data/002104_2014-06-25_20-02-33_260595134347_rgbf000060-resize,left_right,INSUFFICIENT_SINGLE_INSTANCE_OBJECTS,
kv2/kinect2data/002105_2014-06-25_20-03-18_260595134347_rgbf000107-resize,left_right,INSUFFICIENT_SINGLE_INSTANCE_OBJECTS,
kv2/kinect2data/002108_2014-06-25_20-05-00_260595134347_rgbf000085-resize,left_right,NO_PAIR_CLEARS_GATES,
kv2/kinect2data/002110_2014-06-25_20-06-55_260595134347_rgbf000087-resize,left_right,INSUFFICIENT_SINGLE_INSTANCE_OBJECTS,
kv2/kinect2data/002117_2014-06-25_20-31-28_260595134347_rgbf000151-resize,left_right,NO_PAIR_CLEARS_GATES,
kv2/kinect2data/002119_2014-06-25_20-33-47_260595134347_rgbf000089-resize,left_right,INSUFFICIENT_SINGLE_INSTANCE_OBJECTS,
kv2/kinect2data/002120_2014-06-25_20-34-00_260595134347_rgbf000087-resize,left_right,INSUFFICIENT_SINGLE_INSTANCE_OBJECTS,
kv2/kinect2data/002121_2014-06-25_20-34-28_260595134347_rgbf000112-resize,left_right,INSUFFICIENT_SINGLE_INSTANCE_OBJECTS,
kv2/kinect2data/002139_2014-06-25_21-19-37_260595134347_rgbf000124-resize,left_right,NO_PAIR_CLEARS_GATES,
kv2/kinect2data/002142_2014-06-25_21-20-49_260595134347_rgbf000163-resize,left_right,INSUFFICIENT_SINGLE_INSTANCE_OBJECTS,
kv2/kinect2data/002144_2014-06-25_21-23-49_260595134347_rgbf000030-resize,left_right,NO_PAIR_CLEARS_GATES,
kv2/kinect2data/002148_2014-06-25_21-25-09_260595134347_rgbf000046-resize,left_right,INSUFFICIENT_SINGLE_INSTANCE_OBJECTS,
kv2/kinect2data/002149_2014-06-25_21-25-28_260595134347_rgbf000151-resize,left_right,INSUFFICIENT_SINGLE_INSTANCE_OBJECTS,
kv2/kinect2data/002150_2014-06-25_21-25-49_260595134347_rgbf000094-resize,left_right,NO_PAIR_CLEARS_GATES,
kv2/kinect2data/002155_2014-06-27_23-53-55_260595134347_rgbf000209-resize,left_right,INSUFFICIENT_SINGLE_INSTANCE_OBJECTS,
kv2/kinect2data/002164_2014-06-28_18-27-15_260595134347_rgbf000052-resize,left_right,INSUFFICIENT_SINGLE_INSTANCE_OBJECTS,
kv2/kinect2data/002173_2014-06-24_21-42-33_260595134347_rgbf000001-resize,left_right,NO_PAIR_CLEARS_GATES,
kv2/kinect2data/002174_2014-06-24_21-48-18_260595134347_rgbf000138-resize,left_right,INSUFFICIENT_SINGLE_INSTANCE_OBJECTS,
kv2/kinect2data/002178_2014-06-25_20-07-30_260595134347_rgbf000166-resize,left_right,INSUFFICIENT_SINGLE_INSTANCE_OBJECTS,
kv2/kinect2data/002186_2014-06-28_18-30-52_260595134347_rgbf000064-resize,left_right,INSUFFICIENT_SINGLE_INSTANCE_OBJECTS,
kv2/kinect2data/002212_2014-06-28_18-36-48_260595134347_rgbf000055-resize,left_right,NO_PAIR_CLEARS_GATES,
kv2/kinect2data/002216_2014-06-28_18-38-31_260595134347_rgbf000035-resize,left_right,INSUFFICIENT_SINGLE_INSTANCE_OBJECTS,
kv2/kinect2data/002217_2014-06-28_18-38-45_260595134347_rgbf000038-resize,left_right,INSUFFICIENT_SINGLE_INSTANCE_OBJECTS,
kv2/kinect2data/002219_2014-06-28_18-39-05_260595134347_rgbf000062-resize,left_right,INSUFFICIENT_SINGLE_INSTANCE_OBJECTS,
kv2/kinect2data/002228_2014-06-28_18-40-53_260595134347_rgbf000028-resize,left_right,INSUFFICIENT_SINGLE_INSTANCE_OBJECTS,
kv2/kinect2data/002244_2014-06-28_18-43-58_260595134347_rgbf000074-resize,left_right,INSUFFICIENT_SINGLE_INSTANCE_OBJECTS,
kv2/kinect2data/002253_2014-06-28_18-46-32_260595134347_rgbf000031-resize,left_right,INSUFFICIENT_SINGLE_INSTANCE_OBJECTS,
kv2/kinect2data/002267_2014-06-28_18-52-32_260595134347_rgbf000033-resize,left_right,INSUFFICIENT_SINGLE_INSTANCE_OBJECTS,
kv2/kinect2data/002271_2014-06-28_18-53-40_260595134347_rgbf000054-resize,left_right,INSUFFICIENT_SINGLE_INSTANCE_OBJECTS,
kv2/kinect2data/002283_2014-06-28_18-56-41_260595134347_rgbf000031-resize,left_right,INSUFFICIENT_SINGLE_INSTANCE_OBJECTS,
kv2/kinect2data/002287_2014-06-28_18-57-47_260595134347_rgbf000022-resize,left_right,INSUFFICIENT_SINGLE_INSTANCE_OBJECTS,
kv2/kinect2data/002288_2014-06-28_18-57-58_260595134347_rgbf000030-resize,left_right,INSUFFICIENT_SINGLE_INSTANCE_OBJECTS,
kv2/kinect2data/002291_2014-06-28_18-58-48_260595134347_rgbf000033-resize,left_right,INSUFFICIENT_SINGLE_INSTANCE_OBJECTS,
kv2/kinect2data/002294_2014-06-28_18-59-53_260595134347_rgbf000047-resize,left_right,INSUFFICIENT_SINGLE_INSTANCE_OBJECTS,
kv2/kinect2data/002299_2014-06-28_19-01-36_260595134347_rgbf000025-resize,left_right,INSUFFICIENT_SINGLE_INSTANCE_OBJECTS,
kv2/kinect2data/002328_2014-06-28_20-02-49_260595134347_rgbf000044-resize,left_right,INSUFFICIENT_SINGLE_INSTANCE_OBJECTS,
kv2/kinect2data/002329_2014-06-28_20-02-58_260595134347_rgbf000020-resize,left_right,INSUFFICIENT_SINGLE_INSTANCE_OBJECTS,
kv2/kinect2data/002330_2014-06-28_20-03-11_260595134347_rgbf000064-resize,left_right,INSUFFICIENT_SINGLE_INSTANCE_OBJECTS,
kv2/kinect2data/002331_2014-06-28_20-03-43_260595134347_rgbf000074-resize,left_right,INSUFFICIENT_SINGLE_INSTANCE_OBJECTS,
kv2/kinect2data/002332_2014-06-28_20-03-54_260595134347_rgbf000044-resize,left_right,INSUFFICIENT_SINGLE_INSTANCE_OBJECTS,
kv2/kinect2data/002333_2014-06-28_20-04-09_260595134347_rgbf000050-resize,left_right,INSUFFICIENT_SINGLE_INSTANCE_OBJECTS,
kv2/kinect2data/002335_2014-06-28_20-04-32_260595134347_rgbf000027-resize,left_right,INSUFFICIENT_SINGLE_INSTANCE_OBJECTS,
kv2/kinect2data/002336_2014-06-28_20-04-53_260595134347_rgbf000050-resize,left_right,INSUFFICIENT_SINGLE_INSTANCE_OBJECTS,
kv2/kinect2data/002345_2014-06-28_20-06-44_260595134347_rgbf000035-resize,left_right,INSUFFICIENT_SINGLE_INSTANCE_OBJECTS,
kv2/kinect2data/002359_2014-06-28_20-09-45_260595134347_rgbf000065-resize,left_right,INSUFFICIENT_SINGLE_INSTANCE_OBJECTS,
kv2/kinect2data/002361_2014-06-28_20-10-05_260595134347_rgbf000025-resize,left_right,INSUFFICIENT_SINGLE_INSTANCE_OBJECTS,
kv2/kinect2data/002363_2014-06-28_20-10-50_260595134347_rgbf000036-resize,left_right,INSUFFICIENT_SINGLE_INSTANCE_OBJECTS,
kv2/kinect2data/002371_2014-06-28_20-12-43_260595134347_rgbf000054-resize,left_right,INSUFFICIENT_SINGLE_INSTANCE_OBJECTS,
kv2/kinect2data/002372_2014-06-28_20-13-00_260595134347_rgbf000070-resize,left_right,INSUFFICIENT_SINGLE_INSTANCE_OBJECTS,
kv2/kinect2data/002373_2014-06-28_20-13-13_260595134347_rgbf000038-resize,left_right,INSUFFICIENT_SINGLE_INSTANCE_OBJECTS,
kv2/kinect2data/002377_2014-06-28_20-14-10_260595134347_rgbf000022-resize,left_right,INSUFFICIENT_SINGLE_INSTANCE_OBJECTS,
kv2/kinect2data/002378_2014-06-28_20-14-24_260595134347_rgbf000030-resize,left_right,INSUFFICIENT_SINGLE_INSTANCE_OBJECTS,
kv2/kinect2data/002379_2014-06-28_20-14-33_260595134347_rgbf000024-resize,left_right,INSUFFICIENT_SINGLE_INSTANCE_OBJECTS,
kv2/kinect2data/002382_2014-06-28_20-15-35_260595134347_rgbf000046-resize,left_right,NO_PAIR_CLEARS_GATES,
kv2/kinect2data/002386_2014-06-28_20-16-19_260595134347_rgbf000113-resize,left_right,NO_PAIR_CLEARS_GATES,
kv2/kinect2data/002387_2014-06-28_20-16-44_260595134347_rgbf000033-resize,left_right,INSUFFICIENT_SINGLE_INSTANCE_OBJECTS,
kv2/kinect2data/002388_2014-06-28_20-16-54_260595134347_rgbf000028-resize,left_right,INSUFFICIENT_SINGLE_INSTANCE_OBJECTS,
kv2/kinect2data/002395_2014-06-28_20-20-10_260595134347_rgbf000053-resize,left_right,INSUFFICIENT_SINGLE_INSTANCE_OBJECTS,
kv2/kinect2data/002396_2014-06-28_20-20-31_260595134347_rgbf000072-resize,left_right,INSUFFICIENT_SINGLE_INSTANCE_OBJECTS,
kv2/kinect2data/002397_2014-06-28_20-20-43_260595134347_rgbf000027-resize,left_right,INSUFFICIENT_SINGLE_INSTANCE_OBJECTS,
kv2/kinect2data/002403_2014-06-28_20-22-02_260595134347_rgbf000045-resize,left_right,INSUFFICIENT_SINGLE_INSTANCE_OBJECTS,
kv2/kinect2data/002404_2014-06-28_20-22-12_260595134347_rgbf000047-resize,left_right,INSUFFICIENT_SINGLE_INSTANCE_OBJECTS,
kv2/kinect2data/002406_2014-06-28_20-22-44_260595134347_rgbf000032-resize,left_right,NO_PAIR_CLEARS_GATES,
kv2/kinect2data/002418_2014-06-28_20-25-45_260595134347_rgbf000031-resize,left_right,INSUFFICIENT_SINGLE_INSTANCE_OBJECTS,
kv2/kinect2data/002429_2014-06-28_20-28-59_260595134347_rgbf000048-resize,left_right,INSUFFICIENT_SINGLE_INSTANCE_OBJECTS,
kv2/kinect2data/002430_2014-06-28_20-29-09_260595134347_rgbf000047-resize,left_right,NO_PAIR_CLEARS_GATES,
kv2/kinect2data/002431_2014-06-28_20-29-17_260595134347_rgbf000029-resize,left_right,INSUFFICIENT_SINGLE_INSTANCE_OBJECTS,
kv2/kinect2data/002434_2014-06-28_20-30-03_260595134347_rgbf000054-resize,left_right,INSUFFICIENT_SINGLE_INSTANCE_OBJECTS,
kv2/kinect2data/002439_2014-06-28_20-31-05_260595134347_rgbf000032-resize,left_right,INSUFFICIENT_SINGLE_INSTANCE_OBJECTS,
kv2/kinect2data/002444_2014-06-28_20-32-08_260595134347_rgbf000027-resize,left_right,INSUFFICIENT_SINGLE_INSTANCE_OBJECTS,
kv2/kinect2data/002445_2014-06-28_20-32-16_260595134347_rgbf000029-resize,left_right,INSUFFICIENT_SINGLE_INSTANCE_OBJECTS,
kv2/kinect2data/002446_2014-06-28_20-32-34_260595134347_rgbf000051-resize,left_right,NO_PAIR_CLEARS_GATES,
kv2/kinect2data/002454_2014-06-28_20-34-26_260595134347_rgbf000031-resize,left_right,INSUFFICIENT_SINGLE_INSTANCE_OBJECTS,
kv2/kinect2data/002468_2014-06-28_20-38-39_260595134347_rgbf000045-resize,left_right,INSUFFICIENT_SINGLE_INSTANCE_OBJECTS,
kv2/kinect2data/002473_2014-06-28_20-39-59_260595134347_rgbf000043-resize,left_right,INSUFFICIENT_SINGLE_INSTANCE_OBJECTS,
kv2/kinect2data/002474_2014-06-28_20-40-05_260595134347_rgbf000021-resize,left_right,INSUFFICIENT_SINGLE_INSTANCE_OBJECTS,
kv2/kinect2data/002477_2014-06-28_20-40-35_260595134347_rgbf000183-resize,left_right,INSUFFICIENT_SINGLE_INSTANCE_OBJECTS,
kv2/kinect2data/002480_2014-06-28_20-41-26_260595134347_rgbf000029-resize,left_right,NO_PAIR_CLEARS_GATES,
kv2/kinect2data/002481_2014-06-28_20-41-40_260595134347_rgbf000084-resize,left_right,INSUFFICIENT_SINGLE_INSTANCE_OBJECTS,
kv2/kinect2data/002484_2014-06-28_20-42-26_260595134347_rgbf000064-resize,left_right,INSUFFICIENT_SINGLE_INSTANCE_OBJECTS,
kv2/kinect2data/002486_2014-06-28_20-42-55_260595134347_rgbf000029-resize,left_right,INSUFFICIENT_SINGLE_INSTANCE_OBJECTS,
kv2/kinect2data/002488_2014-06-16_16-21-53_260595134347_rgbf000328-resize,left_right,INSUFFICIENT_SINGLE_INSTANCE_OBJECTS,
kv2/kinect2data/002500_2014-05-25_16-57-02_094959634447_rgbf000632-resize,left_right,NO_PAIR_CLEARS_GATES,
kv2/kinect2data/002504_2014-06-24_13-17-46_094959634447_rgbf000084-resize,left_right,INSUFFICIENT_SINGLE_INSTANCE_OBJECTS,
kv2/kinect2data/002505_2014-06-24_13-17-58_094959634447_rgbf000081-resize,left_right,INSUFFICIENT_SINGLE_INSTANCE_OBJECTS,
kv2/kinect2data/002506_2014-06-24_13-18-36_094959634447_rgbf000076-resize,left_right,INSUFFICIENT_SINGLE_INSTANCE_OBJECTS,
kv2/kinect2data/002507_2014-06-24_13-18-57_094959634447_rgbf000080-resize,left_right,INSUFFICIENT_SINGLE_INSTANCE_OBJECTS,
kv2/kinect2data/002509_2014-06-24_13-19-22_094959634447_rgbf000077-resize,left_right,INSUFFICIENT_SINGLE_INSTANCE_OBJECTS,
kv2/kinect2data/002510_2014-06-24_13-19-41_094959634447_rgbf000080-resize,left_right,INSUFFICIENT_SINGLE_INSTANCE_OBJECTS,
kv2/kinect2data/002511_2014-06-24_13-19-55_094959634447_rgbf000077-resize,left_right,INSUFFICIENT_SINGLE_INSTANCE_OBJECTS,
kv2/kinect2data/002512_2014-06-24_13-20-12_094959634447_rgbf000077-resize,left_right,INSUFFICIENT_SINGLE_INSTANCE_OBJECTS,
kv2/kinect2data/002513_2014-06-24_13-20-57_094959634447_rgbf000081-resize,left_right,INSUFFICIENT_SINGLE_INSTANCE_OBJECTS,
kv2/kinect2data/002516_2014-06-24_13-22-57_094959634447_rgbf000077-resize,left_right,INSUFFICIENT_SINGLE_INSTANCE_OBJECTS,
kv2/kinect2data/002521_2014-06-24_13-24-32_094959634447_rgbf000082-resize,left_right,INSUFFICIENT_SINGLE_INSTANCE_OBJECTS,
kv2/kinect2data/002524_2014-06-24_13-25-26_094959634447_rgbf000083-resize,left_right,INSUFFICIENT_SINGLE_INSTANCE_OBJECTS,
kv2/kinect2data/002528_2014-06-24_13-26-42_094959634447_rgbf000129-resize,left_right,INSUFFICIENT_SINGLE_INSTANCE_OBJECTS,
kv2/kinect2data/002529_2014-06-24_13-27-00_094959634447_rgbf000079-resize,left_right,NO_PAIR_CLEARS_GATES,
kv2/kinect2data/002530_2014-06-24_13-27-23_094959634447_rgbf000079-resize,left_right,INSUFFICIENT_SINGLE_INSTANCE_OBJECTS,
kv2/kinect2data/002538_2014-06-24_13-37-06_094959634447_rgbf000079-resize,left_right,NO_PAIR_CLEARS_GATES,
kv2/kinect2data/002539_2014-06-24_13-37-22_094959634447_rgbf000079-resize,left_right,INSUFFICIENT_SINGLE_INSTANCE_OBJECTS,
kv2/kinect2data/002551_2014-06-24_13-45-57_094959634447_rgbf000078-resize,left_right,NO_PAIR_CLEARS_GATES,
kv2/kinect2data/002552_2014-06-24_13-46-11_094959634447_rgbf000074-resize,left_right,INSUFFICIENT_SINGLE_INSTANCE_OBJECTS,
kv2/kinect2data/002553_2014-06-24_13-46-25_094959634447_rgbf000076-resize,left_right,INSUFFICIENT_SINGLE_INSTANCE_OBJECTS,
kv2/kinect2data/002560_2014-06-24_13-48-11_094959634447_rgbf000075-resize,left_right,INSUFFICIENT_SINGLE_INSTANCE_OBJECTS,
kv2/kinect2data/002566_2014-06-24_13-57-41_094959634447_rgbf000050-resize,left_right,INSUFFICIENT_SINGLE_INSTANCE_OBJECTS,
kv2/kinect2data/002569_2014-06-24_13-59-32_094959634447_rgbf000125-resize,left_right,INSUFFICIENT_SINGLE_INSTANCE_OBJECTS,
kv2/kinect2data/002573_2014-06-24_14-01-06_094959634447_rgbf000065-resize,left_right,INSUFFICIENT_SINGLE_INSTANCE_OBJECTS,
kv2/kinect2data/002576_2014-06-24_14-07-11_094959634447_rgbf000055-resize,left_right,INSUFFICIENT_SINGLE_INSTANCE_OBJECTS,
kv2/kinect2data/002577_2014-06-24_14-07-36_094959634447_rgbf000059-resize,left_right,INSUFFICIENT_SINGLE_INSTANCE_OBJECTS,
kv2/kinect2data/002578_2014-06-24_14-07-51_094959634447_rgbf000066-resize,left_right,INSUFFICIENT_SINGLE_INSTANCE_OBJECTS,
kv2/kinect2data/002581_2014-06-24_14-09-44_094959634447_rgbf000068-resize,left_right,INSUFFICIENT_SINGLE_INSTANCE_OBJECTS,
kv2/kinect2data/002584_2014-06-24_14-10-23_094959634447_rgbf000064-resize,left_right,INSUFFICIENT_SINGLE_INSTANCE_OBJECTS,
kv2/kinect2data/002586_2014-06-24_14-10-54_094959634447_rgbf000062-resize,left_right,INSUFFICIENT_SINGLE_INSTANCE_OBJECTS,
kv2/kinect2data/002587_2014-06-24_14-11-10_094959634447_rgbf000070-resize,left_right,INSUFFICIENT_SINGLE_INSTANCE_OBJECTS,
kv2/kinect2data/002588_2014-06-24_14-12-34_094959634447_rgbf000066-resize,left_right,INSUFFICIENT_SINGLE_INSTANCE_OBJECTS,
kv2/kinect2data/002592_2014-06-24_14-13-32_094959634447_rgbf000061-resize,left_right,INSUFFICIENT_SINGLE_INSTANCE_OBJECTS,
kv2/kinect2data/002594_2014-06-24_14-22-47_094959634447_rgbf000062-resize,left_right,INSUFFICIENT_SINGLE_INSTANCE_OBJECTS,
kv2/kinect2data/002597_2014-06-24_14-26-10_094959634447_rgbf000060-resize,left_right,NO_PAIR_CLEARS_GATES,
kv2/kinect2data/002599_2014-06-24_14-26-41_094959634447_rgbf000065-resize,left_right,NO_PAIR_CLEARS_GATES,
kv2/kinect2data/002602_2014-06-24_14-28-29_094959634447_rgbf000042-resize,left_right,INSUFFICIENT_SINGLE_INSTANCE_OBJECTS,
kv2/kinect2data/002603_2014-06-24_14-28-45_094959634447_rgbf000042-resize,left_right,INSUFFICIENT_SINGLE_INSTANCE_OBJECTS,
kv2/kinect2data/002604_2014-06-24_14-29-01_094959634447_rgbf000037-resize,left_right,INSUFFICIENT_SINGLE_INSTANCE_OBJECTS,
kv2/kinect2data/002605_2014-06-24_14-29-17_094959634447_rgbf000058-resize,left_right,INSUFFICIENT_SINGLE_INSTANCE_OBJECTS,
kv2/kinect2data/002608_2014-06-24_14-30-03_094959634447_rgbf000036-resize,left_right,INSUFFICIENT_SINGLE_INSTANCE_OBJECTS,
kv2/kinect2data/002611_2014-06-24_14-34-06_094959634447_rgbf000063-resize,left_right,INSUFFICIENT_SINGLE_INSTANCE_OBJECTS,
kv2/kinect2data/002613_2014-06-24_14-34-31_094959634447_rgbf000063-resize,left_right,INSUFFICIENT_SINGLE_INSTANCE_OBJECTS,
kv2/kinect2data/002615_2014-06-24_14-34-58_094959634447_rgbf000072-resize,left_right,INSUFFICIENT_SINGLE_INSTANCE_OBJECTS,
kv2/kinect2data/002616_2014-06-24_14-35-17_094959634447_rgbf000073-resize,left_right,INSUFFICIENT_SINGLE_INSTANCE_OBJECTS,
kv2/kinect2data/002617_2014-06-24_14-36-55_094959634447_rgbf000060-resize,left_right,INSUFFICIENT_SINGLE_INSTANCE_OBJECTS,
kv2/kinect2data/002618_2014-06-24_14-37-07_094959634447_rgbf000068-resize,left_right,INSUFFICIENT_SINGLE_INSTANCE_OBJECTS,
kv2/kinect2data/002619_2014-06-24_14-37-18_094959634447_rgbf000065-resize,left_right,INSUFFICIENT_SINGLE_INSTANCE_OBJECTS,
kv2/kinect2data/002620_2014-06-24_14-43-00_094959634447_rgbf000065-resize,left_right,INSUFFICIENT_SINGLE_INSTANCE_OBJECTS,
kv2/kinect2data/002622_2014-06-24_14-44-07_094959634447_rgbf000037-resize,left_right,INSUFFICIENT_SINGLE_INSTANCE_OBJECTS,
kv2/kinect2data/002623_2014-06-24_14-44-20_094959634447_rgbf000038-resize,left_right,INSUFFICIENT_SINGLE_INSTANCE_OBJECTS,
kv2/kinect2data/002625_2014-06-24_14-44-48_094959634447_rgbf000037-resize,left_right,INSUFFICIENT_SINGLE_INSTANCE_OBJECTS,
kv2/kinect2data/002626_2014-06-24_14-45-03_094959634447_rgbf000043-resize,left_right,INSUFFICIENT_SINGLE_INSTANCE_OBJECTS,
kv2/kinect2data/002628_2014-06-24_14-45-34_094959634447_rgbf000036-resize,left_right,INSUFFICIENT_SINGLE_INSTANCE_OBJECTS,
kv2/kinect2data/002633_2014-06-24_14-48-40_094959634447_rgbf000063-resize,left_right,INSUFFICIENT_SINGLE_INSTANCE_OBJECTS,
kv2/kinect2data/002634_2014-06-24_14-48-54_094959634447_rgbf000060-resize,left_right,INSUFFICIENT_SINGLE_INSTANCE_OBJECTS,
kv2/kinect2data/002635_2014-06-24_14-49-03_094959634447_rgbf000072-resize,left_right,NO_PAIR_CLEARS_GATES,
kv2/kinect2data/002636_2014-06-24_14-49-20_094959634447_rgbf000066-resize,left_right,INSUFFICIENT_SINGLE_INSTANCE_OBJECTS,
kv2/kinect2data/002640_2014-06-24_14-51-49_094959634447_rgbf000071-resize,left_right,NO_PAIR_CLEARS_GATES,
kv2/kinect2data/002642_2014-06-24_14-52-16_094959634447_rgbf000065-resize,left_right,INSUFFICIENT_SINGLE_INSTANCE_OBJECTS,
kv2/kinect2data/002643_2014-06-24_14-52-59_094959634447_rgbf000063-resize,left_right,NO_PAIR_CLEARS_GATES,
kv2/kinect2data/002644_2014-06-24_14-53-11_094959634447_rgbf000199-resize,left_right,INSUFFICIENT_SINGLE_INSTANCE_OBJECTS,
kv2/kinect2data/002645_2014-06-24_14-53-56_094959634447_rgbf000064-resize,left_right,INSUFFICIENT_SINGLE_INSTANCE_OBJECTS,
kv2/kinect2data/002646_2014-06-24_14-54-07_094959634447_rgbf000056-resize,left_right,INSUFFICIENT_SINGLE_INSTANCE_OBJECTS,
kv2/kinect2data/002647_2014-06-24_14-54-29_094959634447_rgbf000067-resize,left_right,INSUFFICIENT_SINGLE_INSTANCE_OBJECTS,
kv2/kinect2data/002651_2014-06-24_14-57-10_094959634447_rgbf000064-resize,left_right,INSUFFICIENT_SINGLE_INSTANCE_OBJECTS,
kv2/kinect2data/002652_2014-06-24_14-57-21_094959634447_rgbf000067-resize,left_right,INSUFFICIENT_SINGLE_INSTANCE_OBJECTS,
kv2/kinect2data/002654_2014-06-24_14-57-40_094959634447_rgbf000064-resize,left_right,NO_PAIR_CLEARS_GATES,
kv2/kinect2data/002655_2014-06-13_15-27-55_094959634447_rgbf000151-resize,left_right,INSUFFICIENT_SINGLE_INSTANCE_OBJECTS,
kv2/kinect2data/002658_2014-06-13_15-30-33_094959634447_rgbf000151-resize,left_right,INSUFFICIENT_SINGLE_INSTANCE_OBJECTS,
kv2/kinect2data/002659_2014-06-13_15-33-15_094959634447_rgbf000150-resize,left_right,INSUFFICIENT_SINGLE_INSTANCE_OBJECTS,
kv2/kinect2data/002660_2014-06-13_15-44-18_094959634447_rgbf001878-resize,left_right,INSUFFICIENT_SINGLE_INSTANCE_OBJECTS,
kv2/kinect2data/002661_2014-06-13_15-48-41_094959634447_rgbf000151-resize,left_right,INSUFFICIENT_SINGLE_INSTANCE_OBJECTS,
kv2/kinect2data/002665_2014-06-13_15-59-52_094959634447_rgbf000152-resize,left_right,NO_PAIR_CLEARS_GATES,
kv2/kinect2data/002666_2014-06-13_16-00-41_094959634447_rgbf000151-resize,left_right,INSUFFICIENT_SINGLE_INSTANCE_OBJECTS,
kv2/kinect2data/002667_2014-06-13_16-02-50_094959634447_rgbf000151-resize,left_right,NO_PAIR_CLEARS_GATES,
kv2/kinect2data/002670_2014-06-13_16-04-57_094959634447_rgbf000151-resize,left_right,INSUFFICIENT_SINGLE_INSTANCE_OBJECTS,
kv2/kinect2data/002671_2014-06-13_16-05-24_094959634447_rgbf000151-resize,left_right,INSUFFICIENT_SINGLE_INSTANCE_OBJECTS,
kv2/kinect2data/002675_2014-06-13_16-08-49_094959634447_rgbf000151-resize,left_right,INSUFFICIENT_SINGLE_INSTANCE_OBJECTS,
kv2/kinect2data/002681_2014-06-13_16-17-21_094959634447_rgbf000150-resize,left_right,INSUFFICIENT_SINGLE_INSTANCE_OBJECTS,
kv2/kinect2data/002682_2014-06-13_16-17-56_094959634447_rgbf000151-resize,left_right,INSUFFICIENT_SINGLE_INSTANCE_OBJECTS,
kv2/kinect2data/002686_2014-06-13_16-21-19_094959634447_rgbf000151-resize,left_right,INSUFFICIENT_SINGLE_INSTANCE_OBJECTS,
kv2/kinect2data/002694_2014-06-13_16-35-17_094959634447_rgbf000151-resize,left_right,INSUFFICIENT_SINGLE_INSTANCE_OBJECTS,
kv2/kinect2data/002697_2014-06-22_11-24-53_094959634447_rgbf000150-resize,left_right,INSUFFICIENT_SINGLE_INSTANCE_OBJECTS,
kv2/kinect2data/002702_2014-06-22_11-27-56_094959634447_rgbf000141-resize,left_right,INSUFFICIENT_SINGLE_INSTANCE_OBJECTS,
kv2/kinect2data/002703_2014-06-22_11-28-20_094959634447_rgbf000038-resize,left_right,INSUFFICIENT_SINGLE_INSTANCE_OBJECTS,
kv2/kinect2data/002712_2014-06-22_11-32-32_094959634447_rgbf000083-resize,left_right,INSUFFICIENT_SINGLE_INSTANCE_OBJECTS,
kv2/kinect2data/002714_2014-06-22_11-35-15_094959634447_rgbf000067-resize,left_right,NO_PAIR_CLEARS_GATES,
kv2/kinect2data/002715_2014-06-22_11-35-41_094959634447_rgbf000042-resize,left_right,NO_PAIR_CLEARS_GATES,
kv2/kinect2data/002716_2014-06-22_11-44-09_094959634447_rgbf000041-resize,left_right,INSUFFICIENT_SINGLE_INSTANCE_OBJECTS,
kv2/kinect2data/002718_2014-06-22_11-44-54_094959634447_rgbf000074-resize,left_right,INSUFFICIENT_SINGLE_INSTANCE_OBJECTS,
kv2/kinect2data/002724_2014-06-22_11-47-39_094959634447_rgbf000080-resize,left_right,INSUFFICIENT_SINGLE_INSTANCE_OBJECTS,
kv2/kinect2data/002727_2014-06-22_11-49-24_094959634447_rgbf000025-resize,left_right,INSUFFICIENT_SINGLE_INSTANCE_OBJECTS,
kv2/kinect2data/002728_2014-06-22_11-49-41_094959634447_rgbf000030-resize,left_right,INSUFFICIENT_SINGLE_INSTANCE_OBJECTS,
kv2/kinect2data/002730_2014-06-22_12-03-19_094959634447_rgbf000085-resize,left_right,NO_PAIR_CLEARS_GATES,
kv2/kinect2data/002731_2014-06-22_12-03-36_094959634447_rgbf000084-resize,left_right,NO_PAIR_CLEARS_GATES,
kv2/kinect2data/002742_2014-06-22_12-12-56_094959634447_rgbf000067-resize,left_right,INSUFFICIENT_SINGLE_INSTANCE_OBJECTS,
kv2/kinect2data/002743_2014-06-22_12-13-16_094959634447_rgbf000054-resize,left_right,INSUFFICIENT_SINGLE_INSTANCE_OBJECTS,
kv2/kinect2data/002746_2014-06-22_19-06-48_094959634447_rgbf000066-resize,left_right,NO_PAIR_CLEARS_GATES,
kv2/kinect2data/002750_2014-06-22_19-08-03_094959634447_rgbf000094-resize,left_right,INSUFFICIENT_SINGLE_INSTANCE_OBJECTS,
kv2/kinect2data/002755_2014-06-22_19-10-02_094959634447_rgbf000076-resize,left_right,INSUFFICIENT_SINGLE_INSTANCE_OBJECTS,
kv2/kinect2data/002766_2014-06-22_19-18-39_094959634447_rgbf000059-resize,left_right,INSUFFICIENT_SINGLE_INSTANCE_OBJECTS,
kv2/kinect2data/002770_2014-06-22_19-21-23_094959634447_rgbf000074-resize,left_right,INSUFFICIENT_SINGLE_INSTANCE_OBJECTS,
kv2/kinect2data/002773_2014-06-22_19-22-59_094959634447_rgbf000081-resize,left_right,INSUFFICIENT_SINGLE_INSTANCE_OBJECTS,
kv2/kinect2data/002774_2014-06-22_19-23-17_094959634447_rgbf000085-resize,left_right,INSUFFICIENT_SINGLE_INSTANCE_OBJECTS,
kv2/kinect2data/002783_2014-06-22_19-26-17_094959634447_rgbf000079-resize,left_right,INSUFFICIENT_SINGLE_INSTANCE_OBJECTS,
kv2/kinect2data/002784_2014-06-22_19-26-30_094959634447_rgbf000083-resize,left_right,INSUFFICIENT_SINGLE_INSTANCE_OBJECTS,
kv2/kinect2data/002793_2014-06-22_19-37-50_094959634447_rgbf000074-resize,left_right,NO_PAIR_CLEARS_GATES,
kv2/kinect2data/002801_2014-06-22_19-50-42_094959634447_rgbf000085-resize,left_right,NO_PAIR_CLEARS_GATES,
kv2/kinect2data/002806_2014-06-22_19-56-32_094959634447_rgbf000015-resize,left_right,INSUFFICIENT_SINGLE_INSTANCE_OBJECTS,
kv2/kinect2data/002808_2014-06-22_20-07-31_094959634447_rgbf000079-resize,left_right,NO_PAIR_CLEARS_GATES,
kv2/kinect2data/002825_2014-06-22_20-24-23_094959634447_rgbf000074-resize,left_right,INSUFFICIENT_SINGLE_INSTANCE_OBJECTS,
kv2/kinect2data/002826_2014-06-22_20-24-37_094959634447_rgbf000080-resize,left_right,INSUFFICIENT_SINGLE_INSTANCE_OBJECTS,
kv2/kinect2data/002834_2014-06-22_20-37-29_094959634447_rgbf000089-resize,left_right,INSUFFICIENT_SINGLE_INSTANCE_OBJECTS,
kv2/kinect2data/002835_2014-06-22_20-37-42_094959634447_rgbf000085-resize,left_right,INSUFFICIENT_SINGLE_INSTANCE_OBJECTS,
kv2/kinect2data/002837_2014-06-22_20-38-11_094959634447_rgbf000044-resize,left_right,INSUFFICIENT_SINGLE_INSTANCE_OBJECTS,
kv2/kinect2data/002840_2014-06-22_20-40-13_094959634447_rgbf000075-resize,left_right,INSUFFICIENT_SINGLE_INSTANCE_OBJECTS,
kv2/kinect2data/002856_2014-06-03_18-58-13_094959634447_rgbf000151-resize,left_right,INSUFFICIENT_SINGLE_INSTANCE_OBJECTS,
kv2/kinect2data/002866_2014-06-01_15-08-45_094959634447_rgbf000152-resize,left_right,INSUFFICIENT_SINGLE_INSTANCE_OBJECTS,
kv2/kinect2data/002868_2014-06-01_15-14-24_094959634447_rgbf000150-resize,left_right,INSUFFICIENT_SINGLE_INSTANCE_OBJECTS,
kv2/kinect2data/002875_2014-06-01_15-19-00_094959634447_rgbf000151-resize,left_right,INSUFFICIENT_SINGLE_INSTANCE_OBJECTS,
kv2/kinect2data/002876_2014-06-01_15-19-53_094959634447_rgbf000151-resize,left_right,NO_PAIR_CLEARS_GATES,
kv2/kinect2data/002879_2014-06-03_17-35-40_094959634447_rgbf000150-resize,left_right,INSUFFICIENT_SINGLE_INSTANCE_OBJECTS,
kv2/kinect2data/002880_2014-06-03_17-36-27_094959634447_rgbf000152-resize,left_right,INSUFFICIENT_SINGLE_INSTANCE_OBJECTS,
kv2/kinect2data/002882_2014-06-03_17-37-54_094959634447_rgbf000150-resize,left_right,INSUFFICIENT_SINGLE_INSTANCE_OBJECTS,
kv2/kinect2data/002884_2014-06-03_17-38-47_094959634447_rgbf000151-resize,left_right,NO_PAIR_CLEARS_GATES,
kv2/kinect2data/002888_2014-06-03_17-41-02_094959634447_rgbf000151-resize,left_right,INSUFFICIENT_SINGLE_INSTANCE_OBJECTS,
kv2/kinect2data/002892_2014-06-03_17-54-31_094959634447_rgbf000170-resize,left_right,INSUFFICIENT_SINGLE_INSTANCE_OBJECTS,
kv2/kinect2data/002893_2014-06-03_17-54-54_094959634447_rgbf000151-resize,left_right,INSUFFICIENT_SINGLE_INSTANCE_OBJECTS,
kv2/kinect2data/002894_2014-06-03_17-56-17_094959634447_rgbf000150-resize,left_right,INSUFFICIENT_SINGLE_INSTANCE_OBJECTS,
kv2/kinect2data/002895_2014-06-03_17-56-53_094959634447_rgbf000150-resize,left_right,INSUFFICIENT_SINGLE_INSTANCE_OBJECTS,
kv2/kinect2data/002896_2014-06-03_17-57-18_094959634447_rgbf000151-resize,left_right,INSUFFICIENT_SINGLE_INSTANCE_OBJECTS,
kv2/kinect2data/002897_2014-06-03_17-57-43_094959634447_rgbf000150-resize,left_right,INSUFFICIENT_SINGLE_INSTANCE_OBJECTS,
kv2/kinect2data/002899_2014-06-03_17-58-26_094959634447_rgbf000150-resize,left_right,NO_PAIR_CLEARS_GATES,
kv2/kinect2data/002900_2014-06-03_18-01-15_094959634447_rgbf000150-resize,left_right,INSUFFICIENT_SINGLE_INSTANCE_OBJECTS,
kv2/kinect2data/002901_2014-06-03_18-01-52_094959634447_rgbf000150-resize,left_right,NO_PAIR_CLEARS_GATES,
kv2/kinect2data/002906_2014-06-03_18-05-12_094959634447_rgbf000150-resize,left_right,INSUFFICIENT_SINGLE_INSTANCE_OBJECTS,
kv2/kinect2data/002907_2014-06-03_18-05-41_094959634447_rgbf000150-resize,left_right,INSUFFICIENT_SINGLE_INSTANCE_OBJECTS,
kv2/kinect2data/002908_2014-06-03_18-07-00_094959634447_rgbf000151-resize,left_right,INSUFFICIENT_SINGLE_INSTANCE_OBJECTS,
kv2/kinect2data/002910_2014-06-03_18-07-53_094959634447_rgbf000149-resize,left_right,INSUFFICIENT_SINGLE_INSTANCE_OBJECTS,
kv2/kinect2data/002911_2014-06-03_18-08-28_094959634447_rgbf000132-resize,left_right,INSUFFICIENT_SINGLE_INSTANCE_OBJECTS,
kv2/kinect2data/002926_2014-06-26_15-48-47_094959634447_rgbf000076-resize,left_right,INSUFFICIENT_SINGLE_INSTANCE_OBJECTS,
kv2/kinect2data/002940_2014-06-26_15-54-27_094959634447_rgbf000083-resize,left_right,INSUFFICIENT_SINGLE_INSTANCE_OBJECTS,
kv2/kinect2data/002943_2014-06-26_15-55-46_094959634447_rgbf000044-resize,left_right,NO_PAIR_CLEARS_GATES,
kv2/kinect2data/002946_2014-06-26_15-56-31_094959634447_rgbf000044-resize,left_right,INSUFFICIENT_SINGLE_INSTANCE_OBJECTS,
kv2/kinect2data/002948_2014-06-26_15-56-56_094959634447_rgbf000075-resize,left_right,INSUFFICIENT_SINGLE_INSTANCE_OBJECTS,
kv2/kinect2data/002961_2014-06-08_17-40-53_094959634447_rgbf000144-resize,left_right,INSUFFICIENT_SINGLE_INSTANCE_OBJECTS,
kv2/kinect2data/002962_2014-06-08_17-44-25_094959634447_rgbf000144-resize,left_right,NO_PAIR_CLEARS_GATES,
kv2/kinect2data/002963_2014-06-08_17-45-38_094959634447_rgbf000149-resize,left_right,INSUFFICIENT_SINGLE_INSTANCE_OBJECTS,
kv2/kinect2data/002969_2014-06-08_17-54-43_094959634447_rgbf000150-resize,left_right,INSUFFICIENT_SINGLE_INSTANCE_OBJECTS,
kv2/kinect2data/002973_2014-06-08_18-19-30_094959634447_rgbf000151-resize,left_right,INSUFFICIENT_SINGLE_INSTANCE_OBJECTS,
kv2/kinect2data/002986_2014-06-08_18-41-41_094959634447_rgbf000111-resize,left_right,NO_PAIR_CLEARS_GATES,
kv2/kinect2data/002998_2014-06-15_12-32-33_094959634447_rgbf000113-resize,left_right,NO_PAIR_CLEARS_GATES,
kv2/kinect2data/003003_2014-06-15_12-39-10_094959634447_rgbf000061-resize,left_right,INSUFFICIENT_SINGLE_INSTANCE_OBJECTS,
kv2/kinect2data/003005_2014-06-15_12-47-01_094959634447_rgbf000151-resize,left_right,INSUFFICIENT_SINGLE_INSTANCE_OBJECTS,
kv2/kinect2data/003023_2014-06-15_13-12-42_094959634447_rgbf000150-resize,left_right,NO_PAIR_CLEARS_GATES,
kv2/kinect2data/003024_2014-06-15_13-13-35_094959634447_rgbf000150-resize,left_right,INSUFFICIENT_SINGLE_INSTANCE_OBJECTS,
kv2/kinect2data/003026_2014-06-15_13-15-38_094959634447_rgbf000123-resize,left_right,NO_PAIR_CLEARS_GATES,
kv2/kinect2data/003031_2014-06-15_13-24-22_094959634447_rgbf000151-resize,left_right,INSUFFICIENT_SINGLE_INSTANCE_OBJECTS,
kv2/kinect2data/003032_2014-06-15_13-25-55_094959634447_rgbf000150-resize,left_right,INSUFFICIENT_SINGLE_INSTANCE_OBJECTS,
kv2/kinect2data/003045_2014-06-15_13-37-25_094959634447_rgbf000061-resize,left_right,INSUFFICIENT_SINGLE_INSTANCE_OBJECTS,
kv2/kinect2data/003046_2014-06-15_13-37-58_094959634447_rgbf000150-resize,left_right,NO_PAIR_CLEARS_GATES,
kv2/kinect2data/003060_2014-06-15_14-49-30_094959634447_rgbf000151-resize,left_right,INSUFFICIENT_SINGLE_INSTANCE_OBJECTS,
kv2/kinect2data/003066_2014-06-15_14-55-09_094959634447_rgbf000151-resize,left_right,INSUFFICIENT_SINGLE_INSTANCE_OBJECTS,
kv2/kinect2data/003069_2014-06-15_14-57-50_094959634447_rgbf000150-resize,left_right,NO_PAIR_CLEARS_GATES,
kv2/kinect2data/003082_2014-06-15_15-19-41_094959634447_rgbf000139-resize,left_right,INSUFFICIENT_SINGLE_INSTANCE_OBJECTS,
kv2/kinect2data/003084_2014-06-15_15-23-46_094959634447_rgbf000140-resize,left_right,NO_PAIR_CLEARS_GATES,
kv2/kinect2data/003095_2014-06-24_21-03-03_094959634447_rgbf000069-resize,left_right,NO_PAIR_CLEARS_GATES,
kv2/kinect2data/003118_2014-05-12_10-26-34_094959634447_rgbf000101-resize,left_right,NO_PAIR_CLEARS_GATES,
kv2/kinect2data/003120_2014-05-12_10-27-48_094959634447_rgbf000100-resize,left_right,INSUFFICIENT_SINGLE_INSTANCE_OBJECTS,
kv2/kinect2data/003123_2014-05-12_10-37-47_094959634447_rgbf000100-resize,left_right,INSUFFICIENT_SINGLE_INSTANCE_OBJECTS,
kv2/kinect2data/003129_2014-05-12_10-48-10_094959634447_rgbf000100-resize,left_right,INSUFFICIENT_SINGLE_INSTANCE_OBJECTS,
kv2/kinect2data/003131_2014-05-12_10-49-17_094959634447_rgbf000101-resize,left_right,INSUFFICIENT_SINGLE_INSTANCE_OBJECTS,
kv2/kinect2data/003132_2014-05-12_10-49-43_094959634447_rgbf002599-resize,left_right,INSUFFICIENT_SINGLE_INSTANCE_OBJECTS,
kv2/kinect2data/003137_2014-05-12_10-58-30_094959634447_rgbf000100-resize,left_right,INSUFFICIENT_SINGLE_INSTANCE_OBJECTS,
kv2/kinect2data/003139_2014-05-12_10-59-31_094959634447_rgbf002151-resize,left_right,INSUFFICIENT_SINGLE_INSTANCE_OBJECTS,
kv2/kinect2data/003143_2014-05-12_11-07-00_094959634447_rgbf000100-resize,left_right,INSUFFICIENT_SINGLE_INSTANCE_OBJECTS,
kv2/kinect2data/003145_2014-05-12_11-15-35_094959634447_rgbf000101-resize,left_right,NO_PAIR_CLEARS_GATES,
kv2/kinect2data/003147_2014-05-12_11-16-44_094959634447_rgbf000101-resize,left_right,INSUFFICIENT_SINGLE_INSTANCE_OBJECTS,
kv2/kinect2data/003152_2014-05-12_11-27-50_094959634447_rgbf000101-resize,left_right,INSUFFICIENT_SINGLE_INSTANCE_OBJECTS,
kv2/kinect2data/003155_2014-05-12_11-29-19_094959634447_rgbf000101-resize,left_right,NO_PAIR_CLEARS_GATES,
kv2/kinect2data/003156_2014-05-12_11-29-42_094959634447_rgbf000101-resize,left_right,INSUFFICIENT_SINGLE_INSTANCE_OBJECTS,
kv2/kinect2data/003161_2014-05-12_21-34-38_094959634447_rgbf000100-resize,left_right,INSUFFICIENT_SINGLE_INSTANCE_OBJECTS,
kv2/kinect2data/003162_2014-05-12_21-35-10_094959634447_rgbf000101-resize,left_right,INSUFFICIENT_SINGLE_INSTANCE_OBJECTS,
kv2/kinect2data/003164_2014-05-12_21-36-00_094959634447_rgbf000100-resize,left_right,INSUFFICIENT_SINGLE_INSTANCE_OBJECTS,
kv2/kinect2data/003165_2014-05-12_21-36-26_094959634447_rgbf000100-resize,left_right,INSUFFICIENT_SINGLE_INSTANCE_OBJECTS,
kv2/kinect2data/003166_2014-05-12_21-37-22_094959634447_rgbf000100-resize,left_right,NO_PAIR_CLEARS_GATES,
kv2/kinect2data/003167_2014-05-12_21-37-51_094959634447_rgbf000101-resize,left_right,INSUFFICIENT_SINGLE_INSTANCE_OBJECTS,
kv2/kinect2data/003168_2014-05-12_21-38-37_094959634447_rgbf003333-resize,left_right,INSUFFICIENT_SINGLE_INSTANCE_OBJECTS,
kv2/kinect2data/003169_2014-05-12_21-44-53_094959634447_rgbf000101-resize,left_right,INSUFFICIENT_SINGLE_INSTANCE_OBJECTS,
kv2/kinect2data/003171_2014-05-12_21-45-44_094959634447_rgbf000100-resize,left_right,INSUFFICIENT_SINGLE_INSTANCE_OBJECTS,
kv2/kinect2data/003173_2014-05-12_21-50-13_094959634447_rgbf000100-resize,left_right,INSUFFICIENT_SINGLE_INSTANCE_OBJECTS,
kv2/kinect2data/003174_2014-05-12_21-50-47_094959634447_rgbf000100-resize,left_right,INSUFFICIENT_SINGLE_INSTANCE_OBJECTS,
kv2/kinect2data/003177_2014-05-12_21-53-03_094959634447_rgbf000056-resize,left_right,NO_PAIR_CLEARS_GATES,
kv2/kinect2data/003190_2014-05-12_22-12-20_094959634447_rgbf000101-resize,left_right,INSUFFICIENT_SINGLE_INSTANCE_OBJECTS,
kv2/kinect2data/003193_2014-05-12_22-15-42_094959634447_rgbf000100-resize,left_right,INSUFFICIENT_SINGLE_INSTANCE_OBJECTS,
kv2/kinect2data/003194_2014-05-12_22-16-14_094959634447_rgbf000100-resize,left_right,INSUFFICIENT_SINGLE_INSTANCE_OBJECTS,
kv2/kinect2data/003195_2014-05-12_22-17-02_094959634447_rgbf000100-resize,left_right,INSUFFICIENT_SINGLE_INSTANCE_OBJECTS,
kv2/kinect2data/003199_2014-05-12_22-20-08_094959634447_rgbf000102-resize,left_right,INSUFFICIENT_SINGLE_INSTANCE_OBJECTS,
kv2/kinect2data/003200_2014-05-12_22-20-58_094959634447_rgbf000021-resize,left_right,INSUFFICIENT_SINGLE_INSTANCE_OBJECTS,
kv2/kinect2data/003201_2014-05-12_22-22-02_094959634447_rgbf002264-resize,left_right,INSUFFICIENT_SINGLE_INSTANCE_OBJECTS,
kv2/kinect2data/003204_2014-05-12_22-27-19_094959634447_rgbf000050-resize,left_right,INSUFFICIENT_SINGLE_INSTANCE_OBJECTS,
kv2/kinect2data/003206_2014-05-12_22-28-18_094959634447_rgbf000402-resize,left_right,INSUFFICIENT_SINGLE_INSTANCE_OBJECTS,
kv2/kinect2data/003209_2014-05-13_11-26-49_094959634447_rgbf000100-resize,left_right,NO_PAIR_CLEARS_GATES,
kv2/kinect2data/003210_2014-05-13_11-27-13_094959634447_rgbf000101-resize,left_right,INSUFFICIENT_SINGLE_INSTANCE_OBJECTS,
kv2/kinect2data/003213_2014-05-13_11-45-56_094959634447_rgbf000102-resize,left_right,INSUFFICIENT_SINGLE_INSTANCE_OBJECTS,
kv2/kinect2data/003216_2014-05-13_11-47-24_094959634447_rgbf000100-resize,left_right,INSUFFICIENT_SINGLE_INSTANCE_OBJECTS,
kv2/kinect2data/003217_2014-05-13_11-48-00_094959634447_rgbf000100-resize,left_right,INSUFFICIENT_SINGLE_INSTANCE_OBJECTS,
kv2/kinect2data/003218_2014-05-13_11-51-46_094959634447_rgbf003313-resize,left_right,NO_PAIR_CLEARS_GATES,
kv2/kinect2data/003219_2014-05-14_13-25-04_094959634447_rgbf000101-resize,left_right,INSUFFICIENT_SINGLE_INSTANCE_OBJECTS,
kv2/kinect2data/003220_2014-05-14_13-25-24_094959634447_rgbf000100-resize,left_right,INSUFFICIENT_SINGLE_INSTANCE_OBJECTS,
kv2/kinect2data/003221_2014-05-14_13-25-50_094959634447_rgbf000101-resize,left_right,INSUFFICIENT_SINGLE_INSTANCE_OBJECTS,
kv2/kinect2data/003223_2014-05-14_13-26-55_094959634447_rgbf000100-resize,left_right,INSUFFICIENT_SINGLE_INSTANCE_OBJECTS,
kv2/kinect2data/003224_2014-05-14_13-27-48_094959634447_rgbf003166-resize,left_right,INSUFFICIENT_SINGLE_INSTANCE_OBJECTS,
kv2/kinect2data/003226_2014-05-14_13-41-43_094959634447_rgbf000100-resize,left_right,INSUFFICIENT_SINGLE_INSTANCE_OBJECTS,
kv2/kinect2data/003227_2014-05-14_13-42-10_094959634447_rgbf000100-resize,left_right,INSUFFICIENT_SINGLE_INSTANCE_OBJECTS,
kv2/kinect2data/003229_2014-05-14_13-43-11_094959634447_rgbf000100-resize,left_right,INSUFFICIENT_SINGLE_INSTANCE_OBJECTS,
kv2/kinect2data/003230_2014-05-14_13-43-32_094959634447_rgbf000100-resize,left_right,INSUFFICIENT_SINGLE_INSTANCE_OBJECTS,
kv2/kinect2data/003233_2014-05-14_13-45-26_094959634447_rgbf000035-resize,left_right,INSUFFICIENT_SINGLE_INSTANCE_OBJECTS,
kv2/kinect2data/003235_2014-05-14_13-55-10_094959634447_rgbf000101-resize,left_right,INSUFFICIENT_SINGLE_INSTANCE_OBJECTS,
kv2/kinect2data/003236_2014-05-14_13-55-31_094959634447_rgbf000100-resize,left_right,NO_PAIR_CLEARS_GATES,
kv2/kinect2data/003238_2014-05-14_13-56-36_094959634447_rgbf000100-resize,left_right,INSUFFICIENT_SINGLE_INSTANCE_OBJECTS,
kv2/kinect2data/003239_2014-05-14_13-57-08_094959634447_rgbf000100-resize,left_right,INSUFFICIENT_SINGLE_INSTANCE_OBJECTS,
kv2/kinect2data/003242_2014-05-14_13-58-27_094959634447_rgbf000101-resize,left_right,INSUFFICIENT_SINGLE_INSTANCE_OBJECTS,
kv2/kinect2data/003243_2014-05-14_13-59-46_094959634447_rgbf000914-resize,left_right,INSUFFICIENT_SINGLE_INSTANCE_OBJECTS,
kv2/kinect2data/003244_2014-05-14_14-02-28_094959634447_rgbf000169-resize,left_right,NO_PAIR_CLEARS_GATES,
kv2/kinect2data/003249_2014-05-14_14-15-42_094959634447_rgbf000100-resize,left_right,INSUFFICIENT_SINGLE_INSTANCE_OBJECTS,
kv2/kinect2data/003250_2014-05-14_14-16-13_094959634447_rgbf000106-resize,left_right,INSUFFICIENT_SINGLE_INSTANCE_OBJECTS,
kv2/kinect2data/003252_2014-05-14_14-17-26_094959634447_rgbf004170-resize,left_right,INSUFFICIENT_SINGLE_INSTANCE_OBJECTS,
kv2/kinect2data/003253_2014-05-14_14-26-17_094959634447_rgbf002903-resize,left_right,INSUFFICIENT_SINGLE_INSTANCE_OBJECTS,
kv2/kinect2data/003255_2014-05-14_15-39-09_094959634447_rgbf000100-resize,left_right,INSUFFICIENT_SINGLE_INSTANCE_OBJECTS,
kv2/kinect2data/003257_2014-05-14_15-39-51_094959634447_rgbf000100-resize,left_right,INSUFFICIENT_SINGLE_INSTANCE_OBJECTS,
kv2/kinect2data/003259_2014-05-14_15-40-42_094959634447_rgbf000101-resize,left_right,INSUFFICIENT_SINGLE_INSTANCE_OBJECTS,
kv2/kinect2data/003260_2014-05-14_15-41-18_094959634447_rgbf000100-resize,left_right,INSUFFICIENT_SINGLE_INSTANCE_OBJECTS,
kv2/kinect2data/003261_2014-05-14_15-41-51_094959634447_rgbf000100-resize,left_right,INSUFFICIENT_SINGLE_INSTANCE_OBJECTS,
kv2/kinect2data/003262_2014-05-14_15-42-45_094959634447_rgbf000100-resize,left_right,INSUFFICIENT_SINGLE_INSTANCE_OBJECTS,
kv2/kinect2data/003266_2014-05-14_15-51-31_094959634447_rgbf000100-resize,left_right,INSUFFICIENT_SINGLE_INSTANCE_OBJECTS,
kv2/kinect2data/003267_2014-05-14_15-51-58_094959634447_rgbf000100-resize,left_right,INSUFFICIENT_SINGLE_INSTANCE_OBJECTS,
kv2/kinect2data/003270_2014-05-14_15-53-34_094959634447_rgbf000025-resize,left_right,INSUFFICIENT_SINGLE_INSTANCE_OBJECTS,
kv2/kinect2data/003271_2014-05-14_15-53-46_094959634447_rgbf001771-resize,left_right,INSUFFICIENT_SINGLE_INSTANCE_OBJECTS,
kv2/kinect2data/003275_2014-05-14_16-10-31_094959634447_rgbf000100-resize,left_right,INSUFFICIENT_SINGLE_INSTANCE_OBJECTS,
kv2/kinect2data/003276_2014-05-14_16-11-00_094959634447_rgbf000101-resize,left_right,INSUFFICIENT_SINGLE_INSTANCE_OBJECTS,
kv2/kinect2data/003278_2014-05-14_16-11-55_094959634447_rgbf000101-resize,left_right,INSUFFICIENT_SINGLE_INSTANCE_OBJECTS,
kv2/kinect2data/003279_2014-05-14_16-12-25_094959634447_rgbf000101-resize,left_right,INSUFFICIENT_SINGLE_INSTANCE_OBJECTS,
kv2/kinect2data/003280_2014-05-14_16-13-18_094959634447_rgbf001198-resize,left_right,INSUFFICIENT_SINGLE_INSTANCE_OBJECTS,
kv2/kinect2data/003281_2014-05-14_16-16-10_094959634447_rgbf000132-resize,left_right,INSUFFICIENT_SINGLE_INSTANCE_OBJECTS,
kv2/kinect2data/003283_2014-05-14_16-19-37_094959634447_rgbf000034-resize,left_right,INSUFFICIENT_SINGLE_INSTANCE_OBJECTS,
kv2/kinect2data/003284_2014-05-14_16-22-02_094959634447_rgbf000584-resize,left_right,INSUFFICIENT_SINGLE_INSTANCE_OBJECTS,
kv2/kinect2data/003285_2014-05-14_16-23-50_094959634447_rgbf003592-resize,left_right,INSUFFICIENT_SINGLE_INSTANCE_OBJECTS,
kv2/kinect2data/003286_2014-05-14_21-47-04_094959634447_rgbf000100-resize,left_right,INSUFFICIENT_SINGLE_INSTANCE_OBJECTS,
kv2/kinect2data/003290_2014-05-14_21-51-59_094959634447_rgbf000039-resize,left_right,INSUFFICIENT_SINGLE_INSTANCE_OBJECTS,
kv2/kinect2data/003291_2014-05-14_21-53-04_094959634447_rgbf000100-resize,left_right,INSUFFICIENT_SINGLE_INSTANCE_OBJECTS,
kv2/kinect2data/003292_2014-05-14_21-53-49_094959634447_rgbf000100-resize,left_right,INSUFFICIENT_SINGLE_INSTANCE_OBJECTS,
kv2/kinect2data/003294_2014-05-14_22-19-59_094959634447_rgbf000101-resize,left_right,INSUFFICIENT_SINGLE_INSTANCE_OBJECTS,
kv2/kinect2data/003295_2014-05-14_22-20-22_094959634447_rgbf000100-resize,left_right,INSUFFICIENT_SINGLE_INSTANCE_OBJECTS,
kv2/kinect2data/003296_2014-05-14_22-20-48_094959634447_rgbf000101-resize,left_right,INSUFFICIENT_SINGLE_INSTANCE_OBJECTS,
kv2/kinect2data/003297_2014-05-14_22-21-25_094959634447_rgbf000100-resize,left_right,INSUFFICIENT_SINGLE_INSTANCE_OBJECTS,
kv2/kinect2data/003305_2014-05-15_11-34-01_094959634447_rgbf001192-resize,left_right,INSUFFICIENT_SINGLE_INSTANCE_OBJECTS,
kv2/kinect2data/003307_2014-05-15_11-39-43_094959634447_rgbf000100-resize,left_right,INSUFFICIENT_SINGLE_INSTANCE_OBJECTS,
kv2/kinect2data/003310_2014-05-15_11-41-15_094959634447_rgbf000101-resize,left_right,NO_PAIR_CLEARS_GATES,
kv2/kinect2data/003324_2014-05-15_18-49-11_094959634447_rgbf000100-resize,left_right,INSUFFICIENT_SINGLE_INSTANCE_OBJECTS,
kv2/kinect2data/003325_2014-05-15_18-49-48_094959634447_rgbf000100-resize,left_right,INSUFFICIENT_SINGLE_INSTANCE_OBJECTS,
kv2/kinect2data/003327_2014-05-15_18-51-35_094959634447_rgbf000100-resize,left_right,INSUFFICIENT_SINGLE_INSTANCE_OBJECTS,
kv2/kinect2data/003328_2014-05-15_18-52-43_094959634447_rgbf001890-resize,left_right,INSUFFICIENT_SINGLE_INSTANCE_OBJECTS,
kv2/kinect2data/003335_2014-05-15_19-19-51_094959634447_rgbf000075-resize,left_right,NO_PAIR_CLEARS_GATES,
kv2/kinect2data/003340_2014-05-20_11-02-40_094959634447_rgbf000944-resize,left_right,INSUFFICIENT_SINGLE_INSTANCE_OBJECTS,
kv2/kinect2data/003342_2014-05-20_11-18-53_094959634447_rgbf000101-resize,left_right,INSUFFICIENT_SINGLE_INSTANCE_OBJECTS,
kv2/kinect2data/003344_2014-05-20_11-19-39_094959634447_rgbf000697-resize,left_right,INSUFFICIENT_SINGLE_INSTANCE_OBJECTS,
kv2/kinect2data/003345_2014-05-20_11-21-52_094959634447_rgbf003214-resize,left_right,INSUFFICIENT_SINGLE_INSTANCE_OBJECTS,
kv2/kinect2data/003347_2014-05-20_11-29-33_094959634447_rgbf000100-resize,left_right,INSUFFICIENT_SINGLE_INSTANCE_OBJECTS,
kv2/kinect2data/003348_2014-05-20_11-29-54_094959634447_rgbf000100-resize,left_right,NO_PAIR_CLEARS_GATES,
kv2/kinect2data/003349_2014-05-20_11-30-21_094959634447_rgbf000100-resize,left_right,INSUFFICIENT_SINGLE_INSTANCE_OBJECTS,
kv2/kinect2data/003351_2014-05-20_11-38-25_094959634447_rgbf000027-resize,left_right,INSUFFICIENT_SINGLE_INSTANCE_OBJECTS,
kv2/kinect2data/003354_2014-05-20_11-45-39_094959634447_rgbf000101-resize,left_right,INSUFFICIENT_SINGLE_INSTANCE_OBJECTS,
kv2/kinect2data/003355_2014-05-20_14-07-17_094959634447_rgbf000099-resize,left_right,INSUFFICIENT_SINGLE_INSTANCE_OBJECTS,
kv2/kinect2data/003357_2014-05-20_14-08-03_094959634447_rgbf000050-resize,left_right,INSUFFICIENT_SINGLE_INSTANCE_OBJECTS,
kv2/kinect2data/003359_2014-05-20_14-08-56_094959634447_rgbf000050-resize,left_right,INSUFFICIENT_SINGLE_INSTANCE_OBJECTS,
kv2/kinect2data/003360_2014-05-20_14-09-20_094959634447_rgbf000100-resize,left_right,INSUFFICIENT_SINGLE_INSTANCE_OBJECTS,
kv2/kinect2data/003362_2014-05-20_14-11-46_094959634447_rgbf000100-resize,left_right,NO_PAIR_CLEARS_GATES,
kv2/kinect2data/003363_2014-05-20_14-12-11_094959634447_rgbf000050-resize,left_right,INSUFFICIENT_SINGLE_INSTANCE_OBJECTS,
kv2/kinect2data/003364_2014-05-20_14-12-34_094959634447_rgbf000101-resize,left_right,INSUFFICIENT_SINGLE_INSTANCE_OBJECTS,
kv2/kinect2data/003365_2014-05-20_14-13-00_094959634447_rgbf000050-resize,left_right,INSUFFICIENT_SINGLE_INSTANCE_OBJECTS,
kv2/kinect2data/003366_2014-05-20_14-14-14_094959634447_rgbf002543-resize,left_right,INSUFFICIENT_SINGLE_INSTANCE_OBJECTS,
kv2/kinect2data/003370_2014-05-20_14-22-45_094959634447_rgbf000050-resize,left_right,INSUFFICIENT_SINGLE_INSTANCE_OBJECTS,
kv2/kinect2data/003373_2014-05-20_14-23-59_094959634447_rgbf000050-resize,left_right,INSUFFICIENT_SINGLE_INSTANCE_OBJECTS,
kv2/kinect2data/003374_2014-05-20_14-24-41_094959634447_rgbf000100-resize,left_right,INSUFFICIENT_SINGLE_INSTANCE_OBJECTS,
kv2/kinect2data/003375_2014-05-20_14-28-42_094959634447_rgbf000100-resize,left_right,INSUFFICIENT_SINGLE_INSTANCE_OBJECTS,
kv2/kinect2data/003376_2014-05-20_14-29-08_094959634447_rgbf000102-resize,left_right,INSUFFICIENT_SINGLE_INSTANCE_OBJECTS,
kv2/kinect2data/003377_2014-05-20_14-29-32_094959634447_rgbf000101-resize,left_right,NO_PAIR_CLEARS_GATES,
kv2/kinect2data/003378_2014-05-20_14-29-57_094959634447_rgbf000100-resize,left_right,INSUFFICIENT_SINGLE_INSTANCE_OBJECTS,
kv2/kinect2data/003382_2014-05-20_14-41-00_094959634447_rgbf000101-resize,left_right,INSUFFICIENT_SINGLE_INSTANCE_OBJECTS,
kv2/kinect2data/003383_2014-05-20_14-41-21_094959634447_rgbf000101-resize,left_right,INSUFFICIENT_SINGLE_INSTANCE_OBJECTS,
kv2/kinect2data/003384_2014-05-20_14-41-43_094959634447_rgbf000101-resize,left_right,INSUFFICIENT_SINGLE_INSTANCE_OBJECTS,
kv2/kinect2data/003385_2014-05-20_14-42-03_094959634447_rgbf000100-resize,left_right,INSUFFICIENT_SINGLE_INSTANCE_OBJECTS,
kv2/kinect2data/003391_2014-05-20_15-27-03_094959634447_rgbf000101-resize,left_right,NO_PAIR_CLEARS_GATES,
kv2/kinect2data/003397_2014-05-20_15-39-59_094959634447_rgbf000100-resize,left_right,INSUFFICIENT_SINGLE_INSTANCE_OBJECTS,
kv2/kinect2data/003400_2014-05-20_15-56-23_094959634447_rgbf000100-resize,left_right,INSUFFICIENT_SINGLE_INSTANCE_OBJECTS,
kv2/kinect2data/003401_2014-05-20_15-56-48_094959634447_rgbf002645-resize,left_right,INSUFFICIENT_SINGLE_INSTANCE_OBJECTS,
kv2/kinect2data/003402_2014-05-20_16-02-32_094959634447_rgbf000657-resize,left_right,INSUFFICIENT_SINGLE_INSTANCE_OBJECTS,
kv2/kinect2data/003403_2014-05-20_16-03-54_094959634447_rgbf000101-resize,left_right,NO_PAIR_CLEARS_GATES,
kv2/kinect2data/003404_2014-05-20_16-04-18_094959634447_rgbf000100-resize,left_right,INSUFFICIENT_SINGLE_INSTANCE_OBJECTS,
kv2/kinect2data/003405_2014-05-20_16-04-43_094959634447_rgbf000100-resize,left_right,INSUFFICIENT_SINGLE_INSTANCE_OBJECTS,
kv2/kinect2data/003407_2014-05-20_16-05-35_094959634447_rgbf000101-resize,left_right,INSUFFICIENT_SINGLE_INSTANCE_OBJECTS,
kv2/kinect2data/003408_2014-05-21_09-11-41_094959634447_rgbf000101-resize,left_right,INSUFFICIENT_SINGLE_INSTANCE_OBJECTS,
kv2/kinect2data/003409_2014-05-21_09-12-10_094959634447_rgbf000100-resize,left_right,NO_PAIR_CLEARS_GATES,
kv2/kinect2data/003410_2014-05-21_09-12-33_094959634447_rgbf000101-resize,left_right,INSUFFICIENT_SINGLE_INSTANCE_OBJECTS,
kv2/kinect2data/003411_2014-05-21_09-13-00_094959634447_rgbf000100-resize,left_right,INSUFFICIENT_SINGLE_INSTANCE_OBJECTS,
kv2/kinect2data/003412_2014-05-21_09-13-28_094959634447_rgbf000101-resize,left_right,INSUFFICIENT_SINGLE_INSTANCE_OBJECTS,
kv2/kinect2data/003416_2014-05-21_09-52-18_094959634447_rgbf000100-resize,left_right,INSUFFICIENT_SINGLE_INSTANCE_OBJECTS,
kv2/kinect2data/003417_2014-05-21_09-52-40_094959634447_rgbf000101-resize,left_right,INSUFFICIENT_SINGLE_INSTANCE_OBJECTS,
kv2/kinect2data/003418_2014-05-21_09-54-13_094959634447_rgbf000100-resize,left_right,INSUFFICIENT_SINGLE_INSTANCE_OBJECTS,
kv2/kinect2data/003421_2014-05-21_09-55-18_094959634447_rgbf000100-resize,left_right,INSUFFICIENT_SINGLE_INSTANCE_OBJECTS,
kv2/kinect2data/003428_2014-05-21_10-36-17_094959634447_rgbf000101-resize,left_right,INSUFFICIENT_SINGLE_INSTANCE_OBJECTS,
kv2/kinect2data/003429_2014-05-21_10-36-46_094959634447_rgbf000101-resize,left_right,NO_PAIR_CLEARS_GATES,
kv2/kinect2data/003431_2014-05-21_10-37-33_094959634447_rgbf000101-resize,left_right,INSUFFICIENT_SINGLE_INSTANCE_OBJECTS,
kv2/kinect2data/003434_2014-05-21_10-52-46_094959634447_rgbf003452-resize,left_right,INSUFFICIENT_SINGLE_INSTANCE_OBJECTS,
kv2/kinect2data/003436_2014-05-21_10-58-59_094959634447_rgbf000101-resize,left_right,INSUFFICIENT_SINGLE_INSTANCE_OBJECTS,
kv2/kinect2data/003438_2014-05-21_10-59-44_094959634447_rgbf000101-resize,left_right,INSUFFICIENT_SINGLE_INSTANCE_OBJECTS,
kv2/kinect2data/003439_2014-05-21_11-00-10_094959634447_rgbf000101-resize,left_right,NO_PAIR_CLEARS_GATES,
kv2/kinect2data/003440_2014-05-21_11-00-37_094959634447_rgbf000099-resize,left_right,INSUFFICIENT_SINGLE_INSTANCE_OBJECTS,
kv2/kinect2data/003441_2014-05-21_11-00-57_094959634447_rgbf000100-resize,left_right,INSUFFICIENT_SINGLE_INSTANCE_OBJECTS,
kv2/kinect2data/003447_2014-05-21_12-06-46_094959634447_rgbf000100-resize,left_right,INSUFFICIENT_SINGLE_INSTANCE_OBJECTS,
kv2/kinect2data/003448_2014-05-21_12-07-05_094959634447_rgbf000100-resize,left_right,NO_PAIR_CLEARS_GATES,
kv2/kinect2data/003449_2014-05-21_12-07-28_094959634447_rgbf000100-resize,left_right,INSUFFICIENT_SINGLE_INSTANCE_OBJECTS,
kv2/kinect2data/003450_2014-05-21_12-07-49_094959634447_rgbf000100-resize,left_right,INSUFFICIENT_SINGLE_INSTANCE_OBJECTS,
kv2/kinect2data/003451_2014-05-21_12-43-14_094959634447_rgbf004260-resize,left_right,INSUFFICIENT_SINGLE_INSTANCE_OBJECTS,
kv2/kinect2data/003453_2014-05-21_12-50-54_094959634447_rgbf000101-resize,left_right,INSUFFICIENT_SINGLE_INSTANCE_OBJECTS,
kv2/kinect2data/003454_2014-05-21_12-51-18_094959634447_rgbf000100-resize,left_right,INSUFFICIENT_SINGLE_INSTANCE_OBJECTS,
kv2/kinect2data/003455_2014-05-21_12-51-40_094959634447_rgbf000100-resize,left_right,INSUFFICIENT_SINGLE_INSTANCE_OBJECTS,
kv2/kinect2data/003456_2014-05-21_12-52-11_094959634447_rgbf000100-resize,left_right,INSUFFICIENT_SINGLE_INSTANCE_OBJECTS,
kv2/kinect2data/003459_2014-05-21_12-53-24_094959634447_rgbf000100-resize,left_right,INSUFFICIENT_SINGLE_INSTANCE_OBJECTS,
kv2/kinect2data/003460_2014-05-21_13-10-28_094959634447_rgbf003816-resize,left_right,INSUFFICIENT_SINGLE_INSTANCE_OBJECTS,
kv2/kinect2data/003461_2014-05-21_13-17-35_094959634447_rgbf000671-resize,left_right,INSUFFICIENT_SINGLE_INSTANCE_OBJECTS,
kv2/kinect2data/003463_2014-05-21_13-19-26_094959634447_rgbf000100-resize,left_right,INSUFFICIENT_SINGLE_INSTANCE_OBJECTS,
kv2/kinect2data/003465_2014-05-21_13-20-26_094959634447_rgbf000101-resize,left_right,INSUFFICIENT_SINGLE_INSTANCE_OBJECTS,
kv2/kinect2data/003466_2014-05-21_13-20-46_094959634447_rgbf000101-resize,left_right,INSUFFICIENT_SINGLE_INSTANCE_OBJECTS,
kv2/kinect2data/003468_2014-05-21_13-21-33_094959634447_rgbf000101-resize,left_right,INSUFFICIENT_SINGLE_INSTANCE_OBJECTS,
kv2/kinect2data/003470_2014-05-21_15-01-37_094959634447_rgbf000101-resize,left_right,INSUFFICIENT_SINGLE_INSTANCE_OBJECTS,
kv2/kinect2data/003471_2014-05-21_15-02-02_094959634447_rgbf000100-resize,left_right,INSUFFICIENT_SINGLE_INSTANCE_OBJECTS,
kv2/kinect2data/003472_2014-05-21_15-02-25_094959634447_rgbf000101-resize,left_right,INSUFFICIENT_SINGLE_INSTANCE_OBJECTS,
kv2/kinect2data/003479_2014-05-21_15-28-47_094959634447_rgbf000101-resize,left_right,NO_PAIR_CLEARS_GATES,
kv2/kinect2data/003480_2014-05-21_15-29-08_094959634447_rgbf000101-resize,left_right,INSUFFICIENT_SINGLE_INSTANCE_OBJECTS,
kv2/kinect2data/003483_2014-05-21_15-30-13_094959634447_rgbf000101-resize,left_right,INSUFFICIENT_SINGLE_INSTANCE_OBJECTS,
kv2/kinect2data/003487_2014-05-21_15-31-42_094959634447_rgbf000100-resize,left_right,INSUFFICIENT_SINGLE_INSTANCE_OBJECTS,
kv2/kinect2data/003488_2014-05-21_15-49-28_094959634447_rgbf000100-resize,left_right,INSUFFICIENT_SINGLE_INSTANCE_OBJECTS,
kv2/kinect2data/003491_2014-05-21_15-50-30_094959634447_rgbf000100-resize,left_right,INSUFFICIENT_SINGLE_INSTANCE_OBJECTS,
kv2/kinect2data/003492_2014-05-21_15-50-55_094959634447_rgbf000828-resize,left_right,INSUFFICIENT_SINGLE_INSTANCE_OBJECTS,
kv2/kinect2data/003493_2014-05-21_15-53-53_094959634447_rgbf002564-resize,left_right,INSUFFICIENT_SINGLE_INSTANCE_OBJECTS,
kv2/kinect2data/003494_2014-05-21_16-01-32_094959634447_rgbf000100-resize,left_right,INSUFFICIENT_SINGLE_INSTANCE_OBJECTS,
kv2/kinect2data/003495_2014-05-21_16-01-51_094959634447_rgbf000100-resize,left_right,INSUFFICIENT_SINGLE_INSTANCE_OBJECTS,
kv2/kinect2data/003496_2014-05-21_16-02-09_094959634447_rgbf000101-resize,left_right,INSUFFICIENT_SINGLE_INSTANCE_OBJECTS,
kv2/kinect2data/003497_2014-05-21_16-02-30_094959634447_rgbf000101-resize,left_right,INSUFFICIENT_SINGLE_INSTANCE_OBJECTS,
kv2/kinect2data/003498_2014-05-21_16-02-52_094959634447_rgbf001746-resize,left_right,INSUFFICIENT_SINGLE_INSTANCE_OBJECTS,
kv2/kinect2data/003500_2014-05-21_16-35-28_094959634447_rgbf000100-resize,left_right,INSUFFICIENT_SINGLE_INSTANCE_OBJECTS,
kv2/kinect2data/003510_2014-05-21_17-32-00_094959634447_rgbf000101-resize,left_right,INSUFFICIENT_SINGLE_INSTANCE_OBJECTS,
kv2/kinect2data/003511_2014-05-21_17-32-20_094959634447_rgbf000100-resize,left_right,INSUFFICIENT_SINGLE_INSTANCE_OBJECTS,
kv2/kinect2data/003519_2014-05-22_14-13-38_094959634447_rgbf000100-resize,left_right,INSUFFICIENT_SINGLE_INSTANCE_OBJECTS,
kv2/kinect2data/003521_2014-05-22_14-14-23_094959634447_rgbf000100-resize,left_right,NO_PAIR_CLEARS_GATES,
kv2/kinect2data/003523_2014-05-22_14-44-45_094959634447_rgbf001006-resize,left_right,INSUFFICIENT_SINGLE_INSTANCE_OBJECTS,
kv2/kinect2data/003526_2014-05-22_14-47-19_094959634447_rgbf000101-resize,left_right,INSUFFICIENT_SINGLE_INSTANCE_OBJECTS,
kv2/kinect2data/003529_2014-05-22_14-48-32_094959634447_rgbf000101-resize,left_right,INSUFFICIENT_SINGLE_INSTANCE_OBJECTS,
kv2/kinect2data/003537_2014-05-22_15-07-19_094959634447_rgbf000100-resize,left_right,INSUFFICIENT_SINGLE_INSTANCE_OBJECTS,
kv2/kinect2data/003538_2014-05-22_15-09-28_094959634447_rgbf005797-resize,left_right,INSUFFICIENT_SINGLE_INSTANCE_OBJECTS,
kv2/kinect2data/003539_2014-05-22_15-19-49_094959634447_rgbf002857-resize,left_right,INSUFFICIENT_SINGLE_INSTANCE_OBJECTS,
kv2/kinect2data/003540_2014-05-22_15-36-23_094959634447_rgbf000100-resize,left_right,NO_PAIR_CLEARS_GATES,
kv2/kinect2data/003541_2014-05-22_15-36-42_094959634447_rgbf000102-resize,left_right,INSUFFICIENT_SINGLE_INSTANCE_OBJECTS,
kv2/kinect2data/003542_2014-05-22_15-37-06_094959634447_rgbf000100-resize,left_right,INSUFFICIENT_SINGLE_INSTANCE_OBJECTS,
kv2/kinect2data/003543_2014-05-22_15-37-33_094959634447_rgbf000100-resize,left_right,NO_PAIR_CLEARS_GATES,
kv2/kinect2data/003545_2014-05-22_15-43-18_094959634447_rgbf002775-resize,left_right,INSUFFICIENT_SINGLE_INSTANCE_OBJECTS,
kv2/kinect2data/003546_2014-05-22_15-48-53_094959634447_rgbf004816-resize,left_right,INSUFFICIENT_SINGLE_INSTANCE_OBJECTS,
kv2/kinect2data/003547_2014-05-22_15-59-17_094959634447_rgbf000135-resize,left_right,INSUFFICIENT_SINGLE_INSTANCE_OBJECTS,
kv2/kinect2data/003548_2014-05-22_16-00-28_094959634447_rgbf000101-resize,left_right,INSUFFICIENT_SINGLE_INSTANCE_OBJECTS,
kv2/kinect2data/003550_2014-05-23_10-18-52_094959634447_rgbf000102-resize,left_right,INSUFFICIENT_SINGLE_INSTANCE_OBJECTS,
kv2/kinect2data/003552_2014-05-23_10-19-37_094959634447_rgbf000101-resize,left_right,INSUFFICIENT_SINGLE_INSTANCE_OBJECTS,
kv2/kinect2data/003555_2014-05-23_10-24-07_094959634447_rgbf000100-resize,left_right,INSUFFICIENT_SINGLE_INSTANCE_OBJECTS,
kv2/kinect2data/003556_2014-05-23_10-24-31_094959634447_rgbf000101-resize,left_right,INSUFFICIENT_SINGLE_INSTANCE_OBJECTS,
kv2/kinect2data/003559_2014-05-23_10-38-14_094959634447_rgbf002823-resize,left_right,INSUFFICIENT_SINGLE_INSTANCE_OBJECTS,
kv2/kinect2data/003565_2014-05-23_10-54-31_094959634447_rgbf000101-resize,left_right,INSUFFICIENT_SINGLE_INSTANCE_OBJECTS,
kv2/kinect2data/003566_2014-05-23_10-56-32_094959634447_rgbf000101-resize,left_right,INSUFFICIENT_SINGLE_INSTANCE_OBJECTS,
kv2/kinect2data/003568_2014-05-23_10-57-49_094959634447_rgbf005713-resize,left_right,INSUFFICIENT_SINGLE_INSTANCE_OBJECTS,
kv2/kinect2data/003569_2014-05-23_11-07-34_094959634447_rgbf000101-resize,left_right,INSUFFICIENT_SINGLE_INSTANCE_OBJECTS,
kv2/kinect2data/003571_2014-05-23_11-08-14_094959634447_rgbf000100-resize,left_right,INSUFFICIENT_SINGLE_INSTANCE_OBJECTS,
kv2/kinect2data/003572_2014-05-23_11-08-31_094959634447_rgbf000101-resize,left_right,INSUFFICIENT_SINGLE_INSTANCE_OBJECTS,
kv2/kinect2data/003573_2014-05-23_11-11-53_094959634447_rgbf000101-resize,left_right,INSUFFICIENT_SINGLE_INSTANCE_OBJECTS,
kv2/kinect2data/003574_2014-05-23_11-12-12_094959634447_rgbf000100-resize,left_right,INSUFFICIENT_SINGLE_INSTANCE_OBJECTS,
kv2/kinect2data/003576_2014-05-23_11-16-29_094959634447_rgbf000101-resize,left_right,INSUFFICIENT_SINGLE_INSTANCE_OBJECTS,
kv2/kinect2data/003577_2014-05-23_11-16-52_094959634447_rgbf000101-resize,left_right,INSUFFICIENT_SINGLE_INSTANCE_OBJECTS,
kv2/kinect2data/003578_2014-05-23_11-17-26_094959634447_rgbf000100-resize,left_right,INSUFFICIENT_SINGLE_INSTANCE_OBJECTS,
kv2/kinect2data/003579_2014-05-23_11-17-44_094959634447_rgbf000101-resize,left_right,INSUFFICIENT_SINGLE_INSTANCE_OBJECTS,
kv2/kinect2data/003584_2014-05-23_16-46-00_094959634447_rgbf000100-resize,left_right,INSUFFICIENT_SINGLE_INSTANCE_OBJECTS,
kv2/kinect2data/003585_2014-05-23_16-46-18_094959634447_rgbf000100-resize,left_right,INSUFFICIENT_SINGLE_INSTANCE_OBJECTS,
kv2/kinect2data/003586_2014-05-23_16-47-01_094959634447_rgbf000100-resize,left_right,INSUFFICIENT_SINGLE_INSTANCE_OBJECTS,
kv2/kinect2data/003587_2014-05-23_16-48-02_094959634447_rgbf002384-resize,left_right,INSUFFICIENT_SINGLE_INSTANCE_OBJECTS,
kv2/kinect2data/003597_2014-05-23_17-23-07_094959634447_rgbf000100-resize,left_right,INSUFFICIENT_SINGLE_INSTANCE_OBJECTS,
kv2/kinect2data/003598_2014-05-23_17-23-27_094959634447_rgbf000101-resize,left_right,INSUFFICIENT_SINGLE_INSTANCE_OBJECTS,
kv2/kinect2data/003599_2014-05-23_17-23-54_094959634447_rgbf000101-resize,left_right,INSUFFICIENT_SINGLE_INSTANCE_OBJECTS,
kv2/kinect2data/003600_2014-05-23_17-24-20_094959634447_rgbf000100-resize,left_right,INSUFFICIENT_SINGLE_INSTANCE_OBJECTS,
kv2/kinect2data/003601_2014-05-23_17-26-26_094959634447_rgbf000101-resize,left_right,NO_PAIR_CLEARS_GATES,
kv2/kinect2data/003603_2014-05-23_17-27-09_094959634447_rgbf000101-resize,left_right,INSUFFICIENT_SINGLE_INSTANCE_OBJECTS,
kv2/kinect2data/003604_2014-05-23_17-27-31_094959634447_rgbf000100-resize,left_right,INSUFFICIENT_SINGLE_INSTANCE_OBJECTS,
kv2/kinect2data/003607_2014-05-23_17-28-44_094959634447_rgbf004039-resize,left_right,INSUFFICIENT_SINGLE_INSTANCE_OBJECTS,
kv2/kinect2data/003608_2014-05-23_17-35-46_094959634447_rgbf001585-resize,left_right,INSUFFICIENT_SINGLE_INSTANCE_OBJECTS,
kv2/kinect2data/003610_2014-05-23_17-41-00_094959634447_rgbf000100-resize,left_right,INSUFFICIENT_SINGLE_INSTANCE_OBJECTS,
kv2/kinect2data/003611_2014-05-23_17-41-20_094959634447_rgbf000100-resize,left_right,INSUFFICIENT_SINGLE_INSTANCE_OBJECTS,
kv2/kinect2data/003612_2014-05-23_18-01-59_094959634447_rgbf000101-resize,left_right,NO_PAIR_CLEARS_GATES,
kv2/kinect2data/003613_2014-05-23_18-02-33_094959634447_rgbf000100-resize,left_right,INSUFFICIENT_SINGLE_INSTANCE_OBJECTS,
kv2/kinect2data/003621_2014-05-23_18-06-08_094959634447_rgbf000101-resize,left_right,INSUFFICIENT_SINGLE_INSTANCE_OBJECTS,
kv2/kinect2data/003626_2014-05-23_22-01-35_094959634447_rgbf000100-resize,left_right,INSUFFICIENT_SINGLE_INSTANCE_OBJECTS,
kv2/kinect2data/003636_2014-05-23_22-08-45_094959634447_rgbf000101-resize,left_right,INSUFFICIENT_SINGLE_INSTANCE_OBJECTS,
kv2/kinect2data/003641_2014-05-23_22-11-02_094959634447_rgbf000102-resize,left_right,INSUFFICIENT_SINGLE_INSTANCE_OBJECTS,
kv2/kinect2data/003642_2014-05-23_22-11-19_094959634447_rgbf000101-resize,left_right,INSUFFICIENT_SINGLE_INSTANCE_OBJECTS,
kv2/kinect2data/003646_2014-05-23_22-12-52_094959634447_rgbf000100-resize,left_right,INSUFFICIENT_SINGLE_INSTANCE_OBJECTS,
kv2/kinect2data/003658_2014-05-24_14-08-06_094959634447_rgbf001866-resize,left_right,INSUFFICIENT_SINGLE_INSTANCE_OBJECTS,
kv2/kinect2data/003663_2014-05-24_15-10-19_094959634447_rgbf000100-resize,left_right,INSUFFICIENT_SINGLE_INSTANCE_OBJECTS,
kv2/kinect2data/003665_2014-05-24_15-10-55_094959634447_rgbf000101-resize,left_right,INSUFFICIENT_SINGLE_INSTANCE_OBJECTS,
realsense/lg/2014_10_24-09_27_15-1311000073,left_right,INSUFFICIENT_SINGLE_INSTANCE_OBJECTS,
realsense/lg/2014_10_24-09_27_56-1311000073,left_right,INSUFFICIENT_SINGLE_INSTANCE_OBJECTS,
realsense/lg/2014_10_24-09_28_09-1311000073,left_right,INSUFFICIENT_SINGLE_INSTANCE_OBJECTS,
realsense/lg/2014_10_24-09_28_36-1311000073,left_right,INSUFFICIENT_SINGLE_INSTANCE_OBJECTS,
realsense/lg/2014_10_24-09_29_05-1311000073,left_right,INSUFFICIENT_SINGLE_INSTANCE_OBJECTS,
realsense/lg/2014_10_24-09_31_35-1311000073,left_right,NO_PAIR_CLEARS_GATES,
realsense/lg/2014_10_24-09_33_44-1311000073,left_right,NO_PAIR_CLEARS_GATES,
realsense/lg/2014_10_24-11_28_20-1311000073,left_right,INSUFFICIENT_SINGLE_INSTANCE_OBJECTS,
realsense/lg/2014_10_24-11_28_43-1311000073,left_right,INSUFFICIENT_SINGLE_INSTANCE_OBJECTS,
realsense/lg/2014_10_24-11_28_56-1311000073,left_right,INSUFFICIENT_SINGLE_INSTANCE_OBJECTS,
realsense/lg/2014_10_24-11_30_46-1311000073,left_right,INSUFFICIENT_SINGLE_INSTANCE_OBJECTS,
realsense/lg/2014_10_24-11_31_01-1311000073,left_right,INSUFFICIENT_SINGLE_INSTANCE_OBJECTS,
realsense/lg/2014_10_24-12_49_06-1311000073,left_right,INSUFFICIENT_SINGLE_INSTANCE_OBJECTS,
realsense/lg/2014_10_24-12_49_51-1311000073,left_right,INSUFFICIENT_SINGLE_INSTANCE_OBJECTS,
realsense/lg/2014_10_24-13_08_55-1311000073,left_right,INSUFFICIENT_SINGLE_INSTANCE_OBJECTS,
realsense/lg/2014_10_24-13_15_08-1311000073,left_right,INSUFFICIENT_SINGLE_INSTANCE_OBJECTS,
realsense/lg/2014_10_24-13_15_22-1311000073,left_right,INSUFFICIENT_SINGLE_INSTANCE_OBJECTS,
realsense/lg/2014_10_24-13_24_15-1311000073,left_right,INSUFFICIENT_SINGLE_INSTANCE_OBJECTS,
realsense/lg/2014_10_24-13_24_41-1311000073,left_right,NO_PAIR_CLEARS_GATES,
realsense/lg/2014_10_24-13_27_24-1311000073,left_right,INSUFFICIENT_SINGLE_INSTANCE_OBJECTS,
realsense/lg/2014_10_24-13_28_13-1311000073,left_right,INSUFFICIENT_SINGLE_INSTANCE_OBJECTS,
realsense/lg/2014_10_24-13_28_29-1311000073,left_right,NO_PAIR_CLEARS_GATES,
realsense/lg/2014_10_24-13_29_02-1311000073,left_right,INSUFFICIENT_SINGLE_INSTANCE_OBJECTS,
realsense/lg/2014_10_24-13_41_36-1311000073,left_right,INSUFFICIENT_SINGLE_INSTANCE_OBJECTS,
realsense/lg/2014_10_24-13_41_48-1311000073,left_right,NO_PAIR_CLEARS_GATES,
realsense/lg/2014_10_24-13_42_04-1311000073,left_right,INSUFFICIENT_SINGLE_INSTANCE_OBJECTS,
realsense/lg/2014_10_24-13_44_06-1311000073,left_right,NO_PAIR_CLEARS_GATES,
realsense/lg/2014_10_24-13_44_19-1311000073,left_right,INSUFFICIENT_SINGLE_INSTANCE_OBJECTS,
realsense/lg/2014_10_24-13_45_31-1311000073,left_right,INSUFFICIENT_SINGLE_INSTANCE_OBJECTS,
realsense/lg/2014_10_24-13_45_43-1311000073,left_right,INSUFFICIENT_SINGLE_INSTANCE_OBJECTS,
realsense/lg/2014_10_24-13_48_19-1311000073,left_right,INSUFFICIENT_SINGLE_INSTANCE_OBJECTS,
realsense/lg/2014_10_24-13_48_46-1311000073,left_right,INSUFFICIENT_SINGLE_INSTANCE_OBJECTS,
realsense/lg/2014_10_24-13_49_01-1311000073,left_right,INSUFFICIENT_SINGLE_INSTANCE_OBJECTS,
realsense/lg/2014_10_24-13_50_06-1311000073,left_right,INSUFFICIENT_SINGLE_INSTANCE_OBJECTS,
realsense/lg/2014_10_25-17_11_47-1311000073,left_right,INSUFFICIENT_SINGLE_INSTANCE_OBJECTS,
realsense/lg/2014_10_25-17_12_02-1311000073,left_right,INSUFFICIENT_SINGLE_INSTANCE_OBJECTS,
realsense/lg/2014_10_25-17_15_11-1311000073,left_right,INSUFFICIENT_SINGLE_INSTANCE_OBJECTS,
realsense/lg/2014_10_25-17_16_53-1311000073,left_right,INSUFFICIENT_SINGLE_INSTANCE_OBJECTS,
realsense/lg/2014_10_25-17_18_29-1311000073,left_right,INSUFFICIENT_SINGLE_INSTANCE_OBJECTS,
realsense/lg/2014_10_25-17_18_42-1311000073,left_right,INSUFFICIENT_SINGLE_INSTANCE_OBJECTS,
realsense/lg/2014_10_25-17_19_16-1311000073,left_right,INSUFFICIENT_SINGLE_INSTANCE_OBJECTS,
realsense/lg/2014_10_25-17_20_20-1311000073,left_right,NO_PAIR_CLEARS_GATES,
realsense/lg/2014_10_25-17_21_13-1311000073,left_right,INSUFFICIENT_SINGLE_INSTANCE_OBJECTS,
realsense/lg/2014_10_25-17_23_03-1311000073,left_right,INSUFFICIENT_SINGLE_INSTANCE_OBJECTS,
realsense/lg/2014_10_25-17_23_20-1311000073,left_right,INSUFFICIENT_SINGLE_INSTANCE_OBJECTS,
realsense/lg/2014_10_25-17_23_54-1311000073,left_right,INSUFFICIENT_SINGLE_INSTANCE_OBJECTS,
realsense/lg/2014_10_25-17_25_45-1311000073,left_right,NO_PAIR_CLEARS_GATES,
realsense/lg/2014_10_25-17_25_59-1311000073,left_right,INSUFFICIENT_SINGLE_INSTANCE_OBJECTS,
realsense/lg/2014_10_25-17_28_43-1311000073,left_right,INSUFFICIENT_SINGLE_INSTANCE_OBJECTS,
realsense/lg/2014_10_25-17_28_57-1311000073,left_right,INSUFFICIENT_SINGLE_INSTANCE_OBJECTS,
realsense/lg/2014_10_25-17_44_46-1311000073,left_right,INSUFFICIENT_SINGLE_INSTANCE_OBJECTS,
realsense/lg/2014_10_25-17_45_39-1311000073,left_right,INSUFFICIENT_SINGLE_INSTANCE_OBJECTS,
realsense/lg/2014_10_25-17_45_51-1311000073,left_right,INSUFFICIENT_SINGLE_INSTANCE_OBJECTS,
realsense/lg/2014_10_25-17_46_55-1311000073,left_right,INSUFFICIENT_SINGLE_INSTANCE_OBJECTS,
realsense/lg/2014_10_25-17_47_09-1311000073,left_right,INSUFFICIENT_SINGLE_INSTANCE_OBJECTS,
realsense/lg/2014_10_25-17_50_15-1311000073,left_right,INSUFFICIENT_SINGLE_INSTANCE_OBJECTS,
realsense/lg/2014_10_25-17_52_37-1311000073,left_right,INSUFFICIENT_SINGLE_INSTANCE_OBJECTS,
realsense/lg/2014_10_25-17_52_51-1311000073,left_right,INSUFFICIENT_SINGLE_INSTANCE_OBJECTS,
realsense/lg/2014_10_25-17_53_05-1311000073,left_right,INSUFFICIENT_SINGLE_INSTANCE_OBJECTS,
realsense/lg/2014_10_25-17_55_31-1311000073,left_right,INSUFFICIENT_SINGLE_INSTANCE_OBJECTS,
realsense/lg/2014_10_25-17_56_04-1311000073,left_right,INSUFFICIENT_SINGLE_INSTANCE_OBJECTS,
realsense/lg/2014_10_25-17_57_10-1311000073,left_right,INSUFFICIENT_SINGLE_INSTANCE_OBJECTS,
realsense/lg/2014_10_26-13_56_55-1311000073,left_right,INSUFFICIENT_SINGLE_INSTANCE_OBJECTS,
realsense/lg/2014_10_26-13_57_11-1311000073,left_right,INSUFFICIENT_SINGLE_INSTANCE_OBJECTS,
realsense/lg/2014_10_26-14_03_26-1311000073,left_right,INSUFFICIENT_SINGLE_INSTANCE_OBJECTS,
realsense/lg/2014_10_26-14_03_55-1311000073,left_right,INSUFFICIENT_SINGLE_INSTANCE_OBJECTS,
realsense/lg/2014_10_26-14_07_52-1311000073,left_right,INSUFFICIENT_SINGLE_INSTANCE_OBJECTS,
realsense/lg/2014_10_26-14_08_19-1311000073,left_right,INSUFFICIENT_SINGLE_INSTANCE_OBJECTS,
realsense/lg/2014_10_26-14_10_07-1311000073,left_right,INSUFFICIENT_SINGLE_INSTANCE_OBJECTS,
realsense/lg/2014_10_26-14_11_04-1311000073,left_right,INSUFFICIENT_SINGLE_INSTANCE_OBJECTS,
realsense/lg/2014_10_26-14_19_04-1311000073,left_right,INSUFFICIENT_SINGLE_INSTANCE_OBJECTS,
realsense/lg/2014_10_26-14_19_18-1311000073,left_right,INSUFFICIENT_SINGLE_INSTANCE_OBJECTS,
realsense/lg/2014_10_26-14_39_04-1311000073,left_right,NO_PAIR_CLEARS_GATES,
realsense/lg/2014_10_26-14_39_19-1311000073,left_right,INSUFFICIENT_SINGLE_INSTANCE_OBJECTS,
realsense/lg/2014_10_26-14_40_56-1311000073,left_right,INSUFFICIENT_SINGLE_INSTANCE_OBJECTS,
realsense/lg/2014_10_26-14_41_13-1311000073,left_right,INSUFFICIENT_SINGLE_INSTANCE_OBJECTS,
realsense/lg/2014_10_26-14_59_33-1311000073,left_right,INSUFFICIENT_SINGLE_INSTANCE_OBJECTS,
realsense/lg/2014_10_26-15_00_31-1311000073,left_right,INSUFFICIENT_SINGLE_INSTANCE_OBJECTS,
realsense/lg/2014_10_26-15_03_01-1311000073,left_right,INSUFFICIENT_SINGLE_INSTANCE_OBJECTS,
realsense/lg/2014_10_26-15_19_26-1311000073,left_right,INSUFFICIENT_SINGLE_INSTANCE_OBJECTS,
realsense/lg/2014_10_26-15_19_39-1311000073,left_right,INSUFFICIENT_SINGLE_INSTANCE_OBJECTS,
realsense/lg/2014_10_26-15_20_16-1311000073,left_right,INSUFFICIENT_SINGLE_INSTANCE_OBJECTS,
realsense/lg/2014_10_26-15_21_02-1311000073,left_right,INSUFFICIENT_SINGLE_INSTANCE_OBJECTS,
realsense/lg/2014_10_26-15_22_17-1311000073,left_right,INSUFFICIENT_SINGLE_INSTANCE_OBJECTS,
realsense/lg/2014_10_26-15_22_40-1311000073,left_right,NO_PAIR_CLEARS_GATES,
realsense/lg/2014_10_26-15_26_18-1311000073,left_right,INSUFFICIENT_SINGLE_INSTANCE_OBJECTS,
realsense/lg/2014_10_26-15_26_43-1311000073,left_right,INSUFFICIENT_SINGLE_INSTANCE_OBJECTS,
realsense/lg/2014_10_26-15_27_22-1311000073,left_right,INSUFFICIENT_SINGLE_INSTANCE_OBJECTS,
realsense/lg/2014_10_26-15_27_53-1311000073,left_right,INSUFFICIENT_SINGLE_INSTANCE_OBJECTS,
realsense/lg/2014_10_26-15_28_29-1311000073,left_right,INSUFFICIENT_SINGLE_INSTANCE_OBJECTS,
realsense/lg/2014_10_26-15_29_16-1311000073,left_right,INSUFFICIENT_SINGLE_INSTANCE_OBJECTS,
realsense/lg/2014_10_26-15_30_41-1311000073,left_right,NO_PAIR_CLEARS_GATES,
realsense/lg/2014_10_26-15_32_02-1311000073,left_right,INSUFFICIENT_SINGLE_INSTANCE_OBJECTS,
realsense/lg/2014_10_27-14_24_19-1311000073,left_right,INSUFFICIENT_SINGLE_INSTANCE_OBJECTS,
realsense/lg/2014_10_27-14_29_12-1311000073,left_right,INSUFFICIENT_SINGLE_INSTANCE_OBJECTS,
realsense/lg/2014_10_27-14_33_12-1311000073,left_right,INSUFFICIENT_SINGLE_INSTANCE_OBJECTS,
realsense/lg/2014_10_27-14_34_05-1311000073,left_right,INSUFFICIENT_SINGLE_INSTANCE_OBJECTS,
realsense/lg/2014_10_27-14_35_56-1311000073,left_right,INSUFFICIENT_SINGLE_INSTANCE_OBJECTS,
realsense/lg/2014_10_27-14_36_44-1311000073,left_right,INSUFFICIENT_SINGLE_INSTANCE_OBJECTS,
realsense/lg/2014_10_27-14_39_48-1311000073,left_right,INSUFFICIENT_SINGLE_INSTANCE_OBJECTS,
realsense/lg/2014_10_27-14_41_12-1311000073,left_right,INSUFFICIENT_SINGLE_INSTANCE_OBJECTS,
realsense/lg/2014_10_27-14_45_30-1311000073,left_right,INSUFFICIENT_SINGLE_INSTANCE_OBJECTS,
realsense/lg/2014_10_27-14_48_24-1311000073,left_right,INSUFFICIENT_SINGLE_INSTANCE_OBJECTS,
realsense/lg/2014_10_27-14_54_57-1311000073,left_right,INSUFFICIENT_SINGLE_INSTANCE_OBJECTS,
realsense/lg/2014_10_27-15_14_11-1311000073,left_right,INSUFFICIENT_SINGLE_INSTANCE_OBJECTS,
realsense/lg/2014_10_27-15_14_37-1311000073,left_right,INSUFFICIENT_SINGLE_INSTANCE_OBJECTS,
realsense/lg/2014_10_27-15_14_51-1311000073,left_right,INSUFFICIENT_SINGLE_INSTANCE_OBJECTS,
realsense/lg/2014_10_27-15_15_55-1311000073,left_right,INSUFFICIENT_SINGLE_INSTANCE_OBJECTS,
realsense/lg/2014_10_27-15_16_24-1311000073,left_right,INSUFFICIENT_SINGLE_INSTANCE_OBJECTS,
realsense/lg/2014_10_27-15_16_43-1311000073,left_right,INSUFFICIENT_SINGLE_INSTANCE_OBJECTS,
realsense/lg/2014_10_27-15_16_56-1311000073,left_right,INSUFFICIENT_SINGLE_INSTANCE_OBJECTS,
realsense/lg/2014_10_27-15_17_12-1311000073,left_right,INSUFFICIENT_SINGLE_INSTANCE_OBJECTS,
realsense/lg/2014_10_27-15_34_33-1311000073,left_right,INSUFFICIENT_SINGLE_INSTANCE_OBJECTS,
realsense/lg/2014_10_27-15_35_03-1311000073,left_right,NO_PAIR_CLEARS_GATES,
realsense/lg/2014_10_27-15_42_30-1311000073,left_right,INSUFFICIENT_SINGLE_INSTANCE_OBJECTS,
realsense/lg/2014_10_27-15_42_44-1311000073,left_right,INSUFFICIENT_SINGLE_INSTANCE_OBJECTS,
realsense/lg/2014_10_28-14_56_53-1311000073,left_right,INSUFFICIENT_SINGLE_INSTANCE_OBJECTS,
realsense/lg/2014_10_28-14_57_26-1311000073,left_right,INSUFFICIENT_SINGLE_INSTANCE_OBJECTS,
realsense/lg/2014_10_28-15_11_12-1311000073,left_right,NO_PAIR_CLEARS_GATES,
realsense/lg/2014_10_28-15_13_12-1311000073,left_right,INSUFFICIENT_SINGLE_INSTANCE_OBJECTS,
realsense/lg/2014_10_28-15_29_57-1311000073,left_right,INSUFFICIENT_SINGLE_INSTANCE_OBJECTS,
realsense/lg/2014_10_28-15_30_11-1311000073,left_right,INSUFFICIENT_SINGLE_INSTANCE_OBJECTS,
realsense/lg/2014_10_28-15_30_40-1311000073,left_right,INSUFFICIENT_SINGLE_INSTANCE_OBJECTS,
realsense/lg/2014_10_28-15_32_28-1311000073,left_right,INSUFFICIENT_SINGLE_INSTANCE_OBJECTS,
realsense/lg/2014_10_28-15_32_44-1311000073,left_right,INSUFFICIENT_SINGLE_INSTANCE_OBJECTS,
realsense/lg/2014_10_28-15_32_57-1311000073,left_right,INSUFFICIENT_SINGLE_INSTANCE_OBJECTS,
realsense/lg/2014_10_28-15_33_13-1311000073,left_right,INSUFFICIENT_SINGLE_INSTANCE_OBJECTS,
realsense/lg/2014_10_28-15_33_26-1311000073,left_right,INSUFFICIENT_SINGLE_INSTANCE_OBJECTS,
realsense/lg/2014_10_28-15_38_42-1311000073,left_right,INSUFFICIENT_SINGLE_INSTANCE_OBJECTS,
realsense/lg/2014_10_28-15_38_56-1311000073,left_right,INSUFFICIENT_SINGLE_INSTANCE_OBJECTS,
realsense/lg/2014_10_28-15_39_48-1311000073,left_right,INSUFFICIENT_SINGLE_INSTANCE_OBJECTS,
realsense/lg/2014_10_28-15_41_27-1311000073,left_right,INSUFFICIENT_SINGLE_INSTANCE_OBJECTS,
realsense/lg/2014_10_28-15_43_44-1311000073,left_right,INSUFFICIENT_SINGLE_INSTANCE_OBJECTS,
realsense/lg/2014_10_28-15_45_09-1311000073,left_right,INSUFFICIENT_SINGLE_INSTANCE_OBJECTS,
realsense/lg/2014_10_28-15_45_50-1311000073,left_right,NO_PAIR_CLEARS_GATES,
realsense/lg/2014_10_28-15_46_19-1311000073,left_right,NO_PAIR_CLEARS_GATES,
realsense/lg/2014_10_28-15_46_59-1311000073,left_right,NO_PAIR_CLEARS_GATES,
realsense/lg/2014_10_28-15_50_05-1311000073,left_right,INSUFFICIENT_SINGLE_INSTANCE_OBJECTS,
realsense/lg/2014_10_29-16_01_31-1311000073,left_right,INSUFFICIENT_SINGLE_INSTANCE_OBJECTS,
realsense/lg/2014_10_29-16_04_19-1311000073,left_right,INSUFFICIENT_SINGLE_INSTANCE_OBJECTS,
realsense/lg/2014_10_29-16_14_51-1311000073,left_right,INSUFFICIENT_SINGLE_INSTANCE_OBJECTS,
realsense/lg/2014_10_29-16_15_09-1311000073,left_right,INSUFFICIENT_SINGLE_INSTANCE_OBJECTS,
realsense/lg/2014_10_29-16_15_39-1311000073,left_right,INSUFFICIENT_SINGLE_INSTANCE_OBJECTS,
realsense/lg/2014_10_29-16_16_20-1311000073,left_right,INSUFFICIENT_SINGLE_INSTANCE_OBJECTS,
realsense/lg/2014_10_29-16_17_01-1311000073,left_right,INSUFFICIENT_SINGLE_INSTANCE_OBJECTS,
realsense/lg/2014_10_29-16_17_58-1311000073,left_right,INSUFFICIENT_SINGLE_INSTANCE_OBJECTS,
realsense/lg/2014_10_29-16_18_13-1311000073,left_right,INSUFFICIENT_SINGLE_INSTANCE_OBJECTS,
realsense/lg/2014_10_29-16_20_00-1311000073,left_right,NO_PAIR_CLEARS_GATES,
realsense/lg/2014_10_29-16_23_32-1311000073,left_right,NO_PAIR_CLEARS_GATES,
realsense/lg/2014_10_29-16_24_14-1311000073,left_right,INSUFFICIENT_SINGLE_INSTANCE_OBJECTS,
realsense/lg/2014_10_29-16_24_47-1311000073,left_right,INSUFFICIENT_SINGLE_INSTANCE_OBJECTS,
realsense/lg/2014_10_29-16_25_03-1311000073,left_right,INSUFFICIENT_SINGLE_INSTANCE_OBJECTS,
realsense/lg/2014_10_29-16_25_24-1311000073,left_right,NO_PAIR_CLEARS_GATES,
realsense/lg/2014_10_29-16_25_44-1311000073,left_right,INSUFFICIENT_SINGLE_INSTANCE_OBJECTS,
realsense/lg/2014_10_29-16_28_18-1311000073,left_right,INSUFFICIENT_SINGLE_INSTANCE_OBJECTS,
realsense/lg/2014_10_29-16_28_58-1311000073,left_right,INSUFFICIENT_SINGLE_INSTANCE_OBJECTS,
realsense/lg/2014_10_29-16_29_12-1311000073,left_right,INSUFFICIENT_SINGLE_INSTANCE_OBJECTS,
realsense/lg/2014_10_29-16_29_27-1311000073,left_right,NO_PAIR_CLEARS_GATES,
realsense/lg/2014_10_29-16_29_43-1311000073,left_right,INSUFFICIENT_SINGLE_INSTANCE_OBJECTS,
realsense/lg/2014_10_29-16_29_59-1311000073,left_right,INSUFFICIENT_SINGLE_INSTANCE_OBJECTS,
realsense/lg/2014_10_29-16_30_51-1311000073,left_right,INSUFFICIENT_SINGLE_INSTANCE_OBJECTS,
realsense/lg/2014_10_29-16_31_53-1311000073,left_right,INSUFFICIENT_SINGLE_INSTANCE_OBJECTS,
realsense/lg/2014_10_29-16_32_42-1311000073,left_right,INSUFFICIENT_SINGLE_INSTANCE_OBJECTS,
realsense/lg/2014_10_29-16_49_15-1311000073,left_right,INSUFFICIENT_SINGLE_INSTANCE_OBJECTS,
realsense/lg/2014_10_29-16_49_30-1311000073,left_right,INSUFFICIENT_SINGLE_INSTANCE_OBJECTS,
realsense/lg/2014_10_29-16_49_57-1311000073,left_right,NO_PAIR_CLEARS_GATES,
realsense/lg/2014_10_29-16_53_39-1311000073,left_right,INSUFFICIENT_SINGLE_INSTANCE_OBJECTS,
realsense/lg/2014_10_29-16_53_55-1311000073,left_right,INSUFFICIENT_SINGLE_INSTANCE_OBJECTS,
realsense/lg/2014_10_29-16_54_52-1311000073,left_right,INSUFFICIENT_SINGLE_INSTANCE_OBJECTS,
realsense/lg/2014_10_30-15_01_53-1311000073,left_right,NO_PAIR_CLEARS_GATES,
realsense/lg/2014_10_30-15_02_08-1311000073,left_right,INSUFFICIENT_SINGLE_INSTANCE_OBJECTS,
realsense/lg/2014_10_30-15_02_22-1311000073,left_right,INSUFFICIENT_SINGLE_INSTANCE_OBJECTS,
realsense/lg/2014_10_30-15_05_04-1311000073,left_right,INSUFFICIENT_SINGLE_INSTANCE_OBJECTS,
realsense/lg/2014_10_30-15_05_37-1311000073,left_right,INSUFFICIENT_SINGLE_INSTANCE_OBJECTS,
realsense/lg/2014_10_30-15_05_54-1311000073,left_right,INSUFFICIENT_SINGLE_INSTANCE_OBJECTS,
realsense/lg/2014_10_30-15_10_08-1311000073,left_right,INSUFFICIENT_SINGLE_INSTANCE_OBJECTS,
realsense/lg/2014_10_30-15_27_59-1311000073,left_right,INSUFFICIENT_SINGLE_INSTANCE_OBJECTS,
realsense/lg/2014_10_30-15_28_25-1311000073,left_right,INSUFFICIENT_SINGLE_INSTANCE_OBJECTS,
realsense/lg/2014_10_30-15_29_32-1311000073,left_right,INSUFFICIENT_SINGLE_INSTANCE_OBJECTS,
realsense/lg/2014_10_30-15_29_47-1311000073,left_right,INSUFFICIENT_SINGLE_INSTANCE_OBJECTS,
realsense/lg/2014_10_30-15_30_03-1311000073,left_right,INSUFFICIENT_SINGLE_INSTANCE_OBJECTS,
realsense/lg/2014_10_30-15_31_03-1311000073,left_right,INSUFFICIENT_SINGLE_INSTANCE_OBJECTS,
realsense/lg/2014_10_30-15_31_46-1311000073,left_right,INSUFFICIENT_SINGLE_INSTANCE_OBJECTS,
realsense/lg/2014_10_30-15_37_37-1311000073,left_right,INSUFFICIENT_SINGLE_INSTANCE_OBJECTS,
realsense/lg/2014_10_30-15_37_51-1311000073,left_right,INSUFFICIENT_SINGLE_INSTANCE_OBJECTS,
realsense/lg/2014_10_30-15_38_41-1311000073,left_right,INSUFFICIENT_SINGLE_INSTANCE_OBJECTS,
realsense/lg/2014_10_30-15_39_28-1311000073,left_right,INSUFFICIENT_SINGLE_INSTANCE_OBJECTS,
realsense/lg/2014_10_30-15_39_41-1311000073,left_right,NO_PAIR_CLEARS_GATES,
realsense/lg/2014_10_30-15_39_55-1311000073,left_right,NO_PAIR_CLEARS_GATES,
realsense/lg/2014_10_30-15_40_42-1311000073,left_right,INSUFFICIENT_SINGLE_INSTANCE_OBJECTS,
realsense/lg/2014_10_30-15_41_27-1311000073,left_right,NO_PAIR_CLEARS_GATES,
realsense/lg/2014_10_30-15_42_28-1311000073,left_right,INSUFFICIENT_SINGLE_INSTANCE_OBJECTS,
realsense/lg/2014_10_30-15_43_23-1311000073,left_right,INSUFFICIENT_SINGLE_INSTANCE_OBJECTS,
realsense/lg/2014_10_30-15_44_22-1311000073,left_right,INSUFFICIENT_SINGLE_INSTANCE_OBJECTS,
realsense/lg/2014_10_30-15_45_34-1311000073,left_right,INSUFFICIENT_SINGLE_INSTANCE_OBJECTS,
realsense/lg/2014_10_30-15_46_23-1311000073,left_right,INSUFFICIENT_SINGLE_INSTANCE_OBJECTS,
realsense/lg/2014_10_30-15_46_35-1311000073,left_right,INSUFFICIENT_SINGLE_INSTANCE_OBJECTS,
realsense/lg/2014_10_30-15_46_48-1311000073,left_right,INSUFFICIENT_SINGLE_INSTANCE_OBJECTS,
realsense/lg/2014_10_30-15_47_15-1311000073,left_right,INSUFFICIENT_SINGLE_INSTANCE_OBJECTS,
realsense/lg/2014_10_30-16_03_38-1311000073,left_right,INSUFFICIENT_SINGLE_INSTANCE_OBJECTS,
realsense/lg/2014_10_30-16_03_54-1311000073,left_right,INSUFFICIENT_SINGLE_INSTANCE_OBJECTS,
realsense/lg/2014_10_30-16_06_13-1311000073,left_right,NO_PAIR_CLEARS_GATES,
realsense/lg/2014_10_30-16_09_04-1311000073,left_right,INSUFFICIENT_SINGLE_INSTANCE_OBJECTS,
realsense/lg/2014_10_30-16_12_13-1311000073,left_right,INSUFFICIENT_SINGLE_INSTANCE_OBJECTS,
realsense/lg/2014_10_30-16_12_28-1311000073,left_right,INSUFFICIENT_SINGLE_INSTANCE_OBJECTS,
realsense/lg/2014_10_30-16_13_00-1311000073,left_right,INSUFFICIENT_SINGLE_INSTANCE_OBJECTS,
realsense/lg/2014_10_30-16_13_27-1311000073,left_right,INSUFFICIENT_SINGLE_INSTANCE_OBJECTS,
realsense/lg/2014_10_30-16_14_56-1311000073,left_right,INSUFFICIENT_SINGLE_INSTANCE_OBJECTS,
realsense/lg/2014_10_30-16_15_21-1311000073,left_right,INSUFFICIENT_SINGLE_INSTANCE_OBJECTS,
realsense/lg/2014_10_30-16_16_10-1311000073,left_right,INSUFFICIENT_SINGLE_INSTANCE_OBJECTS,
realsense/lg/2014_10_30-16_18_29-1311000073,left_right,INSUFFICIENT_SINGLE_INSTANCE_OBJECTS,
realsense/lg/2014_10_30-16_19_24-1311000073,left_right,INSUFFICIENT_SINGLE_INSTANCE_OBJECTS,
realsense/sa/2014_10_21-15_21_45-1311000073,left_right,NO_PAIR_CLEARS_GATES,
realsense/sa/2014_10_21-16_08_29-1311000073,left_right,INSUFFICIENT_SINGLE_INSTANCE_OBJECTS,
realsense/sa/2014_10_21-18_12_25-1311000073,left_right,INSUFFICIENT_SINGLE_INSTANCE_OBJECTS,
realsense/sa/2014_10_21-18_12_54-1311000073,left_right,INSUFFICIENT_SINGLE_INSTANCE_OBJECTS,
realsense/sa/2014_10_21-18_13_09-1311000073,left_right,INSUFFICIENT_SINGLE_INSTANCE_OBJECTS,
realsense/sa/2014_10_21-18_13_26-1311000073,left_right,INSUFFICIENT_SINGLE_INSTANCE_OBJECTS,
realsense/sa/2014_10_21-18_14_23-1311000073,left_right,INSUFFICIENT_SINGLE_INSTANCE_OBJECTS,
realsense/sa/2014_10_21-18_14_43-1311000073,left_right,NO_PAIR_CLEARS_GATES,
realsense/sa/2014_10_21-18_15_53-1311000073,left_right,NO_PAIR_CLEARS_GATES,
realsense/sa/2014_10_21-18_16_15-1311000073,left_right,INSUFFICIENT_SINGLE_INSTANCE_OBJECTS,
realsense/sa/2014_10_21-18_17_28-1311000073,left_right,INSUFFICIENT_SINGLE_INSTANCE_OBJECTS,
realsense/sa/2014_10_21-18_17_47-1311000073,left_right,INSUFFICIENT_SINGLE_INSTANCE_OBJECTS,
realsense/sa/2014_10_21-18_18_04-1311000073,left_right,INSUFFICIENT_SINGLE_INSTANCE_OBJECTS,
realsense/sa/2014_10_21-18_18_35-1311000073,left_right,NO_PAIR_CLEARS_GATES,
realsense/sa/2014_10_21-18_18_54-1311000073,left_right,INSUFFICIENT_SINGLE_INSTANCE_OBJECTS,
realsense/sa/2014_10_21-18_19_07-1311000073,left_right,INSUFFICIENT_SINGLE_INSTANCE_OBJECTS,
realsense/sa/2014_10_21-18_19_30-1311000073,left_right,INSUFFICIENT_SINGLE_INSTANCE_OBJECTS,
realsense/sa/2014_10_21-18_19_56-1311000073,left_right,INSUFFICIENT_SINGLE_INSTANCE_OBJECTS,
realsense/sa/2014_10_21-18_21_20-1311000073,left_right,INSUFFICIENT_SINGLE_INSTANCE_OBJECTS,
realsense/sa/2014_10_21-18_21_34-1311000073,left_right,INSUFFICIENT_SINGLE_INSTANCE_OBJECTS,
realsense/sa/2014_10_21-18_21_53-1311000073,left_right,NO_PAIR_CLEARS_GATES,
realsense/sa/2014_10_21-18_22_08-1311000073,left_right,INSUFFICIENT_SINGLE_INSTANCE_OBJECTS,
realsense/sa/2014_10_21-18_22_23-1311000073,left_right,INSUFFICIENT_SINGLE_INSTANCE_OBJECTS,
realsense/sa/2014_10_21-18_22_41-1311000073,left_right,INSUFFICIENT_SINGLE_INSTANCE_OBJECTS,
realsense/sa/2014_10_21-18_23_20-1311000073,left_right,INSUFFICIENT_SINGLE_INSTANCE_OBJECTS,
realsense/sa/2014_10_21-18_23_37-1311000073,left_right,INSUFFICIENT_SINGLE_INSTANCE_OBJECTS,
realsense/sa/2014_10_21-18_23_58-1311000073,left_right,INSUFFICIENT_SINGLE_INSTANCE_OBJECTS,
realsense/sa/2014_10_21-18_24_17-1311000073,left_right,INSUFFICIENT_SINGLE_INSTANCE_OBJECTS,
realsense/sa/2014_10_21-18_24_35-1311000073,left_right,NO_PAIR_CLEARS_GATES,
realsense/sa/2014_10_21-18_25_07-1311000073,left_right,INSUFFICIENT_SINGLE_INSTANCE_OBJECTS,
realsense/sa/2014_10_21-18_25_55-1311000073,left_right,INSUFFICIENT_SINGLE_INSTANCE_OBJECTS,
realsense/sa/2014_10_21-18_26_12-1311000073,left_right,INSUFFICIENT_SINGLE_INSTANCE_OBJECTS,
realsense/sa/2014_10_21-18_26_35-1311000073,left_right,INSUFFICIENT_SINGLE_INSTANCE_OBJECTS,
realsense/sa/2014_10_21-18_27_39-1311000073,left_right,INSUFFICIENT_SINGLE_INSTANCE_OBJECTS,
realsense/sa/2014_10_21-18_29_06-1311000073,left_right,INSUFFICIENT_SINGLE_INSTANCE_OBJECTS,
realsense/sa/2014_10_21-18_29_19-1311000073,left_right,INSUFFICIENT_SINGLE_INSTANCE_OBJECTS,
realsense/sa/2014_10_21-18_29_37-1311000073,left_right,NO_PAIR_CLEARS_GATES,
realsense/sa/2014_10_21-18_30_40-1311000073,left_right,INSUFFICIENT_SINGLE_INSTANCE_OBJECTS,
realsense/sa/2014_10_21-18_33_36-1311000073,left_right,INSUFFICIENT_SINGLE_INSTANCE_OBJECTS,
realsense/sa/2014_10_21-18_33_52-1311000073,left_right,INSUFFICIENT_SINGLE_INSTANCE_OBJECTS,
realsense/sa/2014_10_21-18_34_25-1311000073,left_right,INSUFFICIENT_SINGLE_INSTANCE_OBJECTS,
realsense/sa/2014_10_21-18_39_12-1311000073,left_right,NO_PAIR_CLEARS_GATES,
realsense/sa/2014_10_21-18_39_30-1311000073,left_right,INSUFFICIENT_SINGLE_INSTANCE_OBJECTS,
realsense/sa/2014_10_21-18_40_00-1311000073,left_right,INSUFFICIENT_SINGLE_INSTANCE_OBJECTS,
realsense/sa/2014_10_21-18_41_13-1311000073,left_right,INSUFFICIENT_SINGLE_INSTANCE_OBJECTS,
realsense/sa/2014_10_21-18_41_47-1311000073,left_right,INSUFFICIENT_SINGLE_INSTANCE_OBJECTS,
realsense/sa/2014_10_21-18_42_26-1311000073,left_right,INSUFFICIENT_SINGLE_INSTANCE_OBJECTS,
realsense/sa/2014_10_21-18_43_05-1311000073,left_right,INSUFFICIENT_SINGLE_INSTANCE_OBJECTS,
realsense/sa/2014_10_21-18_44_04-1311000073,left_right,NO_PAIR_CLEARS_GATES,
realsense/sa/2014_10_21-18_44_42-1311000073,left_right,INSUFFICIENT_SINGLE_INSTANCE_OBJECTS,
realsense/sa/2014_10_21-18_44_58-1311000073,left_right,INSUFFICIENT_SINGLE_INSTANCE_OBJECTS,
realsense/sa/2014_10_21-18_45_27-1311000073,left_right,INSUFFICIENT_SINGLE_INSTANCE_OBJECTS,
realsense/sa/2014_10_21-18_45_47-1311000073,left_right,INSUFFICIENT_SINGLE_INSTANCE_OBJECTS,
realsense/sa/2014_10_21-18_47_06-1311000073,left_right,NO_PAIR_CLEARS_GATES,
realsense/sa/2014_10_21-18_47_21-1311000073,left_right,NO_PAIR_CLEARS_GATES,
realsense/sa/2014_10_21-18_47_55-1311000073,left_right,INSUFFICIENT_SINGLE_INSTANCE_OBJECTS,
realsense/sa/2014_10_21-18_49_52-1311000073,left_right,INSUFFICIENT_SINGLE_INSTANCE_OBJECTS,
realsense/sa/2014_10_21-18_53_16-1311000073,left_right,INSUFFICIENT_SINGLE_INSTANCE_OBJECTS,
realsense/sa/2014_10_21-18_53_33-1311000073,left_right,INSUFFICIENT_SINGLE_INSTANCE_OBJECTS,
realsense/sa/2014_10_21-19_01_35-1311000073,left_right,INSUFFICIENT_SINGLE_INSTANCE_OBJECTS,
realsense/sa/2014_10_21-19_02_41-1311000073,left_right,INSUFFICIENT_SINGLE_INSTANCE_OBJECTS,
realsense/sa/2014_10_21-19_03_00-1311000073,left_right,INSUFFICIENT_SINGLE_INSTANCE_OBJECTS,
realsense/sa/2014_10_21-19_03_13-1311000073,left_right,INSUFFICIENT_SINGLE_INSTANCE_OBJECTS,
realsense/sa/2014_10_21-19_03_28-1311000073,left_right,INSUFFICIENT_SINGLE_INSTANCE_OBJECTS,
realsense/sa/2014_10_21-19_04_27-1311000073,left_right,INSUFFICIENT_SINGLE_INSTANCE_OBJECTS,
realsense/sa/2014_10_21-19_04_44-1311000073,left_right,INSUFFICIENT_SINGLE_INSTANCE_OBJECTS,
realsense/sa/2014_10_21-19_05_05-1311000073,left_right,INSUFFICIENT_SINGLE_INSTANCE_OBJECTS,
realsense/sa/2014_10_21-19_05_23-1311000073,left_right,INSUFFICIENT_SINGLE_INSTANCE_OBJECTS,
realsense/sa/2014_10_21-19_05_38-1311000073,left_right,INSUFFICIENT_SINGLE_INSTANCE_OBJECTS,
realsense/sa/2014_10_21-19_05_53-1311000073,left_right,INSUFFICIENT_SINGLE_INSTANCE_OBJECTS,
realsense/sa/2014_10_21-19_06_09-1311000073,left_right,INSUFFICIENT_SINGLE_INSTANCE_OBJECTS,
realsense/sa/2014_10_21-19_06_23-1311000073,left_right,INSUFFICIENT_SINGLE_INSTANCE_OBJECTS,
realsense/sa/2014_10_21-19_06_40-1311000073,left_right,INSUFFICIENT_SINGLE_INSTANCE_OBJECTS,
realsense/sa/2014_10_21-19_07_03-1311000073,left_right,NO_PAIR_CLEARS_GATES,
realsense/sa/2014_10_21-19_07_19-1311000073,left_right,NO_PAIR_CLEARS_GATES,
realsense/sa/2014_10_21-19_08_10-1311000073,left_right,INSUFFICIENT_SINGLE_INSTANCE_OBJECTS,
realsense/sa/2014_10_21-19_08_26-1311000073,left_right,INSUFFICIENT_SINGLE_INSTANCE_OBJECTS,
realsense/sa/2014_10_22-15_21_30-1311000073,left_right,INSUFFICIENT_SINGLE_INSTANCE_OBJECTS,
realsense/sa/2014_10_22-15_21_44-1311000073,left_right,INSUFFICIENT_SINGLE_INSTANCE_OBJECTS,
realsense/sa/2014_10_22-15_21_58-1311000073,left_right,INSUFFICIENT_SINGLE_INSTANCE_OBJECTS,
realsense/sa/2014_10_22-15_22_47-1311000073,left_right,INSUFFICIENT_SINGLE_INSTANCE_OBJECTS,
realsense/sa/2014_10_22-15_24_14-1311000073,left_right,INSUFFICIENT_SINGLE_INSTANCE_OBJECTS,
realsense/sa/2014_10_22-15_24_35-1311000073,left_right,INSUFFICIENT_SINGLE_INSTANCE_OBJECTS,
realsense/sa/2014_10_22-15_25_18-1311000073,left_right,INSUFFICIENT_SINGLE_INSTANCE_OBJECTS,
realsense/sa/2014_10_22-15_26_53-1311000073,left_right,INSUFFICIENT_SINGLE_INSTANCE_OBJECTS,
realsense/sa/2014_10_22-16_00_11-1311000073,left_right,INSUFFICIENT_SINGLE_INSTANCE_OBJECTS,
realsense/sa/2014_10_22-16_00_30-1311000073,left_right,NO_PAIR_CLEARS_GATES,
realsense/sa/2014_10_22-16_01_27-1311000073,left_right,INSUFFICIENT_SINGLE_INSTANCE_OBJECTS,
realsense/sa/2014_10_22-16_01_41-1311000073,left_right,INSUFFICIENT_SINGLE_INSTANCE_OBJECTS,
realsense/sa/2014_10_22-16_01_53-1311000073,left_right,INSUFFICIENT_SINGLE_INSTANCE_OBJECTS,
realsense/sa/2014_10_22-16_02_12-1311000073,left_right,INSUFFICIENT_SINGLE_INSTANCE_OBJECTS,
realsense/sa/2014_10_22-16_03_45-1311000073,left_right,INSUFFICIENT_SINGLE_INSTANCE_OBJECTS,
realsense/sa/2014_10_22-16_04_20-1311000073,left_right,INSUFFICIENT_SINGLE_INSTANCE_OBJECTS,
realsense/sa/2014_10_22-16_05_13-1311000073,left_right,INSUFFICIENT_SINGLE_INSTANCE_OBJECTS,
realsense/sa/2014_10_22-16_05_25-1311000073,left_right,INSUFFICIENT_SINGLE_INSTANCE_OBJECTS,
realsense/sa/2014_10_22-16_05_41-1311000073,left_right,INSUFFICIENT_SINGLE_INSTANCE_OBJECTS,
realsense/sa/2014_10_22-16_05_53-1311000073,left_right,INSUFFICIENT_SINGLE_INSTANCE_OBJECTS,
realsense/sa/2014_10_22-16_06_21-1311000073,left_right,INSUFFICIENT_SINGLE_INSTANCE_OBJECTS,
realsense/sa/2014_10_22-16_07_53-1311000073,left_right,INSUFFICIENT_SINGLE_INSTANCE_OBJECTS,
realsense/sa/2014_10_22-16_08_30-1311000073,left_right,INSUFFICIENT_SINGLE_INSTANCE_OBJECTS,
realsense/sa/2014_10_22-16_09_06-1311000073,left_right,NO_PAIR_CLEARS_GATES,
realsense/sa/2014_10_22-16_09_19-1311000073,left_right,NO_PAIR_CLEARS_GATES,
realsense/sa/2014_10_22-16_10_44-1311000073,left_right,INSUFFICIENT_SINGLE_INSTANCE_OBJECTS,
realsense/sa/2014_10_22-16_11_53-1311000073,left_right,INSUFFICIENT_SINGLE_INSTANCE_OBJECTS,
realsense/sa/2014_10_22-16_12_07-1311000073,left_right,INSUFFICIENT_SINGLE_INSTANCE_OBJECTS,
realsense/sa/2014_10_22-16_12_24-1311000073,left_right,INSUFFICIENT_SINGLE_INSTANCE_OBJECTS,
realsense/sa/2014_10_22-16_12_42-1311000073,left_right,INSUFFICIENT_SINGLE_INSTANCE_OBJECTS,
realsense/sa/2014_10_22-16_13_00-1311000073,left_right,INSUFFICIENT_SINGLE_INSTANCE_OBJECTS,
realsense/sa/2014_10_22-16_14_16-1311000073,left_right,INSUFFICIENT_SINGLE_INSTANCE_OBJECTS,
realsense/sa/2014_10_22-16_14_42-1311000073,left_right,INSUFFICIENT_SINGLE_INSTANCE_OBJECTS,
realsense/sa/2014_10_22-16_15_36-1311000073,left_right,INSUFFICIENT_SINGLE_INSTANCE_OBJECTS,
realsense/sa/2014_10_22-16_16_42-1311000073,left_right,NO_PAIR_CLEARS_GATES,
realsense/sa/2014_10_22-16_16_56-1311000073,left_right,INSUFFICIENT_SINGLE_INSTANCE_OBJECTS,
realsense/sa/2014_10_22-16_17_11-1311000073,left_right,NO_PAIR_CLEARS_GATES,
realsense/sa/2014_10_22-16_18_27-1311000073,left_right,INSUFFICIENT_SINGLE_INSTANCE_OBJECTS,
realsense/sa/2014_10_22-16_18_40-1311000073,left_right,INSUFFICIENT_SINGLE_INSTANCE_OBJECTS,
realsense/sa/2014_10_22-18_35_58-1311000073,left_right,INSUFFICIENT_SINGLE_INSTANCE_OBJECTS,
realsense/sa/2014_10_22-18_40_01-1311000073,left_right,NO_PAIR_CLEARS_GATES,
realsense/sa/2014_10_22-18_41_17-1311000073,left_right,INSUFFICIENT_SINGLE_INSTANCE_OBJECTS,
realsense/sa/2014_10_22-18_42_46-1311000073,left_right,INSUFFICIENT_SINGLE_INSTANCE_OBJECTS,
realsense/sa/2014_10_22-18_44_06-1311000073,left_right,INSUFFICIENT_SINGLE_INSTANCE_OBJECTS,
realsense/sa/2014_10_22-18_45_01-1311000073,left_right,NO_PAIR_CLEARS_GATES,
realsense/sa/2014_10_22-18_46_10-1311000073,left_right,INSUFFICIENT_SINGLE_INSTANCE_OBJECTS,
realsense/sa/2014_10_22-18_46_21-1311000073,left_right,INSUFFICIENT_SINGLE_INSTANCE_OBJECTS,
realsense/sa/2014_10_22-18_46_33-1311000073,left_right,INSUFFICIENT_SINGLE_INSTANCE_OBJECTS,
realsense/sa/2014_10_22-18_46_52-1311000073,left_right,INSUFFICIENT_SINGLE_INSTANCE_OBJECTS,
realsense/sa/2014_10_22-18_47_26-1311000073,left_right,INSUFFICIENT_SINGLE_INSTANCE_OBJECTS,
realsense/sa/2014_10_22-18_47_57-1311000073,left_right,INSUFFICIENT_SINGLE_INSTANCE_OBJECTS,
realsense/sa/2014_10_23-15_02_36-1311000073,left_right,INSUFFICIENT_SINGLE_INSTANCE_OBJECTS,
realsense/sa/2014_10_23-15_02_52-1311000073,left_right,INSUFFICIENT_SINGLE_INSTANCE_OBJECTS,
realsense/sa/2014_10_23-15_03_11-1311000073,left_right,INSUFFICIENT_SINGLE_INSTANCE_OBJECTS,
realsense/sa/2014_10_23-15_03_34-1311000073,left_right,INSUFFICIENT_SINGLE_INSTANCE_OBJECTS,
realsense/sa/2014_10_23-15_03_54-1311000073,left_right,INSUFFICIENT_SINGLE_INSTANCE_OBJECTS,
realsense/sa/2014_10_23-15_04_29-1311000073,left_right,INSUFFICIENT_SINGLE_INSTANCE_OBJECTS,
realsense/sa/2014_10_23-15_06_47-1311000073,left_right,INSUFFICIENT_SINGLE_INSTANCE_OBJECTS,
realsense/sa/2014_10_23-15_07_03-1311000073,left_right,INSUFFICIENT_SINGLE_INSTANCE_OBJECTS,
realsense/sa/2014_10_23-15_07_14-1311000073,left_right,INSUFFICIENT_SINGLE_INSTANCE_OBJECTS,
realsense/sa/2014_10_23-15_07_30-1311000073,left_right,INSUFFICIENT_SINGLE_INSTANCE_OBJECTS,
realsense/sa/2014_10_23-15_07_45-1311000073,left_right,INSUFFICIENT_SINGLE_INSTANCE_OBJECTS,
realsense/sa/2014_10_23-15_08_24-1311000073,left_right,INSUFFICIENT_SINGLE_INSTANCE_OBJECTS,
realsense/sa/2014_10_23-15_09_06-1311000073,left_right,INSUFFICIENT_SINGLE_INSTANCE_OBJECTS,
realsense/sa/2014_10_23-15_13_54-1311000073,left_right,NO_PAIR_CLEARS_GATES,
realsense/sa/2014_10_23-15_16_12-1311000073,left_right,INSUFFICIENT_SINGLE_INSTANCE_OBJECTS,
realsense/sa/2014_10_23-15_17_14-1311000073,left_right,INSUFFICIENT_SINGLE_INSTANCE_OBJECTS,
realsense/sa/2014_10_23-15_17_55-1311000073,left_right,INSUFFICIENT_SINGLE_INSTANCE_OBJECTS,
realsense/sa/2014_10_23-15_18_17-1311000073,left_right,INSUFFICIENT_SINGLE_INSTANCE_OBJECTS,
realsense/sa/2014_10_23-15_18_30-1311000073,left_right,INSUFFICIENT_SINGLE_INSTANCE_OBJECTS,
realsense/sa/2014_10_23-15_18_46-1311000073,left_right,INSUFFICIENT_SINGLE_INSTANCE_OBJECTS,
realsense/sa/2014_10_23-15_19_05-1311000073,left_right,INSUFFICIENT_SINGLE_INSTANCE_OBJECTS,
realsense/sa/2014_10_23-15_19_40-1311000073,left_right,INSUFFICIENT_SINGLE_INSTANCE_OBJECTS,
realsense/sa/2014_10_23-15_20_29-1311000073,left_right,NO_PAIR_CLEARS_GATES,
realsense/sa/2014_10_23-15_21_03-1311000073,left_right,INSUFFICIENT_SINGLE_INSTANCE_OBJECTS,
realsense/sa/2014_10_23-15_21_44-1311000073,left_right,INSUFFICIENT_SINGLE_INSTANCE_OBJECTS,
realsense/sa/2014_10_23-15_24_04-1311000073,left_right,INSUFFICIENT_SINGLE_INSTANCE_OBJECTS,
realsense/sa/2014_10_23-15_24_18-1311000073,left_right,INSUFFICIENT_SINGLE_INSTANCE_OBJECTS,
realsense/sa/2014_10_23-15_25_42-1311000073,left_right,INSUFFICIENT_SINGLE_INSTANCE_OBJECTS,
realsense/sa/2014_10_23-15_26_14-1311000073,left_right,INSUFFICIENT_SINGLE_INSTANCE_OBJECTS,
realsense/sa/2014_10_23-15_26_44-1311000073,left_right,INSUFFICIENT_SINGLE_INSTANCE_OBJECTS,
realsense/sa/2014_10_23-15_27_06-1311000073,left_right,INSUFFICIENT_SINGLE_INSTANCE_OBJECTS,
realsense/sa/2014_10_23-15_27_20-1311000073,left_right,INSUFFICIENT_SINGLE_INSTANCE_OBJECTS,
realsense/sa/2014_10_23-15_27_40-1311000073,left_right,INSUFFICIENT_SINGLE_INSTANCE_OBJECTS,
realsense/sa/2014_10_23-15_28_08-1311000073,left_right,INSUFFICIENT_SINGLE_INSTANCE_OBJECTS,
realsense/sa/2014_10_23-15_29_54-1311000073,left_right,INSUFFICIENT_SINGLE_INSTANCE_OBJECTS,
realsense/sa/2014_10_23-15_30_21-1311000073,left_right,NO_PAIR_CLEARS_GATES,
realsense/sa/2014_10_23-15_30_48-1311000073,left_right,INSUFFICIENT_SINGLE_INSTANCE_OBJECTS,
realsense/sa/2014_10_23-15_31_06-1311000073,left_right,INSUFFICIENT_SINGLE_INSTANCE_OBJECTS,
realsense/sa/2014_10_23-15_32_39-1311000073,left_right,INSUFFICIENT_SINGLE_INSTANCE_OBJECTS,
realsense/sa/2014_10_23-15_33_06-1311000073,left_right,INSUFFICIENT_SINGLE_INSTANCE_OBJECTS,
realsense/sa/2014_10_23-15_33_22-1311000073,left_right,INSUFFICIENT_SINGLE_INSTANCE_OBJECTS,
realsense/sa/2014_10_23-15_33_35-1311000073,left_right,INSUFFICIENT_SINGLE_INSTANCE_OBJECTS,
realsense/sa/2014_10_23-15_34_15-1311000073,left_right,INSUFFICIENT_SINGLE_INSTANCE_OBJECTS,
realsense/sa/2014_10_23-15_35_23-1311000073,left_right,INSUFFICIENT_SINGLE_INSTANCE_OBJECTS,
realsense/sa/2014_10_23-15_35_36-1311000073,left_right,INSUFFICIENT_SINGLE_INSTANCE_OBJECTS,
realsense/sa/2014_10_23-15_35_51-1311000073,left_right,INSUFFICIENT_SINGLE_INSTANCE_OBJECTS,
realsense/sa/2014_10_23-15_36_07-1311000073,left_right,INSUFFICIENT_SINGLE_INSTANCE_OBJECTS,
realsense/sa/2014_10_23-15_36_26-1311000073,left_right,INSUFFICIENT_SINGLE_INSTANCE_OBJECTS,
realsense/sa/2014_10_23-15_36_45-1311000073,left_right,INSUFFICIENT_SINGLE_INSTANCE_OBJECTS,
realsense/sa/2014_10_23-15_47_33-1311000073,left_right,INSUFFICIENT_SINGLE_INSTANCE_OBJECTS,
realsense/sa/2014_10_23-15_48_20-1311000073,left_right,INSUFFICIENT_SINGLE_INSTANCE_OBJECTS,
realsense/sa/2014_10_23-15_48_58-1311000073,left_right,NO_PAIR_CLEARS_GATES,
realsense/sa/2014_10_23-15_51_19-1311000073,left_right,INSUFFICIENT_SINGLE_INSTANCE_OBJECTS,
realsense/sa/2014_10_23-15_51_36-1311000073,left_right,INSUFFICIENT_SINGLE_INSTANCE_OBJECTS,
realsense/sa/2014_10_23-15_51_49-1311000073,left_right,INSUFFICIENT_SINGLE_INSTANCE_OBJECTS,
realsense/sa/2014_10_23-15_52_17-1311000073,left_right,NO_PAIR_CLEARS_GATES,
realsense/sa/2014_10_23-15_52_59-1311000073,left_right,NO_PAIR_CLEARS_GATES,
realsense/sa/2014_10_23-15_56_18-1311000073,left_right,NO_PAIR_CLEARS_GATES,
realsense/sa/2014_10_23-15_56_44-1311000073,left_right,NO_PAIR_CLEARS_GATES,
realsense/sa/2014_10_23-15_58_28-1311000073,left_right,INSUFFICIENT_SINGLE_INSTANCE_OBJECTS,
realsense/sa/2014_10_23-15_59_09-1311000073,left_right,INSUFFICIENT_SINGLE_INSTANCE_OBJECTS,
realsense/sa/2014_10_23-16_02_48-1311000073,left_right,INSUFFICIENT_SINGLE_INSTANCE_OBJECTS,
realsense/sa/2014_10_24-20_23_50-1311000073,left_right,INSUFFICIENT_SINGLE_INSTANCE_OBJECTS,
realsense/sa/2014_10_24-20_28_44-1311000073,left_right,INSUFFICIENT_SINGLE_INSTANCE_OBJECTS,
realsense/sa/2014_10_24-20_29_00-1311000073,left_right,INSUFFICIENT_SINGLE_INSTANCE_OBJECTS,
realsense/sa/2014_10_24-20_29_13-1311000073,left_right,INSUFFICIENT_SINGLE_INSTANCE_OBJECTS,
realsense/sa/2014_10_24-20_29_33-1311000073,left_right,INSUFFICIENT_SINGLE_INSTANCE_OBJECTS,
realsense/sa/2014_10_24-20_29_54-1311000073,left_right,INSUFFICIENT_SINGLE_INSTANCE_OBJECTS,
realsense/sa/2014_10_24-20_30_45-1311000073,left_right,INSUFFICIENT_SINGLE_INSTANCE_OBJECTS,
realsense/sa/2014_10_24-20_31_00-1311000073,left_right,INSUFFICIENT_SINGLE_INSTANCE_OBJECTS,
realsense/sa/2014_10_24-20_31_18-1311000073,left_right,NO_PAIR_CLEARS_GATES,
realsense/sa/2014_10_24-20_31_55-1311000073,left_right,INSUFFICIENT_SINGLE_INSTANCE_OBJECTS,
realsense/sa/2014_10_24-20_32_27-1311000073,left_right,INSUFFICIENT_SINGLE_INSTANCE_OBJECTS,
realsense/sa/2014_10_24-20_32_59-1311000073,left_right,INSUFFICIENT_SINGLE_INSTANCE_OBJECTS,
realsense/sa/2014_10_24-20_39_26-1311000073,left_right,INSUFFICIENT_SINGLE_INSTANCE_OBJECTS,
realsense/sa/2014_10_24-20_40_47-1311000073,left_right,INSUFFICIENT_SINGLE_INSTANCE_OBJECTS,
realsense/sa/2014_10_24-20_46_20-1311000073,left_right,INSUFFICIENT_SINGLE_INSTANCE_OBJECTS,
realsense/sa/2014_10_24-20_47_33-1311000073,left_right,NO_PAIR_CLEARS_GATES,
realsense/sa/2014_10_24-20_58_30-1311000073,left_right,INSUFFICIENT_SINGLE_INSTANCE_OBJECTS,
realsense/sa/2014_10_24-20_58_56-1311000073,left_right,INSUFFICIENT_SINGLE_INSTANCE_OBJECTS,
realsense/sa/2014_10_24-21_03_00-1311000073,left_right,INSUFFICIENT_SINGLE_INSTANCE_OBJECTS,
realsense/sa/2014_10_24-21_03_47-1311000073,left_right,INSUFFICIENT_SINGLE_INSTANCE_OBJECTS,
realsense/sa/2014_10_24-21_04_16-1311000073,left_right,INSUFFICIENT_SINGLE_INSTANCE_OBJECTS,
realsense/sa/2014_10_24-21_04_39-1311000073,left_right,INSUFFICIENT_SINGLE_INSTANCE_OBJECTS,
realsense/sa/2014_10_24-21_07_20-1311000073,left_right,NO_PAIR_CLEARS_GATES,
realsense/sa/2014_10_24-21_08_34-1311000073,left_right,INSUFFICIENT_SINGLE_INSTANCE_OBJECTS,
realsense/sa/2014_10_24-21_08_45-1311000073,left_right,INSUFFICIENT_SINGLE_INSTANCE_OBJECTS,
realsense/sa/2014_10_24-21_09_10-1311000073,left_right,NO_PAIR_CLEARS_GATES,
realsense/sa/2014_10_24-21_10_15-1311000073,left_right,INSUFFICIENT_SINGLE_INSTANCE_OBJECTS,
realsense/sa/2014_10_24-21_10_32-1311000073,left_right,INSUFFICIENT_SINGLE_INSTANCE_OBJECTS,
realsense/sa/2014_10_24-21_12_14-1311000073,left_right,INSUFFICIENT_SINGLE_INSTANCE_OBJECTS,
realsense/sa/2014_10_24-21_12_42-1311000073,left_right,INSUFFICIENT_SINGLE_INSTANCE_OBJECTS,
realsense/sa/2014_10_24-21_14_23-1311000073,left_right,INSUFFICIENT_SINGLE_INSTANCE_OBJECTS,
realsense/sa/2014_10_24-21_16_59-1311000073,left_right,INSUFFICIENT_SINGLE_INSTANCE_OBJECTS,
realsense/sa/2014_10_24-21_17_26-1311000073,left_right,INSUFFICIENT_SINGLE_INSTANCE_OBJECTS,
realsense/sa/2014_10_24-21_17_52-1311000073,left_right,NO_PAIR_CLEARS_GATES,
realsense/sa/2014_10_24-21_18_04-1311000073,left_right,NO_PAIR_CLEARS_GATES,
realsense/sa/2014_10_24-21_18_36-1311000073,left_right,INSUFFICIENT_SINGLE_INSTANCE_OBJECTS,
realsense/sa/2014_10_24-21_18_49-1311000073,left_right,INSUFFICIENT_SINGLE_INSTANCE_OBJECTS,
realsense/sa/2014_10_24-21_19_01-1311000073,left_right,NO_PAIR_CLEARS_GATES,
realsense/sa/2014_10_24-21_20_10-1311000073,left_right,NO_PAIR_CLEARS_GATES,
realsense/sa/2014_10_24-21_23_23-1311000073,left_right,INSUFFICIENT_SINGLE_INSTANCE_OBJECTS,
realsense/sa/2014_10_24-21_24_08-1311000073,left_right,INSUFFICIENT_SINGLE_INSTANCE_OBJECTS,
realsense/sa/2014_10_24-21_24_21-1311000073,left_right,INSUFFICIENT_SINGLE_INSTANCE_OBJECTS,
realsense/sa/2014_10_24-21_24_38-1311000073,left_right,INSUFFICIENT_SINGLE_INSTANCE_OBJECTS,
realsense/sa/2014_10_24-21_25_41-1311000073,left_right,INSUFFICIENT_SINGLE_INSTANCE_OBJECTS,
realsense/sa/2014_10_24-21_25_55-1311000073,left_right,INSUFFICIENT_SINGLE_INSTANCE_OBJECTS,
realsense/sh/2014_10_21-11_38_35-1311000041,left_right,INSUFFICIENT_SINGLE_INSTANCE_OBJECTS,
realsense/sh/2014_10_21-11_39_24-1311000041,left_right,INSUFFICIENT_SINGLE_INSTANCE_OBJECTS,
realsense/sh/2014_10_21-11_40_03-1311000041,left_right,INSUFFICIENT_SINGLE_INSTANCE_OBJECTS,
realsense/sh/2014_10_21-11_42_04-1311000041,left_right,INSUFFICIENT_SINGLE_INSTANCE_OBJECTS,
realsense/sh/2014_10_21-11_43_42-1311000041,left_right,NO_PAIR_CLEARS_GATES,
realsense/sh/2014_10_21-11_46_20-1311000041,left_right,NO_PAIR_CLEARS_GATES,
realsense/sh/2014_10_21-11_47_22-1311000041,left_right,INSUFFICIENT_SINGLE_INSTANCE_OBJECTS,
realsense/sh/2014_10_21-11_47_53-1311000041,left_right,INSUFFICIENT_SINGLE_INSTANCE_OBJECTS,
realsense/shr/2014_12_18-11_40_56-1311000073,left_right,NO_PAIR_CLEARS_GATES,
realsense/shr/2014_12_18-11_41_36-1311000073,left_right,INSUFFICIENT_SINGLE_INSTANCE_OBJECTS,
realsense/shr/2014_12_18-11_42_39-1311000073,left_right,INSUFFICIENT_SINGLE_INSTANCE_OBJECTS,
realsense/shr/2014_12_18-11_45_46-1311000073,left_right,INSUFFICIENT_SINGLE_INSTANCE_OBJECTS,
realsense/shr/2014_12_18-11_46_44-1311000073,left_right,INSUFFICIENT_SINGLE_INSTANCE_OBJECTS,
realsense/shr/2014_12_18-11_49_13-1311000073,left_right,INSUFFICIENT_SINGLE_INSTANCE_OBJECTS,
realsense/shr/2014_12_18-11_59_58-1311000073,left_right,INSUFFICIENT_SINGLE_INSTANCE_OBJECTS,
realsense/shr/2014_12_18-12_01_31-1311000073,left_right,INSUFFICIENT_SINGLE_INSTANCE_OBJECTS,
realsense/shr/2014_12_18-12_01_45-1311000073,left_right,INSUFFICIENT_SINGLE_INSTANCE_OBJECTS,
realsense/shr/2014_12_18-12_02_03-1311000073,left_right,INSUFFICIENT_SINGLE_INSTANCE_OBJECTS,
realsense/shr/2014_12_18-12_02_46-1311000073,left_right,INSUFFICIENT_SINGLE_INSTANCE_OBJECTS,
realsense/shr/2014_12_18-12_06_21-1311000073,left_right,INSUFFICIENT_SINGLE_INSTANCE_OBJECTS,
realsense/shr/2014_12_18-12_07_11-1311000073,left_right,INSUFFICIENT_SINGLE_INSTANCE_OBJECTS,
realsense/shr/2014_12_18-12_09_23-1311000073,left_right,INSUFFICIENT_SINGLE_INSTANCE_OBJECTS,
realsense/shr/2014_12_18-12_09_49-1311000073,left_right,INSUFFICIENT_SINGLE_INSTANCE_OBJECTS,
realsense/shr/2014_12_18-12_10_29-1311000073,left_right,INSUFFICIENT_SINGLE_INSTANCE_OBJECTS,
realsense/shr/2014_12_18-12_10_59-1311000073,left_right,INSUFFICIENT_SINGLE_INSTANCE_OBJECTS,
realsense/shr/2014_12_18-12_13_52-1311000073,left_right,INSUFFICIENT_SINGLE_INSTANCE_OBJECTS,
realsense/shr/2014_12_18-12_19_11-1311000073,left_right,INSUFFICIENT_SINGLE_INSTANCE_OBJECTS,
realsense/shr/2014_12_18-12_22_40-1311000073,left_right,INSUFFICIENT_SINGLE_INSTANCE_OBJECTS,
realsense/shr/2014_12_18-12_22_53-1311000073,left_right,NO_PAIR_CLEARS_GATES,
realsense/shr/2014_12_18-12_23_06-1311000073,left_right,NO_PAIR_CLEARS_GATES,
realsense/shr/2014_12_18-12_23_23-1311000073,left_right,INSUFFICIENT_SINGLE_INSTANCE_OBJECTS,
realsense/shr/2014_12_18-13_59_13-1311000073,left_right,INSUFFICIENT_SINGLE_INSTANCE_OBJECTS,
realsense/shr/2014_12_18-13_59_48-1311000073,left_right,INSUFFICIENT_SINGLE_INSTANCE_OBJECTS,
realsense/shr/2014_12_18-14_00_18-1311000073,left_right,INSUFFICIENT_SINGLE_INSTANCE_OBJECTS,
realsense/shr/2014_12_18-14_00_45-1311000073,left_right,INSUFFICIENT_SINGLE_INSTANCE_OBJECTS,
realsense/shr/2014_12_18-14_03_27-1311000073,left_right,NO_PAIR_CLEARS_GATES,
realsense/shr/2014_12_18-14_04_02-1311000073,left_right,INSUFFICIENT_SINGLE_INSTANCE_OBJECTS,
realsense/shr/2014_12_18-14_04_16-1311000073,left_right,INSUFFICIENT_SINGLE_INSTANCE_OBJECTS,
realsense/shr/2014_12_18-14_04_49-1311000073,left_right,INSUFFICIENT_SINGLE_INSTANCE_OBJECTS,
realsense/shr/2014_12_18-14_05_16-1311000073,left_right,INSUFFICIENT_SINGLE_INSTANCE_OBJECTS,
realsense/shr/2014_12_18-14_11_39-1311000073,left_right,INSUFFICIENT_SINGLE_INSTANCE_OBJECTS,
realsense/shr/2014_12_18-14_12_03-1311000073,left_right,INSUFFICIENT_SINGLE_INSTANCE_OBJECTS,
realsense/shr/2014_12_18-14_16_41-1311000073,left_right,INSUFFICIENT_SINGLE_INSTANCE_OBJECTS,
realsense/shr/2014_12_18-14_22_32-1311000073,left_right,INSUFFICIENT_SINGLE_INSTANCE_OBJECTS,
realsense/shr/2014_12_18-14_23_18-1311000073,left_right,INSUFFICIENT_SINGLE_INSTANCE_OBJECTS,
realsense/shr/2014_12_18-14_24_33-1311000073,left_right,INSUFFICIENT_SINGLE_INSTANCE_OBJECTS,
realsense/shr/2014_12_18-14_24_52-1311000073,left_right,INSUFFICIENT_SINGLE_INSTANCE_OBJECTS,
realsense/shr/2014_12_18-14_33_37-1311000073,left_right,INSUFFICIENT_SINGLE_INSTANCE_OBJECTS,
realsense/shr/2014_12_18-14_34_02-1311000073,left_right,INSUFFICIENT_SINGLE_INSTANCE_OBJECTS,
realsense/shr/2014_12_18-14_34_58-1311000073,left_right,INSUFFICIENT_SINGLE_INSTANCE_OBJECTS,
realsense/shr/2014_12_18-14_35_18-1311000073,left_right,NO_PAIR_CLEARS_GATES,
realsense/shr/2014_12_18-14_35_35-1311000073,left_right,INSUFFICIENT_SINGLE_INSTANCE_OBJECTS,
realsense/shr/2014_12_18-14_37_00-1311000073,left_right,INSUFFICIENT_SINGLE_INSTANCE_OBJECTS,
realsense/shr/2014_12_18-14_37_17-1311000073,left_right,INSUFFICIENT_SINGLE_INSTANCE_OBJECTS,
realsense/shr/2014_12_18-14_37_32-1311000073,left_right,INSUFFICIENT_SINGLE_INSTANCE_OBJECTS,
realsense/shr/2014_12_18-14_39_07-1311000073,left_right,INSUFFICIENT_SINGLE_INSTANCE_OBJECTS,
realsense/shr/2014_12_18-14_39_26-1311000073,left_right,INSUFFICIENT_SINGLE_INSTANCE_OBJECTS,
realsense/shr/2014_12_18-14_40_31-1311000073,left_right,INSUFFICIENT_SINGLE_INSTANCE_OBJECTS,
realsense/shr/2014_12_18-14_42_18-1311000073,left_right,INSUFFICIENT_SINGLE_INSTANCE_OBJECTS,
realsense/shr/2014_12_18-15_49_19-1311000073,left_right,INSUFFICIENT_SINGLE_INSTANCE_OBJECTS,
realsense/shr/2014_12_18-15_50_14-1311000073,left_right,INSUFFICIENT_SINGLE_INSTANCE_OBJECTS,
realsense/shr/2014_12_18-15_53_56-1311000073,left_right,INSUFFICIENT_SINGLE_INSTANCE_OBJECTS,
realsense/shr/2014_12_18-15_54_11-1311000073,left_right,INSUFFICIENT_SINGLE_INSTANCE_OBJECTS,
realsense/shr/2014_12_18-15_57_48-1311000073,left_right,INSUFFICIENT_SINGLE_INSTANCE_OBJECTS,
realsense/shr/2014_12_18-15_58_02-1311000073,left_right,INSUFFICIENT_SINGLE_INSTANCE_OBJECTS,
realsense/shr/2014_12_18-15_58_34-1311000073,left_right,INSUFFICIENT_SINGLE_INSTANCE_OBJECTS,
realsense/shr/2014_12_18-15_59_41-1311000073,left_right,INSUFFICIENT_SINGLE_INSTANCE_OBJECTS,
realsense/shr/2014_12_18-16_13_58-1311000073,left_right,INSUFFICIENT_SINGLE_INSTANCE_OBJECTS,
realsense/shr/2014_12_18-16_14_23-1311000073,left_right,INSUFFICIENT_SINGLE_INSTANCE_OBJECTS,
realsense/shr/2014_12_18-16_14_42-1311000073,left_right,INSUFFICIENT_SINGLE_INSTANCE_OBJECTS,
realsense/shr/2014_12_18-16_15_12-1311000073,left_right,INSUFFICIENT_SINGLE_INSTANCE_OBJECTS,
realsense/shr/2014_12_18-16_15_26-1311000073,left_right,INSUFFICIENT_SINGLE_INSTANCE_OBJECTS,
realsense/shr/2014_12_18-16_15_52-1311000073,left_right,INSUFFICIENT_SINGLE_INSTANCE_OBJECTS,
realsense/shr/2014_12_18-16_17_56-1311000073,left_right,INSUFFICIENT_SINGLE_INSTANCE_OBJECTS,
realsense/shr/2014_12_18-16_18_10-1311000073,left_right,INSUFFICIENT_SINGLE_INSTANCE_OBJECTS,
realsense/shr/2014_12_18-16_18_59-1311000073,left_right,INSUFFICIENT_SINGLE_INSTANCE_OBJECTS,
realsense/shr/2014_12_18-16_19_23-1311000073,left_right,INSUFFICIENT_SINGLE_INSTANCE_OBJECTS,
realsense/shr/2014_12_18-16_21_48-1311000073,left_right,INSUFFICIENT_SINGLE_INSTANCE_OBJECTS,
realsense/shr/2014_12_18-16_22_11-1311000073,left_right,INSUFFICIENT_SINGLE_INSTANCE_OBJECTS,
realsense/shr/2014_12_18-16_22_23-1311000073,left_right,INSUFFICIENT_SINGLE_INSTANCE_OBJECTS,
realsense/shr/2014_12_18-16_22_42-1311000073,left_right,INSUFFICIENT_SINGLE_INSTANCE_OBJECTS,
realsense/shr/2014_12_18-16_22_58-1311000073,left_right,INSUFFICIENT_SINGLE_INSTANCE_OBJECTS,
realsense/shr/2014_12_18-16_23_17-1311000073,left_right,INSUFFICIENT_SINGLE_INSTANCE_OBJECTS,
realsense/shr/2014_12_18-16_26_34-1311000073,left_right,INSUFFICIENT_SINGLE_INSTANCE_OBJECTS,
realsense/shr/2014_12_18-16_29_09-1311000073,left_right,INSUFFICIENT_SINGLE_INSTANCE_OBJECTS,
realsense/shr/2014_12_18-16_29_23-1311000073,left_right,INSUFFICIENT_SINGLE_INSTANCE_OBJECTS,
realsense/shr/2014_12_18-16_29_39-1311000073,left_right,INSUFFICIENT_SINGLE_INSTANCE_OBJECTS,
xtion/sun3ddata/Portland_hotel/Portland_hotel/0008120-000272116404,left_right,INSUFFICIENT_SINGLE_INSTANCE_OBJECTS,
xtion/sun3ddata/brown_bm_1/brown_bm_1/0005316-000178493131,left_right,INSUFFICIENT_SINGLE_INSTANCE_OBJECTS,
xtion/sun3ddata/brown_bm_3/brown_bm_3/0000324-000011060280,left_right,INSUFFICIENT_SINGLE_INSTANCE_OBJECTS,
xtion/sun3ddata/brown_bm_3/brown_bm_3/0001770-000059557932,left_right,INSUFFICIENT_SINGLE_INSTANCE_OBJECTS,
xtion/sun3ddata/brown_bm_3/brown_bm_3/0003200-000107485812,left_right,INSUFFICIENT_SINGLE_INSTANCE_OBJECTS,
xtion/sun3ddata/brown_bm_3/brown_bm_3/0005873-000197107596,left_right,INSUFFICIENT_SINGLE_INSTANCE_OBJECTS,
xtion/sun3ddata/brown_bm_3/brown_bm_3/0006099-000204682212,left_right,INSUFFICIENT_SINGLE_INSTANCE_OBJECTS,
xtion/sun3ddata/brown_bm_4/brown_bm_4/0001794-000060429528,left_right,NO_PAIR_CLEARS_GATES,
xtion/sun3ddata/brown_bm_4/brown_bm_4/0002151-000072394740,left_right,INSUFFICIENT_SINGLE_INSTANCE_OBJECTS,
xtion/sun3ddata/brown_bm_5/brown_bm_5/0000302-000010389960,left_right,INSUFFICIENT_SINGLE_INSTANCE_OBJECTS,
xtion/sun3ddata/brown_cogsci_1/brown_cogsci_1/0000001-000000001587,left_right,NO_PAIR_CLEARS_GATES,
xtion/sun3ddata/brown_cogsci_2/brown_cogsci_2/0000013-000000405020,left_right,INSUFFICIENT_SINGLE_INSTANCE_OBJECTS,
xtion/sun3ddata/brown_cogsci_4/brown_cogsci_4/0000005-000000165390,left_right,NO_PAIR_CLEARS_GATES,
xtion/sun3ddata/brown_cogsci_4/brown_cogsci_4/0000875-000029324310,left_right,INSUFFICIENT_SINGLE_INSTANCE_OBJECTS,
xtion/sun3ddata/brown_cogsci_5/brown_cogsci_5/0002966-000099374940,left_right,NO_PAIR_CLEARS_GATES,
xtion/sun3ddata/brown_cogsci_7/brown_cogsci_7/0000005-000000136609,left_right,INSUFFICIENT_SINGLE_INSTANCE_OBJECTS,
xtion/sun3ddata/brown_cogsci_7/brown_cogsci_7/0000445-000015084745,left_right,NO_PAIR_CLEARS_GATES,
xtion/sun3ddata/brown_cs_1/brown_cs1/0003947-000132432002,left_right,INSUFFICIENT_SINGLE_INSTANCE_OBJECTS,
xtion/sun3ddata/brown_cs_2/brown_cs2/0000599-000020277180,left_right,NO_PAIR_CLEARS_GATES,
xtion/sun3ddata/brown_cs_2/brown_cs2/0000914-000030834720,left_right,INSUFFICIENT_SINGLE_INSTANCE_OBJECTS,
xtion/sun3ddata/brown_cs_2/brown_cs2/0002672-000089755848,left_right,INSUFFICIENT_SINGLE_INSTANCE_OBJECTS,
xtion/sun3ddata/brown_cs_2/brown_cs2/0003398-000114088464,left_right,INSUFFICIENT_SINGLE_INSTANCE_OBJECTS,
xtion/sun3ddata/brown_cs_2/brown_cs2/0005108-000171434340,left_right,NO_PAIR_CLEARS_GATES,
xtion/sun3ddata/brown_cs_3/brown_cs3/0000004-000000115054,left_right,INSUFFICIENT_SINGLE_INSTANCE_OBJECTS,
xtion/sun3ddata/brown_cs_3/brown_cs3/0000475-000016102186,left_right,INSUFFICIENT_SINGLE_INSTANCE_OBJECTS,
xtion/sun3ddata/brown_cs_3/brown_cs3/0000917-000030916258,left_right,NO_PAIR_CLEARS_GATES,
xtion/sun3ddata/brown_cs_3/brown_cs3/0002071-000069593722,left_right,INSUFFICIENT_SINGLE_INSTANCE_OBJECTS,
xtion/sun3ddata/brown_cs_3/brown_cs3/0003275-000109946986,left_right,INSUFFICIENT_SINGLE_INSTANCE_OBJECTS,
xtion/sun3ddata/brown_cs_4/brown_cs4/0000004-000000100548,left_right,INSUFFICIENT_SINGLE_INSTANCE_OBJECTS,
xtion/sun3ddata/brown_cs_4/brown_cs4/0000399-000013540464,left_right,NO_PAIR_CLEARS_GATES,
xtion/sun3ddata/brown_cs_4/brown_cs4/0000663-000022388688,left_right,INSUFFICIENT_SINGLE_INSTANCE_OBJECTS,
xtion/sun3ddata/brown_cs_4/brown_cs4/0000824-000027784764,left_right,NO_PAIR_CLEARS_GATES,
xtion/sun3ddata/brown_cs_4/brown_cs4/0001049-000035325864,left_right,INSUFFICIENT_SINGLE_INSTANCE_OBJECTS,
xtion/sun3ddata/brown_cs_4/brown_cs4/0001789-000060127704,left_right,NO_PAIR_CLEARS_GATES,
xtion/sun3ddata/brown_cs_4/brown_cs4/0002449-000082248264,left_right,INSUFFICIENT_SINGLE_INSTANCE_OBJECTS,
xtion/sun3ddata/brown_cs_4/brown_cs4/0002799-000093978864,left_right,INSUFFICIENT_SINGLE_INSTANCE_OBJECTS,
xtion/sun3ddata/brown_cs_4/brown_cs4/0005048-000169356348,left_right,NO_PAIR_CLEARS_GATES,
xtion/sun3ddata/brown_cs_5/brown_cs5/0000004-000000107338,left_right,INSUFFICIENT_SINGLE_INSTANCE_OBJECTS,
xtion/sun3ddata/brown_cs_5/brown_cs5/0000349-000011904970,left_right,INSUFFICIENT_SINGLE_INSTANCE_OBJECTS,
xtion/sun3ddata/brown_cs_5/brown_cs5/0000453-000015390634,left_right,INSUFFICIENT_SINGLE_INSTANCE_OBJECTS,
xtion/sun3ddata/brown_cs_5/brown_cs5/0000781-000026383882,left_right,INSUFFICIENT_SINGLE_INSTANCE_OBJECTS,
xtion/sun3ddata/brown_cs_5/brown_cs5/0001788-000060134494,left_right,INSUFFICIENT_SINGLE_INSTANCE_OBJECTS,
xtion/sun3ddata/brown_cs_6/brown_cs6/0000004-000000100548,left_right,INSUFFICIENT_SINGLE_INSTANCE_OBJECTS,
xtion/sun3ddata/brown_cs_6/brown_cs6/0000232-000007976808,left_right,INSUFFICIENT_SINGLE_INSTANCE_OBJECTS,
xtion/sun3ddata/brown_cs_6/brown_cs6/0000414-000014076720,left_right,INSUFFICIENT_SINGLE_INSTANCE_OBJECTS,
xtion/sun3ddata/brown_cs_6/brown_cs6/0000623-000021081564,left_right,INSUFFICIENT_SINGLE_INSTANCE_OBJECTS,
xtion/sun3ddata/brown_cs_6/brown_cs6/0002196-000073802232,left_right,INSUFFICIENT_SINGLE_INSTANCE_OBJECTS,
xtion/sun3ddata/brown_cs_7/brown_cs7/0001441-000048502342,left_right,INSUFFICIENT_SINGLE_INSTANCE_OBJECTS,
xtion/sun3ddata/brown_cs_7/brown_cs7/0002446-000082185922,left_right,NO_PAIR_CLEARS_GATES,
xtion/sun3ddata/brown_cs_8/brown_cs8/0000004-000000128425,left_right,NO_PAIR_CLEARS_GATES,
xtion/sun3ddata/brown_cs_8/brown_cs8/0001751-000058949005,left_right,INSUFFICIENT_SINGLE_INSTANCE_OBJECTS,
xtion/sun3ddata/brown_cs_8/brown_cs8/0001998-000067227457,left_right,INSUFFICIENT_SINGLE_INSTANCE_OBJECTS,
xtion/sun3ddata/brown_cs_8/brown_cs8/0002904-000097592953,left_right,INSUFFICIENT_SINGLE_INSTANCE_OBJECTS,
xtion/sun3ddata/brown_cs_8/brown_cs8/0003319-000111502093,left_right,INSUFFICIENT_SINGLE_INSTANCE_OBJECTS,
xtion/sun3ddata/brown_cs_8/brown_cs8/0003999-000134292973,left_right,INSUFFICIENT_SINGLE_INSTANCE_OBJECTS,
xtion/sun3ddata/brown_cs_9/brown_cs9/0000589-000019958877,left_right,INSUFFICIENT_SINGLE_INSTANCE_OBJECTS,
xtion/sun3ddata/brown_cs_9/brown_cs9/0000992-000033465825,left_right,INSUFFICIENT_SINGLE_INSTANCE_OBJECTS,
xtion/sun3ddata/harvard_c10/hv_c10_1/0000004-000000124850,left_right,INSUFFICIENT_SINGLE_INSTANCE_OBJECTS,
xtion/sun3ddata/harvard_c10/hv_c10_1/0000086-000002940194,left_right,INSUFFICIENT_SINGLE_INSTANCE_OBJECTS,
xtion/sun3ddata/harvard_c10/hv_c10_1/0000277-000009341750,left_right,INSUFFICIENT_SINGLE_INSTANCE_OBJECTS,
xtion/sun3ddata/harvard_c10/hv_c10_1/0001018-000034177106,left_right,INSUFFICIENT_SINGLE_INSTANCE_OBJECTS,
xtion/sun3ddata/harvard_c10/hv_c10_2/0000214-000007166040,left_right,INSUFFICIENT_SINGLE_INSTANCE_OBJECTS,
xtion/sun3ddata/harvard_c2/hv_c2_1/0000854-000028589148,left_right,INSUFFICIENT_SINGLE_INSTANCE_OBJECTS,
xtion/sun3ddata/harvard_c2/hv_c2_1/0001200-000040185684,left_right,NO_PAIR_CLEARS_GATES,
xtion/sun3ddata/harvard_c4/hv_c4_1/0000249-000008311968,left_right,NO_PAIR_CLEARS_GATES,
xtion/sun3ddata/harvard_c4/hv_c4_1/0001790-000059960124,left_right,INSUFFICIENT_SINGLE_INSTANCE_OBJECTS,
xtion/sun3ddata/harvard_c4/hv_c4_2/0001112-000037239581,left_right,INSUFFICIENT_SINGLE_INSTANCE_OBJECTS,
xtion/sun3ddata/harvard_c4/hv_c4_3/0000191-000006371044,left_right,INSUFFICIENT_SINGLE_INSTANCE_OBJECTS,
xtion/sun3ddata/harvard_c4/hv_c4_3/0000556-000018604384,left_right,INSUFFICIENT_SINGLE_INSTANCE_OBJECTS,
xtion/sun3ddata/harvard_c5/hv_c5_1/0000748-000025060026,left_right,INSUFFICIENT_SINGLE_INSTANCE_OBJECTS,
xtion/sun3ddata/harvard_c5/hv_c5_1/0001255-000042052638,left_right,INSUFFICIENT_SINGLE_INSTANCE_OBJECTS,
xtion/sun3ddata/harvard_c5/hv_c5_2/0000887-000029728692,left_right,INSUFFICIENT_SINGLE_INSTANCE_OBJECTS,
xtion/sun3ddata/harvard_c6/hv_c6_1/0000242-000008094816,left_right,INSUFFICIENT_SINGLE_INSTANCE_OBJECTS,
xtion/sun3ddata/harvard_c6/hv_c6_1/0000399-000013356828,left_right,INSUFFICIENT_SINGLE_INSTANCE_OBJECTS,
xtion/sun3ddata/harvard_c6/hv_c6_1/0001050-000035175744,left_right,NO_PAIR_CLEARS_GATES,
xtion/sun3ddata/harvard_c6/hv_c6_1/0001464-000049051368,left_right,NO_PAIR_CLEARS_GATES,
xtion/sun3ddata/harvard_c6/hv_c6_2/0000036-000001206576,left_right,INSUFFICIENT_SINGLE_INSTANCE_OBJECTS,
xtion/sun3ddata/harvard_c7/hv_c7_1/0000427-000014277816,left_right,INSUFFICIENT_SINGLE_INSTANCE_OBJECTS,
xtion/sun3ddata/harvard_c7/hv_c7_1/0001219-000040822488,left_right,INSUFFICIENT_SINGLE_INSTANCE_OBJECTS,
xtion/sun3ddata/harvard_c7/hv_c7_2/0001186-000039716460,left_right,INSUFFICIENT_SINGLE_INSTANCE_OBJECTS,
xtion/sun3ddata/harvard_c7/hv_c7_3/0000139-000004747070,left_right,INSUFFICIENT_SINGLE_INSTANCE_OBJECTS,
xtion/sun3ddata/harvard_c7/hv_c7_3/0001408-000047278874,left_right,NO_PAIR_CLEARS_GATES,
xtion/sun3ddata/harvard_c8/hv_c8_1/0000550-000018528738,left_right,INSUFFICIENT_SINGLE_INSTANCE_OBJECTS,
xtion/sun3ddata/harvard_c8/hv_c8_1/0000750-000025231938,left_right,INSUFFICIENT_SINGLE_INSTANCE_OBJECTS,
xtion/sun3ddata/harvard_c8/hv_c8_1/0002215-000074332878,left_right,INSUFFICIENT_SINGLE_INSTANCE_OBJECTS,
xtion/sun3ddata/harvard_c8/hv_c8_2/0000005-000000134064,left_right,INSUFFICIENT_SINGLE_INSTANCE_OBJECTS,
xtion/sun3ddata/harvard_c8/hv_c8_2/0001487-000049905324,left_right,INSUFFICIENT_SINGLE_INSTANCE_OBJECTS,
xtion/sun3ddata/harvard_c8/hv_c8_2/0001844-000061870536,left_right,INSUFFICIENT_SINGLE_INSTANCE_OBJECTS,
xtion/sun3ddata/harvard_c8/hv_c8_2/0002129-000071422596,left_right,INSUFFICIENT_SINGLE_INSTANCE_OBJECTS,
xtion/sun3ddata/harvard_c8/hv_c8_3/0000022-000000804384,left_right,NO_PAIR_CLEARS_GATES,
xtion/sun3ddata/harvard_c9/hv_c9_1/0000298-000009954252,left_right,INSUFFICIENT_SINGLE_INSTANCE_OBJECTS,
xtion/sun3ddata/harvard_c9/hv_c9_1/0000906-000030331980,left_right,INSUFFICIENT_SINGLE_INSTANCE_OBJECTS,
xtion/sun3ddata/harvard_computer_lab/hv_c1_1/0000169-000005630688,left_right,INSUFFICIENT_SINGLE_INSTANCE_OBJECTS,
xtion/sun3ddata/harvard_computer_lab/hv_c1_1/0000505-000016892064,left_right,INSUFFICIENT_SINGLE_INSTANCE_OBJECTS,
xtion/sun3ddata/harvard_computer_lab/hv_c1_1/0001991-000066696840,left_right,INSUFFICIENT_SINGLE_INSTANCE_OBJECTS,
xtion/sun3ddata/harvard_computer_lab/hv_c1_1/0002348-000078662052,left_right,INSUFFICIENT_SINGLE_INSTANCE_OBJECTS,
xtion/sun3ddata/harvard_computer_lab/hv_c1_1/0003956-000132555780,left_right,INSUFFICIENT_SINGLE_INSTANCE_OBJECTS,
xtion/sun3ddata/harvard_computer_lab/hv_c1_1/0005110-000171233244,left_right,INSUFFICIENT_SINGLE_INSTANCE_OBJECTS,
xtion/sun3ddata/harvard_computer_lab/hv_c1_2/0000004-000000100548,left_right,INSUFFICIENT_SINGLE_INSTANCE_OBJECTS,
xtion/sun3ddata/harvard_computer_lab/hv_c1_2/0000689-000023059008,left_right,INSUFFICIENT_SINGLE_INSTANCE_OBJECTS,
xtion/sun3ddata/harvard_computer_lab/hv_c1_2/0000844-000028253988,left_right,INSUFFICIENT_SINGLE_INSTANCE_OBJECTS,
xtion/sun3ddata/harvard_computer_lab/hv_c1_2/0001092-000036565956,left_right,INSUFFICIENT_SINGLE_INSTANCE_OBJECTS,
xtion/sun3ddata/harvard_computer_lab/hv_c1_2/0002509-000084058128,left_right,INSUFFICIENT_SINGLE_INSTANCE_OBJECTS,
xtion/sun3ddata/harvard_conf_big/hv_conf_big_1/0000291-000009753156,left_right,INSUFFICIENT_SINGLE_INSTANCE_OBJECTS,
xtion/sun3ddata/harvard_conf_big/hv_conf_big_1/0000860-000028823760,left_right,INSUFFICIENT_SINGLE_INSTANCE_OBJECTS,
xtion/sun3ddata/harvard_conf_big/hv_conf_big_1/0001145-000038375820,left_right,INSUFFICIENT_SINGLE_INSTANCE_OBJECTS,
xtion/sun3ddata/harvard_conf_big/hv_conf_big_1/0002870-000096190920,left_right,INSUFFICIENT_SINGLE_INSTANCE_OBJECTS,
xtion/sun3ddata/harvard_conf_big/hv_conf_big_1/0003755-000125852580,left_right,NO_PAIR_CLEARS_GATES,
xtion/sun3ddata/harvard_conf_big/hv_conf_big_3/0000189-000006470655,left_right,INSUFFICIENT_SINGLE_INSTANCE_OBJECTS,
xtion/sun3ddata/harvard_conf_big/hv_conf_big_3/0000262-000008917323,left_right,INSUFFICIENT_SINGLE_INSTANCE_OBJECTS,
xtion/sun3ddata/harvard_conf_big/hv_conf_big_3/0000858-000028892859,left_right,NO_PAIR_CLEARS_GATES,
xtion/sun3ddata/harvard_conf_big/hv_conf_big_3/0001204-000040489395,left_right,INSUFFICIENT_SINGLE_INSTANCE_OBJECTS,
xtion/sun3ddata/harvard_conf_big/hv_conf_big_3/0001525-000051248031,left_right,INSUFFICIENT_SINGLE_INSTANCE_OBJECTS,
xtion/sun3ddata/harvard_corridor_lounge/hv_corridor1_1/0000096-000003184020,left_right,INSUFFICIENT_SINGLE_INSTANCE_OBJECTS,
xtion/sun3ddata/harvard_corridor_lounge/hv_corridor1_1/0000435-000014545944,left_right,INSUFFICIENT_SINGLE_INSTANCE_OBJECTS,
xtion/sun3ddata/harvard_corridor_lounge/hv_lounge1_1/0000902-000030197916,left_right,INSUFFICIENT_SINGLE_INSTANCE_OBJECTS,
xtion/sun3ddata/harvard_corridor_lounge/hv_lounge1_1/0001274-000042665868,left_right,INSUFFICIENT_SINGLE_INSTANCE_OBJECTS,
xtion/sun3ddata/harvard_corridor_lounge/hv_lounge1_1/0001424-000047693268,left_right,INSUFFICIENT_SINGLE_INSTANCE_OBJECTS,
xtion/sun3ddata/harvard_corridor_lounge/hv_lounge1_2/0000149-000004960368,left_right,INSUFFICIENT_SINGLE_INSTANCE_OBJECTS,
xtion/sun3ddata/harvard_corridor_lounge/hv_lounge1_2/0000551-000018433800,left_right,INSUFFICIENT_SINGLE_INSTANCE_OBJECTS,
xtion/sun3ddata/harvard_corridor_lounge/hv_lounge2_1/0000001-000000000000,left_right,INSUFFICIENT_SINGLE_INSTANCE_OBJECTS,
xtion/sun3ddata/harvard_corridor_lounge/hv_lounge2_1/0000523-000017562384,left_right,INSUFFICIENT_SINGLE_INSTANCE_OBJECTS,
xtion/sun3ddata/harvard_corridor_lounge/hv_lounge3_1/0000666-000022318405,left_right,INSUFFICIENT_SINGLE_INSTANCE_OBJECTS,
xtion/sun3ddata/harvard_corridor_lounge/hv_lounge3_2/0000196-000006535620,left_right,INSUFFICIENT_SINGLE_INSTANCE_OBJECTS,
xtion/sun3ddata/harvard_corridor_lounge/hv_lounge3_2/0000398-000013305852,left_right,INSUFFICIENT_SINGLE_INSTANCE_OBJECTS,
xtion/sun3ddata/harvard_corridor_lounge/hv_lounge3_2/0000642-000021483756,left_right,INSUFFICIENT_SINGLE_INSTANCE_OBJECTS,
xtion/sun3ddata/harvard_corridor_lounge/hv_lounge3_2/0001451-000048598200,left_right,INSUFFICIENT_SINGLE_INSTANCE_OBJECTS,
xtion/sun3ddata/harvard_corridor_lounge/hv_lounge_corridor2_1/0005332-000178673914,left_right,INSUFFICIENT_SINGLE_INSTANCE_OBJECTS,
xtion/sun3ddata/harvard_corridor_lounge/hv_lounge_corridor3_whole_floor/0001096-000036800568,left_right,INSUFFICIENT_SINGLE_INSTANCE_OBJECTS,
xtion/sun3ddata/harvard_corridor_lounge/hv_lounge_corridor3_whole_floor/0001405-000047157012,left_right,INSUFFICIENT_SINGLE_INSTANCE_OBJECTS,
xtion/sun3ddata/harvard_corridor_lounge/hv_lounge_corridor3_whole_floor/0001550-000052016832,left_right,INSUFFICIENT_SINGLE_INSTANCE_OBJECTS,
xtion/sun3ddata/harvard_corridor_lounge/hv_lounge_corridor3_whole_floor/0002322-000077891184,left_right,INSUFFICIENT_SINGLE_INSTANCE_OBJECTS,
xtion/sun3ddata/harvard_corridor_lounge/hv_lounge_corridor3_whole_floor/0002817-000094481604,left_right,INSUFFICIENT_SINGLE_INSTANCE_OBJECTS,
xtion/sun3ddata/harvard_corridor_lounge/hv_lounge_corridor3_whole_floor/0003496-000117238968,left_right,INSUFFICIENT_SINGLE_INSTANCE_OBJECTS,
xtion/sun3ddata/harvard_corridor_lounge/hv_lounge_corridor3_whole_floor/0004342-000145593504,left_right,INSUFFICIENT_SINGLE_INSTANCE_OBJECTS,
xtion/sun3ddata/harvard_corridor_lounge/hv_lounge_corridor3_whole_floor/0005170-000173344752,left_right,INSUFFICIENT_SINGLE_INSTANCE_OBJECTS,
xtion/sun3ddata/harvard_corridor_lounge/hv_lounge_corridor3_whole_floor/0005803-000194560380,left_right,INSUFFICIENT_SINGLE_INSTANCE_OBJECTS,
xtion/sun3ddata/harvard_corridor_lounge/hv_lounge_corridor_1/0001410-000047453254,left_right,INSUFFICIENT_SINGLE_INSTANCE_OBJECTS,
xtion/sun3ddata/harvard_corridor_lounge/hv_lounge_corridor_1/0001648-000055430062,left_right,INSUFFICIENT_SINGLE_INSTANCE_OBJECTS,
xtion/sun3ddata/harvard_printroom1/hv_printroom1_1/0000189-000006301008,left_right,INSUFFICIENT_SINGLE_INSTANCE_OBJECTS,
xtion/sun3ddata/harvard_printroom1/hv_printroom1_1/0000333-000011127312,left_right,NO_PAIR_CLEARS_GATES,
xtion/sun3ddata/harvard_printroom1/hv_printroom1_1/0000456-000015249780,left_right,INSUFFICIENT_SINGLE_INSTANCE_OBJECTS,
xtion/sun3ddata/harvard_printroom1/hv_printroom1_1/0000639-000021383208,left_right,NO_PAIR_CLEARS_GATES,
xtion/sun3ddata/harvard_printroom1/hv_printroom1_1/0000957-000032041296,left_right,INSUFFICIENT_SINGLE_INSTANCE_OBJECTS,
xtion/sun3ddata/harvard_printroom1/hv_printroom1_2/0000001-000000000000,left_right,INSUFFICIENT_SINGLE_INSTANCE_OBJECTS,
xtion/sun3ddata/harvard_printroom1/hv_printroom1_2/0000559-000018735444,left_right,INSUFFICIENT_SINGLE_INSTANCE_OBJECTS,
xtion/sun3ddata/harvard_printroom1/hv_printroom1_2/0000746-000025002936,left_right,NO_PAIR_CLEARS_GATES,
xtion/sun3ddata/harvard_restroom_1/hv_restroom1_1/0000350-000011757544,left_right,INSUFFICIENT_SINGLE_INSTANCE_OBJECTS,
xtion/sun3ddata/harvard_restroom_1/hv_restroom1_1/0000609-000020438188,left_right,INSUFFICIENT_SINGLE_INSTANCE_OBJECTS,
xtion/sun3ddata/harvard_restroom_1/hv_restroom1_1/0000979-000032839108,left_right,INSUFFICIENT_SINGLE_INSTANCE_OBJECTS,
xtion/sun3ddata/harvard_restroom_1/hv_restroom1_1/0001373-000046044412,left_right,INSUFFICIENT_SINGLE_INSTANCE_OBJECTS,
xtion/sun3ddata/harvard_restroom_1/hv_restroom1_2/0000727-000024332616,left_right,INSUFFICIENT_SINGLE_INSTANCE_OBJECTS,
xtion/sun3ddata/harvard_restroom_2/hv_restroom4_1/0001070-000035828604,left_right,INSUFFICIENT_SINGLE_INSTANCE_OBJECTS,
xtion/sun3ddata/harvard_restroom_2/hv_restroom4_2/0000496-000016600005,left_right,INSUFFICIENT_SINGLE_INSTANCE_OBJECTS,
xtion/sun3ddata/harvard_robotics_lab/hv_s1_1/0001089-000036520747,left_right,INSUFFICIENT_SINGLE_INSTANCE_OBJECTS,
xtion/sun3ddata/harvard_robotics_lab/hv_s1_2/0000068-000002308706,left_right,NO_PAIR_CLEARS_GATES,
xtion/sun3ddata/harvard_robotics_lab/hv_s1_2/0000207-000006967430,left_right,NO_PAIR_CLEARS_GATES,
xtion/sun3ddata/harvard_robotics_lab/hv_s1_2/0000535-000017960678,left_right,NO_PAIR_CLEARS_GATES,
xtion/sun3ddata/harvard_tea_1/hv_tea1_1/0000840-000028119924,left_right,NO_PAIR_CLEARS_GATES,
xtion/sun3ddata/harvard_tea_1/hv_tea1_2/0000267-000008915256,left_right,INSUFFICIENT_SINGLE_INSTANCE_OBJECTS,
xtion/sun3ddata/harvard_tea_2/hv_tea2_1/0000935-000031340910,left_right,NO_PAIR_CLEARS_GATES,
xtion/sun3ddata/harvard_tea_3/hv_tea3_1/0000120-000004078546,left_right,INSUFFICIENT_SINGLE_INSTANCE_OBJECTS,
xtion/sun3ddata/harvard_tea_3/hv_tea3_1/0000262-000008837818,left_right,INSUFFICIENT_SINGLE_INSTANCE_OBJECTS,
xtion/sun3ddata/home_ac/home_ac_scan1_2012_aug_22/0003354-000228688995,left_right,INSUFFICIENT_SINGLE_INSTANCE_OBJECTS,
xtion/sun3ddata/home_ac/home_ac_scan1_2012_aug_22/0004300-000260848999,left_right,NO_PAIR_CLEARS_GATES,
xtion/sun3ddata/home_ac/home_ac_scan2_2012_aug_22/0005091-001002612976,left_right,NO_PAIR_CLEARS_GATES,
xtion/sun3ddata/home_ac/home_ac_scan2_2012_aug_22/0006125-001037517944,left_right,NO_PAIR_CLEARS_GATES,
xtion/sun3ddata/home_ac/home_ac_scan2_2012_aug_22/0006442-001048130005,left_right,INSUFFICIENT_SINGLE_INSTANCE_OBJECTS,
xtion/sun3ddata/home_ac/home_ac_scan2_2012_aug_22/0006722-001057573975,left_right,INSUFFICIENT_SINGLE_INSTANCE_OBJECTS,
xtion/sun3ddata/home_ac/home_ac_scan2_2012_aug_22/0009237-001142234009,left_right,INSUFFICIENT_SINGLE_INSTANCE_OBJECTS,
xtion/sun3ddata/home_ac/home_ac_scan2_2012_aug_22/0011312-001212147949,left_right,INSUFFICIENT_SINGLE_INSTANCE_OBJECTS,
xtion/sun3ddata/home_ac/home_ac_scan2_2012_aug_22/0011706-001225423950,left_right,INSUFFICIENT_SINGLE_INSTANCE_OBJECTS,
xtion/sun3ddata/home_ac/home_ac_scan2_2012_aug_22/0012225-001242948975,left_right,INSUFFICIENT_SINGLE_INSTANCE_OBJECTS,
xtion/sun3ddata/home_ac/home_ac_scan2_2012_aug_22/0013045-001270738037,left_right,INSUFFICIENT_SINGLE_INSTANCE_OBJECTS,
xtion/sun3ddata/home_ac/home_ac_scan2_2012_aug_22/0020398-001520357056,left_right,INSUFFICIENT_SINGLE_INSTANCE_OBJECTS,
xtion/sun3ddata/home_amo/amo-apt-floor1-1/0001210-000041161308,left_right,NO_PAIR_CLEARS_GATES,
xtion/sun3ddata/home_at/home_at_scan1_2013_jan_1/0000172-000005798268,left_right,INSUFFICIENT_SINGLE_INSTANCE_OBJECTS,
xtion/sun3ddata/home_at/home_at_scan1_2013_jan_1/0002040-000068439672,left_right,NO_PAIR_CLEARS_GATES,
xtion/sun3ddata/home_at/home_at_scan1_2013_jan_1/0003313-000111105540,left_right,INSUFFICIENT_SINGLE_INSTANCE_OBJECTS,
xtion/sun3ddata/home_at/home_at_scan1_2013_jan_1/0005120-000171702468,left_right,INSUFFICIENT_SINGLE_INSTANCE_OBJECTS,
xtion/sun3ddata/home_bksh/home_bksh_2012_oct_19_scan1/0001576-000066753433,left_right,INSUFFICIENT_SINGLE_INSTANCE_OBJECTS,
xtion/sun3ddata/home_bksh/home_bksh_2012_oct_19_scan1/0003685-000156643345,left_right,NO_PAIR_CLEARS_GATES,
xtion/sun3ddata/home_bksh/home_bksh_2012_oct_19_scan1/0004667-000201018529,left_right,INSUFFICIENT_SINGLE_INSTANCE_OBJECTS,
xtion/sun3ddata/home_bksh/home_bksh_2012_oct_19_scan1/0004909-000211240909,left_right,INSUFFICIENT_SINGLE_INSTANCE_OBJECTS,
xtion/sun3ddata/home_bksh/home_bksh_2012_oct_19_scan1/0008289-000353549845,left_right,INSUFFICIENT_SINGLE_INSTANCE_OBJECTS,
xtion/sun3ddata/home_bksh/home_bksh_oct_30_2012_scan2_erika/0001002-000043506128,left_right,NO_PAIR_CLEARS_GATES,
xtion/sun3ddata/home_bksh/home_bksh_oct_30_2012_scan2_erika/0009704-000423812180,left_right,INSUFFICIENT_SINGLE_INSTANCE_OBJECTS,
xtion/sun3ddata/home_bksh/home_bksh_oct_30_2012_scan2_erika/0013841-000603826616,left_right,NO_PAIR_CLEARS_GATES,
xtion/sun3ddata/home_han/apartment_han_oct_31_2012_scan1_erika/0003503-000146129760,left_right,INSUFFICIENT_SINGLE_INSTANCE_OBJECTS,
xtion/sun3ddata/home_han/apartment_han_oct_31_2012_scan1_erika/0005853-000243292644,left_right,INSUFFICIENT_SINGLE_INSTANCE_OBJECTS,
xtion/sun3ddata/home_han/apartment_han_oct_31_2012_scan1_erika/0007104-000294940800,left_right,INSUFFICIENT_SINGLE_INSTANCE_OBJECTS,
xtion/sun3ddata/home_md/home_md_scan2_2012_july_9/0000008-000201367996,left_right,INSUFFICIENT_SINGLE_INSTANCE_OBJECTS,
xtion/sun3ddata/home_puigpunyen/home_puigpunyent_scan1_2012_aug_22/0002338-000323954010,left_right,INSUFFICIENT_SINGLE_INSTANCE_OBJECTS,
xtion/sun3ddata/home_rz/home_rz_scan1_2012_oct_31/0001663-000055834866,left_right,INSUFFICIENT_SINGLE_INSTANCE_OBJECTS,
xtion/sun3ddata/home_rz/home_rz_scan1_2012_oct_31/0005568-000186714846,left_right,INSUFFICIENT_SINGLE_INSTANCE_OBJECTS,
xtion/sun3ddata/home_rz/home_rz_scan1_2012_oct_31/0010383-000348261966,left_right,NO_PAIR_CLEARS_GATES,
xtion/sun3ddata/home_rz/home_rz_scan1_2012_oct_31/0012778-000428532786,left_right,INSUFFICIENT_SINGLE_INSTANCE_OBJECTS,
xtion/sun3ddata/home_rz/home_rz_scan1_2012_oct_31/0014948-000501262506,left_right,INSUFFICIENT_SINGLE_INSTANCE_OBJECTS,
xtion/sun3ddata/home_rz/home_rz_scan1_2012_oct_31/0015340-000514400778,left_right,NO_PAIR_CLEARS_GATES,
xtion/sun3ddata/home_rz/home_rz_scan1_2012_oct_31/0027344-000916726842,left_right,INSUFFICIENT_SINGLE_INSTANCE_OBJECTS,
xtion/sun3ddata/home_ts/apartment_ts_oct_31_2012_scan1_erika/0004873-000195874663,left_right,NO_PAIR_CLEARS_GATES,
xtion/sun3ddata/hotel_barcelona/scan1_2012_july_23/0000012-000068309998,left_right,INSUFFICIENT_SINGLE_INSTANCE_OBJECTS,
xtion/sun3ddata/hotel_barcelona/scan1_2012_july_23/0002254-000217664993,left_right,INSUFFICIENT_SINGLE_INSTANCE_OBJECTS,
xtion/sun3ddata/hotel_beijing/beijing_hotel_1/0000135-000004524660,left_right,INSUFFICIENT_SINGLE_INSTANCE_OBJECTS,
xtion/sun3ddata/hotel_beijing/beijing_hotel_1/0002322-000077824152,left_right,NO_PAIR_CLEARS_GATES,
xtion/sun3ddata/hotel_beijing/beijing_hotel_1/0007578-000253984248,left_right,NO_PAIR_CLEARS_GATES,
xtion/sun3ddata/hotel_beijing/beijing_hotel_1/0008057-000270038412,left_right,INSUFFICIENT_SINGLE_INSTANCE_OBJECTS,
xtion/sun3ddata/hotel_beijing/beijing_hotel_1/0010914-000365793624,left_right,INSUFFICIENT_SINGLE_INSTANCE_OBJECTS,
xtion/sun3ddata/hotel_casarural/casarural_scan1_2012_july_22/0000012-000064427002,left_right,INSUFFICIENT_SINGLE_INSTANCE_OBJECTS,
xtion/sun3ddata/hotel_casarural/casarural_scan1_2012_july_22/0001369-000157210007,left_right,INSUFFICIENT_SINGLE_INSTANCE_OBJECTS,
xtion/sun3ddata/hotel_florence_ant/hotel_room_florence_scan1_2012_oct_09/0002805-000094045896,left_right,INSUFFICIENT_SINGLE_INSTANCE_OBJECTS,
xtion/sun3ddata/hotel_florence_ant/hotel_room_florence_scan1_2012_oct_09/0005012-000168082740,left_right,NO_PAIR_CLEARS_GATES,
xtion/sun3ddata/hotel_florence_ant/hotel_room_florence_scan1_2012_oct_09/0006130-000205553628,left_right,INSUFFICIENT_SINGLE_INSTANCE_OBJECTS,
xtion/sun3ddata/hotel_florence_ant/hotel_room_florence_scan1_2012_oct_09/0006433-000215708976,left_right,NO_PAIR_CLEARS_GATES,
xtion/sun3ddata/hotel_florence_jx/florence_hotel_another_room/0000735-000024724060,left_right,INSUFFICIENT_SINGLE_INSTANCE_OBJECTS,
xtion/sun3ddata/hotel_florence_jx/florence_hotel_another_room/0001208-000040577128,left_right,INSUFFICIENT_SINGLE_INSTANCE_OBJECTS,
xtion/sun3ddata/hotel_graz/scan1_2012_aug_29/0000938-000151399994,left_right,NO_PAIR_CLEARS_GATES,
xtion/sun3ddata/hotel_graz/scan1_2012_aug_29/0004844-000309735992,left_right,INSUFFICIENT_SINGLE_INSTANCE_OBJECTS,
xtion/sun3ddata/hotel_m/scan1/0001344-000324229004,left_right,INSUFFICIENT_SINGLE_INSTANCE_OBJECTS,
xtion/sun3ddata/hotel_m/scan1/0001501-000329570007,left_right,INSUFFICIENT_SINGLE_INSTANCE_OBJECTS,
xtion/sun3ddata/hotel_m/scan2/0001745-000872494019,left_right,NO_PAIR_CLEARS_GATES,
xtion/sun3ddata/hotel_mr/scan1/0001351-000092538002,left_right,INSUFFICIENT_SINGLE_INSTANCE_OBJECTS,
xtion/sun3ddata/hotel_mr/scan1/0005002-000216570999,left_right,INSUFFICIENT_SINGLE_INSTANCE_OBJECTS,
xtion/sun3ddata/hotel_mr/scan1/0005635-000238263000,left_right,INSUFFICIENT_SINGLE_INSTANCE_OBJECTS,
xtion/sun3ddata/hotel_nips2012/nips_1/0000826-000027668866,left_right,NO_PAIR_CLEARS_GATES,
xtion/sun3ddata/hotel_nips2012/nips_1/0007838-000262716574,left_right,NO_PAIR_CLEARS_GATES,
xtion/sun3ddata/hotel_pedraza/hotel_room_pedraza_2012_nov_25/0003092-000103712437,left_right,INSUFFICIENT_SINGLE_INSTANCE_OBJECTS,
xtion/sun3ddata/hotel_pittsburg/hotel_pittsburg_scan1_2012_dec_12/0014548-000487694727,left_right,INSUFFICIENT_SINGLE_INSTANCE_OBJECTS,
xtion/sun3ddata/hotel_sf/scan1/0003234-000219427994,left_right,INSUFFICIENT_SINGLE_INSTANCE_OBJECTS,
xtion/sun3ddata/hotel_sf/scan1/0007675-000371477997,left_right,INSUFFICIENT_SINGLE_INSTANCE_OBJECTS,
xtion/sun3ddata/hotel_sf/scan2/0000463-000058026001,left_right,NO_PAIR_CLEARS_GATES,
xtion/sun3ddata/hotel_sf/scan2/0002424-000124850998,left_right,NO_PAIR_CLEARS_GATES,
xtion/sun3ddata/hotel_singapore_2012/singapore_hotel1/0004508-000151123644,left_right,INSUFFICIENT_SINGLE_INSTANCE_OBJECTS,
xtion/sun3ddata/hotel_stb/scan1/0000673-000142639999,left_right,INSUFFICIENT_SINGLE_INSTANCE_OBJECTS,
xtion/sun3ddata/hotel_stb/scan1/0005741-000314928009,left_right,INSUFFICIENT_SINGLE_INSTANCE_OBJECTS,
xtion/sun3ddata/hotel_uc/scan2/0004780-000306940002,left_right,INSUFFICIENT_SINGLE_INSTANCE_OBJECTS,
xtion/sun3ddata/hotel_ucla_ant/hotel_room_ucla_scan1_2012_oct_05/0004385-000147001176,left_right,INSUFFICIENT_SINGLE_INSTANCE_OBJECTS,
xtion/sun3ddata/hotel_ucla_ant/hotel_room_ucla_scan1_2012_oct_05/0004606-000154408212,left_right,NO_PAIR_CLEARS_GATES,
xtion/sun3ddata/hotel_ucla_ant/hotel_room_ucla_scan1_2012_oct_05/0005148-000172573884,left_right,INSUFFICIENT_SINGLE_INSTANCE_OBJECTS,
xtion/sun3ddata/hotel_ucla_ant/hotel_room_ucla_scan1_2012_oct_05/0009340-000313072956,left_right,INSUFFICIENT_SINGLE_INSTANCE_OBJECTS,
xtion/sun3ddata/hotel_ucla_jx/ucla_hotel_1/0002166-000072595656,left_right,INSUFFICIENT_SINGLE_INSTANCE_OBJECTS,
xtion/sun3ddata/hotel_ucla_jx/ucla_hotel_1/0003743-000125517420,left_right,INSUFFICIENT_SINGLE_INSTANCE_OBJECTS,
xtion/sun3ddata/hotel_ucla_jx/ucla_hotel_1/0006884-000230791176,left_right,INSUFFICIENT_SINGLE_INSTANCE_OBJECTS,
xtion/sun3ddata/hotel_ucsd/la1/0004144-000138923820,left_right,INSUFFICIENT_SINGLE_INSTANCE_OBJECTS,
xtion/sun3ddata/hotel_umd/maryland_hotel1/0000699-000023394168,left_right,INSUFFICIENT_SINGLE_INSTANCE_OBJECTS,
xtion/sun3ddata/hotel_umd/maryland_hotel1/0000871-000029158920,left_right,NO_PAIR_CLEARS_GATES,
xtion/sun3ddata/hotel_umd/maryland_hotel1/0004469-000149749488,left_right,INSUFFICIENT_SINGLE_INSTANCE_OBJECTS,
xtion/sun3ddata/hotel_umd/maryland_hotel1/0005679-000190303848,left_right,INSUFFICIENT_SINGLE_INSTANCE_OBJECTS,
xtion/sun3ddata/hyatt_cambridge/hyatt_cambridge/0000242-000008077356,left_right,INSUFFICIENT_SINGLE_INSTANCE_OBJECTS,
xtion/sun3ddata/hyatt_cambridge/hyatt_cambridge/0004065-000136209024,left_right,NO_PAIR_CLEARS_GATES,
xtion/sun3ddata/hyatt_cambridge/hyatt_cambridge/0008090-000271144440,left_right,INSUFFICIENT_SINGLE_INSTANCE_OBJECTS,
xtion/sun3ddata/mit_13_xh_lab1/xh_lab1_1/0000666-000022288140,left_right,NO_PAIR_CLEARS_GATES,
xtion/sun3ddata/mit_13_xh_lab1/xh_lab1_1/0003119-000104502888,left_right,NO_PAIR_CLEARS_GATES,
xtion/sun3ddata/mit_13_xh_lab1/xh_lab1_1/0004069-000136343088,left_right,INSUFFICIENT_SINGLE_INSTANCE_OBJECTS,
xtion/sun3ddata/mit_1_242/classroom_1242_oct_30_2012_scan1_erika/0000012-000000512921,left_right,NO_PAIR_CLEARS_GATES,
xtion/sun3ddata/mit_1_242/classroom_1242_oct_30_2012_scan1_erika/0004313-000182538317,left_right,NO_PAIR_CLEARS_GATES,
xtion/sun3ddata/mit_1_242/classroom_1242_oct_30_2012_scan1_erika/0004552-000192727181,left_right,INSUFFICIENT_SINGLE_INSTANCE_OBJECTS,
xtion/sun3ddata/mit_1_375/classroom_1375_nov_6_2012_scan1_erika/0000366-000015655000,left_right,INSUFFICIENT_SINGLE_INSTANCE_OBJECTS,
xtion/sun3ddata/mit_1_375/classroom_1375_nov_6_2012_scan1_erika/0001336-000057985708,left_right,INSUFFICIENT_SINGLE_INSTANCE_OBJECTS,
xtion/sun3ddata/mit_1_375/classroom_1375_nov_6_2012_scan1_erika/0001563-000067805896,left_right,INSUFFICIENT_SINGLE_INSTANCE_OBJECTS,
xtion/sun3ddata/mit_26_100/classroom_26100_nov_2_2012_scan1_erika/0000182-000007631356,left_right,INSUFFICIENT_SINGLE_INSTANCE_OBJECTS,
xtion/sun3ddata/mit_26_100/classroom_26100_nov_2_2012_scan1_erika/0003042-000129193888,left_right,INSUFFICIENT_SINGLE_INSTANCE_OBJECTS,
xtion/sun3ddata/mit_26_100/classroom_26100_nov_2_2012_scan1_erika/0005657-000246835048,left_right,INSUFFICIENT_SINGLE_INSTANCE_OBJECTS,
xtion/sun3ddata/mit_26_100/classroom_26100_nov_2_2012_scan1_erika/0009809-000425207200,left_right,INSUFFICIENT_SINGLE_INSTANCE_OBJECTS,
xtion/sun3ddata/mit_26_100/classroom_26100_nov_2_2012_scan1_erika/0010624-000460700644,left_right,INSUFFICIENT_SINGLE_INSTANCE_OBJECTS,
xtion/sun3ddata/mit_26_100/classroom_26100_nov_2_2012_scan1_erika/0015233-000663237832,left_right,INSUFFICIENT_SINGLE_INSTANCE_OBJECTS,
xtion/sun3ddata/mit_32_123/123_1/0000965-000032314324,left_right,INSUFFICIENT_SINGLE_INSTANCE_OBJECTS,
xtion/sun3ddata/mit_32_123/123_1/0007010-000234918544,left_right,INSUFFICIENT_SINGLE_INSTANCE_OBJECTS,
xtion/sun3ddata/mit_32_123/123_1/0007777-000260625316,left_right,INSUFFICIENT_SINGLE_INSTANCE_OBJECTS,
xtion/sun3ddata/mit_32_123/123_1/0010327-000346091116,left_right,INSUFFICIENT_SINGLE_INSTANCE_OBJECTS,
xtion/sun3ddata/mit_32_123/123_1/0011789-000395091508,left_right,INSUFFICIENT_SINGLE_INSTANCE_OBJECTS,
xtion/sun3ddata/mit_32_123/123_1/0016368-000548561272,left_right,INSUFFICIENT_SINGLE_INSTANCE_OBJECTS,
xtion/sun3ddata/mit_32_123/123_1/0018835-000631245244,left_right,INSUFFICIENT_SINGLE_INSTANCE_OBJECTS,
xtion/sun3ddata/mit_32_123/123_1/0021178-000709773232,left_right,INSUFFICIENT_SINGLE_INSTANCE_OBJECTS,
xtion/sun3ddata/mit_32_124/124_1/0000357-000012300372,left_right,INSUFFICIENT_SINGLE_INSTANCE_OBJECTS,
xtion/sun3ddata/mit_32_124/124_1/0001660-000055971720,left_right,NO_PAIR_CLEARS_GATES,
xtion/sun3ddata/mit_32_124/124_1/0001980-000066696840,left_right,INSUFFICIENT_SINGLE_INSTANCE_OBJECTS,
xtion/sun3ddata/mit_32_124/124_1/0002777-000093409092,left_right,INSUFFICIENT_SINGLE_INSTANCE_OBJECTS,
xtion/sun3ddata/mit_32_124/124_1/0004166-000139962816,left_right,INSUFFICIENT_SINGLE_INSTANCE_OBJECTS,
xtion/sun3ddata/mit_32_124/124_1/0006015-000201933900,left_right,INSUFFICIENT_SINGLE_INSTANCE_OBJECTS,
xtion/sun3ddata/mit_32_144/classroom_32144_nov_2_2012_scan1_erika/0003730-000167046251,left_right,INSUFFICIENT_SINGLE_INSTANCE_OBJECTS,
xtion/sun3ddata/mit_32_144/classroom_32144_nov_2_2012_scan1_erika/0005556-000247786295,left_right,INSUFFICIENT_SINGLE_INSTANCE_OBJECTS,
xtion/sun3ddata/mit_32_144/classroom_32144_nov_2_2012_scan1_erika/0006841-000305668427,left_right,INSUFFICIENT_SINGLE_INSTANCE_OBJECTS,
xtion/sun3ddata/mit_32_144/classroom_32144_nov_2_2012_scan1_erika/0007099-000317734187,left_right,INSUFFICIENT_SINGLE_INSTANCE_OBJECTS,
xtion/sun3ddata/mit_32_144/classroom_32144_nov_2_2012_scan1_erika/0007420-000332548259,left_right,INSUFFICIENT_SINGLE_INSTANCE_OBJECTS,
xtion/sun3ddata/mit_32_144/classroom_32144_nov_2_2012_scan1_erika/0007676-000344211827,left_right,INSUFFICIENT_SINGLE_INSTANCE_OBJECTS,
xtion/sun3ddata/mit_32_261/261_1/0001177-000039438738,left_right,INSUFFICIENT_SINGLE_INSTANCE_OBJECTS,
xtion/sun3ddata/mit_32_261/261_1/0001988-000066620214,left_right,INSUFFICIENT_SINGLE_INSTANCE_OBJECTS,
xtion/sun3ddata/mit_32_261/261_1/0002627-000088036938,left_right,INSUFFICIENT_SINGLE_INSTANCE_OBJECTS,
xtion/sun3ddata/mit_32_261/261_1/0002979-000099834570,left_right,INSUFFICIENT_SINGLE_INSTANCE_OBJECTS,
xtion/sun3ddata/mit_32_262/262_1/0000803-000026946864,left_right,INSUFFICIENT_SINGLE_INSTANCE_OBJECTS,
xtion/sun3ddata/mit_32_262/262_1/0001417-000047525688,left_right,INSUFFICIENT_SINGLE_INSTANCE_OBJECTS,
xtion/sun3ddata/mit_32_262/262_1/0001829-000061334280,left_right,INSUFFICIENT_SINGLE_INSTANCE_OBJECTS,
xtion/sun3ddata/mit_32_397/397_1/0000107-000003569895,left_right,INSUFFICIENT_SINGLE_INSTANCE_OBJECTS,
xtion/sun3ddata/mit_32_397/397_1/0000672-000022506435,left_right,NO_PAIR_CLEARS_GATES,
xtion/sun3ddata/mit_32_397/397_1/0003244-000108709587,left_right,INSUFFICIENT_SINGLE_INSTANCE_OBJECTS,
xtion/sun3ddata/mit_32_397/397_1/0004027-000134952615,left_right,INSUFFICIENT_SINGLE_INSTANCE_OBJECTS,
xtion/sun3ddata/mit_32_bar/bar_1/0000022-000000735667,left_right,INSUFFICIENT_SINGLE_INSTANCE_OBJECTS,
xtion/sun3ddata/mit_32_bar/bar_1/0000883-000029592943,left_right,INSUFFICIENT_SINGLE_INSTANCE_OBJECTS,
xtion/sun3ddata/mit_32_bar/bar_1/0001900-000063678715,left_right,NO_PAIR_CLEARS_GATES,
xtion/sun3ddata/mit_32_bar/bar_1/0003889-000130342039,left_right,INSUFFICIENT_SINGLE_INSTANCE_OBJECTS,
xtion/sun3ddata/mit_32_bikeroom/bikeroom_1/0000263-000008781192,left_right,INSUFFICIENT_SINGLE_INSTANCE_OBJECTS,
xtion/sun3ddata/mit_32_bikeroom/bikeroom_1/0001840-000061635924,left_right,INSUFFICIENT_SINGLE_INSTANCE_OBJECTS,
xtion/sun3ddata/mit_32_d407/d407-1/0000004-000000110172,left_right,NO_PAIR_CLEARS_GATES,
xtion/sun3ddata/mit_32_d407/d407-1/0001448-000048507276,left_right,INSUFFICIENT_SINGLE_INSTANCE_OBJECTS,
xtion/sun3ddata/mit_32_d407/d407-1/0002954-000098982372,left_right,INSUFFICIENT_SINGLE_INSTANCE_OBJECTS,
xtion/sun3ddata/mit_32_d446/d446_1/0000264-000008814708,left_right,INSUFFICIENT_SINGLE_INSTANCE_OBJECTS,
xtion/sun3ddata/mit_32_d446/d446_1/0003344-000112043988,left_right,INSUFFICIENT_SINGLE_INSTANCE_OBJECTS,
xtion/sun3ddata/mit_32_d446/d446_1/0004222-000141471036,left_right,INSUFFICIENT_SINGLE_INSTANCE_OBJECTS,
xtion/sun3ddata/mit_32_d446/d446_1/0004585-000153637344,left_right,INSUFFICIENT_SINGLE_INSTANCE_OBJECTS,
xtion/sun3ddata/mit_32_d451/d451-1/0000978-000032770846,left_right,NO_PAIR_CLEARS_GATES,
xtion/sun3ddata/mit_32_d451/d451-1/0003346-000112136734,left_right,NO_PAIR_CLEARS_GATES,
xtion/sun3ddata/mit_32_d451/d451-1/0005457-000182889010,left_right,INSUFFICIENT_SINGLE_INSTANCE_OBJECTS,
xtion/sun3ddata/mit_32_d451/d451-1/0006714-000225018622,left_right,INSUFFICIENT_SINGLE_INSTANCE_OBJECTS,
xtion/sun3ddata/mit_32_d460/d460-1/0000684-000022891428,left_right,INSUFFICIENT_SINGLE_INSTANCE_OBJECTS,
xtion/sun3ddata/mit_32_d460/d460-1/0003205-000107385264,left_right,INSUFFICIENT_SINGLE_INSTANCE_OBJECTS,
xtion/sun3ddata/mit_32_d463/d463_1/0004263-000142894552,left_right,NO_PAIR_CLEARS_GATES,
xtion/sun3ddata/mit_32_d463/d463_1/0004731-000158580040,left_right,NO_PAIR_CLEARS_GATES,
xtion/sun3ddata/mit_32_d463/d463_1/0005514-000184823068,left_right,INSUFFICIENT_SINGLE_INSTANCE_OBJECTS,
xtion/sun3ddata/mit_32_d463/d463_1/0006666-000223433500,left_right,INSUFFICIENT_SINGLE_INSTANCE_OBJECTS,
xtion/sun3ddata/mit_32_d463/d463_1/0007394-000247833148,left_right,INSUFFICIENT_SINGLE_INSTANCE_OBJECTS,
xtion/sun3ddata/mit_32_d466/d466-1/0001045-000034990704,left_right,NO_PAIR_CLEARS_GATES,
xtion/sun3ddata/mit_32_d507/d507_1/0002140-000071690724,left_right,INSUFFICIENT_SINGLE_INSTANCE_OBJECTS,
xtion/sun3ddata/mit_32_d507/d507_1/0002501-000083790000,left_right,INSUFFICIENT_SINGLE_INSTANCE_OBJECTS,
xtion/sun3ddata/mit_32_d6_lounge/d6_lounge_1/0000142-000004759272,left_right,INSUFFICIENT_SINGLE_INSTANCE_OBJECTS,
xtion/sun3ddata/mit_32_d6_lounge/d6_lounge_1/0000466-000015618456,left_right,INSUFFICIENT_SINGLE_INSTANCE_OBJECTS,
xtion/sun3ddata/mit_32_d6_lounge/d6_lounge_1/0000743-000024902388,left_right,INSUFFICIENT_SINGLE_INSTANCE_OBJECTS,
xtion/sun3ddata/mit_32_d6_lounge/d6_lounge_1/0001587-000053189892,left_right,INSUFFICIENT_SINGLE_INSTANCE_OBJECTS,
xtion/sun3ddata/mit_32_d6_lounge/d6_lounge_1/0004358-000146062728,left_right,NO_PAIR_CLEARS_GATES,
xtion/sun3ddata/mit_32_d6_lounge/d6_lounge_1/0004504-000150956064,left_right,INSUFFICIENT_SINGLE_INSTANCE_OBJECTS,
xtion/sun3ddata/mit_32_g431/g431_1/0000145-000004830915,left_right,INSUFFICIENT_SINGLE_INSTANCE_OBJECTS,
xtion/sun3ddata/mit_32_g431/g431_1/0001049-000035129379,left_right,INSUFFICIENT_SINGLE_INSTANCE_OBJECTS,
xtion/sun3ddata/mit_32_g431/g431_1/0001986-000066533871,left_right,INSUFFICIENT_SINGLE_INSTANCE_OBJECTS,
xtion/sun3ddata/mit_32_g431/g431_1/0002297-000076957347,left_right,INSUFFICIENT_SINGLE_INSTANCE_OBJECTS,
xtion/sun3ddata/mit_32_g431/g431_1/0003084-000103334439,left_right,INSUFFICIENT_SINGLE_INSTANCE_OBJECTS,
xtion/sun3ddata/mit_32_g449/g449_1/0000862-000028857276,left_right,NO_PAIR_CLEARS_GATES,
xtion/sun3ddata/mit_32_g449/g449_1/0003176-000106413300,left_right,INSUFFICIENT_SINGLE_INSTANCE_OBJECTS,
xtion/sun3ddata/mit_32_g449/g449_1/0004972-000166608036,left_right,INSUFFICIENT_SINGLE_INSTANCE_OBJECTS,
xtion/sun3ddata/mit_32_g449/g449_1/0005455-000182796264,left_right,INSUFFICIENT_SINGLE_INSTANCE_OBJECTS,
xtion/sun3ddata/mit_32_g451/g451_1/0001966-000065882350,left_right,INSUFFICIENT_SINGLE_INSTANCE_OBJECTS,
xtion/sun3ddata/mit_32_g460/g460_1/0001629-000054667337,left_right,INSUFFICIENT_SINGLE_INSTANCE_OBJECTS,
xtion/sun3ddata/mit_32_g460/g460_1/0002508-000084127901,left_right,INSUFFICIENT_SINGLE_INSTANCE_OBJECTS,
xtion/sun3ddata/mit_32_g460/g460_1/0003202-000107421521,left_right,INSUFFICIENT_SINGLE_INSTANCE_OBJECTS,
xtion/sun3ddata/mit_32_g460/g460_1/0004283-000143652317,left_right,INSUFFICIENT_SINGLE_INSTANCE_OBJECTS,
xtion/sun3ddata/mit_32_g460/g460_1/0005266-000176632061,left_right,INSUFFICIENT_SINGLE_INSTANCE_OBJECTS,
xtion/sun3ddata/mit_32_g531/g531_1/0001457-000048799296,left_right,INSUFFICIENT_SINGLE_INSTANCE_OBJECTS,
xtion/sun3ddata/mit_32_g531/g531_1/0002602-000087175116,left_right,INSUFFICIENT_SINGLE_INSTANCE_OBJECTS,
xtion/sun3ddata/mit_32_g531/g531_1/0002999-000100480968,left_right,INSUFFICIENT_SINGLE_INSTANCE_OBJECTS,
xtion/sun3ddata/mit_32_g531/g531_1/0003586-000120154860,left_right,INSUFFICIENT_SINGLE_INSTANCE_OBJECTS,
xtion/sun3ddata/mit_32_g5_lounge/g5_lounge_1/0000044-000001476830,left_right,INSUFFICIENT_SINGLE_INSTANCE_OBJECTS,
xtion/sun3ddata/mit_32_g5_lounge/g5_lounge_1/0001562-000052354118,left_right,INSUFFICIENT_SINGLE_INSTANCE_OBJECTS,
xtion/sun3ddata/mit_32_g5_lounge/g5_lounge_1/0003652-000122402558,left_right,INSUFFICIENT_SINGLE_INSTANCE_OBJECTS,
xtion/sun3ddata/mit_32_g5_lounge/g5_lounge_1/0005135-000172106786,left_right,INSUFFICIENT_SINGLE_INSTANCE_OBJECTS,
xtion/sun3ddata/mit_32_g631/g631_1/0000751-000025160305,left_right,INSUFFICIENT_SINGLE_INSTANCE_OBJECTS,
xtion/sun3ddata/mit_32_g631/g631_1/0000926-000031025605,left_right,INSUFFICIENT_SINGLE_INSTANCE_OBJECTS,
xtion/sun3ddata/mit_32_g631/g631_1/0003897-000130601641,left_right,INSUFFICIENT_SINGLE_INSTANCE_OBJECTS,
xtion/sun3ddata/mit_32_g631/g631_1/0004301-000144142105,left_right,INSUFFICIENT_SINGLE_INSTANCE_OBJECTS,
xtion/sun3ddata/mit_32_g631/g631_1/0004949-000165860473,left_right,NO_PAIR_CLEARS_GATES,
xtion/sun3ddata/mit_32_g660/g660_1/0002038-000068339746,left_right,INSUFFICIENT_SINGLE_INSTANCE_OBJECTS,
xtion/sun3ddata/mit_32_g660/g660_1/0002199-000073735822,left_right,INSUFFICIENT_SINGLE_INSTANCE_OBJECTS,
xtion/sun3ddata/mit_32_g660/g660_1/0002526-000084695554,left_right,INSUFFICIENT_SINGLE_INSTANCE_OBJECTS,
xtion/sun3ddata/mit_32_g660/g660_1/0004271-000143180974,left_right,NO_PAIR_CLEARS_GATES,
xtion/sun3ddata/mit_32_g660/g660_1/0005063-000169725646,left_right,INSUFFICIENT_SINGLE_INSTANCE_OBJECTS,
xtion/sun3ddata/mit_32_g660/g660_1/0005415-000181523278,left_right,INSUFFICIENT_SINGLE_INSTANCE_OBJECTS,
xtion/sun3ddata/mit_32_g725/g725_1/0000003-000000103147,left_right,NO_PAIR_CLEARS_GATES,
xtion/sun3ddata/mit_32_g725/g725_1/0000602-000020179231,left_right,INSUFFICIENT_SINGLE_INSTANCE_OBJECTS,
xtion/sun3ddata/mit_32_g725/g725_1/0001116-000037406455,left_right,INSUFFICIENT_SINGLE_INSTANCE_OBJECTS,
xtion/sun3ddata/mit_32_g7_lounge/g7_lounge_1/0000140-000004658724,left_right,INSUFFICIENT_SINGLE_INSTANCE_OBJECTS,
xtion/sun3ddata/mit_32_g7_lounge/g7_lounge_1/0000933-000031236912,left_right,INSUFFICIENT_SINGLE_INSTANCE_OBJECTS,
xtion/sun3ddata/mit_32_g7_lounge/g7_lounge_1/0002336-000078259860,left_right,INSUFFICIENT_SINGLE_INSTANCE_OBJECTS,
xtion/sun3ddata/mit_32_g882/g882_1/0000003-000000097687,left_right,INSUFFICIENT_SINGLE_INSTANCE_OBJECTS,
xtion/sun3ddata/mit_32_g882/g882_1/0000659-000022352311,left_right,INSUFFICIENT_SINGLE_INSTANCE_OBJECTS,
xtion/sun3ddata/mit_32_g882/g882_1/0001739-000058549591,left_right,INSUFFICIENT_SINGLE_INSTANCE_OBJECTS,
xtion/sun3ddata/mit_32_g882/g882_1/0002791-000093808423,left_right,INSUFFICIENT_SINGLE_INSTANCE_OBJECTS,
xtion/sun3ddata/mit_32_g882/g882_1/0003082-000103561579,left_right,INSUFFICIENT_SINGLE_INSTANCE_OBJECTS,
xtion/sun3ddata/mit_32_g882/g882_1/0004330-000145389547,left_right,INSUFFICIENT_SINGLE_INSTANCE_OBJECTS,
xtion/sun3ddata/mit_32_g882/g882_1/0004870-000163488187,left_right,NO_PAIR_CLEARS_GATES,
xtion/sun3ddata/mit_32_g9_lounge/g9_lounge_1/0001404-000047022948,left_right,NO_PAIR_CLEARS_GATES,
xtion/sun3ddata/mit_32_g9_lounge/g9_lounge_1/0002565-000085935024,left_right,INSUFFICIENT_SINGLE_INSTANCE_OBJECTS,
xtion/sun3ddata/mit_32_g9_lounge/g9_lounge_1/0003123-000104670468,left_right,INSUFFICIENT_SINGLE_INSTANCE_OBJECTS,
xtion/sun3ddata/mit_32_g9_lounge/g9_lounge_1/0003807-000127595412,left_right,INSUFFICIENT_SINGLE_INSTANCE_OBJECTS,
xtion/sun3ddata/mit_32_g9_lounge/g9_lounge_1/0004311-000144487476,left_right,INSUFFICIENT_SINGLE_INSTANCE_OBJECTS,
xtion/sun3ddata/mit_32_g9_lounge/g9_lounge_1/0004552-000152564832,left_right,NO_PAIR_CLEARS_GATES,
xtion/sun3ddata/mit_32_g9_lounge/g9_lounge_1/0005455-000182896812,left_right,INSUFFICIENT_SINGLE_INSTANCE_OBJECTS,
xtion/sun3ddata/mit_32_g9_lounge/g9_lounge_1/0005837-000195699924,left_right,INSUFFICIENT_SINGLE_INSTANCE_OBJECTS,
xtion/sun3ddata/mit_32_lounge_d429/d4_lounge_1/0000028-000000904932,left_right,INSUFFICIENT_SINGLE_INSTANCE_OBJECTS,
xtion/sun3ddata/mit_32_lounge_d429/d4_lounge_1/0000335-000011194344,left_right,INSUFFICIENT_SINGLE_INSTANCE_OBJECTS,
xtion/sun3ddata/mit_32_lounge_d429/d4_lounge_1/0000805-000026946864,left_right,INSUFFICIENT_SINGLE_INSTANCE_OBJECTS,
xtion/sun3ddata/mit_32_lounge_d429/d4_lounge_1/0002719-000091096488,left_right,NO_PAIR_CLEARS_GATES,
xtion/sun3ddata/mit_32_lounge_d4_bill/d4_lounge_vision_1/0000567-000019137636,left_right,INSUFFICIENT_SINGLE_INSTANCE_OBJECTS,
xtion/sun3ddata/mit_32_lounge_d4_bill/d4_lounge_vision_1/0007429-000249124428,left_right,INSUFFICIENT_SINGLE_INSTANCE_OBJECTS,
xtion/sun3ddata/mit_32_pingpong/pingpong_1/0001031-000034521480,left_right,INSUFFICIENT_SINGLE_INSTANCE_OBJECTS,
xtion/sun3ddata/mit_32_pingpong/pingpong_1/0003048-000102123252,left_right,INSUFFICIENT_SINGLE_INSTANCE_OBJECTS,
xtion/sun3ddata/mit_32_pool/pool_1/0000004-000000110323,left_right,INSUFFICIENT_SINGLE_INSTANCE_OBJECTS,
xtion/sun3ddata/mit_32_pool/pool_1/0001461-000048943135,left_right,INSUFFICIENT_SINGLE_INSTANCE_OBJECTS,
xtion/sun3ddata/mit_32_pool/pool_1/0001970-000066002779,left_right,INSUFFICIENT_SINGLE_INSTANCE_OBJECTS,
xtion/sun3ddata/mit_34_302/classroom_34302_oct_30_2012_scan1_erika/0000445-000018674310,left_right,NO_PAIR_CLEARS_GATES,
xtion/sun3ddata/mit_34_302/classroom_34302_oct_30_2012_scan1_erika/0000793-000033119706,left_right,NO_PAIR_CLEARS_GATES,
xtion/sun3ddata/mit_34_302/classroom_34302_oct_30_2012_scan1_erika/0001152-000048067842,left_right,INSUFFICIENT_SINGLE_INSTANCE_OBJECTS,
xtion/sun3ddata/mit_36_144/classroom_36144_nov_2_2012_scan1_erika/0000003-000000100548,left_right,INSUFFICIENT_SINGLE_INSTANCE_OBJECTS,
xtion/sun3ddata/mit_36_144/classroom_36144_nov_2_2012_scan1_erika/0000939-000038107692,left_right,INSUFFICIENT_SINGLE_INSTANCE_OBJECTS,
xtion/sun3ddata/mit_36_144/classroom_36144_nov_2_2012_scan1_erika/0001157-000046989432,left_right,INSUFFICIENT_SINGLE_INSTANCE_OBJECTS,
xtion/sun3ddata/mit_36_144/classroom_36144_nov_2_2012_scan1_erika/0001332-000053960760,left_right,INSUFFICIENT_SINGLE_INSTANCE_OBJECTS,
xtion/sun3ddata/mit_36_144/classroom_36144_nov_2_2012_scan1_erika/0002487-000104737500,left_right,INSUFFICIENT_SINGLE_INSTANCE_OBJECTS,
xtion/sun3ddata/mit_36_ti_lab/tian_lab_1/0000013-000000421968,left_right,NO_PAIR_CLEARS_GATES,
xtion/sun3ddata/mit_36_ti_lab/tian_lab_1/0000999-000033468744,left_right,NO_PAIR_CLEARS_GATES,
xtion/sun3ddata/mit_36_ti_lab/tian_lab_1/0002505-000083943840,left_right,INSUFFICIENT_SINGLE_INSTANCE_OBJECTS,
xtion/sun3ddata/mit_36_ti_lab/tian_lab_1/0003947-000132273912,left_right,NO_PAIR_CLEARS_GATES,
xtion/sun3ddata/mit_36_ti_lab/tian_lab_1/0005070-000169945896,left_right,INSUFFICIENT_SINGLE_INSTANCE_OBJECTS,
xtion/sun3ddata/mit_36_ti_lab2/tian_lab_a/0000974-000032611068,left_right,INSUFFICIENT_SINGLE_INSTANCE_OBJECTS,
xtion/sun3ddata/mit_36_ti_office/tian_office_1/0000755-000025271064,left_right,NO_PAIR_CLEARS_GATES,
xtion/sun3ddata/mit_36_ti_office/tian_office_1/0001320-000044241120,left_right,NO_PAIR_CLEARS_GATES,
xtion/sun3ddata/mit_3_133/classroom_3133_nov_6_2012_scan1_erika/0000556-000023997456,left_right,NO_PAIR_CLEARS_GATES,
xtion/sun3ddata/mit_3_133/classroom_3133_nov_6_2012_scan1_erika/0002253-000099106812,left_right,INSUFFICIENT_SINGLE_INSTANCE_OBJECTS,
xtion/sun3ddata/mit_3_270/classroom_3270_oct_30_2012_scan1_erika/0000003-000000100548,left_right,INSUFFICIENT_SINGLE_INSTANCE_OBJECTS,
xtion/sun3ddata/mit_3_270/classroom_3270_oct_30_2012_scan1_erika/0000167-000006837264,left_right,INSUFFICIENT_SINGLE_INSTANCE_OBJECTS,
xtion/sun3ddata/mit_3_270/classroom_3270_oct_30_2012_scan1_erika/0000701-000029225952,left_right,INSUFFICIENT_SINGLE_INSTANCE_OBJECTS,
xtion/sun3ddata/mit_3_270/classroom_3270_oct_30_2012_scan1_erika/0001194-000049905324,left_right,INSUFFICIENT_SINGLE_INSTANCE_OBJECTS,
xtion/sun3ddata/mit_3_270/classroom_3270_oct_30_2012_scan1_erika/0001404-000058787064,left_right,NO_PAIR_CLEARS_GATES,
xtion/sun3ddata/mit_3_270/classroom_3270_oct_30_2012_scan1_erika/0005813-000252375480,left_right,INSUFFICIENT_SINGLE_INSTANCE_OBJECTS,
xtion/sun3ddata/mit_3_270/classroom_3270_oct_30_2012_scan1_erika/0006480-000281467368,left_right,INSUFFICIENT_SINGLE_INSTANCE_OBJECTS,
xtion/sun3ddata/mit_3_huge_office/cl_1/0000009-000000268128,left_right,INSUFFICIENT_SINGLE_INSTANCE_OBJECTS,
xtion/sun3ddata/mit_3_huge_office/cl_1/0004083-000136812312,left_right,INSUFFICIENT_SINGLE_INSTANCE_OBJECTS,
xtion/sun3ddata/mit_3_huge_office/cl_1/0004170-000139728204,left_right,INSUFFICIENT_SINGLE_INSTANCE_OBJECTS,
xtion/sun3ddata/mit_3_huge_office/cl_1/0006433-000215574912,left_right,NO_PAIR_CLEARS_GATES,
xtion/sun3ddata/mit_3_huge_office/cl_1/0008689-000291187008,left_right,INSUFFICIENT_SINGLE_INSTANCE_OBJECTS,
xtion/sun3ddata/mit_3_huge_office/cl_2/0000736-000024902388,left_right,NO_PAIR_CLEARS_GATES,
xtion/sun3ddata/mit_3_huge_office/cl_2/0002006-000067467708,left_right,INSUFFICIENT_SINGLE_INSTANCE_OBJECTS,
xtion/sun3ddata/mit_3_huge_office/cl_2/0002215-000074472552,left_right,NO_PAIR_CLEARS_GATES,
xtion/sun3ddata/mit_46_4conf_1/bcs_floor4_conf_1/0000837-000028354536,left_right,NO_PAIR_CLEARS_GATES,
xtion/sun3ddata/mit_46_4conf_1/bcs_floor4_conf_1/0002807-000094381056,left_right,INSUFFICIENT_SINGLE_INSTANCE_OBJECTS,
xtion/sun3ddata/mit_46_4conf_2/bcs_floor4_conf_a/0002895-000097354678,left_right,INSUFFICIENT_SINGLE_INSTANCE_OBJECTS,
xtion/sun3ddata/mit_46_5bathroom/bcs_floor5_bathroom/0001022-000034454448,left_right,INSUFFICIENT_SINGLE_INSTANCE_OBJECTS,
xtion/sun3ddata/mit_46_5bathroom/bcs_floor5_bathroom/0001347-000045347148,left_right,INSUFFICIENT_SINGLE_INSTANCE_OBJECTS,
xtion/sun3ddata/mit_46_5conf_1/bcs_floor5_conf_1/0000456-000015450876,left_right,INSUFFICIENT_SINGLE_INSTANCE_OBJECTS,
xtion/sun3ddata/mit_46_5conf_1/bcs_floor5_conf_1/0001842-000061937568,left_right,INSUFFICIENT_SINGLE_INSTANCE_OBJECTS,
xtion/sun3ddata/mit_46_5conf_1/bcs_floor5_conf_1/0003038-000102022704,left_right,INSUFFICIENT_SINGLE_INSTANCE_OBJECTS,
xtion/sun3ddata/mit_46_5conf_1/bcs_floor5_conf_1/0003776-000126757512,left_right,INSUFFICIENT_SINGLE_INSTANCE_OBJECTS,
xtion/sun3ddata/mit_46_5conf_2/bcs_floor5_conf_a/0000287-000009609244,left_right,INSUFFICIENT_SINGLE_INSTANCE_OBJECTS,
xtion/sun3ddata/mit_46_5conf_2/bcs_floor5_conf_a/0000541-000018122308,left_right,INSUFFICIENT_SINGLE_INSTANCE_OBJECTS,
xtion/sun3ddata/mit_46_5conf_2/bcs_floor5_conf_a/0000806-000027004048,left_right,INSUFFICIENT_SINGLE_INSTANCE_OBJECTS,
xtion/sun3ddata/mit_46_5conf_2/bcs_floor5_conf_a/0001045-000035014372,left_right,INSUFFICIENT_SINGLE_INSTANCE_OBJECTS,
xtion/sun3ddata/mit_46_5conf_2/bcs_floor5_conf_a/0001365-000045739492,left_right,INSUFFICIENT_SINGLE_INSTANCE_OBJECTS,
xtion/sun3ddata/mit_46_5conf_2/bcs_floor5_conf_a/0003813-000127820176,left_right,INSUFFICIENT_SINGLE_INSTANCE_OBJECTS,
xtion/sun3ddata/mit_46_5lounge/bcs_floor5_lounge/0001374-000046271855,left_right,INSUFFICIENT_SINGLE_INSTANCE_OBJECTS,
xtion/sun3ddata/mit_46_5lounge/bcs_floor5_lounge/0001538-000051768479,left_right,INSUFFICIENT_SINGLE_INSTANCE_OBJECTS,
xtion/sun3ddata/mit_46_6bathroom/bcs_floor6_restroom/0000329-000011294892,left_right,NO_PAIR_CLEARS_GATES,
xtion/sun3ddata/mit_46_6bathroom/bcs_floor6_restroom/0000648-000021986496,left_right,INSUFFICIENT_SINGLE_INSTANCE_OBJECTS,
xtion/sun3ddata/mit_46_6bathroom/bcs_floor6_restroom/0001031-000034823124,left_right,INSUFFICIENT_SINGLE_INSTANCE_OBJECTS,
xtion/sun3ddata/mit_46_6conf/bcs_floor6_conf_1/0000298-000010255896,left_right,NO_PAIR_CLEARS_GATES,
xtion/sun3ddata/mit_46_6conf/bcs_floor6_conf_1/0002335-000078561504,left_right,INSUFFICIENT_SINGLE_INSTANCE_OBJECTS,
xtion/sun3ddata/mit_46_6conf/bcs_floor6_conf_1/0002440-000082080684,left_right,INSUFFICIENT_SINGLE_INSTANCE_OBJECTS,
xtion/sun3ddata/mit_46_6lounge/bcs_floor6_long/0002654-000089206629,left_right,INSUFFICIENT_SINGLE_INSTANCE_OBJECTS,
xtion/sun3ddata/mit_46_6lounge/bcs_floor6_long/0003165-000106333305,left_right,NO_PAIR_CLEARS_GATES,
xtion/sun3ddata/mit_46_6lounge/bcs_floor6_long/0005274-000177018549,left_right,INSUFFICIENT_SINGLE_INSTANCE_OBJECTS,
xtion/sun3ddata/mit_46_6lounge/bcs_floor6_long/0009313-000312389673,left_right,INSUFFICIENT_SINGLE_INSTANCE_OBJECTS,
xtion/sun3ddata/mit_46_6lounge/bcs_floor6_long/0009561-000320701641,left_right,INSUFFICIENT_SINGLE_INSTANCE_OBJECTS,
xtion/sun3ddata/mit_46_6lounge/bcs_floor6_long/0013087-000438912573,left_right,INSUFFICIENT_SINGLE_INSTANCE_OBJECTS,
xtion/sun3ddata/mit_46_ted_lab1/ted_lab_1/0002812-000094326531,left_right,INSUFFICIENT_SINGLE_INSTANCE_OBJECTS,
xtion/sun3ddata/mit_46_ted_lab1/ted_lab_1/0005125-000171882555,left_right,NO_PAIR_CLEARS_GATES,
xtion/sun3ddata/mit_46_ted_lab2/ted_lab_a/0001260-000042408087,left_right,INSUFFICIENT_SINGLE_INSTANCE_OBJECTS,
xtion/sun3ddata/mit_46_ted_lab2/ted_lab_a/0004572-000153446595,left_right,INSUFFICIENT_SINGLE_INSTANCE_OBJECTS,
xtion/sun3ddata/mit_46_ted_lab2/ted_lab_a/0010978-000368150091,left_right,INSUFFICIENT_SINGLE_INSTANCE_OBJECTS,
xtion/sun3ddata/mit_46_ted_lab2/ted_lab_a/0011527-000386550375,left_right,INSUFFICIENT_SINGLE_INSTANCE_OBJECTS,
xtion/sun3ddata/mit_46_ted_lab2/ted_lab_a/0012899-000432534327,left_right,INSUFFICIENT_SINGLE_INSTANCE_OBJECTS,
xtion/sun3ddata/mit_5_234/classroom_5234_nov_6_2012_scan1_erika/0000568-000025732599,left_right,INSUFFICIENT_SINGLE_INSTANCE_OBJECTS,
xtion/sun3ddata/mit_5_234/classroom_5234_nov_6_2012_scan1_erika/0001345-000059114535,left_right,INSUFFICIENT_SINGLE_INSTANCE_OBJECTS,
xtion/sun3ddata/mit_5_234/classroom_5234_nov_6_2012_scan1_erika/0003739-000164790483,left_right,INSUFFICIENT_SINGLE_INSTANCE_OBJECTS,
xtion/sun3ddata/mit_6_120/classroom_6120_nov_2_2012_scan1_erika/0000005-000000215496,left_right,INSUFFICIENT_SINGLE_INSTANCE_OBJECTS,
xtion/sun3ddata/mit_6_120/classroom_6120_nov_2_2012_scan1_erika/0000851-000037485288,left_right,INSUFFICIENT_SINGLE_INSTANCE_OBJECTS,
xtion/sun3ddata/mit_6_120/classroom_6120_nov_2_2012_scan1_erika/0002357-000104785416,left_right,INSUFFICIENT_SINGLE_INSTANCE_OBJECTS,
xtion/sun3ddata/mit_76_417/76-417a/0001305-000043704864,left_right,INSUFFICIENT_SINGLE_INSTANCE_OBJECTS,
xtion/sun3ddata/mit_76_417/76-417a/0001552-000051983316,left_right,INSUFFICIENT_SINGLE_INSTANCE_OBJECTS,
xtion/sun3ddata/mit_76_417/76-417a/0003032-000101586996,left_right,INSUFFICIENT_SINGLE_INSTANCE_OBJECTS,
xtion/sun3ddata/mit_76_417/76-417a/0006871-000230321952,left_right,INSUFFICIENT_SINGLE_INSTANCE_OBJECTS,
xtion/sun3ddata/mit_76_417/76-417a/0009266-000310592772,left_right,INSUFFICIENT_SINGLE_INSTANCE_OBJECTS,
xtion/sun3ddata/mit_76_417/76-417a/0010998-000368642484,left_right,INSUFFICIENT_SINGLE_INSTANCE_OBJECTS,
xtion/sun3ddata/mit_76_417/76-417a/0016110-000539976276,left_right,NO_PAIR_CLEARS_GATES,
xtion/sun3ddata/mit_76_459/76-459a/0000294-000009920736,left_right,INSUFFICIENT_SINGLE_INSTANCE_OBJECTS,
xtion/sun3ddata/mit_76_459/76-459a/0000513-000017260740,left_right,INSUFFICIENT_SINGLE_INSTANCE_OBJECTS,
xtion/sun3ddata/mit_76_459/76-459a/0001231-000041325228,left_right,INSUFFICIENT_SINGLE_INSTANCE_OBJECTS,
xtion/sun3ddata/mit_76_459/76-459a/0002471-000082885068,left_right,INSUFFICIENT_SINGLE_INSTANCE_OBJECTS,
xtion/sun3ddata/mit_76_459/76-459a/0002848-000095520600,left_right,INSUFFICIENT_SINGLE_INSTANCE_OBJECTS,
xtion/sun3ddata/mit_76_459/76-459a/0003177-000106547364,left_right,INSUFFICIENT_SINGLE_INSTANCE_OBJECTS,
xtion/sun3ddata/mit_76_4kitchen/76-4kitchen1/0000008-000000405240,left_right,NO_PAIR_CLEARS_GATES,
xtion/sun3ddata/mit_76_4lounge/76-4lounge/0000040-000001329447,left_right,NO_PAIR_CLEARS_GATES,
xtion/sun3ddata/mit_76_4lounge/76-4lounge/0000315-000010546347,left_right,NO_PAIR_CLEARS_GATES,
xtion/sun3ddata/mit_76_4lounge/76-4lounge/0000801-000026835123,left_right,INSUFFICIENT_SINGLE_INSTANCE_OBJECTS,
xtion/sun3ddata/mit_76_4printroom/76-4printroom1/0001557-000052174592,left_right,NO_PAIR_CLEARS_GATES,
xtion/sun3ddata/mit_76_studyroom/76-1studyroom1/0001256-000042062580,left_right,INSUFFICIENT_SINGLE_INSTANCE_OBJECTS,
xtion/sun3ddata/mit_dorm_masseeh_flr4a/dorm_masseeh_flr4_scan1_oct_26_2012_erika/0003096-000137415600,left_right,INSUFFICIENT_SINGLE_INSTANCE_OBJECTS,
xtion/sun3ddata/mit_dorm_masseeh_flr4a/dorm_masseeh_flr4_scan1_oct_26_2012_erika/0006626-000295544088,left_right,INSUFFICIENT_SINGLE_INSTANCE_OBJECTS,
xtion/sun3ddata/mit_dorm_masseeh_flr4a/dorm_masseeh_flr4_scan1_oct_26_2012_erika/0012543-000555293088,left_right,INSUFFICIENT_SINGLE_INSTANCE_OBJECTS,
xtion/sun3ddata/mit_dorm_masseeh_md/dorm_masseeh_md_scan1_oct_26_2012_erika/0004469-000203410750,left_right,INSUFFICIENT_SINGLE_INSTANCE_OBJECTS,
xtion/sun3ddata/mit_dorm_masseeh_sr/dorm_masseeh_sr_scan1_oct_26_2012_erika/0000005-000000218789,left_right,INSUFFICIENT_SINGLE_INSTANCE_OBJECTS,
xtion/sun3ddata/mit_dorm_masseeh_sr/dorm_masseeh_sr_scan1_oct_26_2012_erika/0000162-000006921989,left_right,INSUFFICIENT_SINGLE_INSTANCE_OBJECTS,
xtion/sun3ddata/mit_dorm_masseeh_sr/dorm_masseeh_sr_scan1_oct_26_2012_erika/0001295-000059709689,left_right,INSUFFICIENT_SINGLE_INSTANCE_OBJECTS,
xtion/sun3ddata/mit_dorm_masseeh_sr/dorm_masseeh_sr_scan1_oct_26_2012_erika/0001849-000085483493,left_right,INSUFFICIENT_SINGLE_INSTANCE_OBJECTS,
xtion/sun3ddata/mit_dorm_masseeh_wm/dorm_masseeh_wm_oct_29_2012_scan1_erika/0000671-000030809585,left_right,INSUFFICIENT_SINGLE_INSTANCE_OBJECTS,
xtion/sun3ddata/mit_dorm_masseeh_wm/dorm_masseeh_wm_oct_29_2012_scan1_erika/0002606-000120900593,left_right,INSUFFICIENT_SINGLE_INSTANCE_OBJECTS,
xtion/sun3ddata/mit_dorm_masseeh_xc/dorm_masseeh_xc_oct_29_2012_scan1_erika/0000006-000000268176,left_right,NO_PAIR_CLEARS_GATES,
xtion/sun3ddata/mit_dorm_masseeh_xc/dorm_masseeh_xc_oct_29_2012_scan1_erika/0000661-000027751296,left_right,INSUFFICIENT_SINGLE_INSTANCE_OBJECTS,
xtion/sun3ddata/mit_dorm_mcc_eflr6/dorm_mcc_eflr6_oct_31_2012_scan1_erika/0008399-000369189975,left_right,INSUFFICIENT_SINGLE_INSTANCE_OBJECTS,
xtion/sun3ddata/mit_dorm_mcc_eflr6/dorm_mcc_eflr6_oct_31_2012_scan1_erika/0009567-000422044707,left_right,NO_PAIR_CLEARS_GATES,
xtion/sun3ddata/mit_dorm_mcc_eflr6/dorm_mcc_eflr6_oct_31_2012_scan1_erika/0011134-000493802463,left_right,INSUFFICIENT_SINGLE_INSTANCE_OBJECTS,
xtion/sun3ddata/mit_dorm_mcc_flr1/dorm_mcc_flr1_oct_31_2012_scan1_erika/0000004-000000152206,left_right,INSUFFICIENT_SINGLE_INSTANCE_OBJECTS,
xtion/sun3ddata/mit_dorm_mcc_flr1/dorm_mcc_flr1_oct_31_2012_scan1_erika/0000302-000013189930,left_right,INSUFFICIENT_SINGLE_INSTANCE_OBJECTS,
xtion/sun3ddata/mit_dorm_mcc_flr1/dorm_mcc_flr1_oct_31_2012_scan1_erika/0000470-000020563450,left_right,INSUFFICIENT_SINGLE_INSTANCE_OBJECTS,
xtion/sun3ddata/mit_dorm_mcc_flr1/dorm_mcc_flr1_oct_31_2012_scan1_erika/0000648-000028942450,left_right,INSUFFICIENT_SINGLE_INSTANCE_OBJECTS,
xtion/sun3ddata/mit_dorm_mcc_flr1/dorm_mcc_flr1_oct_31_2012_scan1_erika/0007387-000337088554,left_right,INSUFFICIENT_SINGLE_INSTANCE_OBJECTS,
xtion/sun3ddata/mit_dorm_mcc_flr1/dorm_mcc_flr1_oct_31_2012_scan1_erika/0010205-000458952730,left_right,INSUFFICIENT_SINGLE_INSTANCE_OBJECTS,
xtion/sun3ddata/mit_dorm_mcc_nk/dorm_mcc_nk_oct_31_2012_scan1_erika/0003998-000181221012,left_right,NO_PAIR_CLEARS_GATES,
xtion/sun3ddata/mit_dorm_mcc_wflr7/dorm_mcc_wflr7_oct_31_2012_scan1_erika/0004618-000200469180,left_right,INSUFFICIENT_SINGLE_INSTANCE_OBJECTS,
xtion/sun3ddata/mit_dorm_mcc_wph/dorm_mcc_wph_oct_31_2012_scan1_erika/0000130-000005468630,left_right,INSUFFICIENT_SINGLE_INSTANCE_OBJECTS,
xtion/sun3ddata/mit_dorm_mcc_wph/dorm_mcc_wph_oct_31_2012_scan1_erika/0002178-000095827766,left_right,INSUFFICIENT_SINGLE_INSTANCE_OBJECTS,
xtion/sun3ddata/mit_dorm_mcc_wph/dorm_mcc_wph_oct_31_2012_scan1_erika/0002271-000100084298,left_right,NO_PAIR_CLEARS_GATES,
xtion/sun3ddata/mit_dorm_mcc_wph/dorm_mcc_wph_oct_31_2012_scan1_erika/0003590-000160781774,left_right,INSUFFICIENT_SINGLE_INSTANCE_OBJECTS,
xtion/sun3ddata/mit_dorm_mcc_wph/dorm_mcc_wph_oct_31_2012_scan1_erika/0003670-000164334470,left_right,INSUFFICIENT_SINGLE_INSTANCE_OBJECTS,
xtion/sun3ddata/mit_dorm_mcc_wph/dorm_mcc_wph_oct_31_2012_scan1_erika/0004602-000205156958,left_right,INSUFFICIENT_SINGLE_INSTANCE_OBJECTS,
xtion/sun3ddata/mit_dorm_mcc_wph/dorm_mcc_wph_oct_31_2012_scan1_erika/0006706-000298163858,left_right,INSUFFICIENT_SINGLE_INSTANCE_OBJECTS,
xtion/sun3ddata/mit_dorm_mcc_wph/dorm_mcc_wph_oct_31_2012_scan1_erika/0007393-000329836478,left_right,INSUFFICIENT_SINGLE_INSTANCE_OBJECTS,
xtion/sun3ddata/mit_dorm_next_dn/dorm_next_dn_oct_30_2012_scan1_erika/0001513-000067069320,left_right,NO_PAIR_CLEARS_GATES,
xtion/sun3ddata/mit_dorm_next_sj/dorm_next_sj_oct_30_2012_scan1_erika/0000097-000004155984,left_right,INSUFFICIENT_SINGLE_INSTANCE_OBJECTS,
xtion/sun3ddata/mit_dorm_sh_basement/dorm_sh_basement_oct_28_2012_scan1_erika/0000003-000000113202,left_right,INSUFFICIENT_SINGLE_INSTANCE_OBJECTS,
xtion/sun3ddata/mit_dorm_sh_basement/dorm_sh_basement_oct_28_2012_scan1_erika/0001133-000047203182,left_right,INSUFFICIENT_SINGLE_INSTANCE_OBJECTS,
xtion/sun3ddata/mit_dorm_sh_basement/dorm_sh_basement_oct_28_2012_scan1_erika/0001272-000052733322,left_right,INSUFFICIENT_SINGLE_INSTANCE_OBJECTS,
xtion/sun3ddata/mit_dorm_sh_basement/dorm_sh_basement_oct_28_2012_scan1_erika/0002758-000113095638,left_right,INSUFFICIENT_SINGLE_INSTANCE_OBJECTS,
xtion/sun3ddata/mit_dorm_sh_basement/dorm_sh_basement_oct_28_2012_scan1_erika/0002835-000116212626,left_right,INSUFFICIENT_SINGLE_INSTANCE_OBJECTS,
xtion/sun3ddata/mit_dorm_sh_basement/dorm_sh_basement_oct_28_2012_scan1_erika/0007224-000298506150,left_right,INSUFFICIENT_SINGLE_INSTANCE_OBJECTS,
xtion/sun3ddata/mit_dorm_sh_basement/dorm_sh_basement_oct_28_2012_scan1_erika/0007368-000304304418,left_right,INSUFFICIENT_SINGLE_INSTANCE_OBJECTS,
xtion/sun3ddata/mit_dorm_sh_basement/dorm_sh_basement_oct_28_2012_scan1_erika/0011340-000468666882,left_right,INSUFFICIENT_SINGLE_INSTANCE_OBJECTS,
xtion/sun3ddata/mit_dorm_sh_basement/dorm_sh_basement_oct_28_2012_scan1_erika/0013603-000562545198,left_right,INSUFFICIENT_SINGLE_INSTANCE_OBJECTS,
xtion/sun3ddata/mit_gym_dupont/gym_dupont_nov_1_2012_scan1.erika/0004421-000186784668,left_right,INSUFFICIENT_SINGLE_INSTANCE_OBJECTS,
xtion/sun3ddata/mit_gym_dupont/gym_dupont_nov_1_2012_scan1.erika/0006628-000280629468,left_right,INSUFFICIENT_SINGLE_INSTANCE_OBJECTS,
xtion/sun3ddata/mit_gym_dupont/gym_dupont_nov_1_2012_scan1.erika/0009083-000384998292,left_right,INSUFFICIENT_SINGLE_INSTANCE_OBJECTS,
xtion/sun3ddata/mit_gym_dupont/gym_dupont_nov_1_2012_scan1.erika/0025780-001108307088,left_right,INSUFFICIENT_SINGLE_INSTANCE_OBJECTS,
xtion/sun3ddata/mit_gym_tohoku/gym_tohoku_oct_28_2012_scan1_erika/0001305-000056923474,left_right,INSUFFICIENT_SINGLE_INSTANCE_OBJECTS,
xtion/sun3ddata/mit_gym_wrestling/gym_wrestling_nov_1_2012_scan1_erika/0001786-000076315932,left_right,INSUFFICIENT_SINGLE_INSTANCE_OBJECTS,
xtion/sun3ddata/mit_gym_z_squash/gym_z_squash_scan1_oct_26_2012_erika/0002594-000107955036,left_right,INSUFFICIENT_SINGLE_INSTANCE_OBJECTS,
xtion/sun3ddata/mit_gym_z_squash/gym_z_squash_scan1_oct_26_2012_erika/0003687-000154240632,left_right,INSUFFICIENT_SINGLE_INSTANCE_OBJECTS,
xtion/sun3ddata/mit_lab_16/lab_16_nov_2_2012_scan1_erika/0001058-000043637832,left_right,NO_PAIR_CLEARS_GATES,
xtion/sun3ddata/mit_lab_16/lab_16_nov_2_2012_scan1_erika/0002588-000108625356,left_right,NO_PAIR_CLEARS_GATES,
xtion/sun3ddata/mit_lab_16/lab_16_nov_2_2012_scan1_erika/0005201-000221105052,left_right,INSUFFICIENT_SINGLE_INSTANCE_OBJECTS,
xtion/sun3ddata/mit_lab_16/lab_16_nov_2_2012_scan1_erika/0005400-000230020308,left_right,INSUFFICIENT_SINGLE_INSTANCE_OBJECTS,
xtion/sun3ddata/mit_lab_16/lab_16_nov_2_2012_scan1_erika/0005962-000254889180,left_right,INSUFFICIENT_SINGLE_INSTANCE_OBJECTS,
xtion/sun3ddata/mit_lab_16/lab_16_nov_2_2012_scan1_erika/0009578-000410168808,left_right,INSUFFICIENT_SINGLE_INSTANCE_OBJECTS,
xtion/sun3ddata/mit_lab_16/lab_16_nov_2_2012_scan1_erika/0010773-000460710936,left_right,INSUFFICIENT_SINGLE_INSTANCE_OBJECTS,
xtion/sun3ddata/mit_lab_16/lab_16_nov_2_2012_scan1_erika/0013290-000567761040,left_right,INSUFFICIENT_SINGLE_INSTANCE_OBJECTS,
xtion/sun3ddata/mit_lab_16/lab_16_nov_2_2012_scan1_erika/0015589-000666733788,left_right,INSUFFICIENT_SINGLE_INSTANCE_OBJECTS,
xtion/sun3ddata/mit_lab_16/lab_16_nov_2_2012_scan1_erika/0018604-000794831940,left_right,INSUFFICIENT_SINGLE_INSTANCE_OBJECTS,
xtion/sun3ddata/mit_lab_16/lab_16_nov_2_2012_scan1_erika/0019106-000817120080,left_right,INSUFFICIENT_SINGLE_INSTANCE_OBJECTS,
xtion/sun3ddata/mit_lab_16/lab_16_nov_2_2012_scan1_erika/0021618-000924170184,left_right,INSUFFICIENT_SINGLE_INSTANCE_OBJECTS,
xtion/sun3ddata/mit_lab_hj/lab_hj_hall5_nov_2_2012_scan1_erika/0000956-000038476368,left_right,NO_PAIR_CLEARS_GATES,
xtion/sun3ddata/mit_lab_hj/lab_hj_hall5_nov_2_2012_scan1_erika/0002463-000098201880,left_right,INSUFFICIENT_SINGLE_INSTANCE_OBJECTS,
xtion/sun3ddata/mit_lab_hj/lab_hj_hall5_nov_2_2012_scan1_erika/0003721-000149414328,left_right,INSUFFICIENT_SINGLE_INSTANCE_OBJECTS,
xtion/sun3ddata/mit_lab_hj/lab_hj_tea_nov_2_2012_scan1_erika/0000321-000013171788,left_right,NO_PAIR_CLEARS_GATES,
xtion/sun3ddata/mit_lab_hj/lab_hj_work_nov_2_2012_scan1_erika/0002667-000109362708,left_right,INSUFFICIENT_SINGLE_INSTANCE_OBJECTS,
xtion/sun3ddata/mit_lab_hj/lab_hj_work_nov_2_2012_scan1_erika/0004077-000164697624,left_right,INSUFFICIENT_SINGLE_INSTANCE_OBJECTS,
xtion/sun3ddata/mit_lab_hj/lab_hj_work_nov_2_2012_scan1_erika/0006157-000247783788,left_right,INSUFFICIENT_SINGLE_INSTANCE_OBJECTS,
xtion/sun3ddata/mit_lab_hj/lab_hj_work_nov_2_2012_scan1_erika/0006903-000277747092,left_right,INSUFFICIENT_SINGLE_INSTANCE_OBJECTS,
xtion/sun3ddata/mit_lab_hj/lab_hj_work_nov_2_2012_scan1_erika/0007601-000305565372,left_right,NO_PAIR_CLEARS_GATES,
xtion/sun3ddata/mit_lab_hj/lab_hj_work_nov_2_2012_scan1_erika/0008854-000355336632,left_right,NO_PAIR_CLEARS_GATES,
xtion/sun3ddata/mit_lab_koch/lab_koch_chem_nov_2_2012_scan1_erika/0002267-000095151924,left_right,INSUFFICIENT_SINGLE_INSTANCE_OBJECTS,
xtion/sun3ddata/mit_lab_koch/lab_koch_hood_nov_2_2012_scan1_erika/0000844-000036040306,left_right,INSUFFICIENT_SINGLE_INSTANCE_OBJECTS,
xtion/sun3ddata/mit_lab_koch/lab_koch_hood_nov_2_2012_scan1_erika/0001759-000075119962,left_right,NO_PAIR_CLEARS_GATES,
xtion/sun3ddata/mit_lab_koch/lab_koch_supply_nov_2_2012_scan1_erika/0000678-000029695176,left_right,INSUFFICIENT_SINGLE_INSTANCE_OBJECTS,
xtion/sun3ddata/mit_lab_koch/lab_koch_supply_nov_2_2012_scan1_erika/0001415-000063680400,left_right,INSUFFICIENT_SINGLE_INSTANCE_OBJECTS,
xtion/sun3ddata/mit_ne47_2biolab/ne47_floor2/0005435-000182190524,left_right,INSUFFICIENT_SINGLE_INSTANCE_OBJECTS,
xtion/sun3ddata/mit_ne47_2biolab/ne47_floor2/0014713-000493219004,left_right,INSUFFICIENT_SINGLE_INSTANCE_OBJECTS,
xtion/sun3ddata/mit_ne47_2biolab/ne47_floor2/0019181-000643035524,left_right,INSUFFICIENT_SINGLE_INSTANCE_OBJECTS,
xtion/sun3ddata/mit_ne47_2biolab/ne47_floor2/0022192-000743985716,left_right,INSUFFICIENT_SINGLE_INSTANCE_OBJECTS,
xtion/sun3ddata/mit_ne47_huge_office/ne47_floor2_office_1/0001417-000047492172,left_right,INSUFFICIENT_SINGLE_INSTANCE_OBJECTS,
xtion/sun3ddata/mit_w16/kresge_back/0010415-000451671050,left_right,INSUFFICIENT_SINGLE_INSTANCE_OBJECTS,
xtion/sun3ddata/mit_w16/kresge_back/0013206-000569680886,left_right,INSUFFICIENT_SINGLE_INSTANCE_OBJECTS,
xtion/sun3ddata/mit_w16/kresge_stage/0000832-000034856640,left_right,INSUFFICIENT_SINGLE_INSTANCE_OBJECTS,
xtion/sun3ddata/mit_w16/kresge_stage/0015309-000675313884,left_right,INSUFFICIENT_SINGLE_INSTANCE_OBJECTS,
xtion/sun3ddata/mit_w20_athena/sc_athena_oct_29_2012_scan1_erika/0001979-000083421324,left_right,NO_PAIR_CLEARS_GATES,
xtion/sun3ddata/mit_w20_athena/sc_athena_oct_29_2012_scan1_erika/0004100-000175959000,left_right,INSUFFICIENT_SINGLE_INSTANCE_OBJECTS,
xtion/sun3ddata/mit_w20_flr4/sc_flr4_oct_29_2012_scan1_erika/0011561-000490919727,left_right,NO_PAIR_CLEARS_GATES,
xtion/sun3ddata/mit_w20_flr4/sc_flr4_oct_29_2012_scan1_erika/0013551-000574575663,left_right,INSUFFICIENT_SINGLE_INSTANCE_OBJECTS,
xtion/sun3ddata/mit_w20_flr4/sc_flr4_oct_29_2012_scan1_erika/0020577-000875214183,left_right,INSUFFICIENT_SINGLE_INSTANCE_OBJECTS,
xtion/sun3ddata/mit_w85_10/10_1/0001201-000040219200,left_right,INSUFFICIENT_SINGLE_INSTANCE_OBJECTS,
xtion/sun3ddata/mit_w85_10/10_1/0001421-000047592720,left_right,INSUFFICIENT_SINGLE_INSTANCE_OBJECTS,
xtion/sun3ddata/mit_w85_10/10_1/0001992-000066730356,left_right,INSUFFICIENT_SINGLE_INSTANCE_OBJECTS,
xtion/sun3ddata/mit_w85_10/10_1/0002338-000078326892,left_right,INSUFFICIENT_SINGLE_INSTANCE_OBJECTS,
xtion/sun3ddata/mit_w85_16/16_1/0004876-000163390500,left_right,INSUFFICIENT_SINGLE_INSTANCE_OBJECTS,
xtion/sun3ddata/mit_w85_16/16_1/0008977-000300906648,left_right,INSUFFICIENT_SINGLE_INSTANCE_OBJECTS,
xtion/sun3ddata/mit_w85_2floor/k_stair/0002248-000075310452,left_right,INSUFFICIENT_SINGLE_INSTANCE_OBJECTS,
xtion/sun3ddata/mit_w85_4/4_1/0001641-000055032871,left_right,INSUFFICIENT_SINGLE_INSTANCE_OBJECTS,
xtion/sun3ddata/mit_w85_8/8_1/0002599-000087103638,left_right,INSUFFICIENT_SINGLE_INSTANCE_OBJECTS,
xtion/sun3ddata/mit_w85_8/8_1/0003586-000120183930,left_right,NO_PAIR_CLEARS_GATES,
xtion/sun3ddata/mit_w85_basement/wg_big_lounge_1/0001722-000057714552,left_right,INSUFFICIENT_SINGLE_INSTANCE_OBJECTS,
xtion/sun3ddata/mit_w85_basement/wg_big_lounge_1/0002178-000072997848,left_right,INSUFFICIENT_SINGLE_INSTANCE_OBJECTS,
xtion/sun3ddata/mit_w85_basement/wg_big_lounge_1/0002322-000077824152,left_right,NO_PAIR_CLEARS_GATES,
xtion/sun3ddata/mit_w85_basement/wg_big_lounge_1/0003633-000121763628,left_right,INSUFFICIENT_SINGLE_INSTANCE_OBJECTS,
xtion/sun3ddata/mit_w85_basement/wg_big_lounge_1/0005590-000187387956,left_right,NO_PAIR_CLEARS_GATES,
xtion/sun3ddata/mit_w85_basement/wg_laundary_1/0000004-000000126337,left_right,INSUFFICIENT_SINGLE_INSTANCE_OBJECTS,
xtion/sun3ddata/mit_w85_basement/wg_laundary_1/0000212-000007097665,left_right,INSUFFICIENT_SINGLE_INSTANCE_OBJECTS,
xtion/sun3ddata/mit_w85_basement/wg_laundary_1/0000632-000021174385,left_right,INSUFFICIENT_SINGLE_INSTANCE_OBJECTS,
xtion/sun3ddata/mit_w85_basement/wg_laundary_1/0000929-000031128637,left_right,INSUFFICIENT_SINGLE_INSTANCE_OBJECTS,
xtion/sun3ddata/mit_w85_basement/wg_laundary_1/0001425-000047752573,left_right,INSUFFICIENT_SINGLE_INSTANCE_OBJECTS,
xtion/sun3ddata/mit_w85_basement/wg_laundary_1/0001737-000058209565,left_right,INSUFFICIENT_SINGLE_INSTANCE_OBJECTS,
xtion/sun3ddata/mit_w85_basement/wg_laundary_1/0001899-000063639157,left_right,INSUFFICIENT_SINGLE_INSTANCE_OBJECTS,
xtion/sun3ddata/mit_w85_lounge1/wg_lounge1_1/0003367-000112881031,left_right,INSUFFICIENT_SINGLE_INSTANCE_OBJECTS,
xtion/sun3ddata/mit_w85_playroom/westgate_playroom_1/0000004-000000111588,left_right,INSUFFICIENT_SINGLE_INSTANCE_OBJECTS,
xtion/sun3ddata/mit_w85_playroom/westgate_playroom_1/0000199-000006647208,left_right,NO_PAIR_CLEARS_GATES,
xtion/sun3ddata/mit_w85_playroom/westgate_playroom_1/0000641-000021461280,left_right,INSUFFICIENT_SINGLE_INSTANCE_OBJECTS,
xtion/sun3ddata/mit_w85_playroom/westgate_playroom_1/0000807-000027024936,left_right,INSUFFICIENT_SINGLE_INSTANCE_OBJECTS,
xtion/sun3ddata/mit_w85_playroom/westgate_playroom_1/0001924-000064462308,left_right,INSUFFICIENT_SINGLE_INSTANCE_OBJECTS,
xtion/sun3ddata/mit_w85_playroom/westgate_playroom_1/0002317-000077634096,left_right,INSUFFICIENT_SINGLE_INSTANCE_OBJECTS,
xtion/sun3ddata/mit_w85a/a2/0003593-000120389472,left_right,NO_PAIR_CLEARS_GATES,
xtion/sun3ddata/mit_w85d/d1/0003744-000125813020,left_right,NO_PAIR_CLEARS_GATES,
xtion/sun3ddata/mit_w85g/g_0/0002129-000071322048,left_right,INSUFFICIENT_SINGLE_INSTANCE_OBJECTS,
xtion/sun3ddata/mit_w85h/h2_1/0001332-000044643312,left_right,NO_PAIR_CLEARS_GATES,
xtion/sun3ddata/mit_w85h/h2_1/0005400-000181019916,left_right,INSUFFICIENT_SINGLE_INSTANCE_OBJECTS,
xtion/sun3ddata/mit_w85h/h4_1/0002122-000071104419,left_right,INSUFFICIENT_SINGLE_INSTANCE_OBJECTS,
xtion/sun3ddata/mit_w85h/h4_1/0003493-000117054855,left_right,INSUFFICIENT_SINGLE_INSTANCE_OBJECTS,
xtion/sun3ddata/mit_w85j/j1/0000766-000025639740,left_right,INSUFFICIENT_SINGLE_INSTANCE_OBJECTS,
xtion/sun3ddata/mit_w85j/j1/0004969-000166574520,left_right,INSUFFICIENT_SINGLE_INSTANCE_OBJECTS,
xtion/sun3ddata/mit_w85k1/scan_1/0001486-000049781615,left_right,INSUFFICIENT_SINGLE_INSTANCE_OBJECTS,
xtion/sun3ddata/mit_w85k1/scan_1/0008939-000299576363,left_right,INSUFFICIENT_SINGLE_INSTANCE_OBJECTS,
xtion/sun3ddata/mit_w85k2/k1/0005051-000169302963,left_right,INSUFFICIENT_SINGLE_INSTANCE_OBJECTS,
xtion/xtion_align_data/2014_12_18_11_38_28,left_right,INSUFFICIENT_SINGLE_INSTANCE_OBJECTS,
xtion/xtion_align_data/2014_12_18_11_42_0,left_right,INSUFFICIENT_SINGLE_INSTANCE_OBJECTS,
xtion/xtion_align_data/2014_12_18_11_42_23,left_right,NO_PAIR_CLEARS_GATES,
xtion/xtion_align_data/2014_12_18_11_42_42,left_right,INSUFFICIENT_SINGLE_INSTANCE_OBJECTS,
xtion/xtion_align_data/2014_12_18_11_43_17,left_right,INSUFFICIENT_SINGLE_INSTANCE_OBJECTS,
xtion/xtion_align_data/2014_12_18_11_43_32,left_right,INSUFFICIENT_SINGLE_INSTANCE_OBJECTS,
xtion/xtion_align_data/2014_12_18_11_44_33,left_right,INSUFFICIENT_SINGLE_INSTANCE_OBJECTS,
xtion/xtion_align_data/2014_12_18_11_45_15,left_right,INSUFFICIENT_SINGLE_INSTANCE_OBJECTS,
xtion/xtion_align_data/2014_12_18_11_47_30,left_right,INSUFFICIENT_SINGLE_INSTANCE_OBJECTS,
xtion/xtion_align_data/2014_12_18_11_47_49,left_right,INSUFFICIENT_SINGLE_INSTANCE_OBJECTS,
xtion/xtion_align_data/2014_12_18_11_49_37,left_right,INSUFFICIENT_SINGLE_INSTANCE_OBJECTS,
xtion/xtion_align_data/2014_12_18_11_51_15,left_right,INSUFFICIENT_SINGLE_INSTANCE_OBJECTS,
xtion/xtion_align_data/2014_12_18_11_52_17,left_right,NO_PAIR_CLEARS_GATES,
xtion/xtion_align_data/2014_12_18_11_54_22,left_right,NO_PAIR_CLEARS_GATES,
xtion/xtion_align_data/2014_12_18_11_56_12,left_right,INSUFFICIENT_SINGLE_INSTANCE_OBJECTS,
xtion/xtion_align_data/2014_12_18_11_59_12,left_right,INSUFFICIENT_SINGLE_INSTANCE_OBJECTS,
xtion/xtion_align_data/2014_12_18_12_10_27,left_right,INSUFFICIENT_SINGLE_INSTANCE_OBJECTS,
xtion/xtion_align_data/2014_12_18_12_10_3,left_right,NO_PAIR_CLEARS_GATES,
xtion/xtion_align_data/2014_12_18_12_10_49,left_right,INSUFFICIENT_SINGLE_INSTANCE_OBJECTS,
xtion/xtion_align_data/2014_12_18_12_12_40,left_right,INSUFFICIENT_SINGLE_INSTANCE_OBJECTS,
xtion/xtion_align_data/2014_12_18_12_18_42,left_right,INSUFFICIENT_SINGLE_INSTANCE_OBJECTS,
xtion/xtion_align_data/2014_12_18_12_18_56,left_right,INSUFFICIENT_SINGLE_INSTANCE_OBJECTS,
xtion/xtion_align_data/2014_12_18_12_19_20,left_right,INSUFFICIENT_SINGLE_INSTANCE_OBJECTS,
xtion/xtion_align_data/2014_12_18_12_1_20,left_right,INSUFFICIENT_SINGLE_INSTANCE_OBJECTS,
xtion/xtion_align_data/2014_12_18_12_1_55,left_right,INSUFFICIENT_SINGLE_INSTANCE_OBJECTS,
xtion/xtion_align_data/2014_12_18_12_20_31,left_right,INSUFFICIENT_SINGLE_INSTANCE_OBJECTS,
xtion/xtion_align_data/2014_12_18_12_21_22,left_right,INSUFFICIENT_SINGLE_INSTANCE_OBJECTS,
xtion/xtion_align_data/2014_12_18_12_21_36,left_right,INSUFFICIENT_SINGLE_INSTANCE_OBJECTS,
xtion/xtion_align_data/2014_12_18_12_21_52,left_right,INSUFFICIENT_SINGLE_INSTANCE_OBJECTS,
xtion/xtion_align_data/2014_12_18_12_21_58,left_right,INSUFFICIENT_SINGLE_INSTANCE_OBJECTS,
xtion/xtion_align_data/2014_12_18_12_22_18,left_right,INSUFFICIENT_SINGLE_INSTANCE_OBJECTS,
xtion/xtion_align_data/2014_12_18_12_22_31,left_right,INSUFFICIENT_SINGLE_INSTANCE_OBJECTS,
xtion/xtion_align_data/2014_12_18_12_22_42,left_right,INSUFFICIENT_SINGLE_INSTANCE_OBJECTS,
xtion/xtion_align_data/2014_12_18_12_23_2,left_right,INSUFFICIENT_SINGLE_INSTANCE_OBJECTS,
xtion/xtion_align_data/2014_12_18_12_24_42,left_right,INSUFFICIENT_SINGLE_INSTANCE_OBJECTS,
xtion/xtion_align_data/2014_12_18_12_2_26,left_right,INSUFFICIENT_SINGLE_INSTANCE_OBJECTS,
xtion/xtion_align_data/2014_12_18_12_2_41,left_right,NO_PAIR_CLEARS_GATES,
xtion/xtion_align_data/2014_12_18_12_2_52,left_right,NO_PAIR_CLEARS_GATES,
xtion/xtion_align_data/2014_12_18_12_3_25,left_right,INSUFFICIENT_SINGLE_INSTANCE_OBJECTS,
xtion/xtion_align_data/2014_12_18_12_3_40,left_right,INSUFFICIENT_SINGLE_INSTANCE_OBJECTS,
xtion/xtion_align_data/2014_12_18_12_4_14,left_right,INSUFFICIENT_SINGLE_INSTANCE_OBJECTS,
xtion/xtion_align_data/2014_12_18_12_5_53,left_right,NO_PAIR_CLEARS_GATES,
xtion/xtion_align_data/2014_12_18_12_6_28,left_right,INSUFFICIENT_SINGLE_INSTANCE_OBJECTS,
xtion/xtion_align_data/2014_12_18_12_7_52,left_right,INSUFFICIENT_SINGLE_INSTANCE_OBJECTS,
xtion/xtion_align_data/2014_12_18_12_8_28,left_right,INSUFFICIENT_SINGLE_INSTANCE_OBJECTS,
xtion/xtion_align_data/2014_12_18_12_8_38,left_right,NO_PAIR_CLEARS_GATES,
xtion/xtion_align_data/2014_12_18_12_9_46,left_right,INSUFFICIENT_SINGLE_INSTANCE_OBJECTS,
xtion/xtion_align_data/2014_12_18_13_47_34,left_right,INSUFFICIENT_SINGLE_INSTANCE_OBJECTS,
xtion/xtion_align_data/2014_12_18_13_49_26,left_right,NO_PAIR_CLEARS_GATES,
xtion/xtion_align_data/2014_12_18_13_57_32,left_right,NO_PAIR_CLEARS_GATES,
xtion/xtion_align_data/2014_12_18_13_57_47,left_right,INSUFFICIENT_SINGLE_INSTANCE_OBJECTS,
xtion/xtion_align_data/2014_12_18_13_59_4,left_right,INSUFFICIENT_SINGLE_INSTANCE_OBJECTS,
xtion/xtion_align_data/2014_12_18_13_59_41,left_right,NO_PAIR_CLEARS_GATES,
xtion/xtion_align_data/2014_12_18_14_0_9,left_right,INSUFFICIENT_SINGLE_INSTANCE_OBJECTS,
xtion/xtion_align_data/2014_12_18_14_10_49,left_right,NO_PAIR_CLEARS_GATES,
xtion/xtion_align_data/2014_12_18_14_11_2,left_right,INSUFFICIENT_SINGLE_INSTANCE_OBJECTS,
xtion/xtion_align_data/2014_12_18_14_11_31,left_right,INSUFFICIENT_SINGLE_INSTANCE_OBJECTS,
xtion/xtion_align_data/2014_12_18_14_11_48,left_right,NO_PAIR_CLEARS_GATES,
xtion/xtion_align_data/2014_12_18_14_12_47,left_right,INSUFFICIENT_SINGLE_INSTANCE_OBJECTS,
xtion/xtion_align_data/2014_12_18_14_13_4,left_right,INSUFFICIENT_SINGLE_INSTANCE_OBJECTS,
xtion/xtion_align_data/2014_12_18_14_14_3,left_right,INSUFFICIENT_SINGLE_INSTANCE_OBJECTS,
xtion/xtion_align_data/2014_12_18_14_16_15,left_right,INSUFFICIENT_SINGLE_INSTANCE_OBJECTS,
xtion/xtion_align_data/2014_12_18_14_16_34,left_right,INSUFFICIENT_SINGLE_INSTANCE_OBJECTS,
xtion/xtion_align_data/2014_12_18_14_19_52,left_right,INSUFFICIENT_SINGLE_INSTANCE_OBJECTS,
xtion/xtion_align_data/2014_12_18_14_22_22,left_right,INSUFFICIENT_SINGLE_INSTANCE_OBJECTS,
xtion/xtion_align_data/2014_12_18_14_22_47,left_right,INSUFFICIENT_SINGLE_INSTANCE_OBJECTS,
xtion/xtion_align_data/2014_12_18_14_23_38,left_right,INSUFFICIENT_SINGLE_INSTANCE_OBJECTS,
xtion/xtion_align_data/2014_12_18_14_24_51,left_right,INSUFFICIENT_SINGLE_INSTANCE_OBJECTS,
xtion/xtion_align_data/2014_12_18_14_25_12,left_right,INSUFFICIENT_SINGLE_INSTANCE_OBJECTS,
xtion/xtion_align_data/2014_12_18_14_25_42,left_right,INSUFFICIENT_SINGLE_INSTANCE_OBJECTS,
xtion/xtion_align_data/2014_12_18_14_26_11,left_right,INSUFFICIENT_SINGLE_INSTANCE_OBJECTS,
xtion/xtion_align_data/2014_12_18_14_26_54,left_right,INSUFFICIENT_SINGLE_INSTANCE_OBJECTS,
xtion/xtion_align_data/2014_12_18_14_28_26,left_right,INSUFFICIENT_SINGLE_INSTANCE_OBJECTS,
xtion/xtion_align_data/2014_12_18_14_28_38,left_right,NO_PAIR_CLEARS_GATES,
xtion/xtion_align_data/2014_12_18_14_2_30,left_right,INSUFFICIENT_SINGLE_INSTANCE_OBJECTS,
xtion/xtion_align_data/2014_12_18_14_2_45,left_right,INSUFFICIENT_SINGLE_INSTANCE_OBJECTS,
xtion/xtion_align_data/2014_12_18_14_32_45,left_right,INSUFFICIENT_SINGLE_INSTANCE_OBJECTS,
xtion/xtion_align_data/2014_12_18_14_33_25,left_right,INSUFFICIENT_SINGLE_INSTANCE_OBJECTS,
xtion/xtion_align_data/2014_12_18_14_33_6,left_right,INSUFFICIENT_SINGLE_INSTANCE_OBJECTS,
xtion/xtion_align_data/2014_12_18_14_34_22,left_right,INSUFFICIENT_SINGLE_INSTANCE_OBJECTS,
xtion/xtion_align_data/2014_12_18_14_34_42,left_right,INSUFFICIENT_SINGLE_INSTANCE_OBJECTS,
xtion/xtion_align_data/2014_12_18_14_35_0,left_right,INSUFFICIENT_SINGLE_INSTANCE_OBJECTS,
xtion/xtion_align_data/2014_12_18_14_37_2,left_right,INSUFFICIENT_SINGLE_INSTANCE_OBJECTS,
xtion/xtion_align_data/2014_12_18_14_37_37,left_right,INSUFFICIENT_SINGLE_INSTANCE_OBJECTS,
xtion/xtion_align_data/2014_12_18_14_37_55,left_right,INSUFFICIENT_SINGLE_INSTANCE_OBJECTS,
xtion/xtion_align_data/2014_12_18_14_38_17,left_right,INSUFFICIENT_SINGLE_INSTANCE_OBJECTS,
xtion/xtion_align_data/2014_12_18_14_39_33,left_right,INSUFFICIENT_SINGLE_INSTANCE_OBJECTS,
xtion/xtion_align_data/2014_12_18_14_39_57,left_right,NO_PAIR_CLEARS_GATES,
xtion/xtion_align_data/2014_12_18_14_39_8,left_right,INSUFFICIENT_SINGLE_INSTANCE_OBJECTS,
xtion/xtion_align_data/2014_12_18_14_6_45,left_right,INSUFFICIENT_SINGLE_INSTANCE_OBJECTS,
xtion/xtion_align_data/2014_12_18_14_7_47,left_right,INSUFFICIENT_SINGLE_INSTANCE_OBJECTS,
xtion/xtion_align_data/2014_12_18_14_8_30,left_right,INSUFFICIENT_SINGLE_INSTANCE_OBJECTS,
xtion/xtion_align_data/2014_12_18_14_9_10,left_right,NO_PAIR_CLEARS_GATES,
xtion/xtion_align_data/2014_12_18_15_32_34,left_right,INSUFFICIENT_SINGLE_INSTANCE_OBJECTS,
xtion/xtion_align_data/2014_12_18_15_43_28,left_right,INSUFFICIENT_SINGLE_INSTANCE_OBJECTS,
xtion/xtion_align_data/2014_12_18_15_43_47,left_right,INSUFFICIENT_SINGLE_INSTANCE_OBJECTS,
xtion/xtion_align_data/2014_12_18_15_44_12,left_right,INSUFFICIENT_SINGLE_INSTANCE_OBJECTS,
xtion/xtion_align_data/2014_12_18_15_44_28,left_right,INSUFFICIENT_SINGLE_INSTANCE_OBJECTS,
xtion/xtion_align_data/2014_12_18_15_46_17,left_right,INSUFFICIENT_SINGLE_INSTANCE_OBJECTS,
xtion/xtion_align_data/2014_12_18_15_46_38,left_right,INSUFFICIENT_SINGLE_INSTANCE_OBJECTS,
xtion/xtion_align_data/2014_12_18_15_47_19,left_right,INSUFFICIENT_SINGLE_INSTANCE_OBJECTS,
xtion/xtion_align_data/2014_12_18_15_48_49,left_right,NO_PAIR_CLEARS_GATES,
xtion/xtion_align_data/2014_12_18_15_49_38,left_right,INSUFFICIENT_SINGLE_INSTANCE_OBJECTS,
xtion/xtion_align_data/2014_12_18_15_49_8,left_right,INSUFFICIENT_SINGLE_INSTANCE_OBJECTS,
xtion/xtion_align_data/2014_12_18_15_50_23,left_right,INSUFFICIENT_SINGLE_INSTANCE_OBJECTS,
xtion/xtion_align_data/2014_12_18_15_50_42,left_right,NO_PAIR_CLEARS_GATES,
xtion/xtion_align_data/2014_12_18_15_51_59,left_right,INSUFFICIENT_SINGLE_INSTANCE_OBJECTS,
xtion/xtion_align_data/2014_12_18_15_52_15,left_right,INSUFFICIENT_SINGLE_INSTANCE_OBJECTS,
xtion/xtion_align_data/2014_12_18_15_53_37,left_right,NO_PAIR_CLEARS_GATES,
xtion/xtion_align_data/2014_12_18_15_53_54,left_right,INSUFFICIENT_SINGLE_INSTANCE_OBJECTS,
xtion/xtion_align_data/2014_12_18_15_53_6,left_right,INSUFFICIENT_SINGLE_INSTANCE_OBJECTS,
xtion/xtion_align_data/2014_12_18_15_54_17,left_right,INSUFFICIENT_SINGLE_INSTANCE_OBJECTS,
xtion/xtion_align_data/2014_12_18_15_55_21,left_right,INSUFFICIENT_SINGLE_INSTANCE_OBJECTS,
xtion/xtion_align_data/2014_12_18_15_55_38,left_right,INSUFFICIENT_SINGLE_INSTANCE_OBJECTS,
xtion/xtion_align_data/2014_12_18_15_55_4,left_right,INSUFFICIENT_SINGLE_INSTANCE_OBJECTS,
xtion/xtion_align_data/2014_12_18_15_55_58,left_right,NO_PAIR_CLEARS_GATES,
xtion/xtion_align_data/2014_12_18_15_56_10,left_right,INSUFFICIENT_SINGLE_INSTANCE_OBJECTS,
xtion/xtion_align_data/2014_12_18_15_56_51,left_right,INSUFFICIENT_SINGLE_INSTANCE_OBJECTS,
xtion/xtion_align_data/2014_12_18_15_57_33,left_right,INSUFFICIENT_SINGLE_INSTANCE_OBJECTS,
xtion/xtion_align_data/2014_12_18_15_58_24,left_right,INSUFFICIENT_SINGLE_INSTANCE_OBJECTS,
xtion/xtion_align_data/2014_12_18_15_59_14,left_right,INSUFFICIENT_SINGLE_INSTANCE_OBJECTS,
xtion/xtion_align_data/2014_12_18_16_0_2,left_right,INSUFFICIENT_SINGLE_INSTANCE_OBJECTS,
xtion/xtion_align_data/2014_12_18_16_0_22,left_right,INSUFFICIENT_SINGLE_INSTANCE_OBJECTS,
xtion/xtion_align_data/2014_12_18_16_0_35,left_right,INSUFFICIENT_SINGLE_INSTANCE_OBJECTS,
xtion/xtion_align_data/2014_12_18_16_0_53,left_right,INSUFFICIENT_SINGLE_INSTANCE_OBJECTS,
xtion/xtion_align_data/2014_12_18_16_14_12,left_right,INSUFFICIENT_SINGLE_INSTANCE_OBJECTS,
xtion/xtion_align_data/2014_12_18_16_14_42,left_right,INSUFFICIENT_SINGLE_INSTANCE_OBJECTS,
xtion/xtion_align_data/2014_12_18_16_14_57,left_right,INSUFFICIENT_SINGLE_INSTANCE_OBJECTS,
xtion/xtion_align_data/2014_12_18_16_15_11,left_right,INSUFFICIENT_SINGLE_INSTANCE_OBJECTS,
xtion/xtion_align_data/2014_12_18_16_15_27,left_right,INSUFFICIENT_SINGLE_INSTANCE_OBJECTS,
xtion/xtion_align_data/2014_12_18_16_15_49,left_right,INSUFFICIENT_SINGLE_INSTANCE_OBJECTS,
xtion/xtion_align_data/2014_12_18_16_16_18,left_right,NO_PAIR_CLEARS_GATES,
xtion/xtion_align_data/2014_12_18_16_16_3,left_right,INSUFFICIENT_SINGLE_INSTANCE_OBJECTS,
xtion/xtion_align_data/2014_12_18_16_17_43,left_right,INSUFFICIENT_SINGLE_INSTANCE_OBJECTS,
xtion/xtion_align_data/2014_12_18_16_18_50,left_right,INSUFFICIENT_SINGLE_INSTANCE_OBJECTS,
xtion/xtion_align_data/2014_12_18_16_19_12,left_right,NO_PAIR_CLEARS_GATES,
xtion/xtion_align_data/2014_12_18_16_1_45,left_right,NO_PAIR_CLEARS_GATES,
xtion/xtion_align_data/2014_12_18_16_21_35,left_right,INSUFFICIENT_SINGLE_INSTANCE_OBJECTS,
xtion/xtion_align_data/2014_12_18_16_22_15,left_right,INSUFFICIENT_SINGLE_INSTANCE_OBJECTS,
xtion/xtion_align_data/2014_12_18_16_22_33,left_right,INSUFFICIENT_SINGLE_INSTANCE_OBJECTS,
xtion/xtion_align_data/2014_12_18_16_22_4,left_right,INSUFFICIENT_SINGLE_INSTANCE_OBJECTS,
xtion/xtion_align_data/2014_12_18_16_22_55,left_right,INSUFFICIENT_SINGLE_INSTANCE_OBJECTS,
xtion/xtion_align_data/2014_12_18_16_24_30,left_right,INSUFFICIENT_SINGLE_INSTANCE_OBJECTS,
xtion/xtion_align_data/2014_12_18_16_24_43,left_right,INSUFFICIENT_SINGLE_INSTANCE_OBJECTS,
xtion/xtion_align_data/2014_12_18_16_25_14,left_right,INSUFFICIENT_SINGLE_INSTANCE_OBJECTS,
xtion/xtion_align_data/2014_12_18_16_25_28,left_right,INSUFFICIENT_SINGLE_INSTANCE_OBJECTS,
xtion/xtion_align_data/2014_12_18_16_25_56,left_right,NO_PAIR_CLEARS_GATES,
xtion/xtion_align_data/2014_12_18_16_26_11,left_right,INSUFFICIENT_SINGLE_INSTANCE_OBJECTS,
xtion/xtion_align_data/2014_12_18_16_26_38,left_right,INSUFFICIENT_SINGLE_INSTANCE_OBJECTS,
xtion/xtion_align_data/2014_12_18_16_26_51,left_right,INSUFFICIENT_SINGLE_INSTANCE_OBJECTS,
xtion/xtion_align_data/2014_12_18_16_27_12,left_right,INSUFFICIENT_SINGLE_INSTANCE_OBJECTS,
xtion/xtion_align_data/2014_12_18_16_27_23,left_right,INSUFFICIENT_SINGLE_INSTANCE_OBJECTS,
xtion/xtion_align_data/2014_12_18_16_27_41,left_right,INSUFFICIENT_SINGLE_INSTANCE_OBJECTS,
xtion/xtion_align_data/2014_12_18_16_27_54,left_right,INSUFFICIENT_SINGLE_INSTANCE_OBJECTS,
xtion/xtion_align_data/2014_12_18_16_28_21,left_right,INSUFFICIENT_SINGLE_INSTANCE_OBJECTS,
xtion/xtion_align_data/2014_12_18_16_28_37,left_right,INSUFFICIENT_SINGLE_INSTANCE_OBJECTS,
xtion/xtion_align_data/2014_12_18_16_28_50,left_right,INSUFFICIENT_SINGLE_INSTANCE_OBJECTS,
xtion/xtion_align_data/2014_12_18_16_29_24,left_right,INSUFFICIENT_SINGLE_INSTANCE_OBJECTS,
xtion/xtion_align_data/2014_12_18_16_29_51,left_right,INSUFFICIENT_SINGLE_INSTANCE_OBJECTS,
xtion/xtion_align_data/2014_12_18_16_29_7,left_right,INSUFFICIENT_SINGLE_INSTANCE_OBJECTS,
xtion/xtion_align_data/2014_12_18_16_30_40,left_right,INSUFFICIENT_SINGLE_INSTANCE_OBJECTS,
