image_id,question_type,reason_code,detail
40777073/1131.661,left_right,INSUFFICIENT_SINGLE_INSTANCE_OBJECTS,
40777073/1135.560,left_right,INSUFFICIENT_SINGLE_INSTANCE_OBJECTS,
40958756/1630.997,left_right,INSUFFICIENT_SINGLE_INSTANCE_OBJECTS,
40958767/2082.289,left_right,INSUFFICIENT_SINGLE_INSTANCE_OBJECTS,
40958767/2098.466,left_right,INSUFFICIENT_SINGLE_INSTANCE_OBJECTS,
40958767/2114.676,left_right,NO_PAIR_CLEARS_GATES,
40958767/2130.969,left_right,INSUFFICIENT_SINGLE_INSTANCE_OBJECTS,
40958767/2163.373,left_right,INSUFFICIENT_SINGLE_INSTANCE_OBJECTS,
41007582/1294.211,left_right,INSUFFICIENT_SINGLE_INSTANCE_OBJECTS,
41007591/2640.127,left_right,INSUFFICIENT_SINGLE_INSTANCE_OBJECTS,
41048071/4491.408,left_right,INSUFFICIENT_SINGLE_INSTANCE_OBJECTS,
41048142/1719.562,left_right,INSUFFICIENT_SINGLE_INSTANCE_OBJECTS,
41048142/1734.872,left_right,INSUFFICIENT_SINGLE_INSTANCE_OBJECTS,
41048142/1742.569,left_right,INSUFFICIENT_SINGLE_INSTANCE_OBJECTS,
41048169/1000.057,left_right,INSUFFICIENT_SINGLE_INSTANCE_OBJECTS,
41048169/1052.968,left_right,INSUFFICIENT_SINGLE_INSTANCE_OBJECTS,
41048169/1158.857,left_right,INSUFFICIENT_SINGLE_INSTANCE_OBJECTS,
41048169/841.173,left_right,INSUFFICIENT_SINGLE_INSTANCE_OBJECTS,
41048225/7264.454,left_right,INSUFFICIENT_SINGLE_INSTANCE_OBJECTS,
41048225/7280.248,left_right,INSUFFICIENT_SINGLE_INSTANCE_OBJECTS,
41048225/7296.041,left_right,INSUFFICIENT_SINGLE_INSTANCE_OBJECTS,
41048225/7311.935,left_right,INSUFFICIENT_SINGLE_INSTANCE_OBJECTS,
41048225/7327.745,left_right,INSUFFICIENT_SINGLE_INSTANCE_OBJECTS,
41048225/7359.431,left_right,NO_PAIR_CLEARS_GATES,
41048225/7375.242,left_right,NO_PAIR_CLEARS_GATES,
41048247/4142.768,left_right,INSUFFICIENT_SINGLE_INSTANCE_OBJECTS,
41048247/4157.562,left_right,INSUFFICIENT_SINGLE_INSTANCE_OBJECTS,
41048247/4172.373,left_right,INSUFFICIENT_SINGLE_INSTANCE_OBJECTS,
41048247/4201.978,left_right,INSUFFICIENT_SINGLE_INSTANCE_OBJECTS,
41048247/4246.377,left_right,INSUFFICIENT_SINGLE_INSTANCE_OBJECTS,
41048249/4034.477,left_right,INSUFFICIENT_SINGLE_INSTANCE_OBJECTS,
41048249/4061.167,left_right,INSUFFICIENT_SINGLE_INSTANCE_OBJECTS,
41048249/4101.267,left_right,INSUFFICIENT_SINGLE_INSTANCE_OBJECTS,
41069042/3044.239,left_right,INSUFFICIENT_SINGLE_INSTANCE_OBJECTS,
41069042/3068.329,left_right,INSUFFICIENT_SINGLE_INSTANCE_OBJECTS,
41069042/3092.535,left_right,INSUFFICIENT_SINGLE_INSTANCE_OBJECTS,
41069042/3104.530,left_right,INSUFFICIENT_SINGLE_INSTANCE_OBJECTS,
41069042/3128.720,left_right,INSUFFICIENT_SINGLE_INSTANCE_OBJECTS,
41069050/5053.014,left_right,INSUFFICIENT_SINGLE_INSTANCE_OBJECTS,
41069050/5056.912,left_right,INSUFFICIENT_SINGLE_INSTANCE_OBJECTS,
41069050/5064.709,left_right,INSUFFICIENT_SINGLE_INSTANCE_OBJECTS,
41069050/5068.607,left_right,INSUFFICIENT_SINGLE_INSTANCE_OBJECTS,
41069076/3126.021,left_right,INSUFFICIENT_SINGLE_INSTANCE_OBJECTS,
41069087/5158.735,left_right,INSUFFICIENT_SINGLE_INSTANCE_OBJECTS,
41069125/2412.286,left_right,INSUFFICIENT_SINGLE_INSTANCE_OBJECTS,
41069125/2441.674,left_right,INSUFFICIENT_SINGLE_INSTANCE_OBJECTS,
41069130/4282.908,left_right,INSUFFICIENT_SINGLE_INSTANCE_OBJECTS,
41069130/4393.311,left_right,INSUFFICIENT_SINGLE_INSTANCE_OBJECTS,
41069130/4448.505,left_right,INSUFFICIENT_SINGLE_INSTANCE_OBJECTS,
41069130/4476.110,left_right,INSUFFICIENT_SINGLE_INSTANCE_OBJECTS,
41069168/2225.672,left_right,INSUFFICIENT_SINGLE_INSTANCE_OBJECTS,
41069168/2241.965,left_right,INSUFFICIENT_SINGLE_INSTANCE_OBJECTS,
41097978/6854.589,left_right,INSUFFICIENT_SINGLE_INSTANCE_OBJECTS,
41097978/6897.972,left_right,INSUFFICIENT_SINGLE_INSTANCE_OBJECTS,
41097992/8625.620,left_right,INSUFFICIENT_SINGLE_INSTANCE_OBJECTS,
41097992/8632.317,left_right,NO_PAIR_CLEARS_GATES,
41097992/8639.031,left_right,INSUFFICIENT_SINGLE_INSTANCE_OBJECTS,
41097992/8645.728,left_right,INSUFFICIENT_SINGLE_INSTANCE_OBJECTS,
41098000/9228.196,left_right,NO_PAIR_CLEARS_GATES,
41098000/9246.105,left_right,INSUFFICIENT_SINGLE_INSTANCE_OBJECTS,
41098000/9263.998,left_right,INSUFFICIENT_SINGLE_INSTANCE_OBJECTS,
41098000/9299.800,left_right,INSUFFICIENT_SINGLE_INSTANCE_OBJECTS,
41098000/9317.693,left_right,INSUFFICIENT_SINGLE_INSTANCE_OBJECTS,
41098062/2212.008,left_right,INSUFFICIENT_SINGLE_INSTANCE_OBJECTS,
41098076/2585.302,left_right,INSUFFICIENT_SINGLE_INSTANCE_OBJECTS,
41098076/2595.298,left_right,NO_PAIR_CLEARS_GATES,
41098076/2605.211,left_right,INSUFFICIENT_SINGLE_INSTANCE_OBJECTS,
41098076/2615.207,left_right,INSUFFICIENT_SINGLE_INSTANCE_OBJECTS,
41098076/2625.103,left_right,INSUFFICIENT_SINGLE_INSTANCE_OBJECTS,
41098076/2635.099,left_right,NO_PAIR_CLEARS_GATES,
41098076/2645.011,left_right,INSUFFICIENT_SINGLE_INSTANCE_OBJECTS,
41098100/3376.228,left_right,INSUFFICIENT_SINGLE_INSTANCE_OBJECTS,
41098100/3412.030,left_right,INSUFFICIENT_SINGLE_INSTANCE_OBJECTS,
41098140/836.023,left_right,INSUFFICIENT_SINGLE_INSTANCE_OBJECTS,
41098140/844.436,left_right,NO_PAIR_CLEARS_GATES,
41098140/852.833,left_right,NO_PAIR_CLEARS_GATES,
41098151/1177.731,left_right,NO_PAIR_CLEARS_GATES,
41098151/1191.025,left_right,INSUFFICIENT_SINGLE_INSTANCE_OBJECTS,
41098151/1204.420,left_right,INSUFFICIENT_SINGLE_INSTANCE_OBJECTS,
41098157/2716.639,left_right,INSUFFICIENT_SINGLE_INSTANCE_OBJECTS,
41098157/2739.746,left_right,INSUFFICIENT_SINGLE_INSTANCE_OBJECTS,
41098157/2751.341,left_right,INSUFFICIENT_SINGLE_INSTANCE_OBJECTS,
41098157/2774.448,left_right,INSUFFICIENT_SINGLE_INSTANCE_OBJECTS,
41098158/2883.936,left_right,INSUFFICIENT_SINGLE_INSTANCE_OBJECTS,
41098176/938.185,left_right,INSUFFICIENT_SINGLE_INSTANCE_OBJECTS,
41098176/951.779,left_right,INSUFFICIENT_SINGLE_INSTANCE_OBJECTS,
41098176/965.274,left_right,INSUFFICIENT_SINGLE_INSTANCE_OBJECTS,
41098176/978.885,left_right,INSUFFICIENT_SINGLE_INSTANCE_OBJECTS,
41124839/5190.348,left_right,INSUFFICIENT_SINGLE_INSTANCE_OBJECTS,
41124857/6695.686,left_right,INSUFFICIENT_SINGLE_INSTANCE_OBJECTS,
41124857/6775.486,left_right,INSUFFICIENT_SINGLE_INSTANCE_OBJECTS,
41125011/6776.658,left_right,INSUFFICIENT_SINGLE_INSTANCE_OBJECTS,
41125011/6810.644,left_right,INSUFFICIENT_SINGLE_INSTANCE_OBJECTS,
41125011/6833.435,left_right,INSUFFICIENT_SINGLE_INSTANCE_OBJECTS,
41125011/6844.730,left_right,INSUFFICIENT_SINGLE_INSTANCE_OBJECTS,
41125011/6856.142,left_right,INSUFFICIENT_SINGLE_INSTANCE_OBJECTS,
41125106/8074.752,left_right,INSUFFICIENT_SINGLE_INSTANCE_OBJECTS,
41125106/8083.765,left_right,INSUFFICIENT_SINGLE_INSTANCE_OBJECTS,
41125106/8119.767,left_right,INSUFFICIENT_SINGLE_INSTANCE_OBJECTS,
41125111/7972.160,left_right,INSUFFICIENT_SINGLE_INSTANCE_OBJECTS,
41125111/7979.357,left_right,INSUFFICIENT_SINGLE_INSTANCE_OBJECTS,
41125111/8000.765,left_right,NO_PAIR_CLEARS_GATES,
41125199/4011.256,left_right,INSUFFICIENT_SINGLE_INSTANCE_OBJECTS,
41125272/4868.780,left_right,INSUFFICIENT_SINGLE_INSTANCE_OBJECTS,
41125272/4883.874,left_right,INSUFFICIENT_SINGLE_INSTANCE_OBJECTS,
41125272/4891.471,left_right,INSUFFICIENT_SINGLE_INSTANCE_OBJECTS,
41125303/6060.707,left_right,INSUFFICIENT_SINGLE_INSTANCE_OBJECTS,
41125303/6065.522,left_right,INSUFFICIENT_SINGLE_INSTANCE_OBJECTS,
41125316/6012.610,left_right,INSUFFICIENT_SINGLE_INSTANCE_OBJECTS,
41125316/6017.009,left_right,NO_PAIR_CLEARS_GATES,
41125438/1332.944,left_right,NO_PAIR_CLEARS_GATES,
41125478/2067.472,left_right,INSUFFICIENT_SINGLE_INSTANCE_OBJECTS,
41125478/2077.568,left_right,INSUFFICIENT_SINGLE_INSTANCE_OBJECTS,
41125512/2890.073,left_right,INSUFFICIENT_SINGLE_INSTANCE_OBJECTS,
41125512/2900.068,left_right,INSUFFICIENT_SINGLE_INSTANCE_OBJECTS,
41125536/3278.218,left_right,INSUFFICIENT_SINGLE_INSTANCE_OBJECTS,
41125536/3341.709,left_right,INSUFFICIENT_SINGLE_INSTANCE_OBJECTS,
41125611/4646.428,left_right,INSUFFICIENT_SINGLE_INSTANCE_OBJECTS,
41125611/4658.340,left_right,INSUFFICIENT_SINGLE_INSTANCE_OBJECTS,
41125611/4682.230,left_right,INSUFFICIENT_SINGLE_INSTANCE_OBJECTS,
41125611/4694.125,left_right,INSUFFICIENT_SINGLE_INSTANCE_OBJECTS,
41125611/4718.032,left_right,INSUFFICIENT_SINGLE_INSTANCE_OBJECTS,
41125700/3734.445,left_right,INSUFFICIENT_SINGLE_INSTANCE_OBJECTS,
41125700/3761.051,left_right,INSUFFICIENT_SINGLE_INSTANCE_OBJECTS,
41125700/3787.640,left_right,INSUFFICIENT_SINGLE_INSTANCE_OBJECTS,
41125700/3800.935,left_right,INSUFFICIENT_SINGLE_INSTANCE_OBJECTS,
41125709/3829.940,left_right,INSUFFICIENT_SINGLE_INSTANCE_OBJECTS,
41125709/3843.551,left_right,INSUFFICIENT_SINGLE_INSTANCE_OBJECTS,
41125709/3857.046,left_right,INSUFFICIENT_SINGLE_INSTANCE_OBJECTS,
41125709/3884.151,left_right,INSUFFICIENT_SINGLE_INSTANCE_OBJECTS,
41125709/3897.746,left_right,INSUFFICIENT_SINGLE_INSTANCE_OBJECTS,
41125709/3911.240,left_right,INSUFFICIENT_SINGLE_INSTANCE_OBJECTS,
41125829/8420.370,left_right,INSUFFICIENT_SINGLE_INSTANCE_OBJECTS,
41125829/8430.582,left_right,INSUFFICIENT_SINGLE_INSTANCE_OBJECTS,
41125829/8440.878,left_right,INSUFFICIENT_SINGLE_INSTANCE_OBJECTS,
41125829/8451.074,left_right,INSUFFICIENT_SINGLE_INSTANCE_OBJECTS,
41125918/9972.267,left_right,INSUFFICIENT_SINGLE_INSTANCE_OBJECTS,
41126383/4962.958,left_right,INSUFFICIENT_SINGLE_INSTANCE_OBJECTS,
41126383/4969.172,left_right,INSUFFICIENT_SINGLE_INSTANCE_OBJECTS,
41126383/4981.567,left_right,INSUFFICIENT_SINGLE_INSTANCE_OBJECTS,
41126386/4885.373,left_right,INSUFFICIENT_SINGLE_INSTANCE_OBJECTS,
41126386/4908.064,left_right,INSUFFICIENT_SINGLE_INSTANCE_OBJECTS,
41126386/4913.761,left_right,INSUFFICIENT_SINGLE_INSTANCE_OBJECTS,
41126458/4551.179,left_right,NO_PAIR_CLEARS_GATES,
41126458/4592.779,left_right,NO_PAIR_CLEARS_GATES,
41126466/5195.443,left_right,INSUFFICIENT_SINGLE_INSTANCE_OBJECTS,
41126466/5214.236,left_right,INSUFFICIENT_SINGLE_INSTANCE_OBJECTS,
41126466/5223.649,left_right,INSUFFICIENT_SINGLE_INSTANCE_OBJECTS,
41126546/4753.834,left_right,INSUFFICIENT_SINGLE_INSTANCE_OBJECTS,
41126546/4788.037,left_right,INSUFFICIENT_SINGLE_INSTANCE_OBJECTS,
41126546/4796.633,left_right,INSUFFICIENT_SINGLE_INSTANCE_OBJECTS,
41126567/206.588,left_right,INSUFFICIENT_SINGLE_INSTANCE_OBJECTS,
41126592/1166.238,left_right,INSUFFICIENT_SINGLE_INSTANCE_OBJECTS,
41126592/1174.435,left_right,INSUFFICIENT_SINGLE_INSTANCE_OBJECTS,
41126645/698.440,left_right,INSUFFICIENT_SINGLE_INSTANCE_OBJECTS,
41126645/716.149,left_right,INSUFFICIENT_SINGLE_INSTANCE_OBJECTS,
41126645/733.842,left_right,INSUFFICIENT_SINGLE_INSTANCE_OBJECTS,
41126667/1401.679,left_right,INSUFFICIENT_SINGLE_INSTANCE_OBJECTS,
41126667/1409.576,left_right,INSUFFICIENT_SINGLE_INSTANCE_OBJECTS,
41126667/1425.286,left_right,INSUFFICIENT_SINGLE_INSTANCE_OBJECTS,
41126678/1461.688,left_right,INSUFFICIENT_SINGLE_INSTANCE_OBJECTS,
41126678/1533.075,left_right,INSUFFICIENT_SINGLE_INSTANCE_OBJECTS,
41126689/2736.367,left_right,INSUFFICIENT_SINGLE_INSTANCE_OBJECTS,
41126689/2745.363,left_right,INSUFFICIENT_SINGLE_INSTANCE_OBJECTS,
41126689/2754.459,left_right,INSUFFICIENT_SINGLE_INSTANCE_OBJECTS,
41126697/2814.468,left_right,INSUFFICIENT_SINGLE_INSTANCE_OBJECTS,
41126697/2823.564,left_right,INSUFFICIENT_SINGLE_INSTANCE_OBJECTS,
41126697/2841.756,left_right,INSUFFICIENT_SINGLE_INSTANCE_OBJECTS,
41126700/3711.693,left_right,INSUFFICIENT_SINGLE_INSTANCE_OBJECTS,
41126700/3735.000,left_right,NO_PAIR_CLEARS_GATES,
41126700/3758.290,left_right,INSUFFICIENT_SINGLE_INSTANCE_OBJECTS,
41126700/3804.787,left_right,INSUFFICIENT_SINGLE_INSTANCE_OBJECTS,
41126700/3851.385,left_right,INSUFFICIENT_SINGLE_INSTANCE_OBJECTS,
41126728/2021.806,left_right,INSUFFICIENT_SINGLE_INSTANCE_OBJECTS,
41126728/2028.203,left_right,INSUFFICIENT_SINGLE_INSTANCE_OBJECTS,
41126728/2034.600,left_right,INSUFFICIENT_SINGLE_INSTANCE_OBJECTS,
41126742/3034.231,left_right,NO_PAIR_CLEARS_GATES,
41126742/3075.615,left_right,INSUFFICIENT_SINGLE_INSTANCE_OBJECTS,
41126742/3096.306,left_right,INSUFFICIENT_SINGLE_INSTANCE_OBJECTS,
41126744/2952.131,left_right,NO_PAIR_CLEARS_GATES,
41126744/2969.408,left_right,INSUFFICIENT_SINGLE_INSTANCE_OBJECTS,
41126744/2978.021,left_right,INSUFFICIENT_SINGLE_INSTANCE_OBJECTS,
41126744/2986.718,left_right,INSUFFICIENT_SINGLE_INSTANCE_OBJECTS,
41126744/3012.707,left_right,INSUFFICIENT_SINGLE_INSTANCE_OBJECTS,
41126779/4585.544,left_right,INSUFFICIENT_SINGLE_INSTANCE_OBJECTS,
41126779/4599.954,left_right,INSUFFICIENT_SINGLE_INSTANCE_OBJECTS,
41126779/4628.843,left_right,INSUFFICIENT_SINGLE_INSTANCE_OBJECTS,
41126779/4643.353,left_right,NO_PAIR_CLEARS_GATES,
41126783/4688.052,left_right,INSUFFICIENT_SINGLE_INSTANCE_OBJECTS,
41126783/4701.946,left_right,INSUFFICIENT_SINGLE_INSTANCE_OBJECTS,
41126783/4715.940,left_right,INSUFFICIENT_SINGLE_INSTANCE_OBJECTS,
41126783/4729.851,left_right,INSUFFICIENT_SINGLE_INSTANCE_OBJECTS,
41126783/4743.745,left_right,INSUFFICIENT_SINGLE_INSTANCE_OBJECTS,
41126783/4757.740,left_right,INSUFFICIENT_SINGLE_INSTANCE_OBJECTS,
41126792/6188.134,left_right,INSUFFICIENT_SINGLE_INSTANCE_OBJECTS,
41126792/6195.148,left_right,INSUFFICIENT_SINGLE_INSTANCE_OBJECTS,
41126792/6209.142,left_right,INSUFFICIENT_SINGLE_INSTANCE_OBJECTS,
41126811/8336.544,left_right,INSUFFICIENT_SINGLE_INSTANCE_OBJECTS,
41126811/8343.325,left_right,NO_PAIR_CLEARS_GATES,
41126811/8363.733,left_right,INSUFFICIENT_SINGLE_INSTANCE_OBJECTS,
41126811/8377.327,left_right,INSUFFICIENT_SINGLE_INSTANCE_OBJECTS,
41126867/1125.903,left_right,NO_PAIR_CLEARS_GATES,
41126867/1134.799,left_right,INSUFFICIENT_SINGLE_INSTANCE_OBJECTS,
41126979/1508.698,left_right,INSUFFICIENT_SINGLE_INSTANCE_OBJECTS,
41126979/1516.412,left_right,INSUFFICIENT_SINGLE_INSTANCE_OBJECTS,
41126998/4951.257,left_right,INSUFFICIENT_SINGLE_INSTANCE_OBJECTS,
41127074/1003.813,left_right,INSUFFICIENT_SINGLE_INSTANCE_OBJECTS,
41127074/992.318,left_right,INSUFFICIENT_SINGLE_INSTANCE_OBJECTS,
41127082/1071.319,left_right,INSUFFICIENT_SINGLE_INSTANCE_OBJECTS,
41127082/1079.616,left_right,NO_PAIR_CLEARS_GATES,
41127101/1540.276,left_right,INSUFFICIENT_SINGLE_INSTANCE_OBJECTS,
41159381/1819.354,left_right,NO_PAIR_CLEARS_GATES,
41159381/1842.428,left_right,INSUFFICIENT_SINGLE_INSTANCE_OBJECTS,
41159381/1888.626,left_right,INSUFFICIENT_SINGLE_INSTANCE_OBJECTS,
41159381/1911.733,left_right,INSUFFICIENT_SINGLE_INSTANCE_OBJECTS,
41159381/1957.930,left_right,INSUFFICIENT_SINGLE_INSTANCE_OBJECTS,
41159381/1981.037,left_right,INSUFFICIENT_SINGLE_INSTANCE_OBJECTS,
41159448/502.506,left_right,INSUFFICIENT_SINGLE_INSTANCE_OBJECTS,
41159448/551.703,left_right,INSUFFICIENT_SINGLE_INSTANCE_OBJECTS,
41159541/39778.241,left_right,INSUFFICIENT_SINGLE_INSTANCE_OBJECTS,
41159541/39799.632,left_right,INSUFFICIENT_SINGLE_INSTANCE_OBJECTS,
41159541/39810.328,left_right,INSUFFICIENT_SINGLE_INSTANCE_OBJECTS,
41159541/39821.123,left_right,INSUFFICIENT_SINGLE_INSTANCE_OBJECTS,
41159541/39831.836,left_right,INSUFFICIENT_SINGLE_INSTANCE_OBJECTS,
41159541/39842.531,left_right,INSUFFICIENT_SINGLE_INSTANCE_OBJECTS,
41159623/55540.420,left_right,INSUFFICIENT_SINGLE_INSTANCE_OBJECTS,
41159623/55580.020,left_right,INSUFFICIENT_SINGLE_INSTANCE_OBJECTS,
41159639/58438.325,left_right,INSUFFICIENT_SINGLE_INSTANCE_OBJECTS,
41159639/58477.192,left_right,INSUFFICIENT_SINGLE_INSTANCE_OBJECTS,
41159639/58490.203,left_right,INSUFFICIENT_SINGLE_INSTANCE_OBJECTS,
41159639/58503.198,left_right,INSUFFICIENT_SINGLE_INSTANCE_OBJECTS,
41159641/58252.202,left_right,INSUFFICIENT_SINGLE_INSTANCE_OBJECTS,
41159641/58261.398,left_right,INSUFFICIENT_SINGLE_INSTANCE_OBJECTS,
41159641/58270.594,left_right,INSUFFICIENT_SINGLE_INSTANCE_OBJECTS,
41159641/58279.807,left_right,INSUFFICIENT_SINGLE_INSTANCE_OBJECTS,
41159641/58289.003,left_right,INSUFFICIENT_SINGLE_INSTANCE_OBJECTS,
41159641/58298.200,left_right,INSUFFICIENT_SINGLE_INSTANCE_OBJECTS,
41159641/58307.396,left_right,INSUFFICIENT_SINGLE_INSTANCE_OBJECTS,
41159641/58316.609,left_right,INSUFFICIENT_SINGLE_INSTANCE_OBJECTS,
41159643/58339.616,left_right,INSUFFICIENT_SINGLE_INSTANCE_OBJECTS,
41159643/58348.695,left_right,INSUFFICIENT_SINGLE_INSTANCE_OBJECTS,
41159643/58376.300,left_right,INSUFFICIENT_SINGLE_INSTANCE_OBJECTS,
41159643/58385.497,left_right,INSUFFICIENT_SINGLE_INSTANCE_OBJECTS,
41159687/46454.172,left_right,INSUFFICIENT_SINGLE_INSTANCE_OBJECTS,
41159687/46473.664,left_right,INSUFFICIENT_SINGLE_INSTANCE_OBJECTS,
41159687/46493.273,left_right,INSUFFICIENT_SINGLE_INSTANCE_OBJECTS,
41159687/46532.474,left_right,INSUFFICIENT_SINGLE_INSTANCE_OBJECTS,
41159687/46551.966,left_right,NO_PAIR_CLEARS_GATES,
41159687/46571.575,left_right,INSUFFICIENT_SINGLE_INSTANCE_OBJECTS,
41159687/46591.167,left_right,NO_PAIR_CLEARS_GATES,
41159694/48383.569,left_right,INSUFFICIENT_SINGLE_INSTANCE_OBJECTS,
41159694/48395.265,left_right,INSUFFICIENT_SINGLE_INSTANCE_OBJECTS,
41159694/48406.960,left_right,NO_PAIR_CLEARS_GATES,
41159694/48418.672,left_right,INSUFFICIENT_SINGLE_INSTANCE_OBJECTS,
41159694/48430.367,left_right,INSUFFICIENT_SINGLE_INSTANCE_OBJECTS,
41159694/48442.063,left_right,INSUFFICIENT_SINGLE_INSTANCE_OBJECTS,
41159694/48453.775,left_right,INSUFFICIENT_SINGLE_INSTANCE_OBJECTS,
41159704/71318.711,left_right,INSUFFICIENT_SINGLE_INSTANCE_OBJECTS,
41159704/71344.716,left_right,INSUFFICIENT_SINGLE_INSTANCE_OBJECTS,
41159704/71383.717,left_right,INSUFFICIENT_SINGLE_INSTANCE_OBJECTS,
41159704/71396.712,left_right,NO_PAIR_CLEARS_GATES,
41159762/62062.463,left_right,INSUFFICIENT_SINGLE_INSTANCE_OBJECTS,
41159762/62083.954,left_right,INSUFFICIENT_SINGLE_INSTANCE_OBJECTS,
41159762/62116.358,left_right,INSUFFICIENT_SINGLE_INSTANCE_OBJECTS,
41159762/62127.154,left_right,INSUFFICIENT_SINGLE_INSTANCE_OBJECTS,
41159823/86705.676,left_right,INSUFFICIENT_SINGLE_INSTANCE_OBJECTS,
41159823/86715.972,left_right,INSUFFICIENT_SINGLE_INSTANCE_OBJECTS,
41159846/78058.033,left_right,INSUFFICIENT_SINGLE_INSTANCE_OBJECTS,
41159846/78080.041,left_right,INSUFFICIENT_SINGLE_INSTANCE_OBJECTS,
41159846/78102.032,left_right,INSUFFICIENT_SINGLE_INSTANCE_OBJECTS,
41159846/78124.040,left_right,INSUFFICIENT_SINGLE_INSTANCE_OBJECTS,
41159846/78146.031,left_right,INSUFFICIENT_SINGLE_INSTANCE_OBJECTS,
41159846/78168.039,left_right,INSUFFICIENT_SINGLE_INSTANCE_OBJECTS,
41159846/78190.031,left_right,INSUFFICIENT_SINGLE_INSTANCE_OBJECTS,
41159862/79728.420,left_right,INSUFFICIENT_SINGLE_INSTANCE_OBJECTS,
41159862/79775.019,left_right,INSUFFICIENT_SINGLE_INSTANCE_OBJECTS,
41159862/79786.714,left_right,INSUFFICIENT_SINGLE_INSTANCE_OBJECTS,
41159862/79810.021,left_right,INSUFFICIENT_SINGLE_INSTANCE_OBJECTS,
41159870/81898.161,left_right,INSUFFICIENT_SINGLE_INSTANCE_OBJECTS,
41159870/81912.172,left_right,INSUFFICIENT_SINGLE_INSTANCE_OBJECTS,
41159870/81953.972,left_right,INSUFFICIENT_SINGLE_INSTANCE_OBJECTS,
41159870/81967.867,left_right,INSUFFICIENT_SINGLE_INSTANCE_OBJECTS,
41159873/81757.567,left_right,INSUFFICIENT_SINGLE_INSTANCE_OBJECTS,
41159873/81773.877,left_right,INSUFFICIENT_SINGLE_INSTANCE_OBJECTS,
41159873/81806.264,left_right,INSUFFICIENT_SINGLE_INSTANCE_OBJECTS,
41159873/81822.574,left_right,INSUFFICIENT_SINGLE_INSTANCE_OBJECTS,
41249057/2020.469,left_right,INSUFFICIENT_SINGLE_INSTANCE_OBJECTS,
41249057/2039.461,left_right,INSUFFICIENT_SINGLE_INSTANCE_OBJECTS,
41254551/136562.526,left_right,INSUFFICIENT_SINGLE_INSTANCE_OBJECTS,
41254551/136572.222,left_right,INSUFFICIENT_SINGLE_INSTANCE_OBJECTS,
41254551/136591.731,left_right,NO_PAIR_CLEARS_GATES,
41254632/142062.584,left_right,INSUFFICIENT_SINGLE_INSTANCE_OBJECTS,
41254632/142091.888,left_right,INSUFFICIENT_SINGLE_INSTANCE_OBJECTS,
41254720/128239.109,left_right,INSUFFICIENT_SINGLE_INSTANCE_OBJECTS,
41254720/128250.904,left_right,INSUFFICIENT_SINGLE_INSTANCE_OBJECTS,
41254720/128262.600,left_right,INSUFFICIENT_SINGLE_INSTANCE_OBJECTS,
41254720/128274.395,left_right,INSUFFICIENT_SINGLE_INSTANCE_OBJECTS,
41254720/128286.107,left_right,INSUFFICIENT_SINGLE_INSTANCE_OBJECTS,
41254778/131886.633,left_right,INSUFFICIENT_SINGLE_INSTANCE_OBJECTS,
41254778/131939.329,left_right,INSUFFICIENT_SINGLE_INSTANCE_OBJECTS,
41254778/131992.025,left_right,INSUFFICIENT_SINGLE_INSTANCE_OBJECTS,
41254778/132009.618,left_right,INSUFFICIENT_SINGLE_INSTANCE_OBJECTS,
41254893/159209.938,left_right,INSUFFICIENT_SINGLE_INSTANCE_OBJECTS,
41254893/159233.844,left_right,INSUFFICIENT_SINGLE_INSTANCE_OBJECTS,
41254893/159257.734,left_right,INSUFFICIENT_SINGLE_INSTANCE_OBJECTS,
41254893/159281.641,left_right,INSUFFICIENT_SINGLE_INSTANCE_OBJECTS,
41254956/143012.063,left_right,INSUFFICIENT_SINGLE_INSTANCE_OBJECTS,
41254956/143061.043,left_right,INSUFFICIENT_SINGLE_INSTANCE_OBJECTS,
41254956/143093.747,left_right,INSUFFICIENT_SINGLE_INSTANCE_OBJECTS,
41254956/143110.141,left_right,INSUFFICIENT_SINGLE_INSTANCE_OBJECTS,
41254956/143126.451,left_right,INSUFFICIENT_SINGLE_INSTANCE_OBJECTS,
42444474/1372.779,left_right,INSUFFICIENT_SINGLE_INSTANCE_OBJECTS,
42444474/1383.774,left_right,INSUFFICIENT_SINGLE_INSTANCE_OBJECTS,
42444474/1394.770,left_right,INSUFFICIENT_SINGLE_INSTANCE_OBJECTS,
42444474/1405.765,left_right,INSUFFICIENT_SINGLE_INSTANCE_OBJECTS,
42444474/1427.673,left_right,INSUFFICIENT_SINGLE_INSTANCE_OBJECTS,
42444526/4115.161,left_right,INSUFFICIENT_SINGLE_INSTANCE_OBJECTS,
42444703/73378.680,left_right,INSUFFICIENT_SINGLE_INSTANCE_OBJECTS,
42444703/73388.592,left_right,INSUFFICIENT_SINGLE_INSTANCE_OBJECTS,
42444703/73398.588,left_right,INSUFFICIENT_SINGLE_INSTANCE_OBJECTS,
42444703/73408.484,left_right,INSUFFICIENT_SINGLE_INSTANCE_OBJECTS,
42444703/73418.380,left_right,INSUFFICIENT_SINGLE_INSTANCE_OBJECTS,
42444711/74046.621,left_right,INSUFFICIENT_SINGLE_INSTANCE_OBJECTS,
42444711/74065.230,left_right,INSUFFICIENT_SINGLE_INSTANCE_OBJECTS,
42444735/77881.312,left_right,INSUFFICIENT_SINGLE_INSTANCE_OBJECTS,
42444735/77896.923,left_right,NO_PAIR_CLEARS_GATES,
42444814/54583.701,left_right,NO_PAIR_CLEARS_GATES,
42444814/54595.596,left_right,INSUFFICIENT_SINGLE_INSTANCE_OBJECTS,
42444814/54607.508,left_right,NO_PAIR_CLEARS_GATES,
42444814/54631.298,left_right,INSUFFICIENT_SINGLE_INSTANCE_OBJECTS,
42444814/54643.210,left_right,INSUFFICIENT_SINGLE_INSTANCE_OBJECTS,
42444814/54655.105,left_right,INSUFFICIENT_SINGLE_INSTANCE_OBJECTS,
42444849/95101.639,left_right,INSUFFICIENT_SINGLE_INSTANCE_OBJECTS,
42444849/95124.946,left_right,INSUFFICIENT_SINGLE_INSTANCE_OBJECTS,
42444849/95136.642,left_right,INSUFFICIENT_SINGLE_INSTANCE_OBJECTS,
42444849/95148.337,left_right,INSUFFICIENT_SINGLE_INSTANCE_OBJECTS,
42444855/94847.913,left_right,INSUFFICIENT_SINGLE_INSTANCE_OBJECTS,
42444855/94861.324,left_right,INSUFFICIENT_SINGLE_INSTANCE_OBJECTS,
42444855/94874.719,left_right,INSUFFICIENT_SINGLE_INSTANCE_OBJECTS,
42444855/94888.213,left_right,INSUFFICIENT_SINGLE_INSTANCE_OBJECTS,
42444855/94928.413,left_right,INSUFFICIENT_SINGLE_INSTANCE_OBJECTS,
42444859/96513.874,left_right,INSUFFICIENT_SINGLE_INSTANCE_OBJECTS,
42444859/96518.372,left_right,INSUFFICIENT_SINGLE_INSTANCE_OBJECTS,
42444859/96540.963,left_right,INSUFFICIENT_SINGLE_INSTANCE_OBJECTS,
42444860/96670.561,left_right,INSUFFICIENT_SINGLE_INSTANCE_OBJECTS,
42444860/96681.973,left_right,INSUFFICIENT_SINGLE_INSTANCE_OBJECTS,
42444860/96693.268,left_right,INSUFFICIENT_SINGLE_INSTANCE_OBJECTS,
42444872/98023.293,left_right,INSUFFICIENT_SINGLE_INSTANCE_OBJECTS,
42444872/98035.404,left_right,INSUFFICIENT_SINGLE_INSTANCE_OBJECTS,
42444872/98047.500,left_right,INSUFFICIENT_SINGLE_INSTANCE_OBJECTS,
42444872/98059.694,left_right,INSUFFICIENT_SINGLE_INSTANCE_OBJECTS,
42444872/98071.806,left_right,INSUFFICIENT_SINGLE_INSTANCE_OBJECTS,
42444872/98083.901,left_right,INSUFFICIENT_SINGLE_INSTANCE_OBJECTS,
42444872/98095.996,left_right,INSUFFICIENT_SINGLE_INSTANCE_OBJECTS,
42444928/221432.701,left_right,INSUFFICIENT_SINGLE_INSTANCE_OBJECTS,
42444928/221442.197,left_right,INSUFFICIENT_SINGLE_INSTANCE_OBJECTS,
42444928/221451.693,left_right,INSUFFICIENT_SINGLE_INSTANCE_OBJECTS,
42444928/221461.306,left_right,INSUFFICIENT_SINGLE_INSTANCE_OBJECTS,
42444953/224978.061,left_right,INSUFFICIENT_SINGLE_INSTANCE_OBJECTS,
42444953/224995.970,left_right,INSUFFICIENT_SINGLE_INSTANCE_OBJECTS,
42444997/45141.388,left_right,INSUFFICIENT_SINGLE_INSTANCE_OBJECTS,
42444997/45156.465,left_right,INSUFFICIENT_SINGLE_INSTANCE_OBJECTS,
42444997/45171.659,left_right,INSUFFICIENT_SINGLE_INSTANCE_OBJECTS,
42444997/45232.267,left_right,INSUFFICIENT_SINGLE_INSTANCE_OBJECTS,
42444998/45363.879,left_right,INSUFFICIENT_SINGLE_INSTANCE_OBJECTS,
42444998/45401.164,left_right,INSUFFICIENT_SINGLE_INSTANCE_OBJECTS,
42444998/45419.856,left_right,INSUFFICIENT_SINGLE_INSTANCE_OBJECTS,
42444998/45438.565,left_right,INSUFFICIENT_SINGLE_INSTANCE_OBJECTS,
42444998/45457.157,left_right,NO_PAIR_CLEARS_GATES,
42444998/45475.866,left_right,INSUFFICIENT_SINGLE_INSTANCE_OBJECTS,
42445078/5606.131,left_right,NO_PAIR_CLEARS_GATES,
42445078/5614.728,left_right,INSUFFICIENT_SINGLE_INSTANCE_OBJECTS,
42445128/5095.858,left_right,NO_PAIR_CLEARS_GATES,
42445128/5103.338,left_right,INSUFFICIENT_SINGLE_INSTANCE_OBJECTS,
42445128/5110.952,left_right,INSUFFICIENT_SINGLE_INSTANCE_OBJECTS,
42445128/5133.642,left_right,INSUFFICIENT_SINGLE_INSTANCE_OBJECTS,
42445128/5141.139,left_right,INSUFFICIENT_SINGLE_INSTANCE_OBJECTS,
42445128/5148.736,left_right,INSUFFICIENT_SINGLE_INSTANCE_OBJECTS,
42445180/8945.210,left_right,INSUFFICIENT_SINGLE_INSTANCE_OBJECTS,
42445180/8958.305,left_right,INSUFFICIENT_SINGLE_INSTANCE_OBJECTS,
42445180/8971.400,left_right,INSUFFICIENT_SINGLE_INSTANCE_OBJECTS,
42445205/10720.036,left_right,INSUFFICIENT_SINGLE_INSTANCE_OBJECTS,
42445205/10728.833,left_right,INSUFFICIENT_SINGLE_INSTANCE_OBJECTS,
42445205/10737.646,left_right,NO_PAIR_CLEARS_GATES,
42445205/10746.442,left_right,INSUFFICIENT_SINGLE_INSTANCE_OBJECTS,
42445205/10764.035,left_right,INSUFFICIENT_SINGLE_INSTANCE_OBJECTS,
42445205/10772.832,left_right,INSUFFICIENT_SINGLE_INSTANCE_OBJECTS,
42445445/149672.621,left_right,INSUFFICIENT_SINGLE_INSTANCE_OBJECTS,
42445462/151046.635,left_right,NO_PAIR_CLEARS_GATES,
42445476/152276.707,left_right,INSUFFICIENT_SINGLE_INSTANCE_OBJECTS,
42445476/152286.503,left_right,INSUFFICIENT_SINGLE_INSTANCE_OBJECTS,
42445498/154770.686,left_right,NO_PAIR_CLEARS_GATES,
42445502/154840.374,left_right,NO_PAIR_CLEARS_GATES,
42445502/154856.584,left_right,INSUFFICIENT_SINGLE_INSTANCE_OBJECTS,
42445599/285039.652,left_right,INSUFFICIENT_SINGLE_INSTANCE_OBJECTS,
42445599/285068.240,left_right,INSUFFICIENT_SINGLE_INSTANCE_OBJECTS,
42445599/285096.845,left_right,INSUFFICIENT_SINGLE_INSTANCE_OBJECTS,
42445670/60938.231,left_right,NO_PAIR_CLEARS_GATES,
42445670/60945.728,left_right,NO_PAIR_CLEARS_GATES,
42445670/60953.225,left_right,INSUFFICIENT_SINGLE_INSTANCE_OBJECTS,
42445670/60968.135,left_right,INSUFFICIENT_SINGLE_INSTANCE_OBJECTS,
42445677/61012.634,left_right,INSUFFICIENT_SINGLE_INSTANCE_OBJECTS,
42445677/61025.828,left_right,INSUFFICIENT_SINGLE_INSTANCE_OBJECTS,
42445677/61038.923,left_right,INSUFFICIENT_SINGLE_INSTANCE_OBJECTS,
42445677/61052.134,left_right,INSUFFICIENT_SINGLE_INSTANCE_OBJECTS,
42445677/61065.228,left_right,INSUFFICIENT_SINGLE_INSTANCE_OBJECTS,
42445677/61078.423,left_right,INSUFFICIENT_SINGLE_INSTANCE_OBJECTS,
42445677/61091.534,left_right,INSUFFICIENT_SINGLE_INSTANCE_OBJECTS,
42445680/61953.888,left_right,INSUFFICIENT_SINGLE_INSTANCE_OBJECTS,
42445680/62000.569,left_right,INSUFFICIENT_SINGLE_INSTANCE_OBJECTS,
42445680/62023.976,left_right,INSUFFICIENT_SINGLE_INSTANCE_OBJECTS,
42445680/62047.383,left_right,INSUFFICIENT_SINGLE_INSTANCE_OBJECTS,
42445680/62094.080,left_right,INSUFFICIENT_SINGLE_INSTANCE_OBJECTS,
42445680/62117.470,left_right,INSUFFICIENT_SINGLE_INSTANCE_OBJECTS,
42445721/63515.037,left_right,INSUFFICIENT_SINGLE_INSTANCE_OBJECTS,
42445721/63525.516,left_right,INSUFFICIENT_SINGLE_INSTANCE_OBJECTS,
42445721/63557.219,left_right,INSUFFICIENT_SINGLE_INSTANCE_OBJECTS,
42445721/63567.815,left_right,INSUFFICIENT_SINGLE_INSTANCE_OBJECTS,
42445891/72983.090,left_right,INSUFFICIENT_SINGLE_INSTANCE_OBJECTS,
42445891/72985.606,left_right,INSUFFICIENT_SINGLE_INSTANCE_OBJECTS,
42445891/72990.603,left_right,INSUFFICIENT_SINGLE_INSTANCE_OBJECTS,
42445927/77965.579,left_right,INSUFFICIENT_SINGLE_INSTANCE_OBJECTS,
42445927/77975.192,left_right,INSUFFICIENT_SINGLE_INSTANCE_OBJECTS,
42445927/77980.090,left_right,INSUFFICIENT_SINGLE_INSTANCE_OBJECTS,
42445938/79444.586,left_right,INSUFFICIENT_SINGLE_INSTANCE_OBJECTS,
42445938/79461.180,left_right,INSUFFICIENT_SINGLE_INSTANCE_OBJECTS,
42445938/79477.790,left_right,INSUFFICIENT_SINGLE_INSTANCE_OBJECTS,
42445938/79486.086,left_right,INSUFFICIENT_SINGLE_INSTANCE_OBJECTS,
42445938/79494.383,left_right,INSUFFICIENT_SINGLE_INSTANCE_OBJECTS,
42445966/347061.441,left_right,NO_PAIR_CLEARS_GATES,
42445966/347082.633,left_right,INSUFFICIENT_SINGLE_INSTANCE_OBJECTS,
42445966/347103.840,left_right,NO_PAIR_CLEARS_GATES,
42445966/347188.639,left_right,INSUFFICIENT_SINGLE_INSTANCE_OBJECTS,
42445984/75145.654,left_right,INSUFFICIENT_SINGLE_INSTANCE_OBJECTS,
42445984/75157.732,left_right,INSUFFICIENT_SINGLE_INSTANCE_OBJECTS,
42445984/75182.139,left_right,INSUFFICIENT_SINGLE_INSTANCE_OBJECTS,
42445984/75194.334,left_right,INSUFFICIENT_SINGLE_INSTANCE_OBJECTS,
42445984/75206.429,left_right,NO_PAIR_CLEARS_GATES,
42445984/75218.624,left_right,INSUFFICIENT_SINGLE_INSTANCE_OBJECTS,
42445984/75230.835,left_right,INSUFFICIENT_SINGLE_INSTANCE_OBJECTS,
42445988/347250.930,left_right,INSUFFICIENT_SINGLE_INSTANCE_OBJECTS,
42445988/347323.434,left_right,INSUFFICIENT_SINGLE_INSTANCE_OBJECTS,
42445988/347359.635,left_right,INSUFFICIENT_SINGLE_INSTANCE_OBJECTS,
42445988/347432.139,left_right,INSUFFICIENT_SINGLE_INSTANCE_OBJECTS,
42445988/347468.324,left_right,NO_PAIR_CLEARS_GATES,
42445998/75359.532,left_right,INSUFFICIENT_SINGLE_INSTANCE_OBJECTS,
42445998/75379.223,left_right,INSUFFICIENT_SINGLE_INSTANCE_OBJECTS,
42445998/75418.624,left_right,INSUFFICIENT_SINGLE_INSTANCE_OBJECTS,
42445998/75438.432,left_right,INSUFFICIENT_SINGLE_INSTANCE_OBJECTS,
42445998/75497.524,left_right,INSUFFICIENT_SINGLE_INSTANCE_OBJECTS,
42446016/348089.567,left_right,INSUFFICIENT_SINGLE_INSTANCE_OBJECTS,
42446016/348146.277,left_right,INSUFFICIENT_SINGLE_INSTANCE_OBJECTS,
42446017/134596.729,left_right,INSUFFICIENT_SINGLE_INSTANCE_OBJECTS,
42446017/134613.223,left_right,INSUFFICIENT_SINGLE_INSTANCE_OBJECTS,
42446025/134627.650,left_right,INSUFFICIENT_SINGLE_INSTANCE_OBJECTS,
42446025/134641.228,left_right,INSUFFICIENT_SINGLE_INSTANCE_OBJECTS,
42446025/134709.616,left_right,INSUFFICIENT_SINGLE_INSTANCE_OBJECTS,
42446025/134723.327,left_right,INSUFFICIENT_SINGLE_INSTANCE_OBJECTS,
42446038/347873.772,left_right,INSUFFICIENT_SINGLE_INSTANCE_OBJECTS,
42446038/347901.477,left_right,INSUFFICIENT_SINGLE_INSTANCE_OBJECTS,
42446038/347915.372,left_right,INSUFFICIENT_SINGLE_INSTANCE_OBJECTS,
42446038/347943.077,left_right,INSUFFICIENT_SINGLE_INSTANCE_OBJECTS,
42446038/347956.871,left_right,INSUFFICIENT_SINGLE_INSTANCE_OBJECTS,
42446049/347784.375,left_right,INSUFFICIENT_SINGLE_INSTANCE_OBJECTS,
42446049/347815.479,left_right,INSUFFICIENT_SINGLE_INSTANCE_OBJECTS,
42446049/347825.775,left_right,INSUFFICIENT_SINGLE_INSTANCE_OBJECTS,
42446049/347836.171,left_right,INSUFFICIENT_SINGLE_INSTANCE_OBJECTS,
42446050/79827.595,left_right,INSUFFICIENT_SINGLE_INSTANCE_OBJECTS,
42446050/79839.973,left_right,INSUFFICIENT_SINGLE_INSTANCE_OBJECTS,
42446050/79846.187,left_right,INSUFFICIENT_SINGLE_INSTANCE_OBJECTS,
42446050/79852.384,left_right,INSUFFICIENT_SINGLE_INSTANCE_OBJECTS,
42446050/79864.779,left_right,INSUFFICIENT_SINGLE_INSTANCE_OBJECTS,
42446056/349277.083,left_right,INSUFFICIENT_SINGLE_INSTANCE_OBJECTS,
42446056/349323.481,left_right,INSUFFICIENT_SINGLE_INSTANCE_OBJECTS,
42446056/349416.376,left_right,INSUFFICIENT_SINGLE_INSTANCE_OBJECTS,
42446068/80625.184,left_right,NO_PAIR_CLEARS_GATES,
42446068/80667.683,left_right,INSUFFICIENT_SINGLE_INSTANCE_OBJECTS,
42446072/80517.395,left_right,INSUFFICIENT_SINGLE_INSTANCE_OBJECTS,
42446083/348853.890,left_right,INSUFFICIENT_SINGLE_INSTANCE_OBJECTS,
42446083/348868.084,left_right,INSUFFICIENT_SINGLE_INSTANCE_OBJECTS,
42446083/348882.378,left_right,INSUFFICIENT_SINGLE_INSTANCE_OBJECTS,
42446083/348896.589,left_right,INSUFFICIENT_SINGLE_INSTANCE_OBJECTS,
42446083/348910.784,left_right,INSUFFICIENT_SINGLE_INSTANCE_OBJECTS,
42446093/350198.072,left_right,INSUFFICIENT_SINGLE_INSTANCE_OBJECTS,
42446093/350232.158,left_right,INSUFFICIENT_SINGLE_INSTANCE_OBJECTS,
42446093/350300.363,left_right,INSUFFICIENT_SINGLE_INSTANCE_OBJECTS,
42446100/77923.890,left_right,INSUFFICIENT_SINGLE_INSTANCE_OBJECTS,
42446100/77940.584,left_right,INSUFFICIENT_SINGLE_INSTANCE_OBJECTS,
42446100/77973.987,left_right,INSUFFICIENT_SINGLE_INSTANCE_OBJECTS,
42446100/77990.681,left_right,INSUFFICIENT_SINGLE_INSTANCE_OBJECTS,
42446100/78007.391,left_right,INSUFFICIENT_SINGLE_INSTANCE_OBJECTS,
42446103/78053.189,left_right,INSUFFICIENT_SINGLE_INSTANCE_OBJECTS,
42446103/78100.687,left_right,INSUFFICIENT_SINGLE_INSTANCE_OBJECTS,
42446103/78132.391,left_right,INSUFFICIENT_SINGLE_INSTANCE_OBJECTS,
42446103/78148.285,left_right,INSUFFICIENT_SINGLE_INSTANCE_OBJECTS,
42446103/78164.095,left_right,NO_PAIR_CLEARS_GATES,
42446114/78188.985,left_right,INSUFFICIENT_SINGLE_INSTANCE_OBJECTS,
42446114/78211.493,left_right,INSUFFICIENT_SINGLE_INSTANCE_OBJECTS,
42446114/78256.492,left_right,INSUFFICIENT_SINGLE_INSTANCE_OBJECTS,
42446114/78279.083,left_right,INSUFFICIENT_SINGLE_INSTANCE_OBJECTS,
42446114/78346.590,left_right,INSUFFICIENT_SINGLE_INSTANCE_OBJECTS,
42446156/79160.313,left_right,INSUFFICIENT_SINGLE_INSTANCE_OBJECTS,
42446156/79172.408,left_right,INSUFFICIENT_SINGLE_INSTANCE_OBJECTS,
42446156/79184.620,left_right,INSUFFICIENT_SINGLE_INSTANCE_OBJECTS,
42446156/79196.715,left_right,INSUFFICIENT_SINGLE_INSTANCE_OBJECTS,
42446156/79220.922,left_right,INSUFFICIENT_SINGLE_INSTANCE_OBJECTS,
42446466/355382.670,left_right,INSUFFICIENT_SINGLE_INSTANCE_OBJECTS,
42446466/355422.571,left_right,NO_PAIR_CLEARS_GATES,
42446466/355442.463,left_right,INSUFFICIENT_SINGLE_INSTANCE_OBJECTS,
42446485/355700.674,left_right,INSUFFICIENT_SINGLE_INSTANCE_OBJECTS,
42446485/355741.174,left_right,INSUFFICIENT_SINGLE_INSTANCE_OBJECTS,
42446485/355903.174,left_right,INSUFFICIENT_SINGLE_INSTANCE_OBJECTS,
42446497/357478.654,left_right,INSUFFICIENT_SINGLE_INSTANCE_OBJECTS,
42446497/357491.748,left_right,INSUFFICIENT_SINGLE_INSTANCE_OBJECTS,
42446541/201550.462,left_right,INSUFFICIENT_SINGLE_INSTANCE_OBJECTS,
42446541/201570.437,left_right,INSUFFICIENT_SINGLE_INSTANCE_OBJECTS,
42446541/201590.445,left_right,NO_PAIR_CLEARS_GATES,
42446541/201610.437,left_right,INSUFFICIENT_SINGLE_INSTANCE_OBJECTS,
42446541/201630.446,left_right,INSUFFICIENT_SINGLE_INSTANCE_OBJECTS,
42446541/201650.437,left_right,INSUFFICIENT_SINGLE_INSTANCE_OBJECTS,
42446541/201670.446,left_right,INSUFFICIENT_SINGLE_INSTANCE_OBJECTS,
42446576/205872.256,left_right,INSUFFICIENT_SINGLE_INSTANCE_OBJECTS,
42446576/205888.266,left_right,INSUFFICIENT_SINGLE_INSTANCE_OBJECTS,
42446576/205896.263,left_right,INSUFFICIENT_SINGLE_INSTANCE_OBJECTS,
42447210/209181.493,left_right,NO_PAIR_CLEARS_GATES,
42447210/209191.589,left_right,INSUFFICIENT_SINGLE_INSTANCE_OBJECTS,
42447210/209221.877,left_right,INSUFFICIENT_SINGLE_INSTANCE_OBJECTS,
42447210/209252.181,left_right,INSUFFICIENT_SINGLE_INSTANCE_OBJECTS,
42447230/88873.235,left_right,INSUFFICIENT_SINGLE_INSTANCE_OBJECTS,
42447230/88899.024,left_right,INSUFFICIENT_SINGLE_INSTANCE_OBJECTS,
42447230/88911.835,left_right,INSUFFICIENT_SINGLE_INSTANCE_OBJECTS,
42447308/409749.295,left_right,INSUFFICIENT_SINGLE_INSTANCE_OBJECTS,
42447308/409765.788,left_right,INSUFFICIENT_SINGLE_INSTANCE_OBJECTS,
42897418/103525.007,left_right,NO_PAIR_CLEARS_GATES,
42897462/470096.776,left_right,INSUFFICIENT_SINGLE_INSTANCE_OBJECTS,
42897462/470203.581,left_right,INSUFFICIENT_SINGLE_INSTANCE_OBJECTS,
42897509/472248.326,left_right,NO_PAIR_CLEARS_GATES,
42897509/472272.616,left_right,NO_PAIR_CLEARS_GATES,
42897509/472345.519,left_right,INSUFFICIENT_SINGLE_INSTANCE_OBJECTS,
42897509/472369.826,left_right,INSUFFICIENT_SINGLE_INSTANCE_OBJECTS,
42897512/472624.221,left_right,INSUFFICIENT_SINGLE_INSTANCE_OBJECTS,
42897512/472664.721,left_right,INSUFFICIENT_SINGLE_INSTANCE_OBJECTS,
42897512/472705.221,left_right,INSUFFICIENT_SINGLE_INSTANCE_OBJECTS,
42897512/472867.321,left_right,INSUFFICIENT_SINGLE_INSTANCE_OBJECTS,
42897521/273969.591,left_right,INSUFFICIENT_SINGLE_INSTANCE_OBJECTS,
42897550/276535.190,left_right,INSUFFICIENT_SINGLE_INSTANCE_OBJECTS,
42897550/276559.563,left_right,INSUFFICIENT_SINGLE_INSTANCE_OBJECTS,
42897600/135620.741,left_right,INSUFFICIENT_SINGLE_INSTANCE_OBJECTS,
42897600/135632.536,left_right,INSUFFICIENT_SINGLE_INSTANCE_OBJECTS,
42897600/135644.331,left_right,INSUFFICIENT_SINGLE_INSTANCE_OBJECTS,
42897600/135656.143,left_right,INSUFFICIENT_SINGLE_INSTANCE_OBJECTS,
42897692/480646.499,left_right,INSUFFICIENT_SINGLE_INSTANCE_OBJECTS,
42897692/480794.387,left_right,INSUFFICIENT_SINGLE_INSTANCE_OBJECTS,
42897692/480868.290,left_right,INSUFFICIENT_SINGLE_INSTANCE_OBJECTS,
42897769/127322.321,left_right,INSUFFICIENT_SINGLE_INSTANCE_OBJECTS,
42897769/127367.803,left_right,INSUFFICIENT_SINGLE_INSTANCE_OBJECTS,
42897769/127413.301,left_right,NO_PAIR_CLEARS_GATES,
42897769/127504.298,left_right,INSUFFICIENT_SINGLE_INSTANCE_OBJECTS,
42897769/127549.797,left_right,INSUFFICIENT_SINGLE_INSTANCE_OBJECTS,
42897769/127595.295,left_right,INSUFFICIENT_SINGLE_INSTANCE_OBJECTS,
42897771/126932.909,left_right,NO_PAIR_CLEARS_GATES,
42897771/126954.700,left_right,INSUFFICIENT_SINGLE_INSTANCE_OBJECTS,
42897771/126976.508,left_right,INSUFFICIENT_SINGLE_INSTANCE_OBJECTS,
42897771/127063.907,left_right,NO_PAIR_CLEARS_GATES,
42897771/127085.698,left_right,INSUFFICIENT_SINGLE_INSTANCE_OBJECTS,
42897780/129067.969,left_right,NO_PAIR_CLEARS_GATES,
42897780/129124.646,left_right,INSUFFICIENT_SINGLE_INSTANCE_OBJECTS,
42897780/129143.539,left_right,INSUFFICIENT_SINGLE_INSTANCE_OBJECTS,
42897829/337767.281,left_right,INSUFFICIENT_SINGLE_INSTANCE_OBJECTS,
42897829/337777.877,left_right,INSUFFICIENT_SINGLE_INSTANCE_OBJECTS,
42897829/337788.472,left_right,INSUFFICIENT_SINGLE_INSTANCE_OBJECTS,
42897829/337799.085,left_right,INSUFFICIENT_SINGLE_INSTANCE_OBJECTS,
42897829/337809.680,left_right,INSUFFICIENT_SINGLE_INSTANCE_OBJECTS,
42897890/344985.232,left_right,INSUFFICIENT_SINGLE_INSTANCE_OBJECTS,
42897890/344994.329,left_right,NO_PAIR_CLEARS_GATES,
42897890/345003.425,left_right,NO_PAIR_CLEARS_GATES,
42897890/345012.521,left_right,INSUFFICIENT_SINGLE_INSTANCE_OBJECTS,
42897890/345030.730,left_right,NO_PAIR_CLEARS_GATES,
42897890/345039.827,left_right,INSUFFICIENT_SINGLE_INSTANCE_OBJECTS,
42897931/349920.379,left_right,INSUFFICIENT_SINGLE_INSTANCE_OBJECTS,
42897931/349937.589,left_right,NO_PAIR_CLEARS_GATES,
42897947/533420.342,left_right,INSUFFICIENT_SINGLE_INSTANCE_OBJECTS,
42897947/533439.251,left_right,INSUFFICIENT_SINGLE_INSTANCE_OBJECTS,
42897947/533448.647,left_right,INSUFFICIENT_SINGLE_INSTANCE_OBJECTS,
42897954/533673.638,left_right,INSUFFICIENT_SINGLE_INSTANCE_OBJECTS,
42897954/533696.346,left_right,INSUFFICIENT_SINGLE_INSTANCE_OBJECTS,
42897954/533718.953,left_right,INSUFFICIENT_SINGLE_INSTANCE_OBJECTS,
42897994/219087.578,left_right,INSUFFICIENT_SINGLE_INSTANCE_OBJECTS,
42898041/222029.943,left_right,INSUFFICIENT_SINGLE_INSTANCE_OBJECTS,
42898041/222038.640,left_right,INSUFFICIENT_SINGLE_INSTANCE_OBJECTS,
42898041/222047.336,left_right,INSUFFICIENT_SINGLE_INSTANCE_OBJECTS,
42898041/222056.133,left_right,INSUFFICIENT_SINGLE_INSTANCE_OBJECTS,
42898041/222064.846,left_right,INSUFFICIENT_SINGLE_INSTANCE_OBJECTS,
42898041/222073.542,left_right,INSUFFICIENT_SINGLE_INSTANCE_OBJECTS,
42898041/222082.239,left_right,INSUFFICIENT_SINGLE_INSTANCE_OBJECTS,
42898050/223184.651,left_right,INSUFFICIENT_SINGLE_INSTANCE_OBJECTS,
42898050/223190.548,left_right,INSUFFICIENT_SINGLE_INSTANCE_OBJECTS,
42898050/223202.244,left_right,INSUFFICIENT_SINGLE_INSTANCE_OBJECTS,
42898052/223237.546,left_right,INSUFFICIENT_SINGLE_INSTANCE_OBJECTS,
42898052/223262.636,left_right,INSUFFICIENT_SINGLE_INSTANCE_OBJECTS,
42898061/223740.362,left_right,INSUFFICIENT_SINGLE_INSTANCE_OBJECTS,
42898061/223793.857,left_right,INSUFFICIENT_SINGLE_INSTANCE_OBJECTS,
42898071/128556.915,left_right,INSUFFICIENT_SINGLE_INSTANCE_OBJECTS,
42898071/128566.311,left_right,INSUFFICIENT_SINGLE_INSTANCE_OBJECTS,
42898071/128585.103,left_right,INSUFFICIENT_SINGLE_INSTANCE_OBJECTS,
42898071/128603.912,left_right,INSUFFICIENT_SINGLE_INSTANCE_OBJECTS,
42898071/128613.308,left_right,INSUFFICIENT_SINGLE_INSTANCE_OBJECTS,
42898089/129514.685,left_right,INSUFFICIENT_SINGLE_INSTANCE_OBJECTS,
42898089/129528.096,left_right,INSUFFICIENT_SINGLE_INSTANCE_OBJECTS,
42898112/156280.133,left_right,INSUFFICIENT_SINGLE_INSTANCE_OBJECTS,
42898112/156297.326,left_right,INSUFFICIENT_SINGLE_INSTANCE_OBJECTS,
42898112/156314.520,left_right,INSUFFICIENT_SINGLE_INSTANCE_OBJECTS,
42898125/139647.588,left_right,INSUFFICIENT_SINGLE_INSTANCE_OBJECTS,
42898125/139651.470,left_right,NO_PAIR_CLEARS_GATES,
42898125/139659.483,left_right,INSUFFICIENT_SINGLE_INSTANCE_OBJECTS,
42898160/143085.894,left_right,INSUFFICIENT_SINGLE_INSTANCE_OBJECTS,
42898160/143091.974,left_right,INSUFFICIENT_SINGLE_INSTANCE_OBJECTS,
42898160/143098.172,left_right,INSUFFICIENT_SINGLE_INSTANCE_OBJECTS,
42898160/143110.583,left_right,INSUFFICIENT_SINGLE_INSTANCE_OBJECTS,
42898160/143116.681,left_right,INSUFFICIENT_SINGLE_INSTANCE_OBJECTS,
42898160/143122.878,left_right,INSUFFICIENT_SINGLE_INSTANCE_OBJECTS,
42898166/693633.736,left_right,INSUFFICIENT_SINGLE_INSTANCE_OBJECTS,
42898166/693658.326,left_right,INSUFFICIENT_SINGLE_INSTANCE_OBJECTS,
42898166/693707.639,left_right,INSUFFICIENT_SINGLE_INSTANCE_OBJECTS,
42898171/693775.028,left_right,INSUFFICIENT_SINGLE_INSTANCE_OBJECTS,
42898171/693815.728,left_right,INSUFFICIENT_SINGLE_INSTANCE_OBJECTS,
42898171/693856.428,left_right,INSUFFICIENT_SINGLE_INSTANCE_OBJECTS,
42898171/693937.728,left_right,INSUFFICIENT_SINGLE_INSTANCE_OBJECTS,
42898171/693978.428,left_right,INSUFFICIENT_SINGLE_INSTANCE_OBJECTS,
42898216/694961.148,left_right,INSUFFICIENT_SINGLE_INSTANCE_OBJECTS,
42898216/694995.151,left_right,INSUFFICIENT_SINGLE_INSTANCE_OBJECTS,
42898236/167712.465,left_right,NO_PAIR_CLEARS_GATES,
42898236/167725.743,left_right,INSUFFICIENT_SINGLE_INSTANCE_OBJECTS,
42898236/167732.341,left_right,INSUFFICIENT_SINGLE_INSTANCE_OBJECTS,
42898236/167739.038,left_right,NO_PAIR_CLEARS_GATES,
42898236/167759.047,left_right,NO_PAIR_CLEARS_GATES,
42898247/167678.046,left_right,INSUFFICIENT_SINGLE_INSTANCE_OBJECTS,
42898247/167683.144,left_right,INSUFFICIENT_SINGLE_INSTANCE_OBJECTS,
42898247/167688.141,left_right,NO_PAIR_CLEARS_GATES,
42898247/167693.239,left_right,INSUFFICIENT_SINGLE_INSTANCE_OBJECTS,
42898350/511443.693,left_right,INSUFFICIENT_SINGLE_INSTANCE_OBJECTS,
42898350/511454.988,left_right,INSUFFICIENT_SINGLE_INSTANCE_OBJECTS,
42898350/511477.595,left_right,INSUFFICIENT_SINGLE_INSTANCE_OBJECTS,
42898350/511500.186,left_right,INSUFFICIENT_SINGLE_INSTANCE_OBJECTS,
42898366/366002.771,left_right,NO_PAIR_CLEARS_GATES,
42898366/366021.963,left_right,NO_PAIR_CLEARS_GATES,
42898366/366028.360,left_right,NO_PAIR_CLEARS_GATES,
42898384/367761.623,left_right,INSUFFICIENT_SINGLE_INSTANCE_OBJECTS,
42898384/367767.821,left_right,INSUFFICIENT_SINGLE_INSTANCE_OBJECTS,
42898384/367780.216,left_right,INSUFFICIENT_SINGLE_INSTANCE_OBJECTS,
42898392/369338.740,left_right,INSUFFICIENT_SINGLE_INSTANCE_OBJECTS,
42898392/369346.637,left_right,INSUFFICIENT_SINGLE_INSTANCE_OBJECTS,
42898392/369354.534,left_right,INSUFFICIENT_SINGLE_INSTANCE_OBJECTS,
42898405/369775.283,left_right,NO_PAIR_CLEARS_GATES,
42898405/369809.886,left_right,INSUFFICIENT_SINGLE_INSTANCE_OBJECTS,
42898427/1111.356,left_right,INSUFFICIENT_SINGLE_INSTANCE_OBJECTS,
42898427/1128.050,left_right,INSUFFICIENT_SINGLE_INSTANCE_OBJECTS,
42898427/1133.547,left_right,INSUFFICIENT_SINGLE_INSTANCE_OBJECTS,
42898437/2081.458,left_right,INSUFFICIENT_SINGLE_INSTANCE_OBJECTS,
42898437/2087.255,left_right,INSUFFICIENT_SINGLE_INSTANCE_OBJECTS,
42898437/2104.648,left_right,INSUFFICIENT_SINGLE_INSTANCE_OBJECTS,
42898437/2116.260,left_right,INSUFFICIENT_SINGLE_INSTANCE_OBJECTS,
42898438/2165.757,left_right,INSUFFICIENT_SINGLE_INSTANCE_OBJECTS,
42898439/2634.956,left_right,INSUFFICIENT_SINGLE_INSTANCE_OBJECTS,
42898439/2645.768,left_right,INSUFFICIENT_SINGLE_INSTANCE_OBJECTS,
42898439/2651.266,left_right,INSUFFICIENT_SINGLE_INSTANCE_OBJECTS,
42898439/2662.062,left_right,INSUFFICIENT_SINGLE_INSTANCE_OBJECTS,
42898444/2737.165,left_right,INSUFFICIENT_SINGLE_INSTANCE_OBJECTS,
42898444/2744.762,left_right,INSUFFICIENT_SINGLE_INSTANCE_OBJECTS,
42898444/2752.459,left_right,INSUFFICIENT_SINGLE_INSTANCE_OBJECTS,
42898454/156481.204,left_right,INSUFFICIENT_SINGLE_INSTANCE_OBJECTS,
42898454/156487.601,left_right,NO_PAIR_CLEARS_GATES,
42898454/156500.413,left_right,INSUFFICIENT_SINGLE_INSTANCE_OBJECTS,
42898454/156506.810,left_right,INSUFFICIENT_SINGLE_INSTANCE_OBJECTS,
42898454/156513.207,left_right,INSUFFICIENT_SINGLE_INSTANCE_OBJECTS,
42898454/156519.605,left_right,INSUFFICIENT_SINGLE_INSTANCE_OBJECTS,
42898500/159987.002,left_right,INSUFFICIENT_SINGLE_INSTANCE_OBJECTS,
42898500/159999.297,left_right,INSUFFICIENT_SINGLE_INSTANCE_OBJECTS,
42898500/160005.511,left_right,INSUFFICIENT_SINGLE_INSTANCE_OBJECTS,
42898574/753003.370,left_right,INSUFFICIENT_SINGLE_INSTANCE_OBJECTS,
42898574/753017.681,left_right,INSUFFICIENT_SINGLE_INSTANCE_OBJECTS,
42898574/753031.975,left_right,INSUFFICIENT_SINGLE_INSTANCE_OBJECTS,
42898574/753046.270,left_right,INSUFFICIENT_SINGLE_INSTANCE_OBJECTS,
42898596/184346.503,left_right,INSUFFICIENT_SINGLE_INSTANCE_OBJECTS,
42898596/184355.399,left_right,INSUFFICIENT_SINGLE_INSTANCE_OBJECTS,
42898596/184364.296,left_right,INSUFFICIENT_SINGLE_INSTANCE_OBJECTS,
42898596/184373.192,left_right,INSUFFICIENT_SINGLE_INSTANCE_OBJECTS,
42898596/184391.002,left_right,INSUFFICIENT_SINGLE_INSTANCE_OBJECTS,
42898653/573041.254,left_right,NO_PAIR_CLEARS_GATES,
42898653/573103.028,left_right,INSUFFICIENT_SINGLE_INSTANCE_OBJECTS,
42898653/573257.531,left_right,INSUFFICIENT_SINGLE_INSTANCE_OBJECTS,
42898655/572881.337,left_right,INSUFFICIENT_SINGLE_INSTANCE_OBJECTS,
42898655/572898.247,left_right,INSUFFICIENT_SINGLE_INSTANCE_OBJECTS,
42898655/572915.240,left_right,INSUFFICIENT_SINGLE_INSTANCE_OBJECTS,
42898655/572966.035,left_right,INSUFFICIENT_SINGLE_INSTANCE_OBJECTS,
42898671/574201.293,left_right,INSUFFICIENT_SINGLE_INSTANCE_OBJECTS,
42898671/574259.686,left_right,INSUFFICIENT_SINGLE_INSTANCE_OBJECTS,
42898689/577247.638,left_right,INSUFFICIENT_SINGLE_INSTANCE_OBJECTS,
42898689/577257.817,left_right,INSUFFICIENT_SINGLE_INSTANCE_OBJECTS,
42898689/577268.029,left_right,INSUFFICIENT_SINGLE_INSTANCE_OBJECTS,
42898689/577273.127,left_right,INSUFFICIENT_SINGLE_INSTANCE_OBJECTS,
42898689/577278.225,left_right,INSUFFICIENT_SINGLE_INSTANCE_OBJECTS,
42898710/581469.938,left_right,INSUFFICIENT_SINGLE_INSTANCE_OBJECTS,
42898710/581498.543,left_right,INSUFFICIENT_SINGLE_INSTANCE_OBJECTS,
42898711/581543.341,left_right,INSUFFICIENT_SINGLE_INSTANCE_OBJECTS,
42898711/581550.438,left_right,INSUFFICIENT_SINGLE_INSTANCE_OBJECTS,
42898711/581557.435,left_right,INSUFFICIENT_SINGLE_INSTANCE_OBJECTS,
42898711/581571.529,left_right,INSUFFICIENT_SINGLE_INSTANCE_OBJECTS,
42898728/583442.298,left_right,INSUFFICIENT_SINGLE_INSTANCE_OBJECTS,
42898728/583449.178,left_right,INSUFFICIENT_SINGLE_INSTANCE_OBJECTS,
42898728/583490.978,left_right,INSUFFICIENT_SINGLE_INSTANCE_OBJECTS,
42898740/63483.112,left_right,NO_PAIR_CLEARS_GATES,
42898740/63505.819,left_right,NO_PAIR_CLEARS_GATES,
42898751/64196.772,left_right,INSUFFICIENT_SINGLE_INSTANCE_OBJECTS,
42898756/64634.843,left_right,INSUFFICIENT_SINGLE_INSTANCE_OBJECTS,
42898803/69008.408,left_right,INSUFFICIENT_SINGLE_INSTANCE_OBJECTS,
42898803/69024.818,left_right,INSUFFICIENT_SINGLE_INSTANCE_OBJECTS,
42898803/69041.112,left_right,INSUFFICIENT_SINGLE_INSTANCE_OBJECTS,
42898803/69049.308,left_right,INSUFFICIENT_SINGLE_INSTANCE_OBJECTS,
42898816/167360.099,left_right,INSUFFICIENT_SINGLE_INSTANCE_OBJECTS,
42898816/167366.397,left_right,INSUFFICIENT_SINGLE_INSTANCE_OBJECTS,
42898816/167372.594,left_right,INSUFFICIENT_SINGLE_INSTANCE_OBJECTS,
42898817/167425.189,left_right,INSUFFICIENT_SINGLE_INSTANCE_OBJECTS,
42898817/167431.587,left_right,INSUFFICIENT_SINGLE_INSTANCE_OBJECTS,
42898849/196500.014,left_right,INSUFFICIENT_SINGLE_INSTANCE_OBJECTS,
42898849/196518.123,left_right,INSUFFICIENT_SINGLE_INSTANCE_OBJECTS,
42898849/196554.226,left_right,INSUFFICIENT_SINGLE_INSTANCE_OBJECTS,
42898849/196572.218,left_right,NO_PAIR_CLEARS_GATES,
42898862/196344.025,left_right,INSUFFICIENT_SINGLE_INSTANCE_OBJECTS,
42898862/196375.413,left_right,INSUFFICIENT_SINGLE_INSTANCE_OBJECTS,
42898862/196391.024,left_right,INSUFFICIENT_SINGLE_INSTANCE_OBJECTS,
42898862/196406.717,left_right,INSUFFICIENT_SINGLE_INSTANCE_OBJECTS,
42898903/817238.858,left_right,INSUFFICIENT_SINGLE_INSTANCE_OBJECTS,
42898929/818089.001,left_right,INSUFFICIENT_SINGLE_INSTANCE_OBJECTS,
42898929/818146.494,left_right,INSUFFICIENT_SINGLE_INSTANCE_OBJECTS,
42898929/818175.299,left_right,INSUFFICIENT_SINGLE_INSTANCE_OBJECTS,
42898929/818232.809,left_right,INSUFFICIENT_SINGLE_INSTANCE_OBJECTS,
42898943/819477.197,left_right,INSUFFICIENT_SINGLE_INSTANCE_OBJECTS,
42898943/819505.502,left_right,INSUFFICIENT_SINGLE_INSTANCE_OBJECTS,
42898943/819562.095,left_right,INSUFFICIENT_SINGLE_INSTANCE_OBJECTS,
42898943/819618.705,left_right,INSUFFICIENT_SINGLE_INSTANCE_OBJECTS,
42898959/821184.118,left_right,INSUFFICIENT_SINGLE_INSTANCE_OBJECTS,
42898959/821221.919,left_right,INSUFFICIENT_SINGLE_INSTANCE_OBJECTS,
42898959/821247.109,left_right,INSUFFICIENT_SINGLE_INSTANCE_OBJECTS,
42898977/823333.745,left_right,INSUFFICIENT_SINGLE_INSTANCE_OBJECTS,
42899065/648869.646,left_right,INSUFFICIENT_SINGLE_INSTANCE_OBJECTS,
42899065/648875.443,left_right,INSUFFICIENT_SINGLE_INSTANCE_OBJECTS,
42899071/650699.391,left_right,INSUFFICIENT_SINGLE_INSTANCE_OBJECTS,
42899071/650738.575,left_right,INSUFFICIENT_SINGLE_INSTANCE_OBJECTS,
42899071/650758.183,left_right,INSUFFICIENT_SINGLE_INSTANCE_OBJECTS,
42899072/650626.788,left_right,INSUFFICIENT_SINGLE_INSTANCE_OBJECTS,
42899072/650635.884,left_right,INSUFFICIENT_SINGLE_INSTANCE_OBJECTS,
42899072/650644.981,left_right,INSUFFICIENT_SINGLE_INSTANCE_OBJECTS,
42899072/650654.077,left_right,INSUFFICIENT_SINGLE_INSTANCE_OBJECTS,
42899111/128752.996,left_right,INSUFFICIENT_SINGLE_INSTANCE_OBJECTS,
42899111/128757.394,left_right,INSUFFICIENT_SINGLE_INSTANCE_OBJECTS,
42899111/128761.892,left_right,INSUFFICIENT_SINGLE_INSTANCE_OBJECTS,
42899111/128766.391,left_right,INSUFFICIENT_SINGLE_INSTANCE_OBJECTS,
42899111/128770.889,left_right,INSUFFICIENT_SINGLE_INSTANCE_OBJECTS,
42899111/128775.287,left_right,INSUFFICIENT_SINGLE_INSTANCE_OBJECTS,
42899111/128784.300,left_right,INSUFFICIENT_SINGLE_INSTANCE_OBJECTS,
42899132/131112.784,left_right,INSUFFICIENT_SINGLE_INSTANCE_OBJECTS,
42899139/131240.182,left_right,INSUFFICIENT_SINGLE_INSTANCE_OBJECTS,
42899139/131271.786,left_right,INSUFFICIENT_SINGLE_INSTANCE_OBJECTS,
42899141/131735.988,left_right,INSUFFICIENT_SINGLE_INSTANCE_OBJECTS,
42899141/131739.087,left_right,INSUFFICIENT_SINGLE_INSTANCE_OBJECTS,
42899215/187979.024,left_right,INSUFFICIENT_SINGLE_INSTANCE_OBJECTS,
42899215/187992.919,left_right,INSUFFICIENT_SINGLE_INSTANCE_OBJECTS,
42899247/881854.139,left_right,INSUFFICIENT_SINGLE_INSTANCE_OBJECTS,
42899247/881859.337,left_right,INSUFFICIENT_SINGLE_INSTANCE_OBJECTS,
42899265/214361.708,left_right,INSUFFICIENT_SINGLE_INSTANCE_OBJECTS,
42899265/214399.710,left_right,NO_PAIR_CLEARS_GATES,
42899265/214437.712,left_right,INSUFFICIENT_SINGLE_INSTANCE_OBJECTS,
42899265/214589.618,left_right,INSUFFICIENT_SINGLE_INSTANCE_OBJECTS,
42899284/885313.475,left_right,INSUFFICIENT_SINGLE_INSTANCE_OBJECTS,
42899284/885320.672,left_right,INSUFFICIENT_SINGLE_INSTANCE_OBJECTS,
42899284/885327.968,left_right,NO_PAIR_CLEARS_GATES,
42899284/885349.676,left_right,INSUFFICIENT_SINGLE_INSTANCE_OBJECTS,
42899305/218462.543,left_right,INSUFFICIENT_SINGLE_INSTANCE_OBJECTS,
42899305/218475.338,left_right,INSUFFICIENT_SINGLE_INSTANCE_OBJECTS,
42899305/218481.735,left_right,NO_PAIR_CLEARS_GATES,
42899305/218488.149,left_right,INSUFFICIENT_SINGLE_INSTANCE_OBJECTS,
42899305/218494.547,left_right,INSUFFICIENT_SINGLE_INSTANCE_OBJECTS,
42899305/218500.944,left_right,INSUFFICIENT_SINGLE_INSTANCE_OBJECTS,
42899307/885771.148,left_right,INSUFFICIENT_SINGLE_INSTANCE_OBJECTS,
42899307/885785.359,left_right,INSUFFICIENT_SINGLE_INSTANCE_OBJECTS,
42899307/885792.456,left_right,INSUFFICIENT_SINGLE_INSTANCE_OBJECTS,
42899358/716459.194,left_right,INSUFFICIENT_SINGLE_INSTANCE_OBJECTS,
42899358/716471.189,left_right,INSUFFICIENT_SINGLE_INSTANCE_OBJECTS,
42899358/716495.395,left_right,INSUFFICIENT_SINGLE_INSTANCE_OBJECTS,
42899358/716507.390,left_right,INSUFFICIENT_SINGLE_INSTANCE_OBJECTS,
42899362/717585.619,left_right,INSUFFICIENT_SINGLE_INSTANCE_OBJECTS,
42899430/188083.660,left_right,INSUFFICIENT_SINGLE_INSTANCE_OBJECTS,
42899430/188095.955,left_right,INSUFFICIENT_SINGLE_INSTANCE_OBJECTS,
42899430/188108.150,left_right,INSUFFICIENT_SINGLE_INSTANCE_OBJECTS,
42899432/188669.349,left_right,INSUFFICIENT_SINGLE_INSTANCE_OBJECTS,
42899489/197725.375,left_right,INSUFFICIENT_SINGLE_INSTANCE_OBJECTS,
42899489/197728.257,left_right,INSUFFICIENT_SINGLE_INSTANCE_OBJECTS,
42899489/197731.272,left_right,INSUFFICIENT_SINGLE_INSTANCE_OBJECTS,
42899489/197734.171,left_right,INSUFFICIENT_SINGLE_INSTANCE_OBJECTS,
42899489/197737.170,left_right,INSUFFICIENT_SINGLE_INSTANCE_OBJECTS,
42899489/197740.069,left_right,INSUFFICIENT_SINGLE_INSTANCE_OBJECTS,
42899489/197743.067,left_right,INSUFFICIENT_SINGLE_INSTANCE_OBJECTS,
42899489/197745.966,left_right,INSUFFICIENT_SINGLE_INSTANCE_OBJECTS,
42899532/957242.343,left_right,INSUFFICIENT_SINGLE_INSTANCE_OBJECTS,
42899532/957265.533,left_right,NO_PAIR_CLEARS_GATES,
42899532/957273.230,left_right,INSUFFICIENT_SINGLE_INSTANCE_OBJECTS,
42899532/957288.640,left_right,INSUFFICIENT_SINGLE_INSTANCE_OBJECTS,
42899533/198303.294,left_right,INSUFFICIENT_SINGLE_INSTANCE_OBJECTS,
42899533/198309.874,left_right,INSUFFICIENT_SINGLE_INSTANCE_OBJECTS,
42899533/198329.883,left_right,NO_PAIR_CLEARS_GATES,
42899533/198349.775,left_right,INSUFFICIENT_SINGLE_INSTANCE_OBJECTS,
42899586/960023.070,left_right,INSUFFICIENT_SINGLE_INSTANCE_OBJECTS,
42899586/960030.167,left_right,INSUFFICIENT_SINGLE_INSTANCE_OBJECTS,
42899586/960037.264,left_right,INSUFFICIENT_SINGLE_INSTANCE_OBJECTS,
42899586/960044.361,left_right,INSUFFICIENT_SINGLE_INSTANCE_OBJECTS,
42899586/960051.475,left_right,INSUFFICIENT_SINGLE_INSTANCE_OBJECTS,
42899586/960058.572,left_right,INSUFFICIENT_SINGLE_INSTANCE_OBJECTS,
42899593/961083.748,left_right,NO_PAIR_CLEARS_GATES,
42899612/228438.118,left_right,NO_PAIR_CLEARS_GATES,
42899612/228449.813,left_right,INSUFFICIENT_SINGLE_INSTANCE_OBJECTS,
42899612/228484.916,left_right,INSUFFICIENT_SINGLE_INSTANCE_OBJECTS,
42899612/228496.611,left_right,INSUFFICIENT_SINGLE_INSTANCE_OBJECTS,
42899612/228508.323,left_right,INSUFFICIENT_SINGLE_INSTANCE_OBJECTS,
42899617/228941.769,left_right,INSUFFICIENT_SINGLE_INSTANCE_OBJECTS,
42899617/228956.163,left_right,INSUFFICIENT_SINGLE_INSTANCE_OBJECTS,
42899620/228847.689,left_right,INSUFFICIENT_SINGLE_INSTANCE_OBJECTS,
42899620/228865.366,left_right,INSUFFICIENT_SINGLE_INSTANCE_OBJECTS,
42899620/228874.262,left_right,INSUFFICIENT_SINGLE_INSTANCE_OBJECTS,
42899699/793085.262,left_right,INSUFFICIENT_SINGLE_INSTANCE_OBJECTS,
42899699/793093.259,left_right,NO_PAIR_CLEARS_GATES,
42899699/793125.062,left_right,INSUFFICIENT_SINGLE_INSTANCE_OBJECTS,
42899725/799579.269,left_right,INSUFFICIENT_SINGLE_INSTANCE_OBJECTS,
42899725/799591.847,left_right,INSUFFICIENT_SINGLE_INSTANCE_OBJECTS,
42899725/799598.244,left_right,INSUFFICIENT_SINGLE_INSTANCE_OBJECTS,
42899725/799604.558,left_right,INSUFFICIENT_SINGLE_INSTANCE_OBJECTS,
42899726/799531.772,left_right,INSUFFICIENT_SINGLE_INSTANCE_OBJECTS,
42899726/799536.353,left_right,INSUFFICIENT_SINGLE_INSTANCE_OBJECTS,
42899726/799540.952,left_right,INSUFFICIENT_SINGLE_INSTANCE_OBJECTS,
42899726/799545.650,left_right,INSUFFICIENT_SINGLE_INSTANCE_OBJECTS,
42899750/247410.841,left_right,INSUFFICIENT_SINGLE_INSTANCE_OBJECTS,
42899750/247433.932,left_right,INSUFFICIENT_SINGLE_INSTANCE_OBJECTS,
42899750/247445.443,left_right,INSUFFICIENT_SINGLE_INSTANCE_OBJECTS,
42899750/247456.939,left_right,INSUFFICIENT_SINGLE_INSTANCE_OBJECTS,
42899750/247468.534,left_right,NO_PAIR_CLEARS_GATES,
42899750/247480.030,left_right,INSUFFICIENT_SINGLE_INSTANCE_OBJECTS,
42899767/248602.031,left_right,INSUFFICIENT_SINGLE_INSTANCE_OBJECTS,
42899767/248608.129,left_right,INSUFFICIENT_SINGLE_INSTANCE_OBJECTS,
42899767/248614.226,left_right,INSUFFICIENT_SINGLE_INSTANCE_OBJECTS,
42899767/248620.324,left_right,INSUFFICIENT_SINGLE_INSTANCE_OBJECTS,
42899795/251990.924,left_right,INSUFFICIENT_SINGLE_INSTANCE_OBJECTS,
42899799/252797.864,left_right,NO_PAIR_CLEARS_GATES,
42899799/252813.874,left_right,INSUFFICIENT_SINGLE_INSTANCE_OBJECTS,
42899811/253383.183,left_right,INSUFFICIENT_SINGLE_INSTANCE_OBJECTS,
42899822/256586.550,left_right,INSUFFICIENT_SINGLE_INSTANCE_OBJECTS,
42899822/256611.357,left_right,INSUFFICIENT_SINGLE_INSTANCE_OBJECTS,
42899875/1023069.683,left_right,INSUFFICIENT_SINGLE_INSTANCE_OBJECTS,
42899875/1023089.374,left_right,INSUFFICIENT_SINGLE_INSTANCE_OBJECTS,
42899970/622.782,left_right,INSUFFICIENT_SINGLE_INSTANCE_OBJECTS,
42899970/630.778,left_right,INSUFFICIENT_SINGLE_INSTANCE_OBJECTS,
42899970/638.775,left_right,INSUFFICIENT_SINGLE_INSTANCE_OBJECTS,
42899970/654.785,left_right,INSUFFICIENT_SINGLE_INSTANCE_OBJECTS,
42899970/662.782,left_right,INSUFFICIENT_SINGLE_INSTANCE_OBJECTS,
42923203/1502.664,left_right,INSUFFICIENT_SINGLE_INSTANCE_OBJECTS,
42923203/1516.958,left_right,INSUFFICIENT_SINGLE_INSTANCE_OBJECTS,
42923204/1537.367,left_right,INSUFFICIENT_SINGLE_INSTANCE_OBJECTS,
42923225/4902.965,left_right,INSUFFICIENT_SINGLE_INSTANCE_OBJECTS,
42923225/4915.860,left_right,INSUFFICIENT_SINGLE_INSTANCE_OBJECTS,
42923228/5593.820,left_right,INSUFFICIENT_SINGLE_INSTANCE_OBJECTS,
43649384/11094.816,left_right,INSUFFICIENT_SINGLE_INSTANCE_OBJECTS,
43649384/11107.028,left_right,INSUFFICIENT_SINGLE_INSTANCE_OBJECTS,
43649384/11119.222,left_right,INSUFFICIENT_SINGLE_INSTANCE_OBJECTS,
43649384/11131.317,left_right,INSUFFICIENT_SINGLE_INSTANCE_OBJECTS,
43649409/10196.916,left_right,INSUFFICIENT_SINGLE_INSTANCE_OBJECTS,
43649409/10209.611,left_right,INSUFFICIENT_SINGLE_INSTANCE_OBJECTS,
43649409/10222.406,left_right,INSUFFICIENT_SINGLE_INSTANCE_OBJECTS,
43649409/10235.117,left_right,INSUFFICIENT_SINGLE_INSTANCE_OBJECTS,
43649409/10286.214,left_right,INSUFFICIENT_SINGLE_INSTANCE_OBJECTS,
43649451/12688.775,left_right,INSUFFICIENT_SINGLE_INSTANCE_OBJECTS,
43649451/12714.065,left_right,INSUFFICIENT_SINGLE_INSTANCE_OBJECTS,
43649451/12751.967,left_right,INSUFFICIENT_SINGLE_INSTANCE_OBJECTS,
43649451/12777.257,left_right,NO_PAIR_CLEARS_GATES,
43649452/12836.867,left_right,INSUFFICIENT_SINGLE_INSTANCE_OBJECTS,
43649452/12912.270,left_right,NO_PAIR_CLEARS_GATES,
43649452/13025.359,left_right,INSUFFICIENT_SINGLE_INSTANCE_OBJECTS,
43649474/14588.450,left_right,NO_PAIR_CLEARS_GATES,
43649474/14603.744,left_right,INSUFFICIENT_SINGLE_INSTANCE_OBJECTS,
43649474/14619.054,left_right,INSUFFICIENT_SINGLE_INSTANCE_OBJECTS,
43649474/14634.448,left_right,INSUFFICIENT_SINGLE_INSTANCE_OBJECTS,
43649474/14665.053,left_right,NO_PAIR_CLEARS_GATES,
43649474/14680.447,left_right,INSUFFICIENT_SINGLE_INSTANCE_OBJECTS,
43649474/14695.757,left_right,NO_PAIR_CLEARS_GATES,
43649586/35263.370,left_right,INSUFFICIENT_SINGLE_INSTANCE_OBJECTS,
43649586/35275.849,left_right,INSUFFICIENT_SINGLE_INSTANCE_OBJECTS,
43649586/35282.146,left_right,INSUFFICIENT_SINGLE_INSTANCE_OBJECTS,
43649586/35288.443,left_right,INSUFFICIENT_SINGLE_INSTANCE_OBJECTS,
43649586/35294.641,left_right,INSUFFICIENT_SINGLE_INSTANCE_OBJECTS,
43649586/35300.955,left_right,INSUFFICIENT_SINGLE_INSTANCE_OBJECTS,
43649586/35307.252,left_right,INSUFFICIENT_SINGLE_INSTANCE_OBJECTS,
43649609/36545.253,left_right,INSUFFICIENT_SINGLE_INSTANCE_OBJECTS,
43649609/36555.832,left_right,INSUFFICIENT_SINGLE_INSTANCE_OBJECTS,
43649609/36577.039,left_right,INSUFFICIENT_SINGLE_INSTANCE_OBJECTS,
43649609/36587.635,left_right,INSUFFICIENT_SINGLE_INSTANCE_OBJECTS,
43649609/36608.826,left_right,INSUFFICIENT_SINGLE_INSTANCE_OBJECTS,
43649648/40274.537,left_right,INSUFFICIENT_SINGLE_INSTANCE_OBJECTS,
43649648/40280.834,left_right,INSUFFICIENT_SINGLE_INSTANCE_OBJECTS,
43649654/40637.503,left_right,INSUFFICIENT_SINGLE_INSTANCE_OBJECTS,
43649654/40652.913,left_right,INSUFFICIENT_SINGLE_INSTANCE_OBJECTS,
43649654/40658.111,left_right,INSUFFICIENT_SINGLE_INSTANCE_OBJECTS,
43649722/48870.227,left_right,INSUFFICIENT_SINGLE_INSTANCE_OBJECTS,
43649722/48882.522,left_right,INSUFFICIENT_SINGLE_INSTANCE_OBJECTS,
43649722/48888.736,left_right,INSUFFICIENT_SINGLE_INSTANCE_OBJECTS,
43649762/52467.263,left_right,NO_PAIR_CLEARS_GATES,
43649762/52482.457,left_right,INSUFFICIENT_SINGLE_INSTANCE_OBJECTS,
43649762/52497.651,left_right,NO_PAIR_CLEARS_GATES,
43649762/52528.155,left_right,INSUFFICIENT_SINGLE_INSTANCE_OBJECTS,
43649802/46834.319,left_right,NO_PAIR_CLEARS_GATES,
43649802/46848.713,left_right,INSUFFICIENT_SINGLE_INSTANCE_OBJECTS,
43649802/46863.207,left_right,INSUFFICIENT_SINGLE_INSTANCE_OBJECTS,
43649802/46906.607,left_right,INSUFFICIENT_SINGLE_INSTANCE_OBJECTS,
43649802/46921.101,left_right,INSUFFICIENT_SINGLE_INSTANCE_OBJECTS,
43649802/46935.612,left_right,INSUFFICIENT_SINGLE_INSTANCE_OBJECTS,
43649807/46780.406,left_right,NO_PAIR_CLEARS_GATES,
43649807/46786.904,left_right,NO_PAIR_CLEARS_GATES,
43649807/46799.916,left_right,INSUFFICIENT_SINGLE_INSTANCE_OBJECTS,
43649807/46806.413,left_right,INSUFFICIENT_SINGLE_INSTANCE_OBJECTS,
43649807/46812.910,left_right,INSUFFICIENT_SINGLE_INSTANCE_OBJECTS,
43828149/73328.016,left_right,INSUFFICIENT_SINGLE_INSTANCE_OBJECTS,
43828149/73337.129,left_right,INSUFFICIENT_SINGLE_INSTANCE_OBJECTS,
43828149/73346.325,left_right,INSUFFICIENT_SINGLE_INSTANCE_OBJECTS,
43828149/73355.421,left_right,INSUFFICIENT_SINGLE_INSTANCE_OBJECTS,
43828149/73364.517,left_right,INSUFFICIENT_SINGLE_INSTANCE_OBJECTS,
43828149/73373.630,left_right,INSUFFICIENT_SINGLE_INSTANCE_OBJECTS,
43828162/74431.851,left_right,NO_PAIR_CLEARS_GATES,
43828162/74446.229,left_right,INSUFFICIENT_SINGLE_INSTANCE_OBJECTS,
43828162/74460.739,left_right,INSUFFICIENT_SINGLE_INSTANCE_OBJECTS,
43828162/74489.727,left_right,INSUFFICIENT_SINGLE_INSTANCE_OBJECTS,
43828162/74533.226,left_right,INSUFFICIENT_SINGLE_INSTANCE_OBJECTS,
43828243/81762.118,left_right,INSUFFICIENT_SINGLE_INSTANCE_OBJECTS,
43828243/81782.509,left_right,INSUFFICIENT_SINGLE_INSTANCE_OBJECTS,
43828243/81823.409,left_right,INSUFFICIENT_SINGLE_INSTANCE_OBJECTS,
43828243/81843.917,left_right,INSUFFICIENT_SINGLE_INSTANCE_OBJECTS,
43828243/81864.309,left_right,INSUFFICIENT_SINGLE_INSTANCE_OBJECTS,
43828243/81884.817,left_right,INSUFFICIENT_SINGLE_INSTANCE_OBJECTS,
43828243/81905.208,left_right,INSUFFICIENT_SINGLE_INSTANCE_OBJECTS,
43828250/81621.709,left_right,INSUFFICIENT_SINGLE_INSTANCE_OBJECTS,
43828250/81631.705,left_right,INSUFFICIENT_SINGLE_INSTANCE_OBJECTS,
43828250/81651.813,left_right,INSUFFICIENT_SINGLE_INSTANCE_OBJECTS,
43828250/81661.909,left_right,INSUFFICIENT_SINGLE_INSTANCE_OBJECTS,
43828272/84540.197,left_right,INSUFFICIENT_SINGLE_INSTANCE_OBJECTS,
43828272/84570.301,left_right,INSUFFICIENT_SINGLE_INSTANCE_OBJECTS,
43828272/84600.405,left_right,INSUFFICIENT_SINGLE_INSTANCE_OBJECTS,
43828272/84630.509,left_right,INSUFFICIENT_SINGLE_INSTANCE_OBJECTS,
43828323/77578.790,left_right,INSUFFICIENT_SINGLE_INSTANCE_OBJECTS,
43828323/77601.281,left_right,INSUFFICIENT_SINGLE_INSTANCE_OBJECTS,
43828323/77616.292,left_right,INSUFFICIENT_SINGLE_INSTANCE_OBJECTS,
43828328/77652.894,left_right,INSUFFICIENT_SINGLE_INSTANCE_OBJECTS,
43828328/77669.488,left_right,INSUFFICIENT_SINGLE_INSTANCE_OBJECTS,
43828328/77677.684,left_right,INSUFFICIENT_SINGLE_INSTANCE_OBJECTS,
43828368/92109.451,left_right,INSUFFICIENT_SINGLE_INSTANCE_OBJECTS,
43828368/92137.439,left_right,INSUFFICIENT_SINGLE_INSTANCE_OBJECTS,
43828368/92151.533,left_right,INSUFFICIENT_SINGLE_INSTANCE_OBJECTS,
43828368/92193.632,left_right,INSUFFICIENT_SINGLE_INSTANCE_OBJECTS,
43828368/92207.643,left_right,INSUFFICIENT_SINGLE_INSTANCE_OBJECTS,
43828382/93065.064,left_right,INSUFFICIENT_SINGLE_INSTANCE_OBJECTS,
43828382/93073.560,left_right,INSUFFICIENT_SINGLE_INSTANCE_OBJECTS,
43828382/93090.453,left_right,INSUFFICIENT_SINGLE_INSTANCE_OBJECTS,
43828382/93098.867,left_right,INSUFFICIENT_SINGLE_INSTANCE_OBJECTS,
43828382/93115.760,left_right,INSUFFICIENT_SINGLE_INSTANCE_OBJECTS,
43828390/94741.020,left_right,INSUFFICIENT_SINGLE_INSTANCE_OBJECTS,
43828390/94766.310,left_right,INSUFFICIENT_SINGLE_INSTANCE_OBJECTS,
43828390/94779.021,left_right,INSUFFICIENT_SINGLE_INSTANCE_OBJECTS,
43828390/94791.716,left_right,INSUFFICIENT_SINGLE_INSTANCE_OBJECTS,
43828391/94862.720,left_right,INSUFFICIENT_SINGLE_INSTANCE_OBJECTS,
43828391/94917.014,left_right,INSUFFICIENT_SINGLE_INSTANCE_OBJECTS,
43828402/88423.109,left_right,INSUFFICIENT_SINGLE_INSTANCE_OBJECTS,
43828402/88437.803,left_right,INSUFFICIENT_SINGLE_INSTANCE_OBJECTS,
43828402/88445.200,left_right,INSUFFICIENT_SINGLE_INSTANCE_OBJECTS,
43828402/88459.911,left_right,INSUFFICIENT_SINGLE_INSTANCE_OBJECTS,
43828404/88362.100,left_right,INSUFFICIENT_SINGLE_INSTANCE_OBJECTS,
43828404/88382.309,left_right,NO_PAIR_CLEARS_GATES,
43828404/88395.803,left_right,INSUFFICIENT_SINGLE_INSTANCE_OBJECTS,
43828435/90458.653,left_right,INSUFFICIENT_SINGLE_INSTANCE_OBJECTS,
43828435/90466.167,left_right,INSUFFICIENT_SINGLE_INSTANCE_OBJECTS,
43828435/90473.663,left_right,INSUFFICIENT_SINGLE_INSTANCE_OBJECTS,
43828435/90481.161,left_right,INSUFFICIENT_SINGLE_INSTANCE_OBJECTS,
43828435/90488.558,left_right,INSUFFICIENT_SINGLE_INSTANCE_OBJECTS,
43828435/90496.055,left_right,INSUFFICIENT_SINGLE_INSTANCE_OBJECTS,
43828455/92079.363,left_right,INSUFFICIENT_SINGLE_INSTANCE_OBJECTS,
43828455/92093.158,left_right,INSUFFICIENT_SINGLE_INSTANCE_OBJECTS,
43828455/92097.756,left_right,INSUFFICIENT_SINGLE_INSTANCE_OBJECTS,
43828456/92222.856,left_right,INSUFFICIENT_SINGLE_INSTANCE_OBJECTS,
43828517/102938.233,left_right,INSUFFICIENT_SINGLE_INSTANCE_OBJECTS,
43828517/102965.904,left_right,NO_PAIR_CLEARS_GATES,
43828517/102975.201,left_right,INSUFFICIENT_SINGLE_INSTANCE_OBJECTS,
43828517/102984.413,left_right,INSUFFICIENT_SINGLE_INSTANCE_OBJECTS,
43828517/102993.710,left_right,INSUFFICIENT_SINGLE_INSTANCE_OBJECTS,
43828517/103002.906,left_right,INSUFFICIENT_SINGLE_INSTANCE_OBJECTS,
43828520/102861.631,left_right,INSUFFICIENT_SINGLE_INSTANCE_OBJECTS,
43828520/102870.211,left_right,INSUFFICIENT_SINGLE_INSTANCE_OBJECTS,
43828520/102896.217,left_right,INSUFFICIENT_SINGLE_INSTANCE_OBJECTS,
43828520/102904.813,left_right,INSUFFICIENT_SINGLE_INSTANCE_OBJECTS,
43828520/102913.510,left_right,INSUFFICIENT_SINGLE_INSTANCE_OBJECTS,
43828520/102922.106,left_right,NO_PAIR_CLEARS_GATES,
43828555/101319.035,left_right,INSUFFICIENT_SINGLE_INSTANCE_OBJECTS,
43828555/101336.828,left_right,INSUFFICIENT_SINGLE_INSTANCE_OBJECTS,
43828555/101345.725,left_right,INSUFFICIENT_SINGLE_INSTANCE_OBJECTS,
43828555/101354.638,left_right,INSUFFICIENT_SINGLE_INSTANCE_OBJECTS,
43828555/101363.534,left_right,INSUFFICIENT_SINGLE_INSTANCE_OBJECTS,
43828555/101372.431,left_right,INSUFFICIENT_SINGLE_INSTANCE_OBJECTS,
43828555/101381.327,left_right,INSUFFICIENT_SINGLE_INSTANCE_OBJECTS,
43895865/107623.302,left_right,INSUFFICIENT_SINGLE_INSTANCE_OBJECTS,
43895865/107673.181,left_right,INSUFFICIENT_SINGLE_INSTANCE_OBJECTS,
43895865/107685.576,left_right,INSUFFICIENT_SINGLE_INSTANCE_OBJECTS,
43895865/107698.088,left_right,INSUFFICIENT_SINGLE_INSTANCE_OBJECTS,
43895865/107710.583,left_right,INSUFFICIENT_SINGLE_INSTANCE_OBJECTS,
43895917/111303.972,left_right,INSUFFICIENT_SINGLE_INSTANCE_OBJECTS,
43895917/111309.653,left_right,NO_PAIR_CLEARS_GATES,
43895917/111315.467,left_right,NO_PAIR_CLEARS_GATES,
43895949/109100.054,left_right,INSUFFICIENT_SINGLE_INSTANCE_OBJECTS,
43895949/109106.635,left_right,INSUFFICIENT_SINGLE_INSTANCE_OBJECTS,
43895987/136330.028,left_right,INSUFFICIENT_SINGLE_INSTANCE_OBJECTS,
43895987/136348.021,left_right,INSUFFICIENT_SINGLE_INSTANCE_OBJECTS,
43895987/136384.023,left_right,INSUFFICIENT_SINGLE_INSTANCE_OBJECTS,
43895987/136402.032,left_right,INSUFFICIENT_SINGLE_INSTANCE_OBJECTS,
43895987/136420.024,left_right,INSUFFICIENT_SINGLE_INSTANCE_OBJECTS,
43895987/136438.033,left_right,INSUFFICIENT_SINGLE_INSTANCE_OBJECTS,
43896019/138332.406,left_right,INSUFFICIENT_SINGLE_INSTANCE_OBJECTS,
43896019/138341.602,left_right,INSUFFICIENT_SINGLE_INSTANCE_OBJECTS,
43896038/129990.186,left_right,INSUFFICIENT_SINGLE_INSTANCE_OBJECTS,
43896038/129995.167,left_right,INSUFFICIENT_SINGLE_INSTANCE_OBJECTS,
43896038/130000.165,left_right,INSUFFICIENT_SINGLE_INSTANCE_OBJECTS,
43896038/130005.163,left_right,INSUFFICIENT_SINGLE_INSTANCE_OBJECTS,
43896038/130010.161,left_right,INSUFFICIENT_SINGLE_INSTANCE_OBJECTS,
43896038/130020.157,left_right,INSUFFICIENT_SINGLE_INSTANCE_OBJECTS,
43896038/130025.155,left_right,INSUFFICIENT_SINGLE_INSTANCE_OBJECTS,
43896117/145943.747,left_right,INSUFFICIENT_SINGLE_INSTANCE_OBJECTS,
43896223/4961.008,left_right,INSUFFICIENT_SINGLE_INSTANCE_OBJECTS,
43896224/4887.622,left_right,INSUFFICIENT_SINGLE_INSTANCE_OBJECTS,
43896224/4893.420,left_right,INSUFFICIENT_SINGLE_INSTANCE_OBJECTS,
43896224/4916.810,left_right,INSUFFICIENT_SINGLE_INSTANCE_OBJECTS,
43896224/4922.707,left_right,NO_PAIR_CLEARS_GATES,
43896224/4928.522,left_right,INSUFFICIENT_SINGLE_INSTANCE_OBJECTS,
43896247/7591.408,left_right,INSUFFICIENT_SINGLE_INSTANCE_OBJECTS,
43896247/7596.406,left_right,INSUFFICIENT_SINGLE_INSTANCE_OBJECTS,
43896247/7601.404,left_right,INSUFFICIENT_SINGLE_INSTANCE_OBJECTS,
43896247/7616.297,left_right,INSUFFICIENT_SINGLE_INSTANCE_OBJECTS,
43896256/8044.870,left_right,INSUFFICIENT_SINGLE_INSTANCE_OBJECTS,
43896256/8065.045,left_right,INSUFFICIENT_SINGLE_INSTANCE_OBJECTS,
43896256/8071.859,left_right,NO_PAIR_CLEARS_GATES,
43896256/8085.353,left_right,INSUFFICIENT_SINGLE_INSTANCE_OBJECTS,
43896256/8092.151,left_right,INSUFFICIENT_SINGLE_INSTANCE_OBJECTS,
43896280/5016.315,left_right,INSUFFICIENT_SINGLE_INSTANCE_OBJECTS,
43896280/5050.885,left_right,NO_PAIR_CLEARS_GATES,
43896280/5085.488,left_right,NO_PAIR_CLEARS_GATES,
43896280/5120.091,left_right,INSUFFICIENT_SINGLE_INSTANCE_OBJECTS,
43896280/5154.694,left_right,INSUFFICIENT_SINGLE_INSTANCE_OBJECTS,
43896280/5223.883,left_right,INSUFFICIENT_SINGLE_INSTANCE_OBJECTS,
43896330/8976.675,left_right,INSUFFICIENT_SINGLE_INSTANCE_OBJECTS,
43896358/18584.344,left_right,NO_PAIR_CLEARS_GATES,
43896358/18597.422,left_right,INSUFFICIENT_SINGLE_INSTANCE_OBJECTS,
43896358/18610.634,left_right,INSUFFICIENT_SINGLE_INSTANCE_OBJECTS,
43896358/18617.231,left_right,INSUFFICIENT_SINGLE_INSTANCE_OBJECTS,
43896358/18623.828,left_right,INSUFFICIENT_SINGLE_INSTANCE_OBJECTS,
43896358/18630.425,left_right,INSUFFICIENT_SINGLE_INSTANCE_OBJECTS,
43896365/19884.755,left_right,INSUFFICIENT_SINGLE_INSTANCE_OBJECTS,
43896365/19897.367,left_right,INSUFFICIENT_SINGLE_INSTANCE_OBJECTS,
43896365/19909.961,left_right,NO_PAIR_CLEARS_GATES,
43896365/19922.556,left_right,INSUFFICIENT_SINGLE_INSTANCE_OBJECTS,
43896371/19812.168,left_right,INSUFFICIENT_SINGLE_INSTANCE_OBJECTS,
43896371/19817.466,left_right,INSUFFICIENT_SINGLE_INSTANCE_OBJECTS,
43896371/19827.962,left_right,INSUFFICIENT_SINGLE_INSTANCE_OBJECTS,
43896371/19833.160,left_right,INSUFFICIENT_SINGLE_INSTANCE_OBJECTS,
43896371/19838.458,left_right,INSUFFICIENT_SINGLE_INSTANCE_OBJECTS,
43896371/19843.672,left_right,INSUFFICIENT_SINGLE_INSTANCE_OBJECTS,
43896384/21725.881,left_right,INSUFFICIENT_SINGLE_INSTANCE_OBJECTS,
43896384/21736.360,left_right,INSUFFICIENT_SINGLE_INSTANCE_OBJECTS,
43896384/21746.856,left_right,NO_PAIR_CLEARS_GATES,
43896384/21757.352,left_right,INSUFFICIENT_SINGLE_INSTANCE_OBJECTS,
43896384/21767.947,left_right,INSUFFICIENT_SINGLE_INSTANCE_OBJECTS,
43896384/21778.459,left_right,INSUFFICIENT_SINGLE_INSTANCE_OBJECTS,
43896384/21799.451,left_right,INSUFFICIENT_SINGLE_INSTANCE_OBJECTS,
43896396/22528.596,left_right,INSUFFICIENT_SINGLE_INSTANCE_OBJECTS,
43896396/22537.476,left_right,INSUFFICIENT_SINGLE_INSTANCE_OBJECTS,
43896396/22573.078,left_right,INSUFFICIENT_SINGLE_INSTANCE_OBJECTS,
43896478/22813.207,left_right,INSUFFICIENT_SINGLE_INSTANCE_OBJECTS,
43896478/22866.902,left_right,INSUFFICIENT_SINGLE_INSTANCE_OBJECTS,
43896478/22877.598,left_right,INSUFFICIENT_SINGLE_INSTANCE_OBJECTS,
43896516/34202.978,left_right,INSUFFICIENT_SINGLE_INSTANCE_OBJECTS,
43896516/34230.084,left_right,INSUFFICIENT_SINGLE_INSTANCE_OBJECTS,
43896516/34284.278,left_right,NO_PAIR_CLEARS_GATES,
43896516/34311.283,left_right,INSUFFICIENT_SINGLE_INSTANCE_OBJECTS,
43896516/34365.478,left_right,INSUFFICIENT_SINGLE_INSTANCE_OBJECTS,
43896527/34713.066,left_right,INSUFFICIENT_SINGLE_INSTANCE_OBJECTS,
43896527/34721.446,left_right,INSUFFICIENT_SINGLE_INSTANCE_OBJECTS,
43896527/34729.942,left_right,INSUFFICIENT_SINGLE_INSTANCE_OBJECTS,
43896527/34738.439,left_right,INSUFFICIENT_SINGLE_INSTANCE_OBJECTS,
43896527/34755.348,left_right,INSUFFICIENT_SINGLE_INSTANCE_OBJECTS,
43896527/34772.341,left_right,INSUFFICIENT_SINGLE_INSTANCE_OBJECTS,
44358121/62387.323,left_right,INSUFFICIENT_SINGLE_INSTANCE_OBJECTS,
44358121/62421.609,left_right,INSUFFICIENT_SINGLE_INSTANCE_OBJECTS,
44358121/62433.104,left_right,INSUFFICIENT_SINGLE_INSTANCE_OBJECTS,
44358121/62444.599,left_right,INSUFFICIENT_SINGLE_INSTANCE_OBJECTS,
44358121/62456.011,left_right,INSUFFICIENT_SINGLE_INSTANCE_OBJECTS,
44358121/62467.507,left_right,INSUFFICIENT_SINGLE_INSTANCE_OBJECTS,
44358204/7492.200,left_right,INSUFFICIENT_SINGLE_INSTANCE_OBJECTS,
44358204/7498.881,left_right,INSUFFICIENT_SINGLE_INSTANCE_OBJECTS,
44358204/7519.072,left_right,INSUFFICIENT_SINGLE_INSTANCE_OBJECTS,
44358204/7525.786,left_right,INSUFFICIENT_SINGLE_INSTANCE_OBJECTS,
44358204/7532.483,left_right,INSUFFICIENT_SINGLE_INSTANCE_OBJECTS,
44358204/7539.181,left_right,INSUFFICIENT_SINGLE_INSTANCE_OBJECTS,
44358238/10442.547,left_right,NO_PAIR_CLEARS_GATES,
44358238/10447.928,left_right,NO_PAIR_CLEARS_GATES,
44358238/10453.343,left_right,INSUFFICIENT_SINGLE_INSTANCE_OBJECTS,
44358238/10458.840,left_right,INSUFFICIENT_SINGLE_INSTANCE_OBJECTS,
44358238/10469.636,left_right,INSUFFICIENT_SINGLE_INSTANCE_OBJECTS,
44358238/10480.531,left_right,INSUFFICIENT_SINGLE_INSTANCE_OBJECTS,
44358243/10405.346,left_right,NO_PAIR_CLEARS_GATES,
44358243/10409.244,left_right,NO_PAIR_CLEARS_GATES,
44358243/10413.142,left_right,INSUFFICIENT_SINGLE_INSTANCE_OBJECTS,
44358243/10421.039,left_right,INSUFFICIENT_SINGLE_INSTANCE_OBJECTS,
44358243/10424.938,left_right,INSUFFICIENT_SINGLE_INSTANCE_OBJECTS,
44358243/10428.836,left_right,INSUFFICIENT_SINGLE_INSTANCE_OBJECTS,
44358243/10432.734,left_right,INSUFFICIENT_SINGLE_INSTANCE_OBJECTS,
44358250/6003.989,left_right,INSUFFICIENT_SINGLE_INSTANCE_OBJECTS,
44358250/6017.167,left_right,NO_PAIR_CLEARS_GATES,
44358250/6030.361,left_right,INSUFFICIENT_SINGLE_INSTANCE_OBJECTS,
44358250/6036.959,left_right,INSUFFICIENT_SINGLE_INSTANCE_OBJECTS,
44358250/6043.556,left_right,INSUFFICIENT_SINGLE_INSTANCE_OBJECTS,
44358250/6050.170,left_right,NO_PAIR_CLEARS_GATES,
44358274/9041.735,left_right,INSUFFICIENT_SINGLE_INSTANCE_OBJECTS,
44358274/9058.845,left_right,INSUFFICIENT_SINGLE_INSTANCE_OBJECTS,
44358274/9084.435,left_right,INSUFFICIENT_SINGLE_INSTANCE_OBJECTS,
44358295/15785.072,left_right,INSUFFICIENT_SINGLE_INSTANCE_OBJECTS,
44358295/15790.169,left_right,INSUFFICIENT_SINGLE_INSTANCE_OBJECTS,
44358295/15795.367,left_right,INSUFFICIENT_SINGLE_INSTANCE_OBJECTS,
44358295/15800.565,left_right,INSUFFICIENT_SINGLE_INSTANCE_OBJECTS,
44358295/15805.763,left_right,INSUFFICIENT_SINGLE_INSTANCE_OBJECTS,
44358295/15810.961,left_right,INSUFFICIENT_SINGLE_INSTANCE_OBJECTS,
44358295/15816.175,left_right,INSUFFICIENT_SINGLE_INSTANCE_OBJECTS,
44358306/17406.062,left_right,INSUFFICIENT_SINGLE_INSTANCE_OBJECTS,
44358306/17425.837,left_right,INSUFFICIENT_SINGLE_INSTANCE_OBJECTS,
44358306/17439.048,left_right,NO_PAIR_CLEARS_GATES,
44358336/14215.136,left_right,INSUFFICIENT_SINGLE_INSTANCE_OBJECTS,
44358336/14251.421,left_right,NO_PAIR_CLEARS_GATES,
44358386/19230.766,left_right,NO_PAIR_CLEARS_GATES,
44358386/19251.458,left_right,INSUFFICIENT_SINGLE_INSTANCE_OBJECTS,
44358422/41151.137,left_right,INSUFFICIENT_SINGLE_INSTANCE_OBJECTS,
44358422/41160.633,left_right,INSUFFICIENT_SINGLE_INSTANCE_OBJECTS,
44358422/41166.931,left_right,INSUFFICIENT_SINGLE_INSTANCE_OBJECTS,
44358422/41170.129,left_right,INSUFFICIENT_SINGLE_INSTANCE_OBJECTS,
44358422/41173.328,left_right,INSUFFICIENT_SINGLE_INSTANCE_OBJECTS,
44358426/41422.389,left_right,NO_PAIR_CLEARS_GATES,
44358426/41427.787,left_right,NO_PAIR_CLEARS_GATES,
44358426/41444.181,left_right,INSUFFICIENT_SINGLE_INSTANCE_OBJECTS,
44358426/41455.093,left_right,INSUFFICIENT_SINGLE_INSTANCE_OBJECTS,
44358442/42897.397,left_right,NO_PAIR_CLEARS_GATES,
44358442/42935.198,left_right,NO_PAIR_CLEARS_GATES,
44358452/43500.602,left_right,INSUFFICIENT_SINGLE_INSTANCE_OBJECTS,
44358452/43512.297,left_right,INSUFFICIENT_SINGLE_INSTANCE_OBJECTS,
44358452/43535.887,left_right,INSUFFICIENT_SINGLE_INSTANCE_OBJECTS,
44358452/43582.984,left_right,INSUFFICIENT_SINGLE_INSTANCE_OBJECTS,
44358538/53552.695,left_right,INSUFFICIENT_SINGLE_INSTANCE_OBJECTS,
44358538/53556.077,left_right,INSUFFICIENT_SINGLE_INSTANCE_OBJECTS,
44358538/53569.671,left_right,INSUFFICIENT_SINGLE_INSTANCE_OBJECTS,
44358538/53573.070,left_right,INSUFFICIENT_SINGLE_INSTANCE_OBJECTS,
44358538/53576.469,left_right,INSUFFICIENT_SINGLE_INSTANCE_OBJECTS,
44358553/54893.422,left_right,INSUFFICIENT_SINGLE_INSTANCE_OBJECTS,
44358553/54937.920,left_right,INSUFFICIENT_SINGLE_INSTANCE_OBJECTS,
44358582/55777.526,left_right,INSUFFICIENT_SINGLE_INSTANCE_OBJECTS,
44358582/55795.119,left_right,INSUFFICIENT_SINGLE_INSTANCE_OBJECTS,
44358582/55812.729,left_right,INSUFFICIENT_SINGLE_INSTANCE_OBJECTS,
44358582/55830.322,left_right,INSUFFICIENT_SINGLE_INSTANCE_OBJECTS,
44358599/58296.530,left_right,INSUFFICIENT_SINGLE_INSTANCE_OBJECTS,
44358599/58317.622,left_right,INSUFFICIENT_SINGLE_INSTANCE_OBJECTS,
44358599/58380.830,left_right,INSUFFICIENT_SINGLE_INSTANCE_OBJECTS,
44358599/58401.922,left_right,INSUFFICIENT_SINGLE_INSTANCE_OBJECTS,
44358631/1351.085,left_right,INSUFFICIENT_SINGLE_INSTANCE_OBJECTS,
44358631/1356.866,left_right,INSUFFICIENT_SINGLE_INSTANCE_OBJECTS,
44358631/1362.763,left_right,INSUFFICIENT_SINGLE_INSTANCE_OBJECTS,
44358631/1392.168,left_right,INSUFFICIENT_SINGLE_INSTANCE_OBJECTS,
44358634/3016.178,left_right,INSUFFICIENT_SINGLE_INSTANCE_OBJECTS,
44358634/3041.751,left_right,INSUFFICIENT_SINGLE_INSTANCE_OBJECTS,
44358634/3058.944,left_right,INSUFFICIENT_SINGLE_INSTANCE_OBJECTS,
44358634/3076.053,left_right,INSUFFICIENT_SINGLE_INSTANCE_OBJECTS,
44358661/1091.003,left_right,INSUFFICIENT_SINGLE_INSTANCE_OBJECTS,
44358661/1108.113,left_right,INSUFFICIENT_SINGLE_INSTANCE_OBJECTS,
44358661/1125.206,left_right,INSUFFICIENT_SINGLE_INSTANCE_OBJECTS,
44358661/1142.416,left_right,INSUFFICIENT_SINGLE_INSTANCE_OBJECTS,
44358661/1159.509,left_right,INSUFFICIENT_SINGLE_INSTANCE_OBJECTS,
44358661/1176.602,left_right,NO_PAIR_CLEARS_GATES,
44796226/2514.540,left_right,INSUFFICIENT_SINGLE_INSTANCE_OBJECTS,
44796226/2529.234,left_right,INSUFFICIENT_SINGLE_INSTANCE_OBJECTS,
44796226/2536.531,left_right,INSUFFICIENT_SINGLE_INSTANCE_OBJECTS,
44796226/2566.035,left_right,INSUFFICIENT_SINGLE_INSTANCE_OBJECTS,
44796236/3123.838,left_right,INSUFFICIENT_SINGLE_INSTANCE_OBJECTS,
44796236/3143.546,left_right,INSUFFICIENT_SINGLE_INSTANCE_OBJECTS,
44796236/3153.342,left_right,INSUFFICIENT_SINGLE_INSTANCE_OBJECTS,
44796236/3163.238,left_right,INSUFFICIENT_SINGLE_INSTANCE_OBJECTS,
44796236/3173.034,left_right,INSUFFICIENT_SINGLE_INSTANCE_OBJECTS,
44796257/4260.870,left_right,INSUFFICIENT_SINGLE_INSTANCE_OBJECTS,
44796257/4267.984,left_right,NO_PAIR_CLEARS_GATES,
44796303/3297.554,left_right,INSUFFICIENT_SINGLE_INSTANCE_OBJECTS,
44796303/3309.566,left_right,INSUFFICIENT_SINGLE_INSTANCE_OBJECTS,
44796374/11438.679,left_right,NO_PAIR_CLEARS_GATES,
44796374/11446.476,left_right,INSUFFICIENT_SINGLE_INSTANCE_OBJECTS,
44796374/11454.173,left_right,INSUFFICIENT_SINGLE_INSTANCE_OBJECTS,
44796374/11461.969,left_right,INSUFFICIENT_SINGLE_INSTANCE_OBJECTS,
44796374/11469.766,left_right,INSUFFICIENT_SINGLE_INSTANCE_OBJECTS,
44796450/1742.483,left_right,NO_PAIR_CLEARS_GATES,
44796450/1764.757,left_right,INSUFFICIENT_SINGLE_INSTANCE_OBJECTS,
44796450/1772.254,left_right,INSUFFICIENT_SINGLE_INSTANCE_OBJECTS,
44796450/1794.662,left_right,INSUFFICIENT_SINGLE_INSTANCE_OBJECTS,
44796464/3512.740,left_right,INSUFFICIENT_SINGLE_INSTANCE_OBJECTS,
44796464/3521.119,left_right,INSUFFICIENT_SINGLE_INSTANCE_OBJECTS,
44796464/3546.626,left_right,INSUFFICIENT_SINGLE_INSTANCE_OBJECTS,
44796466/3670.541,left_right,INSUFFICIENT_SINGLE_INSTANCE_OBJECTS,
44796466/3686.718,left_right,INSUFFICIENT_SINGLE_INSTANCE_OBJECTS,
44796466/3702.911,left_right,INSUFFICIENT_SINGLE_INSTANCE_OBJECTS,
44796466/3751.524,left_right,NO_PAIR_CLEARS_GATES,
44796521/3952.516,left_right,NO_PAIR_CLEARS_GATES,
44796521/3976.923,left_right,INSUFFICIENT_SINGLE_INSTANCE_OBJECTS,
44796521/3985.119,left_right,INSUFFICIENT_SINGLE_INSTANCE_OBJECTS,
44796521/3993.216,left_right,INSUFFICIENT_SINGLE_INSTANCE_OBJECTS,
44796745/28703.284,left_right,INSUFFICIENT_SINGLE_INSTANCE_OBJECTS,
44796745/28718.495,left_right,NO_PAIR_CLEARS_GATES,
44796745/28733.689,left_right,INSUFFICIENT_SINGLE_INSTANCE_OBJECTS,
44796745/28748.899,left_right,INSUFFICIENT_SINGLE_INSTANCE_OBJECTS,
44796752/29815.773,left_right,INSUFFICIENT_SINGLE_INSTANCE_OBJECTS,
44796752/29826.885,left_right,INSUFFICIENT_SINGLE_INSTANCE_OBJECTS,
44796752/29860.372,left_right,INSUFFICIENT_SINGLE_INSTANCE_OBJECTS,
44796752/29871.484,left_right,INSUFFICIENT_SINGLE_INSTANCE_OBJECTS,
45260877/7343.983,left_right,NO_PAIR_CLEARS_GATES,
45260877/7356.378,left_right,NO_PAIR_CLEARS_GATES,
45260877/7367.973,left_right,INSUFFICIENT_SINGLE_INSTANCE_OBJECTS,
45260877/7379.568,left_right,NO_PAIR_CLEARS_GATES,
45260877/7391.280,left_right,INSUFFICIENT_SINGLE_INSTANCE_OBJECTS,
45260877/7414.470,left_right,INSUFFICIENT_SINGLE_INSTANCE_OBJECTS,
45260877/7426.082,left_right,INSUFFICIENT_SINGLE_INSTANCE_OBJECTS,
45260900/809.191,left_right,INSUFFICIENT_SINGLE_INSTANCE_OBJECTS,
45260900/813.889,left_right,INSUFFICIENT_SINGLE_INSTANCE_OBJECTS,
45260900/818.587,left_right,NO_PAIR_CLEARS_GATES,
45260900/827.983,left_right,INSUFFICIENT_SINGLE_INSTANCE_OBJECTS,
45260900/832.681,left_right,INSUFFICIENT_SINGLE_INSTANCE_OBJECTS,
45260900/837.380,left_right,INSUFFICIENT_SINGLE_INSTANCE_OBJECTS,
45260905/1446.293,left_right,NO_PAIR_CLEARS_GATES,
45260905/1485.094,left_right,INSUFFICIENT_SINGLE_INSTANCE_OBJECTS,
45260905/1504.503,left_right,INSUFFICIENT_SINGLE_INSTANCE_OBJECTS,
45260947/4569.721,left_right,INSUFFICIENT_SINGLE_INSTANCE_OBJECTS,
45260947/4597.609,left_right,INSUFFICIENT_SINGLE_INSTANCE_OBJECTS,
45260947/4607.006,left_right,NO_PAIR_CLEARS_GATES,
45260947/4625.615,left_right,INSUFFICIENT_SINGLE_INSTANCE_OBJECTS,
45260951/6096.022,left_right,INSUFFICIENT_SINGLE_INSTANCE_OBJECTS,
45260951/6112.315,left_right,INSUFFICIENT_SINGLE_INSTANCE_OBJECTS,
45260951/6144.919,left_right,NO_PAIR_CLEARS_GATES,
45260951/6161.213,left_right,INSUFFICIENT_SINGLE_INSTANCE_OBJECTS,
45260951/6193.816,left_right,INSUFFICIENT_SINGLE_INSTANCE_OBJECTS,
45260957/5935.319,left_right,INSUFFICIENT_SINGLE_INSTANCE_OBJECTS,
45260957/5950.712,left_right,NO_PAIR_CLEARS_GATES,
45260957/5966.206,left_right,INSUFFICIENT_SINGLE_INSTANCE_OBJECTS,
45260957/5973.920,left_right,INSUFFICIENT_SINGLE_INSTANCE_OBJECTS,
45260984/20711.133,left_right,INSUFFICIENT_SINGLE_INSTANCE_OBJECTS,
45260984/20721.412,left_right,INSUFFICIENT_SINGLE_INSTANCE_OBJECTS,
45260984/20742.103,left_right,INSUFFICIENT_SINGLE_INSTANCE_OBJECTS,
45260984/20752.499,left_right,INSUFFICIENT_SINGLE_INSTANCE_OBJECTS,
45260984/20783.603,left_right,INSUFFICIENT_SINGLE_INSTANCE_OBJECTS,
45261035/12750.771,left_right,INSUFFICIENT_SINGLE_INSTANCE_OBJECTS,
45261061/14537.530,left_right,INSUFFICIENT_SINGLE_INSTANCE_OBJECTS,
45261061/14582.529,left_right,NO_PAIR_CLEARS_GATES,
45261061/14627.628,left_right,INSUFFICIENT_SINGLE_INSTANCE_OBJECTS,
45261061/14672.726,left_right,INSUFFICIENT_SINGLE_INSTANCE_OBJECTS,
45261061/14695.218,left_right,INSUFFICIENT_SINGLE_INSTANCE_OBJECTS,
45261066/14478.220,left_right,NO_PAIR_CLEARS_GATES,
45261066/14485.317,left_right,NO_PAIR_CLEARS_GATES,
45261066/14499.528,left_right,INSUFFICIENT_SINGLE_INSTANCE_OBJECTS,
45261066/14520.820,left_right,INSUFFICIENT_SINGLE_INSTANCE_OBJECTS,
45261089/431.173,left_right,INSUFFICIENT_SINGLE_INSTANCE_OBJECTS,
45261089/457.179,left_right,NO_PAIR_CLEARS_GATES,
45261089/470.073,left_right,INSUFFICIENT_SINGLE_INSTANCE_OBJECTS,
45261089/496.079,left_right,INSUFFICIENT_SINGLE_INSTANCE_OBJECTS,
45261190/3706.390,left_right,INSUFFICIENT_SINGLE_INSTANCE_OBJECTS,
45261190/3716.186,left_right,NO_PAIR_CLEARS_GATES,
45261190/3725.982,left_right,INSUFFICIENT_SINGLE_INSTANCE_OBJECTS,
45261190/3735.795,left_right,INSUFFICIENT_SINGLE_INSTANCE_OBJECTS,
45261190/3745.591,left_right,INSUFFICIENT_SINGLE_INSTANCE_OBJECTS,
45261190/3755.387,left_right,INSUFFICIENT_SINGLE_INSTANCE_OBJECTS,
45261251/12593.718,left_right,INSUFFICIENT_SINGLE_INSTANCE_OBJECTS,
45261251/12622.623,left_right,INSUFFICIENT_SINGLE_INSTANCE_OBJECTS,
45261251/12642.015,left_right,INSUFFICIENT_SINGLE_INSTANCE_OBJECTS,
45261251/12651.612,left_right,INSUFFICIENT_SINGLE_INSTANCE_OBJECTS,
45261265/13793.118,left_right,INSUFFICIENT_SINGLE_INSTANCE_OBJECTS,
45261317/23546.099,left_right,INSUFFICIENT_SINGLE_INSTANCE_OBJECTS,
45261317/23557.094,left_right,INSUFFICIENT_SINGLE_INSTANCE_OBJECTS,
45261317/23568.190,left_right,INSUFFICIENT_SINGLE_INSTANCE_OBJECTS,
45261317/23579.302,left_right,INSUFFICIENT_SINGLE_INSTANCE_OBJECTS,
45261317/23590.297,left_right,INSUFFICIENT_SINGLE_INSTANCE_OBJECTS,
45261317/23601.393,left_right,INSUFFICIENT_SINGLE_INSTANCE_OBJECTS,
45261329/24110.667,left_right,INSUFFICIENT_SINGLE_INSTANCE_OBJECTS,
45261329/24120.346,left_right,INSUFFICIENT_SINGLE_INSTANCE_OBJECTS,
45261329/24130.142,left_right,INSUFFICIENT_SINGLE_INSTANCE_OBJECTS,
45261329/24139.855,left_right,INSUFFICIENT_SINGLE_INSTANCE_OBJECTS,
45261329/24149.650,left_right,INSUFFICIENT_SINGLE_INSTANCE_OBJECTS,
45261329/24169.142,left_right,INSUFFICIENT_SINGLE_INSTANCE_OBJECTS,
45261397/29115.261,left_right,INSUFFICIENT_SINGLE_INSTANCE_OBJECTS,
45261397/29123.658,left_right,INSUFFICIENT_SINGLE_INSTANCE_OBJECTS,
45261397/29132.171,left_right,INSUFFICIENT_SINGLE_INSTANCE_OBJECTS,
45261397/29149.165,left_right,INSUFFICIENT_SINGLE_INSTANCE_OBJECTS,
45261397/29174.671,left_right,NO_PAIR_CLEARS_GATES,
45261407/29661.025,left_right,NO_PAIR_CLEARS_GATES,
45261407/29668.122,left_right,INSUFFICIENT_SINGLE_INSTANCE_OBJECTS,
45261407/29696.311,left_right,INSUFFICIENT_SINGLE_INSTANCE_OBJECTS,
45261499/42635.410,left_right,NO_PAIR_CLEARS_GATES,
45261499/42641.091,left_right,INSUFFICIENT_SINGLE_INSTANCE_OBJECTS,
45261499/42652.586,left_right,INSUFFICIENT_SINGLE_INSTANCE_OBJECTS,
45261502/42579.399,left_right,NO_PAIR_CLEARS_GATES,
45261502/42584.696,left_right,INSUFFICIENT_SINGLE_INSTANCE_OBJECTS,
45261502/42590.094,left_right,INSUFFICIENT_SINGLE_INSTANCE_OBJECTS,
45261502/42606.088,left_right,INSUFFICIENT_SINGLE_INSTANCE_OBJECTS,
45261507/43439.645,left_right,INSUFFICIENT_SINGLE_INSTANCE_OBJECTS,
45261507/43446.959,left_right,NO_PAIR_CLEARS_GATES,
45261507/43461.653,left_right,INSUFFICIENT_SINGLE_INSTANCE_OBJECTS,
45261507/43476.247,left_right,INSUFFICIENT_SINGLE_INSTANCE_OBJECTS,
45261509/43509.468,left_right,INSUFFICIENT_SINGLE_INSTANCE_OBJECTS,
45261509/43516.948,left_right,INSUFFICIENT_SINGLE_INSTANCE_OBJECTS,
45261509/43532.159,left_right,INSUFFICIENT_SINGLE_INSTANCE_OBJECTS,
45261509/43554.850,left_right,INSUFFICIENT_SINGLE_INSTANCE_OBJECTS,
45261509/43562.447,left_right,NO_PAIR_CLEARS_GATES,
45261522/45756.592,left_right,INSUFFICIENT_SINGLE_INSTANCE_OBJECTS,
45261522/45770.170,left_right,INSUFFICIENT_SINGLE_INSTANCE_OBJECTS,
45261522/45797.360,left_right,NO_PAIR_CLEARS_GATES,
45261524/45692.868,left_right,INSUFFICIENT_SINGLE_INSTANCE_OBJECTS,
45261524/45699.965,left_right,INSUFFICIENT_SINGLE_INSTANCE_OBJECTS,
45261524/45721.456,left_right,NO_PAIR_CLEARS_GATES,
45261524/45742.865,left_right,INSUFFICIENT_SINGLE_INSTANCE_OBJECTS,
45261527/45654.066,left_right,NO_PAIR_CLEARS_GATES,
45261527/45658.964,left_right,INSUFFICIENT_SINGLE_INSTANCE_OBJECTS,
45261527/45663.762,left_right,INSUFFICIENT_SINGLE_INSTANCE_OBJECTS,
45261527/45668.660,left_right,INSUFFICIENT_SINGLE_INSTANCE_OBJECTS,
45261527/45673.459,left_right,INSUFFICIENT_SINGLE_INSTANCE_OBJECTS,
45261527/45683.155,left_right,INSUFFICIENT_SINGLE_INSTANCE_OBJECTS,
45261548/75034.278,left_right,INSUFFICIENT_SINGLE_INSTANCE_OBJECTS,
45261548/75047.873,left_right,NO_PAIR_CLEARS_GATES,
45261556/75545.498,left_right,INSUFFICIENT_SINGLE_INSTANCE_OBJECTS,
45261556/75569.888,left_right,INSUFFICIENT_SINGLE_INSTANCE_OBJECTS,
45261556/75582.083,left_right,INSUFFICIENT_SINGLE_INSTANCE_OBJECTS,
45261556/75594.295,left_right,INSUFFICIENT_SINGLE_INSTANCE_OBJECTS,
45261556/75606.490,left_right,INSUFFICIENT_SINGLE_INSTANCE_OBJECTS,
45261556/75618.685,left_right,INSUFFICIENT_SINGLE_INSTANCE_OBJECTS,
45261556/75630.896,left_right,INSUFFICIENT_SINGLE_INSTANCE_OBJECTS,
45261569/76297.464,left_right,INSUFFICIENT_SINGLE_INSTANCE_OBJECTS,
45261569/76325.552,left_right,INSUFFICIENT_SINGLE_INSTANCE_OBJECTS,
45261569/76331.150,left_right,INSUFFICIENT_SINGLE_INSTANCE_OBJECTS,
45261569/76336.747,left_right,INSUFFICIENT_SINGLE_INSTANCE_OBJECTS,
45261571/76450.950,left_right,INSUFFICIENT_SINGLE_INSTANCE_OBJECTS,
45261571/76462.845,left_right,INSUFFICIENT_SINGLE_INSTANCE_OBJECTS,
45261571/76486.752,left_right,INSUFFICIENT_SINGLE_INSTANCE_OBJECTS,
45261571/76498.647,left_right,INSUFFICIENT_SINGLE_INSTANCE_OBJECTS,
45261637/55977.492,left_right,INSUFFICIENT_SINGLE_INSTANCE_OBJECTS,
45261637/55991.603,left_right,INSUFFICIENT_SINGLE_INSTANCE_OBJECTS,
45261637/55998.600,left_right,INSUFFICIENT_SINGLE_INSTANCE_OBJECTS,
45261637/56005.597,left_right,INSUFFICIENT_SINGLE_INSTANCE_OBJECTS,
45261672/2966.958,left_right,INSUFFICIENT_SINGLE_INSTANCE_OBJECTS,
45261672/2987.666,left_right,NO_PAIR_CLEARS_GATES,
45662791/12788.295,left_right,INSUFFICIENT_SINGLE_INSTANCE_OBJECTS,
45662791/12795.792,left_right,INSUFFICIENT_SINGLE_INSTANCE_OBJECTS,
45662791/12803.206,left_right,INSUFFICIENT_SINGLE_INSTANCE_OBJECTS,
45662791/12810.603,left_right,INSUFFICIENT_SINGLE_INSTANCE_OBJECTS,
45662829/15157.124,left_right,INSUFFICIENT_SINGLE_INSTANCE_OBJECTS,
45662829/15166.420,left_right,INSUFFICIENT_SINGLE_INSTANCE_OBJECTS,
45662829/15194.425,left_right,INSUFFICIENT_SINGLE_INSTANCE_OBJECTS,
45662829/15203.721,left_right,INSUFFICIENT_SINGLE_INSTANCE_OBJECTS,
45662851/12156.269,left_right,INSUFFICIENT_SINGLE_INSTANCE_OBJECTS,
45662851/12165.848,left_right,INSUFFICIENT_SINGLE_INSTANCE_OBJECTS,
45662851/12175.461,left_right,INSUFFICIENT_SINGLE_INSTANCE_OBJECTS,
45662851/12185.057,left_right,INSUFFICIENT_SINGLE_INSTANCE_OBJECTS,
45662851/12194.754,left_right,INSUFFICIENT_SINGLE_INSTANCE_OBJECTS,
45662851/12204.350,left_right,INSUFFICIENT_SINGLE_INSTANCE_OBJECTS,
45662851/12213.963,left_right,INSUFFICIENT_SINGLE_INSTANCE_OBJECTS,
45662851/12223.559,left_right,INSUFFICIENT_SINGLE_INSTANCE_OBJECTS,
45662882/16577.797,left_right,INSUFFICIENT_SINGLE_INSTANCE_OBJECTS,
45662882/16605.903,left_right,INSUFFICIENT_SINGLE_INSTANCE_OBJECTS,
45662882/16662.014,left_right,INSUFFICIENT_SINGLE_INSTANCE_OBJECTS,
45662882/16690.003,left_right,INSUFFICIENT_SINGLE_INSTANCE_OBJECTS,
45662882/16718.108,left_right,INSUFFICIENT_SINGLE_INSTANCE_OBJECTS,
45663052/36217.580,left_right,INSUFFICIENT_SINGLE_INSTANCE_OBJECTS,
45663052/36226.177,left_right,INSUFFICIENT_SINGLE_INSTANCE_OBJECTS,
45663052/36252.083,left_right,INSUFFICIENT_SINGLE_INSTANCE_OBJECTS,
45663064/38423.709,left_right,INSUFFICIENT_SINGLE_INSTANCE_OBJECTS,
45663064/38452.214,left_right,NO_PAIR_CLEARS_GATES,
45663064/38480.603,left_right,INSUFFICIENT_SINGLE_INSTANCE_OBJECTS,
45663218/65567.711,left_right,INSUFFICIENT_SINGLE_INSTANCE_OBJECTS,
45663218/65581.505,left_right,INSUFFICIENT_SINGLE_INSTANCE_OBJECTS,
45663218/65595.316,left_right,NO_PAIR_CLEARS_GATES,
45663218/65622.804,left_right,INSUFFICIENT_SINGLE_INSTANCE_OBJECTS,
45663218/65636.615,left_right,INSUFFICIENT_SINGLE_INSTANCE_OBJECTS,
45663218/65650.410,left_right,INSUFFICIENT_SINGLE_INSTANCE_OBJECTS,
45663258/77858.095,left_right,INSUFFICIENT_SINGLE_INSTANCE_OBJECTS,
45663317/76499.514,left_right,INSUFFICIENT_SINGLE_INSTANCE_OBJECTS,
45663317/76517.890,left_right,INSUFFICIENT_SINGLE_INSTANCE_OBJECTS,
45663317/76522.488,left_right,INSUFFICIENT_SINGLE_INSTANCE_OBJECTS,
45663322/77537.995,left_right,INSUFFICIENT_SINGLE_INSTANCE_OBJECTS,
45663322/77602.285,left_right,INSUFFICIENT_SINGLE_INSTANCE_OBJECTS,
45663322/77623.776,left_right,INSUFFICIENT_SINGLE_INSTANCE_OBJECTS,
45663322/77645.284,left_right,INSUFFICIENT_SINGLE_INSTANCE_OBJECTS,
45663322/77666.675,left_right,INSUFFICIENT_SINGLE_INSTANCE_OBJECTS,
45663322/77688.182,left_right,INSUFFICIENT_SINGLE_INSTANCE_OBJECTS,
45663387/93531.315,left_right,INSUFFICIENT_SINGLE_INSTANCE_OBJECTS,
45663387/93545.392,left_right,INSUFFICIENT_SINGLE_INSTANCE_OBJECTS,
45663387/93559.487,left_right,NO_PAIR_CLEARS_GATES,
45663387/93573.698,left_right,INSUFFICIENT_SINGLE_INSTANCE_OBJECTS,
45663387/93587.792,left_right,INSUFFICIENT_SINGLE_INSTANCE_OBJECTS,
45663387/93601.887,left_right,INSUFFICIENT_SINGLE_INSTANCE_OBJECTS,
45663387/93616.098,left_right,INSUFFICIENT_SINGLE_INSTANCE_OBJECTS,
45663397/95070.316,left_right,INSUFFICIENT_SINGLE_INSTANCE_OBJECTS,
45663397/95076.813,left_right,INSUFFICIENT_SINGLE_INSTANCE_OBJECTS,
45663397/95089.825,left_right,INSUFFICIENT_SINGLE_INSTANCE_OBJECTS,
45663397/95102.720,left_right,INSUFFICIENT_SINGLE_INSTANCE_OBJECTS,
45663397/95109.217,left_right,INSUFFICIENT_SINGLE_INSTANCE_OBJECTS,
47115135/85835.966,left_right,INSUFFICIENT_SINGLE_INSTANCE_OBJECTS,
47115135/85839.647,left_right,NO_PAIR_CLEARS_GATES,
47115137/85872.367,left_right,INSUFFICIENT_SINGLE_INSTANCE_OBJECTS,
47115150/86890.920,left_right,INSUFFICIENT_SINGLE_INSTANCE_OBJECTS,
47115150/86897.700,left_right,INSUFFICIENT_SINGLE_INSTANCE_OBJECTS,
47115150/86918.292,left_right,INSUFFICIENT_SINGLE_INSTANCE_OBJECTS,
47115150/86925.206,left_right,INSUFFICIENT_SINGLE_INSTANCE_OBJECTS,
47115150/86938.900,left_right,NO_PAIR_CLEARS_GATES,
47115198/94356.856,left_right,INSUFFICIENT_SINGLE_INSTANCE_OBJECTS,
47115198/94363.869,left_right,NO_PAIR_CLEARS_GATES,
47115198/94377.963,left_right,INSUFFICIENT_SINGLE_INSTANCE_OBJECTS,
47115198/94385.060,left_right,INSUFFICIENT_SINGLE_INSTANCE_OBJECTS,
47115227/95938.163,left_right,INSUFFICIENT_SINGLE_INSTANCE_OBJECTS,
47115227/95955.056,left_right,INSUFFICIENT_SINGLE_INSTANCE_OBJECTS,
47115255/99119.223,left_right,INSUFFICIENT_SINGLE_INSTANCE_OBJECTS,
47115255/99125.504,left_right,INSUFFICIENT_SINGLE_INSTANCE_OBJECTS,
47115255/99131.801,left_right,NO_PAIR_CLEARS_GATES,
47115255/99163.405,left_right,INSUFFICIENT_SINGLE_INSTANCE_OBJECTS,
47115258/99177.832,left_right,INSUFFICIENT_SINGLE_INSTANCE_OBJECTS,
47115258/99188.511,left_right,NO_PAIR_CLEARS_GATES,
47115258/99231.310,left_right,INSUFFICIENT_SINGLE_INSTANCE_OBJECTS,
47115258/99252.701,left_right,INSUFFICIENT_SINGLE_INSTANCE_OBJECTS,
47115260/115028.790,left_right,NO_PAIR_CLEARS_GATES,
47115260/115035.787,left_right,NO_PAIR_CLEARS_GATES,
47115260/115070.790,left_right,INSUFFICIENT_SINGLE_INSTANCE_OBJECTS,
47115265/115124.585,left_right,INSUFFICIENT_SINGLE_INSTANCE_OBJECTS,
47115265/115161.987,left_right,INSUFFICIENT_SINGLE_INSTANCE_OBJECTS,
47115265/115180.580,left_right,INSUFFICIENT_SINGLE_INSTANCE_OBJECTS,
47115265/115199.289,left_right,INSUFFICIENT_SINGLE_INSTANCE_OBJECTS,
47115309/552.779,left_right,INSUFFICIENT_SINGLE_INSTANCE_OBJECTS,
47115309/553.162,left_right,INSUFFICIENT_SINGLE_INSTANCE_OBJECTS,
47115309/553.562,left_right,INSUFFICIENT_SINGLE_INSTANCE_OBJECTS,
47115309/555.361,left_right,INSUFFICIENT_SINGLE_INSTANCE_OBJECTS,
47115309/555.761,left_right,NO_PAIR_CLEARS_GATES,
47115350/4141.318,left_right,INSUFFICIENT_SINGLE_INSTANCE_OBJECTS,
47115350/4149.532,left_right,INSUFFICIENT_SINGLE_INSTANCE_OBJECTS,
47115361/842.393,left_right,INSUFFICIENT_SINGLE_INSTANCE_OBJECTS,
47115361/849.473,left_right,INSUFFICIENT_SINGLE_INSTANCE_OBJECTS,
47115361/863.884,left_right,INSUFFICIENT_SINGLE_INSTANCE_OBJECTS,
47115361/885.476,left_right,INSUFFICIENT_SINGLE_INSTANCE_OBJECTS,
47115361/892.673,left_right,INSUFFICIENT_SINGLE_INSTANCE_OBJECTS,
47115469/14024.488,left_right,INSUFFICIENT_SINGLE_INSTANCE_OBJECTS,
47115469/14037.682,left_right,INSUFFICIENT_SINGLE_INSTANCE_OBJECTS,
47115469/14044.280,left_right,INSUFFICIENT_SINGLE_INSTANCE_OBJECTS,
47115518/13307.994,left_right,INSUFFICIENT_SINGLE_INSTANCE_OBJECTS,
47115518/13318.990,left_right,INSUFFICIENT_SINGLE_INSTANCE_OBJECTS,
47115518/13329.986,left_right,INSUFFICIENT_SINGLE_INSTANCE_OBJECTS,
47115573/2566.329,left_right,INSUFFICIENT_SINGLE_INSTANCE_OBJECTS,
47115573/2582.022,left_right,INSUFFICIENT_SINGLE_INSTANCE_OBJECTS,
47115573/2589.919,left_right,INSUFFICIENT_SINGLE_INSTANCE_OBJECTS,
47115648/4784.073,left_right,INSUFFICIENT_SINGLE_INSTANCE_OBJECTS,
47115648/4819.958,left_right,INSUFFICIENT_SINGLE_INSTANCE_OBJECTS,
47115648/4843.865,left_right,INSUFFICIENT_SINGLE_INSTANCE_OBJECTS,
47115648/4855.861,left_right,INSUFFICIENT_SINGLE_INSTANCE_OBJECTS,
47115649/4890.164,left_right,INSUFFICIENT_SINGLE_INSTANCE_OBJECTS,
47115649/4962.669,left_right,INSUFFICIENT_SINGLE_INSTANCE_OBJECTS,
47204275/12648.479,left_right,INSUFFICIENT_SINGLE_INSTANCE_OBJECTS,
47204275/12658.475,left_right,INSUFFICIENT_SINGLE_INSTANCE_OBJECTS,
47204304/15051.510,left_right,INSUFFICIENT_SINGLE_INSTANCE_OBJECTS,
47204304/15060.590,left_right,INSUFFICIENT_SINGLE_INSTANCE_OBJECTS,
47204304/15078.899,left_right,INSUFFICIENT_SINGLE_INSTANCE_OBJECTS,
47204304/15087.995,left_right,INSUFFICIENT_SINGLE_INSTANCE_OBJECTS,
47204304/15097.091,left_right,NO_PAIR_CLEARS_GATES,
47204304/15115.400,left_right,INSUFFICIENT_SINGLE_INSTANCE_OBJECTS,
47204350/15524.354,left_right,INSUFFICIENT_SINGLE_INSTANCE_OBJECTS,
47204350/15532.551,left_right,INSUFFICIENT_SINGLE_INSTANCE_OBJECTS,
47204350/15573.851,left_right,INSUFFICIENT_SINGLE_INSTANCE_OBJECTS,
47204377/18030.164,left_right,INSUFFICIENT_SINGLE_INSTANCE_OBJECTS,
47204377/18039.344,left_right,INSUFFICIENT_SINGLE_INSTANCE_OBJECTS,
47204377/18057.836,left_right,INSUFFICIENT_SINGLE_INSTANCE_OBJECTS,
47204377/18085.642,left_right,INSUFFICIENT_SINGLE_INSTANCE_OBJECTS,
47204398/23841.702,left_right,INSUFFICIENT_SINGLE_INSTANCE_OBJECTS,
47204398/23858.495,left_right,INSUFFICIENT_SINGLE_INSTANCE_OBJECTS,
47204398/23864.192,left_right,INSUFFICIENT_SINGLE_INSTANCE_OBJECTS,
47204398/23869.790,left_right,INSUFFICIENT_SINGLE_INSTANCE_OBJECTS,
47204398/23875.388,left_right,INSUFFICIENT_SINGLE_INSTANCE_OBJECTS,
47204426/25774.271,left_right,NO_PAIR_CLEARS_GATES,
47204426/25775.370,left_right,INSUFFICIENT_SINGLE_INSTANCE_OBJECTS,
47204426/25776.470,left_right,INSUFFICIENT_SINGLE_INSTANCE_OBJECTS,
47204426/25777.669,left_right,INSUFFICIENT_SINGLE_INSTANCE_OBJECTS,
47204426/25778.769,left_right,INSUFFICIENT_SINGLE_INSTANCE_OBJECTS,
47204426/25780.968,left_right,INSUFFICIENT_SINGLE_INSTANCE_OBJECTS,
47204494/26260.158,left_right,INSUFFICIENT_SINGLE_INSTANCE_OBJECTS,
47204494/26268.738,left_right,INSUFFICIENT_SINGLE_INSTANCE_OBJECTS,
47204494/26273.137,left_right,INSUFFICIENT_SINGLE_INSTANCE_OBJECTS,
47204494/26277.435,left_right,INSUFFICIENT_SINGLE_INSTANCE_OBJECTS,
47204494/26286.131,left_right,INSUFFICIENT_SINGLE_INSTANCE_OBJECTS,
47204506/649.586,left_right,INSUFFICIENT_SINGLE_INSTANCE_OBJECTS,
47204506/669.978,left_right,INSUFFICIENT_SINGLE_INSTANCE_OBJECTS,
47204506/690.486,left_right,INSUFFICIENT_SINGLE_INSTANCE_OBJECTS,
47204524/1555.508,left_right,INSUFFICIENT_SINGLE_INSTANCE_OBJECTS,
47204524/1563.888,left_right,INSUFFICIENT_SINGLE_INSTANCE_OBJECTS,
47204524/1572.385,left_right,INSUFFICIENT_SINGLE_INSTANCE_OBJECTS,
47204524/1580.798,left_right,INSUFFICIENT_SINGLE_INSTANCE_OBJECTS,
47204524/1614.684,left_right,INSUFFICIENT_SINGLE_INSTANCE_OBJECTS,
47204556/3286.405,left_right,INSUFFICIENT_SINGLE_INSTANCE_OBJECTS,
47204556/3293.702,left_right,INSUFFICIENT_SINGLE_INSTANCE_OBJECTS,
47204556/3308.496,left_right,INSUFFICIENT_SINGLE_INSTANCE_OBJECTS,
47204556/3338.000,left_right,INSUFFICIENT_SINGLE_INSTANCE_OBJECTS,
47204585/569.441,left_right,INSUFFICIENT_SINGLE_INSTANCE_OBJECTS,
47204585/590.832,left_right,INSUFFICIENT_SINGLE_INSTANCE_OBJECTS,
47204585/612.240,left_right,INSUFFICIENT_SINGLE_INSTANCE_OBJECTS,
47204730/23371.850,left_right,INSUFFICIENT_SINGLE_INSTANCE_OBJECTS,
47204730/23382.345,left_right,INSUFFICIENT_SINGLE_INSTANCE_OBJECTS,
47204730/23403.536,left_right,INSUFFICIENT_SINGLE_INSTANCE_OBJECTS,
47204730/23414.132,left_right,INSUFFICIENT_SINGLE_INSTANCE_OBJECTS,
47204730/23445.936,left_right,INSUFFICIENT_SINGLE_INSTANCE_OBJECTS,
47204744/25357.208,left_right,INSUFFICIENT_SINGLE_INSTANCE_OBJECTS,
47204744/25370.703,left_right,INSUFFICIENT_SINGLE_INSTANCE_OBJECTS,
47204744/25384.097,left_right,INSUFFICIENT_SINGLE_INSTANCE_OBJECTS,
47204786/27288.704,left_right,NO_PAIR_CLEARS_GATES,
47204786/27346.796,left_right,NO_PAIR_CLEARS_GATES,
47204786/27361.290,left_right,INSUFFICIENT_SINGLE_INSTANCE_OBJECTS,
47204786/27375.784,left_right,INSUFFICIENT_SINGLE_INSTANCE_OBJECTS,
47204786/27390.295,left_right,INSUFFICIENT_SINGLE_INSTANCE_OBJECTS,
47204800/24077.268,left_right,NO_PAIR_CLEARS_GATES,
47204800/24083.349,left_right,INSUFFICIENT_SINGLE_INSTANCE_OBJECTS,
47204800/24108.056,left_right,INSUFFICIENT_SINGLE_INSTANCE_OBJECTS,
47204800/24114.154,left_right,INSUFFICIENT_SINGLE_INSTANCE_OBJECTS,
47204800/24120.351,left_right,INSUFFICIENT_SINGLE_INSTANCE_OBJECTS,
47204887/798.013,left_right,INSUFFICIENT_SINGLE_INSTANCE_OBJECTS,
47204887/808.492,left_right,INSUFFICIENT_SINGLE_INSTANCE_OBJECTS,
47204887/818.988,left_right,INSUFFICIENT_SINGLE_INSTANCE_OBJECTS,
47204887/834.682,left_right,INSUFFICIENT_SINGLE_INSTANCE_OBJECTS,
47204888/899.706,left_right,INSUFFICIENT_SINGLE_INSTANCE_OBJECTS,
47204888/915.283,left_right,INSUFFICIENT_SINGLE_INSTANCE_OBJECTS,
47204888/930.994,left_right,INSUFFICIENT_SINGLE_INSTANCE_OBJECTS,
47204921/3679.000,left_right,INSUFFICIENT_SINGLE_INSTANCE_OBJECTS,
47204921/3696.510,left_right,INSUFFICIENT_SINGLE_INSTANCE_OBJECTS,
47204921/3708.205,left_right,INSUFFICIENT_SINGLE_INSTANCE_OBJECTS,
47204921/3714.003,left_right,INSUFFICIENT_SINGLE_INSTANCE_OBJECTS,
47330996/177033.708,left_right,INSUFFICIENT_SINGLE_INSTANCE_OBJECTS,
47330996/177060.997,left_right,INSUFFICIENT_SINGLE_INSTANCE_OBJECTS,
47331002/178683.141,left_right,INSUFFICIENT_SINGLE_INSTANCE_OBJECTS,
47331028/474680.639,left_right,INSUFFICIENT_SINGLE_INSTANCE_OBJECTS,
47331028/474746.945,left_right,INSUFFICIENT_SINGLE_INSTANCE_OBJECTS,
47331084/133835.005,left_right,INSUFFICIENT_SINGLE_INSTANCE_OBJECTS,
47331084/133855.796,left_right,INSUFFICIENT_SINGLE_INSTANCE_OBJECTS,
47331084/133876.605,left_right,INSUFFICIENT_SINGLE_INSTANCE_OBJECTS,
47331084/133897.396,left_right,INSUFFICIENT_SINGLE_INSTANCE_OBJECTS,
47331103/135736.497,left_right,INSUFFICIENT_SINGLE_INSTANCE_OBJECTS,
47331103/135814.299,left_right,INSUFFICIENT_SINGLE_INSTANCE_OBJECTS,
47331103/135853.200,left_right,INSUFFICIENT_SINGLE_INSTANCE_OBJECTS,
47331103/135892.084,left_right,INSUFFICIENT_SINGLE_INSTANCE_OBJECTS,
47331174/276429.218,left_right,INSUFFICIENT_SINGLE_INSTANCE_OBJECTS,
47331174/276435.116,left_right,INSUFFICIENT_SINGLE_INSTANCE_OBJECTS,
47331220/282443.927,left_right,INSUFFICIENT_SINGLE_INSTANCE_OBJECTS,
47331220/282454.323,left_right,INSUFFICIENT_SINGLE_INSTANCE_OBJECTS,
47331220/282459.521,left_right,NO_PAIR_CLEARS_GATES,
47331220/282464.736,left_right,INSUFFICIENT_SINGLE_INSTANCE_OBJECTS,
47331220/282469.933,left_right,NO_PAIR_CLEARS_GATES,
47331220/282475.131,left_right,INSUFFICIENT_SINGLE_INSTANCE_OBJECTS,
47331220/282480.329,left_right,INSUFFICIENT_SINGLE_INSTANCE_OBJECTS,
47331273/12843.164,left_right,INSUFFICIENT_SINGLE_INSTANCE_OBJECTS,
47331273/12931.162,left_right,INSUFFICIENT_SINGLE_INSTANCE_OBJECTS,
47331273/12953.169,left_right,INSUFFICIENT_SINGLE_INSTANCE_OBJECTS,
47331292/14604.164,left_right,INSUFFICIENT_SINGLE_INSTANCE_OBJECTS,
47331292/14616.459,left_right,INSUFFICIENT_SINGLE_INSTANCE_OBJECTS,
47331292/14653.461,left_right,INSUFFICIENT_SINGLE_INSTANCE_OBJECTS,
47331292/14665.872,left_right,INSUFFICIENT_SINGLE_INSTANCE_OBJECTS,
47331319/179039.062,left_right,INSUFFICIENT_SINGLE_INSTANCE_OBJECTS,
47331319/179052.940,left_right,INSUFFICIENT_SINGLE_INSTANCE_OBJECTS,
47331319/179066.834,left_right,NO_PAIR_CLEARS_GATES,
47331319/179073.731,left_right,INSUFFICIENT_SINGLE_INSTANCE_OBJECTS,
47331319/179080.728,left_right,INSUFFICIENT_SINGLE_INSTANCE_OBJECTS,
47331339/183397.851,left_right,INSUFFICIENT_SINGLE_INSTANCE_OBJECTS,
47331339/183402.433,left_right,INSUFFICIENT_SINGLE_INSTANCE_OBJECTS,
47331339/183411.729,left_right,INSUFFICIENT_SINGLE_INSTANCE_OBJECTS,
47331339/183416.427,left_right,INSUFFICIENT_SINGLE_INSTANCE_OBJECTS,
47331339/183425.723,left_right,INSUFFICIENT_SINGLE_INSTANCE_OBJECTS,
47331339/183430.421,left_right,INSUFFICIENT_SINGLE_INSTANCE_OBJECTS,
47331396/200289.019,left_right,INSUFFICIENT_SINGLE_INSTANCE_OBJECTS,
47331396/200293.533,left_right,INSUFFICIENT_SINGLE_INSTANCE_OBJECTS,
47331396/200297.932,left_right,INSUFFICIENT_SINGLE_INSTANCE_OBJECTS,
47331397/200228.627,left_right,INSUFFICIENT_SINGLE_INSTANCE_OBJECTS,
47331397/200242.921,left_right,INSUFFICIENT_SINGLE_INSTANCE_OBJECTS,
47331409/201646.928,left_right,INSUFFICIENT_SINGLE_INSTANCE_OBJECTS,
47331409/201660.340,left_right,INSUFFICIENT_SINGLE_INSTANCE_OBJECTS,
47331432/546013.754,left_right,INSUFFICIENT_SINGLE_INSTANCE_OBJECTS,
47331432/546024.233,left_right,INSUFFICIENT_SINGLE_INSTANCE_OBJECTS,
47331491/153069.729,left_right,INSUFFICIENT_SINGLE_INSTANCE_OBJECTS,
47331491/153090.937,left_right,INSUFFICIENT_SINGLE_INSTANCE_OBJECTS,
47331491/153133.336,left_right,INSUFFICIENT_SINGLE_INSTANCE_OBJECTS,
47331491/153154.444,left_right,INSUFFICIENT_SINGLE_INSTANCE_OBJECTS,
47331491/153196.827,left_right,INSUFFICIENT_SINGLE_INSTANCE_OBJECTS,
47331508/155143.021,left_right,NO_PAIR_CLEARS_GATES,
47331508/155166.028,left_right,INSUFFICIENT_SINGLE_INSTANCE_OBJECTS,
47331508/155189.036,left_right,INSUFFICIENT_SINGLE_INSTANCE_OBJECTS,
47331522/190751.102,left_right,NO_PAIR_CLEARS_GATES,
47331522/190757.100,left_right,INSUFFICIENT_SINGLE_INSTANCE_OBJECTS,
47331522/190763.197,left_right,NO_PAIR_CLEARS_GATES,
47331522/190769.195,left_right,INSUFFICIENT_SINGLE_INSTANCE_OBJECTS,
47331522/190775.193,left_right,INSUFFICIENT_SINGLE_INSTANCE_OBJECTS,
47331522/190781.290,left_right,INSUFFICIENT_SINGLE_INSTANCE_OBJECTS,
47331527/191823.518,left_right,INSUFFICIENT_SINGLE_INSTANCE_OBJECTS,
47331536/4407.201,left_right,INSUFFICIENT_SINGLE_INSTANCE_OBJECTS,
47331536/4419.896,left_right,INSUFFICIENT_SINGLE_INSTANCE_OBJECTS,
47331558/9810.348,left_right,INSUFFICIENT_SINGLE_INSTANCE_OBJECTS,
47331558/9835.154,left_right,NO_PAIR_CLEARS_GATES,
47331573/13631.576,left_right,INSUFFICIENT_SINGLE_INSTANCE_OBJECTS,
47331573/13663.063,left_right,INSUFFICIENT_SINGLE_INSTANCE_OBJECTS,
47331598/17019.492,left_right,INSUFFICIENT_SINGLE_INSTANCE_OBJECTS,
47331598/17029.588,left_right,INSUFFICIENT_SINGLE_INSTANCE_OBJECTS,
47331598/17034.586,left_right,INSUFFICIENT_SINGLE_INSTANCE_OBJECTS,
47331598/17049.780,left_right,INSUFFICIENT_SINGLE_INSTANCE_OBJECTS,
47331621/19345.320,left_right,INSUFFICIENT_SINGLE_INSTANCE_OBJECTS,
47331621/19371.426,left_right,INSUFFICIENT_SINGLE_INSTANCE_OBJECTS,
47331621/19380.122,left_right,INSUFFICIENT_SINGLE_INSTANCE_OBJECTS,
47331631/19992.164,left_right,INSUFFICIENT_SINGLE_INSTANCE_OBJECTS,
47331631/20001.460,left_right,INSUFFICIENT_SINGLE_INSTANCE_OBJECTS,
47331631/20010.756,left_right,INSUFFICIENT_SINGLE_INSTANCE_OBJECTS,
47331631/20020.052,left_right,INSUFFICIENT_SINGLE_INSTANCE_OBJECTS,
47331631/20029.349,left_right,INSUFFICIENT_SINGLE_INSTANCE_OBJECTS,
47331631/20038.661,left_right,INSUFFICIENT_SINGLE_INSTANCE_OBJECTS,
47331644/22173.604,left_right,INSUFFICIENT_SINGLE_INSTANCE_OBJECTS,
47331644/22206.707,left_right,INSUFFICIENT_SINGLE_INSTANCE_OBJECTS,
47331644/22306.000,left_right,INSUFFICIENT_SINGLE_INSTANCE_OBJECTS,
47331684/6453.822,left_right,INSUFFICIENT_SINGLE_INSTANCE_OBJECTS,
47331705/9710.557,left_right,INSUFFICIENT_SINGLE_INSTANCE_OBJECTS,
47331705/9769.349,left_right,NO_PAIR_CLEARS_GATES,
47331705/9779.145,left_right,INSUFFICIENT_SINGLE_INSTANCE_OBJECTS,
47331710/11175.544,left_right,INSUFFICIENT_SINGLE_INSTANCE_OBJECTS,
47331710/11207.731,left_right,INSUFFICIENT_SINGLE_INSTANCE_OBJECTS,
47331710/11223.841,left_right,INSUFFICIENT_SINGLE_INSTANCE_OBJECTS,
47331710/11231.838,left_right,INSUFFICIENT_SINGLE_INSTANCE_OBJECTS,
47331771/8420.225,left_right,INSUFFICIENT_SINGLE_INSTANCE_OBJECTS,
47331771/8427.522,left_right,INSUFFICIENT_SINGLE_INSTANCE_OBJECTS,
47331771/8449.430,left_right,NO_PAIR_CLEARS_GATES,
47331819/228737.168,left_right,INSUFFICIENT_SINGLE_INSTANCE_OBJECTS,
47331819/228756.760,left_right,INSUFFICIENT_SINGLE_INSTANCE_OBJECTS,
47331878/621229.921,left_right,INSUFFICIENT_SINGLE_INSTANCE_OBJECTS,
47331878/621234.719,left_right,INSUFFICIENT_SINGLE_INSTANCE_OBJECTS,
47331891/623212.356,left_right,INSUFFICIENT_SINGLE_INSTANCE_OBJECTS,
47331891/623217.954,left_right,INSUFFICIENT_SINGLE_INSTANCE_OBJECTS,
47331891/623234.547,left_right,NO_PAIR_CLEARS_GATES,
47331891/623240.162,left_right,INSUFFICIENT_SINGLE_INSTANCE_OBJECTS,
47331894/624491.665,left_right,INSUFFICIENT_SINGLE_INSTANCE_OBJECTS,
47331894/624520.453,left_right,INSUFFICIENT_SINGLE_INSTANCE_OBJECTS,
47331894/624530.049,left_right,INSUFFICIENT_SINGLE_INSTANCE_OBJECTS,
47331910/627513.099,left_right,INSUFFICIENT_SINGLE_INSTANCE_OBJECTS,
47331910/627524.994,left_right,INSUFFICIENT_SINGLE_INSTANCE_OBJECTS,
47331910/627536.889,left_right,INSUFFICIENT_SINGLE_INSTANCE_OBJECTS,
47331910/627548.801,left_right,INSUFFICIENT_SINGLE_INSTANCE_OBJECTS,
47331934/163468.109,left_right,INSUFFICIENT_SINGLE_INSTANCE_OBJECTS,
47331934/163520.105,left_right,INSUFFICIENT_SINGLE_INSTANCE_OBJECTS,
47331934/163546.111,left_right,INSUFFICIENT_SINGLE_INSTANCE_OBJECTS,
47331934/163624.013,left_right,INSUFFICIENT_SINGLE_INSTANCE_OBJECTS,
47331936/164584.339,left_right,INSUFFICIENT_SINGLE_INSTANCE_OBJECTS,
47331936/164602.931,left_right,INSUFFICIENT_SINGLE_INSTANCE_OBJECTS,
47331936/164630.937,left_right,INSUFFICIENT_SINGLE_INSTANCE_OBJECTS,
47331947/165314.839,left_right,INSUFFICIENT_SINGLE_INSTANCE_OBJECTS,
47331947/165335.547,left_right,INSUFFICIENT_SINGLE_INSTANCE_OBJECTS,
47332015/200871.563,left_right,INSUFFICIENT_SINGLE_INSTANCE_OBJECTS,
47332025/202674.919,left_right,INSUFFICIENT_SINGLE_INSTANCE_OBJECTS,
47332025/202689.913,left_right,INSUFFICIENT_SINGLE_INSTANCE_OBJECTS,
47332063/247537.378,left_right,INSUFFICIENT_SINGLE_INSTANCE_OBJECTS,
47332063/247547.274,left_right,INSUFFICIENT_SINGLE_INSTANCE_OBJECTS,
47332080/251432.651,left_right,INSUFFICIENT_SINGLE_INSTANCE_OBJECTS,
47332080/251438.149,left_right,INSUFFICIENT_SINGLE_INSTANCE_OBJECTS,
47332080/251460.340,left_right,INSUFFICIENT_SINGLE_INSTANCE_OBJECTS,
47332081/251789.197,left_right,INSUFFICIENT_SINGLE_INSTANCE_OBJECTS,
47332081/251803.991,left_right,INSUFFICIENT_SINGLE_INSTANCE_OBJECTS,
47332081/251811.404,left_right,INSUFFICIENT_SINGLE_INSTANCE_OBJECTS,
47332177/262513.341,left_right,INSUFFICIENT_SINGLE_INSTANCE_OBJECTS,
47332177/262527.436,left_right,INSUFFICIENT_SINGLE_INSTANCE_OBJECTS,
47332197/263685.656,left_right,INSUFFICIENT_SINGLE_INSTANCE_OBJECTS,
47332232/755609.250,left_right,NO_PAIR_CLEARS_GATES,
47332232/755626.343,left_right,INSUFFICIENT_SINGLE_INSTANCE_OBJECTS,
47332241/756766.730,left_right,INSUFFICIENT_SINGLE_INSTANCE_OBJECTS,
47332241/756775.027,left_right,INSUFFICIENT_SINGLE_INSTANCE_OBJECTS,
47332241/756783.324,left_right,INSUFFICIENT_SINGLE_INSTANCE_OBJECTS,
47332241/756799.934,left_right,INSUFFICIENT_SINGLE_INSTANCE_OBJECTS,
47332241/756808.230,left_right,INSUFFICIENT_SINGLE_INSTANCE_OBJECTS,
47332241/756816.527,left_right,INSUFFICIENT_SINGLE_INSTANCE_OBJECTS,
47332301/386208.213,left_right,INSUFFICIENT_SINGLE_INSTANCE_OBJECTS,
47332326/810176.287,left_right,INSUFFICIENT_SINGLE_INSTANCE_OBJECTS,
47332326/810209.074,left_right,INSUFFICIENT_SINGLE_INSTANCE_OBJECTS,
47332384/398585.142,left_right,NO_PAIR_CLEARS_GATES,
47332384/398616.946,left_right,INSUFFICIENT_SINGLE_INSTANCE_OBJECTS,
47332397/401417.529,left_right,INSUFFICIENT_SINGLE_INSTANCE_OBJECTS,
47332397/401425.725,left_right,NO_PAIR_CLEARS_GATES,
47332397/401433.922,left_right,INSUFFICIENT_SINGLE_INSTANCE_OBJECTS,
47332397/401442.119,left_right,NO_PAIR_CLEARS_GATES,
47332397/401458.529,left_right,INSUFFICIENT_SINGLE_INSTANCE_OBJECTS,
47332397/401466.725,left_right,INSUFFICIENT_SINGLE_INSTANCE_OBJECTS,
47332454/883532.931,left_right,INSUFFICIENT_SINGLE_INSTANCE_OBJECTS,
47332454/883579.429,left_right,INSUFFICIENT_SINGLE_INSTANCE_OBJECTS,
47332501/342383.820,left_right,INSUFFICIENT_SINGLE_INSTANCE_OBJECTS,
47332501/342389.318,left_right,INSUFFICIENT_SINGLE_INSTANCE_OBJECTS,
47332501/342394.816,left_right,INSUFFICIENT_SINGLE_INSTANCE_OBJECTS,
47332505/343935.798,left_right,INSUFFICIENT_SINGLE_INSTANCE_OBJECTS,
47332505/343939.996,left_right,INSUFFICIENT_SINGLE_INSTANCE_OBJECTS,
47332505/343944.294,left_right,INSUFFICIENT_SINGLE_INSTANCE_OBJECTS,
47332508/343863.710,left_right,INSUFFICIENT_SINGLE_INSTANCE_OBJECTS,
47332508/343891.499,left_right,INSUFFICIENT_SINGLE_INSTANCE_OBJECTS,
47332508/343905.393,left_right,NO_PAIR_CLEARS_GATES,
47332519/415962.756,left_right,INSUFFICIENT_SINGLE_INSTANCE_OBJECTS,
47332519/415969.953,left_right,INSUFFICIENT_SINGLE_INSTANCE_OBJECTS,
47332519/415977.167,left_right,INSUFFICIENT_SINGLE_INSTANCE_OBJECTS,
47332519/415984.364,left_right,INSUFFICIENT_SINGLE_INSTANCE_OBJECTS,
47332519/415991.561,left_right,INSUFFICIENT_SINGLE_INSTANCE_OBJECTS,
47332519/415998.758,left_right,INSUFFICIENT_SINGLE_INSTANCE_OBJECTS,
47332605/363328.729,left_right,INSUFFICIENT_SINGLE_INSTANCE_OBJECTS,
47332605/363352.736,left_right,INSUFFICIENT_SINGLE_INSTANCE_OBJECTS,
47332605/363358.734,left_right,INSUFFICIENT_SINGLE_INSTANCE_OBJECTS,
47332636/366999.702,left_right,INSUFFICIENT_SINGLE_INSTANCE_OBJECTS,
47332636/367008.298,left_right,INSUFFICIENT_SINGLE_INSTANCE_OBJECTS,
47332636/367021.293,left_right,INSUFFICIENT_SINGLE_INSTANCE_OBJECTS,
47332636/367025.591,left_right,INSUFFICIENT_SINGLE_INSTANCE_OBJECTS,
47332636/367029.890,left_right,INSUFFICIENT_SINGLE_INSTANCE_OBJECTS,
47332648/369057.809,left_right,INSUFFICIENT_SINGLE_INSTANCE_OBJECTS,
47332648/369064.690,left_right,INSUFFICIENT_SINGLE_INSTANCE_OBJECTS,
47332648/369071.687,left_right,INSUFFICIENT_SINGLE_INSTANCE_OBJECTS,
47332648/369085.681,left_right,INSUFFICIENT_SINGLE_INSTANCE_OBJECTS,
47332648/369099.692,left_right,INSUFFICIENT_SINGLE_INSTANCE_OBJECTS,
47332648/369106.689,left_right,INSUFFICIENT_SINGLE_INSTANCE_OBJECTS,
47332653/369015.493,left_right,INSUFFICIENT_SINGLE_INSTANCE_OBJECTS,
47332653/369032.886,left_right,INSUFFICIENT_SINGLE_INSTANCE_OBJECTS,
47332705/109815.039,left_right,INSUFFICIENT_SINGLE_INSTANCE_OBJECTS,
47332705/109838.230,left_right,INSUFFICIENT_SINGLE_INSTANCE_OBJECTS,
47332778/44572.768,left_right,INSUFFICIENT_SINGLE_INSTANCE_OBJECTS,
47332778/44608.170,left_right,NO_PAIR_CLEARS_GATES,
47332778/44625.963,left_right,INSUFFICIENT_SINGLE_INSTANCE_OBJECTS,
47332778/44643.673,left_right,INSUFFICIENT_SINGLE_INSTANCE_OBJECTS,
47332778/44661.365,left_right,NO_PAIR_CLEARS_GATES,
47332778/44679.075,left_right,INSUFFICIENT_SINGLE_INSTANCE_OBJECTS,
47332792/47328.113,left_right,INSUFFICIENT_SINGLE_INSTANCE_OBJECTS,
47332792/47337.410,left_right,NO_PAIR_CLEARS_GATES,
47332792/47346.823,left_right,INSUFFICIENT_SINGLE_INSTANCE_OBJECTS,
47332792/47365.515,left_right,INSUFFICIENT_SINGLE_INSTANCE_OBJECTS,
47332819/48859.824,left_right,INSUFFICIENT_SINGLE_INSTANCE_OBJECTS,
47332819/48904.323,left_right,INSUFFICIENT_SINGLE_INSTANCE_OBJECTS,
47332819/48937.709,left_right,INSUFFICIENT_SINGLE_INSTANCE_OBJECTS,
47332834/32757.925,left_right,INSUFFICIENT_SINGLE_INSTANCE_OBJECTS,
47332837/32902.133,left_right,INSUFFICIENT_SINGLE_INSTANCE_OBJECTS,
47332916/13408.464,left_right,INSUFFICIENT_SINGLE_INSTANCE_OBJECTS,
47332916/13416.877,left_right,INSUFFICIENT_SINGLE_INSTANCE_OBJECTS,
47332916/13433.770,left_right,INSUFFICIENT_SINGLE_INSTANCE_OBJECTS,
47332916/13442.267,left_right,INSUFFICIENT_SINGLE_INSTANCE_OBJECTS,
47332916/13450.663,left_right,INSUFFICIENT_SINGLE_INSTANCE_OBJECTS,
47332986/124495.888,left_right,INSUFFICIENT_SINGLE_INSTANCE_OBJECTS,
47332986/124536.588,left_right,INSUFFICIENT_SINGLE_INSTANCE_OBJECTS,
47332990/125263.905,left_right,INSUFFICIENT_SINGLE_INSTANCE_OBJECTS,
47332990/125299.807,left_right,INSUFFICIENT_SINGLE_INSTANCE_OBJECTS,
47333000/128268.327,left_right,NO_PAIR_CLEARS_GATES,
47333053/60071.512,left_right,INSUFFICIENT_SINGLE_INSTANCE_OBJECTS,
47333053/60080.109,left_right,INSUFFICIENT_SINGLE_INSTANCE_OBJECTS,
47333053/60088.606,left_right,INSUFFICIENT_SINGLE_INSTANCE_OBJECTS,
47333055/60321.311,left_right,INSUFFICIENT_SINGLE_INSTANCE_OBJECTS,
47333055/60366.310,left_right,INSUFFICIENT_SINGLE_INSTANCE_OBJECTS,
47333058/60933.489,left_right,INSUFFICIENT_SINGLE_INSTANCE_OBJECTS,
47333058/60947.184,left_right,INSUFFICIENT_SINGLE_INSTANCE_OBJECTS,
47333061/60746.282,left_right,INSUFFICIENT_SINGLE_INSTANCE_OBJECTS,
47333061/60782.484,left_right,NO_PAIR_CLEARS_GATES,
47333110/108802.811,left_right,INSUFFICIENT_SINGLE_INSTANCE_OBJECTS,
47333110/108825.602,left_right,INSUFFICIENT_SINGLE_INSTANCE_OBJECTS,
47333110/108848.509,left_right,INSUFFICIENT_SINGLE_INSTANCE_OBJECTS,
47333133/39349.196,left_right,INSUFFICIENT_SINGLE_INSTANCE_OBJECTS,
47333133/39362.790,left_right,INSUFFICIENT_SINGLE_INSTANCE_OBJECTS,
47333133/39383.082,left_right,INSUFFICIENT_SINGLE_INSTANCE_OBJECTS,
47333133/39389.896,left_right,INSUFFICIENT_SINGLE_INSTANCE_OBJECTS,
47333175/44082.890,left_right,INSUFFICIENT_SINGLE_INSTANCE_OBJECTS,
47333175/44088.887,left_right,INSUFFICIENT_SINGLE_INSTANCE_OBJECTS,
47333175/44094.885,left_right,INSUFFICIENT_SINGLE_INSTANCE_OBJECTS,
47333175/44124.889,left_right,INSUFFICIENT_SINGLE_INSTANCE_OBJECTS,
47333239/32200.089,left_right,INSUFFICIENT_SINGLE_INSTANCE_OBJECTS,
47333239/32230.177,left_right,INSUFFICIENT_SINGLE_INSTANCE_OBJECTS,
47333239/32240.289,left_right,INSUFFICIENT_SINGLE_INSTANCE_OBJECTS,
47333239/32250.285,left_right,INSUFFICIENT_SINGLE_INSTANCE_OBJECTS,
47333277/24316.521,left_right,INSUFFICIENT_SINGLE_INSTANCE_OBJECTS,
47333277/24345.625,left_right,INSUFFICIENT_SINGLE_INSTANCE_OBJECTS,
47333277/24374.730,left_right,INSUFFICIENT_SINGLE_INSTANCE_OBJECTS,
47333277/24403.818,left_right,INSUFFICIENT_SINGLE_INSTANCE_OBJECTS,
47333277/24461.928,left_right,INSUFFICIENT_SINGLE_INSTANCE_OBJECTS,
47333277/24491.016,left_right,INSUFFICIENT_SINGLE_INSTANCE_OBJECTS,
47333298/26671.846,left_right,INSUFFICIENT_SINGLE_INSTANCE_OBJECTS,
47333357/32041.599,left_right,NO_PAIR_CLEARS_GATES,
47333357/32055.810,left_right,INSUFFICIENT_SINGLE_INSTANCE_OBJECTS,
47333357/32112.403,left_right,INSUFFICIENT_SINGLE_INSTANCE_OBJECTS,
47333357/32126.598,left_right,INSUFFICIENT_SINGLE_INSTANCE_OBJECTS,
47333462/57360.285,left_right,INSUFFICIENT_SINGLE_INSTANCE_OBJECTS,
47333462/57375.179,left_right,INSUFFICIENT_SINGLE_INSTANCE_OBJECTS,
47333462/57382.676,left_right,NO_PAIR_CLEARS_GATES,
47333462/57390.090,left_right,INSUFFICIENT_SINGLE_INSTANCE_OBJECTS,
47333462/57397.586,left_right,INSUFFICIENT_SINGLE_INSTANCE_OBJECTS,
47333462/57404.983,left_right,INSUFFICIENT_SINGLE_INSTANCE_OBJECTS,
47333493/62522.308,left_right,INSUFFICIENT_SINGLE_INSTANCE_OBJECTS,
47333493/62541.417,left_right,INSUFFICIENT_SINGLE_INSTANCE_OBJECTS,
47333493/62598.911,left_right,NO_PAIR_CLEARS_GATES,
47333493/62618.020,left_right,INSUFFICIENT_SINGLE_INSTANCE_OBJECTS,
47333624/77169.691,left_right,INSUFFICIENT_SINGLE_INSTANCE_OBJECTS,
47333624/77192.182,left_right,INSUFFICIENT_SINGLE_INSTANCE_OBJECTS,
47333624/77214.590,left_right,INSUFFICIENT_SINGLE_INSTANCE_OBJECTS,
47333653/126299.340,left_right,INSUFFICIENT_SINGLE_INSTANCE_OBJECTS,
47333653/126309.436,left_right,INSUFFICIENT_SINGLE_INSTANCE_OBJECTS,
47333653/126319.531,left_right,INSUFFICIENT_SINGLE_INSTANCE_OBJECTS,
47333670/133956.882,left_right,NO_PAIR_CLEARS_GATES,
47333670/133980.972,left_right,INSUFFICIENT_SINGLE_INSTANCE_OBJECTS,
47333674/134124.397,left_right,INSUFFICIENT_SINGLE_INSTANCE_OBJECTS,
47333674/134160.782,left_right,INSUFFICIENT_SINGLE_INSTANCE_OBJECTS,
47333674/134178.975,left_right,NO_PAIR_CLEARS_GATES,
47333698/48421.748,left_right,NO_PAIR_CLEARS_GATES,
47333698/48421.848,left_right,NO_PAIR_CLEARS_GATES,
47333698/48422.047,left_right,NO_PAIR_CLEARS_GATES,
47333698/48422.147,left_right,NO_PAIR_CLEARS_GATES,
47333698/48422.347,left_right,INSUFFICIENT_SINGLE_INSTANCE_OBJECTS,
47333698/48422.647,left_right,INSUFFICIENT_SINGLE_INSTANCE_OBJECTS,
47333699/48872.923,left_right,INSUFFICIENT_SINGLE_INSTANCE_OBJECTS,
47333699/48889.933,left_right,INSUFFICIENT_SINGLE_INSTANCE_OBJECTS,
47333746/54692.182,left_right,INSUFFICIENT_SINGLE_INSTANCE_OBJECTS,
47333746/54712.673,left_right,INSUFFICIENT_SINGLE_INSTANCE_OBJECTS,
47333746/54733.265,left_right,INSUFFICIENT_SINGLE_INSTANCE_OBJECTS,
47333746/54753.774,left_right,INSUFFICIENT_SINGLE_INSTANCE_OBJECTS,
47333746/54774.365,left_right,INSUFFICIENT_SINGLE_INSTANCE_OBJECTS,
47333746/54815.465,left_right,INSUFFICIENT_SINGLE_INSTANCE_OBJECTS,
47333754/55927.000,left_right,NO_PAIR_CLEARS_GATES,
47333754/55954.606,left_right,INSUFFICIENT_SINGLE_INSTANCE_OBJECTS,
47333754/55968.400,left_right,INSUFFICIENT_SINGLE_INSTANCE_OBJECTS,
47333762/55657.763,left_right,INSUFFICIENT_SINGLE_INSTANCE_OBJECTS,
47333762/55661.345,left_right,INSUFFICIENT_SINGLE_INSTANCE_OBJECTS,
47333762/55664.944,left_right,INSUFFICIENT_SINGLE_INSTANCE_OBJECTS,
47333771/58107.868,left_right,INSUFFICIENT_SINGLE_INSTANCE_OBJECTS,
47333786/48682.296,left_right,NO_PAIR_CLEARS_GATES,
47333786/48695.890,left_right,INSUFFICIENT_SINGLE_INSTANCE_OBJECTS,
47333786/48709.484,left_right,INSUFFICIENT_SINGLE_INSTANCE_OBJECTS,
47333801/51105.562,left_right,INSUFFICIENT_SINGLE_INSTANCE_OBJECTS,
47333801/51120.373,left_right,INSUFFICIENT_SINGLE_INSTANCE_OBJECTS,
47333801/51149.961,left_right,INSUFFICIENT_SINGLE_INSTANCE_OBJECTS,
47333801/51179.565,left_right,NO_PAIR_CLEARS_GATES,
47333815/51980.385,left_right,INSUFFICIENT_SINGLE_INSTANCE_OBJECTS,
47333815/51994.079,left_right,INSUFFICIENT_SINGLE_INSTANCE_OBJECTS,
47333815/52021.385,left_right,INSUFFICIENT_SINGLE_INSTANCE_OBJECTS,
47333815/52034.979,left_right,INSUFFICIENT_SINGLE_INSTANCE_OBJECTS,
47333815/52048.674,left_right,INSUFFICIENT_SINGLE_INSTANCE_OBJECTS,
47333840/54049.888,left_right,INSUFFICIENT_SINGLE_INSTANCE_OBJECTS,
47333840/54062.583,left_right,INSUFFICIENT_SINGLE_INSTANCE_OBJECTS,
47333840/54100.684,left_right,INSUFFICIENT_SINGLE_INSTANCE_OBJECTS,
47333846/74832.350,left_right,INSUFFICIENT_SINGLE_INSTANCE_OBJECTS,
47333846/74851.842,left_right,INSUFFICIENT_SINGLE_INSTANCE_OBJECTS,
47333846/74861.538,left_right,INSUFFICIENT_SINGLE_INSTANCE_OBJECTS,
47333916/82379.253,left_right,INSUFFICIENT_SINGLE_INSTANCE_OBJECTS,
47333916/82432.964,left_right,INSUFFICIENT_SINGLE_INSTANCE_OBJECTS,
47333920/82639.564,left_right,INSUFFICIENT_SINGLE_INSTANCE_OBJECTS,
47333920/82655.257,left_right,INSUFFICIENT_SINGLE_INSTANCE_OBJECTS,
47333964/47372.580,left_right,INSUFFICIENT_SINGLE_INSTANCE_OBJECTS,
47333964/47384.975,left_right,INSUFFICIENT_SINGLE_INSTANCE_OBJECTS,
47333964/47389.073,left_right,INSUFFICIENT_SINGLE_INSTANCE_OBJECTS,
47334001/51156.450,left_right,NO_PAIR_CLEARS_GATES,
47334001/51171.261,left_right,INSUFFICIENT_SINGLE_INSTANCE_OBJECTS,
47334052/85565.258,left_right,INSUFFICIENT_SINGLE_INSTANCE_OBJECTS,
47334052/85605.159,left_right,INSUFFICIENT_SINGLE_INSTANCE_OBJECTS,
47334052/85631.748,left_right,INSUFFICIENT_SINGLE_INSTANCE_OBJECTS,
47334052/85645.060,left_right,INSUFFICIENT_SINGLE_INSTANCE_OBJECTS,
47334055/86006.706,left_right,INSUFFICIENT_SINGLE_INSTANCE_OBJECTS,
47334055/86037.010,left_right,INSUFFICIENT_SINGLE_INSTANCE_OBJECTS,
47334093/91868.737,left_right,INSUFFICIENT_SINGLE_INSTANCE_OBJECTS,
47334093/91882.832,left_right,INSUFFICIENT_SINGLE_INSTANCE_OBJECTS,
47334096/91968.930,left_right,INSUFFICIENT_SINGLE_INSTANCE_OBJECTS,
47334096/91982.425,left_right,INSUFFICIENT_SINGLE_INSTANCE_OBJECTS,
47334096/92009.531,left_right,INSUFFICIENT_SINGLE_INSTANCE_OBJECTS,
47334096/92050.131,left_right,INSUFFICIENT_SINGLE_INSTANCE_OBJECTS,
47334103/92716.354,left_right,INSUFFICIENT_SINGLE_INSTANCE_OBJECTS,
47334103/92727.349,left_right,INSUFFICIENT_SINGLE_INSTANCE_OBJECTS,
47334103/92760.253,left_right,INSUFFICIENT_SINGLE_INSTANCE_OBJECTS,
47334107/93471.696,left_right,INSUFFICIENT_SINGLE_INSTANCE_OBJECTS,
47334107/93480.093,left_right,INSUFFICIENT_SINGLE_INSTANCE_OBJECTS,
47334107/93497.003,left_right,INSUFFICIENT_SINGLE_INSTANCE_OBJECTS,
47334167/349299.489,left_right,INSUFFICIENT_SINGLE_INSTANCE_OBJECTS,
47334189/354678.278,left_right,INSUFFICIENT_SINGLE_INSTANCE_OBJECTS,
47334189/354687.175,left_right,NO_PAIR_CLEARS_GATES,
47334189/354696.188,left_right,INSUFFICIENT_SINGLE_INSTANCE_OBJECTS,
47334189/354714.080,left_right,INSUFFICIENT_SINGLE_INSTANCE_OBJECTS,
47334189/354723.077,left_right,INSUFFICIENT_SINGLE_INSTANCE_OBJECTS,
47334189/354740.986,left_right,INSUFFICIENT_SINGLE_INSTANCE_OBJECTS,
47334237/109454.683,left_right,INSUFFICIENT_SINGLE_INSTANCE_OBJECTS,
47334237/109570.969,left_right,INSUFFICIENT_SINGLE_INSTANCE_OBJECTS,
47334239/111110.821,left_right,INSUFFICIENT_SINGLE_INSTANCE_OBJECTS,
47334239/111117.718,left_right,INSUFFICIENT_SINGLE_INSTANCE_OBJECTS,
47334239/111138.426,left_right,INSUFFICIENT_SINGLE_INSTANCE_OBJECTS,
47334267/156669.196,left_right,INSUFFICIENT_SINGLE_INSTANCE_OBJECTS,
47334267/156690.887,left_right,NO_PAIR_CLEARS_GATES,
47334267/156712.595,left_right,INSUFFICIENT_SINGLE_INSTANCE_OBJECTS,
47334267/156734.286,left_right,INSUFFICIENT_SINGLE_INSTANCE_OBJECTS,
47334267/156755.894,left_right,INSUFFICIENT_SINGLE_INSTANCE_OBJECTS,
47334311/66140.726,left_right,INSUFFICIENT_SINGLE_INSTANCE_OBJECTS,
47334311/66186.908,left_right,INSUFFICIENT_SINGLE_INSTANCE_OBJECTS,
47334341/74726.790,left_right,INSUFFICIENT_SINGLE_INSTANCE_OBJECTS,
47334341/74733.587,left_right,INSUFFICIENT_SINGLE_INSTANCE_OBJECTS,
47334341/74740.284,left_right,INSUFFICIENT_SINGLE_INSTANCE_OBJECTS,
47334341/74747.082,left_right,INSUFFICIENT_SINGLE_INSTANCE_OBJECTS,
47334341/74753.779,left_right,INSUFFICIENT_SINGLE_INSTANCE_OBJECTS,
47334341/74760.576,left_right,INSUFFICIENT_SINGLE_INSTANCE_OBJECTS,
47334341/74767.290,left_right,INSUFFICIENT_SINGLE_INSTANCE_OBJECTS,
47334356/77540.356,left_right,INSUFFICIENT_SINGLE_INSTANCE_OBJECTS,
47334356/77548.752,left_right,NO_PAIR_CLEARS_GATES,
47334356/77552.950,left_right,INSUFFICIENT_SINGLE_INSTANCE_OBJECTS,
47334392/65821.943,left_right,INSUFFICIENT_SINGLE_INSTANCE_OBJECTS,
47334392/65838.636,left_right,INSUFFICIENT_SINGLE_INSTANCE_OBJECTS,
47334392/65905.442,left_right,INSUFFICIENT_SINGLE_INSTANCE_OBJECTS,
47334469/102500.767,left_right,NO_PAIR_CLEARS_GATES,
47334469/102507.964,left_right,INSUFFICIENT_SINGLE_INSTANCE_OBJECTS,
47334469/102522.558,left_right,INSUFFICIENT_SINGLE_INSTANCE_OBJECTS,
47334469/102529.756,left_right,INSUFFICIENT_SINGLE_INSTANCE_OBJECTS,
47334482/103390.827,left_right,INSUFFICIENT_SINGLE_INSTANCE_OBJECTS,
47334482/103395.741,left_right,INSUFFICIENT_SINGLE_INSTANCE_OBJECTS,
47334482/103405.737,left_right,INSUFFICIENT_SINGLE_INSTANCE_OBJECTS,
47334482/103415.633,left_right,INSUFFICIENT_SINGLE_INSTANCE_OBJECTS,
47334487/104532.039,left_right,INSUFFICIENT_SINGLE_INSTANCE_OBJECTS,
47334487/104551.631,left_right,INSUFFICIENT_SINGLE_INSTANCE_OBJECTS,
47334487/104558.145,left_right,INSUFFICIENT_SINGLE_INSTANCE_OBJECTS,
47334552/67943.067,left_right,INSUFFICIENT_SINGLE_INSTANCE_OBJECTS,
47334552/67946.748,left_right,INSUFFICIENT_SINGLE_INSTANCE_OBJECTS,
47334552/67957.944,left_right,NO_PAIR_CLEARS_GATES,
47334552/67961.642,left_right,INSUFFICIENT_SINGLE_INSTANCE_OBJECTS,
47334552/67965.441,left_right,INSUFFICIENT_SINGLE_INSTANCE_OBJECTS,
47334552/67969.139,left_right,INSUFFICIENT_SINGLE_INSTANCE_OBJECTS,
47334559/68600.247,left_right,INSUFFICIENT_SINGLE_INSTANCE_OBJECTS,
47334559/68608.044,left_right,INSUFFICIENT_SINGLE_INSTANCE_OBJECTS,
47334559/68615.841,left_right,INSUFFICIENT_SINGLE_INSTANCE_OBJECTS,
47334566/68534.541,left_right,NO_PAIR_CLEARS_GATES,
47334566/68539.539,left_right,INSUFFICIENT_SINGLE_INSTANCE_OBJECTS,
47334566/68544.636,left_right,INSUFFICIENT_SINGLE_INSTANCE_OBJECTS,
47334589/165862.432,left_right,INSUFFICIENT_SINGLE_INSTANCE_OBJECTS,
47334589/165873.527,left_right,INSUFFICIENT_SINGLE_INSTANCE_OBJECTS,
47334589/165884.639,left_right,INSUFFICIENT_SINGLE_INSTANCE_OBJECTS,
47334608/384969.376,left_right,INSUFFICIENT_SINGLE_INSTANCE_OBJECTS,
47334608/384975.773,left_right,INSUFFICIENT_SINGLE_INSTANCE_OBJECTS,
47334615/385584.847,left_right,INSUFFICIENT_SINGLE_INSTANCE_OBJECTS,
47334615/385609.737,left_right,INSUFFICIENT_SINGLE_INSTANCE_OBJECTS,
47334615/385634.543,left_right,INSUFFICIENT_SINGLE_INSTANCE_OBJECTS,
47334615/385647.038,left_right,INSUFFICIENT_SINGLE_INSTANCE_OBJECTS,
47334629/386409.751,left_right,INSUFFICIENT_SINGLE_INSTANCE_OBJECTS,
47334647/388869.803,left_right,INSUFFICIENT_SINGLE_INSTANCE_OBJECTS,
47334647/388896.192,left_right,INSUFFICIENT_SINGLE_INSTANCE_OBJECTS,
47334655/389716.268,left_right,INSUFFICIENT_SINGLE_INSTANCE_OBJECTS,
47334655/389722.165,left_right,INSUFFICIENT_SINGLE_INSTANCE_OBJECTS,
47334714/533674.300,left_right,INSUFFICIENT_SINGLE_INSTANCE_OBJECTS,
47334760/421773.253,left_right,INSUFFICIENT_SINGLE_INSTANCE_OBJECTS,
47334760/421807.756,left_right,INSUFFICIENT_SINGLE_INSTANCE_OBJECTS,
47334783/426493.190,left_right,INSUFFICIENT_SINGLE_INSTANCE_OBJECTS,
47334783/426502.487,left_right,INSUFFICIENT_SINGLE_INSTANCE_OBJECTS,
47334783/426507.085,left_right,INSUFFICIENT_SINGLE_INSTANCE_OBJECTS,
47334783/426516.398,left_right,INSUFFICIENT_SINGLE_INSTANCE_OBJECTS,
47334783/426520.996,left_right,INSUFFICIENT_SINGLE_INSTANCE_OBJECTS,
47334837/613711.294,left_right,INSUFFICIENT_SINGLE_INSTANCE_OBJECTS,
47334837/613716.276,left_right,INSUFFICIENT_SINGLE_INSTANCE_OBJECTS,
47334837/613726.272,left_right,INSUFFICIENT_SINGLE_INSTANCE_OBJECTS,
47334837/613731.270,left_right,INSUFFICIENT_SINGLE_INSTANCE_OBJECTS,
47334837/613746.280,left_right,INSUFFICIENT_SINGLE_INSTANCE_OBJECTS,
47334868/620635.539,left_right,NO_PAIR_CLEARS_GATES,
47334868/620641.337,left_right,NO_PAIR_CLEARS_GATES,
47334868/620647.135,left_right,INSUFFICIENT_SINGLE_INSTANCE_OBJECTS,
47334868/620652.932,left_right,INSUFFICIENT_SINGLE_INSTANCE_OBJECTS,
47334868/620664.544,left_right,INSUFFICIENT_SINGLE_INSTANCE_OBJECTS,
47334868/620670.342,left_right,INSUFFICIENT_SINGLE_INSTANCE_OBJECTS,
47334871/620618.446,left_right,INSUFFICIENT_SINGLE_INSTANCE_OBJECTS,
47334871/620619.846,left_right,INSUFFICIENT_SINGLE_INSTANCE_OBJECTS,
47334871/620621.245,left_right,INSUFFICIENT_SINGLE_INSTANCE_OBJECTS,
47334871/620622.544,left_right,INSUFFICIENT_SINGLE_INSTANCE_OBJECTS,
47334871/620623.944,left_right,INSUFFICIENT_SINGLE_INSTANCE_OBJECTS,
47334883/622603.922,left_right,INSUFFICIENT_SINGLE_INSTANCE_OBJECTS,
47334883/622614.201,left_right,INSUFFICIENT_SINGLE_INSTANCE_OBJECTS,
47334883/622624.614,left_right,INSUFFICIENT_SINGLE_INSTANCE_OBJECTS,
47334883/622629.812,left_right,INSUFFICIENT_SINGLE_INSTANCE_OBJECTS,
47334883/622635.010,left_right,INSUFFICIENT_SINGLE_INSTANCE_OBJECTS,
47334912/1089932.890,left_right,INSUFFICIENT_SINGLE_INSTANCE_OBJECTS,
47334912/1089965.194,left_right,INSUFFICIENT_SINGLE_INSTANCE_OBJECTS,
47334912/1089997.381,left_right,INSUFFICIENT_SINGLE_INSTANCE_OBJECTS,
47334912/1090013.491,left_right,INSUFFICIENT_SINGLE_INSTANCE_OBJECTS,
47334938/663130.016,left_right,INSUFFICIENT_SINGLE_INSTANCE_OBJECTS,
47334938/663140.912,left_right,INSUFFICIENT_SINGLE_INSTANCE_OBJECTS,
47334938/663151.807,left_right,INSUFFICIENT_SINGLE_INSTANCE_OBJECTS,
47334957/667442.902,left_right,INSUFFICIENT_SINGLE_INSTANCE_OBJECTS,
47334957/667449.799,left_right,INSUFFICIENT_SINGLE_INSTANCE_OBJECTS,
47334957/667470.591,left_right,INSUFFICIENT_SINGLE_INSTANCE_OBJECTS,
47334957/667477.605,left_right,INSUFFICIENT_SINGLE_INSTANCE_OBJECTS,
47429773/359913.154,left_right,INSUFFICIENT_SINGLE_INSTANCE_OBJECTS,
47429773/359931.347,left_right,INSUFFICIENT_SINGLE_INSTANCE_OBJECTS,
47429773/359940.443,left_right,INSUFFICIENT_SINGLE_INSTANCE_OBJECTS,
47429773/359949.639,left_right,INSUFFICIENT_SINGLE_INSTANCE_OBJECTS,
47429773/359967.849,left_right,INSUFFICIENT_SINGLE_INSTANCE_OBJECTS,
47429774/360074.255,left_right,INSUFFICIENT_SINGLE_INSTANCE_OBJECTS,
47429774/360080.136,left_right,NO_PAIR_CLEARS_GATES,
47429774/360086.034,left_right,INSUFFICIENT_SINGLE_INSTANCE_OBJECTS,
47429774/360092.048,left_right,INSUFFICIENT_SINGLE_INSTANCE_OBJECTS,
47429774/360109.841,left_right,INSUFFICIENT_SINGLE_INSTANCE_OBJECTS,
47429806/739378.814,left_right,INSUFFICIENT_SINGLE_INSTANCE_OBJECTS,
47429830/748515.843,left_right,INSUFFICIENT_SINGLE_INSTANCE_OBJECTS,
47429830/748542.249,left_right,INSUFFICIENT_SINGLE_INSTANCE_OBJECTS,
47429883/367991.543,left_right,INSUFFICIENT_SINGLE_INSTANCE_OBJECTS,
47429883/368011.351,left_right,INSUFFICIENT_SINGLE_INSTANCE_OBJECTS,
47429883/368031.243,left_right,INSUFFICIENT_SINGLE_INSTANCE_OBJECTS,
47429883/368051.035,left_right,INSUFFICIENT_SINGLE_INSTANCE_OBJECTS,
47429883/368090.736,left_right,INSUFFICIENT_SINGLE_INSTANCE_OBJECTS,
47429912/136057.389,left_right,NO_PAIR_CLEARS_GATES,
47429922/136645.347,left_right,INSUFFICIENT_SINGLE_INSTANCE_OBJECTS,
47429922/136659.841,left_right,INSUFFICIENT_SINGLE_INSTANCE_OBJECTS,
47430074/27342.504,left_right,INSUFFICIENT_SINGLE_INSTANCE_OBJECTS,
47430074/27352.699,left_right,INSUFFICIENT_SINGLE_INSTANCE_OBJECTS,
47430088/27818.084,left_right,NO_PAIR_CLEARS_GATES,
47430088/27823.282,left_right,INSUFFICIENT_SINGLE_INSTANCE_OBJECTS,
47430088/27828.479,left_right,INSUFFICIENT_SINGLE_INSTANCE_OBJECTS,
47430088/27838.875,left_right,INSUFFICIENT_SINGLE_INSTANCE_OBJECTS,
47430100/29156.201,left_right,INSUFFICIENT_SINGLE_INSTANCE_OBJECTS,
47430103/29103.772,left_right,INSUFFICIENT_SINGLE_INSTANCE_OBJECTS,
47430103/29107.171,left_right,NO_PAIR_CLEARS_GATES,
47430132/32688.860,left_right,INSUFFICIENT_SINGLE_INSTANCE_OBJECTS,
47430132/32694.058,left_right,INSUFFICIENT_SINGLE_INSTANCE_OBJECTS,
47430132/32704.471,left_right,INSUFFICIENT_SINGLE_INSTANCE_OBJECTS,
47430154/50912.628,left_right,INSUFFICIENT_SINGLE_INSTANCE_OBJECTS,
47430213/688574.074,left_right,INSUFFICIENT_SINGLE_INSTANCE_OBJECTS,
47430213/688605.261,left_right,INSUFFICIENT_SINGLE_INSTANCE_OBJECTS,
47430213/688611.559,left_right,INSUFFICIENT_SINGLE_INSTANCE_OBJECTS,
47430213/688617.773,left_right,INSUFFICIENT_SINGLE_INSTANCE_OBJECTS,
47430221/180199.821,left_right,INSUFFICIENT_SINGLE_INSTANCE_OBJECTS,
47430221/180210.216,left_right,NO_PAIR_CLEARS_GATES,
47430221/180241.420,left_right,INSUFFICIENT_SINGLE_INSTANCE_OBJECTS,
47430248/182319.405,left_right,INSUFFICIENT_SINGLE_INSTANCE_OBJECTS,
47430248/182350.093,left_right,NO_PAIR_CLEARS_GATES,
47430248/182380.697,left_right,INSUFFICIENT_SINGLE_INSTANCE_OBJECTS,
47430313/264682.960,left_right,INSUFFICIENT_SINGLE_INSTANCE_OBJECTS,
47430313/264705.368,left_right,INSUFFICIENT_SINGLE_INSTANCE_OBJECTS,
47430313/264727.859,left_right,NO_PAIR_CLEARS_GATES,
47430314/264804.461,left_right,INSUFFICIENT_SINGLE_INSTANCE_OBJECTS,
47430314/264826.069,left_right,INSUFFICIENT_SINGLE_INSTANCE_OBJECTS,
47430328/271311.808,left_right,INSUFFICIENT_SINGLE_INSTANCE_OBJECTS,
47430402/126553.115,left_right,INSUFFICIENT_SINGLE_INSTANCE_OBJECTS,
47430402/126558.313,left_right,INSUFFICIENT_SINGLE_INSTANCE_OBJECTS,
47430402/126563.511,left_right,INSUFFICIENT_SINGLE_INSTANCE_OBJECTS,
47430402/126568.809,left_right,INSUFFICIENT_SINGLE_INSTANCE_OBJECTS,
47430402/126574.007,left_right,INSUFFICIENT_SINGLE_INSTANCE_OBJECTS,
47430449/1705.355,left_right,INSUFFICIENT_SINGLE_INSTANCE_OBJECTS,
47430449/1727.162,left_right,INSUFFICIENT_SINGLE_INSTANCE_OBJECTS,
47430449/1749.054,left_right,INSUFFICIENT_SINGLE_INSTANCE_OBJECTS,
47430452/1889.464,left_right,INSUFFICIENT_SINGLE_INSTANCE_OBJECTS,
47430452/1938.661,left_right,INSUFFICIENT_SINGLE_INSTANCE_OBJECTS,
47430452/2012.464,left_right,INSUFFICIENT_SINGLE_INSTANCE_OBJECTS,
47430475/310611.772,left_right,INSUFFICIENT_SINGLE_INSTANCE_OBJECTS,
47430490/313725.380,left_right,INSUFFICIENT_SINGLE_INSTANCE_OBJECTS,
47430531/299798.549,left_right,INSUFFICIENT_SINGLE_INSTANCE_OBJECTS,
47430543/300564.966,left_right,NO_PAIR_CLEARS_GATES,
47430554/301334.176,left_right,INSUFFICIENT_SINGLE_INSTANCE_OBJECTS,
47430554/301349.369,left_right,INSUFFICIENT_SINGLE_INSTANCE_OBJECTS,
47430554/301356.966,left_right,INSUFFICIENT_SINGLE_INSTANCE_OBJECTS,
47430554/301364.580,left_right,INSUFFICIENT_SINGLE_INSTANCE_OBJECTS,
47430565/309803.494,left_right,INSUFFICIENT_SINGLE_INSTANCE_OBJECTS,
47430568/309761.994,left_right,INSUFFICIENT_SINGLE_INSTANCE_OBJECTS,
47430568/309771.807,left_right,INSUFFICIENT_SINGLE_INSTANCE_OBJECTS,
47430584/310700.931,left_right,INSUFFICIENT_SINGLE_INSTANCE_OBJECTS,
47430584/310707.745,left_right,NO_PAIR_CLEARS_GATES,
47430608/315183.347,left_right,INSUFFICIENT_SINGLE_INSTANCE_OBJECTS,
47430608/315202.139,left_right,INSUFFICIENT_SINGLE_INSTANCE_OBJECTS,
47430608/315211.635,left_right,INSUFFICIENT_SINGLE_INSTANCE_OBJECTS,
47430608/315221.031,left_right,INSUFFICIENT_SINGLE_INSTANCE_OBJECTS,
47430633/322684.844,left_right,INSUFFICIENT_SINGLE_INSTANCE_OBJECTS,
47430633/322692.941,left_right,INSUFFICIENT_SINGLE_INSTANCE_OBJECTS,
47430633/322700.937,left_right,INSUFFICIENT_SINGLE_INSTANCE_OBJECTS,
47430633/322708.951,left_right,INSUFFICIENT_SINGLE_INSTANCE_OBJECTS,
47430637/322959.097,left_right,INSUFFICIENT_SINGLE_INSTANCE_OBJECTS,
47430637/322962.796,left_right,INSUFFICIENT_SINGLE_INSTANCE_OBJECTS,
47430637/322966.494,left_right,INSUFFICIENT_SINGLE_INSTANCE_OBJECTS,
47430637/322970.293,left_right,INSUFFICIENT_SINGLE_INSTANCE_OBJECTS,
47430640/323025.087,left_right,INSUFFICIENT_SINGLE_INSTANCE_OBJECTS,
47430654/323898.044,left_right,INSUFFICIENT_SINGLE_INSTANCE_OBJECTS,
47430654/323907.940,left_right,NO_PAIR_CLEARS_GATES,
47430654/323911.139,left_right,NO_PAIR_CLEARS_GATES,
47430654/323917.736,left_right,INSUFFICIENT_SINGLE_INSTANCE_OBJECTS,
47430679/326488.797,left_right,INSUFFICIENT_SINGLE_INSTANCE_OBJECTS,
47430679/326493.895,left_right,NO_PAIR_CLEARS_GATES,
47430679/326504.191,left_right,INSUFFICIENT_SINGLE_INSTANCE_OBJECTS,
47430688/326913.547,left_right,INSUFFICIENT_SINGLE_INSTANCE_OBJECTS,
47430688/326924.543,left_right,INSUFFICIENT_SINGLE_INSTANCE_OBJECTS,
47430688/326930.140,left_right,INSUFFICIENT_SINGLE_INSTANCE_OBJECTS,
47430688/326946.733,left_right,INSUFFICIENT_SINGLE_INSTANCE_OBJECTS,
47430689/326879.628,left_right,INSUFFICIENT_SINGLE_INSTANCE_OBJECTS,
47430689/326886.842,left_right,INSUFFICIENT_SINGLE_INSTANCE_OBJECTS,
47430689/326890.540,left_right,INSUFFICIENT_SINGLE_INSTANCE_OBJECTS,
47430689/326894.139,left_right,NO_PAIR_CLEARS_GATES,
47430689/326897.737,left_right,INSUFFICIENT_SINGLE_INSTANCE_OBJECTS,
47430689/326901.336,left_right,INSUFFICIENT_SINGLE_INSTANCE_OBJECTS,
47430731/336088.077,left_right,INSUFFICIENT_SINGLE_INSTANCE_OBJECTS,
47430739/336587.453,left_right,INSUFFICIENT_SINGLE_INSTANCE_OBJECTS,
47430739/336597.049,left_right,NO_PAIR_CLEARS_GATES,
47430739/336606.645,left_right,INSUFFICIENT_SINGLE_INSTANCE_OBJECTS,
47430751/336937.155,left_right,INSUFFICIENT_SINGLE_INSTANCE_OBJECTS,
47430789/340419.420,left_right,INSUFFICIENT_SINGLE_INSTANCE_OBJECTS,
47430789/340426.517,left_right,INSUFFICIENT_SINGLE_INSTANCE_OBJECTS,
47430808/64034.724,left_right,INSUFFICIENT_SINGLE_INSTANCE_OBJECTS,
47430852/72656.717,left_right,INSUFFICIENT_SINGLE_INSTANCE_OBJECTS,
47430852/72664.314,left_right,INSUFFICIENT_SINGLE_INSTANCE_OBJECTS,
47430862/74298.617,left_right,INSUFFICIENT_SINGLE_INSTANCE_OBJECTS,
47430862/74302.516,left_right,INSUFFICIENT_SINGLE_INSTANCE_OBJECTS,
47430862/74310.313,left_right,INSUFFICIENT_SINGLE_INSTANCE_OBJECTS,
47430862/74318.109,left_right,INSUFFICIENT_SINGLE_INSTANCE_OBJECTS,
47430862/74322.008,left_right,INSUFFICIENT_SINGLE_INSTANCE_OBJECTS,
47430898/78230.542,left_right,INSUFFICIENT_SINGLE_INSTANCE_OBJECTS,
47430898/78241.155,left_right,INSUFFICIENT_SINGLE_INSTANCE_OBJECTS,
47430898/78251.750,left_right,INSUFFICIENT_SINGLE_INSTANCE_OBJECTS,
47430898/78257.048,left_right,INSUFFICIENT_SINGLE_INSTANCE_OBJECTS,
47430898/78262.346,left_right,INSUFFICIENT_SINGLE_INSTANCE_OBJECTS,
47430940/95441.389,left_right,INSUFFICIENT_SINGLE_INSTANCE_OBJECTS,
47430940/95446.304,left_right,INSUFFICIENT_SINGLE_INSTANCE_OBJECTS,
47430942/95480.690,left_right,INSUFFICIENT_SINGLE_INSTANCE_OBJECTS,
47431043/141626.473,left_right,NO_PAIR_CLEARS_GATES,
47431043/141633.770,left_right,INSUFFICIENT_SINGLE_INSTANCE_OBJECTS,
47431088/75870.673,left_right,INSUFFICIENT_SINGLE_INSTANCE_OBJECTS,
47431107/348271.796,left_right,INSUFFICIENT_SINGLE_INSTANCE_OBJECTS,
47431107/348282.508,left_right,NO_PAIR_CLEARS_GATES,
47431107/348286.007,left_right,NO_PAIR_CLEARS_GATES,
47431138/351192.088,left_right,INSUFFICIENT_SINGLE_INSTANCE_OBJECTS,
47431138/351200.801,left_right,INSUFFICIENT_SINGLE_INSTANCE_OBJECTS,
47431138/351205.199,left_right,INSUFFICIENT_SINGLE_INSTANCE_OBJECTS,
47431138/351209.598,left_right,INSUFFICIENT_SINGLE_INSTANCE_OBJECTS,
47431146/350775.575,left_right,INSUFFICIENT_SINGLE_INSTANCE_OBJECTS,
47431146/350785.588,left_right,INSUFFICIENT_SINGLE_INSTANCE_OBJECTS,
47431160/352063.860,left_right,INSUFFICIENT_SINGLE_INSTANCE_OBJECTS,
47431160/352069.841,left_right,INSUFFICIENT_SINGLE_INSTANCE_OBJECTS,
47431160/352072.940,left_right,INSUFFICIENT_SINGLE_INSTANCE_OBJECTS,
47431160/352075.938,left_right,INSUFFICIENT_SINGLE_INSTANCE_OBJECTS,
47431160/352085.035,left_right,INSUFFICIENT_SINGLE_INSTANCE_OBJECTS,
47431190/360351.186,left_right,INSUFFICIENT_SINGLE_INSTANCE_OBJECTS,
47431190/360356.084,left_right,INSUFFICIENT_SINGLE_INSTANCE_OBJECTS,
47431190/360360.982,left_right,INSUFFICIENT_SINGLE_INSTANCE_OBJECTS,
47431190/360365.880,left_right,INSUFFICIENT_SINGLE_INSTANCE_OBJECTS,
47431194/360430.187,left_right,INSUFFICIENT_SINGLE_INSTANCE_OBJECTS,
47431194/360437.384,left_right,INSUFFICIENT_SINGLE_INSTANCE_OBJECTS,
47431194/360444.581,left_right,INSUFFICIENT_SINGLE_INSTANCE_OBJECTS,
47431194/360458.892,left_right,INSUFFICIENT_SINGLE_INSTANCE_OBJECTS,
47431194/360466.089,left_right,INSUFFICIENT_SINGLE_INSTANCE_OBJECTS,
47431194/360473.286,left_right,INSUFFICIENT_SINGLE_INSTANCE_OBJECTS,
47669851/12475.387,left_right,INSUFFICIENT_SINGLE_INSTANCE_OBJECTS,
47669851/12487.665,left_right,INSUFFICIENT_SINGLE_INSTANCE_OBJECTS,
47669851/12512.272,left_right,INSUFFICIENT_SINGLE_INSTANCE_OBJECTS,
47669851/12524.567,left_right,INSUFFICIENT_SINGLE_INSTANCE_OBJECTS,
47669851/12536.878,left_right,INSUFFICIENT_SINGLE_INSTANCE_OBJECTS,
47669851/12561.468,left_right,INSUFFICIENT_SINGLE_INSTANCE_OBJECTS,
47669880/11154.733,left_right,INSUFFICIENT_SINGLE_INSTANCE_OBJECTS,
47669880/11247.729,left_right,INSUFFICIENT_SINGLE_INSTANCE_OBJECTS,
47669880/11271.020,left_right,INSUFFICIENT_SINGLE_INSTANCE_OBJECTS,
47669880/11294.228,left_right,INSUFFICIENT_SINGLE_INSTANCE_OBJECTS,
47669880/11317.518,left_right,INSUFFICIENT_SINGLE_INSTANCE_OBJECTS,
47669903/12200.344,left_right,INSUFFICIENT_SINGLE_INSTANCE_OBJECTS,
47669903/12245.343,left_right,INSUFFICIENT_SINGLE_INSTANCE_OBJECTS,
47669903/12275.248,left_right,INSUFFICIENT_SINGLE_INSTANCE_OBJECTS,
47669917/14101.282,left_right,INSUFFICIENT_SINGLE_INSTANCE_OBJECTS,
47669917/14129.987,left_right,NO_PAIR_CLEARS_GATES,
47669917/14141.483,left_right,INSUFFICIENT_SINGLE_INSTANCE_OBJECTS,
47669936/14785.213,left_right,INSUFFICIENT_SINGLE_INSTANCE_OBJECTS,
47669936/14802.407,left_right,INSUFFICIENT_SINGLE_INSTANCE_OBJECTS,
47669936/14814.002,left_right,INSUFFICIENT_SINGLE_INSTANCE_OBJECTS,
47669936/14825.497,left_right,INSUFFICIENT_SINGLE_INSTANCE_OBJECTS,
47669943/15197.252,left_right,INSUFFICIENT_SINGLE_INSTANCE_OBJECTS,
47669943/15222.558,left_right,INSUFFICIENT_SINGLE_INSTANCE_OBJECTS,
47669984/28922.414,left_right,INSUFFICIENT_SINGLE_INSTANCE_OBJECTS,
47669984/28931.310,left_right,INSUFFICIENT_SINGLE_INSTANCE_OBJECTS,
47669984/28940.107,left_right,INSUFFICIENT_SINGLE_INSTANCE_OBJECTS,
47669984/28957.816,left_right,NO_PAIR_CLEARS_GATES,
47669984/28966.612,left_right,NO_PAIR_CLEARS_GATES,
47670116/41758.108,left_right,INSUFFICIENT_SINGLE_INSTANCE_OBJECTS,
47670116/41766.104,left_right,INSUFFICIENT_SINGLE_INSTANCE_OBJECTS,
47670116/41782.198,left_right,INSUFFICIENT_SINGLE_INSTANCE_OBJECTS,
47670116/41790.194,left_right,INSUFFICIENT_SINGLE_INSTANCE_OBJECTS,
47670116/41798.208,left_right,INSUFFICIENT_SINGLE_INSTANCE_OBJECTS,
47670116/41806.204,left_right,INSUFFICIENT_SINGLE_INSTANCE_OBJECTS,
47670124/41652.018,left_right,INSUFFICIENT_SINGLE_INSTANCE_OBJECTS,
47670124/41657.100,left_right,INSUFFICIENT_SINGLE_INSTANCE_OBJECTS,
47670124/41682.906,left_right,INSUFFICIENT_SINGLE_INSTANCE_OBJECTS,
47670124/41688.003,left_right,INSUFFICIENT_SINGLE_INSTANCE_OBJECTS,
47670136/39943.906,left_right,INSUFFICIENT_SINGLE_INSTANCE_OBJECTS,
47670136/39949.287,left_right,INSUFFICIENT_SINGLE_INSTANCE_OBJECTS,
47670136/39970.995,left_right,INSUFFICIENT_SINGLE_INSTANCE_OBJECTS,
47670136/39976.393,left_right,INSUFFICIENT_SINGLE_INSTANCE_OBJECTS,
47670158/40642.463,left_right,INSUFFICIENT_SINGLE_INSTANCE_OBJECTS,
47670158/40682.447,left_right,INSUFFICIENT_SINGLE_INSTANCE_OBJECTS,
47670158/40702.456,left_right,NO_PAIR_CLEARS_GATES,
47670158/40762.548,left_right,INSUFFICIENT_SINGLE_INSTANCE_OBJECTS,
47670158/40782.557,left_right,NO_PAIR_CLEARS_GATES,
47670201/53309.629,left_right,INSUFFICIENT_SINGLE_INSTANCE_OBJECTS,
47670201/53316.126,left_right,NO_PAIR_CLEARS_GATES,
47670201/53322.723,left_right,INSUFFICIENT_SINGLE_INSTANCE_OBJECTS,
47670232/52819.001,left_right,INSUFFICIENT_SINGLE_INSTANCE_OBJECTS,
47670232/52828.997,left_right,INSUFFICIENT_SINGLE_INSTANCE_OBJECTS,
47670232/52832.396,left_right,INSUFFICIENT_SINGLE_INSTANCE_OBJECTS,
47670232/52835.695,left_right,INSUFFICIENT_SINGLE_INSTANCE_OBJECTS,
47670242/63535.535,left_right,INSUFFICIENT_SINGLE_INSTANCE_OBJECTS,
47670242/63566.822,left_right,INSUFFICIENT_SINGLE_INSTANCE_OBJECTS,
47670299/63473.861,left_right,INSUFFICIENT_SINGLE_INSTANCE_OBJECTS,
47670299/63477.943,left_right,INSUFFICIENT_SINGLE_INSTANCE_OBJECTS,
47670299/63482.058,left_right,NO_PAIR_CLEARS_GATES,
47670299/63494.353,left_right,INSUFFICIENT_SINGLE_INSTANCE_OBJECTS,
47670299/63502.550,left_right,INSUFFICIENT_SINGLE_INSTANCE_OBJECTS,
47895191/38672.250,left_right,NO_PAIR_CLEARS_GATES,
47895191/38718.648,left_right,INSUFFICIENT_SINGLE_INSTANCE_OBJECTS,
47895206/39978.969,left_right,INSUFFICIENT_SINGLE_INSTANCE_OBJECTS,
47895233/73797.008,left_right,INSUFFICIENT_SINGLE_INSTANCE_OBJECTS,
47895233/73817.899,left_right,INSUFFICIENT_SINGLE_INSTANCE_OBJECTS,
47895233/73838.707,left_right,INSUFFICIENT_SINGLE_INSTANCE_OBJECTS,
47895233/73849.203,left_right,INSUFFICIENT_SINGLE_INSTANCE_OBJECTS,
47895233/73859.599,left_right,INSUFFICIENT_SINGLE_INSTANCE_OBJECTS,
47895235/73905.313,left_right,INSUFFICIENT_SINGLE_INSTANCE_OBJECTS,
47895235/73927.604,left_right,INSUFFICIENT_SINGLE_INSTANCE_OBJECTS,
47895235/73938.700,left_right,INSUFFICIENT_SINGLE_INSTANCE_OBJECTS,
47895235/73949.812,left_right,INSUFFICIENT_SINGLE_INSTANCE_OBJECTS,
47895320/92456.419,left_right,INSUFFICIENT_SINGLE_INSTANCE_OBJECTS,
47895320/92512.613,left_right,NO_PAIR_CLEARS_GATES,
47895320/92550.114,left_right,NO_PAIR_CLEARS_GATES,
47895355/98836.236,left_right,INSUFFICIENT_SINGLE_INSTANCE_OBJECTS,
47895355/98863.425,left_right,INSUFFICIENT_SINGLE_INSTANCE_OBJECTS,
47895355/98890.631,left_right,NO_PAIR_CLEARS_GATES,
47895355/98917.837,left_right,INSUFFICIENT_SINGLE_INSTANCE_OBJECTS,
47895446/129348.200,left_right,INSUFFICIENT_SINGLE_INSTANCE_OBJECTS,
47895446/129359.212,left_right,INSUFFICIENT_SINGLE_INSTANCE_OBJECTS,
47895446/129370.107,left_right,INSUFFICIENT_SINGLE_INSTANCE_OBJECTS,
47895446/129381.103,left_right,INSUFFICIENT_SINGLE_INSTANCE_OBJECTS,
47895446/129392.098,left_right,INSUFFICIENT_SINGLE_INSTANCE_OBJECTS,
47895446/129403.011,left_right,INSUFFICIENT_SINGLE_INSTANCE_OBJECTS,
47895466/130415.917,left_right,INSUFFICIENT_SINGLE_INSTANCE_OBJECTS,
47895466/130423.131,left_right,INSUFFICIENT_SINGLE_INSTANCE_OBJECTS,
47895466/130430.228,left_right,INSUFFICIENT_SINGLE_INSTANCE_OBJECTS,
47895466/130437.425,left_right,INSUFFICIENT_SINGLE_INSTANCE_OBJECTS,
47895466/130451.719,left_right,INSUFFICIENT_SINGLE_INSTANCE_OBJECTS,
47895466/130458.916,left_right,INSUFFICIENT_SINGLE_INSTANCE_OBJECTS,
47895476/132590.133,left_right,NO_PAIR_CLEARS_GATES,
47895476/132606.943,left_right,INSUFFICIENT_SINGLE_INSTANCE_OBJECTS,
47895476/132623.736,left_right,INSUFFICIENT_SINGLE_INSTANCE_OBJECTS,
47895476/132640.629,left_right,INSUFFICIENT_SINGLE_INSTANCE_OBJECTS,
47895476/132691.042,left_right,INSUFFICIENT_SINGLE_INSTANCE_OBJECTS,
47895493/450851.374,left_right,INSUFFICIENT_SINGLE_INSTANCE_OBJECTS,
47895493/450856.072,left_right,INSUFFICIENT_SINGLE_INSTANCE_OBJECTS,
47895493/450865.385,left_right,INSUFFICIENT_SINGLE_INSTANCE_OBJECTS,
47895493/450874.682,left_right,INSUFFICIENT_SINGLE_INSTANCE_OBJECTS,
47895493/450879.380,left_right,NO_PAIR_CLEARS_GATES,
47895542/455830.224,left_right,INSUFFICIENT_SINGLE_INSTANCE_OBJECTS,
47895542/455845.302,left_right,NO_PAIR_CLEARS_GATES,
47895542/455850.400,left_right,INSUFFICIENT_SINGLE_INSTANCE_OBJECTS,
47895542/455855.398,left_right,INSUFFICIENT_SINGLE_INSTANCE_OBJECTS,
47895542/455860.512,left_right,NO_PAIR_CLEARS_GATES,
47895542/455865.510,left_right,INSUFFICIENT_SINGLE_INSTANCE_OBJECTS,
47895571/1153697.067,left_right,INSUFFICIENT_SINGLE_INSTANCE_OBJECTS,
47895571/1153714.460,left_right,INSUFFICIENT_SINGLE_INSTANCE_OBJECTS,
47895571/1153731.953,left_right,INSUFFICIENT_SINGLE_INSTANCE_OBJECTS,
47895571/1153740.650,left_right,INSUFFICIENT_SINGLE_INSTANCE_OBJECTS,
47895571/1153758.159,left_right,INSUFFICIENT_SINGLE_INSTANCE_OBJECTS,
47895576/1155383.553,left_right,INSUFFICIENT_SINGLE_INSTANCE_OBJECTS,
47895608/469905.880,left_right,INSUFFICIENT_SINGLE_INSTANCE_OBJECTS,
47895614/470349.027,left_right,INSUFFICIENT_SINGLE_INSTANCE_OBJECTS,
47895614/470377.615,left_right,INSUFFICIENT_SINGLE_INSTANCE_OBJECTS,
47895614/470391.909,left_right,INSUFFICIENT_SINGLE_INSTANCE_OBJECTS,
47895614/470406.220,left_right,INSUFFICIENT_SINGLE_INSTANCE_OBJECTS,
47895614/470420.514,left_right,INSUFFICIENT_SINGLE_INSTANCE_OBJECTS,
47895656/368604.280,left_right,INSUFFICIENT_SINGLE_INSTANCE_OBJECTS,
47895656/368607.379,left_right,INSUFFICIENT_SINGLE_INSTANCE_OBJECTS,
47895672/369289.292,left_right,INSUFFICIENT_SINGLE_INSTANCE_OBJECTS,
47895672/369292.991,left_right,INSUFFICIENT_SINGLE_INSTANCE_OBJECTS,
47895672/369300.488,left_right,INSUFFICIENT_SINGLE_INSTANCE_OBJECTS,
47895672/369304.286,left_right,INSUFFICIENT_SINGLE_INSTANCE_OBJECTS,
47895678/370093.479,left_right,INSUFFICIENT_SINGLE_INSTANCE_OBJECTS,
47895678/370096.577,left_right,NO_PAIR_CLEARS_GATES,
47895678/370099.676,left_right,INSUFFICIENT_SINGLE_INSTANCE_OBJECTS,
47895678/370102.775,left_right,INSUFFICIENT_SINGLE_INSTANCE_OBJECTS,
47895678/370105.873,left_right,INSUFFICIENT_SINGLE_INSTANCE_OBJECTS,
47895732/384532.931,left_right,INSUFFICIENT_SINGLE_INSTANCE_OBJECTS,
47895732/384548.924,left_right,INSUFFICIENT_SINGLE_INSTANCE_OBJECTS,
47895732/384556.921,left_right,INSUFFICIENT_SINGLE_INSTANCE_OBJECTS,
47895732/384564.934,left_right,INSUFFICIENT_SINGLE_INSTANCE_OBJECTS,
47895732/384572.931,left_right,INSUFFICIENT_SINGLE_INSTANCE_OBJECTS,
47895740/384939.845,left_right,INSUFFICIENT_SINGLE_INSTANCE_OBJECTS,
47895740/384943.343,left_right,INSUFFICIENT_SINGLE_INSTANCE_OBJECTS,
47895740/384946.842,left_right,INSUFFICIENT_SINGLE_INSTANCE_OBJECTS,
47895743/385152.051,left_right,INSUFFICIENT_SINGLE_INSTANCE_OBJECTS,
47895743/385155.650,left_right,INSUFFICIENT_SINGLE_INSTANCE_OBJECTS,
47895743/385162.947,left_right,INSUFFICIENT_SINGLE_INSTANCE_OBJECTS,
47895745/385191.252,left_right,INSUFFICIENT_SINGLE_INSTANCE_OBJECTS,
47895745/385194.350,left_right,INSUFFICIENT_SINGLE_INSTANCE_OBJECTS,
47895816/685871.362,left_right,INSUFFICIENT_SINGLE_INSTANCE_OBJECTS,
47895816/685877.959,left_right,NO_PAIR_CLEARS_GATES,
47895816/685891.154,left_right,INSUFFICIENT_SINGLE_INSTANCE_OBJECTS,
47895816/685904.448,left_right,INSUFFICIENT_SINGLE_INSTANCE_OBJECTS,
47895824/1219916.989,left_right,NO_PAIR_CLEARS_GATES,
47895824/1219924.186,left_right,INSUFFICIENT_SINGLE_INSTANCE_OBJECTS,
47895824/1219931.283,left_right,INSUFFICIENT_SINGLE_INSTANCE_OBJECTS,
47895824/1219938.397,left_right,INSUFFICIENT_SINGLE_INSTANCE_OBJECTS,
47895824/1219945.494,left_right,INSUFFICIENT_SINGLE_INSTANCE_OBJECTS,
47895830/1221797.836,left_right,INSUFFICIENT_SINGLE_INSTANCE_OBJECTS,
47895871/489408.215,left_right,INSUFFICIENT_SINGLE_INSTANCE_OBJECTS,
47895871/489419.394,left_right,NO_PAIR_CLEARS_GATES,
47895871/489453.097,left_right,INSUFFICIENT_SINGLE_INSTANCE_OBJECTS,
47895871/489464.292,left_right,INSUFFICIENT_SINGLE_INSTANCE_OBJECTS,
47895871/489486.700,left_right,INSUFFICIENT_SINGLE_INSTANCE_OBJECTS,
47895891/492779.622,left_right,INSUFFICIENT_SINGLE_INSTANCE_OBJECTS,
47895891/492810.926,left_right,INSUFFICIENT_SINGLE_INSTANCE_OBJECTS,
47895946/404932.007,left_right,INSUFFICIENT_SINGLE_INSTANCE_OBJECTS,
47895946/404936.188,left_right,INSUFFICIENT_SINGLE_INSTANCE_OBJECTS,
47895946/404940.486,left_right,INSUFFICIENT_SINGLE_INSTANCE_OBJECTS,
47895946/404944.685,left_right,NO_PAIR_CLEARS_GATES,
47895946/404949.000,left_right,INSUFFICIENT_SINGLE_INSTANCE_OBJECTS,
47895946/404953.298,left_right,INSUFFICIENT_SINGLE_INSTANCE_OBJECTS,
47895951/405007.792,left_right,INSUFFICIENT_SINGLE_INSTANCE_OBJECTS,
47895962/406750.912,left_right,INSUFFICIENT_SINGLE_INSTANCE_OBJECTS,
47895962/406762.707,left_right,INSUFFICIENT_SINGLE_INSTANCE_OBJECTS,
48017887/80024.016,left_right,INSUFFICIENT_SINGLE_INSTANCE_OBJECTS,
48017887/80053.721,left_right,INSUFFICIENT_SINGLE_INSTANCE_OBJECTS,
48017887/80073.429,left_right,INSUFFICIENT_SINGLE_INSTANCE_OBJECTS,
48017892/80799.792,left_right,INSUFFICIENT_SINGLE_INSTANCE_OBJECTS,
48017892/80801.174,left_right,INSUFFICIENT_SINGLE_INSTANCE_OBJECTS,
48017892/80805.572,left_right,INSUFFICIENT_SINGLE_INSTANCE_OBJECTS,
48017892/80806.972,left_right,INSUFFICIENT_SINGLE_INSTANCE_OBJECTS,
48017950/455694.836,left_right,INSUFFICIENT_SINGLE_INSTANCE_OBJECTS,
48017950/455706.315,left_right,INSUFFICIENT_SINGLE_INSTANCE_OBJECTS,
48017950/455712.113,left_right,INSUFFICIENT_SINGLE_INSTANCE_OBJECTS,
48017950/455717.927,left_right,NO_PAIR_CLEARS_GATES,
48017950/455723.725,left_right,INSUFFICIENT_SINGLE_INSTANCE_OBJECTS,
48018012/458814.897,left_right,INSUFFICIENT_SINGLE_INSTANCE_OBJECTS,
48018012/458824.293,left_right,NO_PAIR_CLEARS_GATES,
48018013/459235.775,left_right,INSUFFICIENT_SINGLE_INSTANCE_OBJECTS,
48018013/459240.190,left_right,INSUFFICIENT_SINGLE_INSTANCE_OBJECTS,
48018079/103500.741,left_right,NO_PAIR_CLEARS_GATES,
48018079/103529.429,left_right,INSUFFICIENT_SINGLE_INSTANCE_OBJECTS,
48018079/103538.942,left_right,INSUFFICIENT_SINGLE_INSTANCE_OBJECTS,
48018079/103548.538,left_right,INSUFFICIENT_SINGLE_INSTANCE_OBJECTS,
48018089/104013.041,left_right,INSUFFICIENT_SINGLE_INSTANCE_OBJECTS,
48018115/368409.647,left_right,INSUFFICIENT_SINGLE_INSTANCE_OBJECTS,
48018115/368417.844,left_right,INSUFFICIENT_SINGLE_INSTANCE_OBJECTS,
48018122/369204.574,left_right,INSUFFICIENT_SINGLE_INSTANCE_OBJECTS,
48018122/369216.769,left_right,INSUFFICIENT_SINGLE_INSTANCE_OBJECTS,
48018122/369228.864,left_right,INSUFFICIENT_SINGLE_INSTANCE_OBJECTS,
48018122/369253.271,left_right,INSUFFICIENT_SINGLE_INSTANCE_OBJECTS,
48018127/369128.573,left_right,INSUFFICIENT_SINGLE_INSTANCE_OBJECTS,
48018127/369136.170,left_right,INSUFFICIENT_SINGLE_INSTANCE_OBJECTS,
48018127/369151.463,left_right,INSUFFICIENT_SINGLE_INSTANCE_OBJECTS,
48018127/369166.873,left_right,INSUFFICIENT_SINGLE_INSTANCE_OBJECTS,
48018165/374994.211,left_right,INSUFFICIENT_SINGLE_INSTANCE_OBJECTS,
48018165/375003.391,left_right,INSUFFICIENT_SINGLE_INSTANCE_OBJECTS,
48018165/375005.690,left_right,INSUFFICIENT_SINGLE_INSTANCE_OBJECTS,
48018165/375007.989,left_right,INSUFFICIENT_SINGLE_INSTANCE_OBJECTS,
48018165/375010.305,left_right,INSUFFICIENT_SINGLE_INSTANCE_OBJECTS,
48018228/468955.730,left_right,INSUFFICIENT_SINGLE_INSTANCE_OBJECTS,
48018228/468968.325,left_right,INSUFFICIENT_SINGLE_INSTANCE_OBJECTS,
48018228/468972.023,left_right,INSUFFICIENT_SINGLE_INSTANCE_OBJECTS,
48018228/468975.822,left_right,INSUFFICIENT_SINGLE_INSTANCE_OBJECTS,
48018228/468986.917,left_right,INSUFFICIENT_SINGLE_INSTANCE_OBJECTS,
48018238/469341.070,left_right,INSUFFICIENT_SINGLE_INSTANCE_OBJECTS,
48018238/469347.867,left_right,INSUFFICIENT_SINGLE_INSTANCE_OBJECTS,
48018252/470170.748,left_right,INSUFFICIENT_SINGLE_INSTANCE_OBJECTS,
48018252/470179.628,left_right,INSUFFICIENT_SINGLE_INSTANCE_OBJECTS,
48018252/470188.524,left_right,NO_PAIR_CLEARS_GATES,
48018252/470193.039,left_right,NO_PAIR_CLEARS_GATES,
48018252/470197.437,left_right,INSUFFICIENT_SINGLE_INSTANCE_OBJECTS,
48018286/799446.029,left_right,NO_PAIR_CLEARS_GATES,
48018286/799469.636,left_right,INSUFFICIENT_SINGLE_INSTANCE_OBJECTS,
48018291/800064.728,left_right,INSUFFICIENT_SINGLE_INSTANCE_OBJECTS,
48018291/800077.423,left_right,INSUFFICIENT_SINGLE_INSTANCE_OBJECTS,
48018291/800096.432,left_right,INSUFFICIENT_SINGLE_INSTANCE_OBJECTS,
48018315/109657.664,left_right,INSUFFICIENT_SINGLE_INSTANCE_OBJECTS,
48018347/388729.848,left_right,NO_PAIR_CLEARS_GATES,
48018347/388735.645,left_right,NO_PAIR_CLEARS_GATES,
48018347/388747.240,left_right,INSUFFICIENT_SINGLE_INSTANCE_OBJECTS,
48018347/388764.533,left_right,INSUFFICIENT_SINGLE_INSTANCE_OBJECTS,
48018360/389165.451,left_right,INSUFFICIENT_SINGLE_INSTANCE_OBJECTS,
48018360/389169.949,left_right,INSUFFICIENT_SINGLE_INSTANCE_OBJECTS,
48018360/389174.547,left_right,NO_PAIR_CLEARS_GATES,
48018386/390431.435,left_right,NO_PAIR_CLEARS_GATES,
48018412/394255.149,left_right,INSUFFICIENT_SINGLE_INSTANCE_OBJECTS,
48018412/394277.640,left_right,INSUFFICIENT_SINGLE_INSTANCE_OBJECTS,
48018426/395597.234,left_right,INSUFFICIENT_SINGLE_INSTANCE_OBJECTS,
48018426/395619.525,left_right,INSUFFICIENT_SINGLE_INSTANCE_OBJECTS,
48018426/395641.816,left_right,INSUFFICIENT_SINGLE_INSTANCE_OBJECTS,
48018426/395664.123,left_right,INSUFFICIENT_SINGLE_INSTANCE_OBJECTS,
48018455/527112.774,left_right,INSUFFICIENT_SINGLE_INSTANCE_OBJECTS,
48018455/527124.969,left_right,INSUFFICIENT_SINGLE_INSTANCE_OBJECTS,
48018486/529030.590,left_right,INSUFFICIENT_SINGLE_INSTANCE_OBJECTS,
48018486/529046.883,left_right,INSUFFICIENT_SINGLE_INSTANCE_OBJECTS,
48018486/529050.981,left_right,INSUFFICIENT_SINGLE_INSTANCE_OBJECTS,
48018531/823386.302,left_right,INSUFFICIENT_SINGLE_INSTANCE_OBJECTS,
48018531/823403.695,left_right,INSUFFICIENT_SINGLE_INSTANCE_OBJECTS,
48018531/823412.391,left_right,INSUFFICIENT_SINGLE_INSTANCE_OBJECTS,
48018531/823421.088,left_right,INSUFFICIENT_SINGLE_INSTANCE_OBJECTS,
48018542/829029.991,left_right,NO_PAIR_CLEARS_GATES,
48018549/830137.842,left_right,INSUFFICIENT_SINGLE_INSTANCE_OBJECTS,
48018549/830147.138,left_right,INSUFFICIENT_SINGLE_INSTANCE_OBJECTS,
48018559/3352.145,left_right,INSUFFICIENT_SINGLE_INSTANCE_OBJECTS,
48018559/3362.441,left_right,INSUFFICIENT_SINGLE_INSTANCE_OBJECTS,
48018559/3367.639,left_right,INSUFFICIENT_SINGLE_INSTANCE_OBJECTS,
48018559/3377.952,left_right,INSUFFICIENT_SINGLE_INSTANCE_OBJECTS,
48018560/3394.762,left_right,INSUFFICIENT_SINGLE_INSTANCE_OBJECTS,
48018560/3406.640,left_right,NO_PAIR_CLEARS_GATES,
48018560/3418.652,left_right,INSUFFICIENT_SINGLE_INSTANCE_OBJECTS,
48018560/3430.647,left_right,INSUFFICIENT_SINGLE_INSTANCE_OBJECTS,
48018634/635904.405,left_right,INSUFFICIENT_SINGLE_INSTANCE_OBJECTS,
48018634/635914.401,left_right,INSUFFICIENT_SINGLE_INSTANCE_OBJECTS,
48018634/635924.497,left_right,INSUFFICIENT_SINGLE_INSTANCE_OBJECTS,
48018634/635934.593,left_right,INSUFFICIENT_SINGLE_INSTANCE_OBJECTS,
48018634/635954.784,left_right,INSUFFICIENT_SINGLE_INSTANCE_OBJECTS,
48018634/635964.897,left_right,INSUFFICIENT_SINGLE_INSTANCE_OBJECTS,
48018634/635974.993,left_right,INSUFFICIENT_SINGLE_INSTANCE_OBJECTS,
48018697/544852.251,left_right,INSUFFICIENT_SINGLE_INSTANCE_OBJECTS,
48018697/544861.564,left_right,INSUFFICIENT_SINGLE_INSTANCE_OBJECTS,
48018697/544870.960,left_right,INSUFFICIENT_SINGLE_INSTANCE_OBJECTS,
48018697/544880.256,left_right,INSUFFICIENT_SINGLE_INSTANCE_OBJECTS,
48018697/544889.553,left_right,INSUFFICIENT_SINGLE_INSTANCE_OBJECTS,
48018713/546140.654,left_right,INSUFFICIENT_SINGLE_INSTANCE_OBJECTS,
48018713/546144.852,left_right,INSUFFICIENT_SINGLE_INSTANCE_OBJECTS,
48018713/546149.051,left_right,INSUFFICIENT_SINGLE_INSTANCE_OBJECTS,
48018713/546153.249,left_right,INSUFFICIENT_SINGLE_INSTANCE_OBJECTS,
48018730/1682.968,left_right,INSUFFICIENT_SINGLE_INSTANCE_OBJECTS,
48018730/1726.667,left_right,INSUFFICIENT_SINGLE_INSTANCE_OBJECTS,
48018730/1770.366,left_right,INSUFFICIENT_SINGLE_INSTANCE_OBJECTS,
48018741/3393.125,left_right,INSUFFICIENT_SINGLE_INSTANCE_OBJECTS,
48018760/15047.575,left_right,INSUFFICIENT_SINGLE_INSTANCE_OBJECTS,
48018760/15111.565,left_right,INSUFFICIENT_SINGLE_INSTANCE_OBJECTS,
48018771/14048.976,left_right,INSUFFICIENT_SINGLE_INSTANCE_OBJECTS,
48018771/14066.885,left_right,NO_PAIR_CLEARS_GATES,
48018791/18058.055,left_right,INSUFFICIENT_SINGLE_INSTANCE_OBJECTS,
48018791/18072.365,left_right,INSUFFICIENT_SINGLE_INSTANCE_OBJECTS,
48018791/18079.563,left_right,INSUFFICIENT_SINGLE_INSTANCE_OBJECTS,
48018791/18086.660,left_right,INSUFFICIENT_SINGLE_INSTANCE_OBJECTS,
48018791/18100.954,left_right,NO_PAIR_CLEARS_GATES,
48018802/18884.917,left_right,INSUFFICIENT_SINGLE_INSTANCE_OBJECTS,
48018802/18907.608,left_right,INSUFFICIENT_SINGLE_INSTANCE_OBJECTS,
48018802/18915.205,left_right,INSUFFICIENT_SINGLE_INSTANCE_OBJECTS,
48018845/649707.632,left_right,INSUFFICIENT_SINGLE_INSTANCE_OBJECTS,
48018845/649718.528,left_right,INSUFFICIENT_SINGLE_INSTANCE_OBJECTS,
48018845/649729.423,left_right,INSUFFICIENT_SINGLE_INSTANCE_OBJECTS,
48018845/649751.231,left_right,INSUFFICIENT_SINGLE_INSTANCE_OBJECTS,
48018845/649762.127,left_right,INSUFFICIENT_SINGLE_INSTANCE_OBJECTS,
48018845/649773.022,left_right,NO_PAIR_CLEARS_GATES,
48018851/650581.485,left_right,INSUFFICIENT_SINGLE_INSTANCE_OBJECTS,
48018853/650453.287,left_right,INSUFFICIENT_SINGLE_INSTANCE_OBJECTS,
48018853/650466.181,left_right,NO_PAIR_CLEARS_GATES,
48018853/650478.976,left_right,INSUFFICIENT_SINGLE_INSTANCE_OBJECTS,
48018853/650491.888,left_right,INSUFFICIENT_SINGLE_INSTANCE_OBJECTS,
48018887/653769.521,left_right,INSUFFICIENT_SINGLE_INSTANCE_OBJECTS,
48018887/653795.894,left_right,INSUFFICIENT_SINGLE_INSTANCE_OBJECTS,
48018900/655452.704,left_right,INSUFFICIENT_SINGLE_INSTANCE_OBJECTS,
48018900/655458.102,left_right,INSUFFICIENT_SINGLE_INSTANCE_OBJECTS,
48018900/655463.500,left_right,INSUFFICIENT_SINGLE_INSTANCE_OBJECTS,
48018900/655468.898,left_right,INSUFFICIENT_SINGLE_INSTANCE_OBJECTS,
48018900/655474.296,left_right,INSUFFICIENT_SINGLE_INSTANCE_OBJECTS,
48018900/655479.693,left_right,INSUFFICIENT_SINGLE_INSTANCE_OBJECTS,
48018900/655485.108,left_right,INSUFFICIENT_SINGLE_INSTANCE_OBJECTS,
48018900/655490.506,left_right,INSUFFICIENT_SINGLE_INSTANCE_OBJECTS,
48018915/553424.344,left_right,INSUFFICIENT_SINGLE_INSTANCE_OBJECTS,
48018915/553444.652,left_right,INSUFFICIENT_SINGLE_INSTANCE_OBJECTS,
48018915/553454.748,left_right,INSUFFICIENT_SINGLE_INSTANCE_OBJECTS,
48018915/553464.944,left_right,INSUFFICIENT_SINGLE_INSTANCE_OBJECTS,
48018923/554308.004,left_right,NO_PAIR_CLEARS_GATES,
48018923/554312.819,left_right,INSUFFICIENT_SINGLE_INSTANCE_OBJECTS,
48018923/554322.515,left_right,INSUFFICIENT_SINGLE_INSTANCE_OBJECTS,
48018932/554660.011,left_right,INSUFFICIENT_SINGLE_INSTANCE_OBJECTS,
48018932/554666.608,left_right,INSUFFICIENT_SINGLE_INSTANCE_OBJECTS,
48018932/554669.907,left_right,NO_PAIR_CLEARS_GATES,
48018932/554673.205,left_right,INSUFFICIENT_SINGLE_INSTANCE_OBJECTS,
48018962/556477.154,left_right,INSUFFICIENT_SINGLE_INSTANCE_OBJECTS,
48018962/556480.453,left_right,INSUFFICIENT_SINGLE_INSTANCE_OBJECTS,
48018962/556483.752,left_right,INSUFFICIENT_SINGLE_INSTANCE_OBJECTS,
48018962/556487.050,left_right,INSUFFICIENT_SINGLE_INSTANCE_OBJECTS,
48018962/556490.349,left_right,INSUFFICIENT_SINGLE_INSTANCE_OBJECTS,
48018966/556778.048,left_right,INSUFFICIENT_SINGLE_INSTANCE_OBJECTS,
48018966/556785.662,left_right,INSUFFICIENT_SINGLE_INSTANCE_OBJECTS,
48458221/76845.599,left_right,INSUFFICIENT_SINGLE_INSTANCE_OBJECTS,
48458221/76853.279,left_right,INSUFFICIENT_SINGLE_INSTANCE_OBJECTS,
48458221/76868.889,left_right,NO_PAIR_CLEARS_GATES,
48458221/76876.686,left_right,INSUFFICIENT_SINGLE_INSTANCE_OBJECTS,
48458221/76884.482,left_right,INSUFFICIENT_SINGLE_INSTANCE_OBJECTS,
48458221/76900.093,left_right,INSUFFICIENT_SINGLE_INSTANCE_OBJECTS,
48458245/78510.527,left_right,INSUFFICIENT_SINGLE_INSTANCE_OBJECTS,
48458245/78514.025,left_right,INSUFFICIENT_SINGLE_INSTANCE_OBJECTS,
48458245/78517.624,left_right,INSUFFICIENT_SINGLE_INSTANCE_OBJECTS,
48458245/78524.621,left_right,NO_PAIR_CLEARS_GATES,
48458245/78528.119,left_right,INSUFFICIENT_SINGLE_INSTANCE_OBJECTS,
48458260/74236.488,left_right,INSUFFICIENT_SINGLE_INSTANCE_OBJECTS,
48458301/77373.026,left_right,INSUFFICIENT_SINGLE_INSTANCE_OBJECTS,
48458301/77383.739,left_right,INSUFFICIENT_SINGLE_INSTANCE_OBJECTS,
48458301/77394.334,left_right,INSUFFICIENT_SINGLE_INSTANCE_OBJECTS,
48458489/111541.410,left_right,INSUFFICIENT_SINGLE_INSTANCE_OBJECTS,
48458489/111550.907,left_right,INSUFFICIENT_SINGLE_INSTANCE_OBJECTS,
48458489/111554.105,left_right,NO_PAIR_CLEARS_GATES,
48458489/111557.204,left_right,INSUFFICIENT_SINGLE_INSTANCE_OBJECTS,
48458582/1531.418,left_right,INSUFFICIENT_SINGLE_INSTANCE_OBJECTS,
48458582/1535.399,left_right,INSUFFICIENT_SINGLE_INSTANCE_OBJECTS,
48458582/1539.398,left_right,INSUFFICIENT_SINGLE_INSTANCE_OBJECTS,
48458582/1551.493,left_right,INSUFFICIENT_SINGLE_INSTANCE_OBJECTS,
48458582/1555.591,left_right,NO_PAIR_CLEARS_GATES,
48458626/127631.006,left_right,INSUFFICIENT_SINGLE_INSTANCE_OBJECTS,
48458626/127671.506,left_right,INSUFFICIENT_SINGLE_INSTANCE_OBJECTS,
48458626/127698.496,left_right,INSUFFICIENT_SINGLE_INSTANCE_OBJECTS,
48458626/127712.007,left_right,INSUFFICIENT_SINGLE_INSTANCE_OBJECTS,
48458650/7072.816,left_right,INSUFFICIENT_SINGLE_INSTANCE_OBJECTS,
48458650/7079.414,left_right,INSUFFICIENT_SINGLE_INSTANCE_OBJECTS,
48458650/7092.608,left_right,INSUFFICIENT_SINGLE_INSTANCE_OBJECTS,
48458665/8158.558,left_right,INSUFFICIENT_SINGLE_INSTANCE_OBJECTS,
48458665/8175.950,left_right,INSUFFICIENT_SINGLE_INSTANCE_OBJECTS,
48458714/137754.333,left_right,INSUFFICIENT_SINGLE_INSTANCE_OBJECTS,
48458714/137760.014,left_right,INSUFFICIENT_SINGLE_INSTANCE_OBJECTS,
48458714/137771.609,left_right,INSUFFICIENT_SINGLE_INSTANCE_OBJECTS,
48458714/137777.424,left_right,INSUFFICIENT_SINGLE_INSTANCE_OBJECTS,
48458714/137783.122,left_right,INSUFFICIENT_SINGLE_INSTANCE_OBJECTS,
48458716/137805.829,left_right,NO_PAIR_CLEARS_GATES,
48458716/137818.824,left_right,INSUFFICIENT_SINGLE_INSTANCE_OBJECTS,
48458762/141727.864,left_right,INSUFFICIENT_SINGLE_INSTANCE_OBJECTS,
48458762/141736.160,left_right,INSUFFICIENT_SINGLE_INSTANCE_OBJECTS,
48458762/141744.557,left_right,INSUFFICIENT_SINGLE_INSTANCE_OBJECTS,
48458762/141761.367,left_right,NO_PAIR_CLEARS_GATES,
48458762/141778.060,left_right,INSUFFICIENT_SINGLE_INSTANCE_OBJECTS,
48458766/142214.661,left_right,INSUFFICIENT_SINGLE_INSTANCE_OBJECTS,
48458766/142219.459,left_right,INSUFFICIENT_SINGLE_INSTANCE_OBJECTS,
48458766/142224.357,left_right,INSUFFICIENT_SINGLE_INSTANCE_OBJECTS,
48458766/142229.155,left_right,INSUFFICIENT_SINGLE_INSTANCE_OBJECTS,
48458766/142234.054,left_right,INSUFFICIENT_SINGLE_INSTANCE_OBJECTS,
48458766/142238.852,left_right,INSUFFICIENT_SINGLE_INSTANCE_OBJECTS,
48458766/142248.548,left_right,INSUFFICIENT_SINGLE_INSTANCE_OBJECTS,
48458772/142262.875,left_right,INSUFFICIENT_SINGLE_INSTANCE_OBJECTS,
48458772/142275.854,left_right,INSUFFICIENT_SINGLE_INSTANCE_OBJECTS,
48458772/142288.948,left_right,INSUFFICIENT_SINGLE_INSTANCE_OBJECTS,
48458772/142301.960,left_right,INSUFFICIENT_SINGLE_INSTANCE_OBJECTS,
48458772/142315.055,left_right,INSUFFICIENT_SINGLE_INSTANCE_OBJECTS,
48458772/142328.150,left_right,INSUFFICIENT_SINGLE_INSTANCE_OBJECTS,
48458772/142341.144,left_right,INSUFFICIENT_SINGLE_INSTANCE_OBJECTS,
48458772/142354.256,left_right,NO_PAIR_CLEARS_GATES,
