image_id,question_type,reason_code,detail
40777073/1131.661,relative_depth,FEWER_THAN_TWO_SINGLE_INSTANCE_OBJECTS,
40777073/1135.560,relative_depth,FEWER_THAN_TWO_SINGLE_INSTANCE_OBJECTS,
40958756/1630.997,relative_depth,FEWER_THAN_TWO_SINGLE_INSTANCE_OBJECTS,
40958756/1639.077,relative_depth,NO_PAIR_CLEARS_DEPTH_GAP,
40958767/2082.289,relative_depth,FEWER_THAN_TWO_SINGLE_INSTANCE_OBJECTS,
40958767/2098.466,relative_depth,FEWER_THAN_TWO_SINGLE_INSTANCE_OBJECTS,
40958767/2114.676,relative_depth,NO_PAIR_CLEARS_DEPTH_GAP,
40958767/2130.969,relative_depth,FEWER_THAN_TWO_SINGLE_INSTANCE_OBJECTS,
40958767/2163.373,relative_depth,FEWER_THAN_TWO_SINGLE_INSTANCE_OBJECTS,
41007582/1294.211,relative_depth,FEWER_THAN_TWO_SINGLE_INSTANCE_OBJECTS,
41007591/2640.127,relative_depth,FEWER_THAN_TWO_SINGLE_INSTANCE_OBJECTS,
41007591/2644.525,relative_depth,NO_PAIR_CLEARS_DEPTH_GAP,
41048071/4491.408,relative_depth,FEWER_THAN_TWO_SINGLE_INSTANCE_OBJECTS,
41048071/4513.516,relative_depth,NO_PAIR_CLEARS_DEPTH_GAP,
41048142/1719.562,relative_depth,FEWER_THAN_TWO_SINGLE_INSTANCE_OBJECTS,
41048142/1734.872,relative_depth,FEWER_THAN_TWO_SINGLE_INSTANCE_OBJECTS,
41048142/1742.569,relative_depth,FEWER_THAN_TWO_SINGLE_INSTANCE_OBJECTS,
41048169/1000.057,relative_depth,FEWER_THAN_TWO_SINGLE_INSTANCE_OBJECTS,
41048169/1052.968,relative_depth,FEWER_THAN_TWO_SINGLE_INSTANCE_OBJECTS,
41048169/1158.857,relative_depth,FEWER_THAN_TWO_SINGLE_INSTANCE_OBJECTS,
41048169/841.173,relative_depth,FEWER_THAN_TWO_SINGLE_INSTANCE_OBJECTS,
41048225/7264.454,relative_depth,FEWER_THAN_TWO_SINGLE_INSTANCE_OBJECTS,
41048225/7280.248,relative_depth,FEWER_THAN_TWO_SINGLE_INSTANCE_OBJECTS,
41048225/7296.041,relative_depth,FEWER_THAN_TWO_SINGLE_INSTANCE_OBJECTS,
41048225/7311.935,relative_depth,FEWER_THAN_TWO_SINGLE_INSTANCE_OBJECTS,
41048225/7327.745,relative_depth,FEWER_THAN_TWO_SINGLE_INSTANCE_OBJECTS,
41048225/7359.431,relative_depth,NO_PAIR_CLEARS_DEPTH_GAP,
41048225/7375.242,relative_depth,NO_PAIR_CLEARS_DEPTH_GAP,
41048247/4142.768,relative_depth,FEWER_THAN_TWO_SINGLE_INSTANCE_OBJECTS,
41048247/4157.562,relative_depth,FEWER_THAN_TWO_SINGLE_INSTANCE_OBJECTS,
41048247/4172.373,relative_depth,FEWER_THAN_TWO_SINGLE_INSTANCE_OBJECTS,
41048247/4201.978,relative_depth,FEWER_THAN_TWO_SINGLE_INSTANCE_OBJECTS,
41048247/4246.377,relative_depth,FEWER_THAN_TWO_SINGLE_INSTANCE_OBJECTS,
41048249/4034.477,relative_depth,FEWER_THAN_TWO_SINGLE_INSTANCE_OBJECTS,
41048249/4061.167,relative_depth,FEWER_THAN_TWO_SINGLE_INSTANCE_OBJECTS,
41048249/4101.267,relative_depth,FEWER_THAN_TWO_SINGLE_INSTANCE_OBJECTS,
41069042/3044.239,relative_depth,FEWER_THAN_TWO_SINGLE_INSTANCE_OBJECTS,
41069042/3068.329,relative_depth,FEWER_THAN_TWO_SINGLE_INSTANCE_OBJECTS,
41069042/3092.535,relative_depth,FEWER_THAN_TWO_SINGLE_INSTANCE_OBJECTS,
41069042/3104.530,relative_depth,FEWER_THAN_TWO_SINGLE_INSTANCE_OBJECTS,
41069042/3128.720,relative_depth,FEWER_THAN_TWO_SINGLE_INSTANCE_OBJECTS,
41069050/5053.014,relative_depth,FEWER_THAN_TWO_SINGLE_INSTANCE_OBJECTS,
41069050/5056.912,relative_depth,FEWER_THAN_TWO_SINGLE_INSTANCE_OBJECTS,
41069050/5064.709,relative_depth,FEWER_THAN_TWO_SINGLE_INSTANCE_OBJECTS,
41069050/5068.607,relative_depth,FEWER_THAN_TWO_SINGLE_INSTANCE_OBJECTS,
41069076/3126.021,relative_depth,FEWER_THAN_TWO_SINGLE_INSTANCE_OBJECTS,
41069087/5158.735,relative_depth,FEWER_THAN_TWO_SINGLE_INSTANCE_OBJECTS,
41069125/2412.286,relative_depth,FEWER_THAN_TWO_SINGLE_INSTANCE_OBJECTS,
41069125/2441.674,relative_depth,FEWER_THAN_TWO_SINGLE_INSTANCE_OBJECTS,
41069130/4282.908,relative_depth,FEWER_THAN_TWO_SINGLE_INSTANCE_OBJECTS,
41069130/4393.311,relative_depth,FEWER_THAN_TWO_SINGLE_INSTANCE_OBJECTS,
41069130/4448.505,relative_depth,FEWER_THAN_TWO_SINGLE_INSTANCE_OBJECTS,
41069130/4476.110,relative_depth,FEWER_THAN_TWO_SINGLE_INSTANCE_OBJECTS,
41069168/2225.672,relative_depth,FEWER_THAN_TWO_SINGLE_INSTANCE_OBJECTS,
41069168/2241.965,relative_depth,FEWER_THAN_TWO_SINGLE_INSTANCE_OBJECTS,
41097978/6854.589,relative_depth,FEWER_THAN_TWO_SINGLE_INSTANCE_OBJECTS,
41097978/6897.972,relative_depth,FEWER_THAN_TWO_SINGLE_INSTANCE_OBJECTS,
41097992/8625.620,relative_depth,FEWER_THAN_TWO_SINGLE_INSTANCE_OBJECTS,
41097992/8632.317,relative_depth,NO_PAIR_CLEARS_DEPTH_GAP,
41097992/8639.031,relative_depth,FEWER_THAN_TWO_SINGLE_INSTANCE_OBJECTS,
41097992/8645.728,relative_depth,FEWER_THAN_TWO_SINGLE_INSTANCE_OBJECTS,
41098000/9228.196,relative_depth,NO_PAIR_CLEARS_DEPTH_GAP,
41098000/9246.105,relative_depth,FEWER_THAN_TWO_SINGLE_INSTANCE_OBJECTS,
41098000/9263.998,relative_depth,FEWER_THAN_TWO_SINGLE_INSTANCE_OBJECTS,
41098000/9299.800,relative_depth,FEWER_THAN_TWO_SINGLE_INSTANCE_OBJECTS,
41098000/9317.693,relative_depth,FEWER_THAN_TWO_SINGLE_INSTANCE_OBJECTS,
41098062/2183.419,relative_depth,NO_PAIR_CLEARS_DEPTH_GAP,
41098062/2212.008,relative_depth,FEWER_THAN_TWO_SINGLE_INSTANCE_OBJECTS,
41098062/2223.403,relative_depth,NO_PAIR_CLEARS_DEPTH_GAP,
41098076/2585.302,relative_depth,FEWER_THAN_TWO_SINGLE_INSTANCE_OBJECTS,
41098076/2595.298,relative_depth,NO_PAIR_CLEARS_DEPTH_GAP,
41098076/2605.211,relative_depth,FEWER_THAN_TWO_SINGLE_INSTANCE_OBJECTS,
41098076/2615.207,relative_depth,FEWER_THAN_TWO_SINGLE_INSTANCE_OBJECTS,
41098076/2625.103,relative_depth,FEWER_THAN_TWO_SINGLE_INSTANCE_OBJECTS,
41098076/2635.099,relative_depth,NO_PAIR_CLEARS_DEPTH_GAP,
41098076/2645.011,relative_depth,FEWER_THAN_TWO_SINGLE_INSTANCE_OBJECTS,
41098100/3376.228,relative_depth,FEWER_THAN_TWO_SINGLE_INSTANCE_OBJECTS,
41098100/3412.030,relative_depth,FEWER_THAN_TWO_SINGLE_INSTANCE_OBJECTS,
41098140/836.023,relative_depth,FEWER_THAN_TWO_SINGLE_INSTANCE_OBJECTS,
41098140/844.436,relative_depth,NO_PAIR_CLEARS_DEPTH_GAP,
41098140/852.833,relative_depth,NO_PAIR_CLEARS_DEPTH_GAP,
41098140/861.229,relative_depth,NO_PAIR_CLEARS_DEPTH_GAP,
41098140/869.526,relative_depth,NO_PAIR_CLEARS_DEPTH_GAP,
41098140/886.335,relative_depth,NO_PAIR_CLEARS_DEPTH_GAP,
41098151/1177.731,relative_depth,NO_PAIR_CLEARS_DEPTH_GAP,
41098151/1191.025,relative_depth,FEWER_THAN_TWO_SINGLE_INSTANCE_OBJECTS,
41098151/1204.420,relative_depth,FEWER_THAN_TWO_SINGLE_INSTANCE_OBJECTS,
41098157/2716.639,relative_depth,FEWER_THAN_TWO_SINGLE_INSTANCE_OBJECTS,
41098157/2739.746,relative_depth,FEWER_THAN_TWO_SINGLE_INSTANCE_OBJECTS,
41098157/2751.341,relative_depth,FEWER_THAN_TWO_SINGLE_INSTANCE_OBJECTS,
41098157/2774.448,relative_depth,FEWER_THAN_TWO_SINGLE_INSTANCE_OBJECTS,
41098158/2883.936,relative_depth,FEWER_THAN_TWO_SINGLE_INSTANCE_OBJECTS,
41098176/924.574,relative_depth,NO_PAIR_CLEARS_DEPTH_GAP,
41098176/938.185,relative_depth,FEWER_THAN_TWO_SINGLE_INSTANCE_OBJECTS,
41098176/951.779,relative_depth,FEWER_THAN_TWO_SINGLE_INSTANCE_OBJECTS,
41098176/965.274,relative_depth,FEWER_THAN_TWO_SINGLE_INSTANCE_OBJECTS,
41098176/978.885,relative_depth,FEWER_THAN_TWO_SINGLE_INSTANCE_OBJECTS,
41124839/5190.348,relative_depth,FEWER_THAN_TWO_SINGLE_INSTANCE_OBJECTS,
41124857/6695.686,relative_depth,FEWER_THAN_TWO_SINGLE_INSTANCE_OBJECTS,
41124857/6775.486,relative_depth,FEWER_THAN_TWO_SINGLE_INSTANCE_OBJECTS,
41125011/6776.658,relative_depth,FEWER_THAN_TWO_SINGLE_INSTANCE_OBJECTS,
41125011/6810.644,relative_depth,FEWER_THAN_TWO_SINGLE_INSTANCE_OBJECTS,
41125011/6833.435,relative_depth,FEWER_THAN_TWO_SINGLE_INSTANCE_OBJECTS,
41125011/6844.730,relative_depth,FEWER_THAN_TWO_SINGLE_INSTANCE_OBJECTS,
41125011/6856.142,relative_depth,FEWER_THAN_TWO_SINGLE_INSTANCE_OBJECTS,
41125106/8074.752,relative_depth,FEWER_THAN_TWO_SINGLE_INSTANCE_OBJECTS,
41125106/8083.765,relative_depth,FEWER_THAN_TWO_SINGLE_INSTANCE_OBJECTS,
41125106/8119.767,relative_depth,FEWER_THAN_TWO_SINGLE_INSTANCE_OBJECTS,
41125111/7972.160,relative_depth,FEWER_THAN_TWO_SINGLE_INSTANCE_OBJECTS,
41125111/7979.357,relative_depth,FEWER_THAN_TWO_SINGLE_INSTANCE_OBJECTS,
41125111/8000.765,relative_depth,NO_PAIR_CLEARS_DEPTH_GAP,
41125199/4011.256,relative_depth,FEWER_THAN_TWO_SINGLE_INSTANCE_OBJECTS,
41125272/4868.780,relative_depth,FEWER_THAN_TWO_SINGLE_INSTANCE_OBJECTS,
41125272/4883.874,relative_depth,FEWER_THAN_TWO_SINGLE_INSTANCE_OBJECTS,
41125272/4891.471,relative_depth,FEWER_THAN_TWO_SINGLE_INSTANCE_OBJECTS,
41125303/6060.707,relative_depth,FEWER_THAN_TWO_SINGLE_INSTANCE_OBJECTS,
41125303/6065.522,relative_depth,FEWER_THAN_TWO_SINGLE_INSTANCE_OBJECTS,
41125316/6012.610,relative_depth,FEWER_THAN_TWO_SINGLE_INSTANCE_OBJECTS,
41125316/6017.009,relative_depth,NO_PAIR_CLEARS_DEPTH_GAP,
41125438/1332.944,relative_depth,NO_PAIR_CLEARS_DEPTH_GAP,
41125478/2067.472,relative_depth,FEWER_THAN_TWO_SINGLE_INSTANCE_OBJECTS,
41125478/2077.568,relative_depth,FEWER_THAN_TWO_SINGLE_INSTANCE_OBJECTS,
41125512/2890.073,relative_depth,FEWER_THAN_TWO_SINGLE_INSTANCE_OBJECTS,
41125512/2900.068,relative_depth,FEWER_THAN_TWO_SINGLE_INSTANCE_OBJECTS,
41125512/2920.060,relative_depth,NO_PAIR_CLEARS_DEPTH_GAP,
41125512/2930.073,relative_depth,NO_PAIR_CLEARS_DEPTH_GAP,
41125536/3278.218,relative_depth,FEWER_THAN_TWO_SINGLE_INSTANCE_OBJECTS,
41125536/3341.709,relative_depth,FEWER_THAN_TWO_SINGLE_INSTANCE_OBJECTS,
41125536/3357.519,relative_depth,NO_PAIR_CLEARS_DEPTH_GAP,
41125611/4646.428,relative_depth,FEWER_THAN_TWO_SINGLE_INSTANCE_OBJECTS,
41125611/4658.340,relative_depth,FEWER_THAN_TWO_SINGLE_INSTANCE_OBJECTS,
41125611/4682.230,relative_depth,FEWER_THAN_TWO_SINGLE_INSTANCE_OBJECTS,
41125611/4694.125,relative_depth,FEWER_THAN_TWO_SINGLE_INSTANCE_OBJECTS,
41125611/4718.032,relative_depth,FEWER_THAN_TWO_SINGLE_INSTANCE_OBJECTS,
41125700/3734.445,relative_depth,FEWER_THAN_TWO_SINGLE_INSTANCE_OBJECTS,
41125700/3761.051,relative_depth,FEWER_THAN_TWO_SINGLE_INSTANCE_OBJECTS,
41125700/3787.640,relative_depth,FEWER_THAN_TWO_SINGLE_INSTANCE_OBJECTS,
41125700/3800.935,relative_depth,FEWER_THAN_TWO_SINGLE_INSTANCE_OBJECTS,
41125709/3829.940,relative_depth,FEWER_THAN_TWO_SINGLE_INSTANCE_OBJECTS,
41125709/3843.551,relative_depth,FEWER_THAN_TWO_SINGLE_INSTANCE_OBJECTS,
41125709/3857.046,relative_depth,FEWER_THAN_TWO_SINGLE_INSTANCE_OBJECTS,
41125709/3884.151,relative_depth,FEWER_THAN_TWO_SINGLE_INSTANCE_OBJECTS,
41125709/3897.746,relative_depth,FEWER_THAN_TWO_SINGLE_INSTANCE_OBJECTS,
41125709/3911.240,relative_depth,FEWER_THAN_TWO_SINGLE_INSTANCE_OBJECTS,
41125829/8420.370,relative_depth,FEWER_THAN_TWO_SINGLE_INSTANCE_OBJECTS,
41125829/8430.582,relative_depth,FEWER_THAN_TWO_SINGLE_INSTANCE_OBJECTS,
41125829/8440.878,relative_depth,FEWER_THAN_TWO_SINGLE_INSTANCE_OBJECTS,
41125829/8451.074,relative_depth,FEWER_THAN_TWO_SINGLE_INSTANCE_OBJECTS,
41125829/8461.270,relative_depth,NO_PAIR_CLEARS_DEPTH_GAP,
41125829/8471.482,relative_depth,NO_PAIR_CLEARS_DEPTH_GAP,
41125918/9972.267,relative_depth,FEWER_THAN_TWO_SINGLE_INSTANCE_OBJECTS,
41126383/4962.958,relative_depth,FEWER_THAN_TWO_SINGLE_INSTANCE_OBJECTS,
41126383/4969.172,relative_depth,FEWER_THAN_TWO_SINGLE_INSTANCE_OBJECTS,
41126383/4981.567,relative_depth,FEWER_THAN_TWO_SINGLE_INSTANCE_OBJECTS,
41126386/4885.373,relative_depth,FEWER_THAN_TWO_SINGLE_INSTANCE_OBJECTS,
41126386/4908.064,relative_depth,FEWER_THAN_TWO_SINGLE_INSTANCE_OBJECTS,
41126386/4913.761,relative_depth,FEWER_THAN_TWO_SINGLE_INSTANCE_OBJECTS,
41126458/4551.179,relative_depth,NO_PAIR_CLEARS_DEPTH_GAP,
41126458/4592.779,relative_depth,NO_PAIR_CLEARS_DEPTH_GAP,
41126466/5186.047,relative_depth,NO_PAIR_CLEARS_DEPTH_GAP,
41126466/5195.443,relative_depth,FEWER_THAN_TWO_SINGLE_INSTANCE_OBJECTS,
41126466/5214.236,relative_depth,FEWER_THAN_TWO_SINGLE_INSTANCE_OBJECTS,
41126466/5223.649,relative_depth,FEWER_THAN_TWO_SINGLE_INSTANCE_OBJECTS,
41126546/4753.834,relative_depth,FEWER_THAN_TWO_SINGLE_INSTANCE_OBJECTS,
41126546/4788.037,relative_depth,FEWER_THAN_TWO_SINGLE_INSTANCE_OBJECTS,
41126546/4796.633,relative_depth,FEWER_THAN_TWO_SINGLE_INSTANCE_OBJECTS,
41126567/206.588,relative_depth,FEWER_THAN_TWO_SINGLE_INSTANCE_OBJECTS,
41126592/1166.238,relative_depth,FEWER_THAN_TWO_SINGLE_INSTANCE_OBJECTS,
41126592/1174.435,relative_depth,FEWER_THAN_TWO_SINGLE_INSTANCE_OBJECTS,
41126645/698.440,relative_depth,FEWER_THAN_TWO_SINGLE_INSTANCE_OBJECTS,
41126645/716.149,relative_depth,FEWER_THAN_TWO_SINGLE_INSTANCE_OBJECTS,
41126645/733.842,relative_depth,FEWER_THAN_TWO_SINGLE_INSTANCE_OBJECTS,
41126667/1401.679,relative_depth,FEWER_THAN_TWO_SINGLE_INSTANCE_OBJECTS,
41126667/1409.576,relative_depth,FEWER_THAN_TWO_SINGLE_INSTANCE_OBJECTS,
41126667/1425.286,relative_depth,FEWER_THAN_TWO_SINGLE_INSTANCE_OBJECTS,
41126678/1461.688,relative_depth,FEWER_THAN_TWO_SINGLE_INSTANCE_OBJECTS,
41126678/1533.075,relative_depth,FEWER_THAN_TWO_SINGLE_INSTANCE_OBJECTS,
41126689/2736.367,relative_depth,FEWER_THAN_TWO_SINGLE_INSTANCE_OBJECTS,
41126689/2745.363,relative_depth,FEWER_THAN_TWO_SINGLE_INSTANCE_OBJECTS,
41126689/2754.459,relative_depth,FEWER_THAN_TWO_SINGLE_INSTANCE_OBJECTS,
41126697/2814.468,relative_depth,FEWER_THAN_TWO_SINGLE_INSTANCE_OBJECTS,
41126697/2823.564,relative_depth,FEWER_THAN_TWO_SINGLE_INSTANCE_OBJECTS,
41126697/2841.756,relative_depth,FEWER_THAN_TWO_SINGLE_INSTANCE_OBJECTS,
41126700/3711.693,relative_depth,FEWER_THAN_TWO_SINGLE_INSTANCE_OBJECTS,
41126700/3735.000,relative_depth,NO_PAIR_CLEARS_DEPTH_GAP,
41126700/3758.290,relative_depth,FEWER_THAN_TWO_SINGLE_INSTANCE_OBJECTS,
41126700/3804.787,relative_depth,FEWER_THAN_TWO_SINGLE_INSTANCE_OBJECTS,
41126700/3851.385,relative_depth,FEWER_THAN_TWO_SINGLE_INSTANCE_OBJECTS,
41126728/2021.806,relative_depth,FEWER_THAN_TWO_SINGLE_INSTANCE_OBJECTS,
41126728/2028.203,relative_depth,FEWER_THAN_TWO_SINGLE_INSTANCE_OBJECTS,
41126728/2034.600,relative_depth,FEWER_THAN_TWO_SINGLE_INSTANCE_OBJECTS,
41126728/2047.312,relative_depth,NO_PAIR_CLEARS_DEPTH_GAP,
41126742/3054.906,relative_depth,NO_PAIR_CLEARS_DEPTH_GAP,
41126742/3065.219,relative_depth,NO_PAIR_CLEARS_DEPTH_GAP,
41126742/3075.615,relative_depth,FEWER_THAN_TWO_SINGLE_INSTANCE_OBJECTS,
41126742/3096.306,relative_depth,FEWER_THAN_TWO_SINGLE_INSTANCE_OBJECTS,
41126744/2952.131,relative_depth,NO_PAIR_CLEARS_DEPTH_GAP,
41126744/2969.408,relative_depth,FEWER_THAN_TWO_SINGLE_INSTANCE_OBJECTS,
41126744/2978.021,relative_depth,FEWER_THAN_TWO_SINGLE_INSTANCE_OBJECTS,
41126744/2986.718,relative_depth,FEWER_THAN_TWO_SINGLE_INSTANCE_OBJECTS,
41126744/3004.010,relative_depth,NO_PAIR_CLEARS_DEPTH_GAP,
41126744/3012.707,relative_depth,FEWER_THAN_TWO_SINGLE_INSTANCE_OBJECTS,
41126779/4585.544,relative_depth,FEWER_THAN_TWO_SINGLE_INSTANCE_OBJECTS,
41126779/4599.954,relative_depth,FEWER_THAN_TWO_SINGLE_INSTANCE_OBJECTS,
41126779/4628.843,relative_depth,FEWER_THAN_TWO_SINGLE_INSTANCE_OBJECTS,
41126779/4657.747,relative_depth,NO_PAIR_CLEARS_DEPTH_GAP,
41126783/4688.052,relative_depth,FEWER_THAN_TWO_SINGLE_INSTANCE_OBJECTS,
41126783/4701.946,relative_depth,FEWER_THAN_TWO_SINGLE_INSTANCE_OBJECTS,
41126783/4715.940,relative_depth,FEWER_THAN_TWO_SINGLE_INSTANCE_OBJECTS,
41126783/4729.851,relative_depth,FEWER_THAN_TWO_SINGLE_INSTANCE_OBJECTS,
41126783/4743.745,relative_depth,FEWER_THAN_TWO_SINGLE_INSTANCE_OBJECTS,
41126783/4757.740,relative_depth,FEWER_THAN_TWO_SINGLE_INSTANCE_OBJECTS,
41126792/6188.134,relative_depth,FEWER_THAN_TWO_SINGLE_INSTANCE_OBJECTS,
41126792/6195.148,relative_depth,FEWER_THAN_TWO_SINGLE_INSTANCE_OBJECTS,
41126792/6202.145,relative_depth,NO_PAIR_CLEARS_DEPTH_GAP,
41126792/6209.142,relative_depth,FEWER_THAN_TWO_SINGLE_INSTANCE_OBJECTS,
41126811/8336.544,relative_depth,FEWER_THAN_TWO_SINGLE_INSTANCE_OBJECTS,
41126811/8343.325,relative_depth,NO_PAIR_CLEARS_DEPTH_GAP,
41126811/8350.138,relative_depth,NO_PAIR_CLEARS_DEPTH_GAP,
41126811/8363.733,relative_depth,FEWER_THAN_TWO_SINGLE_INSTANCE_OBJECTS,
41126811/8377.327,relative_depth,FEWER_THAN_TWO_SINGLE_INSTANCE_OBJECTS,
41126867/1125.903,relative_depth,NO_PAIR_CLEARS_DEPTH_GAP,
41126867/1134.799,relative_depth,FEWER_THAN_TWO_SINGLE_INSTANCE_OBJECTS,
41126867/1161.488,relative_depth,NO_PAIR_CLEARS_DEPTH_GAP,
41126979/1508.698,relative_depth,FEWER_THAN_TWO_SINGLE_INSTANCE_OBJECTS,
41126979/1516.412,relative_depth,FEWER_THAN_TWO_SINGLE_INSTANCE_OBJECTS,
41126998/4951.257,relative_depth,FEWER_THAN_TWO_SINGLE_INSTANCE_OBJECTS,
41127074/1003.813,relative_depth,FEWER_THAN_TWO_SINGLE_INSTANCE_OBJECTS,
41127074/992.318,relative_depth,FEWER_THAN_TWO_SINGLE_INSTANCE_OBJECTS,
41127082/1071.319,relative_depth,FEWER_THAN_TWO_SINGLE_INSTANCE_OBJECTS,
41127082/1079.616,relative_depth,NO_PAIR_CLEARS_DEPTH_GAP,
41127101/1540.276,relative_depth,FEWER_THAN_TWO_SINGLE_INSTANCE_OBJECTS,
41159381/1842.428,relative_depth,FEWER_THAN_TWO_SINGLE_INSTANCE_OBJECTS,
41159381/1888.626,relative_depth,FEWER_THAN_TWO_SINGLE_INSTANCE_OBJECTS,
41159381/1911.733,relative_depth,FEWER_THAN_TWO_SINGLE_INSTANCE_OBJECTS,
41159381/1957.930,relative_depth,FEWER_THAN_TWO_SINGLE_INSTANCE_OBJECTS,
41159381/1981.037,relative_depth,FEWER_THAN_TWO_SINGLE_INSTANCE_OBJECTS,
41159448/502.506,relative_depth,FEWER_THAN_TWO_SINGLE_INSTANCE_OBJECTS,
41159448/551.703,relative_depth,FEWER_THAN_TWO_SINGLE_INSTANCE_OBJECTS,
41159541/39778.241,relative_depth,FEWER_THAN_TWO_SINGLE_INSTANCE_OBJECTS,
41159541/39799.632,relative_depth,FEWER_THAN_TWO_SINGLE_INSTANCE_OBJECTS,
41159541/39810.328,relative_depth,FEWER_THAN_TWO_SINGLE_INSTANCE_OBJECTS,
41159541/39821.123,relative_depth,FEWER_THAN_TWO_SINGLE_INSTANCE_OBJECTS,
41159541/39831.836,relative_depth,FEWER_THAN_TWO_SINGLE_INSTANCE_OBJECTS,
41159541/39842.531,relative_depth,FEWER_THAN_TWO_SINGLE_INSTANCE_OBJECTS,
41159623/55540.420,relative_depth,FEWER_THAN_TWO_SINGLE_INSTANCE_OBJECTS,
41159623/55580.020,relative_depth,FEWER_THAN_TWO_SINGLE_INSTANCE_OBJECTS,
41159639/58438.325,relative_depth,FEWER_THAN_TWO_SINGLE_INSTANCE_OBJECTS,
41159639/58477.192,relative_depth,FEWER_THAN_TWO_SINGLE_INSTANCE_OBJECTS,
41159639/58490.203,relative_depth,FEWER_THAN_TWO_SINGLE_INSTANCE_OBJECTS,
41159639/58503.198,relative_depth,FEWER_THAN_TWO_SINGLE_INSTANCE_OBJECTS,
41159641/58252.202,relative_depth,FEWER_THAN_TWO_SINGLE_INSTANCE_OBJECTS,
41159641/58261.398,relative_depth,FEWER_THAN_TWO_SINGLE_INSTANCE_OBJECTS,
41159641/58270.594,relative_depth,FEWER_THAN_TWO_SINGLE_INSTANCE_OBJECTS,
41159641/58279.807,relative_depth,FEWER_THAN_TWO_SINGLE_INSTANCE_OBJECTS,
41159641/58289.003,relative_depth,FEWER_THAN_TWO_SINGLE_INSTANCE_OBJECTS,
41159641/58298.200,relative_depth,FEWER_THAN_TWO_SINGLE_INSTANCE_OBJECTS,
41159641/58307.396,relative_depth,FEWER_THAN_TWO_SINGLE_INSTANCE_OBJECTS,
41159641/58316.609,relative_depth,FEWER_THAN_TWO_SINGLE_INSTANCE_OBJECTS,
41159643/58339.616,relative_depth,FEWER_THAN_TWO_SINGLE_INSTANCE_OBJECTS,
41159643/58348.695,relative_depth,FEWER_THAN_TWO_SINGLE_INSTANCE_OBJECTS,
41159643/58376.300,relative_depth,FEWER_THAN_TWO_SINGLE_INSTANCE_OBJECTS,
41159643/58385.497,relative_depth,FEWER_THAN_TWO_SINGLE_INSTANCE_OBJECTS,
41159687/46454.172,relative_depth,FEWER_THAN_TWO_SINGLE_INSTANCE_OBJECTS,
41159687/46473.664,relative_depth,FEWER_THAN_TWO_SINGLE_INSTANCE_OBJECTS,
41159687/46493.273,relative_depth,FEWER_THAN_TWO_SINGLE_INSTANCE_OBJECTS,
41159687/46532.474,relative_depth,FEWER_THAN_TWO_SINGLE_INSTANCE_OBJECTS,
41159687/46571.575,relative_depth,FEWER_THAN_TWO_SINGLE_INSTANCE_OBJECTS,
41159687/46591.167,relative_depth,NO_PAIR_CLEARS_DEPTH_GAP,
41159694/48383.569,relative_depth,FEWER_THAN_TWO_SINGLE_INSTANCE_OBJECTS,
41159694/48395.265,relative_depth,FEWER_THAN_TWO_SINGLE_INSTANCE_OBJECTS,
41159694/48406.960,relative_depth,NO_PAIR_CLEARS_DEPTH_GAP,
41159694/48418.672,relative_depth,FEWER_THAN_TWO_SINGLE_INSTANCE_OBJECTS,
41159694/48430.367,relative_depth,FEWER_THAN_TWO_SINGLE_INSTANCE_OBJECTS,
41159694/48442.063,relative_depth,FEWER_THAN_TWO_SINGLE_INSTANCE_OBJECTS,
41159694/48453.775,relative_depth,FEWER_THAN_TWO_SINGLE_INSTANCE_OBJECTS,
41159704/71305.733,relative_depth,NO_PAIR_CLEARS_DEPTH_GAP,
41159704/71318.711,relative_depth,FEWER_THAN_TWO_SINGLE_INSTANCE_OBJECTS,
41159704/71344.716,relative_depth,FEWER_THAN_TWO_SINGLE_INSTANCE_OBJECTS,
41159704/71383.717,relative_depth,FEWER_THAN_TWO_SINGLE_INSTANCE_OBJECTS,
41159762/62062.463,relative_depth,FEWER_THAN_TWO_SINGLE_INSTANCE_OBJECTS,
41159762/62083.954,relative_depth,FEWER_THAN_TWO_SINGLE_INSTANCE_OBJECTS,
41159762/62116.358,relative_depth,FEWER_THAN_TWO_SINGLE_INSTANCE_OBJECTS,
41159762/62127.154,relative_depth,FEWER_THAN_TWO_SINGLE_INSTANCE_OBJECTS,
41159823/86705.676,relative_depth,FEWER_THAN_TWO_SINGLE_INSTANCE_OBJECTS,
41159823/86715.972,relative_depth,FEWER_THAN_TWO_SINGLE_INSTANCE_OBJECTS,
41159846/78058.033,relative_depth,FEWER_THAN_TWO_SINGLE_INSTANCE_OBJECTS,
41159846/78080.041,relative_depth,FEWER_THAN_TWO_SINGLE_INSTANCE_OBJECTS,
41159846/78102.032,relative_depth,FEWER_THAN_TWO_SINGLE_INSTANCE_OBJECTS,
41159846/78124.040,relative_depth,FEWER_THAN_TWO_SINGLE_INSTANCE_OBJECTS,
41159846/78146.031,relative_depth,FEWER_THAN_TWO_SINGLE_INSTANCE_OBJECTS,
41159846/78168.039,relative_depth,FEWER_THAN_TWO_SINGLE_INSTANCE_OBJECTS,
41159846/78190.031,relative_depth,FEWER_THAN_TWO_SINGLE_INSTANCE_OBJECTS,
41159862/79728.420,relative_depth,FEWER_THAN_TWO_SINGLE_INSTANCE_OBJECTS,
41159862/79775.019,relative_depth,FEWER_THAN_TWO_SINGLE_INSTANCE_OBJECTS,
41159862/79786.714,relative_depth,FEWER_THAN_TWO_SINGLE_INSTANCE_OBJECTS,
41159862/79810.021,relative_depth,FEWER_THAN_TWO_SINGLE_INSTANCE_OBJECTS,
41159870/81898.161,relative_depth,FEWER_THAN_TWO_SINGLE_INSTANCE_OBJECTS,
41159870/81912.172,relative_depth,FEWER_THAN_TWO_SINGLE_INSTANCE_OBJECTS,
41159870/81939.978,relative_depth,NO_PAIR_CLEARS_DEPTH_GAP,
41159870/81953.972,relative_depth,FEWER_THAN_TWO_SINGLE_INSTANCE_OBJECTS,
41159870/81967.867,relative_depth,FEWER_THAN_TWO_SINGLE_INSTANCE_OBJECTS,
41159873/81757.567,relative_depth,FEWER_THAN_TWO_SINGLE_INSTANCE_OBJECTS,
41159873/81773.877,relative_depth,FEWER_THAN_TWO_SINGLE_INSTANCE_OBJECTS,
41159873/81806.264,relative_depth,FEWER_THAN_TWO_SINGLE_INSTANCE_OBJECTS,
41159873/81822.574,relative_depth,FEWER_THAN_TWO_SINGLE_INSTANCE_OBJECTS,
41249057/2020.469,relative_depth,FEWER_THAN_TWO_SINGLE_INSTANCE_OBJECTS,
41249057/2039.461,relative_depth,FEWER_THAN_TWO_SINGLE_INSTANCE_OBJECTS,
41254551/136562.526,relative_depth,FEWER_THAN_TWO_SINGLE_INSTANCE_OBJECTS,
41254551/136572.222,relative_depth,FEWER_THAN_TWO_SINGLE_INSTANCE_OBJECTS,
41254551/136591.731,relative_depth,NO_PAIR_CLEARS_DEPTH_GAP,
41254632/142062.584,relative_depth,FEWER_THAN_TWO_SINGLE_INSTANCE_OBJECTS,
41254632/142091.888,relative_depth,FEWER_THAN_TWO_SINGLE_INSTANCE_OBJECTS,
41254720/128239.109,relative_depth,FEWER_THAN_TWO_SINGLE_INSTANCE_OBJECTS,
41254720/128250.904,relative_depth,FEWER_THAN_TWO_SINGLE_INSTANCE_OBJECTS,
41254720/128262.600,relative_depth,FEWER_THAN_TWO_SINGLE_INSTANCE_OBJECTS,
41254720/128274.395,relative_depth,FEWER_THAN_TWO_SINGLE_INSTANCE_OBJECTS,
41254720/128286.107,relative_depth,FEWER_THAN_TWO_SINGLE_INSTANCE_OBJECTS,
41254778/131886.633,relative_depth,FEWER_THAN_TWO_SINGLE_INSTANCE_OBJECTS,
41254778/131939.329,relative_depth,FEWER_THAN_TWO_SINGLE_INSTANCE_OBJECTS,
41254778/131992.025,relative_depth,FEWER_THAN_TWO_SINGLE_INSTANCE_OBJECTS,
41254778/132009.618,relative_depth,FEWER_THAN_TWO_SINGLE_INSTANCE_OBJECTS,
41254893/159209.938,relative_depth,FEWER_THAN_TWO_SINGLE_INSTANCE_OBJECTS,
41254893/159233.844,relative_depth,FEWER_THAN_TWO_SINGLE_INSTANCE_OBJECTS,
41254893/159257.734,relative_depth,FEWER_THAN_TWO_SINGLE_INSTANCE_OBJECTS,
41254893/159281.641,relative_depth,FEWER_THAN_TWO_SINGLE_INSTANCE_OBJECTS,
41254956/143012.063,relative_depth,FEWER_THAN_TWO_SINGLE_INSTANCE_OBJECTS,
41254956/143061.043,relative_depth,FEWER_THAN_TWO_SINGLE_INSTANCE_OBJECTS,
41254956/143093.747,relative_depth,FEWER_THAN_TWO_SINGLE_INSTANCE_OBJECTS,
41254956/143110.141,relative_depth,FEWER_THAN_TWO_SINGLE_INSTANCE_OBJECTS,
41254956/143126.451,relative_depth,FEWER_THAN_TWO_SINGLE_INSTANCE_OBJECTS,
42444474/1372.779,relative_depth,FEWER_THAN_TWO_SINGLE_INSTANCE_OBJECTS,
42444474/1383.774,relative_depth,FEWER_THAN_TWO_SINGLE_INSTANCE_OBJECTS,
42444474/1394.770,relative_depth,FEWER_THAN_TWO_SINGLE_INSTANCE_OBJECTS,
42444474/1405.765,relative_depth,FEWER_THAN_TWO_SINGLE_INSTANCE_OBJECTS,
42444474/1427.673,relative_depth,FEWER_THAN_TWO_SINGLE_INSTANCE_OBJECTS,
42444513/3435.059,relative_depth,NO_PAIR_CLEARS_DEPTH_GAP,
42444513/3463.564,relative_depth,NO_PAIR_CLEARS_DEPTH_GAP,
42444526/4115.161,relative_depth,FEWER_THAN_TWO_SINGLE_INSTANCE_OBJECTS,
42444703/73378.680,relative_depth,FEWER_THAN_TWO_SINGLE_INSTANCE_OBJECTS,
42444703/73388.592,relative_depth,FEWER_THAN_TWO_SINGLE_INSTANCE_OBJECTS,
42444703/73398.588,relative_depth,FEWER_THAN_TWO_SINGLE_INSTANCE_OBJECTS,
42444703/73408.484,relative_depth,FEWER_THAN_TWO_SINGLE_INSTANCE_OBJECTS,
42444703/73418.380,relative_depth,FEWER_THAN_TWO_SINGLE_INSTANCE_OBJECTS,
42444711/74046.621,relative_depth,FEWER_THAN_TWO_SINGLE_INSTANCE_OBJECTS,
42444711/74065.230,relative_depth,FEWER_THAN_TWO_SINGLE_INSTANCE_OBJECTS,
42444735/77881.312,relative_depth,FEWER_THAN_TWO_SINGLE_INSTANCE_OBJECTS,
42444814/54583.701,relative_depth,NO_PAIR_CLEARS_DEPTH_GAP,
42444814/54595.596,relative_depth,FEWER_THAN_TWO_SINGLE_INSTANCE_OBJECTS,
42444814/54631.298,relative_depth,FEWER_THAN_TWO_SINGLE_INSTANCE_OBJECTS,
42444814/54643.210,relative_depth,FEWER_THAN_TWO_SINGLE_INSTANCE_OBJECTS,
42444814/54655.105,relative_depth,FEWER_THAN_TWO_SINGLE_INSTANCE_OBJECTS,
42444849/95101.639,relative_depth,FEWER_THAN_TWO_SINGLE_INSTANCE_OBJECTS,
42444849/95124.946,relative_depth,FEWER_THAN_TWO_SINGLE_INSTANCE_OBJECTS,
42444849/95136.642,relative_depth,FEWER_THAN_TWO_SINGLE_INSTANCE_OBJECTS,
42444849/95148.337,relative_depth,FEWER_THAN_TWO_SINGLE_INSTANCE_OBJECTS,
42444855/94847.913,relative_depth,FEWER_THAN_TWO_SINGLE_INSTANCE_OBJECTS,
42444855/94861.324,relative_depth,FEWER_THAN_TWO_SINGLE_INSTANCE_OBJECTS,
42444855/94874.719,relative_depth,FEWER_THAN_TWO_SINGLE_INSTANCE_OBJECTS,
42444855/94888.213,relative_depth,FEWER_THAN_TWO_SINGLE_INSTANCE_OBJECTS,
42444855/94915.019,relative_depth,NO_PAIR_CLEARS_DEPTH_GAP,
42444855/94928.413,relative_depth,FEWER_THAN_TWO_SINGLE_INSTANCE_OBJECTS,
42444859/96513.874,relative_depth,FEWER_THAN_TWO_SINGLE_INSTANCE_OBJECTS,
42444859/96518.372,relative_depth,FEWER_THAN_TWO_SINGLE_INSTANCE_OBJECTS,
42444859/96531.967,relative_depth,NO_PAIR_CLEARS_DEPTH_GAP,
42444859/96540.963,relative_depth,FEWER_THAN_TWO_SINGLE_INSTANCE_OBJECTS,
42444860/96659.165,relative_depth,NO_PAIR_CLEARS_DEPTH_GAP,
42444860/96670.561,relative_depth,FEWER_THAN_TWO_SINGLE_INSTANCE_OBJECTS,
42444860/96681.973,relative_depth,FEWER_THAN_TWO_SINGLE_INSTANCE_OBJECTS,
42444860/96693.268,relative_depth,FEWER_THAN_TWO_SINGLE_INSTANCE_OBJECTS,
42444872/98023.293,relative_depth,FEWER_THAN_TWO_SINGLE_INSTANCE_OBJECTS,
42444872/98035.404,relative_depth,FEWER_THAN_TWO_SINGLE_INSTANCE_OBJECTS,
42444872/98047.500,relative_depth,FEWER_THAN_TWO_SINGLE_INSTANCE_OBJECTS,
42444872/98059.694,relative_depth,FEWER_THAN_TWO_SINGLE_INSTANCE_OBJECTS,
42444872/98071.806,relative_depth,FEWER_THAN_TWO_SINGLE_INSTANCE_OBJECTS,
42444872/98083.901,relative_depth,FEWER_THAN_TWO_SINGLE_INSTANCE_OBJECTS,
42444872/98095.996,relative_depth,FEWER_THAN_TWO_SINGLE_INSTANCE_OBJECTS,
42444928/221432.701,relative_depth,FEWER_THAN_TWO_SINGLE_INSTANCE_OBJECTS,
42444928/221442.197,relative_depth,FEWER_THAN_TWO_SINGLE_INSTANCE_OBJECTS,
42444928/221451.693,relative_depth,FEWER_THAN_TWO_SINGLE_INSTANCE_OBJECTS,
42444928/221461.306,relative_depth,FEWER_THAN_TWO_SINGLE_INSTANCE_OBJECTS,
42444953/224978.061,relative_depth,FEWER_THAN_TWO_SINGLE_INSTANCE_OBJECTS,
42444953/224995.970,relative_depth,FEWER_THAN_TWO_SINGLE_INSTANCE_OBJECTS,
42444997/45141.388,relative_depth,FEWER_THAN_TWO_SINGLE_INSTANCE_OBJECTS,
42444997/45156.465,relative_depth,FEWER_THAN_TWO_SINGLE_INSTANCE_OBJECTS,
42444997/45171.659,relative_depth,FEWER_THAN_TWO_SINGLE_INSTANCE_OBJECTS,
42444997/45232.267,relative_depth,FEWER_THAN_TWO_SINGLE_INSTANCE_OBJECTS,
42444998/45363.879,relative_depth,FEWER_THAN_TWO_SINGLE_INSTANCE_OBJECTS,
42444998/45401.164,relative_depth,FEWER_THAN_TWO_SINGLE_INSTANCE_OBJECTS,
42444998/45419.856,relative_depth,FEWER_THAN_TWO_SINGLE_INSTANCE_OBJECTS,
42444998/45438.565,relative_depth,FEWER_THAN_TWO_SINGLE_INSTANCE_OBJECTS,
42444998/45457.157,relative_depth,NO_PAIR_CLEARS_DEPTH_GAP,
42444998/45475.866,relative_depth,FEWER_THAN_TWO_SINGLE_INSTANCE_OBJECTS,
42444998/45494.558,relative_depth,NO_PAIR_CLEARS_DEPTH_GAP,
42445078/5606.131,relative_depth,NO_PAIR_CLEARS_DEPTH_GAP,
42445078/5614.728,relative_depth,FEWER_THAN_TWO_SINGLE_INSTANCE_OBJECTS,
42445078/5632.038,relative_depth,NO_PAIR_CLEARS_DEPTH_GAP,
42445128/5095.858,relative_depth,NO_PAIR_CLEARS_DEPTH_GAP,
42445128/5103.338,relative_depth,FEWER_THAN_TWO_SINGLE_INSTANCE_OBJECTS,
42445128/5110.952,relative_depth,FEWER_THAN_TWO_SINGLE_INSTANCE_OBJECTS,
42445128/5133.642,relative_depth,FEWER_THAN_TWO_SINGLE_INSTANCE_OBJECTS,
42445128/5141.139,relative_depth,FEWER_THAN_TWO_SINGLE_INSTANCE_OBJECTS,
42445128/5148.736,relative_depth,FEWER_THAN_TWO_SINGLE_INSTANCE_OBJECTS,
42445180/8945.210,relative_depth,FEWER_THAN_TWO_SINGLE_INSTANCE_OBJECTS,
42445180/8958.305,relative_depth,FEWER_THAN_TWO_SINGLE_INSTANCE_OBJECTS,
42445180/8971.400,relative_depth,FEWER_THAN_TWO_SINGLE_INSTANCE_OBJECTS,
42445205/10720.036,relative_depth,FEWER_THAN_TWO_SINGLE_INSTANCE_OBJECTS,
42445205/10728.833,relative_depth,FEWER_THAN_TWO_SINGLE_INSTANCE_OBJECTS,
42445205/10746.442,relative_depth,FEWER_THAN_TWO_SINGLE_INSTANCE_OBJECTS,
42445205/10764.035,relative_depth,FEWER_THAN_TWO_SINGLE_INSTANCE_OBJECTS,
42445205/10772.832,relative_depth,FEWER_THAN_TWO_SINGLE_INSTANCE_OBJECTS,
42445445/149672.621,relative_depth,FEWER_THAN_TWO_SINGLE_INSTANCE_OBJECTS,
42445462/151046.635,relative_depth,NO_PAIR_CLEARS_DEPTH_GAP,
42445462/151055.348,relative_depth,NO_PAIR_CLEARS_DEPTH_GAP,
42445476/152276.707,relative_depth,FEWER_THAN_TWO_SINGLE_INSTANCE_OBJECTS,
42445476/152286.503,relative_depth,FEWER_THAN_TWO_SINGLE_INSTANCE_OBJECTS,
42445498/154770.686,relative_depth,NO_PAIR_CLEARS_DEPTH_GAP,
42445498/154785.080,relative_depth,NO_PAIR_CLEARS_DEPTH_GAP,
42445502/154840.374,relative_depth,NO_PAIR_CLEARS_DEPTH_GAP,
42445502/154856.584,relative_depth,FEWER_THAN_TWO_SINGLE_INSTANCE_OBJECTS,
42445599/285039.652,relative_depth,FEWER_THAN_TWO_SINGLE_INSTANCE_OBJECTS,
42445599/285068.240,relative_depth,FEWER_THAN_TWO_SINGLE_INSTANCE_OBJECTS,
42445599/285096.845,relative_depth,FEWER_THAN_TWO_SINGLE_INSTANCE_OBJECTS,
42445670/60953.225,relative_depth,FEWER_THAN_TWO_SINGLE_INSTANCE_OBJECTS,
42445670/60968.135,relative_depth,FEWER_THAN_TWO_SINGLE_INSTANCE_OBJECTS,
42445677/61012.634,relative_depth,FEWER_THAN_TWO_SINGLE_INSTANCE_OBJECTS,
42445677/61025.828,relative_depth,FEWER_THAN_TWO_SINGLE_INSTANCE_OBJECTS,
42445677/61038.923,relative_depth,FEWER_THAN_TWO_SINGLE_INSTANCE_OBJECTS,
42445677/61052.134,relative_depth,FEWER_THAN_TWO_SINGLE_INSTANCE_OBJECTS,
42445677/61065.228,relative_depth,FEWER_THAN_TWO_SINGLE_INSTANCE_OBJECTS,
42445677/61078.423,relative_depth,FEWER_THAN_TWO_SINGLE_INSTANCE_OBJECTS,
42445677/61091.534,relative_depth,FEWER_THAN_TWO_SINGLE_INSTANCE_OBJECTS,
42445680/61953.888,relative_depth,FEWER_THAN_TWO_SINGLE_INSTANCE_OBJECTS,
42445680/62000.569,relative_depth,FEWER_THAN_TWO_SINGLE_INSTANCE_OBJECTS,
42445680/62023.976,relative_depth,FEWER_THAN_TWO_SINGLE_INSTANCE_OBJECTS,
42445680/62047.383,relative_depth,FEWER_THAN_TWO_SINGLE_INSTANCE_OBJECTS,
42445680/62094.080,relative_depth,FEWER_THAN_TWO_SINGLE_INSTANCE_OBJECTS,
42445680/62117.470,relative_depth,FEWER_THAN_TWO_SINGLE_INSTANCE_OBJECTS,
42445721/63515.037,relative_depth,FEWER_THAN_TWO_SINGLE_INSTANCE_OBJECTS,
42445721/63525.516,relative_depth,FEWER_THAN_TWO_SINGLE_INSTANCE_OBJECTS,
42445721/63557.219,relative_depth,FEWER_THAN_TWO_SINGLE_INSTANCE_OBJECTS,
42445721/63567.815,relative_depth,FEWER_THAN_TWO_SINGLE_INSTANCE_OBJECTS,
42445891/72983.090,relative_depth,FEWER_THAN_TWO_SINGLE_INSTANCE_OBJECTS,
42445891/72985.606,relative_depth,FEWER_THAN_TWO_SINGLE_INSTANCE_OBJECTS,
42445891/72990.603,relative_depth,FEWER_THAN_TWO_SINGLE_INSTANCE_OBJECTS,
42445927/77965.579,relative_depth,FEWER_THAN_TWO_SINGLE_INSTANCE_OBJECTS,
42445927/77975.192,relative_depth,FEWER_THAN_TWO_SINGLE_INSTANCE_OBJECTS,
42445927/77980.090,relative_depth,FEWER_THAN_TWO_SINGLE_INSTANCE_OBJECTS,
42445938/79444.586,relative_depth,FEWER_THAN_TWO_SINGLE_INSTANCE_OBJECTS,
42445938/79461.180,relative_depth,FEWER_THAN_TWO_SINGLE_INSTANCE_OBJECTS,
42445938/79477.790,relative_depth,FEWER_THAN_TWO_SINGLE_INSTANCE_OBJECTS,
42445938/79486.086,relative_depth,FEWER_THAN_TWO_SINGLE_INSTANCE_OBJECTS,
42445938/79494.383,relative_depth,FEWER_THAN_TWO_SINGLE_INSTANCE_OBJECTS,
42445966/347061.441,relative_depth,NO_PAIR_CLEARS_DEPTH_GAP,
42445966/347082.633,relative_depth,FEWER_THAN_TWO_SINGLE_INSTANCE_OBJECTS,
42445966/347146.240,relative_depth,NO_PAIR_CLEARS_DEPTH_GAP,
42445966/347188.639,relative_depth,FEWER_THAN_TWO_SINGLE_INSTANCE_OBJECTS,
42445984/75145.654,relative_depth,FEWER_THAN_TWO_SINGLE_INSTANCE_OBJECTS,
42445984/75157.732,relative_depth,FEWER_THAN_TWO_SINGLE_INSTANCE_OBJECTS,
42445984/75169.927,relative_depth,NO_PAIR_CLEARS_DEPTH_GAP,
42445984/75182.139,relative_depth,FEWER_THAN_TWO_SINGLE_INSTANCE_OBJECTS,
42445984/75194.334,relative_depth,FEWER_THAN_TWO_SINGLE_INSTANCE_OBJECTS,
42445984/75218.624,relative_depth,FEWER_THAN_TWO_SINGLE_INSTANCE_OBJECTS,
42445984/75230.835,relative_depth,FEWER_THAN_TWO_SINGLE_INSTANCE_OBJECTS,
42445988/347250.930,relative_depth,FEWER_THAN_TWO_SINGLE_INSTANCE_OBJECTS,
42445988/347287.132,relative_depth,NO_PAIR_CLEARS_DEPTH_GAP,
42445988/347323.434,relative_depth,FEWER_THAN_TWO_SINGLE_INSTANCE_OBJECTS,
42445988/347359.635,relative_depth,FEWER_THAN_TWO_SINGLE_INSTANCE_OBJECTS,
42445988/347432.139,relative_depth,FEWER_THAN_TWO_SINGLE_INSTANCE_OBJECTS,
42445988/347468.324,relative_depth,NO_PAIR_CLEARS_DEPTH_GAP,
42445998/75359.532,relative_depth,FEWER_THAN_TWO_SINGLE_INSTANCE_OBJECTS,
42445998/75379.223,relative_depth,FEWER_THAN_TWO_SINGLE_INSTANCE_OBJECTS,
42445998/75418.624,relative_depth,FEWER_THAN_TWO_SINGLE_INSTANCE_OBJECTS,
42445998/75438.432,relative_depth,FEWER_THAN_TWO_SINGLE_INSTANCE_OBJECTS,
42445998/75497.524,relative_depth,FEWER_THAN_TWO_SINGLE_INSTANCE_OBJECTS,
42446016/348089.567,relative_depth,FEWER_THAN_TWO_SINGLE_INSTANCE_OBJECTS,
42446016/348146.277,relative_depth,FEWER_THAN_TWO_SINGLE_INSTANCE_OBJECTS,
42446017/134591.132,relative_depth,NO_PAIR_CLEARS_DEPTH_GAP,
42446017/134596.729,relative_depth,FEWER_THAN_TWO_SINGLE_INSTANCE_OBJECTS,
42446017/134613.223,relative_depth,FEWER_THAN_TWO_SINGLE_INSTANCE_OBJECTS,
42446025/134627.650,relative_depth,FEWER_THAN_TWO_SINGLE_INSTANCE_OBJECTS,
42446025/134641.228,relative_depth,FEWER_THAN_TWO_SINGLE_INSTANCE_OBJECTS,
42446025/134709.616,relative_depth,FEWER_THAN_TWO_SINGLE_INSTANCE_OBJECTS,
42446025/134723.327,relative_depth,FEWER_THAN_TWO_SINGLE_INSTANCE_OBJECTS,
42446038/347873.772,relative_depth,FEWER_THAN_TWO_SINGLE_INSTANCE_OBJECTS,
42446038/347901.477,relative_depth,FEWER_THAN_TWO_SINGLE_INSTANCE_OBJECTS,
42446038/347915.372,relative_depth,FEWER_THAN_TWO_SINGLE_INSTANCE_OBJECTS,
42446038/347943.077,relative_depth,FEWER_THAN_TWO_SINGLE_INSTANCE_OBJECTS,
42446038/347956.871,relative_depth,FEWER_THAN_TWO_SINGLE_INSTANCE_OBJECTS,
42446049/347784.375,relative_depth,FEWER_THAN_TWO_SINGLE_INSTANCE_OBJECTS,
42446049/347815.479,relative_depth,FEWER_THAN_TWO_SINGLE_INSTANCE_OBJECTS,
42446049/347825.775,relative_depth,FEWER_THAN_TWO_SINGLE_INSTANCE_OBJECTS,
42446049/347836.171,relative_depth,FEWER_THAN_TWO_SINGLE_INSTANCE_OBJECTS,
42446050/79827.595,relative_depth,FEWER_THAN_TWO_SINGLE_INSTANCE_OBJECTS,
42446050/79839.973,relative_depth,FEWER_THAN_TWO_SINGLE_INSTANCE_OBJECTS,
42446050/79846.187,relative_depth,FEWER_THAN_TWO_SINGLE_INSTANCE_OBJECTS,
42446050/79852.384,relative_depth,FEWER_THAN_TWO_SINGLE_INSTANCE_OBJECTS,
42446050/79864.779,relative_depth,FEWER_THAN_TWO_SINGLE_INSTANCE_OBJECTS,
42446056/349277.083,relative_depth,FEWER_THAN_TWO_SINGLE_INSTANCE_OBJECTS,
42446056/349323.481,relative_depth,FEWER_THAN_TWO_SINGLE_INSTANCE_OBJECTS,
42446056/349416.376,relative_depth,FEWER_THAN_TWO_SINGLE_INSTANCE_OBJECTS,
42446068/80639.395,relative_depth,NO_PAIR_CLEARS_DEPTH_GAP,
42446068/80660.586,relative_depth,NO_PAIR_CLEARS_DEPTH_GAP,
42446068/80667.683,relative_depth,FEWER_THAN_TWO_SINGLE_INSTANCE_OBJECTS,
42446072/80517.395,relative_depth,FEWER_THAN_TWO_SINGLE_INSTANCE_OBJECTS,
42446072/80531.390,relative_depth,NO_PAIR_CLEARS_DEPTH_GAP,
42446083/348853.890,relative_depth,FEWER_THAN_TWO_SINGLE_INSTANCE_OBJECTS,
42446083/348868.084,relative_depth,FEWER_THAN_TWO_SINGLE_INSTANCE_OBJECTS,
42446083/348882.378,relative_depth,FEWER_THAN_TWO_SINGLE_INSTANCE_OBJECTS,
42446083/348896.589,relative_depth,FEWER_THAN_TWO_SINGLE_INSTANCE_OBJECTS,
42446083/348910.784,relative_depth,FEWER_THAN_TWO_SINGLE_INSTANCE_OBJECTS,
42446083/348924.978,relative_depth,NO_PAIR_CLEARS_DEPTH_GAP,
42446093/350198.072,relative_depth,FEWER_THAN_TWO_SINGLE_INSTANCE_OBJECTS,
42446093/350232.158,relative_depth,FEWER_THAN_TWO_SINGLE_INSTANCE_OBJECTS,
42446093/350300.363,relative_depth,FEWER_THAN_TWO_SINGLE_INSTANCE_OBJECTS,
42446100/77923.890,relative_depth,FEWER_THAN_TWO_SINGLE_INSTANCE_OBJECTS,
42446100/77940.584,relative_depth,FEWER_THAN_TWO_SINGLE_INSTANCE_OBJECTS,
42446100/77957.294,relative_depth,NO_PAIR_CLEARS_DEPTH_GAP,
42446100/77973.987,relative_depth,FEWER_THAN_TWO_SINGLE_INSTANCE_OBJECTS,
42446100/77990.681,relative_depth,FEWER_THAN_TWO_SINGLE_INSTANCE_OBJECTS,
42446100/78007.391,relative_depth,FEWER_THAN_TWO_SINGLE_INSTANCE_OBJECTS,
42446103/78053.189,relative_depth,FEWER_THAN_TWO_SINGLE_INSTANCE_OBJECTS,
42446103/78100.687,relative_depth,FEWER_THAN_TWO_SINGLE_INSTANCE_OBJECTS,
42446103/78116.581,relative_depth,NO_PAIR_CLEARS_DEPTH_GAP,
42446103/78132.391,relative_depth,FEWER_THAN_TWO_SINGLE_INSTANCE_OBJECTS,
42446103/78148.285,relative_depth,FEWER_THAN_TWO_SINGLE_INSTANCE_OBJECTS,
42446114/78188.985,relative_depth,FEWER_THAN_TWO_SINGLE_INSTANCE_OBJECTS,
42446114/78211.493,relative_depth,FEWER_THAN_TWO_SINGLE_INSTANCE_OBJECTS,
42446114/78256.492,relative_depth,FEWER_THAN_TWO_SINGLE_INSTANCE_OBJECTS,
42446114/78279.083,relative_depth,FEWER_THAN_TWO_SINGLE_INSTANCE_OBJECTS,
42446114/78324.082,relative_depth,NO_PAIR_CLEARS_DEPTH_GAP,
42446114/78346.590,relative_depth,FEWER_THAN_TWO_SINGLE_INSTANCE_OBJECTS,
42446156/79148.218,relative_depth,NO_PAIR_CLEARS_DEPTH_GAP,
42446156/79160.313,relative_depth,FEWER_THAN_TWO_SINGLE_INSTANCE_OBJECTS,
42446156/79172.408,relative_depth,FEWER_THAN_TWO_SINGLE_INSTANCE_OBJECTS,
42446156/79184.620,relative_depth,FEWER_THAN_TWO_SINGLE_INSTANCE_OBJECTS,
42446156/79196.715,relative_depth,FEWER_THAN_TWO_SINGLE_INSTANCE_OBJECTS,
42446156/79208.811,relative_depth,NO_PAIR_CLEARS_DEPTH_GAP,
42446156/79220.922,relative_depth,FEWER_THAN_TWO_SINGLE_INSTANCE_OBJECTS,
42446466/355382.670,relative_depth,FEWER_THAN_TWO_SINGLE_INSTANCE_OBJECTS,
42446466/355442.463,relative_depth,FEWER_THAN_TWO_SINGLE_INSTANCE_OBJECTS,
42446466/355462.471,relative_depth,NO_PAIR_CLEARS_DEPTH_GAP,
42446485/355700.674,relative_depth,FEWER_THAN_TWO_SINGLE_INSTANCE_OBJECTS,
42446485/355741.174,relative_depth,FEWER_THAN_TWO_SINGLE_INSTANCE_OBJECTS,
42446485/355903.174,relative_depth,FEWER_THAN_TWO_SINGLE_INSTANCE_OBJECTS,
42446485/355943.674,relative_depth,NO_PAIR_CLEARS_DEPTH_GAP,
42446497/357478.654,relative_depth,FEWER_THAN_TWO_SINGLE_INSTANCE_OBJECTS,
42446497/357491.748,relative_depth,FEWER_THAN_TWO_SINGLE_INSTANCE_OBJECTS,
42446541/201550.462,relative_depth,FEWER_THAN_TWO_SINGLE_INSTANCE_OBJECTS,
42446541/201570.437,relative_depth,FEWER_THAN_TWO_SINGLE_INSTANCE_OBJECTS,
42446541/201610.437,relative_depth,FEWER_THAN_TWO_SINGLE_INSTANCE_OBJECTS,
42446541/201630.446,relative_depth,FEWER_THAN_TWO_SINGLE_INSTANCE_OBJECTS,
42446541/201650.437,relative_depth,FEWER_THAN_TWO_SINGLE_INSTANCE_OBJECTS,
42446541/201670.446,relative_depth,FEWER_THAN_TWO_SINGLE_INSTANCE_OBJECTS,
42446576/205872.256,relative_depth,FEWER_THAN_TWO_SINGLE_INSTANCE_OBJECTS,
42446576/205880.269,relative_depth,NO_PAIR_CLEARS_DEPTH_GAP,
42446576/205888.266,relative_depth,FEWER_THAN_TWO_SINGLE_INSTANCE_OBJECTS,
42446576/205896.263,relative_depth,FEWER_THAN_TWO_SINGLE_INSTANCE_OBJECTS,
42447210/209181.493,relative_depth,NO_PAIR_CLEARS_DEPTH_GAP,
42447210/209191.589,relative_depth,FEWER_THAN_TWO_SINGLE_INSTANCE_OBJECTS,
42447210/209211.781,relative_depth,NO_PAIR_CLEARS_DEPTH_GAP,
42447210/209221.877,relative_depth,FEWER_THAN_TWO_SINGLE_INSTANCE_OBJECTS,
42447210/209252.181,relative_depth,FEWER_THAN_TWO_SINGLE_INSTANCE_OBJECTS,
42447230/88873.235,relative_depth,FEWER_THAN_TWO_SINGLE_INSTANCE_OBJECTS,
42447230/88899.024,relative_depth,FEWER_THAN_TWO_SINGLE_INSTANCE_OBJECTS,
42447230/88911.835,relative_depth,FEWER_THAN_TWO_SINGLE_INSTANCE_OBJECTS,
42447308/409732.885,relative_depth,NO_PAIR_CLEARS_DEPTH_GAP,
42447308/409749.295,relative_depth,FEWER_THAN_TWO_SINGLE_INSTANCE_OBJECTS,
42447308/409765.788,relative_depth,FEWER_THAN_TWO_SINGLE_INSTANCE_OBJECTS,
42897418/103533.004,relative_depth,NO_PAIR_CLEARS_DEPTH_GAP,
42897462/470096.776,relative_depth,FEWER_THAN_TWO_SINGLE_INSTANCE_OBJECTS,
42897462/470203.581,relative_depth,FEWER_THAN_TWO_SINGLE_INSTANCE_OBJECTS,
42897509/472248.326,relative_depth,NO_PAIR_CLEARS_DEPTH_GAP,
42897509/472345.519,relative_depth,FEWER_THAN_TWO_SINGLE_INSTANCE_OBJECTS,
42897509/472369.826,relative_depth,FEWER_THAN_TWO_SINGLE_INSTANCE_OBJECTS,
42897512/472624.221,relative_depth,FEWER_THAN_TWO_SINGLE_INSTANCE_OBJECTS,
42897512/472664.721,relative_depth,FEWER_THAN_TWO_SINGLE_INSTANCE_OBJECTS,
42897512/472705.221,relative_depth,FEWER_THAN_TWO_SINGLE_INSTANCE_OBJECTS,
42897512/472867.321,relative_depth,FEWER_THAN_TWO_SINGLE_INSTANCE_OBJECTS,
42897521/273969.591,relative_depth,FEWER_THAN_TWO_SINGLE_INSTANCE_OBJECTS,
42897521/273977.004,relative_depth,NO_PAIR_CLEARS_DEPTH_GAP,
42897521/273984.401,relative_depth,NO_PAIR_CLEARS_DEPTH_GAP,
42897550/276535.190,relative_depth,FEWER_THAN_TWO_SINGLE_INSTANCE_OBJECTS,
42897550/276553.466,relative_depth,NO_PAIR_CLEARS_DEPTH_GAP,
42897550/276559.563,relative_depth,FEWER_THAN_TWO_SINGLE_INSTANCE_OBJECTS,
42897600/135620.741,relative_depth,FEWER_THAN_TWO_SINGLE_INSTANCE_OBJECTS,
42897600/135632.536,relative_depth,FEWER_THAN_TWO_SINGLE_INSTANCE_OBJECTS,
42897600/135644.331,relative_depth,FEWER_THAN_TWO_SINGLE_INSTANCE_OBJECTS,
42897600/135656.143,relative_depth,FEWER_THAN_TWO_SINGLE_INSTANCE_OBJECTS,
42897692/480646.499,relative_depth,FEWER_THAN_TWO_SINGLE_INSTANCE_OBJECTS,
42897692/480683.500,relative_depth,NO_PAIR_CLEARS_DEPTH_GAP,
42897692/480794.387,relative_depth,FEWER_THAN_TWO_SINGLE_INSTANCE_OBJECTS,
42897692/480868.290,relative_depth,FEWER_THAN_TWO_SINGLE_INSTANCE_OBJECTS,
42897769/127322.321,relative_depth,FEWER_THAN_TWO_SINGLE_INSTANCE_OBJECTS,
42897769/127367.803,relative_depth,FEWER_THAN_TWO_SINGLE_INSTANCE_OBJECTS,
42897769/127504.298,relative_depth,FEWER_THAN_TWO_SINGLE_INSTANCE_OBJECTS,
42897769/127549.797,relative_depth,FEWER_THAN_TWO_SINGLE_INSTANCE_OBJECTS,
42897769/127595.295,relative_depth,FEWER_THAN_TWO_SINGLE_INSTANCE_OBJECTS,
42897769/127640.794,relative_depth,NO_PAIR_CLEARS_DEPTH_GAP,
42897771/126932.909,relative_depth,NO_PAIR_CLEARS_DEPTH_GAP,
42897771/126954.700,relative_depth,FEWER_THAN_TWO_SINGLE_INSTANCE_OBJECTS,
42897771/126976.508,relative_depth,FEWER_THAN_TWO_SINGLE_INSTANCE_OBJECTS,
42897771/127085.698,relative_depth,FEWER_THAN_TWO_SINGLE_INSTANCE_OBJECTS,
42897780/129067.969,relative_depth,NO_PAIR_CLEARS_DEPTH_GAP,
42897780/129124.646,relative_depth,FEWER_THAN_TWO_SINGLE_INSTANCE_OBJECTS,
42897780/129143.539,relative_depth,FEWER_THAN_TWO_SINGLE_INSTANCE_OBJECTS,
42897829/337767.281,relative_depth,FEWER_THAN_TWO_SINGLE_INSTANCE_OBJECTS,
42897829/337777.877,relative_depth,FEWER_THAN_TWO_SINGLE_INSTANCE_OBJECTS,
42897829/337788.472,relative_depth,FEWER_THAN_TWO_SINGLE_INSTANCE_OBJECTS,
42897829/337799.085,relative_depth,FEWER_THAN_TWO_SINGLE_INSTANCE_OBJECTS,
42897829/337809.680,relative_depth,FEWER_THAN_TWO_SINGLE_INSTANCE_OBJECTS,
42897890/344985.232,relative_depth,FEWER_THAN_TWO_SINGLE_INSTANCE_OBJECTS,
42897890/344994.329,relative_depth,NO_PAIR_CLEARS_DEPTH_GAP,
42897890/345003.425,relative_depth,NO_PAIR_CLEARS_DEPTH_GAP,
42897890/345012.521,relative_depth,FEWER_THAN_TWO_SINGLE_INSTANCE_OBJECTS,
42897890/345030.730,relative_depth,NO_PAIR_CLEARS_DEPTH_GAP,
42897890/345039.827,relative_depth,FEWER_THAN_TWO_SINGLE_INSTANCE_OBJECTS,
42897931/349894.590,relative_depth,NO_PAIR_CLEARS_DEPTH_GAP,
42897931/349920.379,relative_depth,FEWER_THAN_TWO_SINGLE_INSTANCE_OBJECTS,
42897931/349937.589,relative_depth,NO_PAIR_CLEARS_DEPTH_GAP,
42897947/533420.342,relative_depth,FEWER_THAN_TWO_SINGLE_INSTANCE_OBJECTS,
42897947/533439.251,relative_depth,FEWER_THAN_TWO_SINGLE_INSTANCE_OBJECTS,
42897947/533448.647,relative_depth,FEWER_THAN_TWO_SINGLE_INSTANCE_OBJECTS,
42897954/533673.638,relative_depth,FEWER_THAN_TWO_SINGLE_INSTANCE_OBJECTS,
42897954/533696.346,relative_depth,FEWER_THAN_TWO_SINGLE_INSTANCE_OBJECTS,
42897954/533718.953,relative_depth,FEWER_THAN_TWO_SINGLE_INSTANCE_OBJECTS,
42897994/219087.578,relative_depth,FEWER_THAN_TWO_SINGLE_INSTANCE_OBJECTS,
42898041/222029.943,relative_depth,FEWER_THAN_TWO_SINGLE_INSTANCE_OBJECTS,
42898041/222038.640,relative_depth,FEWER_THAN_TWO_SINGLE_INSTANCE_OBJECTS,
42898041/222047.336,relative_depth,FEWER_THAN_TWO_SINGLE_INSTANCE_OBJECTS,
42898041/222056.133,relative_depth,FEWER_THAN_TWO_SINGLE_INSTANCE_OBJECTS,
42898041/222064.846,relative_depth,FEWER_THAN_TWO_SINGLE_INSTANCE_OBJECTS,
42898041/222073.542,relative_depth,FEWER_THAN_TWO_SINGLE_INSTANCE_OBJECTS,
42898041/222082.239,relative_depth,FEWER_THAN_TWO_SINGLE_INSTANCE_OBJECTS,
42898050/223184.651,relative_depth,FEWER_THAN_TWO_SINGLE_INSTANCE_OBJECTS,
42898050/223190.548,relative_depth,FEWER_THAN_TWO_SINGLE_INSTANCE_OBJECTS,
42898050/223202.244,relative_depth,FEWER_THAN_TWO_SINGLE_INSTANCE_OBJECTS,
42898052/223237.546,relative_depth,FEWER_THAN_TWO_SINGLE_INSTANCE_OBJECTS,
42898052/223262.636,relative_depth,FEWER_THAN_TWO_SINGLE_INSTANCE_OBJECTS,
42898061/223740.362,relative_depth,FEWER_THAN_TWO_SINGLE_INSTANCE_OBJECTS,
42898061/223793.857,relative_depth,FEWER_THAN_TWO_SINGLE_INSTANCE_OBJECTS,
42898071/128556.915,relative_depth,FEWER_THAN_TWO_SINGLE_INSTANCE_OBJECTS,
42898071/128566.311,relative_depth,FEWER_THAN_TWO_SINGLE_INSTANCE_OBJECTS,
42898071/128585.103,relative_depth,FEWER_THAN_TWO_SINGLE_INSTANCE_OBJECTS,
42898071/128603.912,relative_depth,FEWER_THAN_TWO_SINGLE_INSTANCE_OBJECTS,
42898071/128613.308,relative_depth,FEWER_THAN_TWO_SINGLE_INSTANCE_OBJECTS,
42898089/129514.685,relative_depth,FEWER_THAN_TWO_SINGLE_INSTANCE_OBJECTS,
42898089/129528.096,relative_depth,FEWER_THAN_TWO_SINGLE_INSTANCE_OBJECTS,
42898112/156245.630,relative_depth,NO_PAIR_CLEARS_DEPTH_GAP,
42898112/156280.133,relative_depth,FEWER_THAN_TWO_SINGLE_INSTANCE_OBJECTS,
42898112/156297.326,relative_depth,FEWER_THAN_TWO_SINGLE_INSTANCE_OBJECTS,
42898112/156314.520,relative_depth,FEWER_THAN_TWO_SINGLE_INSTANCE_OBJECTS,
42898125/139647.588,relative_depth,FEWER_THAN_TWO_SINGLE_INSTANCE_OBJECTS,
42898125/139651.470,relative_depth,NO_PAIR_CLEARS_DEPTH_GAP,
42898125/139659.483,relative_depth,FEWER_THAN_TWO_SINGLE_INSTANCE_OBJECTS,
42898160/143085.894,relative_depth,FEWER_THAN_TWO_SINGLE_INSTANCE_OBJECTS,
42898160/143091.974,relative_depth,FEWER_THAN_TWO_SINGLE_INSTANCE_OBJECTS,
42898160/143098.172,relative_depth,FEWER_THAN_TWO_SINGLE_INSTANCE_OBJECTS,
42898160/143110.583,relative_depth,FEWER_THAN_TWO_SINGLE_INSTANCE_OBJECTS,
42898160/143116.681,relative_depth,FEWER_THAN_TWO_SINGLE_INSTANCE_OBJECTS,
42898160/143122.878,relative_depth,FEWER_THAN_TWO_SINGLE_INSTANCE_OBJECTS,
42898166/693584.439,relative_depth,NO_PAIR_CLEARS_DEPTH_GAP,
42898166/693633.736,relative_depth,FEWER_THAN_TWO_SINGLE_INSTANCE_OBJECTS,
42898166/693658.326,relative_depth,FEWER_THAN_TWO_SINGLE_INSTANCE_OBJECTS,
42898166/693707.639,relative_depth,FEWER_THAN_TWO_SINGLE_INSTANCE_OBJECTS,
42898171/693775.028,relative_depth,FEWER_THAN_TWO_SINGLE_INSTANCE_OBJECTS,
42898171/693815.728,relative_depth,FEWER_THAN_TWO_SINGLE_INSTANCE_OBJECTS,
42898171/693856.428,relative_depth,FEWER_THAN_TWO_SINGLE_INSTANCE_OBJECTS,
42898171/693937.728,relative_depth,FEWER_THAN_TWO_SINGLE_INSTANCE_OBJECTS,
42898171/693978.428,relative_depth,FEWER_THAN_TWO_SINGLE_INSTANCE_OBJECTS,
42898216/694927.045,relative_depth,NO_PAIR_CLEARS_DEPTH_GAP,
42898216/694961.148,relative_depth,FEWER_THAN_TWO_SINGLE_INSTANCE_OBJECTS,
42898216/694995.151,relative_depth,FEWER_THAN_TWO_SINGLE_INSTANCE_OBJECTS,
42898236/167712.465,relative_depth,NO_PAIR_CLEARS_DEPTH_GAP,
42898236/167725.743,relative_depth,FEWER_THAN_TWO_SINGLE_INSTANCE_OBJECTS,
42898236/167732.341,relative_depth,FEWER_THAN_TWO_SINGLE_INSTANCE_OBJECTS,
42898236/167739.038,relative_depth,NO_PAIR_CLEARS_DEPTH_GAP,
42898236/167752.349,relative_depth,NO_PAIR_CLEARS_DEPTH_GAP,
42898236/167759.047,relative_depth,NO_PAIR_CLEARS_DEPTH_GAP,
42898247/167678.046,relative_depth,FEWER_THAN_TWO_SINGLE_INSTANCE_OBJECTS,
42898247/167683.144,relative_depth,FEWER_THAN_TWO_SINGLE_INSTANCE_OBJECTS,
42898247/167693.239,relative_depth,FEWER_THAN_TWO_SINGLE_INSTANCE_OBJECTS,
42898350/511443.693,relative_depth,FEWER_THAN_TWO_SINGLE_INSTANCE_OBJECTS,
42898350/511454.988,relative_depth,FEWER_THAN_TWO_SINGLE_INSTANCE_OBJECTS,
42898350/511477.595,relative_depth,FEWER_THAN_TWO_SINGLE_INSTANCE_OBJECTS,
42898350/511500.186,relative_depth,FEWER_THAN_TWO_SINGLE_INSTANCE_OBJECTS,
42898366/366021.963,relative_depth,NO_PAIR_CLEARS_DEPTH_GAP,
42898366/366028.360,relative_depth,NO_PAIR_CLEARS_DEPTH_GAP,
42898366/366034.758,relative_depth,NO_PAIR_CLEARS_DEPTH_GAP,
42898384/367761.623,relative_depth,FEWER_THAN_TWO_SINGLE_INSTANCE_OBJECTS,
42898384/367767.821,relative_depth,FEWER_THAN_TWO_SINGLE_INSTANCE_OBJECTS,
42898384/367774.019,relative_depth,NO_PAIR_CLEARS_DEPTH_GAP,
42898384/367780.216,relative_depth,FEWER_THAN_TWO_SINGLE_INSTANCE_OBJECTS,
42898392/369338.740,relative_depth,FEWER_THAN_TWO_SINGLE_INSTANCE_OBJECTS,
42898392/369346.637,relative_depth,FEWER_THAN_TWO_SINGLE_INSTANCE_OBJECTS,
42898392/369354.534,relative_depth,FEWER_THAN_TWO_SINGLE_INSTANCE_OBJECTS,
42898405/369809.886,relative_depth,FEWER_THAN_TWO_SINGLE_INSTANCE_OBJECTS,
42898427/1111.356,relative_depth,FEWER_THAN_TWO_SINGLE_INSTANCE_OBJECTS,
42898427/1128.050,relative_depth,FEWER_THAN_TWO_SINGLE_INSTANCE_OBJECTS,
42898427/1133.547,relative_depth,FEWER_THAN_TWO_SINGLE_INSTANCE_OBJECTS,
42898437/2081.458,relative_depth,FEWER_THAN_TWO_SINGLE_INSTANCE_OBJECTS,
42898437/2087.255,relative_depth,FEWER_THAN_TWO_SINGLE_INSTANCE_OBJECTS,
42898437/2093.053,relative_depth,NO_PAIR_CLEARS_DEPTH_GAP,
42898437/2098.851,relative_depth,NO_PAIR_CLEARS_DEPTH_GAP,
42898437/2104.648,relative_depth,FEWER_THAN_TWO_SINGLE_INSTANCE_OBJECTS,
42898437/2116.260,relative_depth,FEWER_THAN_TWO_SINGLE_INSTANCE_OBJECTS,
42898438/2134.353,relative_depth,NO_PAIR_CLEARS_DEPTH_GAP,
42898438/2157.960,relative_depth,NO_PAIR_CLEARS_DEPTH_GAP,
42898438/2165.757,relative_depth,FEWER_THAN_TWO_SINGLE_INSTANCE_OBJECTS,
42898439/2634.956,relative_depth,FEWER_THAN_TWO_SINGLE_INSTANCE_OBJECTS,
42898439/2645.768,relative_depth,FEWER_THAN_TWO_SINGLE_INSTANCE_OBJECTS,
42898439/2651.266,relative_depth,FEWER_THAN_TWO_SINGLE_INSTANCE_OBJECTS,
42898439/2662.062,relative_depth,FEWER_THAN_TWO_SINGLE_INSTANCE_OBJECTS,
42898444/2737.165,relative_depth,FEWER_THAN_TWO_SINGLE_INSTANCE_OBJECTS,
42898444/2744.762,relative_depth,FEWER_THAN_TWO_SINGLE_INSTANCE_OBJECTS,
42898444/2752.459,relative_depth,FEWER_THAN_TWO_SINGLE_INSTANCE_OBJECTS,
42898454/156481.204,relative_depth,FEWER_THAN_TWO_SINGLE_INSTANCE_OBJECTS,
42898454/156487.601,relative_depth,NO_PAIR_CLEARS_DEPTH_GAP,
42898454/156500.413,relative_depth,FEWER_THAN_TWO_SINGLE_INSTANCE_OBJECTS,
42898454/156506.810,relative_depth,FEWER_THAN_TWO_SINGLE_INSTANCE_OBJECTS,
42898454/156513.207,relative_depth,FEWER_THAN_TWO_SINGLE_INSTANCE_OBJECTS,
42898454/156519.605,relative_depth,FEWER_THAN_TWO_SINGLE_INSTANCE_OBJECTS,
42898500/159968.510,relative_depth,NO_PAIR_CLEARS_DEPTH_GAP,
42898500/159987.002,relative_depth,FEWER_THAN_TWO_SINGLE_INSTANCE_OBJECTS,
42898500/159999.297,relative_depth,FEWER_THAN_TWO_SINGLE_INSTANCE_OBJECTS,
42898500/160005.511,relative_depth,FEWER_THAN_TWO_SINGLE_INSTANCE_OBJECTS,
42898574/753003.370,relative_depth,FEWER_THAN_TWO_SINGLE_INSTANCE_OBJECTS,
42898574/753017.681,relative_depth,FEWER_THAN_TWO_SINGLE_INSTANCE_OBJECTS,
42898574/753031.975,relative_depth,FEWER_THAN_TWO_SINGLE_INSTANCE_OBJECTS,
42898574/753046.270,relative_depth,FEWER_THAN_TWO_SINGLE_INSTANCE_OBJECTS,
42898596/184346.503,relative_depth,FEWER_THAN_TWO_SINGLE_INSTANCE_OBJECTS,
42898596/184355.399,relative_depth,FEWER_THAN_TWO_SINGLE_INSTANCE_OBJECTS,
42898596/184364.296,relative_depth,FEWER_THAN_TWO_SINGLE_INSTANCE_OBJECTS,
42898596/184373.192,relative_depth,FEWER_THAN_TWO_SINGLE_INSTANCE_OBJECTS,
42898596/184391.002,relative_depth,FEWER_THAN_TWO_SINGLE_INSTANCE_OBJECTS,
42898653/573103.028,relative_depth,FEWER_THAN_TWO_SINGLE_INSTANCE_OBJECTS,
42898653/573257.531,relative_depth,FEWER_THAN_TWO_SINGLE_INSTANCE_OBJECTS,
42898655/572881.337,relative_depth,FEWER_THAN_TWO_SINGLE_INSTANCE_OBJECTS,
42898655/572898.247,relative_depth,FEWER_THAN_TWO_SINGLE_INSTANCE_OBJECTS,
42898655/572915.240,relative_depth,FEWER_THAN_TWO_SINGLE_INSTANCE_OBJECTS,
42898655/572966.035,relative_depth,FEWER_THAN_TWO_SINGLE_INSTANCE_OBJECTS,
42898671/574201.293,relative_depth,FEWER_THAN_TWO_SINGLE_INSTANCE_OBJECTS,
42898671/574259.686,relative_depth,FEWER_THAN_TWO_SINGLE_INSTANCE_OBJECTS,
42898689/577247.638,relative_depth,FEWER_THAN_TWO_SINGLE_INSTANCE_OBJECTS,
42898689/577252.719,relative_depth,NO_PAIR_CLEARS_DEPTH_GAP,
42898689/577257.817,relative_depth,FEWER_THAN_TWO_SINGLE_INSTANCE_OBJECTS,
42898689/577268.029,relative_depth,FEWER_THAN_TWO_SINGLE_INSTANCE_OBJECTS,
42898689/577273.127,relative_depth,FEWER_THAN_TWO_SINGLE_INSTANCE_OBJECTS,
42898689/577278.225,relative_depth,FEWER_THAN_TWO_SINGLE_INSTANCE_OBJECTS,
42898710/581469.938,relative_depth,FEWER_THAN_TWO_SINGLE_INSTANCE_OBJECTS,
42898710/581498.543,relative_depth,FEWER_THAN_TWO_SINGLE_INSTANCE_OBJECTS,
42898711/581543.341,relative_depth,FEWER_THAN_TWO_SINGLE_INSTANCE_OBJECTS,
42898711/581550.438,relative_depth,FEWER_THAN_TWO_SINGLE_INSTANCE_OBJECTS,
42898711/581557.435,relative_depth,FEWER_THAN_TWO_SINGLE_INSTANCE_OBJECTS,
42898711/581571.529,relative_depth,FEWER_THAN_TWO_SINGLE_INSTANCE_OBJECTS,
42898711/581578.543,relative_depth,NO_PAIR_CLEARS_DEPTH_GAP,
42898728/583442.298,relative_depth,FEWER_THAN_TWO_SINGLE_INSTANCE_OBJECTS,
42898728/583449.178,relative_depth,FEWER_THAN_TWO_SINGLE_INSTANCE_OBJECTS,
42898728/583490.978,relative_depth,FEWER_THAN_TWO_SINGLE_INSTANCE_OBJECTS,
42898740/63483.112,relative_depth,NO_PAIR_CLEARS_DEPTH_GAP,
42898740/63528.510,relative_depth,NO_PAIR_CLEARS_DEPTH_GAP,
42898751/64175.380,relative_depth,NO_PAIR_CLEARS_DEPTH_GAP,
42898751/64196.772,relative_depth,FEWER_THAN_TWO_SINGLE_INSTANCE_OBJECTS,
42898756/64591.844,relative_depth,NO_PAIR_CLEARS_DEPTH_GAP,
42898756/64626.246,relative_depth,NO_PAIR_CLEARS_DEPTH_GAP,
42898756/64634.843,relative_depth,FEWER_THAN_TWO_SINGLE_INSTANCE_OBJECTS,
42898803/69008.408,relative_depth,FEWER_THAN_TWO_SINGLE_INSTANCE_OBJECTS,
42898803/69024.818,relative_depth,FEWER_THAN_TWO_SINGLE_INSTANCE_OBJECTS,
42898803/69041.112,relative_depth,FEWER_THAN_TWO_SINGLE_INSTANCE_OBJECTS,
42898803/69049.308,relative_depth,FEWER_THAN_TWO_SINGLE_INSTANCE_OBJECTS,
42898816/167360.099,relative_depth,FEWER_THAN_TWO_SINGLE_INSTANCE_OBJECTS,
42898816/167366.397,relative_depth,FEWER_THAN_TWO_SINGLE_INSTANCE_OBJECTS,
42898816/167372.594,relative_depth,FEWER_THAN_TWO_SINGLE_INSTANCE_OBJECTS,
42898817/167425.189,relative_depth,FEWER_THAN_TWO_SINGLE_INSTANCE_OBJECTS,
42898817/167431.587,relative_depth,FEWER_THAN_TWO_SINGLE_INSTANCE_OBJECTS,
42898849/196500.014,relative_depth,FEWER_THAN_TWO_SINGLE_INSTANCE_OBJECTS,
42898849/196518.123,relative_depth,FEWER_THAN_TWO_SINGLE_INSTANCE_OBJECTS,
42898849/196554.226,relative_depth,FEWER_THAN_TWO_SINGLE_INSTANCE_OBJECTS,
42898849/196572.218,relative_depth,NO_PAIR_CLEARS_DEPTH_GAP,
42898862/196344.025,relative_depth,FEWER_THAN_TWO_SINGLE_INSTANCE_OBJECTS,
42898862/196375.413,relative_depth,FEWER_THAN_TWO_SINGLE_INSTANCE_OBJECTS,
42898862/196391.024,relative_depth,FEWER_THAN_TWO_SINGLE_INSTANCE_OBJECTS,
42898862/196406.717,relative_depth,FEWER_THAN_TWO_SINGLE_INSTANCE_OBJECTS,
42898903/817238.858,relative_depth,FEWER_THAN_TWO_SINGLE_INSTANCE_OBJECTS,
42898929/818089.001,relative_depth,FEWER_THAN_TWO_SINGLE_INSTANCE_OBJECTS,
42898929/818146.494,relative_depth,FEWER_THAN_TWO_SINGLE_INSTANCE_OBJECTS,
42898929/818175.299,relative_depth,FEWER_THAN_TWO_SINGLE_INSTANCE_OBJECTS,
42898929/818232.809,relative_depth,FEWER_THAN_TWO_SINGLE_INSTANCE_OBJECTS,
42898943/819477.197,relative_depth,FEWER_THAN_TWO_SINGLE_INSTANCE_OBJECTS,
42898943/819505.502,relative_depth,FEWER_THAN_TWO_SINGLE_INSTANCE_OBJECTS,
42898943/819562.095,relative_depth,FEWER_THAN_TWO_SINGLE_INSTANCE_OBJECTS,
42898943/819618.705,relative_depth,FEWER_THAN_TWO_SINGLE_INSTANCE_OBJECTS,
42898959/821184.118,relative_depth,FEWER_THAN_TWO_SINGLE_INSTANCE_OBJECTS,
42898959/821221.919,relative_depth,FEWER_THAN_TWO_SINGLE_INSTANCE_OBJECTS,
42898959/821234.514,relative_depth,NO_PAIR_CLEARS_DEPTH_GAP,
42898959/821247.109,relative_depth,FEWER_THAN_TWO_SINGLE_INSTANCE_OBJECTS,
42898977/823280.634,relative_depth,NO_PAIR_CLEARS_DEPTH_GAP,
42898977/823333.745,relative_depth,FEWER_THAN_TWO_SINGLE_INSTANCE_OBJECTS,
42899065/648846.455,relative_depth,NO_PAIR_CLEARS_DEPTH_GAP,
42899065/648852.253,relative_depth,NO_PAIR_CLEARS_DEPTH_GAP,
42899065/648869.646,relative_depth,FEWER_THAN_TWO_SINGLE_INSTANCE_OBJECTS,
42899065/648875.443,relative_depth,FEWER_THAN_TWO_SINGLE_INSTANCE_OBJECTS,
42899071/650699.391,relative_depth,FEWER_THAN_TWO_SINGLE_INSTANCE_OBJECTS,
42899071/650738.575,relative_depth,FEWER_THAN_TWO_SINGLE_INSTANCE_OBJECTS,
42899071/650748.387,relative_depth,NO_PAIR_CLEARS_DEPTH_GAP,
42899071/650758.183,relative_depth,FEWER_THAN_TWO_SINGLE_INSTANCE_OBJECTS,
42899072/650617.692,relative_depth,NO_PAIR_CLEARS_DEPTH_GAP,
42899072/650626.788,relative_depth,FEWER_THAN_TWO_SINGLE_INSTANCE_OBJECTS,
42899072/650635.884,relative_depth,FEWER_THAN_TWO_SINGLE_INSTANCE_OBJECTS,
42899072/650644.981,relative_depth,FEWER_THAN_TWO_SINGLE_INSTANCE_OBJECTS,
42899072/650654.077,relative_depth,FEWER_THAN_TWO_SINGLE_INSTANCE_OBJECTS,
42899072/650663.190,relative_depth,NO_PAIR_CLEARS_DEPTH_GAP,
42899111/128752.996,relative_depth,FEWER_THAN_TWO_SINGLE_INSTANCE_OBJECTS,
42899111/128757.394,relative_depth,FEWER_THAN_TWO_SINGLE_INSTANCE_OBJECTS,
42899111/128761.892,relative_depth,FEWER_THAN_TWO_SINGLE_INSTANCE_OBJECTS,
42899111/128766.391,relative_depth,FEWER_THAN_TWO_SINGLE_INSTANCE_OBJECTS,
42899111/128770.889,relative_depth,FEWER_THAN_TWO_SINGLE_INSTANCE_OBJECTS,
42899111/128775.287,relative_depth,FEWER_THAN_TWO_SINGLE_INSTANCE_OBJECTS,
42899111/128784.300,relative_depth,FEWER_THAN_TWO_SINGLE_INSTANCE_OBJECTS,
42899132/131112.784,relative_depth,FEWER_THAN_TWO_SINGLE_INSTANCE_OBJECTS,
42899139/131240.182,relative_depth,FEWER_THAN_TWO_SINGLE_INSTANCE_OBJECTS,
42899139/131271.786,relative_depth,FEWER_THAN_TWO_SINGLE_INSTANCE_OBJECTS,
42899141/131735.988,relative_depth,FEWER_THAN_TWO_SINGLE_INSTANCE_OBJECTS,
42899141/131739.087,relative_depth,FEWER_THAN_TWO_SINGLE_INSTANCE_OBJECTS,
42899215/187979.024,relative_depth,FEWER_THAN_TWO_SINGLE_INSTANCE_OBJECTS,
42899215/187992.919,relative_depth,FEWER_THAN_TWO_SINGLE_INSTANCE_OBJECTS,
42899247/881854.139,relative_depth,FEWER_THAN_TWO_SINGLE_INSTANCE_OBJECTS,
42899247/881859.337,relative_depth,FEWER_THAN_TWO_SINGLE_INSTANCE_OBJECTS,
42899265/214361.708,relative_depth,FEWER_THAN_TWO_SINGLE_INSTANCE_OBJECTS,
42899265/214399.710,relative_depth,NO_PAIR_CLEARS_DEPTH_GAP,
42899265/214437.712,relative_depth,FEWER_THAN_TWO_SINGLE_INSTANCE_OBJECTS,
42899265/214589.618,relative_depth,FEWER_THAN_TWO_SINGLE_INSTANCE_OBJECTS,
42899284/885313.475,relative_depth,FEWER_THAN_TWO_SINGLE_INSTANCE_OBJECTS,
42899284/885320.672,relative_depth,FEWER_THAN_TWO_SINGLE_INSTANCE_OBJECTS,
42899284/885327.968,relative_depth,NO_PAIR_CLEARS_DEPTH_GAP,
42899284/885349.676,relative_depth,FEWER_THAN_TWO_SINGLE_INSTANCE_OBJECTS,
42899305/218462.543,relative_depth,FEWER_THAN_TWO_SINGLE_INSTANCE_OBJECTS,
42899305/218475.338,relative_depth,FEWER_THAN_TWO_SINGLE_INSTANCE_OBJECTS,
42899305/218488.149,relative_depth,FEWER_THAN_TWO_SINGLE_INSTANCE_OBJECTS,
42899305/218494.547,relative_depth,FEWER_THAN_TWO_SINGLE_INSTANCE_OBJECTS,
42899305/218500.944,relative_depth,FEWER_THAN_TWO_SINGLE_INSTANCE_OBJECTS,
42899307/885771.148,relative_depth,FEWER_THAN_TWO_SINGLE_INSTANCE_OBJECTS,
42899307/885785.359,relative_depth,FEWER_THAN_TWO_SINGLE_INSTANCE_OBJECTS,
42899307/885792.456,relative_depth,FEWER_THAN_TWO_SINGLE_INSTANCE_OBJECTS,
42899358/716459.194,relative_depth,FEWER_THAN_TWO_SINGLE_INSTANCE_OBJECTS,
42899358/716471.189,relative_depth,FEWER_THAN_TWO_SINGLE_INSTANCE_OBJECTS,
42899358/716495.395,relative_depth,FEWER_THAN_TWO_SINGLE_INSTANCE_OBJECTS,
42899358/716507.390,relative_depth,FEWER_THAN_TWO_SINGLE_INSTANCE_OBJECTS,
42899362/717585.619,relative_depth,FEWER_THAN_TWO_SINGLE_INSTANCE_OBJECTS,
42899430/188083.660,relative_depth,FEWER_THAN_TWO_SINGLE_INSTANCE_OBJECTS,
42899430/188095.955,relative_depth,FEWER_THAN_TWO_SINGLE_INSTANCE_OBJECTS,
42899430/188108.150,relative_depth,FEWER_THAN_TWO_SINGLE_INSTANCE_OBJECTS,
42899430/188144.851,relative_depth,NO_PAIR_CLEARS_DEPTH_GAP,
42899432/188669.349,relative_depth,FEWER_THAN_TWO_SINGLE_INSTANCE_OBJECTS,
42899432/188675.147,relative_depth,NO_PAIR_CLEARS_DEPTH_GAP,
42899432/188680.944,relative_depth,NO_PAIR_CLEARS_DEPTH_GAP,
42899432/188686.742,relative_depth,NO_PAIR_CLEARS_DEPTH_GAP,
42899489/197725.375,relative_depth,FEWER_THAN_TWO_SINGLE_INSTANCE_OBJECTS,
42899489/197728.257,relative_depth,FEWER_THAN_TWO_SINGLE_INSTANCE_OBJECTS,
42899489/197731.272,relative_depth,FEWER_THAN_TWO_SINGLE_INSTANCE_OBJECTS,
42899489/197734.171,relative_depth,FEWER_THAN_TWO_SINGLE_INSTANCE_OBJECTS,
42899489/197737.170,relative_depth,FEWER_THAN_TWO_SINGLE_INSTANCE_OBJECTS,
42899489/197740.069,relative_depth,FEWER_THAN_TWO_SINGLE_INSTANCE_OBJECTS,
42899489/197743.067,relative_depth,FEWER_THAN_TWO_SINGLE_INSTANCE_OBJECTS,
42899489/197745.966,relative_depth,FEWER_THAN_TWO_SINGLE_INSTANCE_OBJECTS,
42899532/957242.343,relative_depth,FEWER_THAN_TWO_SINGLE_INSTANCE_OBJECTS,
42899532/957273.230,relative_depth,FEWER_THAN_TWO_SINGLE_INSTANCE_OBJECTS,
42899532/957288.640,relative_depth,FEWER_THAN_TWO_SINGLE_INSTANCE_OBJECTS,
42899533/198303.294,relative_depth,FEWER_THAN_TWO_SINGLE_INSTANCE_OBJECTS,
42899533/198309.874,relative_depth,FEWER_THAN_TWO_SINGLE_INSTANCE_OBJECTS,
42899533/198329.883,relative_depth,NO_PAIR_CLEARS_DEPTH_GAP,
42899533/198349.775,relative_depth,FEWER_THAN_TWO_SINGLE_INSTANCE_OBJECTS,
42899586/960023.070,relative_depth,FEWER_THAN_TWO_SINGLE_INSTANCE_OBJECTS,
42899586/960030.167,relative_depth,FEWER_THAN_TWO_SINGLE_INSTANCE_OBJECTS,
42899586/960037.264,relative_depth,FEWER_THAN_TWO_SINGLE_INSTANCE_OBJECTS,
42899586/960044.361,relative_depth,FEWER_THAN_TWO_SINGLE_INSTANCE_OBJECTS,
42899586/960051.475,relative_depth,FEWER_THAN_TWO_SINGLE_INSTANCE_OBJECTS,
42899586/960058.572,relative_depth,FEWER_THAN_TWO_SINGLE_INSTANCE_OBJECTS,
42899593/961072.453,relative_depth,NO_PAIR_CLEARS_DEPTH_GAP,
42899593/961083.748,relative_depth,NO_PAIR_CLEARS_DEPTH_GAP,
42899612/228449.813,relative_depth,FEWER_THAN_TWO_SINGLE_INSTANCE_OBJECTS,
42899612/228484.916,relative_depth,FEWER_THAN_TWO_SINGLE_INSTANCE_OBJECTS,
42899612/228496.611,relative_depth,FEWER_THAN_TWO_SINGLE_INSTANCE_OBJECTS,
42899612/228508.323,relative_depth,FEWER_THAN_TWO_SINGLE_INSTANCE_OBJECTS,
42899617/228941.769,relative_depth,FEWER_THAN_TWO_SINGLE_INSTANCE_OBJECTS,
42899617/228956.163,relative_depth,FEWER_THAN_TWO_SINGLE_INSTANCE_OBJECTS,
42899620/228847.689,relative_depth,FEWER_THAN_TWO_SINGLE_INSTANCE_OBJECTS,
42899620/228865.366,relative_depth,FEWER_THAN_TWO_SINGLE_INSTANCE_OBJECTS,
42899620/228874.262,relative_depth,FEWER_THAN_TWO_SINGLE_INSTANCE_OBJECTS,
42899699/793085.262,relative_depth,FEWER_THAN_TWO_SINGLE_INSTANCE_OBJECTS,
42899699/793093.259,relative_depth,NO_PAIR_CLEARS_DEPTH_GAP,
42899699/793125.062,relative_depth,FEWER_THAN_TWO_SINGLE_INSTANCE_OBJECTS,
42899725/799579.269,relative_depth,FEWER_THAN_TWO_SINGLE_INSTANCE_OBJECTS,
42899725/799591.847,relative_depth,FEWER_THAN_TWO_SINGLE_INSTANCE_OBJECTS,
42899725/799598.244,relative_depth,FEWER_THAN_TWO_SINGLE_INSTANCE_OBJECTS,
42899725/799604.558,relative_depth,FEWER_THAN_TWO_SINGLE_INSTANCE_OBJECTS,
42899725/799610.856,relative_depth,NO_PAIR_CLEARS_DEPTH_GAP,
42899726/799531.772,relative_depth,FEWER_THAN_TWO_SINGLE_INSTANCE_OBJECTS,
42899726/799536.353,relative_depth,FEWER_THAN_TWO_SINGLE_INSTANCE_OBJECTS,
42899726/799540.952,relative_depth,FEWER_THAN_TWO_SINGLE_INSTANCE_OBJECTS,
42899726/799545.650,relative_depth,FEWER_THAN_TWO_SINGLE_INSTANCE_OBJECTS,
42899750/247410.841,relative_depth,FEWER_THAN_TWO_SINGLE_INSTANCE_OBJECTS,
42899750/247433.932,relative_depth,FEWER_THAN_TWO_SINGLE_INSTANCE_OBJECTS,
42899750/247445.443,relative_depth,FEWER_THAN_TWO_SINGLE_INSTANCE_OBJECTS,
42899750/247456.939,relative_depth,FEWER_THAN_TWO_SINGLE_INSTANCE_OBJECTS,
42899750/247468.534,relative_depth,NO_PAIR_CLEARS_DEPTH_GAP,
42899750/247480.030,relative_depth,FEWER_THAN_TWO_SINGLE_INSTANCE_OBJECTS,
42899767/248602.031,relative_depth,FEWER_THAN_TWO_SINGLE_INSTANCE_OBJECTS,
42899767/248608.129,relative_depth,FEWER_THAN_TWO_SINGLE_INSTANCE_OBJECTS,
42899767/248614.226,relative_depth,FEWER_THAN_TWO_SINGLE_INSTANCE_OBJECTS,
42899767/248620.324,relative_depth,FEWER_THAN_TWO_SINGLE_INSTANCE_OBJECTS,
42899795/251990.924,relative_depth,FEWER_THAN_TWO_SINGLE_INSTANCE_OBJECTS,
42899799/252797.864,relative_depth,NO_PAIR_CLEARS_DEPTH_GAP,
42899799/252810.675,relative_depth,NO_PAIR_CLEARS_DEPTH_GAP,
42899799/252813.874,relative_depth,FEWER_THAN_TWO_SINGLE_INSTANCE_OBJECTS,
42899811/253383.183,relative_depth,FEWER_THAN_TWO_SINGLE_INSTANCE_OBJECTS,
42899822/256574.155,relative_depth,NO_PAIR_CLEARS_DEPTH_GAP,
42899822/256586.550,relative_depth,FEWER_THAN_TWO_SINGLE_INSTANCE_OBJECTS,
42899822/256611.357,relative_depth,FEWER_THAN_TWO_SINGLE_INSTANCE_OBJECTS,
42899875/1023069.683,relative_depth,FEWER_THAN_TWO_SINGLE_INSTANCE_OBJECTS,
42899875/1023089.374,relative_depth,FEWER_THAN_TWO_SINGLE_INSTANCE_OBJECTS,
42899875/1023118.979,relative_depth,NO_PAIR_CLEARS_DEPTH_GAP,
42899970/622.782,relative_depth,FEWER_THAN_TWO_SINGLE_INSTANCE_OBJECTS,
42899970/630.778,relative_depth,FEWER_THAN_TWO_SINGLE_INSTANCE_OBJECTS,
42899970/638.775,relative_depth,FEWER_THAN_TWO_SINGLE_INSTANCE_OBJECTS,
42899970/654.785,relative_depth,FEWER_THAN_TWO_SINGLE_INSTANCE_OBJECTS,
42899970/662.782,relative_depth,FEWER_THAN_TWO_SINGLE_INSTANCE_OBJECTS,
42923203/1502.664,relative_depth,FEWER_THAN_TWO_SINGLE_INSTANCE_OBJECTS,
42923203/1509.861,relative_depth,NO_PAIR_CLEARS_DEPTH_GAP,
42923203/1516.958,relative_depth,FEWER_THAN_TWO_SINGLE_INSTANCE_OBJECTS,
42923204/1537.367,relative_depth,FEWER_THAN_TWO_SINGLE_INSTANCE_OBJECTS,
42923204/1548.762,relative_depth,NO_PAIR_CLEARS_DEPTH_GAP,
42923225/4902.965,relative_depth,FEWER_THAN_TWO_SINGLE_INSTANCE_OBJECTS,
42923225/4915.860,relative_depth,FEWER_THAN_TWO_SINGLE_INSTANCE_OBJECTS,
42923228/5593.820,relative_depth,FEWER_THAN_TWO_SINGLE_INSTANCE_OBJECTS,
43649384/11082.721,relative_depth,NO_PAIR_CLEARS_DEPTH_GAP,
43649384/11094.816,relative_depth,FEWER_THAN_TWO_SINGLE_INSTANCE_OBJECTS,
43649384/11107.028,relative_depth,FEWER_THAN_TWO_SINGLE_INSTANCE_OBJECTS,
43649384/11119.222,relative_depth,FEWER_THAN_TWO_SINGLE_INSTANCE_OBJECTS,
43649384/11131.317,relative_depth,FEWER_THAN_TWO_SINGLE_INSTANCE_OBJECTS,
43649409/10196.916,relative_depth,FEWER_THAN_TWO_SINGLE_INSTANCE_OBJECTS,
43649409/10209.611,relative_depth,FEWER_THAN_TWO_SINGLE_INSTANCE_OBJECTS,
43649409/10222.406,relative_depth,FEWER_THAN_TWO_SINGLE_INSTANCE_OBJECTS,
43649409/10235.117,relative_depth,FEWER_THAN_TWO_SINGLE_INSTANCE_OBJECTS,
43649409/10273.402,relative_depth,NO_PAIR_CLEARS_DEPTH_GAP,
43649409/10286.214,relative_depth,FEWER_THAN_TWO_SINGLE_INSTANCE_OBJECTS,
43649451/12688.775,relative_depth,FEWER_THAN_TWO_SINGLE_INSTANCE_OBJECTS,
43649451/12701.353,relative_depth,NO_PAIR_CLEARS_DEPTH_GAP,
43649451/12714.065,relative_depth,FEWER_THAN_TWO_SINGLE_INSTANCE_OBJECTS,
43649451/12751.967,relative_depth,FEWER_THAN_TWO_SINGLE_INSTANCE_OBJECTS,
43649451/12764.662,relative_depth,NO_PAIR_CLEARS_DEPTH_GAP,
43649451/12777.257,relative_depth,NO_PAIR_CLEARS_DEPTH_GAP,
43649452/12836.867,relative_depth,FEWER_THAN_TWO_SINGLE_INSTANCE_OBJECTS,
43649452/12912.270,relative_depth,NO_PAIR_CLEARS_DEPTH_GAP,
43649452/13025.359,relative_depth,FEWER_THAN_TWO_SINGLE_INSTANCE_OBJECTS,
43649452/13063.060,relative_depth,NO_PAIR_CLEARS_DEPTH_GAP,
43649474/14603.744,relative_depth,FEWER_THAN_TWO_SINGLE_INSTANCE_OBJECTS,
43649474/14619.054,relative_depth,FEWER_THAN_TWO_SINGLE_INSTANCE_OBJECTS,
43649474/14634.448,relative_depth,FEWER_THAN_TWO_SINGLE_INSTANCE_OBJECTS,
43649474/14680.447,relative_depth,FEWER_THAN_TWO_SINGLE_INSTANCE_OBJECTS,
43649586/35263.370,relative_depth,FEWER_THAN_TWO_SINGLE_INSTANCE_OBJECTS,
43649586/35275.849,relative_depth,FEWER_THAN_TWO_SINGLE_INSTANCE_OBJECTS,
43649586/35282.146,relative_depth,FEWER_THAN_TWO_SINGLE_INSTANCE_OBJECTS,
43649586/35288.443,relative_depth,FEWER_THAN_TWO_SINGLE_INSTANCE_OBJECTS,
43649586/35294.641,relative_depth,FEWER_THAN_TWO_SINGLE_INSTANCE_OBJECTS,
43649586/35300.955,relative_depth,FEWER_THAN_TWO_SINGLE_INSTANCE_OBJECTS,
43649586/35307.252,relative_depth,FEWER_THAN_TWO_SINGLE_INSTANCE_OBJECTS,
43649609/36545.253,relative_depth,FEWER_THAN_TWO_SINGLE_INSTANCE_OBJECTS,
43649609/36555.832,relative_depth,FEWER_THAN_TWO_SINGLE_INSTANCE_OBJECTS,
43649609/36577.039,relative_depth,FEWER_THAN_TWO_SINGLE_INSTANCE_OBJECTS,
43649609/36587.635,relative_depth,FEWER_THAN_TWO_SINGLE_INSTANCE_OBJECTS,
43649609/36608.826,relative_depth,FEWER_THAN_TWO_SINGLE_INSTANCE_OBJECTS,
43649648/40255.745,relative_depth,NO_PAIR_CLEARS_DEPTH_GAP,
43649648/40274.537,relative_depth,FEWER_THAN_TWO_SINGLE_INSTANCE_OBJECTS,
43649648/40280.834,relative_depth,FEWER_THAN_TWO_SINGLE_INSTANCE_OBJECTS,
43649654/40637.503,relative_depth,FEWER_THAN_TWO_SINGLE_INSTANCE_OBJECTS,
43649654/40652.913,relative_depth,FEWER_THAN_TWO_SINGLE_INSTANCE_OBJECTS,
43649654/40658.111,relative_depth,FEWER_THAN_TWO_SINGLE_INSTANCE_OBJECTS,
43649722/48870.227,relative_depth,FEWER_THAN_TWO_SINGLE_INSTANCE_OBJECTS,
43649722/48882.522,relative_depth,FEWER_THAN_TWO_SINGLE_INSTANCE_OBJECTS,
43649722/48888.736,relative_depth,FEWER_THAN_TWO_SINGLE_INSTANCE_OBJECTS,
43649762/52467.263,relative_depth,NO_PAIR_CLEARS_DEPTH_GAP,
43649762/52482.457,relative_depth,FEWER_THAN_TWO_SINGLE_INSTANCE_OBJECTS,
43649762/52497.651,relative_depth,NO_PAIR_CLEARS_DEPTH_GAP,
43649762/52528.155,relative_depth,FEWER_THAN_TWO_SINGLE_INSTANCE_OBJECTS,
43649802/46848.713,relative_depth,FEWER_THAN_TWO_SINGLE_INSTANCE_OBJECTS,
43649802/46863.207,relative_depth,FEWER_THAN_TWO_SINGLE_INSTANCE_OBJECTS,
43649802/46892.212,relative_depth,NO_PAIR_CLEARS_DEPTH_GAP,
43649802/46906.607,relative_depth,FEWER_THAN_TWO_SINGLE_INSTANCE_OBJECTS,
43649802/46921.101,relative_depth,FEWER_THAN_TWO_SINGLE_INSTANCE_OBJECTS,
43649802/46935.612,relative_depth,FEWER_THAN_TWO_SINGLE_INSTANCE_OBJECTS,
43649807/46780.406,relative_depth,NO_PAIR_CLEARS_DEPTH_GAP,
43649807/46786.904,relative_depth,NO_PAIR_CLEARS_DEPTH_GAP,
43649807/46799.916,relative_depth,FEWER_THAN_TWO_SINGLE_INSTANCE_OBJECTS,
43649807/46806.413,relative_depth,FEWER_THAN_TWO_SINGLE_INSTANCE_OBJECTS,
43649807/46812.910,relative_depth,FEWER_THAN_TWO_SINGLE_INSTANCE_OBJECTS,
43828149/73328.016,relative_depth,FEWER_THAN_TWO_SINGLE_INSTANCE_OBJECTS,
43828149/73337.129,relative_depth,FEWER_THAN_TWO_SINGLE_INSTANCE_OBJECTS,
43828149/73346.325,relative_depth,FEWER_THAN_TWO_SINGLE_INSTANCE_OBJECTS,
43828149/73355.421,relative_depth,FEWER_THAN_TWO_SINGLE_INSTANCE_OBJECTS,
43828149/73364.517,relative_depth,FEWER_THAN_TWO_SINGLE_INSTANCE_OBJECTS,
43828149/73373.630,relative_depth,FEWER_THAN_TWO_SINGLE_INSTANCE_OBJECTS,
43828162/74431.851,relative_depth,NO_PAIR_CLEARS_DEPTH_GAP,
43828162/74446.229,relative_depth,FEWER_THAN_TWO_SINGLE_INSTANCE_OBJECTS,
43828162/74460.739,relative_depth,FEWER_THAN_TWO_SINGLE_INSTANCE_OBJECTS,
43828162/74489.727,relative_depth,FEWER_THAN_TWO_SINGLE_INSTANCE_OBJECTS,
43828162/74533.226,relative_depth,FEWER_THAN_TWO_SINGLE_INSTANCE_OBJECTS,
43828243/81762.118,relative_depth,FEWER_THAN_TWO_SINGLE_INSTANCE_OBJECTS,
43828243/81782.509,relative_depth,FEWER_THAN_TWO_SINGLE_INSTANCE_OBJECTS,
43828243/81823.409,relative_depth,FEWER_THAN_TWO_SINGLE_INSTANCE_OBJECTS,
43828243/81843.917,relative_depth,FEWER_THAN_TWO_SINGLE_INSTANCE_OBJECTS,
43828243/81864.309,relative_depth,FEWER_THAN_TWO_SINGLE_INSTANCE_OBJECTS,
43828243/81884.817,relative_depth,FEWER_THAN_TWO_SINGLE_INSTANCE_OBJECTS,
43828243/81905.208,relative_depth,FEWER_THAN_TWO_SINGLE_INSTANCE_OBJECTS,
43828250/81621.709,relative_depth,FEWER_THAN_TWO_SINGLE_INSTANCE_OBJECTS,
43828250/81631.705,relative_depth,FEWER_THAN_TWO_SINGLE_INSTANCE_OBJECTS,
43828250/81651.813,relative_depth,FEWER_THAN_TWO_SINGLE_INSTANCE_OBJECTS,
43828250/81661.909,relative_depth,FEWER_THAN_TWO_SINGLE_INSTANCE_OBJECTS,
43828272/84540.197,relative_depth,FEWER_THAN_TWO_SINGLE_INSTANCE_OBJECTS,
43828272/84570.301,relative_depth,FEWER_THAN_TWO_SINGLE_INSTANCE_OBJECTS,
43828272/84600.405,relative_depth,FEWER_THAN_TWO_SINGLE_INSTANCE_OBJECTS,
43828272/84630.509,relative_depth,FEWER_THAN_TWO_SINGLE_INSTANCE_OBJECTS,
43828272/84660.597,relative_depth,NO_PAIR_CLEARS_DEPTH_GAP,
43828323/77578.790,relative_depth,FEWER_THAN_TWO_SINGLE_INSTANCE_OBJECTS,
43828323/77601.281,relative_depth,FEWER_THAN_TWO_SINGLE_INSTANCE_OBJECTS,
43828323/77616.292,relative_depth,FEWER_THAN_TWO_SINGLE_INSTANCE_OBJECTS,
43828328/77652.894,relative_depth,FEWER_THAN_TWO_SINGLE_INSTANCE_OBJECTS,
43828328/77669.488,relative_depth,FEWER_THAN_TWO_SINGLE_INSTANCE_OBJECTS,
43828328/77677.684,relative_depth,FEWER_THAN_TWO_SINGLE_INSTANCE_OBJECTS,
43828328/77694.295,relative_depth,NO_PAIR_CLEARS_DEPTH_GAP,
43828368/92109.451,relative_depth,FEWER_THAN_TWO_SINGLE_INSTANCE_OBJECTS,
43828368/92137.439,relative_depth,FEWER_THAN_TWO_SINGLE_INSTANCE_OBJECTS,
43828368/92151.533,relative_depth,FEWER_THAN_TWO_SINGLE_INSTANCE_OBJECTS,
43828368/92193.632,relative_depth,FEWER_THAN_TWO_SINGLE_INSTANCE_OBJECTS,
43828368/92207.643,relative_depth,FEWER_THAN_TWO_SINGLE_INSTANCE_OBJECTS,
43828382/93065.064,relative_depth,FEWER_THAN_TWO_SINGLE_INSTANCE_OBJECTS,
43828382/93073.560,relative_depth,FEWER_THAN_TWO_SINGLE_INSTANCE_OBJECTS,
43828382/93090.453,relative_depth,FEWER_THAN_TWO_SINGLE_INSTANCE_OBJECTS,
43828382/93098.867,relative_depth,FEWER_THAN_TWO_SINGLE_INSTANCE_OBJECTS,
43828382/93115.760,relative_depth,FEWER_THAN_TWO_SINGLE_INSTANCE_OBJECTS,
43828390/94741.020,relative_depth,FEWER_THAN_TWO_SINGLE_INSTANCE_OBJECTS,
43828390/94766.310,relative_depth,FEWER_THAN_TWO_SINGLE_INSTANCE_OBJECTS,
43828390/94779.021,relative_depth,FEWER_THAN_TWO_SINGLE_INSTANCE_OBJECTS,
43828390/94791.716,relative_depth,FEWER_THAN_TWO_SINGLE_INSTANCE_OBJECTS,
43828391/94862.720,relative_depth,FEWER_THAN_TWO_SINGLE_INSTANCE_OBJECTS,
43828391/94876.314,relative_depth,NO_PAIR_CLEARS_DEPTH_GAP,
43828391/94917.014,relative_depth,FEWER_THAN_TWO_SINGLE_INSTANCE_OBJECTS,
43828402/88423.109,relative_depth,FEWER_THAN_TWO_SINGLE_INSTANCE_OBJECTS,
43828402/88437.803,relative_depth,FEWER_THAN_TWO_SINGLE_INSTANCE_OBJECTS,
43828402/88445.200,relative_depth,FEWER_THAN_TWO_SINGLE_INSTANCE_OBJECTS,
43828402/88452.497,relative_depth,NO_PAIR_CLEARS_DEPTH_GAP,
43828402/88459.911,relative_depth,FEWER_THAN_TWO_SINGLE_INSTANCE_OBJECTS,
43828404/88362.100,relative_depth,FEWER_THAN_TWO_SINGLE_INSTANCE_OBJECTS,
43828404/88395.803,relative_depth,FEWER_THAN_TWO_SINGLE_INSTANCE_OBJECTS,
43828435/90458.653,relative_depth,FEWER_THAN_TWO_SINGLE_INSTANCE_OBJECTS,
43828435/90466.167,relative_depth,FEWER_THAN_TWO_SINGLE_INSTANCE_OBJECTS,
43828435/90473.663,relative_depth,FEWER_THAN_TWO_SINGLE_INSTANCE_OBJECTS,
43828435/90481.161,relative_depth,FEWER_THAN_TWO_SINGLE_INSTANCE_OBJECTS,
43828435/90488.558,relative_depth,FEWER_THAN_TWO_SINGLE_INSTANCE_OBJECTS,
43828435/90496.055,relative_depth,FEWER_THAN_TWO_SINGLE_INSTANCE_OBJECTS,
43828455/92079.363,relative_depth,FEWER_THAN_TWO_SINGLE_INSTANCE_OBJECTS,
43828455/92088.559,relative_depth,NO_PAIR_CLEARS_DEPTH_GAP,
43828455/92093.158,relative_depth,FEWER_THAN_TWO_SINGLE_INSTANCE_OBJECTS,
43828455/92097.756,relative_depth,FEWER_THAN_TWO_SINGLE_INSTANCE_OBJECTS,
43828455/92102.354,relative_depth,NO_PAIR_CLEARS_DEPTH_GAP,
43828456/92187.153,relative_depth,NO_PAIR_CLEARS_DEPTH_GAP,
43828456/92222.856,relative_depth,FEWER_THAN_TWO_SINGLE_INSTANCE_OBJECTS,
43828517/102938.233,relative_depth,FEWER_THAN_TWO_SINGLE_INSTANCE_OBJECTS,
43828517/102975.201,relative_depth,FEWER_THAN_TWO_SINGLE_INSTANCE_OBJECTS,
43828517/102984.413,relative_depth,FEWER_THAN_TWO_SINGLE_INSTANCE_OBJECTS,
43828517/102993.710,relative_depth,FEWER_THAN_TWO_SINGLE_INSTANCE_OBJECTS,
43828517/103002.906,relative_depth,FEWER_THAN_TWO_SINGLE_INSTANCE_OBJECTS,
43828520/102861.631,relative_depth,FEWER_THAN_TWO_SINGLE_INSTANCE_OBJECTS,
43828520/102870.211,relative_depth,FEWER_THAN_TWO_SINGLE_INSTANCE_OBJECTS,
43828520/102896.217,relative_depth,FEWER_THAN_TWO_SINGLE_INSTANCE_OBJECTS,
43828520/102904.813,relative_depth,FEWER_THAN_TWO_SINGLE_INSTANCE_OBJECTS,
43828520/102913.510,relative_depth,FEWER_THAN_TWO_SINGLE_INSTANCE_OBJECTS,
43828555/101319.035,relative_depth,FEWER_THAN_TWO_SINGLE_INSTANCE_OBJECTS,
43828555/101336.828,relative_depth,FEWER_THAN_TWO_SINGLE_INSTANCE_OBJECTS,
43828555/101345.725,relative_depth,FEWER_THAN_TWO_SINGLE_INSTANCE_OBJECTS,
43828555/101354.638,relative_depth,FEWER_THAN_TWO_SINGLE_INSTANCE_OBJECTS,
43828555/101363.534,relative_depth,FEWER_THAN_TWO_SINGLE_INSTANCE_OBJECTS,
43828555/101372.431,relative_depth,FEWER_THAN_TWO_SINGLE_INSTANCE_OBJECTS,
43828555/101381.327,relative_depth,FEWER_THAN_TWO_SINGLE_INSTANCE_OBJECTS,
43895865/107623.302,relative_depth,FEWER_THAN_TWO_SINGLE_INSTANCE_OBJECTS,
43895865/107648.192,relative_depth,NO_PAIR_CLEARS_DEPTH_GAP,
43895865/107673.181,relative_depth,FEWER_THAN_TWO_SINGLE_INSTANCE_OBJECTS,
43895865/107685.576,relative_depth,FEWER_THAN_TWO_SINGLE_INSTANCE_OBJECTS,
43895865/107698.088,relative_depth,FEWER_THAN_TWO_SINGLE_INSTANCE_OBJECTS,
43895865/107710.583,relative_depth,FEWER_THAN_TWO_SINGLE_INSTANCE_OBJECTS,
43895917/111303.972,relative_depth,FEWER_THAN_TWO_SINGLE_INSTANCE_OBJECTS,
43895917/111309.653,relative_depth,NO_PAIR_CLEARS_DEPTH_GAP,
43895949/109100.054,relative_depth,FEWER_THAN_TWO_SINGLE_INSTANCE_OBJECTS,
43895949/109106.635,relative_depth,FEWER_THAN_TWO_SINGLE_INSTANCE_OBJECTS,
43895949/109119.846,relative_depth,NO_PAIR_CLEARS_DEPTH_GAP,
43895987/136330.028,relative_depth,FEWER_THAN_TWO_SINGLE_INSTANCE_OBJECTS,
43895987/136348.021,relative_depth,FEWER_THAN_TWO_SINGLE_INSTANCE_OBJECTS,
43895987/136366.030,relative_depth,NO_PAIR_CLEARS_DEPTH_GAP,
43895987/136384.023,relative_depth,FEWER_THAN_TWO_SINGLE_INSTANCE_OBJECTS,
43895987/136402.032,relative_depth,FEWER_THAN_TWO_SINGLE_INSTANCE_OBJECTS,
43895987/136420.024,relative_depth,FEWER_THAN_TWO_SINGLE_INSTANCE_OBJECTS,
43895987/136438.033,relative_depth,FEWER_THAN_TWO_SINGLE_INSTANCE_OBJECTS,
43896019/138313.930,relative_depth,NO_PAIR_CLEARS_DEPTH_GAP,
43896019/138332.406,relative_depth,FEWER_THAN_TWO_SINGLE_INSTANCE_OBJECTS,
43896019/138341.602,relative_depth,FEWER_THAN_TWO_SINGLE_INSTANCE_OBJECTS,
43896038/129990.186,relative_depth,FEWER_THAN_TWO_SINGLE_INSTANCE_OBJECTS,
43896038/129995.167,relative_depth,FEWER_THAN_TWO_SINGLE_INSTANCE_OBJECTS,
43896038/130000.165,relative_depth,FEWER_THAN_TWO_SINGLE_INSTANCE_OBJECTS,
43896038/130005.163,relative_depth,FEWER_THAN_TWO_SINGLE_INSTANCE_OBJECTS,
43896038/130010.161,relative_depth,FEWER_THAN_TWO_SINGLE_INSTANCE_OBJECTS,
43896038/130020.157,relative_depth,FEWER_THAN_TWO_SINGLE_INSTANCE_OBJECTS,
43896038/130025.155,relative_depth,FEWER_THAN_TWO_SINGLE_INSTANCE_OBJECTS,
43896117/145943.747,relative_depth,FEWER_THAN_TWO_SINGLE_INSTANCE_OBJECTS,
43896223/4961.008,relative_depth,FEWER_THAN_TWO_SINGLE_INSTANCE_OBJECTS,
43896224/4887.622,relative_depth,FEWER_THAN_TWO_SINGLE_INSTANCE_OBJECTS,
43896224/4893.420,relative_depth,FEWER_THAN_TWO_SINGLE_INSTANCE_OBJECTS,
43896224/4916.810,relative_depth,FEWER_THAN_TWO_SINGLE_INSTANCE_OBJECTS,
43896224/4922.707,relative_depth,NO_PAIR_CLEARS_DEPTH_GAP,
43896224/4928.522,relative_depth,FEWER_THAN_TWO_SINGLE_INSTANCE_OBJECTS,
43896247/7591.408,relative_depth,FEWER_THAN_TWO_SINGLE_INSTANCE_OBJECTS,
43896247/7596.406,relative_depth,FEWER_THAN_TWO_SINGLE_INSTANCE_OBJECTS,
43896247/7601.404,relative_depth,FEWER_THAN_TWO_SINGLE_INSTANCE_OBJECTS,
43896247/7616.297,relative_depth,FEWER_THAN_TWO_SINGLE_INSTANCE_OBJECTS,
43896256/8044.870,relative_depth,FEWER_THAN_TWO_SINGLE_INSTANCE_OBJECTS,
43896256/8065.045,relative_depth,FEWER_THAN_TWO_SINGLE_INSTANCE_OBJECTS,
43896256/8071.859,relative_depth,NO_PAIR_CLEARS_DEPTH_GAP,
43896256/8085.353,relative_depth,FEWER_THAN_TWO_SINGLE_INSTANCE_OBJECTS,
43896256/8092.151,relative_depth,FEWER_THAN_TWO_SINGLE_INSTANCE_OBJECTS,
43896280/5016.315,relative_depth,FEWER_THAN_TWO_SINGLE_INSTANCE_OBJECTS,
43896280/5050.885,relative_depth,NO_PAIR_CLEARS_DEPTH_GAP,
43896280/5085.488,relative_depth,NO_PAIR_CLEARS_DEPTH_GAP,
43896280/5120.091,relative_depth,FEWER_THAN_TWO_SINGLE_INSTANCE_OBJECTS,
43896280/5154.694,relative_depth,FEWER_THAN_TWO_SINGLE_INSTANCE_OBJECTS,
43896280/5223.883,relative_depth,FEWER_THAN_TWO_SINGLE_INSTANCE_OBJECTS,
43896330/8839.579,relative_depth,NO_PAIR_CLEARS_DEPTH_GAP,
43896330/8976.675,relative_depth,FEWER_THAN_TWO_SINGLE_INSTANCE_OBJECTS,
43896358/18597.422,relative_depth,FEWER_THAN_TWO_SINGLE_INSTANCE_OBJECTS,
43896358/18610.634,relative_depth,FEWER_THAN_TWO_SINGLE_INSTANCE_OBJECTS,
43896358/18617.231,relative_depth,FEWER_THAN_TWO_SINGLE_INSTANCE_OBJECTS,
43896358/18623.828,relative_depth,FEWER_THAN_TWO_SINGLE_INSTANCE_OBJECTS,
43896358/18630.425,relative_depth,FEWER_THAN_TWO_SINGLE_INSTANCE_OBJECTS,
43896365/19884.755,relative_depth,FEWER_THAN_TWO_SINGLE_INSTANCE_OBJECTS,
43896365/19897.367,relative_depth,FEWER_THAN_TWO_SINGLE_INSTANCE_OBJECTS,
43896365/19909.961,relative_depth,NO_PAIR_CLEARS_DEPTH_GAP,
43896365/19922.556,relative_depth,FEWER_THAN_TWO_SINGLE_INSTANCE_OBJECTS,
43896365/19947.762,relative_depth,NO_PAIR_CLEARS_DEPTH_GAP,
43896371/19812.168,relative_depth,FEWER_THAN_TWO_SINGLE_INSTANCE_OBJECTS,
43896371/19817.466,relative_depth,FEWER_THAN_TWO_SINGLE_INSTANCE_OBJECTS,
43896371/19827.962,relative_depth,FEWER_THAN_TWO_SINGLE_INSTANCE_OBJECTS,
43896371/19833.160,relative_depth,FEWER_THAN_TWO_SINGLE_INSTANCE_OBJECTS,
43896371/19838.458,relative_depth,FEWER_THAN_TWO_SINGLE_INSTANCE_OBJECTS,
43896371/19843.672,relative_depth,FEWER_THAN_TWO_SINGLE_INSTANCE_OBJECTS,
43896384/21725.881,relative_depth,FEWER_THAN_TWO_SINGLE_INSTANCE_OBJECTS,
43896384/21736.360,relative_depth,FEWER_THAN_TWO_SINGLE_INSTANCE_OBJECTS,
43896384/21757.352,relative_depth,FEWER_THAN_TWO_SINGLE_INSTANCE_OBJECTS,
43896384/21767.947,relative_depth,FEWER_THAN_TWO_SINGLE_INSTANCE_OBJECTS,
43896384/21778.459,relative_depth,FEWER_THAN_TWO_SINGLE_INSTANCE_OBJECTS,
43896384/21799.451,relative_depth,FEWER_THAN_TWO_SINGLE_INSTANCE_OBJECTS,
43896396/22528.596,relative_depth,FEWER_THAN_TWO_SINGLE_INSTANCE_OBJECTS,
43896396/22537.476,relative_depth,FEWER_THAN_TWO_SINGLE_INSTANCE_OBJECTS,
43896396/22573.078,relative_depth,FEWER_THAN_TWO_SINGLE_INSTANCE_OBJECTS,
43896478/22813.207,relative_depth,FEWER_THAN_TWO_SINGLE_INSTANCE_OBJECTS,
43896478/22866.902,relative_depth,FEWER_THAN_TWO_SINGLE_INSTANCE_OBJECTS,
43896478/22877.598,relative_depth,FEWER_THAN_TWO_SINGLE_INSTANCE_OBJECTS,
43896516/34202.978,relative_depth,FEWER_THAN_TWO_SINGLE_INSTANCE_OBJECTS,
43896516/34230.084,relative_depth,FEWER_THAN_TWO_SINGLE_INSTANCE_OBJECTS,
43896516/34311.283,relative_depth,FEWER_THAN_TWO_SINGLE_INSTANCE_OBJECTS,
43896516/34365.478,relative_depth,FEWER_THAN_TWO_SINGLE_INSTANCE_OBJECTS,
43896527/34713.066,relative_depth,FEWER_THAN_TWO_SINGLE_INSTANCE_OBJECTS,
43896527/34721.446,relative_depth,FEWER_THAN_TWO_SINGLE_INSTANCE_OBJECTS,
43896527/34729.942,relative_depth,FEWER_THAN_TWO_SINGLE_INSTANCE_OBJECTS,
43896527/34738.439,relative_depth,FEWER_THAN_TWO_SINGLE_INSTANCE_OBJECTS,
43896527/34755.348,relative_depth,FEWER_THAN_TWO_SINGLE_INSTANCE_OBJECTS,
43896527/34772.341,relative_depth,FEWER_THAN_TWO_SINGLE_INSTANCE_OBJECTS,
44358121/62387.323,relative_depth,FEWER_THAN_TWO_SINGLE_INSTANCE_OBJECTS,
44358121/62410.214,relative_depth,NO_PAIR_CLEARS_DEPTH_GAP,
44358121/62421.609,relative_depth,FEWER_THAN_TWO_SINGLE_INSTANCE_OBJECTS,
44358121/62433.104,relative_depth,FEWER_THAN_TWO_SINGLE_INSTANCE_OBJECTS,
44358121/62444.599,relative_depth,FEWER_THAN_TWO_SINGLE_INSTANCE_OBJECTS,
44358121/62456.011,relative_depth,FEWER_THAN_TWO_SINGLE_INSTANCE_OBJECTS,
44358121/62467.507,relative_depth,FEWER_THAN_TWO_SINGLE_INSTANCE_OBJECTS,
44358204/7492.200,relative_depth,FEWER_THAN_TWO_SINGLE_INSTANCE_OBJECTS,
44358204/7498.881,relative_depth,FEWER_THAN_TWO_SINGLE_INSTANCE_OBJECTS,
44358204/7505.578,relative_depth,NO_PAIR_CLEARS_DEPTH_GAP,
44358204/7519.072,relative_depth,FEWER_THAN_TWO_SINGLE_INSTANCE_OBJECTS,
44358204/7525.786,relative_depth,FEWER_THAN_TWO_SINGLE_INSTANCE_OBJECTS,
44358204/7532.483,relative_depth,FEWER_THAN_TWO_SINGLE_INSTANCE_OBJECTS,
44358204/7539.181,relative_depth,FEWER_THAN_TWO_SINGLE_INSTANCE_OBJECTS,
44358238/10453.343,relative_depth,FEWER_THAN_TWO_SINGLE_INSTANCE_OBJECTS,
44358238/10458.840,relative_depth,FEWER_THAN_TWO_SINGLE_INSTANCE_OBJECTS,
44358238/10464.238,relative_depth,NO_PAIR_CLEARS_DEPTH_GAP,
44358238/10469.636,relative_depth,FEWER_THAN_TWO_SINGLE_INSTANCE_OBJECTS,
44358238/10480.531,relative_depth,FEWER_THAN_TWO_SINGLE_INSTANCE_OBJECTS,
44358243/10413.142,relative_depth,FEWER_THAN_TWO_SINGLE_INSTANCE_OBJECTS,
44358243/10421.039,relative_depth,FEWER_THAN_TWO_SINGLE_INSTANCE_OBJECTS,
44358243/10424.938,relative_depth,FEWER_THAN_TWO_SINGLE_INSTANCE_OBJECTS,
44358243/10428.836,relative_depth,FEWER_THAN_TWO_SINGLE_INSTANCE_OBJECTS,
44358243/10432.734,relative_depth,FEWER_THAN_TWO_SINGLE_INSTANCE_OBJECTS,
44358250/6003.989,relative_depth,FEWER_THAN_TWO_SINGLE_INSTANCE_OBJECTS,
44358250/6030.361,relative_depth,FEWER_THAN_TWO_SINGLE_INSTANCE_OBJECTS,
44358250/6036.959,relative_depth,FEWER_THAN_TWO_SINGLE_INSTANCE_OBJECTS,
44358250/6043.556,relative_depth,FEWER_THAN_TWO_SINGLE_INSTANCE_OBJECTS,
44358274/9041.735,relative_depth,FEWER_THAN_TWO_SINGLE_INSTANCE_OBJECTS,
44358274/9058.845,relative_depth,FEWER_THAN_TWO_SINGLE_INSTANCE_OBJECTS,
44358274/9067.342,relative_depth,NO_PAIR_CLEARS_DEPTH_GAP,
44358274/9084.435,relative_depth,FEWER_THAN_TWO_SINGLE_INSTANCE_OBJECTS,
44358295/15785.072,relative_depth,FEWER_THAN_TWO_SINGLE_INSTANCE_OBJECTS,
44358295/15790.169,relative_depth,FEWER_THAN_TWO_SINGLE_INSTANCE_OBJECTS,
44358295/15795.367,relative_depth,FEWER_THAN_TWO_SINGLE_INSTANCE_OBJECTS,
44358295/15800.565,relative_depth,FEWER_THAN_TWO_SINGLE_INSTANCE_OBJECTS,
44358295/15805.763,relative_depth,FEWER_THAN_TWO_SINGLE_INSTANCE_OBJECTS,
44358295/15810.961,relative_depth,FEWER_THAN_TWO_SINGLE_INSTANCE_OBJECTS,
44358295/15816.175,relative_depth,FEWER_THAN_TWO_SINGLE_INSTANCE_OBJECTS,
44358306/17406.062,relative_depth,FEWER_THAN_TWO_SINGLE_INSTANCE_OBJECTS,
44358306/17419.240,relative_depth,NO_PAIR_CLEARS_DEPTH_GAP,
44358306/17425.837,relative_depth,FEWER_THAN_TWO_SINGLE_INSTANCE_OBJECTS,
44358306/17439.048,relative_depth,NO_PAIR_CLEARS_DEPTH_GAP,
44358306/17445.646,relative_depth,NO_PAIR_CLEARS_DEPTH_GAP,
44358336/14215.136,relative_depth,FEWER_THAN_TWO_SINGLE_INSTANCE_OBJECTS,
44358386/19251.458,relative_depth,FEWER_THAN_TWO_SINGLE_INSTANCE_OBJECTS,
44358422/41151.137,relative_depth,FEWER_THAN_TWO_SINGLE_INSTANCE_OBJECTS,
44358422/41160.633,relative_depth,FEWER_THAN_TWO_SINGLE_INSTANCE_OBJECTS,
44358422/41166.931,relative_depth,FEWER_THAN_TWO_SINGLE_INSTANCE_OBJECTS,
44358422/41170.129,relative_depth,FEWER_THAN_TWO_SINGLE_INSTANCE_OBJECTS,
44358422/41173.328,relative_depth,FEWER_THAN_TWO_SINGLE_INSTANCE_OBJECTS,
44358426/41444.181,relative_depth,FEWER_THAN_TWO_SINGLE_INSTANCE_OBJECTS,
44358426/41455.093,relative_depth,FEWER_THAN_TWO_SINGLE_INSTANCE_OBJECTS,
44358442/42897.397,relative_depth,NO_PAIR_CLEARS_DEPTH_GAP,
44358442/42909.992,relative_depth,NO_PAIR_CLEARS_DEPTH_GAP,
44358442/42935.198,relative_depth,NO_PAIR_CLEARS_DEPTH_GAP,
44358452/43500.602,relative_depth,FEWER_THAN_TWO_SINGLE_INSTANCE_OBJECTS,
44358452/43512.297,relative_depth,FEWER_THAN_TWO_SINGLE_INSTANCE_OBJECTS,
44358452/43535.887,relative_depth,FEWER_THAN_TWO_SINGLE_INSTANCE_OBJECTS,
44358452/43582.984,relative_depth,FEWER_THAN_TWO_SINGLE_INSTANCE_OBJECTS,
44358538/53552.695,relative_depth,FEWER_THAN_TWO_SINGLE_INSTANCE_OBJECTS,
44358538/53556.077,relative_depth,FEWER_THAN_TWO_SINGLE_INSTANCE_OBJECTS,
44358538/53566.273,relative_depth,NO_PAIR_CLEARS_DEPTH_GAP,
44358538/53569.671,relative_depth,FEWER_THAN_TWO_SINGLE_INSTANCE_OBJECTS,
44358538/53573.070,relative_depth,FEWER_THAN_TWO_SINGLE_INSTANCE_OBJECTS,
44358538/53576.469,relative_depth,FEWER_THAN_TWO_SINGLE_INSTANCE_OBJECTS,
44358553/54893.422,relative_depth,FEWER_THAN_TWO_SINGLE_INSTANCE_OBJECTS,
44358553/54915.713,relative_depth,NO_PAIR_CLEARS_DEPTH_GAP,
44358553/54937.920,relative_depth,FEWER_THAN_TWO_SINGLE_INSTANCE_OBJECTS,
44358575/56328.838,relative_depth,NO_PAIR_CLEARS_DEPTH_GAP,
44358582/55777.526,relative_depth,FEWER_THAN_TWO_SINGLE_INSTANCE_OBJECTS,
44358582/55795.119,relative_depth,FEWER_THAN_TWO_SINGLE_INSTANCE_OBJECTS,
44358582/55812.729,relative_depth,FEWER_THAN_TWO_SINGLE_INSTANCE_OBJECTS,
44358582/55830.322,relative_depth,FEWER_THAN_TWO_SINGLE_INSTANCE_OBJECTS,
44358599/58275.422,relative_depth,NO_PAIR_CLEARS_DEPTH_GAP,
44358599/58296.530,relative_depth,FEWER_THAN_TWO_SINGLE_INSTANCE_OBJECTS,
44358599/58317.622,relative_depth,FEWER_THAN_TWO_SINGLE_INSTANCE_OBJECTS,
44358599/58359.722,relative_depth,NO_PAIR_CLEARS_DEPTH_GAP,
44358599/58380.830,relative_depth,FEWER_THAN_TWO_SINGLE_INSTANCE_OBJECTS,
44358599/58401.922,relative_depth,FEWER_THAN_TWO_SINGLE_INSTANCE_OBJECTS,
44358631/1351.085,relative_depth,FEWER_THAN_TWO_SINGLE_INSTANCE_OBJECTS,
44358631/1356.866,relative_depth,FEWER_THAN_TWO_SINGLE_INSTANCE_OBJECTS,
44358631/1362.763,relative_depth,FEWER_THAN_TWO_SINGLE_INSTANCE_OBJECTS,
44358631/1374.575,relative_depth,NO_PAIR_CLEARS_DEPTH_GAP,
44358631/1392.168,relative_depth,FEWER_THAN_TWO_SINGLE_INSTANCE_OBJECTS,
44358634/3016.178,relative_depth,FEWER_THAN_TWO_SINGLE_INSTANCE_OBJECTS,
44358634/3033.254,relative_depth,NO_PAIR_CLEARS_DEPTH_GAP,
44358634/3041.751,relative_depth,FEWER_THAN_TWO_SINGLE_INSTANCE_OBJECTS,
44358634/3058.944,relative_depth,FEWER_THAN_TWO_SINGLE_INSTANCE_OBJECTS,
44358634/3076.053,relative_depth,FEWER_THAN_TWO_SINGLE_INSTANCE_OBJECTS,
44358661/1091.003,relative_depth,FEWER_THAN_TWO_SINGLE_INSTANCE_OBJECTS,
44358661/1108.113,relative_depth,FEWER_THAN_TWO_SINGLE_INSTANCE_OBJECTS,
44358661/1125.206,relative_depth,FEWER_THAN_TWO_SINGLE_INSTANCE_OBJECTS,
44358661/1142.416,relative_depth,FEWER_THAN_TWO_SINGLE_INSTANCE_OBJECTS,
44358661/1159.509,relative_depth,FEWER_THAN_TWO_SINGLE_INSTANCE_OBJECTS,
44358661/1176.602,relative_depth,NO_PAIR_CLEARS_DEPTH_GAP,
44796226/2514.540,relative_depth,FEWER_THAN_TWO_SINGLE_INSTANCE_OBJECTS,
44796226/2529.234,relative_depth,FEWER_THAN_TWO_SINGLE_INSTANCE_OBJECTS,
44796226/2536.531,relative_depth,FEWER_THAN_TWO_SINGLE_INSTANCE_OBJECTS,
44796226/2566.035,relative_depth,FEWER_THAN_TWO_SINGLE_INSTANCE_OBJECTS,
44796236/3113.942,relative_depth,NO_PAIR_CLEARS_DEPTH_GAP,
44796236/3123.838,relative_depth,FEWER_THAN_TWO_SINGLE_INSTANCE_OBJECTS,
44796236/3143.546,relative_depth,FEWER_THAN_TWO_SINGLE_INSTANCE_OBJECTS,
44796236/3153.342,relative_depth,FEWER_THAN_TWO_SINGLE_INSTANCE_OBJECTS,
44796236/3163.238,relative_depth,FEWER_THAN_TWO_SINGLE_INSTANCE_OBJECTS,
44796236/3173.034,relative_depth,FEWER_THAN_TWO_SINGLE_INSTANCE_OBJECTS,
44796257/4260.870,relative_depth,FEWER_THAN_TWO_SINGLE_INSTANCE_OBJECTS,
44796257/4267.984,relative_depth,NO_PAIR_CLEARS_DEPTH_GAP,
44796303/3297.554,relative_depth,FEWER_THAN_TWO_SINGLE_INSTANCE_OBJECTS,
44796303/3309.566,relative_depth,FEWER_THAN_TWO_SINGLE_INSTANCE_OBJECTS,
44796374/11438.679,relative_depth,NO_PAIR_CLEARS_DEPTH_GAP,
44796374/11446.476,relative_depth,FEWER_THAN_TWO_SINGLE_INSTANCE_OBJECTS,
44796374/11454.173,relative_depth,FEWER_THAN_TWO_SINGLE_INSTANCE_OBJECTS,
44796374/11461.969,relative_depth,FEWER_THAN_TWO_SINGLE_INSTANCE_OBJECTS,
44796374/11469.766,relative_depth,FEWER_THAN_TWO_SINGLE_INSTANCE_OBJECTS,
44796450/1742.483,relative_depth,NO_PAIR_CLEARS_DEPTH_GAP,
44796450/1764.757,relative_depth,FEWER_THAN_TWO_SINGLE_INSTANCE_OBJECTS,
44796450/1772.254,relative_depth,FEWER_THAN_TWO_SINGLE_INSTANCE_OBJECTS,
44796450/1794.662,relative_depth,FEWER_THAN_TWO_SINGLE_INSTANCE_OBJECTS,
44796464/3512.740,relative_depth,FEWER_THAN_TWO_SINGLE_INSTANCE_OBJECTS,
44796464/3521.119,relative_depth,FEWER_THAN_TWO_SINGLE_INSTANCE_OBJECTS,
44796464/3546.626,relative_depth,FEWER_THAN_TWO_SINGLE_INSTANCE_OBJECTS,
44796466/3670.541,relative_depth,FEWER_THAN_TWO_SINGLE_INSTANCE_OBJECTS,
44796466/3686.718,relative_depth,FEWER_THAN_TWO_SINGLE_INSTANCE_OBJECTS,
44796466/3702.911,relative_depth,FEWER_THAN_TWO_SINGLE_INSTANCE_OBJECTS,
44796521/3952.516,relative_depth,NO_PAIR_CLEARS_DEPTH_GAP,
44796521/3976.923,relative_depth,FEWER_THAN_TWO_SINGLE_INSTANCE_OBJECTS,
44796521/3985.119,relative_depth,FEWER_THAN_TWO_SINGLE_INSTANCE_OBJECTS,
44796521/3993.216,relative_depth,FEWER_THAN_TWO_SINGLE_INSTANCE_OBJECTS,
44796745/28703.284,relative_depth,FEWER_THAN_TWO_SINGLE_INSTANCE_OBJECTS,
44796745/28733.689,relative_depth,FEWER_THAN_TWO_SINGLE_INSTANCE_OBJECTS,
44796745/28748.899,relative_depth,FEWER_THAN_TWO_SINGLE_INSTANCE_OBJECTS,
44796752/29804.577,relative_depth,NO_PAIR_CLEARS_DEPTH_GAP,
44796752/29815.773,relative_depth,FEWER_THAN_TWO_SINGLE_INSTANCE_OBJECTS,
44796752/29826.885,relative_depth,FEWER_THAN_TWO_SINGLE_INSTANCE_OBJECTS,
44796752/29860.372,relative_depth,FEWER_THAN_TWO_SINGLE_INSTANCE_OBJECTS,
44796752/29871.484,relative_depth,FEWER_THAN_TWO_SINGLE_INSTANCE_OBJECTS,
45260877/7356.378,relative_depth,NO_PAIR_CLEARS_DEPTH_GAP,
45260877/7367.973,relative_depth,FEWER_THAN_TWO_SINGLE_INSTANCE_OBJECTS,
45260877/7391.280,relative_depth,FEWER_THAN_TWO_SINGLE_INSTANCE_OBJECTS,
45260877/7414.470,relative_depth,FEWER_THAN_TWO_SINGLE_INSTANCE_OBJECTS,
45260877/7426.082,relative_depth,FEWER_THAN_TWO_SINGLE_INSTANCE_OBJECTS,
45260900/809.191,relative_depth,FEWER_THAN_TWO_SINGLE_INSTANCE_OBJECTS,
45260900/813.889,relative_depth,FEWER_THAN_TWO_SINGLE_INSTANCE_OBJECTS,
45260900/827.983,relative_depth,FEWER_THAN_TWO_SINGLE_INSTANCE_OBJECTS,
45260900/832.681,relative_depth,FEWER_THAN_TWO_SINGLE_INSTANCE_OBJECTS,
45260900/837.380,relative_depth,FEWER_THAN_TWO_SINGLE_INSTANCE_OBJECTS,
45260905/1446.293,relative_depth,NO_PAIR_CLEARS_DEPTH_GAP,
45260905/1455.989,relative_depth,NO_PAIR_CLEARS_DEPTH_GAP,
45260905/1485.094,relative_depth,FEWER_THAN_TWO_SINGLE_INSTANCE_OBJECTS,
45260905/1504.503,relative_depth,FEWER_THAN_TWO_SINGLE_INSTANCE_OBJECTS,
45260947/4569.721,relative_depth,FEWER_THAN_TWO_SINGLE_INSTANCE_OBJECTS,
45260947/4579.000,relative_depth,NO_PAIR_CLEARS_DEPTH_GAP,
45260947/4597.609,relative_depth,FEWER_THAN_TWO_SINGLE_INSTANCE_OBJECTS,
45260947/4607.006,relative_depth,NO_PAIR_CLEARS_DEPTH_GAP,
45260947/4625.615,relative_depth,FEWER_THAN_TWO_SINGLE_INSTANCE_OBJECTS,
45260951/6096.022,relative_depth,FEWER_THAN_TWO_SINGLE_INSTANCE_OBJECTS,
45260951/6112.315,relative_depth,FEWER_THAN_TWO_SINGLE_INSTANCE_OBJECTS,
45260951/6144.919,relative_depth,NO_PAIR_CLEARS_DEPTH_GAP,
45260951/6161.213,relative_depth,FEWER_THAN_TWO_SINGLE_INSTANCE_OBJECTS,
45260951/6193.816,relative_depth,FEWER_THAN_TWO_SINGLE_INSTANCE_OBJECTS,
45260957/5935.319,relative_depth,FEWER_THAN_TWO_SINGLE_INSTANCE_OBJECTS,
45260957/5966.206,relative_depth,FEWER_THAN_TWO_SINGLE_INSTANCE_OBJECTS,
45260957/5973.920,relative_depth,FEWER_THAN_TWO_SINGLE_INSTANCE_OBJECTS,
45260984/20711.133,relative_depth,FEWER_THAN_TWO_SINGLE_INSTANCE_OBJECTS,
45260984/20721.412,relative_depth,FEWER_THAN_TWO_SINGLE_INSTANCE_OBJECTS,
45260984/20742.103,relative_depth,FEWER_THAN_TWO_SINGLE_INSTANCE_OBJECTS,
45260984/20752.499,relative_depth,FEWER_THAN_TWO_SINGLE_INSTANCE_OBJECTS,
45260984/20783.603,relative_depth,FEWER_THAN_TWO_SINGLE_INSTANCE_OBJECTS,
45261035/12750.771,relative_depth,FEWER_THAN_TWO_SINGLE_INSTANCE_OBJECTS,
45261061/14537.530,relative_depth,FEWER_THAN_TWO_SINGLE_INSTANCE_OBJECTS,
45261061/14582.529,relative_depth,NO_PAIR_CLEARS_DEPTH_GAP,
45261061/14627.628,relative_depth,FEWER_THAN_TWO_SINGLE_INSTANCE_OBJECTS,
45261061/14672.726,relative_depth,FEWER_THAN_TWO_SINGLE_INSTANCE_OBJECTS,
45261061/14695.218,relative_depth,FEWER_THAN_TWO_SINGLE_INSTANCE_OBJECTS,
45261066/14499.528,relative_depth,FEWER_THAN_TWO_SINGLE_INSTANCE_OBJECTS,
45261066/14513.723,relative_depth,NO_PAIR_CLEARS_DEPTH_GAP,
45261066/14520.820,relative_depth,FEWER_THAN_TWO_SINGLE_INSTANCE_OBJECTS,
45261089/418.178,relative_depth,NO_PAIR_CLEARS_DEPTH_GAP,
45261089/431.173,relative_depth,FEWER_THAN_TWO_SINGLE_INSTANCE_OBJECTS,
45261089/457.179,relative_depth,NO_PAIR_CLEARS_DEPTH_GAP,
45261089/470.073,relative_depth,FEWER_THAN_TWO_SINGLE_INSTANCE_OBJECTS,
45261089/496.079,relative_depth,FEWER_THAN_TWO_SINGLE_INSTANCE_OBJECTS,
45261190/3706.390,relative_depth,FEWER_THAN_TWO_SINGLE_INSTANCE_OBJECTS,
45261190/3725.982,relative_depth,FEWER_THAN_TWO_SINGLE_INSTANCE_OBJECTS,
45261190/3735.795,relative_depth,FEWER_THAN_TWO_SINGLE_INSTANCE_OBJECTS,
45261190/3745.591,relative_depth,FEWER_THAN_TWO_SINGLE_INSTANCE_OBJECTS,
45261190/3755.387,relative_depth,FEWER_THAN_TWO_SINGLE_INSTANCE_OBJECTS,
45261251/12593.718,relative_depth,FEWER_THAN_TWO_SINGLE_INSTANCE_OBJECTS,
45261251/12603.314,relative_depth,NO_PAIR_CLEARS_DEPTH_GAP,
45261251/12613.010,relative_depth,NO_PAIR_CLEARS_DEPTH_GAP,
45261251/12622.623,relative_depth,FEWER_THAN_TWO_SINGLE_INSTANCE_OBJECTS,
45261251/12632.319,relative_depth,NO_PAIR_CLEARS_DEPTH_GAP,
45261251/12642.015,relative_depth,FEWER_THAN_TWO_SINGLE_INSTANCE_OBJECTS,
45261251/12651.612,relative_depth,FEWER_THAN_TWO_SINGLE_INSTANCE_OBJECTS,
45261251/12661.308,relative_depth,NO_PAIR_CLEARS_DEPTH_GAP,
45261265/13793.118,relative_depth,FEWER_THAN_TWO_SINGLE_INSTANCE_OBJECTS,
45261317/23535.004,relative_depth,NO_PAIR_CLEARS_DEPTH_GAP,
45261317/23546.099,relative_depth,FEWER_THAN_TWO_SINGLE_INSTANCE_OBJECTS,
45261317/23557.094,relative_depth,FEWER_THAN_TWO_SINGLE_INSTANCE_OBJECTS,
45261317/23568.190,relative_depth,FEWER_THAN_TWO_SINGLE_INSTANCE_OBJECTS,
45261317/23579.302,relative_depth,FEWER_THAN_TWO_SINGLE_INSTANCE_OBJECTS,
45261317/23590.297,relative_depth,FEWER_THAN_TWO_SINGLE_INSTANCE_OBJECTS,
45261317/23601.393,relative_depth,FEWER_THAN_TWO_SINGLE_INSTANCE_OBJECTS,
45261329/24110.667,relative_depth,FEWER_THAN_TWO_SINGLE_INSTANCE_OBJECTS,
45261329/24120.346,relative_depth,FEWER_THAN_TWO_SINGLE_INSTANCE_OBJECTS,
45261329/24130.142,relative_depth,FEWER_THAN_TWO_SINGLE_INSTANCE_OBJECTS,
45261329/24139.855,relative_depth,FEWER_THAN_TWO_SINGLE_INSTANCE_OBJECTS,
45261329/24149.650,relative_depth,FEWER_THAN_TWO_SINGLE_INSTANCE_OBJECTS,
45261329/24169.142,relative_depth,FEWER_THAN_TWO_SINGLE_INSTANCE_OBJECTS,
45261397/29115.261,relative_depth,FEWER_THAN_TWO_SINGLE_INSTANCE_OBJECTS,
45261397/29123.658,relative_depth,FEWER_THAN_TWO_SINGLE_INSTANCE_OBJECTS,
45261397/29132.171,relative_depth,FEWER_THAN_TWO_SINGLE_INSTANCE_OBJECTS,
45261397/29149.165,relative_depth,FEWER_THAN_TWO_SINGLE_INSTANCE_OBJECTS,
45261397/29174.671,relative_depth,NO_PAIR_CLEARS_DEPTH_GAP,
45261407/29661.025,relative_depth,NO_PAIR_CLEARS_DEPTH_GAP,
45261407/29668.122,relative_depth,FEWER_THAN_TWO_SINGLE_INSTANCE_OBJECTS,
45261407/29682.216,relative_depth,NO_PAIR_CLEARS_DEPTH_GAP,
45261407/29689.214,relative_depth,NO_PAIR_CLEARS_DEPTH_GAP,
45261407/29696.311,relative_depth,FEWER_THAN_TWO_SINGLE_INSTANCE_OBJECTS,
45261499/42635.410,relative_depth,NO_PAIR_CLEARS_DEPTH_GAP,
45261499/42641.091,relative_depth,FEWER_THAN_TWO_SINGLE_INSTANCE_OBJECTS,
45261499/42652.586,relative_depth,FEWER_THAN_TWO_SINGLE_INSTANCE_OBJECTS,
45261502/42584.696,relative_depth,FEWER_THAN_TWO_SINGLE_INSTANCE_OBJECTS,
45261502/42590.094,relative_depth,FEWER_THAN_TWO_SINGLE_INSTANCE_OBJECTS,
45261502/42606.088,relative_depth,FEWER_THAN_TWO_SINGLE_INSTANCE_OBJECTS,
45261507/43432.365,relative_depth,NO_PAIR_CLEARS_DEPTH_GAP,
45261507/43439.645,relative_depth,FEWER_THAN_TWO_SINGLE_INSTANCE_OBJECTS,
45261507/43446.959,relative_depth,NO_PAIR_CLEARS_DEPTH_GAP,
45261507/43461.653,relative_depth,FEWER_THAN_TWO_SINGLE_INSTANCE_OBJECTS,
45261507/43476.247,relative_depth,FEWER_THAN_TWO_SINGLE_INSTANCE_OBJECTS,
45261509/43509.468,relative_depth,FEWER_THAN_TWO_SINGLE_INSTANCE_OBJECTS,
45261509/43516.948,relative_depth,FEWER_THAN_TWO_SINGLE_INSTANCE_OBJECTS,
45261509/43524.545,relative_depth,NO_PAIR_CLEARS_DEPTH_GAP,
45261509/43532.159,relative_depth,FEWER_THAN_TWO_SINGLE_INSTANCE_OBJECTS,
45261509/43554.850,relative_depth,FEWER_THAN_TWO_SINGLE_INSTANCE_OBJECTS,
45261509/43562.447,relative_depth,NO_PAIR_CLEARS_DEPTH_GAP,
45261522/45756.592,relative_depth,FEWER_THAN_TWO_SINGLE_INSTANCE_OBJECTS,
45261522/45770.170,relative_depth,FEWER_THAN_TWO_SINGLE_INSTANCE_OBJECTS,
45261522/45783.765,relative_depth,NO_PAIR_CLEARS_DEPTH_GAP,
45261522/45797.360,relative_depth,NO_PAIR_CLEARS_DEPTH_GAP,
45261522/45838.160,relative_depth,NO_PAIR_CLEARS_DEPTH_GAP,
45261524/45692.868,relative_depth,FEWER_THAN_TWO_SINGLE_INSTANCE_OBJECTS,
45261524/45699.965,relative_depth,FEWER_THAN_TWO_SINGLE_INSTANCE_OBJECTS,
45261524/45721.456,relative_depth,NO_PAIR_CLEARS_DEPTH_GAP,
45261524/45742.865,relative_depth,FEWER_THAN_TWO_SINGLE_INSTANCE_OBJECTS,
45261527/45654.066,relative_depth,NO_PAIR_CLEARS_DEPTH_GAP,
45261527/45658.964,relative_depth,FEWER_THAN_TWO_SINGLE_INSTANCE_OBJECTS,
45261527/45663.762,relative_depth,FEWER_THAN_TWO_SINGLE_INSTANCE_OBJECTS,
45261527/45668.660,relative_depth,FEWER_THAN_TWO_SINGLE_INSTANCE_OBJECTS,
45261527/45673.459,relative_depth,FEWER_THAN_TWO_SINGLE_INSTANCE_OBJECTS,
45261527/45683.155,relative_depth,FEWER_THAN_TWO_SINGLE_INSTANCE_OBJECTS,
45261548/75027.598,relative_depth,NO_PAIR_CLEARS_DEPTH_GAP,
45261548/75034.278,relative_depth,FEWER_THAN_TWO_SINGLE_INSTANCE_OBJECTS,
45261548/75047.873,relative_depth,NO_PAIR_CLEARS_DEPTH_GAP,
45261556/75545.498,relative_depth,FEWER_THAN_TWO_SINGLE_INSTANCE_OBJECTS,
45261556/75569.888,relative_depth,FEWER_THAN_TWO_SINGLE_INSTANCE_OBJECTS,
45261556/75582.083,relative_depth,FEWER_THAN_TWO_SINGLE_INSTANCE_OBJECTS,
45261556/75594.295,relative_depth,FEWER_THAN_TWO_SINGLE_INSTANCE_OBJECTS,
45261556/75606.490,relative_depth,FEWER_THAN_TWO_SINGLE_INSTANCE_OBJECTS,
45261556/75618.685,relative_depth,FEWER_THAN_TWO_SINGLE_INSTANCE_OBJECTS,
45261556/75630.896,relative_depth,FEWER_THAN_TWO_SINGLE_INSTANCE_OBJECTS,
45261569/76297.464,relative_depth,FEWER_THAN_TWO_SINGLE_INSTANCE_OBJECTS,
45261569/76325.552,relative_depth,FEWER_THAN_TWO_SINGLE_INSTANCE_OBJECTS,
45261569/76331.150,relative_depth,FEWER_THAN_TWO_SINGLE_INSTANCE_OBJECTS,
45261569/76336.747,relative_depth,FEWER_THAN_TWO_SINGLE_INSTANCE_OBJECTS,
45261571/76450.950,relative_depth,FEWER_THAN_TWO_SINGLE_INSTANCE_OBJECTS,
45261571/76462.845,relative_depth,FEWER_THAN_TWO_SINGLE_INSTANCE_OBJECTS,
45261571/76486.752,relative_depth,FEWER_THAN_TWO_SINGLE_INSTANCE_OBJECTS,
45261571/76498.647,relative_depth,FEWER_THAN_TWO_SINGLE_INSTANCE_OBJECTS,
45261637/55977.492,relative_depth,FEWER_THAN_TWO_SINGLE_INSTANCE_OBJECTS,
45261637/55991.603,relative_depth,FEWER_THAN_TWO_SINGLE_INSTANCE_OBJECTS,
45261637/55998.600,relative_depth,FEWER_THAN_TWO_SINGLE_INSTANCE_OBJECTS,
45261637/56005.597,relative_depth,FEWER_THAN_TWO_SINGLE_INSTANCE_OBJECTS,
45261672/2966.958,relative_depth,FEWER_THAN_TWO_SINGLE_INSTANCE_OBJECTS,
45662791/12773.501,relative_depth,NO_PAIR_CLEARS_DEPTH_GAP,
45662791/12788.295,relative_depth,FEWER_THAN_TWO_SINGLE_INSTANCE_OBJECTS,
45662791/12795.792,relative_depth,FEWER_THAN_TWO_SINGLE_INSTANCE_OBJECTS,
45662791/12803.206,relative_depth,FEWER_THAN_TWO_SINGLE_INSTANCE_OBJECTS,
45662791/12810.603,relative_depth,FEWER_THAN_TWO_SINGLE_INSTANCE_OBJECTS,
45662829/15157.124,relative_depth,FEWER_THAN_TWO_SINGLE_INSTANCE_OBJECTS,
45662829/15166.420,relative_depth,FEWER_THAN_TWO_SINGLE_INSTANCE_OBJECTS,
45662829/15175.716,relative_depth,NO_PAIR_CLEARS_DEPTH_GAP,
45662829/15194.425,relative_depth,FEWER_THAN_TWO_SINGLE_INSTANCE_OBJECTS,
45662829/15203.721,relative_depth,FEWER_THAN_TWO_SINGLE_INSTANCE_OBJECTS,
45662851/12156.269,relative_depth,FEWER_THAN_TWO_SINGLE_INSTANCE_OBJECTS,
45662851/12165.848,relative_depth,FEWER_THAN_TWO_SINGLE_INSTANCE_OBJECTS,
45662851/12175.461,relative_depth,FEWER_THAN_TWO_SINGLE_INSTANCE_OBJECTS,
45662851/12185.057,relative_depth,FEWER_THAN_TWO_SINGLE_INSTANCE_OBJECTS,
45662851/12194.754,relative_depth,FEWER_THAN_TWO_SINGLE_INSTANCE_OBJECTS,
45662851/12204.350,relative_depth,FEWER_THAN_TWO_SINGLE_INSTANCE_OBJECTS,
45662851/12213.963,relative_depth,FEWER_THAN_TWO_SINGLE_INSTANCE_OBJECTS,
45662851/12223.559,relative_depth,FEWER_THAN_TWO_SINGLE_INSTANCE_OBJECTS,
45662882/16577.797,relative_depth,FEWER_THAN_TWO_SINGLE_INSTANCE_OBJECTS,
45662882/16605.903,relative_depth,FEWER_THAN_TWO_SINGLE_INSTANCE_OBJECTS,
45662882/16662.014,relative_depth,FEWER_THAN_TWO_SINGLE_INSTANCE_OBJECTS,
45662882/16690.003,relative_depth,FEWER_THAN_TWO_SINGLE_INSTANCE_OBJECTS,
45662882/16718.108,relative_depth,FEWER_THAN_TWO_SINGLE_INSTANCE_OBJECTS,
45663052/36217.580,relative_depth,FEWER_THAN_TWO_SINGLE_INSTANCE_OBJECTS,
45663052/36226.177,relative_depth,FEWER_THAN_TWO_SINGLE_INSTANCE_OBJECTS,
45663052/36252.083,relative_depth,FEWER_THAN_TWO_SINGLE_INSTANCE_OBJECTS,
45663064/38423.709,relative_depth,FEWER_THAN_TWO_SINGLE_INSTANCE_OBJECTS,
45663064/38452.214,relative_depth,NO_PAIR_CLEARS_DEPTH_GAP,
45663064/38480.603,relative_depth,FEWER_THAN_TWO_SINGLE_INSTANCE_OBJECTS,
45663218/65567.711,relative_depth,FEWER_THAN_TWO_SINGLE_INSTANCE_OBJECTS,
45663218/65581.505,relative_depth,FEWER_THAN_TWO_SINGLE_INSTANCE_OBJECTS,
45663218/65622.804,relative_depth,FEWER_THAN_TWO_SINGLE_INSTANCE_OBJECTS,
45663218/65636.615,relative_depth,FEWER_THAN_TWO_SINGLE_INSTANCE_OBJECTS,
45663218/65650.410,relative_depth,FEWER_THAN_TWO_SINGLE_INSTANCE_OBJECTS,
45663258/77858.095,relative_depth,FEWER_THAN_TWO_SINGLE_INSTANCE_OBJECTS,
45663317/76499.514,relative_depth,FEWER_THAN_TWO_SINGLE_INSTANCE_OBJECTS,
45663317/76504.096,relative_depth,NO_PAIR_CLEARS_DEPTH_GAP,
45663317/76513.292,relative_depth,NO_PAIR_CLEARS_DEPTH_GAP,
45663317/76517.890,relative_depth,FEWER_THAN_TWO_SINGLE_INSTANCE_OBJECTS,
45663317/76522.488,relative_depth,FEWER_THAN_TWO_SINGLE_INSTANCE_OBJECTS,
45663317/76531.684,relative_depth,NO_PAIR_CLEARS_DEPTH_GAP,
45663322/77537.995,relative_depth,FEWER_THAN_TWO_SINGLE_INSTANCE_OBJECTS,
45663322/77602.285,relative_depth,FEWER_THAN_TWO_SINGLE_INSTANCE_OBJECTS,
45663322/77623.776,relative_depth,FEWER_THAN_TWO_SINGLE_INSTANCE_OBJECTS,
45663322/77645.284,relative_depth,FEWER_THAN_TWO_SINGLE_INSTANCE_OBJECTS,
45663322/77666.675,relative_depth,FEWER_THAN_TWO_SINGLE_INSTANCE_OBJECTS,
45663322/77688.182,relative_depth,FEWER_THAN_TWO_SINGLE_INSTANCE_OBJECTS,
45663387/93531.315,relative_depth,FEWER_THAN_TWO_SINGLE_INSTANCE_OBJECTS,
45663387/93545.392,relative_depth,FEWER_THAN_TWO_SINGLE_INSTANCE_OBJECTS,
45663387/93559.487,relative_depth,NO_PAIR_CLEARS_DEPTH_GAP,
45663387/93573.698,relative_depth,FEWER_THAN_TWO_SINGLE_INSTANCE_OBJECTS,
45663387/93587.792,relative_depth,FEWER_THAN_TWO_SINGLE_INSTANCE_OBJECTS,
45663387/93601.887,relative_depth,FEWER_THAN_TWO_SINGLE_INSTANCE_OBJECTS,
45663387/93616.098,relative_depth,FEWER_THAN_TWO_SINGLE_INSTANCE_OBJECTS,
45663397/95070.316,relative_depth,FEWER_THAN_TWO_SINGLE_INSTANCE_OBJECTS,
45663397/95076.813,relative_depth,FEWER_THAN_TWO_SINGLE_INSTANCE_OBJECTS,
45663397/95089.825,relative_depth,FEWER_THAN_TWO_SINGLE_INSTANCE_OBJECTS,
45663397/95102.720,relative_depth,FEWER_THAN_TWO_SINGLE_INSTANCE_OBJECTS,
45663397/95109.217,relative_depth,FEWER_THAN_TWO_SINGLE_INSTANCE_OBJECTS,
47115135/85835.966,relative_depth,FEWER_THAN_TWO_SINGLE_INSTANCE_OBJECTS,
47115135/85839.647,relative_depth,NO_PAIR_CLEARS_DEPTH_GAP,
47115135/85847.161,relative_depth,NO_PAIR_CLEARS_DEPTH_GAP,
47115137/85872.367,relative_depth,FEWER_THAN_TWO_SINGLE_INSTANCE_OBJECTS,
47115137/85876.349,relative_depth,NO_PAIR_CLEARS_DEPTH_GAP,
47115137/85884.346,relative_depth,NO_PAIR_CLEARS_DEPTH_GAP,
47115150/86890.920,relative_depth,FEWER_THAN_TWO_SINGLE_INSTANCE_OBJECTS,
47115150/86897.700,relative_depth,FEWER_THAN_TWO_SINGLE_INSTANCE_OBJECTS,
47115150/86918.292,relative_depth,FEWER_THAN_TWO_SINGLE_INSTANCE_OBJECTS,
47115150/86925.206,relative_depth,FEWER_THAN_TWO_SINGLE_INSTANCE_OBJECTS,
47115150/86938.900,relative_depth,NO_PAIR_CLEARS_DEPTH_GAP,
47115198/94356.856,relative_depth,FEWER_THAN_TWO_SINGLE_INSTANCE_OBJECTS,
47115198/94377.963,relative_depth,FEWER_THAN_TWO_SINGLE_INSTANCE_OBJECTS,
47115198/94385.060,relative_depth,FEWER_THAN_TWO_SINGLE_INSTANCE_OBJECTS,
47115227/95938.163,relative_depth,FEWER_THAN_TWO_SINGLE_INSTANCE_OBJECTS,
47115227/95955.056,relative_depth,FEWER_THAN_TWO_SINGLE_INSTANCE_OBJECTS,
47115255/99119.223,relative_depth,FEWER_THAN_TWO_SINGLE_INSTANCE_OBJECTS,
47115255/99125.504,relative_depth,FEWER_THAN_TWO_SINGLE_INSTANCE_OBJECTS,
47115255/99163.405,relative_depth,FEWER_THAN_TWO_SINGLE_INSTANCE_OBJECTS,
47115258/99177.832,relative_depth,FEWER_THAN_TWO_SINGLE_INSTANCE_OBJECTS,
47115258/99188.511,relative_depth,NO_PAIR_CLEARS_DEPTH_GAP,
47115258/99231.310,relative_depth,FEWER_THAN_TWO_SINGLE_INSTANCE_OBJECTS,
47115258/99252.701,relative_depth,FEWER_THAN_TWO_SINGLE_INSTANCE_OBJECTS,
47115260/115035.787,relative_depth,NO_PAIR_CLEARS_DEPTH_GAP,
47115260/115042.784,relative_depth,NO_PAIR_CLEARS_DEPTH_GAP,
47115260/115063.793,relative_depth,NO_PAIR_CLEARS_DEPTH_GAP,
47115260/115070.790,relative_depth,FEWER_THAN_TWO_SINGLE_INSTANCE_OBJECTS,
47115265/115124.585,relative_depth,FEWER_THAN_TWO_SINGLE_INSTANCE_OBJECTS,
47115265/115161.987,relative_depth,FEWER_THAN_TWO_SINGLE_INSTANCE_OBJECTS,
47115265/115180.580,relative_depth,FEWER_THAN_TWO_SINGLE_INSTANCE_OBJECTS,
47115265/115199.289,relative_depth,FEWER_THAN_TWO_SINGLE_INSTANCE_OBJECTS,
47115309/552.779,relative_depth,FEWER_THAN_TWO_SINGLE_INSTANCE_OBJECTS,
47115309/553.162,relative_depth,FEWER_THAN_TWO_SINGLE_INSTANCE_OBJECTS,
47115309/553.562,relative_depth,FEWER_THAN_TWO_SINGLE_INSTANCE_OBJECTS,
47115309/555.361,relative_depth,FEWER_THAN_TWO_SINGLE_INSTANCE_OBJECTS,
47115309/555.761,relative_depth,NO_PAIR_CLEARS_DEPTH_GAP,
47115350/4116.728,relative_depth,NO_PAIR_CLEARS_DEPTH_GAP,
47115350/4124.925,relative_depth,NO_PAIR_CLEARS_DEPTH_GAP,
47115350/4133.122,relative_depth,NO_PAIR_CLEARS_DEPTH_GAP,
47115350/4141.318,relative_depth,FEWER_THAN_TWO_SINGLE_INSTANCE_OBJECTS,
47115350/4149.532,relative_depth,FEWER_THAN_TWO_SINGLE_INSTANCE_OBJECTS,
47115361/842.393,relative_depth,FEWER_THAN_TWO_SINGLE_INSTANCE_OBJECTS,
47115361/849.473,relative_depth,FEWER_THAN_TWO_SINGLE_INSTANCE_OBJECTS,
47115361/863.884,relative_depth,FEWER_THAN_TWO_SINGLE_INSTANCE_OBJECTS,
47115361/885.476,relative_depth,FEWER_THAN_TWO_SINGLE_INSTANCE_OBJECTS,
47115361/892.673,relative_depth,FEWER_THAN_TWO_SINGLE_INSTANCE_OBJECTS,
47115469/14017.891,relative_depth,NO_PAIR_CLEARS_DEPTH_GAP,
47115469/14024.488,relative_depth,FEWER_THAN_TWO_SINGLE_INSTANCE_OBJECTS,
47115469/14037.682,relative_depth,FEWER_THAN_TWO_SINGLE_INSTANCE_OBJECTS,
47115469/14044.280,relative_depth,FEWER_THAN_TWO_SINGLE_INSTANCE_OBJECTS,
47115474/13982.888,relative_depth,NO_PAIR_CLEARS_DEPTH_GAP,
47115518/13302.496,relative_depth,NO_PAIR_CLEARS_DEPTH_GAP,
47115518/13307.994,relative_depth,FEWER_THAN_TWO_SINGLE_INSTANCE_OBJECTS,
47115518/13318.990,relative_depth,FEWER_THAN_TWO_SINGLE_INSTANCE_OBJECTS,
47115518/13324.488,relative_depth,NO_PAIR_CLEARS_DEPTH_GAP,
47115518/13329.986,relative_depth,FEWER_THAN_TWO_SINGLE_INSTANCE_OBJECTS,
47115573/2566.329,relative_depth,FEWER_THAN_TWO_SINGLE_INSTANCE_OBJECTS,
47115573/2582.022,relative_depth,FEWER_THAN_TWO_SINGLE_INSTANCE_OBJECTS,
47115573/2589.919,relative_depth,FEWER_THAN_TWO_SINGLE_INSTANCE_OBJECTS,
47115648/4784.073,relative_depth,FEWER_THAN_TWO_SINGLE_INSTANCE_OBJECTS,
47115648/4807.963,relative_depth,NO_PAIR_CLEARS_DEPTH_GAP,
47115648/4819.958,relative_depth,FEWER_THAN_TWO_SINGLE_INSTANCE_OBJECTS,
47115648/4843.865,relative_depth,FEWER_THAN_TWO_SINGLE_INSTANCE_OBJECTS,
47115648/4855.861,relative_depth,FEWER_THAN_TWO_SINGLE_INSTANCE_OBJECTS,
47115649/4890.164,relative_depth,FEWER_THAN_TWO_SINGLE_INSTANCE_OBJECTS,
47115649/4962.669,relative_depth,FEWER_THAN_TWO_SINGLE_INSTANCE_OBJECTS,
47204275/12628.487,relative_depth,NO_PAIR_CLEARS_DEPTH_GAP,
47204275/12633.485,relative_depth,NO_PAIR_CLEARS_DEPTH_GAP,
47204275/12648.479,relative_depth,FEWER_THAN_TWO_SINGLE_INSTANCE_OBJECTS,
47204275/12658.475,relative_depth,FEWER_THAN_TWO_SINGLE_INSTANCE_OBJECTS,
47204304/15051.510,relative_depth,FEWER_THAN_TWO_SINGLE_INSTANCE_OBJECTS,
47204304/15060.590,relative_depth,FEWER_THAN_TWO_SINGLE_INSTANCE_OBJECTS,
47204304/15078.899,relative_depth,FEWER_THAN_TWO_SINGLE_INSTANCE_OBJECTS,
47204304/15087.995,relative_depth,FEWER_THAN_TWO_SINGLE_INSTANCE_OBJECTS,
47204304/15115.400,relative_depth,FEWER_THAN_TWO_SINGLE_INSTANCE_OBJECTS,
47204350/15524.354,relative_depth,FEWER_THAN_TWO_SINGLE_INSTANCE_OBJECTS,
47204350/15532.551,relative_depth,FEWER_THAN_TWO_SINGLE_INSTANCE_OBJECTS,
47204350/15557.341,relative_depth,NO_PAIR_CLEARS_DEPTH_GAP,
47204350/15573.851,relative_depth,FEWER_THAN_TWO_SINGLE_INSTANCE_OBJECTS,
47204377/18030.164,relative_depth,FEWER_THAN_TWO_SINGLE_INSTANCE_OBJECTS,
47204377/18039.344,relative_depth,FEWER_THAN_TWO_SINGLE_INSTANCE_OBJECTS,
47204377/18057.836,relative_depth,FEWER_THAN_TWO_SINGLE_INSTANCE_OBJECTS,
47204377/18067.149,relative_depth,NO_PAIR_CLEARS_DEPTH_GAP,
47204377/18085.642,relative_depth,FEWER_THAN_TWO_SINGLE_INSTANCE_OBJECTS,
47204398/23841.702,relative_depth,FEWER_THAN_TWO_SINGLE_INSTANCE_OBJECTS,
47204398/23847.299,relative_depth,NO_PAIR_CLEARS_DEPTH_GAP,
47204398/23858.495,relative_depth,FEWER_THAN_TWO_SINGLE_INSTANCE_OBJECTS,
47204398/23864.192,relative_depth,FEWER_THAN_TWO_SINGLE_INSTANCE_OBJECTS,
47204398/23869.790,relative_depth,FEWER_THAN_TWO_SINGLE_INSTANCE_OBJECTS,
47204398/23875.388,relative_depth,FEWER_THAN_TWO_SINGLE_INSTANCE_OBJECTS,
47204426/25773.188,relative_depth,NO_PAIR_CLEARS_DEPTH_GAP,
47204426/25775.370,relative_depth,FEWER_THAN_TWO_SINGLE_INSTANCE_OBJECTS,
47204426/25776.470,relative_depth,FEWER_THAN_TWO_SINGLE_INSTANCE_OBJECTS,
47204426/25777.669,relative_depth,FEWER_THAN_TWO_SINGLE_INSTANCE_OBJECTS,
47204426/25778.769,relative_depth,FEWER_THAN_TWO_SINGLE_INSTANCE_OBJECTS,
47204426/25780.968,relative_depth,FEWER_THAN_TWO_SINGLE_INSTANCE_OBJECTS,
47204494/26260.158,relative_depth,FEWER_THAN_TWO_SINGLE_INSTANCE_OBJECTS,
47204494/26268.738,relative_depth,FEWER_THAN_TWO_SINGLE_INSTANCE_OBJECTS,
47204494/26273.137,relative_depth,FEWER_THAN_TWO_SINGLE_INSTANCE_OBJECTS,
47204494/26277.435,relative_depth,FEWER_THAN_TWO_SINGLE_INSTANCE_OBJECTS,
47204494/26286.131,relative_depth,FEWER_THAN_TWO_SINGLE_INSTANCE_OBJECTS,
47204506/649.586,relative_depth,FEWER_THAN_TWO_SINGLE_INSTANCE_OBJECTS,
47204506/669.978,relative_depth,FEWER_THAN_TWO_SINGLE_INSTANCE_OBJECTS,
47204506/690.486,relative_depth,FEWER_THAN_TWO_SINGLE_INSTANCE_OBJECTS,
47204506/710.877,relative_depth,NO_PAIR_CLEARS_DEPTH_GAP,
47204524/1555.508,relative_depth,FEWER_THAN_TWO_SINGLE_INSTANCE_OBJECTS,
47204524/1563.888,relative_depth,FEWER_THAN_TWO_SINGLE_INSTANCE_OBJECTS,
47204524/1572.385,relative_depth,FEWER_THAN_TWO_SINGLE_INSTANCE_OBJECTS,
47204524/1580.798,relative_depth,FEWER_THAN_TWO_SINGLE_INSTANCE_OBJECTS,
47204524/1614.684,relative_depth,FEWER_THAN_TWO_SINGLE_INSTANCE_OBJECTS,
47204556/3286.405,relative_depth,FEWER_THAN_TWO_SINGLE_INSTANCE_OBJECTS,
47204556/3293.702,relative_depth,FEWER_THAN_TWO_SINGLE_INSTANCE_OBJECTS,
47204556/3308.496,relative_depth,FEWER_THAN_TWO_SINGLE_INSTANCE_OBJECTS,
47204556/3315.893,relative_depth,NO_PAIR_CLEARS_DEPTH_GAP,
47204556/3323.190,relative_depth,NO_PAIR_CLEARS_DEPTH_GAP,
47204556/3338.000,relative_depth,FEWER_THAN_TWO_SINGLE_INSTANCE_OBJECTS,
47204585/569.441,relative_depth,FEWER_THAN_TWO_SINGLE_INSTANCE_OBJECTS,
47204585/590.832,relative_depth,FEWER_THAN_TWO_SINGLE_INSTANCE_OBJECTS,
47204585/612.240,relative_depth,FEWER_THAN_TWO_SINGLE_INSTANCE_OBJECTS,
47204680/13293.399,relative_depth,NO_PAIR_CLEARS_DEPTH_GAP,
47204730/23371.850,relative_depth,FEWER_THAN_TWO_SINGLE_INSTANCE_OBJECTS,
47204730/23382.345,relative_depth,FEWER_THAN_TWO_SINGLE_INSTANCE_OBJECTS,
47204730/23403.536,relative_depth,FEWER_THAN_TWO_SINGLE_INSTANCE_OBJECTS,
47204730/23414.132,relative_depth,FEWER_THAN_TWO_SINGLE_INSTANCE_OBJECTS,
47204730/23445.936,relative_depth,FEWER_THAN_TWO_SINGLE_INSTANCE_OBJECTS,
47204744/25316.808,relative_depth,NO_PAIR_CLEARS_DEPTH_GAP,
47204744/25343.697,relative_depth,NO_PAIR_CLEARS_DEPTH_GAP,
47204744/25357.208,relative_depth,FEWER_THAN_TWO_SINGLE_INSTANCE_OBJECTS,
47204744/25370.703,relative_depth,FEWER_THAN_TWO_SINGLE_INSTANCE_OBJECTS,
47204744/25384.097,relative_depth,FEWER_THAN_TWO_SINGLE_INSTANCE_OBJECTS,
47204786/27303.198,relative_depth,NO_PAIR_CLEARS_DEPTH_GAP,
47204786/27332.186,relative_depth,NO_PAIR_CLEARS_DEPTH_GAP,
47204786/27346.796,relative_depth,NO_PAIR_CLEARS_DEPTH_GAP,
47204786/27361.290,relative_depth,FEWER_THAN_TWO_SINGLE_INSTANCE_OBJECTS,
47204786/27375.784,relative_depth,FEWER_THAN_TWO_SINGLE_INSTANCE_OBJECTS,
47204786/27390.295,relative_depth,FEWER_THAN_TWO_SINGLE_INSTANCE_OBJECTS,
47204800/24077.268,relative_depth,NO_PAIR_CLEARS_DEPTH_GAP,
47204800/24083.349,relative_depth,FEWER_THAN_TWO_SINGLE_INSTANCE_OBJECTS,
47204800/24108.056,relative_depth,FEWER_THAN_TWO_SINGLE_INSTANCE_OBJECTS,
47204800/24114.154,relative_depth,FEWER_THAN_TWO_SINGLE_INSTANCE_OBJECTS,
47204800/24120.351,relative_depth,FEWER_THAN_TWO_SINGLE_INSTANCE_OBJECTS,
47204887/798.013,relative_depth,FEWER_THAN_TWO_SINGLE_INSTANCE_OBJECTS,
47204887/808.492,relative_depth,FEWER_THAN_TWO_SINGLE_INSTANCE_OBJECTS,
47204887/818.988,relative_depth,FEWER_THAN_TWO_SINGLE_INSTANCE_OBJECTS,
47204887/834.682,relative_depth,FEWER_THAN_TWO_SINGLE_INSTANCE_OBJECTS,
47204888/899.706,relative_depth,FEWER_THAN_TWO_SINGLE_INSTANCE_OBJECTS,
47204888/915.283,relative_depth,FEWER_THAN_TWO_SINGLE_INSTANCE_OBJECTS,
47204888/923.097,relative_depth,NO_PAIR_CLEARS_DEPTH_GAP,
47204888/930.994,relative_depth,FEWER_THAN_TWO_SINGLE_INSTANCE_OBJECTS,
47204888/946.587,relative_depth,NO_PAIR_CLEARS_DEPTH_GAP,
47204921/3679.000,relative_depth,FEWER_THAN_TWO_SINGLE_INSTANCE_OBJECTS,
47204921/3696.510,relative_depth,FEWER_THAN_TWO_SINGLE_INSTANCE_OBJECTS,
47204921/3708.205,relative_depth,FEWER_THAN_TWO_SINGLE_INSTANCE_OBJECTS,
47204921/3714.003,relative_depth,FEWER_THAN_TWO_SINGLE_INSTANCE_OBJECTS,
47330996/177033.708,relative_depth,FEWER_THAN_TWO_SINGLE_INSTANCE_OBJECTS,
47330996/177060.997,relative_depth,FEWER_THAN_TWO_SINGLE_INSTANCE_OBJECTS,
47331002/178683.141,relative_depth,FEWER_THAN_TWO_SINGLE_INSTANCE_OBJECTS,
47331002/178688.838,relative_depth,NO_PAIR_CLEARS_DEPTH_GAP,
47331028/474680.639,relative_depth,FEWER_THAN_TWO_SINGLE_INSTANCE_OBJECTS,
47331028/474693.850,relative_depth,NO_PAIR_CLEARS_DEPTH_GAP,
47331028/474720.439,relative_depth,NO_PAIR_CLEARS_DEPTH_GAP,
47331028/474746.945,relative_depth,FEWER_THAN_TWO_SINGLE_INSTANCE_OBJECTS,
47331084/133835.005,relative_depth,FEWER_THAN_TWO_SINGLE_INSTANCE_OBJECTS,
47331084/133855.796,relative_depth,FEWER_THAN_TWO_SINGLE_INSTANCE_OBJECTS,
47331084/133876.605,relative_depth,FEWER_THAN_TWO_SINGLE_INSTANCE_OBJECTS,
47331084/133897.396,relative_depth,FEWER_THAN_TWO_SINGLE_INSTANCE_OBJECTS,
47331084/133938.996,relative_depth,NO_PAIR_CLEARS_DEPTH_GAP,
47331103/135736.497,relative_depth,FEWER_THAN_TWO_SINGLE_INSTANCE_OBJECTS,
47331103/135814.299,relative_depth,FEWER_THAN_TWO_SINGLE_INSTANCE_OBJECTS,
47331103/135853.200,relative_depth,FEWER_THAN_TWO_SINGLE_INSTANCE_OBJECTS,
47331103/135892.084,relative_depth,FEWER_THAN_TWO_SINGLE_INSTANCE_OBJECTS,
47331174/276429.218,relative_depth,FEWER_THAN_TWO_SINGLE_INSTANCE_OBJECTS,
47331174/276435.116,relative_depth,FEWER_THAN_TWO_SINGLE_INSTANCE_OBJECTS,
47331220/282443.927,relative_depth,FEWER_THAN_TWO_SINGLE_INSTANCE_OBJECTS,
47331220/282454.323,relative_depth,FEWER_THAN_TWO_SINGLE_INSTANCE_OBJECTS,
47331220/282459.521,relative_depth,NO_PAIR_CLEARS_DEPTH_GAP,
47331220/282464.736,relative_depth,FEWER_THAN_TWO_SINGLE_INSTANCE_OBJECTS,
47331220/282469.933,relative_depth,NO_PAIR_CLEARS_DEPTH_GAP,
47331220/282475.131,relative_depth,FEWER_THAN_TWO_SINGLE_INSTANCE_OBJECTS,
47331220/282480.329,relative_depth,FEWER_THAN_TWO_SINGLE_INSTANCE_OBJECTS,
47331273/12843.164,relative_depth,FEWER_THAN_TWO_SINGLE_INSTANCE_OBJECTS,
47331273/12931.162,relative_depth,FEWER_THAN_TWO_SINGLE_INSTANCE_OBJECTS,
47331273/12953.169,relative_depth,FEWER_THAN_TWO_SINGLE_INSTANCE_OBJECTS,
47331292/14604.164,relative_depth,FEWER_THAN_TWO_SINGLE_INSTANCE_OBJECTS,
47331292/14616.459,relative_depth,FEWER_THAN_TWO_SINGLE_INSTANCE_OBJECTS,
47331292/14653.461,relative_depth,FEWER_THAN_TWO_SINGLE_INSTANCE_OBJECTS,
47331292/14665.872,relative_depth,FEWER_THAN_TWO_SINGLE_INSTANCE_OBJECTS,
47331319/179039.062,relative_depth,FEWER_THAN_TWO_SINGLE_INSTANCE_OBJECTS,
47331319/179052.940,relative_depth,FEWER_THAN_TWO_SINGLE_INSTANCE_OBJECTS,
47331319/179066.834,relative_depth,NO_PAIR_CLEARS_DEPTH_GAP,
47331319/179073.731,relative_depth,FEWER_THAN_TWO_SINGLE_INSTANCE_OBJECTS,
47331319/179080.728,relative_depth,FEWER_THAN_TWO_SINGLE_INSTANCE_OBJECTS,
47331339/183397.851,relative_depth,FEWER_THAN_TWO_SINGLE_INSTANCE_OBJECTS,
47331339/183402.433,relative_depth,FEWER_THAN_TWO_SINGLE_INSTANCE_OBJECTS,
47331339/183411.729,relative_depth,FEWER_THAN_TWO_SINGLE_INSTANCE_OBJECTS,
47331339/183416.427,relative_depth,FEWER_THAN_TWO_SINGLE_INSTANCE_OBJECTS,
47331339/183425.723,relative_depth,FEWER_THAN_TWO_SINGLE_INSTANCE_OBJECTS,
47331339/183430.421,relative_depth,FEWER_THAN_TWO_SINGLE_INSTANCE_OBJECTS,
47331396/200289.019,relative_depth,FEWER_THAN_TWO_SINGLE_INSTANCE_OBJECTS,
47331396/200293.533,relative_depth,FEWER_THAN_TWO_SINGLE_INSTANCE_OBJECTS,
47331396/200297.932,relative_depth,FEWER_THAN_TWO_SINGLE_INSTANCE_OBJECTS,
47331397/200228.627,relative_depth,FEWER_THAN_TWO_SINGLE_INSTANCE_OBJECTS,
47331397/200242.921,relative_depth,FEWER_THAN_TWO_SINGLE_INSTANCE_OBJECTS,
47331409/201646.928,relative_depth,FEWER_THAN_TWO_SINGLE_INSTANCE_OBJECTS,
47331409/201653.642,relative_depth,NO_PAIR_CLEARS_DEPTH_GAP,
47331409/201660.340,relative_depth,FEWER_THAN_TWO_SINGLE_INSTANCE_OBJECTS,
47331432/546013.754,relative_depth,FEWER_THAN_TWO_SINGLE_INSTANCE_OBJECTS,
47331432/546024.233,relative_depth,FEWER_THAN_TWO_SINGLE_INSTANCE_OBJECTS,
47331491/153069.729,relative_depth,FEWER_THAN_TWO_SINGLE_INSTANCE_OBJECTS,
47331491/153090.937,relative_depth,FEWER_THAN_TWO_SINGLE_INSTANCE_OBJECTS,
47331491/153133.336,relative_depth,FEWER_THAN_TWO_SINGLE_INSTANCE_OBJECTS,
47331491/153154.444,relative_depth,FEWER_THAN_TWO_SINGLE_INSTANCE_OBJECTS,
47331491/153196.827,relative_depth,FEWER_THAN_TWO_SINGLE_INSTANCE_OBJECTS,
47331508/155166.028,relative_depth,FEWER_THAN_TWO_SINGLE_INSTANCE_OBJECTS,
47331508/155189.036,relative_depth,FEWER_THAN_TWO_SINGLE_INSTANCE_OBJECTS,
47331522/190751.102,relative_depth,NO_PAIR_CLEARS_DEPTH_GAP,
47331522/190757.100,relative_depth,FEWER_THAN_TWO_SINGLE_INSTANCE_OBJECTS,
47331522/190763.197,relative_depth,NO_PAIR_CLEARS_DEPTH_GAP,
47331522/190769.195,relative_depth,FEWER_THAN_TWO_SINGLE_INSTANCE_OBJECTS,
47331522/190775.193,relative_depth,FEWER_THAN_TWO_SINGLE_INSTANCE_OBJECTS,
47331522/190781.290,relative_depth,FEWER_THAN_TWO_SINGLE_INSTANCE_OBJECTS,
47331527/191796.013,relative_depth,NO_PAIR_CLEARS_DEPTH_GAP,
47331527/191812.506,relative_depth,NO_PAIR_CLEARS_DEPTH_GAP,
47331527/191823.518,relative_depth,FEWER_THAN_TWO_SINGLE_INSTANCE_OBJECTS,
47331536/4407.201,relative_depth,FEWER_THAN_TWO_SINGLE_INSTANCE_OBJECTS,
47331536/4419.896,relative_depth,FEWER_THAN_TWO_SINGLE_INSTANCE_OBJECTS,
47331558/9810.348,relative_depth,FEWER_THAN_TWO_SINGLE_INSTANCE_OBJECTS,
47331558/9822.743,relative_depth,NO_PAIR_CLEARS_DEPTH_GAP,
47331558/9835.154,relative_depth,NO_PAIR_CLEARS_DEPTH_GAP,
47331573/13631.576,relative_depth,FEWER_THAN_TWO_SINGLE_INSTANCE_OBJECTS,
47331573/13663.063,relative_depth,FEWER_THAN_TWO_SINGLE_INSTANCE_OBJECTS,
47331573/13678.873,relative_depth,NO_PAIR_CLEARS_DEPTH_GAP,
47331598/17019.492,relative_depth,FEWER_THAN_TWO_SINGLE_INSTANCE_OBJECTS,
47331598/17029.588,relative_depth,FEWER_THAN_TWO_SINGLE_INSTANCE_OBJECTS,
47331598/17034.586,relative_depth,FEWER_THAN_TWO_SINGLE_INSTANCE_OBJECTS,
47331598/17049.780,relative_depth,FEWER_THAN_TWO_SINGLE_INSTANCE_OBJECTS,
47331621/19345.320,relative_depth,FEWER_THAN_TWO_SINGLE_INSTANCE_OBJECTS,
47331621/19371.426,relative_depth,FEWER_THAN_TWO_SINGLE_INSTANCE_OBJECTS,
47331621/19380.122,relative_depth,FEWER_THAN_TWO_SINGLE_INSTANCE_OBJECTS,
47331631/19992.164,relative_depth,FEWER_THAN_TWO_SINGLE_INSTANCE_OBJECTS,
47331631/20001.460,relative_depth,FEWER_THAN_TWO_SINGLE_INSTANCE_OBJECTS,
47331631/20010.756,relative_depth,FEWER_THAN_TWO_SINGLE_INSTANCE_OBJECTS,
47331631/20020.052,relative_depth,FEWER_THAN_TWO_SINGLE_INSTANCE_OBJECTS,
47331631/20029.349,relative_depth,FEWER_THAN_TWO_SINGLE_INSTANCE_OBJECTS,
47331631/20038.661,relative_depth,FEWER_THAN_TWO_SINGLE_INSTANCE_OBJECTS,
47331644/22173.604,relative_depth,FEWER_THAN_TWO_SINGLE_INSTANCE_OBJECTS,
47331644/22206.707,relative_depth,FEWER_THAN_TWO_SINGLE_INSTANCE_OBJECTS,
47331644/22306.000,relative_depth,FEWER_THAN_TWO_SINGLE_INSTANCE_OBJECTS,
47331684/6453.822,relative_depth,FEWER_THAN_TWO_SINGLE_INSTANCE_OBJECTS,
47331705/9710.557,relative_depth,FEWER_THAN_TWO_SINGLE_INSTANCE_OBJECTS,
47331705/9749.740,relative_depth,NO_PAIR_CLEARS_DEPTH_GAP,
47331705/9779.145,relative_depth,FEWER_THAN_TWO_SINGLE_INSTANCE_OBJECTS,
47331710/11175.544,relative_depth,FEWER_THAN_TWO_SINGLE_INSTANCE_OBJECTS,
47331710/11207.731,relative_depth,FEWER_THAN_TWO_SINGLE_INSTANCE_OBJECTS,
47331710/11223.841,relative_depth,FEWER_THAN_TWO_SINGLE_INSTANCE_OBJECTS,
47331710/11231.838,relative_depth,FEWER_THAN_TWO_SINGLE_INSTANCE_OBJECTS,
47331771/8420.225,relative_depth,FEWER_THAN_TWO_SINGLE_INSTANCE_OBJECTS,
47331771/8427.522,relative_depth,FEWER_THAN_TWO_SINGLE_INSTANCE_OBJECTS,
47331771/8449.430,relative_depth,NO_PAIR_CLEARS_DEPTH_GAP,
47331819/228737.168,relative_depth,FEWER_THAN_TWO_SINGLE_INSTANCE_OBJECTS,
47331819/228756.760,relative_depth,FEWER_THAN_TWO_SINGLE_INSTANCE_OBJECTS,
47331878/621229.921,relative_depth,FEWER_THAN_TWO_SINGLE_INSTANCE_OBJECTS,
47331878/621234.719,relative_depth,FEWER_THAN_TWO_SINGLE_INSTANCE_OBJECTS,
47331891/623212.356,relative_depth,FEWER_THAN_TWO_SINGLE_INSTANCE_OBJECTS,
47331891/623217.954,relative_depth,FEWER_THAN_TWO_SINGLE_INSTANCE_OBJECTS,
47331891/623234.547,relative_depth,NO_PAIR_CLEARS_DEPTH_GAP,
47331891/623240.162,relative_depth,FEWER_THAN_TWO_SINGLE_INSTANCE_OBJECTS,
47331894/624491.665,relative_depth,FEWER_THAN_TWO_SINGLE_INSTANCE_OBJECTS,
47331894/624510.857,relative_depth,NO_PAIR_CLEARS_DEPTH_GAP,
47331894/624520.453,relative_depth,FEWER_THAN_TWO_SINGLE_INSTANCE_OBJECTS,
47331894/624530.049,relative_depth,FEWER_THAN_TWO_SINGLE_INSTANCE_OBJECTS,
47331910/627513.099,relative_depth,FEWER_THAN_TWO_SINGLE_INSTANCE_OBJECTS,
47331910/627524.994,relative_depth,FEWER_THAN_TWO_SINGLE_INSTANCE_OBJECTS,
47331910/627536.889,relative_depth,FEWER_THAN_TWO_SINGLE_INSTANCE_OBJECTS,
47331910/627548.801,relative_depth,FEWER_THAN_TWO_SINGLE_INSTANCE_OBJECTS,
47331910/627572.591,relative_depth,NO_PAIR_CLEARS_DEPTH_GAP,
47331934/163468.109,relative_depth,FEWER_THAN_TWO_SINGLE_INSTANCE_OBJECTS,
47331934/163520.105,relative_depth,FEWER_THAN_TWO_SINGLE_INSTANCE_OBJECTS,
47331934/163546.111,relative_depth,FEWER_THAN_TWO_SINGLE_INSTANCE_OBJECTS,
47331934/163624.013,relative_depth,FEWER_THAN_TWO_SINGLE_INSTANCE_OBJECTS,
47331936/164584.339,relative_depth,FEWER_THAN_TWO_SINGLE_INSTANCE_OBJECTS,
47331936/164602.931,relative_depth,FEWER_THAN_TWO_SINGLE_INSTANCE_OBJECTS,
47331936/164630.937,relative_depth,FEWER_THAN_TWO_SINGLE_INSTANCE_OBJECTS,
47331947/165314.839,relative_depth,FEWER_THAN_TWO_SINGLE_INSTANCE_OBJECTS,
47331947/165325.235,relative_depth,NO_PAIR_CLEARS_DEPTH_GAP,
47331947/165335.547,relative_depth,FEWER_THAN_TWO_SINGLE_INSTANCE_OBJECTS,
47332015/200871.563,relative_depth,FEWER_THAN_TWO_SINGLE_INSTANCE_OBJECTS,
47332025/202629.921,relative_depth,NO_PAIR_CLEARS_DEPTH_GAP,
47332025/202644.915,relative_depth,NO_PAIR_CLEARS_DEPTH_GAP,
47332025/202674.919,relative_depth,FEWER_THAN_TWO_SINGLE_INSTANCE_OBJECTS,
47332025/202689.913,relative_depth,FEWER_THAN_TWO_SINGLE_INSTANCE_OBJECTS,
47332063/247537.378,relative_depth,FEWER_THAN_TWO_SINGLE_INSTANCE_OBJECTS,
47332063/247547.274,relative_depth,FEWER_THAN_TWO_SINGLE_INSTANCE_OBJECTS,
47332063/247566.967,relative_depth,NO_PAIR_CLEARS_DEPTH_GAP,
47332080/251432.651,relative_depth,FEWER_THAN_TWO_SINGLE_INSTANCE_OBJECTS,
47332080/251438.149,relative_depth,FEWER_THAN_TWO_SINGLE_INSTANCE_OBJECTS,
47332080/251460.340,relative_depth,FEWER_THAN_TWO_SINGLE_INSTANCE_OBJECTS,
47332081/251789.197,relative_depth,FEWER_THAN_TWO_SINGLE_INSTANCE_OBJECTS,
47332081/251803.991,relative_depth,FEWER_THAN_TWO_SINGLE_INSTANCE_OBJECTS,
47332081/251811.404,relative_depth,FEWER_THAN_TWO_SINGLE_INSTANCE_OBJECTS,
47332177/262513.341,relative_depth,FEWER_THAN_TWO_SINGLE_INSTANCE_OBJECTS,
47332177/262527.436,relative_depth,FEWER_THAN_TWO_SINGLE_INSTANCE_OBJECTS,
47332197/263685.656,relative_depth,FEWER_THAN_TWO_SINGLE_INSTANCE_OBJECTS,
47332232/755603.552,relative_depth,NO_PAIR_CLEARS_DEPTH_GAP,
47332232/755609.250,relative_depth,NO_PAIR_CLEARS_DEPTH_GAP,
47332232/755626.343,relative_depth,FEWER_THAN_TWO_SINGLE_INSTANCE_OBJECTS,
47332241/756766.730,relative_depth,FEWER_THAN_TWO_SINGLE_INSTANCE_OBJECTS,
47332241/756775.027,relative_depth,FEWER_THAN_TWO_SINGLE_INSTANCE_OBJECTS,
47332241/756783.324,relative_depth,FEWER_THAN_TWO_SINGLE_INSTANCE_OBJECTS,
47332241/756799.934,relative_depth,FEWER_THAN_TWO_SINGLE_INSTANCE_OBJECTS,
47332241/756808.230,relative_depth,FEWER_THAN_TWO_SINGLE_INSTANCE_OBJECTS,
47332241/756816.527,relative_depth,FEWER_THAN_TWO_SINGLE_INSTANCE_OBJECTS,
47332301/386191.003,relative_depth,NO_PAIR_CLEARS_DEPTH_GAP,
47332301/386208.213,relative_depth,FEWER_THAN_TWO_SINGLE_INSTANCE_OBJECTS,
47332326/810176.287,relative_depth,FEWER_THAN_TWO_SINGLE_INSTANCE_OBJECTS,
47332326/810209.074,relative_depth,FEWER_THAN_TWO_SINGLE_INSTANCE_OBJECTS,
47332384/398585.142,relative_depth,NO_PAIR_CLEARS_DEPTH_GAP,
47332384/398610.632,relative_depth,NO_PAIR_CLEARS_DEPTH_GAP,
47332384/398616.946,relative_depth,FEWER_THAN_TWO_SINGLE_INSTANCE_OBJECTS,
47332397/401417.529,relative_depth,FEWER_THAN_TWO_SINGLE_INSTANCE_OBJECTS,
47332397/401433.922,relative_depth,FEWER_THAN_TWO_SINGLE_INSTANCE_OBJECTS,
47332397/401442.119,relative_depth,NO_PAIR_CLEARS_DEPTH_GAP,
47332397/401458.529,relative_depth,FEWER_THAN_TWO_SINGLE_INSTANCE_OBJECTS,
47332397/401466.725,relative_depth,FEWER_THAN_TWO_SINGLE_INSTANCE_OBJECTS,
47332454/883532.931,relative_depth,FEWER_THAN_TWO_SINGLE_INSTANCE_OBJECTS,
47332454/883542.227,relative_depth,NO_PAIR_CLEARS_DEPTH_GAP,
47332454/883579.429,relative_depth,FEWER_THAN_TWO_SINGLE_INSTANCE_OBJECTS,
47332454/883588.725,relative_depth,NO_PAIR_CLEARS_DEPTH_GAP,
47332501/342383.820,relative_depth,FEWER_THAN_TWO_SINGLE_INSTANCE_OBJECTS,
47332501/342389.318,relative_depth,FEWER_THAN_TWO_SINGLE_INSTANCE_OBJECTS,
47332501/342394.816,relative_depth,FEWER_THAN_TWO_SINGLE_INSTANCE_OBJECTS,
47332501/342400.330,relative_depth,NO_PAIR_CLEARS_DEPTH_GAP,
47332505/343935.798,relative_depth,FEWER_THAN_TWO_SINGLE_INSTANCE_OBJECTS,
47332505/343939.996,relative_depth,FEWER_THAN_TWO_SINGLE_INSTANCE_OBJECTS,
47332505/343944.294,relative_depth,FEWER_THAN_TWO_SINGLE_INSTANCE_OBJECTS,
47332505/343948.493,relative_depth,NO_PAIR_CLEARS_DEPTH_GAP,
47332505/343961.287,relative_depth,NO_PAIR_CLEARS_DEPTH_GAP,
47332508/343863.710,relative_depth,FEWER_THAN_TWO_SINGLE_INSTANCE_OBJECTS,
47332508/343891.499,relative_depth,FEWER_THAN_TWO_SINGLE_INSTANCE_OBJECTS,
47332508/343905.393,relative_depth,NO_PAIR_CLEARS_DEPTH_GAP,
47332519/415962.756,relative_depth,FEWER_THAN_TWO_SINGLE_INSTANCE_OBJECTS,
47332519/415969.953,relative_depth,FEWER_THAN_TWO_SINGLE_INSTANCE_OBJECTS,
47332519/415977.167,relative_depth,FEWER_THAN_TWO_SINGLE_INSTANCE_OBJECTS,
47332519/415984.364,relative_depth,FEWER_THAN_TWO_SINGLE_INSTANCE_OBJECTS,
47332519/415991.561,relative_depth,FEWER_THAN_TWO_SINGLE_INSTANCE_OBJECTS,
47332519/415998.758,relative_depth,FEWER_THAN_TWO_SINGLE_INSTANCE_OBJECTS,
47332605/363328.729,relative_depth,FEWER_THAN_TWO_SINGLE_INSTANCE_OBJECTS,
47332605/363334.744,relative_depth,NO_PAIR_CLEARS_DEPTH_GAP,
47332605/363352.736,relative_depth,FEWER_THAN_TWO_SINGLE_INSTANCE_OBJECTS,
47332605/363358.734,relative_depth,FEWER_THAN_TWO_SINGLE_INSTANCE_OBJECTS,
47332636/366999.702,relative_depth,FEWER_THAN_TWO_SINGLE_INSTANCE_OBJECTS,
47332636/367008.298,relative_depth,FEWER_THAN_TWO_SINGLE_INSTANCE_OBJECTS,
47332636/367021.293,relative_depth,FEWER_THAN_TWO_SINGLE_INSTANCE_OBJECTS,
47332636/367025.591,relative_depth,FEWER_THAN_TWO_SINGLE_INSTANCE_OBJECTS,
47332636/367029.890,relative_depth,FEWER_THAN_TWO_SINGLE_INSTANCE_OBJECTS,
47332648/369057.809,relative_depth,FEWER_THAN_TWO_SINGLE_INSTANCE_OBJECTS,
47332648/369064.690,relative_depth,FEWER_THAN_TWO_SINGLE_INSTANCE_OBJECTS,
47332648/369071.687,relative_depth,FEWER_THAN_TWO_SINGLE_INSTANCE_OBJECTS,
47332648/369085.681,relative_depth,FEWER_THAN_TWO_SINGLE_INSTANCE_OBJECTS,
47332648/369099.692,relative_depth,FEWER_THAN_TWO_SINGLE_INSTANCE_OBJECTS,
47332648/369106.689,relative_depth,FEWER_THAN_TWO_SINGLE_INSTANCE_OBJECTS,
47332653/369015.493,relative_depth,FEWER_THAN_TWO_SINGLE_INSTANCE_OBJECTS,
47332653/369032.886,relative_depth,FEWER_THAN_TWO_SINGLE_INSTANCE_OBJECTS,
47332653/369050.279,relative_depth,NO_PAIR_CLEARS_DEPTH_GAP,
47332705/109815.039,relative_depth,FEWER_THAN_TWO_SINGLE_INSTANCE_OBJECTS,
47332705/109824.336,relative_depth,NO_PAIR_CLEARS_DEPTH_GAP,
47332705/109828.934,relative_depth,NO_PAIR_CLEARS_DEPTH_GAP,
47332705/109838.230,relative_depth,FEWER_THAN_TWO_SINGLE_INSTANCE_OBJECTS,
47332778/44572.768,relative_depth,FEWER_THAN_TWO_SINGLE_INSTANCE_OBJECTS,
47332778/44608.170,relative_depth,NO_PAIR_CLEARS_DEPTH_GAP,
47332778/44625.963,relative_depth,FEWER_THAN_TWO_SINGLE_INSTANCE_OBJECTS,
47332778/44643.673,relative_depth,FEWER_THAN_TWO_SINGLE_INSTANCE_OBJECTS,
47332778/44661.365,relative_depth,NO_PAIR_CLEARS_DEPTH_GAP,
47332778/44679.075,relative_depth,FEWER_THAN_TWO_SINGLE_INSTANCE_OBJECTS,
47332792/47328.113,relative_depth,FEWER_THAN_TWO_SINGLE_INSTANCE_OBJECTS,
47332792/47337.410,relative_depth,NO_PAIR_CLEARS_DEPTH_GAP,
47332792/47346.823,relative_depth,FEWER_THAN_TWO_SINGLE_INSTANCE_OBJECTS,
47332792/47365.515,relative_depth,FEWER_THAN_TWO_SINGLE_INSTANCE_OBJECTS,
47332819/48859.824,relative_depth,FEWER_THAN_TWO_SINGLE_INSTANCE_OBJECTS,
47332819/48904.323,relative_depth,FEWER_THAN_TWO_SINGLE_INSTANCE_OBJECTS,
47332819/48937.709,relative_depth,FEWER_THAN_TWO_SINGLE_INSTANCE_OBJECTS,
47332834/32757.925,relative_depth,FEWER_THAN_TWO_SINGLE_INSTANCE_OBJECTS,
47332837/32874.444,relative_depth,NO_PAIR_CLEARS_DEPTH_GAP,
47332837/32895.236,relative_depth,NO_PAIR_CLEARS_DEPTH_GAP,
47332837/32902.133,relative_depth,FEWER_THAN_TWO_SINGLE_INSTANCE_OBJECTS,
47332916/13408.464,relative_depth,FEWER_THAN_TWO_SINGLE_INSTANCE_OBJECTS,
47332916/13416.877,relative_depth,FEWER_THAN_TWO_SINGLE_INSTANCE_OBJECTS,
47332916/13433.770,relative_depth,FEWER_THAN_TWO_SINGLE_INSTANCE_OBJECTS,
47332916/13442.267,relative_depth,FEWER_THAN_TWO_SINGLE_INSTANCE_OBJECTS,
47332916/13450.663,relative_depth,FEWER_THAN_TWO_SINGLE_INSTANCE_OBJECTS,
47332986/124495.888,relative_depth,FEWER_THAN_TWO_SINGLE_INSTANCE_OBJECTS,
47332986/124536.588,relative_depth,FEWER_THAN_TWO_SINGLE_INSTANCE_OBJECTS,
47332990/125263.905,relative_depth,FEWER_THAN_TWO_SINGLE_INSTANCE_OBJECTS,
47332990/125299.807,relative_depth,FEWER_THAN_TWO_SINGLE_INSTANCE_OBJECTS,
47333000/128245.720,relative_depth,NO_PAIR_CLEARS_DEPTH_GAP,
47333000/128253.233,relative_depth,NO_PAIR_CLEARS_DEPTH_GAP,
47333000/128268.327,relative_depth,NO_PAIR_CLEARS_DEPTH_GAP,
47333053/60071.512,relative_depth,FEWER_THAN_TWO_SINGLE_INSTANCE_OBJECTS,
47333053/60080.109,relative_depth,FEWER_THAN_TWO_SINGLE_INSTANCE_OBJECTS,
47333053/60088.606,relative_depth,FEWER_THAN_TWO_SINGLE_INSTANCE_OBJECTS,
47333055/60321.311,relative_depth,FEWER_THAN_TWO_SINGLE_INSTANCE_OBJECTS,
47333055/60343.802,relative_depth,NO_PAIR_CLEARS_DEPTH_GAP,
47333055/60366.310,relative_depth,FEWER_THAN_TWO_SINGLE_INSTANCE_OBJECTS,
47333058/60933.489,relative_depth,FEWER_THAN_TWO_SINGLE_INSTANCE_OBJECTS,
47333058/60947.184,relative_depth,FEWER_THAN_TWO_SINGLE_INSTANCE_OBJECTS,
47333061/60746.282,relative_depth,FEWER_THAN_TWO_SINGLE_INSTANCE_OBJECTS,
47333061/60775.187,relative_depth,NO_PAIR_CLEARS_DEPTH_GAP,
47333061/60782.484,relative_depth,NO_PAIR_CLEARS_DEPTH_GAP,
47333110/108802.811,relative_depth,FEWER_THAN_TWO_SINGLE_INSTANCE_OBJECTS,
47333110/108825.602,relative_depth,FEWER_THAN_TWO_SINGLE_INSTANCE_OBJECTS,
47333110/108848.509,relative_depth,FEWER_THAN_TWO_SINGLE_INSTANCE_OBJECTS,
47333133/39349.196,relative_depth,FEWER_THAN_TWO_SINGLE_INSTANCE_OBJECTS,
47333133/39362.790,relative_depth,FEWER_THAN_TWO_SINGLE_INSTANCE_OBJECTS,
47333133/39369.587,relative_depth,NO_PAIR_CLEARS_DEPTH_GAP,
47333133/39383.082,relative_depth,FEWER_THAN_TWO_SINGLE_INSTANCE_OBJECTS,
47333133/39389.896,relative_depth,FEWER_THAN_TWO_SINGLE_INSTANCE_OBJECTS,
47333175/44082.890,relative_depth,FEWER_THAN_TWO_SINGLE_INSTANCE_OBJECTS,
47333175/44088.887,relative_depth,FEWER_THAN_TWO_SINGLE_INSTANCE_OBJECTS,
47333175/44094.885,relative_depth,FEWER_THAN_TWO_SINGLE_INSTANCE_OBJECTS,
47333175/44100.882,relative_depth,NO_PAIR_CLEARS_DEPTH_GAP,
47333175/44106.880,relative_depth,NO_PAIR_CLEARS_DEPTH_GAP,
47333175/44124.889,relative_depth,FEWER_THAN_TWO_SINGLE_INSTANCE_OBJECTS,
47333239/32200.089,relative_depth,FEWER_THAN_TWO_SINGLE_INSTANCE_OBJECTS,
47333239/32230.177,relative_depth,FEWER_THAN_TWO_SINGLE_INSTANCE_OBJECTS,
47333239/32240.289,relative_depth,FEWER_THAN_TWO_SINGLE_INSTANCE_OBJECTS,
47333239/32250.285,relative_depth,FEWER_THAN_TWO_SINGLE_INSTANCE_OBJECTS,
47333277/24316.521,relative_depth,FEWER_THAN_TWO_SINGLE_INSTANCE_OBJECTS,
47333277/24345.625,relative_depth,FEWER_THAN_TWO_SINGLE_INSTANCE_OBJECTS,
47333277/24374.730,relative_depth,FEWER_THAN_TWO_SINGLE_INSTANCE_OBJECTS,
47333277/24403.818,relative_depth,FEWER_THAN_TWO_SINGLE_INSTANCE_OBJECTS,
47333277/24461.928,relative_depth,FEWER_THAN_TWO_SINGLE_INSTANCE_OBJECTS,
47333277/24491.016,relative_depth,FEWER_THAN_TWO_SINGLE_INSTANCE_OBJECTS,
47333298/26596.843,relative_depth,NO_PAIR_CLEARS_DEPTH_GAP,
47333298/26671.846,relative_depth,FEWER_THAN_TWO_SINGLE_INSTANCE_OBJECTS,
47333357/32041.599,relative_depth,NO_PAIR_CLEARS_DEPTH_GAP,
47333357/32055.810,relative_depth,FEWER_THAN_TWO_SINGLE_INSTANCE_OBJECTS,
47333357/32112.403,relative_depth,FEWER_THAN_TWO_SINGLE_INSTANCE_OBJECTS,
47333357/32126.598,relative_depth,FEWER_THAN_TWO_SINGLE_INSTANCE_OBJECTS,
47333457/54927.017,relative_depth,NO_PAIR_CLEARS_DEPTH_GAP,
47333457/54933.914,relative_depth,NO_PAIR_CLEARS_DEPTH_GAP,
47333462/57360.285,relative_depth,FEWER_THAN_TWO_SINGLE_INSTANCE_OBJECTS,
47333462/57375.179,relative_depth,FEWER_THAN_TWO_SINGLE_INSTANCE_OBJECTS,
47333462/57382.676,relative_depth,NO_PAIR_CLEARS_DEPTH_GAP,
47333462/57390.090,relative_depth,FEWER_THAN_TWO_SINGLE_INSTANCE_OBJECTS,
47333462/57397.586,relative_depth,FEWER_THAN_TWO_SINGLE_INSTANCE_OBJECTS,
47333462/57404.983,relative_depth,FEWER_THAN_TWO_SINGLE_INSTANCE_OBJECTS,
47333493/62522.308,relative_depth,FEWER_THAN_TWO_SINGLE_INSTANCE_OBJECTS,
47333493/62541.417,relative_depth,FEWER_THAN_TWO_SINGLE_INSTANCE_OBJECTS,
47333493/62579.719,relative_depth,NO_PAIR_CLEARS_DEPTH_GAP,
47333493/62598.911,relative_depth,NO_PAIR_CLEARS_DEPTH_GAP,
47333493/62618.020,relative_depth,FEWER_THAN_TWO_SINGLE_INSTANCE_OBJECTS,
47333624/77169.691,relative_depth,FEWER_THAN_TWO_SINGLE_INSTANCE_OBJECTS,
47333624/77192.182,relative_depth,FEWER_THAN_TWO_SINGLE_INSTANCE_OBJECTS,
47333624/77214.590,relative_depth,FEWER_THAN_TWO_SINGLE_INSTANCE_OBJECTS,
47333653/126299.340,relative_depth,FEWER_THAN_TWO_SINGLE_INSTANCE_OBJECTS,
47333653/126309.436,relative_depth,FEWER_THAN_TWO_SINGLE_INSTANCE_OBJECTS,
47333653/126319.531,relative_depth,FEWER_THAN_TWO_SINGLE_INSTANCE_OBJECTS,
47333653/126339.640,relative_depth,NO_PAIR_CLEARS_DEPTH_GAP,
47333670/133956.882,relative_depth,NO_PAIR_CLEARS_DEPTH_GAP,
47333670/133980.972,relative_depth,FEWER_THAN_TWO_SINGLE_INSTANCE_OBJECTS,
47333674/134124.397,relative_depth,FEWER_THAN_TWO_SINGLE_INSTANCE_OBJECTS,
47333674/134160.782,relative_depth,FEWER_THAN_TWO_SINGLE_INSTANCE_OBJECTS,
47333674/134178.975,relative_depth,NO_PAIR_CLEARS_DEPTH_GAP,
47333698/48421.748,relative_depth,NO_PAIR_CLEARS_DEPTH_GAP,
47333698/48422.347,relative_depth,FEWER_THAN_TWO_SINGLE_INSTANCE_OBJECTS,
47333698/48422.647,relative_depth,FEWER_THAN_TWO_SINGLE_INSTANCE_OBJECTS,
47333699/48855.930,relative_depth,NO_PAIR_CLEARS_DEPTH_GAP,
47333699/48864.427,relative_depth,NO_PAIR_CLEARS_DEPTH_GAP,
47333699/48872.923,relative_depth,FEWER_THAN_TWO_SINGLE_INSTANCE_OBJECTS,
47333699/48889.933,relative_depth,FEWER_THAN_TWO_SINGLE_INSTANCE_OBJECTS,
47333746/54692.182,relative_depth,FEWER_THAN_TWO_SINGLE_INSTANCE_OBJECTS,
47333746/54712.673,relative_depth,FEWER_THAN_TWO_SINGLE_INSTANCE_OBJECTS,
47333746/54733.265,relative_depth,FEWER_THAN_TWO_SINGLE_INSTANCE_OBJECTS,
47333746/54753.774,relative_depth,FEWER_THAN_TWO_SINGLE_INSTANCE_OBJECTS,
47333746/54774.365,relative_depth,FEWER_THAN_TWO_SINGLE_INSTANCE_OBJECTS,
47333746/54794.874,relative_depth,NO_PAIR_CLEARS_DEPTH_GAP,
47333746/54815.465,relative_depth,FEWER_THAN_TWO_SINGLE_INSTANCE_OBJECTS,
47333746/54835.974,relative_depth,NO_PAIR_CLEARS_DEPTH_GAP,
47333754/55927.000,relative_depth,NO_PAIR_CLEARS_DEPTH_GAP,
47333754/55954.606,relative_depth,FEWER_THAN_TWO_SINGLE_INSTANCE_OBJECTS,
47333754/55968.400,relative_depth,FEWER_THAN_TWO_SINGLE_INSTANCE_OBJECTS,
47333762/55657.763,relative_depth,FEWER_THAN_TWO_SINGLE_INSTANCE_OBJECTS,
47333762/55661.345,relative_depth,FEWER_THAN_TWO_SINGLE_INSTANCE_OBJECTS,
47333762/55664.944,relative_depth,FEWER_THAN_TWO_SINGLE_INSTANCE_OBJECTS,
47333771/58102.770,relative_depth,NO_PAIR_CLEARS_DEPTH_GAP,
47333771/58105.270,relative_depth,NO_PAIR_CLEARS_DEPTH_GAP,
47333771/58107.868,relative_depth,FEWER_THAN_TWO_SINGLE_INSTANCE_OBJECTS,
47333786/48682.296,relative_depth,NO_PAIR_CLEARS_DEPTH_GAP,
47333786/48695.890,relative_depth,FEWER_THAN_TWO_SINGLE_INSTANCE_OBJECTS,
47333786/48709.484,relative_depth,FEWER_THAN_TWO_SINGLE_INSTANCE_OBJECTS,
47333801/51105.562,relative_depth,FEWER_THAN_TWO_SINGLE_INSTANCE_OBJECTS,
47333801/51120.373,relative_depth,FEWER_THAN_TWO_SINGLE_INSTANCE_OBJECTS,
47333801/51135.167,relative_depth,NO_PAIR_CLEARS_DEPTH_GAP,
47333801/51149.961,relative_depth,FEWER_THAN_TWO_SINGLE_INSTANCE_OBJECTS,
47333801/51179.565,relative_depth,NO_PAIR_CLEARS_DEPTH_GAP,
47333815/51980.385,relative_depth,FEWER_THAN_TWO_SINGLE_INSTANCE_OBJECTS,
47333815/51994.079,relative_depth,FEWER_THAN_TWO_SINGLE_INSTANCE_OBJECTS,
47333815/52021.385,relative_depth,FEWER_THAN_TWO_SINGLE_INSTANCE_OBJECTS,
47333815/52034.979,relative_depth,FEWER_THAN_TWO_SINGLE_INSTANCE_OBJECTS,
47333815/52048.674,relative_depth,FEWER_THAN_TWO_SINGLE_INSTANCE_OBJECTS,
47333840/54049.888,relative_depth,FEWER_THAN_TWO_SINGLE_INSTANCE_OBJECTS,
47333840/54062.583,relative_depth,FEWER_THAN_TWO_SINGLE_INSTANCE_OBJECTS,
47333840/54100.684,relative_depth,FEWER_THAN_TWO_SINGLE_INSTANCE_OBJECTS,
47333846/74832.350,relative_depth,FEWER_THAN_TWO_SINGLE_INSTANCE_OBJECTS,
47333846/74851.842,relative_depth,FEWER_THAN_TWO_SINGLE_INSTANCE_OBJECTS,
47333846/74861.538,relative_depth,FEWER_THAN_TWO_SINGLE_INSTANCE_OBJECTS,
47333916/82379.253,relative_depth,FEWER_THAN_TWO_SINGLE_INSTANCE_OBJECTS,
47333916/82432.964,relative_depth,FEWER_THAN_TWO_SINGLE_INSTANCE_OBJECTS,
47333920/82639.564,relative_depth,FEWER_THAN_TWO_SINGLE_INSTANCE_OBJECTS,
47333920/82655.257,relative_depth,FEWER_THAN_TWO_SINGLE_INSTANCE_OBJECTS,
47333964/47372.580,relative_depth,FEWER_THAN_TWO_SINGLE_INSTANCE_OBJECTS,
47333964/47384.975,relative_depth,FEWER_THAN_TWO_SINGLE_INSTANCE_OBJECTS,
47333964/47389.073,relative_depth,FEWER_THAN_TWO_SINGLE_INSTANCE_OBJECTS,
47334001/51151.452,relative_depth,NO_PAIR_CLEARS_DEPTH_GAP,
47334001/51156.450,relative_depth,NO_PAIR_CLEARS_DEPTH_GAP,
47334001/51171.261,relative_depth,FEWER_THAN_TWO_SINGLE_INSTANCE_OBJECTS,
47334001/51181.157,relative_depth,NO_PAIR_CLEARS_DEPTH_GAP,
47334052/85565.258,relative_depth,FEWER_THAN_TWO_SINGLE_INSTANCE_OBJECTS,
47334052/85605.159,relative_depth,FEWER_THAN_TWO_SINGLE_INSTANCE_OBJECTS,
47334052/85631.748,relative_depth,FEWER_THAN_TWO_SINGLE_INSTANCE_OBJECTS,
47334052/85645.060,relative_depth,FEWER_THAN_TWO_SINGLE_INSTANCE_OBJECTS,
47334055/86006.706,relative_depth,FEWER_THAN_TWO_SINGLE_INSTANCE_OBJECTS,
47334055/86016.818,relative_depth,NO_PAIR_CLEARS_DEPTH_GAP,
47334055/86037.010,relative_depth,FEWER_THAN_TWO_SINGLE_INSTANCE_OBJECTS,
47334093/91868.737,relative_depth,FEWER_THAN_TWO_SINGLE_INSTANCE_OBJECTS,
47334093/91882.832,relative_depth,FEWER_THAN_TWO_SINGLE_INSTANCE_OBJECTS,
47334096/91968.930,relative_depth,FEWER_THAN_TWO_SINGLE_INSTANCE_OBJECTS,
47334096/91982.425,relative_depth,FEWER_THAN_TWO_SINGLE_INSTANCE_OBJECTS,
47334096/91996.036,relative_depth,NO_PAIR_CLEARS_DEPTH_GAP,
47334096/92009.531,relative_depth,FEWER_THAN_TWO_SINGLE_INSTANCE_OBJECTS,
47334096/92050.131,relative_depth,FEWER_THAN_TWO_SINGLE_INSTANCE_OBJECTS,
47334103/92716.354,relative_depth,FEWER_THAN_TWO_SINGLE_INSTANCE_OBJECTS,
47334103/92727.349,relative_depth,FEWER_THAN_TWO_SINGLE_INSTANCE_OBJECTS,
47334103/92760.253,relative_depth,FEWER_THAN_TWO_SINGLE_INSTANCE_OBJECTS,
47334107/93471.696,relative_depth,FEWER_THAN_TWO_SINGLE_INSTANCE_OBJECTS,
47334107/93480.093,relative_depth,FEWER_THAN_TWO_SINGLE_INSTANCE_OBJECTS,
47334107/93488.590,relative_depth,NO_PAIR_CLEARS_DEPTH_GAP,
47334107/93497.003,relative_depth,FEWER_THAN_TWO_SINGLE_INSTANCE_OBJECTS,
47334167/349299.489,relative_depth,FEWER_THAN_TWO_SINGLE_INSTANCE_OBJECTS,
47334189/354678.278,relative_depth,FEWER_THAN_TWO_SINGLE_INSTANCE_OBJECTS,
47334189/354687.175,relative_depth,NO_PAIR_CLEARS_DEPTH_GAP,
47334189/354696.188,relative_depth,FEWER_THAN_TWO_SINGLE_INSTANCE_OBJECTS,
47334189/354714.080,relative_depth,FEWER_THAN_TWO_SINGLE_INSTANCE_OBJECTS,
47334189/354723.077,relative_depth,FEWER_THAN_TWO_SINGLE_INSTANCE_OBJECTS,
47334189/354740.986,relative_depth,FEWER_THAN_TWO_SINGLE_INSTANCE_OBJECTS,
47334237/109454.683,relative_depth,FEWER_THAN_TWO_SINGLE_INSTANCE_OBJECTS,
47334237/109570.969,relative_depth,FEWER_THAN_TWO_SINGLE_INSTANCE_OBJECTS,
47334237/109594.276,relative_depth,NO_PAIR_CLEARS_DEPTH_GAP,
47334239/111110.821,relative_depth,FEWER_THAN_TWO_SINGLE_INSTANCE_OBJECTS,
47334239/111117.718,relative_depth,FEWER_THAN_TWO_SINGLE_INSTANCE_OBJECTS,
47334239/111138.426,relative_depth,FEWER_THAN_TWO_SINGLE_INSTANCE_OBJECTS,
47334267/156669.196,relative_depth,FEWER_THAN_TWO_SINGLE_INSTANCE_OBJECTS,
47334267/156690.887,relative_depth,NO_PAIR_CLEARS_DEPTH_GAP,
47334267/156712.595,relative_depth,FEWER_THAN_TWO_SINGLE_INSTANCE_OBJECTS,
47334267/156734.286,relative_depth,FEWER_THAN_TWO_SINGLE_INSTANCE_OBJECTS,
47334267/156755.894,relative_depth,FEWER_THAN_TWO_SINGLE_INSTANCE_OBJECTS,
47334311/66140.726,relative_depth,FEWER_THAN_TWO_SINGLE_INSTANCE_OBJECTS,
47334311/66186.908,relative_depth,FEWER_THAN_TWO_SINGLE_INSTANCE_OBJECTS,
47334341/74726.790,relative_depth,FEWER_THAN_TWO_SINGLE_INSTANCE_OBJECTS,
47334341/74733.587,relative_depth,FEWER_THAN_TWO_SINGLE_INSTANCE_OBJECTS,
47334341/74740.284,relative_depth,FEWER_THAN_TWO_SINGLE_INSTANCE_OBJECTS,
47334341/74747.082,relative_depth,FEWER_THAN_TWO_SINGLE_INSTANCE_OBJECTS,
47334341/74753.779,relative_depth,FEWER_THAN_TWO_SINGLE_INSTANCE_OBJECTS,
47334341/74760.576,relative_depth,FEWER_THAN_TWO_SINGLE_INSTANCE_OBJECTS,
47334341/74767.290,relative_depth,FEWER_THAN_TWO_SINGLE_INSTANCE_OBJECTS,
47334356/77540.356,relative_depth,FEWER_THAN_TWO_SINGLE_INSTANCE_OBJECTS,
47334356/77552.950,relative_depth,FEWER_THAN_TWO_SINGLE_INSTANCE_OBJECTS,
47334392/65821.943,relative_depth,FEWER_THAN_TWO_SINGLE_INSTANCE_OBJECTS,
47334392/65838.636,relative_depth,FEWER_THAN_TWO_SINGLE_INSTANCE_OBJECTS,
47334392/65905.442,relative_depth,FEWER_THAN_TWO_SINGLE_INSTANCE_OBJECTS,
47334469/102500.767,relative_depth,NO_PAIR_CLEARS_DEPTH_GAP,
47334469/102507.964,relative_depth,FEWER_THAN_TWO_SINGLE_INSTANCE_OBJECTS,
47334469/102522.558,relative_depth,FEWER_THAN_TWO_SINGLE_INSTANCE_OBJECTS,
47334469/102529.756,relative_depth,FEWER_THAN_TWO_SINGLE_INSTANCE_OBJECTS,
47334482/103390.827,relative_depth,FEWER_THAN_TWO_SINGLE_INSTANCE_OBJECTS,
47334482/103395.741,relative_depth,FEWER_THAN_TWO_SINGLE_INSTANCE_OBJECTS,
47334482/103405.737,relative_depth,FEWER_THAN_TWO_SINGLE_INSTANCE_OBJECTS,
47334482/103415.633,relative_depth,FEWER_THAN_TWO_SINGLE_INSTANCE_OBJECTS,
47334487/104532.039,relative_depth,FEWER_THAN_TWO_SINGLE_INSTANCE_OBJECTS,
47334487/104551.631,relative_depth,FEWER_THAN_TWO_SINGLE_INSTANCE_OBJECTS,
47334487/104558.145,relative_depth,FEWER_THAN_TWO_SINGLE_INSTANCE_OBJECTS,
47334491/104495.837,relative_depth,NO_PAIR_CLEARS_DEPTH_GAP,
47334552/67943.067,relative_depth,FEWER_THAN_TWO_SINGLE_INSTANCE_OBJECTS,
47334552/67946.748,relative_depth,FEWER_THAN_TWO_SINGLE_INSTANCE_OBJECTS,
47334552/67957.944,relative_depth,NO_PAIR_CLEARS_DEPTH_GAP,
47334552/67961.642,relative_depth,FEWER_THAN_TWO_SINGLE_INSTANCE_OBJECTS,
47334552/67965.441,relative_depth,FEWER_THAN_TWO_SINGLE_INSTANCE_OBJECTS,
47334552/67969.139,relative_depth,FEWER_THAN_TWO_SINGLE_INSTANCE_OBJECTS,
47334559/68600.247,relative_depth,FEWER_THAN_TWO_SINGLE_INSTANCE_OBJECTS,
47334559/68608.044,relative_depth,FEWER_THAN_TWO_SINGLE_INSTANCE_OBJECTS,
47334559/68615.841,relative_depth,FEWER_THAN_TWO_SINGLE_INSTANCE_OBJECTS,
47334566/68534.541,relative_depth,NO_PAIR_CLEARS_DEPTH_GAP,
47334566/68539.539,relative_depth,FEWER_THAN_TWO_SINGLE_INSTANCE_OBJECTS,
47334566/68544.636,relative_depth,FEWER_THAN_TWO_SINGLE_INSTANCE_OBJECTS,
47334589/165862.432,relative_depth,FEWER_THAN_TWO_SINGLE_INSTANCE_OBJECTS,
47334589/165866.130,relative_depth,NO_PAIR_CLEARS_DEPTH_GAP,
47334589/165869.829,relative_depth,NO_PAIR_CLEARS_DEPTH_GAP,
47334589/165873.527,relative_depth,FEWER_THAN_TWO_SINGLE_INSTANCE_OBJECTS,
47334589/165884.639,relative_depth,FEWER_THAN_TWO_SINGLE_INSTANCE_OBJECTS,
47334608/384969.376,relative_depth,FEWER_THAN_TWO_SINGLE_INSTANCE_OBJECTS,
47334608/384975.773,relative_depth,FEWER_THAN_TWO_SINGLE_INSTANCE_OBJECTS,
47334615/385584.847,relative_depth,FEWER_THAN_TWO_SINGLE_INSTANCE_OBJECTS,
47334615/385609.737,relative_depth,FEWER_THAN_TWO_SINGLE_INSTANCE_OBJECTS,
47334615/385622.148,relative_depth,NO_PAIR_CLEARS_DEPTH_GAP,
47334615/385634.543,relative_depth,FEWER_THAN_TWO_SINGLE_INSTANCE_OBJECTS,
47334615/385647.038,relative_depth,FEWER_THAN_TWO_SINGLE_INSTANCE_OBJECTS,
47334629/386409.751,relative_depth,FEWER_THAN_TWO_SINGLE_INSTANCE_OBJECTS,
47334647/388869.803,relative_depth,FEWER_THAN_TWO_SINGLE_INSTANCE_OBJECTS,
47334647/388896.192,relative_depth,FEWER_THAN_TWO_SINGLE_INSTANCE_OBJECTS,
47334655/389716.268,relative_depth,FEWER_THAN_TWO_SINGLE_INSTANCE_OBJECTS,
47334655/389722.165,relative_depth,FEWER_THAN_TWO_SINGLE_INSTANCE_OBJECTS,
47334655/389734.061,relative_depth,NO_PAIR_CLEARS_DEPTH_GAP,
47334714/533667.003,relative_depth,NO_PAIR_CLEARS_DEPTH_GAP,
47334714/533674.300,relative_depth,FEWER_THAN_TWO_SINGLE_INSTANCE_OBJECTS,
47334760/421773.253,relative_depth,FEWER_THAN_TWO_SINGLE_INSTANCE_OBJECTS,
47334760/421807.756,relative_depth,FEWER_THAN_TWO_SINGLE_INSTANCE_OBJECTS,
47334783/426493.190,relative_depth,FEWER_THAN_TWO_SINGLE_INSTANCE_OBJECTS,
47334783/426502.487,relative_depth,FEWER_THAN_TWO_SINGLE_INSTANCE_OBJECTS,
47334783/426507.085,relative_depth,FEWER_THAN_TWO_SINGLE_INSTANCE_OBJECTS,
47334783/426516.398,relative_depth,FEWER_THAN_TWO_SINGLE_INSTANCE_OBJECTS,
47334783/426520.996,relative_depth,FEWER_THAN_TWO_SINGLE_INSTANCE_OBJECTS,
47334837/613711.294,relative_depth,FEWER_THAN_TWO_SINGLE_INSTANCE_OBJECTS,
47334837/613716.276,relative_depth,FEWER_THAN_TWO_SINGLE_INSTANCE_OBJECTS,
47334837/613726.272,relative_depth,FEWER_THAN_TWO_SINGLE_INSTANCE_OBJECTS,
47334837/613731.270,relative_depth,FEWER_THAN_TWO_SINGLE_INSTANCE_OBJECTS,
47334837/613746.280,relative_depth,FEWER_THAN_TWO_SINGLE_INSTANCE_OBJECTS,
47334868/620641.337,relative_depth,NO_PAIR_CLEARS_DEPTH_GAP,
47334868/620647.135,relative_depth,FEWER_THAN_TWO_SINGLE_INSTANCE_OBJECTS,
47334868/620652.932,relative_depth,FEWER_THAN_TWO_SINGLE_INSTANCE_OBJECTS,
47334868/620664.544,relative_depth,FEWER_THAN_TWO_SINGLE_INSTANCE_OBJECTS,
47334868/620670.342,relative_depth,FEWER_THAN_TWO_SINGLE_INSTANCE_OBJECTS,
47334871/620618.446,relative_depth,FEWER_THAN_TWO_SINGLE_INSTANCE_OBJECTS,
47334871/620619.846,relative_depth,FEWER_THAN_TWO_SINGLE_INSTANCE_OBJECTS,
47334871/620621.245,relative_depth,FEWER_THAN_TWO_SINGLE_INSTANCE_OBJECTS,
47334871/620622.544,relative_depth,FEWER_THAN_TWO_SINGLE_INSTANCE_OBJECTS,
47334871/620623.944,relative_depth,FEWER_THAN_TWO_SINGLE_INSTANCE_OBJECTS,
47334883/622603.922,relative_depth,FEWER_THAN_TWO_SINGLE_INSTANCE_OBJECTS,
47334883/622614.201,relative_depth,FEWER_THAN_TWO_SINGLE_INSTANCE_OBJECTS,
47334883/622624.614,relative_depth,FEWER_THAN_TWO_SINGLE_INSTANCE_OBJECTS,
47334883/622629.812,relative_depth,FEWER_THAN_TWO_SINGLE_INSTANCE_OBJECTS,
47334883/622635.010,relative_depth,FEWER_THAN_TWO_SINGLE_INSTANCE_OBJECTS,
47334912/1089932.890,relative_depth,FEWER_THAN_TWO_SINGLE_INSTANCE_OBJECTS,
47334912/1089965.194,relative_depth,FEWER_THAN_TWO_SINGLE_INSTANCE_OBJECTS,
47334912/1089997.381,relative_depth,FEWER_THAN_TWO_SINGLE_INSTANCE_OBJECTS,
47334912/1090013.491,relative_depth,FEWER_THAN_TWO_SINGLE_INSTANCE_OBJECTS,
47334938/663130.016,relative_depth,FEWER_THAN_TWO_SINGLE_INSTANCE_OBJECTS,
47334938/663140.912,relative_depth,FEWER_THAN_TWO_SINGLE_INSTANCE_OBJECTS,
47334938/663151.807,relative_depth,FEWER_THAN_TWO_SINGLE_INSTANCE_OBJECTS,
47334957/667442.902,relative_depth,FEWER_THAN_TWO_SINGLE_INSTANCE_OBJECTS,
47334957/667449.799,relative_depth,FEWER_THAN_TWO_SINGLE_INSTANCE_OBJECTS,
47334957/667470.591,relative_depth,FEWER_THAN_TWO_SINGLE_INSTANCE_OBJECTS,
47334957/667477.605,relative_depth,FEWER_THAN_TWO_SINGLE_INSTANCE_OBJECTS,
47429773/359913.154,relative_depth,FEWER_THAN_TWO_SINGLE_INSTANCE_OBJECTS,
47429773/359931.347,relative_depth,FEWER_THAN_TWO_SINGLE_INSTANCE_OBJECTS,
47429773/359940.443,relative_depth,FEWER_THAN_TWO_SINGLE_INSTANCE_OBJECTS,
47429773/359949.639,relative_depth,FEWER_THAN_TWO_SINGLE_INSTANCE_OBJECTS,
47429773/359967.849,relative_depth,FEWER_THAN_TWO_SINGLE_INSTANCE_OBJECTS,
47429774/360074.255,relative_depth,FEWER_THAN_TWO_SINGLE_INSTANCE_OBJECTS,
47429774/360086.034,relative_depth,FEWER_THAN_TWO_SINGLE_INSTANCE_OBJECTS,
47429774/360092.048,relative_depth,FEWER_THAN_TWO_SINGLE_INSTANCE_OBJECTS,
47429774/360103.843,relative_depth,NO_PAIR_CLEARS_DEPTH_GAP,
47429774/360109.841,relative_depth,FEWER_THAN_TWO_SINGLE_INSTANCE_OBJECTS,
47429806/739378.814,relative_depth,FEWER_THAN_TWO_SINGLE_INSTANCE_OBJECTS,
47429830/748515.843,relative_depth,FEWER_THAN_TWO_SINGLE_INSTANCE_OBJECTS,
47429830/748542.249,relative_depth,FEWER_THAN_TWO_SINGLE_INSTANCE_OBJECTS,
47429883/367991.543,relative_depth,FEWER_THAN_TWO_SINGLE_INSTANCE_OBJECTS,
47429883/368011.351,relative_depth,FEWER_THAN_TWO_SINGLE_INSTANCE_OBJECTS,
47429883/368031.243,relative_depth,FEWER_THAN_TWO_SINGLE_INSTANCE_OBJECTS,
47429883/368051.035,relative_depth,FEWER_THAN_TWO_SINGLE_INSTANCE_OBJECTS,
47429883/368090.736,relative_depth,FEWER_THAN_TWO_SINGLE_INSTANCE_OBJECTS,
47429912/136046.094,relative_depth,NO_PAIR_CLEARS_DEPTH_GAP,
47429912/136057.389,relative_depth,NO_PAIR_CLEARS_DEPTH_GAP,
47429922/136645.347,relative_depth,FEWER_THAN_TWO_SINGLE_INSTANCE_OBJECTS,
47429922/136659.841,relative_depth,FEWER_THAN_TWO_SINGLE_INSTANCE_OBJECTS,
47430074/27311.899,relative_depth,NO_PAIR_CLEARS_DEPTH_GAP,
47430074/27342.504,relative_depth,FEWER_THAN_TWO_SINGLE_INSTANCE_OBJECTS,
47430074/27352.699,relative_depth,FEWER_THAN_TWO_SINGLE_INSTANCE_OBJECTS,
47430088/27818.084,relative_depth,NO_PAIR_CLEARS_DEPTH_GAP,
47430088/27823.282,relative_depth,FEWER_THAN_TWO_SINGLE_INSTANCE_OBJECTS,
47430088/27828.479,relative_depth,FEWER_THAN_TWO_SINGLE_INSTANCE_OBJECTS,
47430088/27838.875,relative_depth,FEWER_THAN_TWO_SINGLE_INSTANCE_OBJECTS,
47430100/29156.201,relative_depth,FEWER_THAN_TWO_SINGLE_INSTANCE_OBJECTS,
47430103/29103.772,relative_depth,FEWER_THAN_TWO_SINGLE_INSTANCE_OBJECTS,
47430103/29107.171,relative_depth,NO_PAIR_CLEARS_DEPTH_GAP,
47430132/32688.860,relative_depth,FEWER_THAN_TWO_SINGLE_INSTANCE_OBJECTS,
47430132/32694.058,relative_depth,FEWER_THAN_TWO_SINGLE_INSTANCE_OBJECTS,
47430132/32704.471,relative_depth,FEWER_THAN_TWO_SINGLE_INSTANCE_OBJECTS,
47430154/50912.628,relative_depth,FEWER_THAN_TWO_SINGLE_INSTANCE_OBJECTS,
47430213/688574.074,relative_depth,FEWER_THAN_TWO_SINGLE_INSTANCE_OBJECTS,
47430213/688599.064,relative_depth,NO_PAIR_CLEARS_DEPTH_GAP,
47430213/688605.261,relative_depth,FEWER_THAN_TWO_SINGLE_INSTANCE_OBJECTS,
47430213/688611.559,relative_depth,FEWER_THAN_TWO_SINGLE_INSTANCE_OBJECTS,
47430213/688617.773,relative_depth,FEWER_THAN_TWO_SINGLE_INSTANCE_OBJECTS,
47430221/180199.821,relative_depth,FEWER_THAN_TWO_SINGLE_INSTANCE_OBJECTS,
47430221/180210.216,relative_depth,NO_PAIR_CLEARS_DEPTH_GAP,
47430221/180231.025,relative_depth,NO_PAIR_CLEARS_DEPTH_GAP,
47430221/180241.420,relative_depth,FEWER_THAN_TWO_SINGLE_INSTANCE_OBJECTS,
47430248/182319.405,relative_depth,FEWER_THAN_TWO_SINGLE_INSTANCE_OBJECTS,
47430248/182350.093,relative_depth,NO_PAIR_CLEARS_DEPTH_GAP,
47430248/182365.403,relative_depth,NO_PAIR_CLEARS_DEPTH_GAP,
47430248/182380.697,relative_depth,FEWER_THAN_TWO_SINGLE_INSTANCE_OBJECTS,
47430313/264682.960,relative_depth,FEWER_THAN_TWO_SINGLE_INSTANCE_OBJECTS,
47430313/264694.155,relative_depth,NO_PAIR_CLEARS_DEPTH_GAP,
47430313/264705.368,relative_depth,FEWER_THAN_TWO_SINGLE_INSTANCE_OBJECTS,
47430313/264727.859,relative_depth,NO_PAIR_CLEARS_DEPTH_GAP,
47430314/264804.461,relative_depth,FEWER_THAN_TWO_SINGLE_INSTANCE_OBJECTS,
47430314/264826.069,relative_depth,FEWER_THAN_TWO_SINGLE_INSTANCE_OBJECTS,
47430314/264847.760,relative_depth,NO_PAIR_CLEARS_DEPTH_GAP,
47430328/271271.608,relative_depth,NO_PAIR_CLEARS_DEPTH_GAP,
47430328/271311.808,relative_depth,FEWER_THAN_TWO_SINGLE_INSTANCE_OBJECTS,
47430402/126553.115,relative_depth,FEWER_THAN_TWO_SINGLE_INSTANCE_OBJECTS,
47430402/126558.313,relative_depth,FEWER_THAN_TWO_SINGLE_INSTANCE_OBJECTS,
47430402/126563.511,relative_depth,FEWER_THAN_TWO_SINGLE_INSTANCE_OBJECTS,
47430402/126568.809,relative_depth,FEWER_THAN_TWO_SINGLE_INSTANCE_OBJECTS,
47430402/126574.007,relative_depth,FEWER_THAN_TWO_SINGLE_INSTANCE_OBJECTS,
47430449/1705.355,relative_depth,FEWER_THAN_TWO_SINGLE_INSTANCE_OBJECTS,
47430449/1727.162,relative_depth,FEWER_THAN_TWO_SINGLE_INSTANCE_OBJECTS,
47430449/1749.054,relative_depth,FEWER_THAN_TWO_SINGLE_INSTANCE_OBJECTS,
47430452/1889.464,relative_depth,FEWER_THAN_TWO_SINGLE_INSTANCE_OBJECTS,
47430452/1938.661,relative_depth,FEWER_THAN_TWO_SINGLE_INSTANCE_OBJECTS,
47430452/2012.464,relative_depth,FEWER_THAN_TWO_SINGLE_INSTANCE_OBJECTS,
47430475/310611.772,relative_depth,FEWER_THAN_TWO_SINGLE_INSTANCE_OBJECTS,
47430490/313725.380,relative_depth,FEWER_THAN_TWO_SINGLE_INSTANCE_OBJECTS,
47430531/299798.549,relative_depth,FEWER_THAN_TWO_SINGLE_INSTANCE_OBJECTS,
47430543/300564.966,relative_depth,NO_PAIR_CLEARS_DEPTH_GAP,
47430554/301334.176,relative_depth,FEWER_THAN_TWO_SINGLE_INSTANCE_OBJECTS,
47430554/301349.369,relative_depth,FEWER_THAN_TWO_SINGLE_INSTANCE_OBJECTS,
47430554/301356.966,relative_depth,FEWER_THAN_TWO_SINGLE_INSTANCE_OBJECTS,
47430554/301364.580,relative_depth,FEWER_THAN_TWO_SINGLE_INSTANCE_OBJECTS,
47430565/309803.494,relative_depth,FEWER_THAN_TWO_SINGLE_INSTANCE_OBJECTS,
47430568/309761.994,relative_depth,FEWER_THAN_TWO_SINGLE_INSTANCE_OBJECTS,
47430568/309771.807,relative_depth,FEWER_THAN_TWO_SINGLE_INSTANCE_OBJECTS,
47430584/310700.931,relative_depth,FEWER_THAN_TWO_SINGLE_INSTANCE_OBJECTS,
47430584/310707.745,relative_depth,NO_PAIR_CLEARS_DEPTH_GAP,
47430588/310674.542,relative_depth,NO_PAIR_CLEARS_DEPTH_GAP,
47430608/315183.347,relative_depth,FEWER_THAN_TWO_SINGLE_INSTANCE_OBJECTS,
47430608/315202.139,relative_depth,FEWER_THAN_TWO_SINGLE_INSTANCE_OBJECTS,
47430608/315211.635,relative_depth,FEWER_THAN_TWO_SINGLE_INSTANCE_OBJECTS,
47430608/315221.031,relative_depth,FEWER_THAN_TWO_SINGLE_INSTANCE_OBJECTS,
47430633/322684.844,relative_depth,FEWER_THAN_TWO_SINGLE_INSTANCE_OBJECTS,
47430633/322692.941,relative_depth,FEWER_THAN_TWO_SINGLE_INSTANCE_OBJECTS,
47430633/322700.937,relative_depth,FEWER_THAN_TWO_SINGLE_INSTANCE_OBJECTS,
47430633/322708.951,relative_depth,FEWER_THAN_TWO_SINGLE_INSTANCE_OBJECTS,
47430637/322959.097,relative_depth,FEWER_THAN_TWO_SINGLE_INSTANCE_OBJECTS,
47430637/322962.796,relative_depth,FEWER_THAN_TWO_SINGLE_INSTANCE_OBJECTS,
47430637/322966.494,relative_depth,FEWER_THAN_TWO_SINGLE_INSTANCE_OBJECTS,
47430637/322970.293,relative_depth,FEWER_THAN_TWO_SINGLE_INSTANCE_OBJECTS,
47430640/323025.087,relative_depth,FEWER_THAN_TWO_SINGLE_INSTANCE_OBJECTS,
47430654/323898.044,relative_depth,FEWER_THAN_TWO_SINGLE_INSTANCE_OBJECTS,
47430654/323907.940,relative_depth,NO_PAIR_CLEARS_DEPTH_GAP,
47430654/323911.139,relative_depth,NO_PAIR_CLEARS_DEPTH_GAP,
47430654/323917.736,relative_depth,FEWER_THAN_TWO_SINGLE_INSTANCE_OBJECTS,
47430679/326488.797,relative_depth,FEWER_THAN_TWO_SINGLE_INSTANCE_OBJECTS,
47430679/326493.895,relative_depth,NO_PAIR_CLEARS_DEPTH_GAP,
47430679/326504.191,relative_depth,FEWER_THAN_TWO_SINGLE_INSTANCE_OBJECTS,
47430688/326913.547,relative_depth,FEWER_THAN_TWO_SINGLE_INSTANCE_OBJECTS,
47430688/326924.543,relative_depth,FEWER_THAN_TWO_SINGLE_INSTANCE_OBJECTS,
47430688/326930.140,relative_depth,FEWER_THAN_TWO_SINGLE_INSTANCE_OBJECTS,
47430688/326941.136,relative_depth,NO_PAIR_CLEARS_DEPTH_GAP,
47430688/326946.733,relative_depth,FEWER_THAN_TWO_SINGLE_INSTANCE_OBJECTS,
47430689/326879.628,relative_depth,FEWER_THAN_TWO_SINGLE_INSTANCE_OBJECTS,
47430689/326886.842,relative_depth,FEWER_THAN_TWO_SINGLE_INSTANCE_OBJECTS,
47430689/326890.540,relative_depth,FEWER_THAN_TWO_SINGLE_INSTANCE_OBJECTS,
47430689/326894.139,relative_depth,NO_PAIR_CLEARS_DEPTH_GAP,
47430689/326897.737,relative_depth,FEWER_THAN_TWO_SINGLE_INSTANCE_OBJECTS,
47430689/326901.336,relative_depth,FEWER_THAN_TWO_SINGLE_INSTANCE_OBJECTS,
47430731/336088.077,relative_depth,FEWER_THAN_TWO_SINGLE_INSTANCE_OBJECTS,
47430739/336568.261,relative_depth,NO_PAIR_CLEARS_DEPTH_GAP,
47430739/336587.453,relative_depth,FEWER_THAN_TWO_SINGLE_INSTANCE_OBJECTS,
47430739/336597.049,relative_depth,NO_PAIR_CLEARS_DEPTH_GAP,
47430739/336606.645,relative_depth,FEWER_THAN_TWO_SINGLE_INSTANCE_OBJECTS,
47430751/336937.155,relative_depth,FEWER_THAN_TWO_SINGLE_INSTANCE_OBJECTS,
47430789/340419.420,relative_depth,FEWER_THAN_TWO_SINGLE_INSTANCE_OBJECTS,
47430789/340426.517,relative_depth,FEWER_THAN_TWO_SINGLE_INSTANCE_OBJECTS,
47430808/64034.724,relative_depth,FEWER_THAN_TWO_SINGLE_INSTANCE_OBJECTS,
47430852/72656.717,relative_depth,FEWER_THAN_TWO_SINGLE_INSTANCE_OBJECTS,
47430852/72660.515,relative_depth,NO_PAIR_CLEARS_DEPTH_GAP,
47430852/72664.314,relative_depth,FEWER_THAN_TWO_SINGLE_INSTANCE_OBJECTS,
47430862/74298.617,relative_depth,FEWER_THAN_TWO_SINGLE_INSTANCE_OBJECTS,
47430862/74302.516,relative_depth,FEWER_THAN_TWO_SINGLE_INSTANCE_OBJECTS,
47430862/74310.313,relative_depth,FEWER_THAN_TWO_SINGLE_INSTANCE_OBJECTS,
47430862/74318.109,relative_depth,FEWER_THAN_TWO_SINGLE_INSTANCE_OBJECTS,
47430862/74322.008,relative_depth,FEWER_THAN_TWO_SINGLE_INSTANCE_OBJECTS,
47430898/78230.542,relative_depth,FEWER_THAN_TWO_SINGLE_INSTANCE_OBJECTS,
47430898/78235.840,relative_depth,NO_PAIR_CLEARS_DEPTH_GAP,
47430898/78241.155,relative_depth,FEWER_THAN_TWO_SINGLE_INSTANCE_OBJECTS,
47430898/78251.750,relative_depth,FEWER_THAN_TWO_SINGLE_INSTANCE_OBJECTS,
47430898/78257.048,relative_depth,FEWER_THAN_TWO_SINGLE_INSTANCE_OBJECTS,
47430898/78262.346,relative_depth,FEWER_THAN_TWO_SINGLE_INSTANCE_OBJECTS,
47430940/95441.389,relative_depth,FEWER_THAN_TWO_SINGLE_INSTANCE_OBJECTS,
47430940/95446.304,relative_depth,FEWER_THAN_TWO_SINGLE_INSTANCE_OBJECTS,
47430942/95480.690,relative_depth,FEWER_THAN_TWO_SINGLE_INSTANCE_OBJECTS,
47431043/141619.276,relative_depth,NO_PAIR_CLEARS_DEPTH_GAP,
47431043/141626.473,relative_depth,NO_PAIR_CLEARS_DEPTH_GAP,
47431043/141633.770,relative_depth,FEWER_THAN_TWO_SINGLE_INSTANCE_OBJECTS,
47431043/141640.967,relative_depth,NO_PAIR_CLEARS_DEPTH_GAP,
47431088/75870.673,relative_depth,FEWER_THAN_TWO_SINGLE_INSTANCE_OBJECTS,
47431107/348271.796,relative_depth,FEWER_THAN_TWO_SINGLE_INSTANCE_OBJECTS,
47431107/348278.893,relative_depth,NO_PAIR_CLEARS_DEPTH_GAP,
47431107/348282.508,relative_depth,NO_PAIR_CLEARS_DEPTH_GAP,
47431107/348286.007,relative_depth,NO_PAIR_CLEARS_DEPTH_GAP,
47431138/351192.088,relative_depth,FEWER_THAN_TWO_SINGLE_INSTANCE_OBJECTS,
47431138/351200.801,relative_depth,FEWER_THAN_TWO_SINGLE_INSTANCE_OBJECTS,
47431138/351205.199,relative_depth,FEWER_THAN_TWO_SINGLE_INSTANCE_OBJECTS,
47431138/351209.598,relative_depth,FEWER_THAN_TWO_SINGLE_INSTANCE_OBJECTS,
47431146/350775.575,relative_depth,FEWER_THAN_TWO_SINGLE_INSTANCE_OBJECTS,
47431146/350778.874,relative_depth,NO_PAIR_CLEARS_DEPTH_GAP,
47431146/350785.588,relative_depth,FEWER_THAN_TWO_SINGLE_INSTANCE_OBJECTS,
47431160/352063.860,relative_depth,FEWER_THAN_TWO_SINGLE_INSTANCE_OBJECTS,
47431160/352069.841,relative_depth,FEWER_THAN_TWO_SINGLE_INSTANCE_OBJECTS,
47431160/352072.940,relative_depth,FEWER_THAN_TWO_SINGLE_INSTANCE_OBJECTS,
47431160/352075.938,relative_depth,FEWER_THAN_TWO_SINGLE_INSTANCE_OBJECTS,
47431160/352085.035,relative_depth,FEWER_THAN_TWO_SINGLE_INSTANCE_OBJECTS,
47431190/360341.390,relative_depth,NO_PAIR_CLEARS_DEPTH_GAP,
47431190/360351.186,relative_depth,FEWER_THAN_TWO_SINGLE_INSTANCE_OBJECTS,
47431190/360356.084,relative_depth,FEWER_THAN_TWO_SINGLE_INSTANCE_OBJECTS,
47431190/360360.982,relative_depth,FEWER_THAN_TWO_SINGLE_INSTANCE_OBJECTS,
47431190/360365.880,relative_depth,FEWER_THAN_TWO_SINGLE_INSTANCE_OBJECTS,
47431194/360430.187,relative_depth,FEWER_THAN_TWO_SINGLE_INSTANCE_OBJECTS,
47431194/360437.384,relative_depth,FEWER_THAN_TWO_SINGLE_INSTANCE_OBJECTS,
47431194/360444.581,relative_depth,FEWER_THAN_TWO_SINGLE_INSTANCE_OBJECTS,
47431194/360458.892,relative_depth,FEWER_THAN_TWO_SINGLE_INSTANCE_OBJECTS,
47431194/360466.089,relative_depth,FEWER_THAN_TWO_SINGLE_INSTANCE_OBJECTS,
47431194/360473.286,relative_depth,FEWER_THAN_TWO_SINGLE_INSTANCE_OBJECTS,
47669851/12475.387,relative_depth,FEWER_THAN_TWO_SINGLE_INSTANCE_OBJECTS,
47669851/12487.665,relative_depth,FEWER_THAN_TWO_SINGLE_INSTANCE_OBJECTS,
47669851/12512.272,relative_depth,FEWER_THAN_TWO_SINGLE_INSTANCE_OBJECTS,
47669851/12524.567,relative_depth,FEWER_THAN_TWO_SINGLE_INSTANCE_OBJECTS,
47669851/12536.878,relative_depth,FEWER_THAN_TWO_SINGLE_INSTANCE_OBJECTS,
47669851/12561.468,relative_depth,FEWER_THAN_TWO_SINGLE_INSTANCE_OBJECTS,
47669880/11154.733,relative_depth,FEWER_THAN_TWO_SINGLE_INSTANCE_OBJECTS,
47669880/11224.422,relative_depth,NO_PAIR_CLEARS_DEPTH_GAP,
47669880/11247.729,relative_depth,FEWER_THAN_TWO_SINGLE_INSTANCE_OBJECTS,
47669880/11271.020,relative_depth,FEWER_THAN_TWO_SINGLE_INSTANCE_OBJECTS,
47669880/11294.228,relative_depth,FEWER_THAN_TWO_SINGLE_INSTANCE_OBJECTS,
47669880/11317.518,relative_depth,FEWER_THAN_TWO_SINGLE_INSTANCE_OBJECTS,
47669903/12200.344,relative_depth,FEWER_THAN_TWO_SINGLE_INSTANCE_OBJECTS,
47669903/12245.343,relative_depth,FEWER_THAN_TWO_SINGLE_INSTANCE_OBJECTS,
47669903/12275.248,relative_depth,FEWER_THAN_TWO_SINGLE_INSTANCE_OBJECTS,
47669917/14101.282,relative_depth,FEWER_THAN_TWO_SINGLE_INSTANCE_OBJECTS,
47669917/14106.979,relative_depth,NO_PAIR_CLEARS_DEPTH_GAP,
47669917/14129.987,relative_depth,NO_PAIR_CLEARS_DEPTH_GAP,
47669917/14135.785,relative_depth,NO_PAIR_CLEARS_DEPTH_GAP,
47669917/14141.483,relative_depth,FEWER_THAN_TWO_SINGLE_INSTANCE_OBJECTS,
47669936/14785.213,relative_depth,FEWER_THAN_TWO_SINGLE_INSTANCE_OBJECTS,
47669936/14802.407,relative_depth,FEWER_THAN_TWO_SINGLE_INSTANCE_OBJECTS,
47669936/14814.002,relative_depth,FEWER_THAN_TWO_SINGLE_INSTANCE_OBJECTS,
47669936/14825.497,relative_depth,FEWER_THAN_TWO_SINGLE_INSTANCE_OBJECTS,
47669943/15197.252,relative_depth,FEWER_THAN_TWO_SINGLE_INSTANCE_OBJECTS,
47669943/15222.558,relative_depth,FEWER_THAN_TWO_SINGLE_INSTANCE_OBJECTS,
47669984/28922.414,relative_depth,FEWER_THAN_TWO_SINGLE_INSTANCE_OBJECTS,
47669984/28931.310,relative_depth,FEWER_THAN_TWO_SINGLE_INSTANCE_OBJECTS,
47669984/28940.107,relative_depth,FEWER_THAN_TWO_SINGLE_INSTANCE_OBJECTS,
47669984/28957.816,relative_depth,NO_PAIR_CLEARS_DEPTH_GAP,
47669984/28966.612,relative_depth,NO_PAIR_CLEARS_DEPTH_GAP,
47670116/41750.111,relative_depth,NO_PAIR_CLEARS_DEPTH_GAP,
47670116/41758.108,relative_depth,FEWER_THAN_TWO_SINGLE_INSTANCE_OBJECTS,
47670116/41766.104,relative_depth,FEWER_THAN_TWO_SINGLE_INSTANCE_OBJECTS,
47670116/41782.198,relative_depth,FEWER_THAN_TWO_SINGLE_INSTANCE_OBJECTS,
47670116/41790.194,relative_depth,FEWER_THAN_TWO_SINGLE_INSTANCE_OBJECTS,
47670116/41798.208,relative_depth,FEWER_THAN_TWO_SINGLE_INSTANCE_OBJECTS,
47670116/41806.204,relative_depth,FEWER_THAN_TWO_SINGLE_INSTANCE_OBJECTS,
47670124/41652.018,relative_depth,FEWER_THAN_TWO_SINGLE_INSTANCE_OBJECTS,
47670124/41657.100,relative_depth,FEWER_THAN_TWO_SINGLE_INSTANCE_OBJECTS,
47670124/41682.906,relative_depth,FEWER_THAN_TWO_SINGLE_INSTANCE_OBJECTS,
47670124/41688.003,relative_depth,FEWER_THAN_TWO_SINGLE_INSTANCE_OBJECTS,
47670136/39943.906,relative_depth,FEWER_THAN_TWO_SINGLE_INSTANCE_OBJECTS,
47670136/39949.287,relative_depth,FEWER_THAN_TWO_SINGLE_INSTANCE_OBJECTS,
47670136/39970.995,relative_depth,FEWER_THAN_TWO_SINGLE_INSTANCE_OBJECTS,
47670136/39976.393,relative_depth,FEWER_THAN_TWO_SINGLE_INSTANCE_OBJECTS,
47670158/40642.463,relative_depth,FEWER_THAN_TWO_SINGLE_INSTANCE_OBJECTS,
47670158/40682.447,relative_depth,FEWER_THAN_TWO_SINGLE_INSTANCE_OBJECTS,
47670158/40762.548,relative_depth,FEWER_THAN_TWO_SINGLE_INSTANCE_OBJECTS,
47670158/40782.557,relative_depth,NO_PAIR_CLEARS_DEPTH_GAP,
47670201/53309.629,relative_depth,FEWER_THAN_TWO_SINGLE_INSTANCE_OBJECTS,
47670201/53316.126,relative_depth,NO_PAIR_CLEARS_DEPTH_GAP,
47670201/53322.723,relative_depth,FEWER_THAN_TWO_SINGLE_INSTANCE_OBJECTS,
47670232/52819.001,relative_depth,FEWER_THAN_TWO_SINGLE_INSTANCE_OBJECTS,
47670232/52822.300,relative_depth,NO_PAIR_CLEARS_DEPTH_GAP,
47670232/52828.997,relative_depth,FEWER_THAN_TWO_SINGLE_INSTANCE_OBJECTS,
47670232/52832.396,relative_depth,FEWER_THAN_TWO_SINGLE_INSTANCE_OBJECTS,
47670232/52835.695,relative_depth,FEWER_THAN_TWO_SINGLE_INSTANCE_OBJECTS,
47670242/63535.535,relative_depth,FEWER_THAN_TWO_SINGLE_INSTANCE_OBJECTS,
47670242/63566.822,relative_depth,FEWER_THAN_TWO_SINGLE_INSTANCE_OBJECTS,
47670299/63473.861,relative_depth,FEWER_THAN_TWO_SINGLE_INSTANCE_OBJECTS,
47670299/63477.943,relative_depth,FEWER_THAN_TWO_SINGLE_INSTANCE_OBJECTS,
47670299/63494.353,relative_depth,FEWER_THAN_TWO_SINGLE_INSTANCE_OBJECTS,
47670299/63502.550,relative_depth,FEWER_THAN_TWO_SINGLE_INSTANCE_OBJECTS,
47895191/38672.250,relative_depth,NO_PAIR_CLEARS_DEPTH_GAP,
47895191/38718.648,relative_depth,FEWER_THAN_TWO_SINGLE_INSTANCE_OBJECTS,
47895206/39978.969,relative_depth,FEWER_THAN_TWO_SINGLE_INSTANCE_OBJECTS,
47895233/73797.008,relative_depth,FEWER_THAN_TWO_SINGLE_INSTANCE_OBJECTS,
47895233/73817.899,relative_depth,FEWER_THAN_TWO_SINGLE_INSTANCE_OBJECTS,
47895233/73838.707,relative_depth,FEWER_THAN_TWO_SINGLE_INSTANCE_OBJECTS,
47895233/73849.203,relative_depth,FEWER_THAN_TWO_SINGLE_INSTANCE_OBJECTS,
47895233/73859.599,relative_depth,FEWER_THAN_TWO_SINGLE_INSTANCE_OBJECTS,
47895235/73894.201,relative_depth,NO_PAIR_CLEARS_DEPTH_GAP,
47895235/73905.313,relative_depth,FEWER_THAN_TWO_SINGLE_INSTANCE_OBJECTS,
47895235/73927.604,relative_depth,FEWER_THAN_TWO_SINGLE_INSTANCE_OBJECTS,
47895235/73938.700,relative_depth,FEWER_THAN_TWO_SINGLE_INSTANCE_OBJECTS,
47895235/73949.812,relative_depth,FEWER_THAN_TWO_SINGLE_INSTANCE_OBJECTS,
47895320/92456.419,relative_depth,FEWER_THAN_TWO_SINGLE_INSTANCE_OBJECTS,
47895320/92512.613,relative_depth,NO_PAIR_CLEARS_DEPTH_GAP,
47895320/92550.114,relative_depth,NO_PAIR_CLEARS_DEPTH_GAP,
47895355/98836.236,relative_depth,FEWER_THAN_TWO_SINGLE_INSTANCE_OBJECTS,
47895355/98863.425,relative_depth,FEWER_THAN_TWO_SINGLE_INSTANCE_OBJECTS,
47895355/98890.631,relative_depth,NO_PAIR_CLEARS_DEPTH_GAP,
47895355/98917.837,relative_depth,FEWER_THAN_TWO_SINGLE_INSTANCE_OBJECTS,
47895446/129348.200,relative_depth,FEWER_THAN_TWO_SINGLE_INSTANCE_OBJECTS,
47895446/129359.212,relative_depth,FEWER_THAN_TWO_SINGLE_INSTANCE_OBJECTS,
47895446/129370.107,relative_depth,FEWER_THAN_TWO_SINGLE_INSTANCE_OBJECTS,
47895446/129381.103,relative_depth,FEWER_THAN_TWO_SINGLE_INSTANCE_OBJECTS,
47895446/129392.098,relative_depth,FEWER_THAN_TWO_SINGLE_INSTANCE_OBJECTS,
47895446/129403.011,relative_depth,FEWER_THAN_TWO_SINGLE_INSTANCE_OBJECTS,
47895466/130415.917,relative_depth,FEWER_THAN_TWO_SINGLE_INSTANCE_OBJECTS,
47895466/130423.131,relative_depth,FEWER_THAN_TWO_SINGLE_INSTANCE_OBJECTS,
47895466/130430.228,relative_depth,FEWER_THAN_TWO_SINGLE_INSTANCE_OBJECTS,
47895466/130437.425,relative_depth,FEWER_THAN_TWO_SINGLE_INSTANCE_OBJECTS,
47895466/130444.622,relative_depth,NO_PAIR_CLEARS_DEPTH_GAP,
47895466/130451.719,relative_depth,FEWER_THAN_TWO_SINGLE_INSTANCE_OBJECTS,
47895466/130458.916,relative_depth,FEWER_THAN_TWO_SINGLE_INSTANCE_OBJECTS,
47895476/132590.133,relative_depth,NO_PAIR_CLEARS_DEPTH_GAP,
47895476/132606.943,relative_depth,FEWER_THAN_TWO_SINGLE_INSTANCE_OBJECTS,
47895476/132623.736,relative_depth,FEWER_THAN_TWO_SINGLE_INSTANCE_OBJECTS,
47895476/132640.629,relative_depth,FEWER_THAN_TWO_SINGLE_INSTANCE_OBJECTS,
47895476/132691.042,relative_depth,FEWER_THAN_TWO_SINGLE_INSTANCE_OBJECTS,
47895493/450851.374,relative_depth,FEWER_THAN_TWO_SINGLE_INSTANCE_OBJECTS,
47895493/450856.072,relative_depth,FEWER_THAN_TWO_SINGLE_INSTANCE_OBJECTS,
47895493/450860.687,relative_depth,NO_PAIR_CLEARS_DEPTH_GAP,
47895493/450865.385,relative_depth,FEWER_THAN_TWO_SINGLE_INSTANCE_OBJECTS,
47895493/450870.083,relative_depth,NO_PAIR_CLEARS_DEPTH_GAP,
47895493/450874.682,relative_depth,FEWER_THAN_TWO_SINGLE_INSTANCE_OBJECTS,
47895493/450879.380,relative_depth,NO_PAIR_CLEARS_DEPTH_GAP,
47895542/455830.224,relative_depth,FEWER_THAN_TWO_SINGLE_INSTANCE_OBJECTS,
47895542/455845.302,relative_depth,NO_PAIR_CLEARS_DEPTH_GAP,
47895542/455850.400,relative_depth,FEWER_THAN_TWO_SINGLE_INSTANCE_OBJECTS,
47895542/455855.398,relative_depth,FEWER_THAN_TWO_SINGLE_INSTANCE_OBJECTS,
47895542/455860.512,relative_depth,NO_PAIR_CLEARS_DEPTH_GAP,
47895542/455865.510,relative_depth,FEWER_THAN_TWO_SINGLE_INSTANCE_OBJECTS,
47895571/1153697.067,relative_depth,FEWER_THAN_TWO_SINGLE_INSTANCE_OBJECTS,
47895571/1153714.460,relative_depth,FEWER_THAN_TWO_SINGLE_INSTANCE_OBJECTS,
47895571/1153731.953,relative_depth,FEWER_THAN_TWO_SINGLE_INSTANCE_OBJECTS,
47895571/1153740.650,relative_depth,FEWER_THAN_TWO_SINGLE_INSTANCE_OBJECTS,
47895571/1153749.463,relative_depth,NO_PAIR_CLEARS_DEPTH_GAP,
47895571/1153758.159,relative_depth,FEWER_THAN_TWO_SINGLE_INSTANCE_OBJECTS,
47895576/1155383.553,relative_depth,FEWER_THAN_TWO_SINGLE_INSTANCE_OBJECTS,
47895608/469905.880,relative_depth,FEWER_THAN_TWO_SINGLE_INSTANCE_OBJECTS,
47895614/470349.027,relative_depth,FEWER_THAN_TWO_SINGLE_INSTANCE_OBJECTS,
47895614/470377.615,relative_depth,FEWER_THAN_TWO_SINGLE_INSTANCE_OBJECTS,
47895614/470391.909,relative_depth,FEWER_THAN_TWO_SINGLE_INSTANCE_OBJECTS,
47895614/470406.220,relative_depth,FEWER_THAN_TWO_SINGLE_INSTANCE_OBJECTS,
47895614/470420.514,relative_depth,FEWER_THAN_TWO_SINGLE_INSTANCE_OBJECTS,
47895656/368592.185,relative_depth,NO_PAIR_CLEARS_DEPTH_GAP,
47895656/368604.280,relative_depth,FEWER_THAN_TWO_SINGLE_INSTANCE_OBJECTS,
47895656/368607.379,relative_depth,FEWER_THAN_TWO_SINGLE_INSTANCE_OBJECTS,
47895672/369289.292,relative_depth,FEWER_THAN_TWO_SINGLE_INSTANCE_OBJECTS,
47895672/369292.991,relative_depth,FEWER_THAN_TWO_SINGLE_INSTANCE_OBJECTS,
47895672/369300.488,relative_depth,FEWER_THAN_TWO_SINGLE_INSTANCE_OBJECTS,
47895672/369304.286,relative_depth,FEWER_THAN_TWO_SINGLE_INSTANCE_OBJECTS,
47895672/369311.783,relative_depth,NO_PAIR_CLEARS_DEPTH_GAP,
47895678/370093.479,relative_depth,FEWER_THAN_TWO_SINGLE_INSTANCE_OBJECTS,
47895678/370096.577,relative_depth,NO_PAIR_CLEARS_DEPTH_GAP,
47895678/370099.676,relative_depth,FEWER_THAN_TWO_SINGLE_INSTANCE_OBJECTS,
47895678/370102.775,relative_depth,FEWER_THAN_TWO_SINGLE_INSTANCE_OBJECTS,
47895678/370105.873,relative_depth,FEWER_THAN_TWO_SINGLE_INSTANCE_OBJECTS,
47895732/384532.931,relative_depth,FEWER_THAN_TWO_SINGLE_INSTANCE_OBJECTS,
47895732/384540.927,relative_depth,NO_PAIR_CLEARS_DEPTH_GAP,
47895732/384548.924,relative_depth,FEWER_THAN_TWO_SINGLE_INSTANCE_OBJECTS,
47895732/384556.921,relative_depth,FEWER_THAN_TWO_SINGLE_INSTANCE_OBJECTS,
47895732/384564.934,relative_depth,FEWER_THAN_TWO_SINGLE_INSTANCE_OBJECTS,
47895732/384572.931,relative_depth,FEWER_THAN_TWO_SINGLE_INSTANCE_OBJECTS,
47895740/384939.845,relative_depth,FEWER_THAN_TWO_SINGLE_INSTANCE_OBJECTS,
47895740/384943.343,relative_depth,FEWER_THAN_TWO_SINGLE_INSTANCE_OBJECTS,
47895740/384946.842,relative_depth,FEWER_THAN_TWO_SINGLE_INSTANCE_OBJECTS,
47895743/385152.051,relative_depth,FEWER_THAN_TWO_SINGLE_INSTANCE_OBJECTS,
47895743/385155.650,relative_depth,FEWER_THAN_TWO_SINGLE_INSTANCE_OBJECTS,
47895743/385162.947,relative_depth,FEWER_THAN_TWO_SINGLE_INSTANCE_OBJECTS,
47895745/385191.252,relative_depth,FEWER_THAN_TWO_SINGLE_INSTANCE_OBJECTS,
47895745/385194.350,relative_depth,FEWER_THAN_TWO_SINGLE_INSTANCE_OBJECTS,
47895816/685871.362,relative_depth,FEWER_THAN_TWO_SINGLE_INSTANCE_OBJECTS,
47895816/685877.959,relative_depth,NO_PAIR_CLEARS_DEPTH_GAP,
47895816/685891.154,relative_depth,FEWER_THAN_TWO_SINGLE_INSTANCE_OBJECTS,
47895816/685904.448,relative_depth,FEWER_THAN_TWO_SINGLE_INSTANCE_OBJECTS,
47895824/1219916.989,relative_depth,NO_PAIR_CLEARS_DEPTH_GAP,
47895824/1219924.186,relative_depth,FEWER_THAN_TWO_SINGLE_INSTANCE_OBJECTS,
47895824/1219931.283,relative_depth,FEWER_THAN_TWO_SINGLE_INSTANCE_OBJECTS,
47895824/1219938.397,relative_depth,FEWER_THAN_TWO_SINGLE_INSTANCE_OBJECTS,
47895824/1219945.494,relative_depth,FEWER_THAN_TWO_SINGLE_INSTANCE_OBJECTS,
47895830/1221797.836,relative_depth,FEWER_THAN_TWO_SINGLE_INSTANCE_OBJECTS,
47895830/1221813.029,relative_depth,NO_PAIR_CLEARS_DEPTH_GAP,
47895871/489408.215,relative_depth,FEWER_THAN_TWO_SINGLE_INSTANCE_OBJECTS,
47895871/489419.394,relative_depth,NO_PAIR_CLEARS_DEPTH_GAP,
47895871/489441.801,relative_depth,NO_PAIR_CLEARS_DEPTH_GAP,
47895871/489453.097,relative_depth,FEWER_THAN_TWO_SINGLE_INSTANCE_OBJECTS,
47895871/489464.292,relative_depth,FEWER_THAN_TWO_SINGLE_INSTANCE_OBJECTS,
47895871/489486.700,relative_depth,FEWER_THAN_TWO_SINGLE_INSTANCE_OBJECTS,
47895891/492779.622,relative_depth,FEWER_THAN_TWO_SINGLE_INSTANCE_OBJECTS,
47895891/492803.129,relative_depth,NO_PAIR_CLEARS_DEPTH_GAP,
47895891/492810.926,relative_depth,FEWER_THAN_TWO_SINGLE_INSTANCE_OBJECTS,
47895891/492826.520,relative_depth,NO_PAIR_CLEARS_DEPTH_GAP,
47895946/404932.007,relative_depth,FEWER_THAN_TWO_SINGLE_INSTANCE_OBJECTS,
47895946/404936.188,relative_depth,FEWER_THAN_TWO_SINGLE_INSTANCE_OBJECTS,
47895946/404940.486,relative_depth,FEWER_THAN_TWO_SINGLE_INSTANCE_OBJECTS,
47895946/404949.000,relative_depth,FEWER_THAN_TWO_SINGLE_INSTANCE_OBJECTS,
47895946/404953.298,relative_depth,FEWER_THAN_TWO_SINGLE_INSTANCE_OBJECTS,
47895951/405007.792,relative_depth,FEWER_THAN_TWO_SINGLE_INSTANCE_OBJECTS,
47895962/406750.912,relative_depth,FEWER_THAN_TWO_SINGLE_INSTANCE_OBJECTS,
47895962/406762.707,relative_depth,FEWER_THAN_TWO_SINGLE_INSTANCE_OBJECTS,
48017887/80024.016,relative_depth,FEWER_THAN_TWO_SINGLE_INSTANCE_OBJECTS,
48017887/80053.721,relative_depth,FEWER_THAN_TWO_SINGLE_INSTANCE_OBJECTS,
48017887/80073.429,relative_depth,FEWER_THAN_TWO_SINGLE_INSTANCE_OBJECTS,
48017892/80799.792,relative_depth,FEWER_THAN_TWO_SINGLE_INSTANCE_OBJECTS,
48017892/80801.174,relative_depth,FEWER_THAN_TWO_SINGLE_INSTANCE_OBJECTS,
48017892/80805.572,relative_depth,FEWER_THAN_TWO_SINGLE_INSTANCE_OBJECTS,
48017892/80806.972,relative_depth,FEWER_THAN_TWO_SINGLE_INSTANCE_OBJECTS,
48017950/455694.836,relative_depth,FEWER_THAN_TWO_SINGLE_INSTANCE_OBJECTS,
48017950/455700.517,relative_depth,NO_PAIR_CLEARS_DEPTH_GAP,
48017950/455706.315,relative_depth,FEWER_THAN_TWO_SINGLE_INSTANCE_OBJECTS,
48017950/455712.113,relative_depth,FEWER_THAN_TWO_SINGLE_INSTANCE_OBJECTS,
48017950/455717.927,relative_depth,NO_PAIR_CLEARS_DEPTH_GAP,
48017950/455723.725,relative_depth,FEWER_THAN_TWO_SINGLE_INSTANCE_OBJECTS,
48018012/458786.392,relative_depth,NO_PAIR_CLEARS_DEPTH_GAP,
48018012/458814.897,relative_depth,FEWER_THAN_TWO_SINGLE_INSTANCE_OBJECTS,
48018012/458824.293,relative_depth,NO_PAIR_CLEARS_DEPTH_GAP,
48018013/459231.377,relative_depth,NO_PAIR_CLEARS_DEPTH_GAP,
48018013/459235.775,relative_depth,FEWER_THAN_TWO_SINGLE_INSTANCE_OBJECTS,
48018013/459240.190,relative_depth,FEWER_THAN_TWO_SINGLE_INSTANCE_OBJECTS,
48018079/103529.429,relative_depth,FEWER_THAN_TWO_SINGLE_INSTANCE_OBJECTS,
48018079/103538.942,relative_depth,FEWER_THAN_TWO_SINGLE_INSTANCE_OBJECTS,
48018079/103548.538,relative_depth,FEWER_THAN_TWO_SINGLE_INSTANCE_OBJECTS,
48018089/104013.041,relative_depth,FEWER_THAN_TWO_SINGLE_INSTANCE_OBJECTS,
48018115/368409.647,relative_depth,FEWER_THAN_TWO_SINGLE_INSTANCE_OBJECTS,
48018115/368417.844,relative_depth,FEWER_THAN_TWO_SINGLE_INSTANCE_OBJECTS,
48018122/369204.574,relative_depth,FEWER_THAN_TWO_SINGLE_INSTANCE_OBJECTS,
48018122/369216.769,relative_depth,FEWER_THAN_TWO_SINGLE_INSTANCE_OBJECTS,
48018122/369228.864,relative_depth,FEWER_THAN_TWO_SINGLE_INSTANCE_OBJECTS,
48018122/369253.271,relative_depth,FEWER_THAN_TWO_SINGLE_INSTANCE_OBJECTS,
48018127/369128.573,relative_depth,FEWER_THAN_TWO_SINGLE_INSTANCE_OBJECTS,
48018127/369136.170,relative_depth,FEWER_THAN_TWO_SINGLE_INSTANCE_OBJECTS,
48018127/369151.463,relative_depth,FEWER_THAN_TWO_SINGLE_INSTANCE_OBJECTS,
48018127/369166.873,relative_depth,FEWER_THAN_TWO_SINGLE_INSTANCE_OBJECTS,
48018165/374994.211,relative_depth,FEWER_THAN_TWO_SINGLE_INSTANCE_OBJECTS,
48018165/374998.793,relative_depth,NO_PAIR_CLEARS_DEPTH_GAP,
48018165/375001.092,relative_depth,NO_PAIR_CLEARS_DEPTH_GAP,
48018165/375003.391,relative_depth,FEWER_THAN_TWO_SINGLE_INSTANCE_OBJECTS,
48018165/375005.690,relative_depth,FEWER_THAN_TWO_SINGLE_INSTANCE_OBJECTS,
48018165/375007.989,relative_depth,FEWER_THAN_TWO_SINGLE_INSTANCE_OBJECTS,
48018165/375010.305,relative_depth,FEWER_THAN_TWO_SINGLE_INSTANCE_OBJECTS,
48018228/468955.730,relative_depth,FEWER_THAN_TWO_SINGLE_INSTANCE_OBJECTS,
48018228/468968.325,relative_depth,FEWER_THAN_TWO_SINGLE_INSTANCE_OBJECTS,
48018228/468972.023,relative_depth,FEWER_THAN_TWO_SINGLE_INSTANCE_OBJECTS,
48018228/468975.822,relative_depth,FEWER_THAN_TWO_SINGLE_INSTANCE_OBJECTS,
48018228/468986.917,relative_depth,FEWER_THAN_TWO_SINGLE_INSTANCE_OBJECTS,
48018238/469341.070,relative_depth,FEWER_THAN_TWO_SINGLE_INSTANCE_OBJECTS,
48018238/469347.867,relative_depth,FEWER_THAN_TWO_SINGLE_INSTANCE_OBJECTS,
48018252/470170.748,relative_depth,FEWER_THAN_TWO_SINGLE_INSTANCE_OBJECTS,
48018252/470175.130,relative_depth,NO_PAIR_CLEARS_DEPTH_GAP,
48018252/470179.628,relative_depth,FEWER_THAN_TWO_SINGLE_INSTANCE_OBJECTS,
48018252/470184.026,relative_depth,NO_PAIR_CLEARS_DEPTH_GAP,
48018252/470188.524,relative_depth,NO_PAIR_CLEARS_DEPTH_GAP,
48018252/470193.039,relative_depth,NO_PAIR_CLEARS_DEPTH_GAP,
48018252/470197.437,relative_depth,FEWER_THAN_TWO_SINGLE_INSTANCE_OBJECTS,
48018286/799422.439,relative_depth,NO_PAIR_CLEARS_DEPTH_GAP,
48018286/799434.234,relative_depth,NO_PAIR_CLEARS_DEPTH_GAP,
48018286/799469.636,relative_depth,FEWER_THAN_TWO_SINGLE_INSTANCE_OBJECTS,
48018291/800064.728,relative_depth,FEWER_THAN_TWO_SINGLE_INSTANCE_OBJECTS,
48018291/800071.025,relative_depth,NO_PAIR_CLEARS_DEPTH_GAP,
48018291/800077.423,relative_depth,FEWER_THAN_TWO_SINGLE_INSTANCE_OBJECTS,
48018291/800096.432,relative_depth,FEWER_THAN_TWO_SINGLE_INSTANCE_OBJECTS,
48018315/109641.970,relative_depth,NO_PAIR_CLEARS_DEPTH_GAP,
48018315/109647.168,relative_depth,NO_PAIR_CLEARS_DEPTH_GAP,
48018315/109657.664,relative_depth,FEWER_THAN_TWO_SINGLE_INSTANCE_OBJECTS,
48018315/109673.258,relative_depth,NO_PAIR_CLEARS_DEPTH_GAP,
48018347/388747.240,relative_depth,FEWER_THAN_TWO_SINGLE_INSTANCE_OBJECTS,
48018347/388752.938,relative_depth,NO_PAIR_CLEARS_DEPTH_GAP,
48018347/388758.736,relative_depth,NO_PAIR_CLEARS_DEPTH_GAP,
48018347/388764.533,relative_depth,FEWER_THAN_TWO_SINGLE_INSTANCE_OBJECTS,
48018360/389165.451,relative_depth,FEWER_THAN_TWO_SINGLE_INSTANCE_OBJECTS,
48018360/389169.949,relative_depth,FEWER_THAN_TWO_SINGLE_INSTANCE_OBJECTS,
48018360/389174.547,relative_depth,NO_PAIR_CLEARS_DEPTH_GAP,
48018360/389179.145,relative_depth,NO_PAIR_CLEARS_DEPTH_GAP,
48018386/390436.649,relative_depth,NO_PAIR_CLEARS_DEPTH_GAP,
48018386/390441.947,relative_depth,NO_PAIR_CLEARS_DEPTH_GAP,
48018386/390452.443,relative_depth,NO_PAIR_CLEARS_DEPTH_GAP,
48018412/394255.149,relative_depth,FEWER_THAN_TWO_SINGLE_INSTANCE_OBJECTS,
48018412/394266.444,relative_depth,NO_PAIR_CLEARS_DEPTH_GAP,
48018412/394277.640,relative_depth,FEWER_THAN_TWO_SINGLE_INSTANCE_OBJECTS,
48018426/395597.234,relative_depth,FEWER_THAN_TWO_SINGLE_INSTANCE_OBJECTS,
48018426/395619.525,relative_depth,FEWER_THAN_TWO_SINGLE_INSTANCE_OBJECTS,
48018426/395641.816,relative_depth,FEWER_THAN_TWO_SINGLE_INSTANCE_OBJECTS,
48018426/395652.928,relative_depth,NO_PAIR_CLEARS_DEPTH_GAP,
48018426/395664.123,relative_depth,FEWER_THAN_TWO_SINGLE_INSTANCE_OBJECTS,
48018455/527094.481,relative_depth,NO_PAIR_CLEARS_DEPTH_GAP,
48018455/527112.774,relative_depth,FEWER_THAN_TWO_SINGLE_INSTANCE_OBJECTS,
48018455/527124.969,relative_depth,FEWER_THAN_TWO_SINGLE_INSTANCE_OBJECTS,
48018486/529030.590,relative_depth,FEWER_THAN_TWO_SINGLE_INSTANCE_OBJECTS,
48018486/529038.786,relative_depth,NO_PAIR_CLEARS_DEPTH_GAP,
48018486/529046.883,relative_depth,FEWER_THAN_TWO_SINGLE_INSTANCE_OBJECTS,
48018486/529050.981,relative_depth,FEWER_THAN_TWO_SINGLE_INSTANCE_OBJECTS,
48018531/823368.892,relative_depth,NO_PAIR_CLEARS_DEPTH_GAP,
48018531/823386.302,relative_depth,FEWER_THAN_TWO_SINGLE_INSTANCE_OBJECTS,
48018531/823403.695,relative_depth,FEWER_THAN_TWO_SINGLE_INSTANCE_OBJECTS,
48018531/823412.391,relative_depth,FEWER_THAN_TWO_SINGLE_INSTANCE_OBJECTS,
48018531/823421.088,relative_depth,FEWER_THAN_TWO_SINGLE_INSTANCE_OBJECTS,
48018542/829021.595,relative_depth,NO_PAIR_CLEARS_DEPTH_GAP,
48018542/829025.793,relative_depth,NO_PAIR_CLEARS_DEPTH_GAP,
48018542/829029.991,relative_depth,NO_PAIR_CLEARS_DEPTH_GAP,
48018549/830137.842,relative_depth,FEWER_THAN_TWO_SINGLE_INSTANCE_OBJECTS,
48018549/830147.138,relative_depth,FEWER_THAN_TWO_SINGLE_INSTANCE_OBJECTS,
48018549/830174.943,relative_depth,NO_PAIR_CLEARS_DEPTH_GAP,
48018559/3352.145,relative_depth,FEWER_THAN_TWO_SINGLE_INSTANCE_OBJECTS,
48018559/3362.441,relative_depth,FEWER_THAN_TWO_SINGLE_INSTANCE_OBJECTS,
48018559/3367.639,relative_depth,FEWER_THAN_TWO_SINGLE_INSTANCE_OBJECTS,
48018559/3377.952,relative_depth,FEWER_THAN_TWO_SINGLE_INSTANCE_OBJECTS,
48018560/3394.762,relative_depth,FEWER_THAN_TWO_SINGLE_INSTANCE_OBJECTS,
48018560/3406.640,relative_depth,NO_PAIR_CLEARS_DEPTH_GAP,
48018560/3418.652,relative_depth,FEWER_THAN_TWO_SINGLE_INSTANCE_OBJECTS,
48018560/3430.647,relative_depth,FEWER_THAN_TWO_SINGLE_INSTANCE_OBJECTS,
48018634/635904.405,relative_depth,FEWER_THAN_TWO_SINGLE_INSTANCE_OBJECTS,
48018634/635914.401,relative_depth,FEWER_THAN_TWO_SINGLE_INSTANCE_OBJECTS,
48018634/635924.497,relative_depth,FEWER_THAN_TWO_SINGLE_INSTANCE_OBJECTS,
48018634/635934.593,relative_depth,FEWER_THAN_TWO_SINGLE_INSTANCE_OBJECTS,
48018634/635944.689,relative_depth,NO_PAIR_CLEARS_DEPTH_GAP,
48018634/635954.784,relative_depth,FEWER_THAN_TWO_SINGLE_INSTANCE_OBJECTS,
48018634/635964.897,relative_depth,FEWER_THAN_TWO_SINGLE_INSTANCE_OBJECTS,
48018634/635974.993,relative_depth,FEWER_THAN_TWO_SINGLE_INSTANCE_OBJECTS,
48018697/544852.251,relative_depth,FEWER_THAN_TWO_SINGLE_INSTANCE_OBJECTS,
48018697/544861.564,relative_depth,FEWER_THAN_TWO_SINGLE_INSTANCE_OBJECTS,
48018697/544870.960,relative_depth,FEWER_THAN_TWO_SINGLE_INSTANCE_OBJECTS,
48018697/544880.256,relative_depth,FEWER_THAN_TWO_SINGLE_INSTANCE_OBJECTS,
48018697/544889.553,relative_depth,FEWER_THAN_TWO_SINGLE_INSTANCE_OBJECTS,
48018713/546140.654,relative_depth,FEWER_THAN_TWO_SINGLE_INSTANCE_OBJECTS,
48018713/546144.852,relative_depth,FEWER_THAN_TWO_SINGLE_INSTANCE_OBJECTS,
48018713/546149.051,relative_depth,FEWER_THAN_TWO_SINGLE_INSTANCE_OBJECTS,
48018713/546153.249,relative_depth,FEWER_THAN_TWO_SINGLE_INSTANCE_OBJECTS,
48018730/1682.968,relative_depth,FEWER_THAN_TWO_SINGLE_INSTANCE_OBJECTS,
48018730/1712.073,relative_depth,NO_PAIR_CLEARS_DEPTH_GAP,
48018730/1726.667,relative_depth,FEWER_THAN_TWO_SINGLE_INSTANCE_OBJECTS,
48018730/1770.366,relative_depth,FEWER_THAN_TWO_SINGLE_INSTANCE_OBJECTS,
48018741/3393.125,relative_depth,FEWER_THAN_TWO_SINGLE_INSTANCE_OBJECTS,
48018741/3419.314,relative_depth,NO_PAIR_CLEARS_DEPTH_GAP,
48018760/15047.575,relative_depth,FEWER_THAN_TWO_SINGLE_INSTANCE_OBJECTS,
48018760/15111.565,relative_depth,FEWER_THAN_TWO_SINGLE_INSTANCE_OBJECTS,
48018771/14013.274,relative_depth,NO_PAIR_CLEARS_DEPTH_GAP,
48018771/14022.187,relative_depth,NO_PAIR_CLEARS_DEPTH_GAP,
48018771/14040.079,relative_depth,NO_PAIR_CLEARS_DEPTH_GAP,
48018771/14048.976,relative_depth,FEWER_THAN_TWO_SINGLE_INSTANCE_OBJECTS,
48018771/14066.885,relative_depth,NO_PAIR_CLEARS_DEPTH_GAP,
48018791/18058.055,relative_depth,FEWER_THAN_TWO_SINGLE_INSTANCE_OBJECTS,
48018791/18072.365,relative_depth,FEWER_THAN_TWO_SINGLE_INSTANCE_OBJECTS,
48018791/18079.563,relative_depth,FEWER_THAN_TWO_SINGLE_INSTANCE_OBJECTS,
48018791/18086.660,relative_depth,FEWER_THAN_TWO_SINGLE_INSTANCE_OBJECTS,
48018791/18100.954,relative_depth,NO_PAIR_CLEARS_DEPTH_GAP,
48018802/18884.917,relative_depth,FEWER_THAN_TWO_SINGLE_INSTANCE_OBJECTS,
48018802/18899.995,relative_depth,NO_PAIR_CLEARS_DEPTH_GAP,
48018802/18907.608,relative_depth,FEWER_THAN_TWO_SINGLE_INSTANCE_OBJECTS,
48018802/18915.205,relative_depth,FEWER_THAN_TWO_SINGLE_INSTANCE_OBJECTS,
48018802/18922.802,relative_depth,NO_PAIR_CLEARS_DEPTH_GAP,
48018845/649707.632,relative_depth,FEWER_THAN_TWO_SINGLE_INSTANCE_OBJECTS,
48018845/649718.528,relative_depth,FEWER_THAN_TWO_SINGLE_INSTANCE_OBJECTS,
48018845/649729.423,relative_depth,FEWER_THAN_TWO_SINGLE_INSTANCE_OBJECTS,
48018845/649751.231,relative_depth,FEWER_THAN_TWO_SINGLE_INSTANCE_OBJECTS,
48018845/649762.127,relative_depth,FEWER_THAN_TWO_SINGLE_INSTANCE_OBJECTS,
48018845/649773.022,relative_depth,NO_PAIR_CLEARS_DEPTH_GAP,
48018851/650581.485,relative_depth,FEWER_THAN_TWO_SINGLE_INSTANCE_OBJECTS,
48018853/650453.287,relative_depth,FEWER_THAN_TWO_SINGLE_INSTANCE_OBJECTS,
48018853/650466.181,relative_depth,NO_PAIR_CLEARS_DEPTH_GAP,
48018853/650478.976,relative_depth,FEWER_THAN_TWO_SINGLE_INSTANCE_OBJECTS,
48018853/650491.888,relative_depth,FEWER_THAN_TWO_SINGLE_INSTANCE_OBJECTS,
48018887/653769.521,relative_depth,FEWER_THAN_TWO_SINGLE_INSTANCE_OBJECTS,
48018887/653795.894,relative_depth,FEWER_THAN_TWO_SINGLE_INSTANCE_OBJECTS,
48018900/655452.704,relative_depth,FEWER_THAN_TWO_SINGLE_INSTANCE_OBJECTS,
48018900/655458.102,relative_depth,FEWER_THAN_TWO_SINGLE_INSTANCE_OBJECTS,
48018900/655463.500,relative_depth,FEWER_THAN_TWO_SINGLE_INSTANCE_OBJECTS,
48018900/655468.898,relative_depth,FEWER_THAN_TWO_SINGLE_INSTANCE_OBJECTS,
48018900/655474.296,relative_depth,FEWER_THAN_TWO_SINGLE_INSTANCE_OBJECTS,
48018900/655479.693,relative_depth,FEWER_THAN_TWO_SINGLE_INSTANCE_OBJECTS,
48018900/655485.108,relative_depth,FEWER_THAN_TWO_SINGLE_INSTANCE_OBJECTS,
48018900/655490.506,relative_depth,FEWER_THAN_TWO_SINGLE_INSTANCE_OBJECTS,
48018915/553424.344,relative_depth,FEWER_THAN_TWO_SINGLE_INSTANCE_OBJECTS,
48018915/553444.652,relative_depth,FEWER_THAN_TWO_SINGLE_INSTANCE_OBJECTS,
48018915/553454.748,relative_depth,FEWER_THAN_TWO_SINGLE_INSTANCE_OBJECTS,
48018915/553464.944,relative_depth,FEWER_THAN_TWO_SINGLE_INSTANCE_OBJECTS,
48018923/554308.004,relative_depth,NO_PAIR_CLEARS_DEPTH_GAP,
48018923/554312.819,relative_depth,FEWER_THAN_TWO_SINGLE_INSTANCE_OBJECTS,
48018923/554322.515,relative_depth,FEWER_THAN_TWO_SINGLE_INSTANCE_OBJECTS,
48018932/554660.011,relative_depth,FEWER_THAN_TWO_SINGLE_INSTANCE_OBJECTS,
48018932/554666.608,relative_depth,FEWER_THAN_TWO_SINGLE_INSTANCE_OBJECTS,
48018932/554669.907,relative_depth,NO_PAIR_CLEARS_DEPTH_GAP,
48018932/554673.205,relative_depth,FEWER_THAN_TWO_SINGLE_INSTANCE_OBJECTS,
48018962/556477.154,relative_depth,FEWER_THAN_TWO_SINGLE_INSTANCE_OBJECTS,
48018962/556480.453,relative_depth,FEWER_THAN_TWO_SINGLE_INSTANCE_OBJECTS,
48018962/556483.752,relative_depth,FEWER_THAN_TWO_SINGLE_INSTANCE_OBJECTS,
48018962/556487.050,relative_depth,FEWER_THAN_TWO_SINGLE_INSTANCE_OBJECTS,
48018962/556490.349,relative_depth,FEWER_THAN_TWO_SINGLE_INSTANCE_OBJECTS,
48018966/556778.048,relative_depth,FEWER_THAN_TWO_SINGLE_INSTANCE_OBJECTS,
48018966/556785.662,relative_depth,FEWER_THAN_TWO_SINGLE_INSTANCE_OBJECTS,
48458221/76845.599,relative_depth,FEWER_THAN_TWO_SINGLE_INSTANCE_OBJECTS,
48458221/76853.279,relative_depth,FEWER_THAN_TWO_SINGLE_INSTANCE_OBJECTS,
48458221/76868.889,relative_depth,NO_PAIR_CLEARS_DEPTH_GAP,
48458221/76876.686,relative_depth,FEWER_THAN_TWO_SINGLE_INSTANCE_OBJECTS,
48458221/76884.482,relative_depth,FEWER_THAN_TWO_SINGLE_INSTANCE_OBJECTS,
48458221/76900.093,relative_depth,FEWER_THAN_TWO_SINGLE_INSTANCE_OBJECTS,
48458245/78503.546,relative_depth,NO_PAIR_CLEARS_DEPTH_GAP,
48458245/78507.011,relative_depth,NO_PAIR_CLEARS_DEPTH_GAP,
48458245/78510.527,relative_depth,FEWER_THAN_TWO_SINGLE_INSTANCE_OBJECTS,
48458245/78514.025,relative_depth,FEWER_THAN_TWO_SINGLE_INSTANCE_OBJECTS,
48458245/78517.624,relative_depth,FEWER_THAN_TWO_SINGLE_INSTANCE_OBJECTS,
48458245/78524.621,relative_depth,NO_PAIR_CLEARS_DEPTH_GAP,
48458245/78528.119,relative_depth,FEWER_THAN_TWO_SINGLE_INSTANCE_OBJECTS,
48458260/74236.488,relative_depth,FEWER_THAN_TWO_SINGLE_INSTANCE_OBJECTS,
48458260/74279.770,relative_depth,NO_PAIR_CLEARS_DEPTH_GAP,
48458260/74323.070,relative_depth,NO_PAIR_CLEARS_DEPTH_GAP,
48458301/77373.026,relative_depth,FEWER_THAN_TWO_SINGLE_INSTANCE_OBJECTS,
48458301/77378.441,relative_depth,NO_PAIR_CLEARS_DEPTH_GAP,
48458301/77383.739,relative_depth,FEWER_THAN_TWO_SINGLE_INSTANCE_OBJECTS,
48458301/77394.334,relative_depth,FEWER_THAN_TWO_SINGLE_INSTANCE_OBJECTS,
48458489/111541.410,relative_depth,FEWER_THAN_TWO_SINGLE_INSTANCE_OBJECTS,
48458489/111550.907,relative_depth,FEWER_THAN_TWO_SINGLE_INSTANCE_OBJECTS,
48458489/111554.105,relative_depth,NO_PAIR_CLEARS_DEPTH_GAP,
48458489/111557.204,relative_depth,FEWER_THAN_TWO_SINGLE_INSTANCE_OBJECTS,
48458582/1531.418,relative_depth,FEWER_THAN_TWO_SINGLE_INSTANCE_OBJECTS,
48458582/1535.399,relative_depth,FEWER_THAN_TWO_SINGLE_INSTANCE_OBJECTS,
48458582/1539.398,relative_depth,FEWER_THAN_TWO_SINGLE_INSTANCE_OBJECTS,
48458582/1551.493,relative_depth,FEWER_THAN_TWO_SINGLE_INSTANCE_OBJECTS,
48458582/1555.591,relative_depth,NO_PAIR_CLEARS_DEPTH_GAP,
48458626/127631.006,relative_depth,FEWER_THAN_TWO_SINGLE_INSTANCE_OBJECTS,
48458626/127644.500,relative_depth,NO_PAIR_CLEARS_DEPTH_GAP,
48458626/127671.506,relative_depth,FEWER_THAN_TWO_SINGLE_INSTANCE_OBJECTS,
48458626/127698.496,relative_depth,FEWER_THAN_TWO_SINGLE_INSTANCE_OBJECTS,
48458626/127712.007,relative_depth,FEWER_THAN_TWO_SINGLE_INSTANCE_OBJECTS,
48458650/7072.816,relative_depth,FEWER_THAN_TWO_SINGLE_INSTANCE_OBJECTS,
48458650/7079.414,relative_depth,FEWER_THAN_TWO_SINGLE_INSTANCE_OBJECTS,
48458650/7092.608,relative_depth,FEWER_THAN_TWO_SINGLE_INSTANCE_OBJECTS,
48458665/8158.558,relative_depth,FEWER_THAN_TWO_SINGLE_INSTANCE_OBJECTS,
48458665/8175.950,relative_depth,FEWER_THAN_TWO_SINGLE_INSTANCE_OBJECTS,
48458714/137754.333,relative_depth,FEWER_THAN_TWO_SINGLE_INSTANCE_OBJECTS,
48458714/137760.014,relative_depth,FEWER_THAN_TWO_SINGLE_INSTANCE_OBJECTS,
48458714/137771.609,relative_depth,FEWER_THAN_TWO_SINGLE_INSTANCE_OBJECTS,
48458714/137777.424,relative_depth,FEWER_THAN_TWO_SINGLE_INSTANCE_OBJECTS,
48458714/137783.122,relative_depth,FEWER_THAN_TWO_SINGLE_INSTANCE_OBJECTS,
48458714/137794.717,relative_depth,NO_PAIR_CLEARS_DEPTH_GAP,
48458716/137818.824,relative_depth,FEWER_THAN_TWO_SINGLE_INSTANCE_OBJECTS,
48458762/141727.864,relative_depth,FEWER_THAN_TWO_SINGLE_INSTANCE_OBJECTS,
48458762/141736.160,relative_depth,FEWER_THAN_TWO_SINGLE_INSTANCE_OBJECTS,
48458762/141744.557,relative_depth,FEWER_THAN_TWO_SINGLE_INSTANCE_OBJECTS,
48458762/141761.367,relative_depth,NO_PAIR_CLEARS_DEPTH_GAP,
48458762/141778.060,relative_depth,FEWER_THAN_TWO_SINGLE_INSTANCE_OBJECTS,
48458766/142214.661,relative_depth,FEWER_THAN_TWO_SINGLE_INSTANCE_OBJECTS,
48458766/142219.459,relative_depth,FEWER_THAN_TWO_SINGLE_INSTANCE_OBJECTS,
48458766/142224.357,relative_depth,FEWER_THAN_TWO_SINGLE_INSTANCE_OBJECTS,
48458766/142229.155,relative_depth,FEWER_THAN_TWO_SINGLE_INSTANCE_OBJECTS,
48458766/142234.054,relative_depth,FEWER_THAN_TWO_SINGLE_INSTANCE_OBJECTS,
48458766/142238.852,relative_depth,FEWER_THAN_TWO_SINGLE_INSTANCE_OBJECTS,
48458766/142248.548,relative_depth,FEWER_THAN_TWO_SINGLE_INSTANCE_OBJECTS,
48458772/142262.875,relative_depth,FEWER_THAN_TWO_SINGLE_INSTANCE_OBJECTS,
48458772/142275.854,relative_depth,FEWER_THAN_TWO_SINGLE_INSTANCE_OBJECTS,
48458772/142288.948,relative_depth,FEWER_THAN_TWO_SINGLE_INSTANCE_OBJECTS,
48458772/142301.960,relative_depth,FEWER_THAN_TWO_SINGLE_INSTANCE_OBJECTS,
48458772/142315.055,relative_depth,FEWER_THAN_TWO_SINGLE_INSTANCE_OBJECTS,
48458772/142328.150,relative_depth,FEWER_THAN_TWO_SINGLE_INSTANCE_OBJECTS,
48458772/142341.144,relative_depth,FEWER_THAN_TWO_SINGLE_INSTANCE_OBJECTS,
48458772/142354.256,relative_depth,NO_PAIR_CLEARS_DEPTH_GAP,
