question_id,image_id,sequence_id,sensor,scene_type,split,question_type,variant,template_id,question,question_paraphrased,answer,answer_type,answer_space,image_path,depth_path,source,evidence
test_012751,kv2/kinect2data/002782_2014-06-22_19-26-04_094959634447_rgbf000075-resize,scene:kv2/kinect2data/002782_2014-06-22_19-26-04_094959634447_rgbf000075-resize,kv2,bathroom,test,identify_superlative,farthest_camera,4,"Not counting the room's walls, floor, or ceiling, which object is farthest away in this image?",,mirror,object,,SUNRGBD/kv2/kinect2data/002782_2014-06-22_19-26-04_094959634447_rgbf000075-resize/image/0000075.jpg,SUNRGBD/kv2/kinect2data/002782_2014-06-22_19-26-04_094959634447_rgbf000075-resize/depth_bfx/0000075.png,rule,"{""winner_concept"": ""mirror"", ""winner_object_index"": 0, ""winner_area_frac"": 0.2784169035926596, ""winner_depth_m"": 3.1029999256134033, ""runner_up_concept"": ""person"", ""runner_up_area_frac"": 0.032149134143189456, ""runner_up_depth_m"": 1.1440000534057617}"
test_007727,kv2/kinect2data/000015_2014-05-26_14-37-33_260595134347_rgbf000020-resize,scene:kv2/kinect2data/000015_2014-05-26_14-37-33_260595134347_rgbf000020-resize,kv2,furniture_store,test,identify_superlative,closest_camera,0,"Not counting the walls, floor, or ceiling, which object is closest to the camera?",,mattress,object,,SUNRGBD/kv2/kinect2data/000015_2014-05-26_14-37-33_260595134347_rgbf000020-resize/image/0000020.jpg,SUNRGBD/kv2/kinect2data/000015_2014-05-26_14-37-33_260595134347_rgbf000020-resize/depth_bfx/0000020.png,rule,"{""winner_concept"": ""mattress"", ""winner_object_index"": 9, ""winner_area_frac"": 0.17774231067459292, ""winner_depth_m"": 1.9609999656677246, ""runner_up_concept"": ""bookshelf"", ""runner_up_area_frac"": 0.039072111656758855, ""runner_up_depth_m"": 2.7790000438690186}"
test_001440,kv2/kinect2data/000859_2014-06-09_20-30-09_260595134347_rgbf000102-resize,scene:kv2/kinect2data/000859_2014-06-09_20-30-09_260595134347_rgbf000102-resize,kv2,corridor,test,identify_superlative,largest,5,"Excluding the walls, floor, and ceiling, what is the largest visible object in the scene?",,trash can,object,,SUNRGBD/kv2/kinect2data/000859_2014-06-09_20-30-09_260595134347_rgbf000102-resize/image/0000102.jpg,SUNRGBD/kv2/kinect2data/000859_2014-06-09_20-30-09_260595134347_rgbf000102-resize/depth_bfx/0000102.png,rule,"{""winner_concept"": ""trashcan"", ""winner_object_index"": 1, ""winner_area_frac"": 0.10156186537037995, ""winner_depth_m"": null, ""runner_up_concept"": ""bag"", ""runner_up_area_frac"": 0.01736495218402688, ""runner_up_depth_m"": null}"
test_011430,kv2/kinect2data/000864_2014-06-09_20-44-43_260595134347_rgbf000129-resize,scene:kv2/kinect2data/000864_2014-06-09_20-44-43_260595134347_rgbf000129-resize,kv2,dining_area,test,identify_superlative,largest,3,"Ignoring the walls, floor, and ceiling, what object is the biggest one visible here?",,window,object,,SUNRGBD/kv2/kinect2data/000864_2014-06-09_20-44-43_260595134347_rgbf000129-resize/image/0000129.jpg,SUNRGBD/kv2/kinect2data/000864_2014-06-09_20-44-43_260595134347_rgbf000129-resize/depth_bfx/0000129.png,rule,"{""winner_concept"": ""window"", ""winner_object_index"": 0, ""winner_area_frac"": 0.4246691651589558, ""winner_depth_m"": 2.3980000019073486, ""runner_up_concept"": ""table"", ""runner_up_area_frac"": 0.041730421297492895, ""runner_up_depth_m"": 2.265000104904175}"
test_010068,kv2/kinect2data/001692_2014-06-26_19-17-59_260595134347_rgbf000054-resize,scene:kv2/kinect2data/001692_2014-06-26_19-17-59_260595134347_rgbf000054-resize,kv2,furniture_store,test,identify_superlative,largest,2,"Among the furniture and items in the room, not the walls, floor, or ceiling, which occupies the biggest area?",,dresser,object,,SUNRGBD/kv2/kinect2data/001692_2014-06-26_19-17-59_260595134347_rgbf000054-resize/image/0000054.jpg,SUNRGBD/kv2/kinect2data/001692_2014-06-26_19-17-59_260595134347_rgbf000054-resize/depth_bfx/0000054.png,rule,"{""winner_concept"": ""dresser"", ""winner_object_index"": 0, ""winner_area_frac"": 0.2980317911605066, ""winner_depth_m"": null, ""runner_up_concept"": ""bed"", ""runner_up_area_frac"": 0.20115275264926338, ""runner_up_depth_m"": null}"
test_006401,kv2/kinect2data/003298_2014-05-14_22-23-54_094959634447_rgbf001231-resize,scene:kv2/kinect2data/003298_2014-05-14_22-23-54_094959634447_rgbf001231-resize,kv2,study_space,test,identify_superlative,largest,5,"Excluding the walls, floor, and ceiling, what is the largest visible object in the scene?",,curtain,object,,SUNRGBD/kv2/kinect2data/003298_2014-05-14_22-23-54_094959634447_rgbf001231-resize/image/0001231.jpg,SUNRGBD/kv2/kinect2data/003298_2014-05-14_22-23-54_094959634447_rgbf001231-resize/depth_bfx/0001231.png,rule,"{""winner_concept"": ""curtain"", ""winner_object_index"": 5, ""winner_area_frac"": 0.3670263634013957, ""winner_depth_m"": 3.2769999504089355, ""runner_up_concept"": ""board"", ""runner_up_area_frac"": 0.0886223830447144, ""runner_up_depth_m"": 3.818000078201294}"
test_001350,kv2/kinect2data/000131_2014-04-12_16-52-53_094959634447_rgbf000046-resize,scene:kv2/kinect2data/000131_2014-04-12_16-52-53_094959634447_rgbf000046-resize,kv2,office,test,identify_superlative,largest,3,"Ignoring the walls, floor, and ceiling, what object is the biggest one visible here?",,chair,object,,SUNRGBD/kv2/kinect2data/000131_2014-04-12_16-52-53_094959634447_rgbf000046-resize/image/0000046.jpg,SUNRGBD/kv2/kinect2data/000131_2014-04-12_16-52-53_094959634447_rgbf000046-resize/depth_bfx/0000046.png,rule,"{""winner_concept"": ""chair"", ""winner_object_index"": 7, ""winner_area_frac"": 0.07179503747738433, ""winner_depth_m"": 2.236999988555908, ""runner_up_concept"": ""person"", ""runner_up_area_frac"": 0.05454768674075989, ""runner_up_depth_m"": 1.6460000276565552}"
test_005084,kv2/kinect2data/002800_2014-06-22_19-48-16_094959634447_rgbf000082-resize,scene:kv2/kinect2data/002800_2014-06-22_19-48-16_094959634447_rgbf000082-resize,kv2,rest_space,test,identify_superlative,closest_camera,2,"Among the furniture and items in the room, not the walls, floor, or ceiling, which is closest to where the picture was taken from?",,sofa,object,,SUNRGBD/kv2/kinect2data/002800_2014-06-22_19-48-16_094959634447_rgbf000082-resize/image/0000082.jpg,SUNRGBD/kv2/kinect2data/002800_2014-06-22_19-48-16_094959634447_rgbf000082-resize/depth_bfx/0000082.png,rule,"{""winner_concept"": ""sofa"", ""winner_object_index"": 3, ""winner_area_frac"": 0.14299431377616956, ""winner_depth_m"": 2.3380000591278076, ""runner_up_concept"": null, ""runner_up_area_frac"": null, ""runner_up_depth_m"": null}"
test_007259,kv2/kinect2data/001160_2014-06-17_15-33-28_260595134347_rgbf000070-resize,scene:kv2/kinect2data/001160_2014-06-17_15-33-28_260595134347_rgbf000070-resize,kv2,study_space,test,identify_superlative,largest,4,"Not counting the room's walls, floor, or ceiling, which object covers the most of the image?",,carpet,object,,SUNRGBD/kv2/kinect2data/001160_2014-06-17_15-33-28_260595134347_rgbf000070-resize/image/0000070.jpg,SUNRGBD/kv2/kinect2data/001160_2014-06-17_15-33-28_260595134347_rgbf000070-resize/depth_bfx/0000070.png,rule,"{""winner_concept"": ""carpet"", ""winner_object_index"": 7, ""winner_area_frac"": 0.23268674075988627, ""winner_depth_m"": null, ""runner_up_concept"": ""cabinet"", ""runner_up_area_frac"": 0.1645257172395968, ""runner_up_depth_m"": null}"
test_006784,kv2/kinect2data/003276_2014-05-14_16-11-00_094959634447_rgbf000101-resize,scene:kv2/kinect2data/003276_2014-05-14_16-11-00_094959634447_rgbf000101-resize,kv2,classroom,test,identify_superlative,largest,0,"Not counting the walls, floor, or ceiling, which object takes up the most space in the image?",,desk,object,,SUNRGBD/kv2/kinect2data/003276_2014-05-14_16-11-00_094959634447_rgbf000101-resize/image/0000101.jpg,SUNRGBD/kv2/kinect2data/003276_2014-05-14_16-11-00_094959634447_rgbf000101-resize/depth_bfx/0000101.png,rule,"{""winner_concept"": ""desk"", ""winner_object_index"": 13, ""winner_area_frac"": 0.10046135952442492, ""winner_depth_m"": 1.8530000448226929, ""runner_up_concept"": ""door"", ""runner_up_area_frac"": 0.06264150943396227, ""runner_up_depth_m"": 3.3399999141693115}"
test_010142,kv2/kinect2data/003455_2014-05-21_12-51-40_094959634447_rgbf000100-resize,scene:kv2/kinect2data/003455_2014-05-21_12-51-40_094959634447_rgbf000100-resize,kv2,classroom,test,identify_superlative,closest_camera,1,"Excluding the walls, floor, and ceiling, what is the nearest object to the camera?",,curtain,object,,SUNRGBD/kv2/kinect2data/003455_2014-05-21_12-51-40_094959634447_rgbf000100-resize/image/0000100.jpg,SUNRGBD/kv2/kinect2data/003455_2014-05-21_12-51-40_094959634447_rgbf000100-resize/depth_bfx/0000100.png,rule,"{""winner_concept"": ""curtain"", ""winner_object_index"": 5, ""winner_area_frac"": 0.011389247867666064, ""winner_depth_m"": 0.6880000233650208, ""runner_up_concept"": ""chair"", ""runner_up_area_frac"": 0.07411992762987853, ""runner_up_depth_m"": 1.2999999523162842}"
test_005515,kv2/align_kv2/2014-12-18_11-35-49_260595134347,scene:kv2/align_kv2/2014-12-18_11-35-49_260595134347,kv2,office,test,identify_superlative,closest_camera,0,"Not counting the walls, floor, or ceiling, which object is closest to the camera?",,binder,object,,SUNRGBD/kv2/align_kv2/2014-12-18_11-35-49_260595134347/image/0000100.jpg,SUNRGBD/kv2/align_kv2/2014-12-18_11-35-49_260595134347/depth_bfx/0000100.png,rule,"{""winner_concept"": ""binder"", ""winner_object_index"": 10, ""winner_area_frac"": 0.016318170069785476, ""winner_depth_m"": 0.8889999985694885, ""runner_up_concept"": ""shelf"", ""runner_up_area_frac"": 0.2323959679503748, ""runner_up_depth_m"": 1.1549999713897705}"
test_002381,kv2/kinect2data/000745_2014-06-08_18-50-55_260595134347_rgbf000171-resize,scene:kv2/kinect2data/000745_2014-06-08_18-50-55_260595134347_rgbf000171-resize,kv2,printer_room,test,identify_superlative,farthest_camera,1,"Excluding the walls, floor, and ceiling, what is the most distant object from the camera?",,door,object,,SUNRGBD/kv2/kinect2data/000745_2014-06-08_18-50-55_260595134347_rgbf000171-resize/image/0000171.jpg,SUNRGBD/kv2/kinect2data/000745_2014-06-08_18-50-55_260595134347_rgbf000171-resize/depth_bfx/0000171.png,rule,"{""winner_concept"": ""door"", ""winner_object_index"": 29, ""winner_area_frac"": 0.03167872835357974, ""winner_depth_m"": 5.801000118255615, ""runner_up_concept"": ""cord"", ""runner_up_area_frac"": 0.008733522874127682, ""runner_up_depth_m"": 3.443000078201294}"
test_010297,kv2/kinect2data/000720_2014-06-08_18-37-27_260595134347_rgbf000203-resize,scene:kv2/kinect2data/000720_2014-06-08_18-37-27_260595134347_rgbf000203-resize,kv2,office,test,identify_superlative,largest,1,"Excluding the walls, floor, and ceiling, what is the largest object in this room?",,window,object,,SUNRGBD/kv2/kinect2data/000720_2014-06-08_18-37-27_260595134347_rgbf000203-resize/image/0000203.jpg,SUNRGBD/kv2/kinect2data/000720_2014-06-08_18-37-27_260595134347_rgbf000203-resize/depth_bfx/0000203.png,rule,"{""winner_concept"": ""window"", ""winner_object_index"": 9, ""winner_area_frac"": 0.1338149392607909, ""winner_depth_m"": 2.75600004196167, ""runner_up_concept"": ""table"", ""runner_up_area_frac"": 0.08718079607133626, ""runner_up_depth_m"": 1.6740000247955322}"
test_011103,kv2/kinect2data/001736_2014-06-26_19-46-21_260595134347_rgbf000066-resize,scene:kv2/kinect2data/001736_2014-06-26_19-46-21_260595134347_rgbf000066-resize,kv2,furniture_store,test,identify_superlative,closest_camera,3,"Ignoring the walls, floor, and ceiling, what object is nearest the viewer?",,chair,object,,SUNRGBD/kv2/kinect2data/001736_2014-06-26_19-46-21_260595134347_rgbf000066-resize/image/0000066.jpg,SUNRGBD/kv2/kinect2data/001736_2014-06-26_19-46-21_260595134347_rgbf000066-resize/depth_bfx/0000066.png,rule,"{""winner_concept"": ""chair"", ""winner_object_index"": 3, ""winner_area_frac"": 0.1329968984233652, ""winner_depth_m"": 1.7410000562667847, ""runner_up_concept"": ""carpet"", ""runner_up_area_frac"": 0.08792582062548462, ""runner_up_depth_m"": 2.1740000247955322}"
test_001096,kv2/kinect2data/003236_2014-05-14_13-55-31_094959634447_rgbf000100-resize,scene:kv2/kinect2data/003236_2014-05-14_13-55-31_094959634447_rgbf000100-resize,kv2,classroom,test,identify_superlative,largest,0,"Not counting the walls, floor, or ceiling, which object takes up the most space in the image?",,screen,object,,SUNRGBD/kv2/kinect2data/003236_2014-05-14_13-55-31_094959634447_rgbf000100-resize/image/0000100.jpg,SUNRGBD/kv2/kinect2data/003236_2014-05-14_13-55-31_094959634447_rgbf000100-resize/depth_bfx/0000100.png,rule,"{""winner_concept"": ""screen"", ""winner_object_index"": 0, ""winner_area_frac"": 0.18492116826053243, ""winner_depth_m"": 2.203000068664551, ""runner_up_concept"": ""table"", ""runner_up_area_frac"": 0.11591884207805635, ""runner_up_depth_m"": 2.553999900817871}"
test_001308,kv2/kinect2data/002762_2014-06-22_19-12-42_094959634447_rgbf000075-resize,scene:kv2/kinect2data/002762_2014-06-22_19-12-42_094959634447_rgbf000075-resize,kv2,bedroom,test,identify_superlative,largest,4,"Not counting the room's walls, floor, or ceiling, which object covers the most of the image?",,blanket,object,,SUNRGBD/kv2/kinect2data/002762_2014-06-22_19-12-42_094959634447_rgbf000075-resize/image/0000075.jpg,SUNRGBD/kv2/kinect2data/002762_2014-06-22_19-12-42_094959634447_rgbf000075-resize/depth_bfx/0000075.png,rule,"{""winner_concept"": ""blanket"", ""winner_object_index"": 16, ""winner_area_frac"": 0.16005413691890655, ""winner_depth_m"": 1.7100000381469727, ""runner_up_concept"": ""door"", ""runner_up_area_frac"": 0.08769966399586457, ""runner_up_depth_m"": 2.634999990463257}"
test_005010,kv2/align_kv2/2014-12-18_12-12-40_260595134347,scene:kv2/align_kv2/2014-12-18_12-12-40_260595134347,kv2,rest_space,test,identify_superlative,closest_camera,3,"Ignoring the walls, floor, and ceiling, what object is nearest the viewer?",,glass,object,,SUNRGBD/kv2/align_kv2/2014-12-18_12-12-40_260595134347/image/0000109.jpg,SUNRGBD/kv2/align_kv2/2014-12-18_12-12-40_260595134347/depth_bfx/0000109.png,rule,"{""winner_concept"": ""glass"", ""winner_object_index"": 10, ""winner_area_frac"": 0.02104419746704575, ""winner_depth_m"": 1.4490000009536743, ""runner_up_concept"": ""chair"", ""runner_up_area_frac"": 0.04796459033341949, ""runner_up_depth_m"": 2.115999937057495}"
test_009637,kv2/kinect2data/000846_2014-06-09_22-27-16_260595134347_rgbf000131-resize,scene:kv2/kinect2data/000846_2014-06-09_22-27-16_260595134347_rgbf000131-resize,kv2,kitchen,test,identify_superlative,largest,2,"Among the furniture and items in the room, not the walls, floor, or ceiling, which occupies the biggest area?",,stove,object,,SUNRGBD/kv2/kinect2data/000846_2014-06-09_22-27-16_260595134347_rgbf000131-resize/image/0000131.jpg,SUNRGBD/kv2/kinect2data/000846_2014-06-09_22-27-16_260595134347_rgbf000131-resize/depth_bfx/0000131.png,rule,"{""winner_concept"": ""stove"", ""winner_object_index"": 4, ""winner_area_frac"": 0.30313646937193073, ""winner_depth_m"": 1.0290000438690186, ""runner_up_concept"": ""cabinet"", ""runner_up_area_frac"": 0.14281468079607135, ""runner_up_depth_m"": 0.8610000014305115}"
test_005149,kv2/kinect2data/001903_2014-06-22_13-59-52_260595134347_rgbf000051-resize,scene:kv2/kinect2data/001903_2014-06-22_13-59-52_260595134347_rgbf000051-resize,kv2,furniture_store,test,identify_superlative,closest_camera,5,"Excluding the walls, floor, and ceiling, what is the closest visible object to the camera?",,plant,object,,SUNRGBD/kv2/kinect2data/001903_2014-06-22_13-59-52_260595134347_rgbf000051-resize/image/0000051.jpg,SUNRGBD/kv2/kinect2data/001903_2014-06-22_13-59-52_260595134347_rgbf000051-resize/depth_bfx/0000051.png,rule,"{""winner_concept"": ""plant"", ""winner_object_index"": 9, ""winner_area_frac"": 0.013197208581028689, ""winner_depth_m"": 1.437000036239624, ""runner_up_concept"": ""mirror"", ""runner_up_area_frac"": 0.11449987076764022, ""runner_up_depth_m"": 2.7200000286102295}"
test_001017,kv2/kinect2data/002758_2014-06-22_19-11-20_094959634447_rgbf000128-resize,scene:kv2/kinect2data/002758_2014-06-22_19-11-20_094959634447_rgbf000128-resize,kv2,bedroom,test,identify_superlative,largest,0,"Not counting the walls, floor, or ceiling, which object takes up the most space in the image?",,table,object,,SUNRGBD/kv2/kinect2data/002758_2014-06-22_19-11-20_094959634447_rgbf000128-resize/image/0000128.jpg,SUNRGBD/kv2/kinect2data/002758_2014-06-22_19-11-20_094959634447_rgbf000128-resize/depth_bfx/0000128.png,rule,"{""winner_concept"": ""table"", ""winner_object_index"": 4, ""winner_area_frac"": 0.2550710777978806, ""winner_depth_m"": 1.840999960899353, ""runner_up_concept"": ""window"", ""runner_up_area_frac"": 0.08182993021452571, ""runner_up_depth_m"": 2.4210000038146973}"
test_008676,kv2/kinect2data/001863_2014-06-22_13-42-03_260595134347_rgbf000056-resize,scene:kv2/kinect2data/001863_2014-06-22_13-42-03_260595134347_rgbf000056-resize,kv2,furniture_store,test,identify_superlative,closest_camera,1,"Excluding the walls, floor, and ceiling, what is the nearest object to the camera?",,cupboard,object,,SUNRGBD/kv2/kinect2data/001863_2014-06-22_13-42-03_260595134347_rgbf000056-resize/image/0000056.jpg,SUNRGBD/kv2/kinect2data/001863_2014-06-22_13-42-03_260595134347_rgbf000056-resize/depth_bfx/0000056.png,rule,"{""winner_concept"": ""cupboard"", ""winner_object_index"": 6, ""winner_area_frac"": 0.14876726072321014, ""winner_depth_m"": 0.9919999837875366, ""runner_up_concept"": ""mat"", ""runner_up_area_frac"": 0.13659989661411218, ""runner_up_depth_m"": 2.2339999675750732}"
test_013802,kv2/kinect2data/000646_2014-06-08_17-01-04_260595134347_rgbf000120-resize,scene:kv2/kinect2data/000646_2014-06-08_17-01-04_260595134347_rgbf000120-resize,kv2,office,test,identify_superlative,farthest_camera,1,"Excluding the walls, floor, and ceiling, what is the most distant object from the camera?",,paper,object,,SUNRGBD/kv2/kinect2data/000646_2014-06-08_17-01-04_260595134347_rgbf000120-resize/image/0000120.jpg,SUNRGBD/kv2/kinect2data/000646_2014-06-08_17-01-04_260595134347_rgbf000120-resize/depth_bfx/0000120.png,rule,"{""winner_concept"": ""paper"", ""winner_object_index"": 6, ""winner_area_frac"": 0.005525786163522013, ""winner_depth_m"": 2.558000087738037, ""runner_up_concept"": ""desk"", ""runner_up_area_frac"": 0.05133497027655725, ""runner_up_depth_m"": 2.125999927520752}"
test_007181,kv2/align_kv2/2014-12-18_12-03-40_260595134347,scene:kv2/align_kv2/2014-12-18_12-03-40_260595134347,kv2,office_dining,test,identify_superlative,farthest_camera,4,"Not counting the room's walls, floor, or ceiling, which object is farthest away in this image?",,sofa,object,,SUNRGBD/kv2/align_kv2/2014-12-18_12-03-40_260595134347/image/0000185.jpg,SUNRGBD/kv2/align_kv2/2014-12-18_12-03-40_260595134347/depth_bfx/0000185.png,rule,"{""winner_concept"": ""sofa"", ""winner_object_index"": 16, ""winner_area_frac"": 0.0246019643318687, ""winner_depth_m"": 3.578000068664551, ""runner_up_concept"": ""table"", ""runner_up_area_frac"": 0.05353708968725769, ""runner_up_depth_m"": 2.1389999389648438}"
test_011321,kv2/kinect2data/003676_2014-05-24_21-17-13_094959634447_rgbf000100-resize,scene:kv2/kinect2data/003676_2014-05-24_21-17-13_094959634447_rgbf000100-resize,kv2,bedroom,test,identify_superlative,closest_camera,3,"Ignoring the walls, floor, and ceiling, what object is nearest the viewer?",,pillow,object,,SUNRGBD/kv2/kinect2data/003676_2014-05-24_21-17-13_094959634447_rgbf000100-resize/image/0000100.jpg,SUNRGBD/kv2/kinect2data/003676_2014-05-24_21-17-13_094959634447_rgbf000100-resize/depth_bfx/0000100.png,rule,"{""winner_concept"": ""pillow"", ""winner_object_index"": 0, ""winner_area_frac"": 0.04071465494959938, ""winner_depth_m"": 1.465000033378601, ""runner_up_concept"": ""chair"", ""runner_up_area_frac"": 0.010688808477642801, ""runner_up_depth_m"": 2.36299991607666}"
test_010440,kv2/kinect2data/000418_long_2014-06-09_22-33-44_260595134347_rgbf002067-resize,scene:kv2/kinect2data/000418_long_2014-06-09_22-33-44_260595134347_rgbf002067-resize,kv2,living_room,test,identify_superlative,largest,5,"Excluding the walls, floor, and ceiling, what is the largest visible object in the scene?",,curtain,object,,SUNRGBD/kv2/kinect2data/000418_long_2014-06-09_22-33-44_260595134347_rgbf002067-resize/image/0002067.jpg,SUNRGBD/kv2/kinect2data/000418_long_2014-06-09_22-33-44_260595134347_rgbf002067-resize/depth_bfx/0002067.png,rule,"{""winner_concept"": ""curtain"", ""winner_object_index"": 3, ""winner_area_frac"": 0.37044843628844665, ""winner_depth_m"": 2.3910000324249268, ""runner_up_concept"": ""rug"", ""runner_up_area_frac"": 0.19447790126647713, ""runner_up_depth_m"": 1.6410000324249268}"
test_002538,kv2/kinect2data/003246_2014-05-14_14-14-07_094959634447_rgbf000100-resize,scene:kv2/kinect2data/003246_2014-05-14_14-14-07_094959634447_rgbf000100-resize,kv2,classroom,test,identify_superlative,largest,1,"Excluding the walls, floor, and ceiling, what is the largest object in this room?",,whiteboard,object,,SUNRGBD/kv2/kinect2data/003246_2014-05-14_14-14-07_094959634447_rgbf000100-resize/image/0000100.jpg,SUNRGBD/kv2/kinect2data/003246_2014-05-14_14-14-07_094959634447_rgbf000100-resize/depth_bfx/0000100.png,rule,"{""winner_concept"": ""whiteboard"", ""winner_object_index"": 0, ""winner_area_frac"": 0.12909759681587601, ""winner_depth_m"": 2.933000087738037, ""runner_up_concept"": ""table"", ""runner_up_area_frac"": 0.07876970793486689, ""runner_up_depth_m"": 2.177000045776367}"
test_009383,kv2/kinect2data/000810_2014-06-08_17-20-01_260595134347_rgbf000105-resize,scene:kv2/kinect2data/000810_2014-06-08_17-20-01_260595134347_rgbf000105-resize,kv2,bathroom,test,identify_superlative,largest,0,"Not counting the walls, floor, or ceiling, which object takes up the most space in the image?",,toilet,object,,SUNRGBD/kv2/kinect2data/000810_2014-06-08_17-20-01_260595134347_rgbf000105-resize/image/0000105.jpg,SUNRGBD/kv2/kinect2data/000810_2014-06-08_17-20-01_260595134347_rgbf000105-resize/depth_bfx/0000105.png,rule,"{""winner_concept"": ""toilet"", ""winner_object_index"": 12, ""winner_area_frac"": 1.2931506849315069, ""winner_depth_m"": 1.6319999694824219, ""runner_up_concept"": ""rack"", ""runner_up_area_frac"": 0.08367924528301887, ""runner_up_depth_m"": 1.7330000400543213}"
test_009846,kv2/kinect2data/003448_2014-05-21_12-07-05_094959634447_rgbf000100-resize,scene:kv2/kinect2data/003448_2014-05-21_12-07-05_094959634447_rgbf000100-resize,kv2,classroom,test,identify_superlative,largest,3,"Ignoring the walls, floor, and ceiling, what object is the biggest one visible here?",,table,object,,SUNRGBD/kv2/kinect2data/003448_2014-05-21_12-07-05_094959634447_rgbf000100-resize/image/0000100.jpg,SUNRGBD/kv2/kinect2data/003448_2014-05-21_12-07-05_094959634447_rgbf000100-resize/depth_bfx/0000100.png,rule,"{""winner_concept"": ""table"", ""winner_object_index"": 4, ""winner_area_frac"": 0.28866670530521604, ""winner_depth_m"": null, ""runner_up_concept"": ""chair"", ""runner_up_area_frac"": 0.1415079964211192, ""runner_up_depth_m"": null}"
test_007645,kv2/align_kv2/2014-12-18_14-09-10_260595134347,scene:kv2/align_kv2/2014-12-18_14-09-10_260595134347,kv2,corridor,test,identify_superlative,largest,2,"Among the furniture and items in the room, not the walls, floor, or ceiling, which occupies the biggest area?",,bench,object,,SUNRGBD/kv2/align_kv2/2014-12-18_14-09-10_260595134347/image/0000120.jpg,SUNRGBD/kv2/align_kv2/2014-12-18_14-09-10_260595134347/depth_bfx/0000120.png,rule,"{""winner_concept"": ""bench"", ""winner_object_index"": 4, ""winner_area_frac"": 0.1079296975962781, ""winner_depth_m"": 2.055000066757202, ""runner_up_concept"": ""cushion"", ""runner_up_area_frac"": 0.05255170731029105, ""runner_up_depth_m"": null}"
test_007010,kv2/kinect2data/000856_2014-06-09_19-46-13_260595134347_rgbf000220-resize,scene:kv2/kinect2data/000856_2014-06-09_19-46-13_260595134347_rgbf000220-resize,kv2,dining_area,test,identify_superlative,closest_camera,5,"Excluding the walls, floor, and ceiling, what is the closest visible object to the camera?",,bed,object,,SUNRGBD/kv2/kinect2data/000856_2014-06-09_19-46-13_260595134347_rgbf000220-resize/image/0000220.jpg,SUNRGBD/kv2/kinect2data/000856_2014-06-09_19-46-13_260595134347_rgbf000220-resize/depth_bfx/0000220.png,rule,"{""winner_concept"": ""bed"", ""winner_object_index"": 6, ""winner_area_frac"": 0.03908245024554148, ""winner_depth_m"": 1.1050000190734863, ""runner_up_concept"": ""chair"", ""runner_up_area_frac"": 0.07780175756009304, ""runner_up_depth_m"": 1.3960000276565552}"
test_010672,kv2/kinect2data/001785_2014-06-26_20-40-53_260595134347_rgbf000079-resize,scene:kv2/kinect2data/001785_2014-06-26_20-40-53_260595134347_rgbf000079-resize,kv2,furniture_store,test,identify_superlative,closest_camera,1,"Excluding the walls, floor, and ceiling, what is the nearest object to the camera?",,bed,object,,SUNRGBD/kv2/kinect2data/001785_2014-06-26_20-40-53_260595134347_rgbf000079-resize/image/0000079.jpg,SUNRGBD/kv2/kinect2data/001785_2014-06-26_20-40-53_260595134347_rgbf000079-resize/depth_bfx/0000079.png,rule,"{""winner_concept"": ""bed"", ""winner_object_index"": 3, ""winner_area_frac"": 0.5165301111398294, ""winner_depth_m"": 1.7949999570846558, ""runner_up_concept"": ""lamp"", ""runner_up_area_frac"": 0.021632204704057897, ""runner_up_depth_m"": 2.381999969482422}"
test_002780,kv2/kinect2data/003322_2014-05-15_12-10-18_094959634447_rgbf003423-resize,scene:kv2/kinect2data/003322_2014-05-15_12-10-18_094959634447_rgbf003423-resize,kv2,study_space,test,identify_superlative,largest,4,"Not counting the room's walls, floor, or ceiling, which object covers the most of the image?",,board,object,,SUNRGBD/kv2/kinect2data/003322_2014-05-15_12-10-18_094959634447_rgbf003423-resize/image/0003423.jpg,SUNRGBD/kv2/kinect2data/003322_2014-05-15_12-10-18_094959634447_rgbf003423-resize/depth_bfx/0003423.png,rule,"{""winner_concept"": ""board"", ""winner_object_index"": 1, ""winner_area_frac"": 0.3247544585164125, ""winner_depth_m"": 1.5440000295639038, ""runner_up_concept"": ""desk"", ""runner_up_area_frac"": 0.21442103902817267, ""runner_up_depth_m"": 1.4930000305175781}"
test_013157,kv2/kinect2data/002977_2014-06-08_18-29-24_094959634447_rgbf000151-resize,scene:kv2/kinect2data/002977_2014-06-08_18-29-24_094959634447_rgbf000151-resize,kv2,furniture_store,test,identify_superlative,largest,4,"Not counting the room's walls, floor, or ceiling, which object covers the most of the image?",,screen,object,,SUNRGBD/kv2/kinect2data/002977_2014-06-08_18-29-24_094959634447_rgbf000151-resize/image/0000151.jpg,SUNRGBD/kv2/kinect2data/002977_2014-06-08_18-29-24_094959634447_rgbf000151-resize/depth_bfx/0000151.png,rule,"{""winner_concept"": ""screen"", ""winner_object_index"": 4, ""winner_area_frac"": 0.056689066942362365, ""winner_depth_m"": 3.7049999237060547, ""runner_up_concept"": ""window"", ""runner_up_area_frac"": 0.04235332127164642, ""runner_up_depth_m"": 3.7049999237060547}"
test_007132,kv2/kinect2data/003333_2014-05-15_19-15-32_094959634447_rgbf000100-resize,scene:kv2/kinect2data/003333_2014-05-15_19-15-32_094959634447_rgbf000100-resize,kv2,study_space,test,identify_superlative,largest,2,"Among the furniture and items in the room, not the walls, floor, or ceiling, which occupies the biggest area?",,chair,object,,SUNRGBD/kv2/kinect2data/003333_2014-05-15_19-15-32_094959634447_rgbf000100-resize/image/0000100.jpg,SUNRGBD/kv2/kinect2data/003333_2014-05-15_19-15-32_094959634447_rgbf000100-resize/depth_bfx/0000100.png,rule,"{""winner_concept"": ""chair"", ""winner_object_index"": 3, ""winner_area_frac"": 0.16903840799740497, ""winner_depth_m"": null, ""runner_up_concept"": ""table"", ""runner_up_area_frac"": 0.11733522874127682, ""runner_up_depth_m"": 2.369999885559082}"
test_010493,kv2/kinect2data/001050_2014-06-08_18-23-03_260595134347_rgbf000040-resize,scene:kv2/kinect2data/001050_2014-06-08_18-23-03_260595134347_rgbf000040-resize,kv2,corridor,test,identify_superlative,largest,0,"Not counting the walls, floor, or ceiling, which object takes up the most space in the image?",,bookshelf,object,,SUNRGBD/kv2/kinect2data/001050_2014-06-08_18-23-03_260595134347_rgbf000040-resize/image/0000040.jpg,SUNRGBD/kv2/kinect2data/001050_2014-06-08_18-23-03_260595134347_rgbf000040-resize/depth_bfx/0000040.png,rule,"{""winner_concept"": ""bookshelf"", ""winner_object_index"": 10, ""winner_area_frac"": 0.10995864564486947, ""winner_depth_m"": 2.9549999237060547, ""runner_up_concept"": ""board"", ""runner_up_area_frac"": 0.07386017058671492, ""runner_up_depth_m"": 2.7899999618530273}"
test_005816,kv2/kinect2data/003613_2014-05-23_18-02-33_094959634447_rgbf000100-resize,scene:kv2/kinect2data/003613_2014-05-23_18-02-33_094959634447_rgbf000100-resize,kv2,classroom,test,identify_superlative,largest,4,"Not counting the room's walls, floor, or ceiling, which object covers the most of the image?",,desk,object,,SUNRGBD/kv2/kinect2data/003613_2014-05-23_18-02-33_094959634447_rgbf000100-resize/image/0000100.jpg,SUNRGBD/kv2/kinect2data/003613_2014-05-23_18-02-33_094959634447_rgbf000100-resize/depth_bfx/0000100.png,rule,"{""winner_concept"": ""desk"", ""winner_object_index"": 0, ""winner_area_frac"": 0.18973248901524942, ""winner_depth_m"": 0.9900000095367432, ""runner_up_concept"": ""chair"", ""runner_up_area_frac"": 0.04367019901783407, ""runner_up_depth_m"": 1.152999997138977}"
test_012564,kv2/kinect2data/003615_2014-05-23_18-03-30_094959634447_rgbf000100-resize,scene:kv2/kinect2data/003615_2014-05-23_18-03-30_094959634447_rgbf000100-resize,kv2,classroom,test,identify_superlative,largest,2,"Among the furniture and items in the room, not the walls, floor, or ceiling, which occupies the biggest area?",,stool,object,,SUNRGBD/kv2/kinect2data/003615_2014-05-23_18-03-30_094959634447_rgbf000100-resize/image/0000100.jpg,SUNRGBD/kv2/kinect2data/003615_2014-05-23_18-03-30_094959634447_rgbf000100-resize/depth_bfx/0000100.png,rule,"{""winner_concept"": ""stool"", ""winner_object_index"": 0, ""winner_area_frac"": 0.04860687516154045, ""winner_depth_m"": 1.3389999866485596, ""runner_up_concept"": ""keyboard"", ""runner_up_area_frac"": 0.011332385629361593, ""runner_up_depth_m"": 1.434999942779541}"
test_009340,kv2/kinect2data/003155_2014-05-12_11-29-19_094959634447_rgbf000101-resize,scene:kv2/kinect2data/003155_2014-05-12_11-29-19_094959634447_rgbf000101-resize,kv2,classroom,test,identify_superlative,farthest_camera,3,"Ignoring the walls, floor, and ceiling, what object is farthest from the viewer?",,chair,object,,SUNRGBD/kv2/kinect2data/003155_2014-05-12_11-29-19_094959634447_rgbf000101-resize/image/0000101.jpg,SUNRGBD/kv2/kinect2data/003155_2014-05-12_11-29-19_094959634447_rgbf000101-resize/depth_bfx/0000101.png,rule,"{""winner_concept"": ""chair"", ""winner_object_index"": 61, ""winner_area_frac"": 0.006868699922460584, ""winner_depth_m"": 3.7760000228881836, ""runner_up_concept"": ""chair"", ""runner_up_area_frac"": 0.015544068234685965, ""runner_up_depth_m"": 3.049999952316284}"
test_003247,kv2/kinect2data/003669_2014-05-24_21-13-51_094959634447_rgbf000100-resize,scene:kv2/kinect2data/003669_2014-05-24_21-13-51_094959634447_rgbf000100-resize,kv2,bedroom,test,identify_superlative,closest_camera,1,"Excluding the walls, floor, and ceiling, what is the nearest object to the camera?",,curtain,object,,SUNRGBD/kv2/kinect2data/003669_2014-05-24_21-13-51_094959634447_rgbf000100-resize/image/0000100.jpg,SUNRGBD/kv2/kinect2data/003669_2014-05-24_21-13-51_094959634447_rgbf000100-resize/depth_bfx/0000100.png,rule,"{""winner_concept"": ""curtain"", ""winner_object_index"": 7, ""winner_area_frac"": 0.13848151977255105, ""winner_depth_m"": 1.0540000200271606, ""runner_up_concept"": ""stand"", ""runner_up_area_frac"": 0.2042569139312484, ""runner_up_depth_m"": 1.3550000190734863}"
test_006253,kv2/kinect2data/003588_2014-05-23_16-56-18_094959634447_rgbf000100-resize,scene:kv2/kinect2data/003588_2014-05-23_16-56-18_094959634447_rgbf000100-resize,kv2,classroom,test,identify_superlative,largest,1,"Excluding the walls, floor, and ceiling, what is the largest object in this room?",,desk,object,,SUNRGBD/kv2/kinect2data/003588_2014-05-23_16-56-18_094959634447_rgbf000100-resize/image/0000100.jpg,SUNRGBD/kv2/kinect2data/003588_2014-05-23_16-56-18_094959634447_rgbf000100-resize/depth_bfx/0000100.png,rule,"{""winner_concept"": ""desk"", ""winner_object_index"": 12, ""winner_area_frac"": 0.35466658051176014, ""winner_depth_m"": 1.2139999866485596, ""runner_up_concept"": ""chair"", ""runner_up_area_frac"": 0.04768286378909279, ""runner_up_depth_m"": 1.6979999542236328}"
test_005908,kv2/kinect2data/001052_2014-06-08_18-24-54_260595134347_rgbf000130-resize,scene:kv2/kinect2data/001052_2014-06-08_18-24-54_260595134347_rgbf000130-resize,kv2,office,test,identify_superlative,farthest_camera,1,"Excluding the walls, floor, and ceiling, what is the most distant object from the camera?",,book,object,,SUNRGBD/kv2/kinect2data/001052_2014-06-08_18-24-54_260595134347_rgbf000130-resize/image/0000130.jpg,SUNRGBD/kv2/kinect2data/001052_2014-06-08_18-24-54_260595134347_rgbf000130-resize/depth_bfx/0000130.png,rule,"{""winner_concept"": ""book"", ""winner_object_index"": 15, ""winner_area_frac"": 0.005178340656500388, ""winner_depth_m"": 6.189000129699707, ""runner_up_concept"": ""window"", ""runner_up_area_frac"": 0.1604962522615663, ""runner_up_depth_m"": 3.5220000743865967}"
test_010436,kv2/kinect2data/002730_2014-06-22_12-03-19_094959634447_rgbf000085-resize,scene:kv2/kinect2data/002730_2014-06-22_12-03-19_094959634447_rgbf000085-resize,kv2,bathroom,test,identify_superlative,closest_camera,3,"Ignoring the walls, floor, and ceiling, what object is nearest the viewer?",,mirror,object,,SUNRGBD/kv2/kinect2data/002730_2014-06-22_12-03-19_094959634447_rgbf000085-resize/image/0000085.jpg,SUNRGBD/kv2/kinect2data/002730_2014-06-22_12-03-19_094959634447_rgbf000085-resize/depth_bfx/0000085.png,rule,"{""winner_concept"": ""mirror"", ""winner_object_index"": 0, ""winner_area_frac"": 0.17998061514603256, ""winner_depth_m"": 3.5789999961853027, ""runner_up_concept"": null, ""runner_up_area_frac"": null, ""runner_up_depth_m"": null}"
test_013903,kv2/kinect2data/001684_2014-06-26_19-15-13_260595134347_rgbf000103-resize,scene:kv2/kinect2data/001684_2014-06-26_19-15-13_260595134347_rgbf000103-resize,kv2,furniture_store,test,identify_superlative,closest_camera,3,"Ignoring the walls, floor, and ceiling, what object is nearest the viewer?",,monitor,object,,SUNRGBD/kv2/kinect2data/001684_2014-06-26_19-15-13_260595134347_rgbf000103-resize/image/0000103.jpg,SUNRGBD/kv2/kinect2data/001684_2014-06-26_19-15-13_260595134347_rgbf000103-resize/depth_bfx/0000103.png,rule,"{""winner_concept"": ""monitor"", ""winner_object_index"": 9, ""winner_area_frac"": 0.028683122253812355, ""winner_depth_m"": 1.7829999923706055, ""runner_up_concept"": ""door"", ""runner_up_area_frac"": 0.11973895063323857, ""runner_up_depth_m"": 2.240000009536743}"
test_009614,kv2/kinect2data/001045_2014-06-08_17-29-48_260595134347_rgbf000081-resize,scene:kv2/kinect2data/001045_2014-06-08_17-29-48_260595134347_rgbf000081-resize,kv2,corridor,test,identify_superlative,farthest_camera,5,"Excluding the walls, floor, and ceiling, what is the most distant visible object in the scene?",,window,object,,SUNRGBD/kv2/kinect2data/001045_2014-06-08_17-29-48_260595134347_rgbf000081-resize/image/0000081.jpg,SUNRGBD/kv2/kinect2data/001045_2014-06-08_17-29-48_260595134347_rgbf000081-resize/depth_bfx/0000081.png,rule,"{""winner_concept"": ""window"", ""winner_object_index"": 16, ""winner_area_frac"": 0.02380330834841044, ""winner_depth_m"": 4.482999801635742, ""runner_up_concept"": ""filecabinet"", ""runner_up_area_frac"": 0.05750710777978806, ""runner_up_depth_m"": 2.815000057220459}"
test_011301,kv2/kinect2data/003378_2014-05-20_14-29-57_094959634447_rgbf000100-resize,scene:kv2/kinect2data/003378_2014-05-20_14-29-57_094959634447_rgbf000100-resize,kv2,dining_area,test,identify_superlative,largest,3,"Ignoring the walls, floor, and ceiling, what object is the biggest one visible here?",,table,object,,SUNRGBD/kv2/kinect2data/003378_2014-05-20_14-29-57_094959634447_rgbf000100-resize/image/0000100.jpg,SUNRGBD/kv2/kinect2data/003378_2014-05-20_14-29-57_094959634447_rgbf000100-resize/depth_bfx/0000100.png,rule,"{""winner_concept"": ""table"", ""winner_object_index"": 0, ""winner_area_frac"": 0.1202054794520548, ""winner_depth_m"": 1.5299999713897705, ""runner_up_concept"": ""chair"", ""runner_up_area_frac"": 0.06242052209873352, ""runner_up_depth_m"": 1.5299999713897705}"
test_013507,kv2/kinect2data/003507_2014-05-21_17-30-57_094959634447_rgbf000101-resize,scene:kv2/kinect2data/003507_2014-05-21_17-30-57_094959634447_rgbf000101-resize,kv2,office,test,identify_superlative,largest,2,"Among the furniture and items in the room, not the walls, floor, or ceiling, which occupies the biggest area?",,chair,object,,SUNRGBD/kv2/kinect2data/003507_2014-05-21_17-30-57_094959634447_rgbf000101-resize/image/0000101.jpg,SUNRGBD/kv2/kinect2data/003507_2014-05-21_17-30-57_094959634447_rgbf000101-resize/depth_bfx/0000101.png,rule,"{""winner_concept"": ""chair"", ""winner_object_index"": 0, ""winner_area_frac"": 0.3683497027655725, ""winner_depth_m"": null, ""runner_up_concept"": ""table"", ""runner_up_area_frac"": 0.055096924269837165, ""runner_up_depth_m"": null}"
test_001863,kv2/kinect2data/000754_2014-06-08_21-58-38_260595134347_rgbf000039-resize,scene:kv2/kinect2data/000754_2014-06-08_21-58-38_260595134347_rgbf000039-resize,kv2,rest_space,test,identify_superlative,largest,4,"Not counting the room's walls, floor, or ceiling, which object covers the most of the image?",,door,object,,SUNRGBD/kv2/kinect2data/000754_2014-06-08_21-58-38_260595134347_rgbf000039-resize/image/0000039.jpg,SUNRGBD/kv2/kinect2data/000754_2014-06-08_21-58-38_260595134347_rgbf000039-resize/depth_bfx/0000039.png,rule,"{""winner_concept"": ""door"", ""winner_object_index"": 27, ""winner_area_frac"": 0.18860558283794263, ""winner_depth_m"": 1.4010000228881836, ""runner_up_concept"": ""filecabinet"", ""runner_up_area_frac"": 0.13839234944430084, ""runner_up_depth_m"": 4.230000019073486}"
test_011868,kv2/kinect2data/002499_2014-05-25_16-55-43_094959634447_rgbf000208-resize,scene:kv2/kinect2data/002499_2014-05-25_16-55-43_094959634447_rgbf000208-resize,kv2,bedroom,test,identify_superlative,largest,3,"Ignoring the walls, floor, and ceiling, what object is the biggest one visible here?",,television,object,,SUNRGBD/kv2/kinect2data/002499_2014-05-25_16-55-43_094959634447_rgbf000208-resize/image/0000208.jpg,SUNRGBD/kv2/kinect2data/002499_2014-05-25_16-55-43_094959634447_rgbf000208-resize/depth_bfx/0000208.png,rule,"{""winner_concept"": ""television"", ""winner_object_index"": 0, ""winner_area_frac"": 0.2511346601188938, ""winner_depth_m"": 0.7260000109672546, ""runner_up_concept"": ""window"", ""runner_up_area_frac"": 0.125, ""runner_up_depth_m"": 1.49399995803833}"
test_006434,kv2/kinect2data/002982_2014-06-08_18-37-19_094959634447_rgbf000151-resize,scene:kv2/kinect2data/002982_2014-06-08_18-37-19_094959634447_rgbf000151-resize,kv2,furniture_store,test,identify_superlative,farthest_camera,3,"Ignoring the walls, floor, and ceiling, what object is farthest from the viewer?",,bed,object,,SUNRGBD/kv2/kinect2data/002982_2014-06-08_18-37-19_094959634447_rgbf000151-resize/image/0000151.jpg,SUNRGBD/kv2/kinect2data/002982_2014-06-08_18-37-19_094959634447_rgbf000151-resize/depth_bfx/0000151.png,rule,"{""winner_concept"": ""bed"", ""winner_object_index"": 7, ""winner_area_frac"": 0.5343254070819333, ""winner_depth_m"": 1.7699999809265137, ""runner_up_concept"": null, ""runner_up_area_frac"": null, ""runner_up_depth_m"": null}"
test_012331,kv2/align_kv2/2014-12-18_13-48-36_260595134347,scene:kv2/align_kv2/2014-12-18_13-48-36_260595134347,kv2,idk,test,identify_superlative,farthest_camera,4,"Not counting the room's walls, floor, or ceiling, which object is farthest away in this image?",,bin,object,,SUNRGBD/kv2/align_kv2/2014-12-18_13-48-36_260595134347/image/0000005.jpg,SUNRGBD/kv2/align_kv2/2014-12-18_13-48-36_260595134347/depth_bfx/0000005.png,rule,"{""winner_concept"": ""bin"", ""winner_object_index"": 7, ""winner_area_frac"": 0.007050917549754458, ""winner_depth_m"": 2.2269999980926514, ""runner_up_concept"": ""heater"", ""runner_up_area_frac"": 0.008557766864822952, ""runner_up_depth_m"": 1.7009999752044678}"
test_003912,kv2/kinect2data/003441_2014-05-21_11-00-57_094959634447_rgbf000100-resize,scene:kv2/kinect2data/003441_2014-05-21_11-00-57_094959634447_rgbf000100-resize,kv2,classroom,test,identify_superlative,largest,0,"Not counting the walls, floor, or ceiling, which object takes up the most space in the image?",,desk,object,,SUNRGBD/kv2/kinect2data/003441_2014-05-21_11-00-57_094959634447_rgbf000100-resize/image/0000100.jpg,SUNRGBD/kv2/kinect2data/003441_2014-05-21_11-00-57_094959634447_rgbf000100-resize/depth_bfx/0000100.png,rule,"{""winner_concept"": ""desk"", ""winner_object_index"": 7, ""winner_area_frac"": 0.22971568880847765, ""winner_depth_m"": 1.222000002861023, ""runner_up_concept"": ""curtain"", ""runner_up_area_frac"": 0.10385693977772034, ""runner_up_depth_m"": 1.8220000267028809}"
test_002776,kv2/kinect2data/000495_2014-06-08_22-49-47_260595134347_rgbf000045-resize,scene:kv2/kinect2data/000495_2014-06-08_22-49-47_260595134347_rgbf000045-resize,kv2,idk,test,identify_superlative,farthest_camera,3,"Ignoring the walls, floor, and ceiling, what object is farthest from the viewer?",,door,object,,SUNRGBD/kv2/kinect2data/000495_2014-06-08_22-49-47_260595134347_rgbf000045-resize/image/0000045.jpg,SUNRGBD/kv2/kinect2data/000495_2014-06-08_22-49-47_260595134347_rgbf000045-resize/depth_bfx/0000045.png,rule,"{""winner_concept"": ""door"", ""winner_object_index"": 8, ""winner_area_frac"": 0.006271646420263634, ""winner_depth_m"": 4.573999881744385, ""runner_up_concept"": ""chair"", ""runner_up_area_frac"": 0.06773067976221246, ""runner_up_depth_m"": 2.3480000495910645}"
test_006182,kv2/kinect2data/000382_2014-06-09_16-05-37_260595134347_rgbf000172-resize,scene:kv2/kinect2data/000382_2014-06-09_16-05-37_260595134347_rgbf000172-resize,kv2,conference_room,test,identify_superlative,farthest_camera,3,"Ignoring the walls, floor, and ceiling, what object is farthest from the viewer?",,whiteboard,object,,SUNRGBD/kv2/kinect2data/000382_2014-06-09_16-05-37_260595134347_rgbf000172-resize/image/0000172.jpg,SUNRGBD/kv2/kinect2data/000382_2014-06-09_16-05-37_260595134347_rgbf000172-resize/depth_bfx/0000172.png,rule,"{""winner_concept"": ""whiteboard"", ""winner_object_index"": 3, ""winner_area_frac"": 0.08314163866632204, ""winner_depth_m"": 6.497000217437744, ""runner_up_concept"": ""table"", ""runner_up_area_frac"": 0.03623158438873094, ""runner_up_depth_m"": 2.311000108718872}"
test_008632,kv2/kinect2data/003200_2014-05-12_22-20-58_094959634447_rgbf000021-resize,scene:kv2/kinect2data/003200_2014-05-12_22-20-58_094959634447_rgbf000021-resize,kv2,classroom,test,identify_superlative,closest_camera,5,"Excluding the walls, floor, and ceiling, what is the closest visible object to the camera?",,desk,object,,SUNRGBD/kv2/kinect2data/003200_2014-05-12_22-20-58_094959634447_rgbf000021-resize/image/0000021.jpg,SUNRGBD/kv2/kinect2data/003200_2014-05-12_22-20-58_094959634447_rgbf000021-resize/depth_bfx/0000021.png,rule,"{""winner_concept"": ""desk"", ""winner_object_index"": 3, ""winner_area_frac"": 0.10803825277849574, ""winner_depth_m"": 1.034999966621399, ""runner_up_concept"": ""chair"", ""runner_up_area_frac"": 0.06879555440682347, ""runner_up_depth_m"": 1.38100004196167}"
test_007448,xtion/sun3ddata/mit_w85d/d1/0002016-000067863856,sun3d:mit_w85d/d1,xtion,bedroom,test,identify_superlative,largest,4,"Not counting the room's walls, floor, or ceiling, which object covers the most of the image?",,bookshelf,object,,SUNRGBD/xtion/sun3ddata/mit_w85d/d1/0002016-000067863856/image/0002016-000067863856.jpg,SUNRGBD/xtion/sun3ddata/mit_w85d/d1/0002016-000067863856/depth_bfx/0002026-000067873055.png,rule,"{""winner_concept"": ""bookshelf"", ""winner_object_index"": 5, ""winner_area_frac"": 0.27257693827672075, ""winner_depth_m"": 2.130000114440918, ""runner_up_concept"": ""chair"", ""runner_up_area_frac"": 0.1054690347656265, ""runner_up_depth_m"": 1.9149999618530273}"
test_009246,xtion/xtion_align_data/2014_12_18_13_59_25,scene:xtion/xtion_align_data/2014_12_18_13_59_25,xtion,bathroom,test,identify_superlative,closest_camera,2,"Among the furniture and items in the room, not the walls, floor, or ceiling, which is closest to where the picture was taken from?",,toilet paper,object,,SUNRGBD/xtion/xtion_align_data/2014_12_18_13_59_25/image/0000016.jpg,SUNRGBD/xtion/xtion_align_data/2014_12_18_13_59_25/depth_bfx/0000016.png,rule,"{""winner_concept"": ""toiletpaper"", ""winner_object_index"": 2, ""winner_area_frac"": 0.013154613227129543, ""winner_depth_m"": 1.1679999828338623, ""runner_up_concept"": ""toilet"", ""runner_up_area_frac"": 0.07352455326074027, ""runner_up_depth_m"": 1.5989999771118164}"
test_005166,xtion/sun3ddata/mit_32_g882/g882_1/0001452-000048930499,sun3d:mit_32_g882/g882_1,xtion,rest_space,test,identify_superlative,largest,4,"Not counting the room's walls, floor, or ceiling, which object covers the most of the image?",,sofa,object,,SUNRGBD/xtion/sun3ddata/mit_32_g882/g882_1/0001452-000048930499/image/0001452-000048930499.jpg,SUNRGBD/xtion/sun3ddata/mit_32_g882/g882_1/0001452-000048930499/depth_bfx/0001458-000048919320.png,rule,"{""winner_concept"": ""sofa"", ""winner_object_index"": 0, ""winner_area_frac"": 0.09501747681588146, ""winner_depth_m"": 2.63100004196167, ""runner_up_concept"": ""window"", ""runner_up_area_frac"": 0.045798466030518244, ""runner_up_depth_m"": 3.059000015258789}"
test_001057,xtion/sun3ddata/mit_dorm_next_jc/dorm_next_jc_oct_30_2012_scan1_erika/0000348-000016154712,sun3d:mit_dorm_next_jc/dorm_next_jc_oct_30_2012_scan1_erika,xtion,bedroom,test,identify_superlative,largest,0,"Not counting the walls, floor, or ceiling, which object takes up the most space in the image?",,cloth,object,,SUNRGBD/xtion/sun3ddata/mit_dorm_next_jc/dorm_next_jc_oct_30_2012_scan1_erika/0000348-000016154712/image/0000348-000016154712.jpg,SUNRGBD/xtion/sun3ddata/mit_dorm_next_jc/dorm_next_jc_oct_30_2012_scan1_erika/0000348-000016154712/depth_bfx/0000351-000016160166.png,rule,"{""winner_concept"": ""cloth"", ""winner_object_index"": 2, ""winner_area_frac"": 0.18752374046065126, ""winner_depth_m"": 1.8919999599456787, ""runner_up_concept"": ""cloth"", ""runner_up_area_frac"": 0.06948137404990197, ""runner_up_depth_m"": 2.563999891281128}"
test_010494,xtion/xtion_align_data/2014_12_18_11_38_28,scene:xtion/xtion_align_data/2014_12_18_11_38_28,xtion,rest_space,test,identify_superlative,largest,5,"Excluding the walls, floor, and ceiling, what is the largest visible object in the scene?",,window,object,,SUNRGBD/xtion/xtion_align_data/2014_12_18_11_38_28/image/0000092.jpg,SUNRGBD/xtion/xtion_align_data/2014_12_18_11_38_28/depth_bfx/0000092.png,rule,"{""winner_concept"": ""window"", ""winner_object_index"": 6, ""winner_area_frac"": 0.2180755550951345, ""winner_depth_m"": 2.7320001125335693, ""runner_up_concept"": ""table"", ""runner_up_area_frac"": 0.1643281113912006, ""runner_up_depth_m"": 1.3880000114440918}"
test_010819,xtion/sun3ddata/mit_dorm_masseeh_flr4a/dorm_masseeh_flr4_scan1_oct_26_2012_erika/0003096-000137415600,sun3d:mit_dorm_masseeh_flr4a/dorm_masseeh_flr4_scan1_oct_26_2012_erika,xtion,corridor,test,identify_superlative,largest,4,"Not counting the room's walls, floor, or ceiling, which object covers the most of the image?",,board,object,,SUNRGBD/xtion/sun3ddata/mit_dorm_masseeh_flr4a/dorm_masseeh_flr4_scan1_oct_26_2012_erika/0003096-000137415600/image/0003096-000137415600.jpg,SUNRGBD/xtion/sun3ddata/mit_dorm_masseeh_flr4a/dorm_masseeh_flr4_scan1_oct_26_2012_erika/0003096-000137415600/depth_bfx/0003091-000137425155.png,rule,"{""winner_concept"": ""board"", ""winner_object_index"": 2, ""winner_area_frac"": 0.1151915927115347, ""winner_depth_m"": 2.36899995803833, ""runner_up_concept"": ""door"", ""runner_up_area_frac"": 0.07611719250587996, ""runner_up_depth_m"": 2.497999906539917}"
test_007984,xtion/sun3ddata/mit_ne47_2conf/ne47_floor2_conf_room/0000080-000002647764,sun3d:mit_ne47_2conf/ne47_floor2_conf_room,xtion,conference_room,test,identify_superlative,closest_camera,1,"Excluding the walls, floor, and ceiling, what is the nearest object to the camera?",,chair,object,,SUNRGBD/xtion/sun3ddata/mit_ne47_2conf/ne47_floor2_conf_room/0000080-000002647764/image/0000080-000002647764.jpg,SUNRGBD/xtion/sun3ddata/mit_ne47_2conf/ne47_floor2_conf_room/0000080-000002647764/depth_bfx/0000080-000002656309.png,rule,"{""winner_concept"": ""chair"", ""winner_object_index"": 5, ""winner_area_frac"": 0.04433471075965637, ""winner_depth_m"": 1.2879999876022339, ""runner_up_concept"": ""table"", ""runner_up_area_frac"": 0.2776454067244495, ""runner_up_depth_m"": 1.7209999561309814}"
test_011853,xtion/sun3ddata/mit_w85_16/16_1/0003131-000104905080,sun3d:mit_w85_16/16_1,xtion,living_room,test,identify_superlative,largest,2,"Among the furniture and items in the room, not the walls, floor, or ceiling, which occupies the biggest area?",,door,object,,SUNRGBD/xtion/sun3ddata/mit_w85_16/16_1/0003131-000104905080/image/0003131-000104905080.jpg,SUNRGBD/xtion/sun3ddata/mit_w85_16/16_1/0003131-000104905080/depth_bfx/0003144-000104904489.png,rule,"{""winner_concept"": ""door"", ""winner_object_index"": 10, ""winner_area_frac"": 0.14336936128089137, ""winner_depth_m"": 1.4149999618530273, ""runner_up_concept"": ""chair"", ""runner_up_area_frac"": 0.05454071081337216, ""runner_up_depth_m"": 1.6269999742507935}"
test_007946,xtion/sun3ddata/mit_lab_hj/lab_hj_work_nov_2_2012_scan1_erika/0006903-000277747092,sun3d:mit_lab_hj/lab_hj_work_nov_2_2012_scan1_erika,xtion,office,test,identify_superlative,largest,0,"Not counting the walls, floor, or ceiling, which object takes up the most space in the image?",,book,object,,SUNRGBD/xtion/sun3ddata/mit_lab_hj/lab_hj_work_nov_2_2012_scan1_erika/0006903-000277747092/image/0006903-000277747092.jpg,SUNRGBD/xtion/sun3ddata/mit_lab_hj/lab_hj_work_nov_2_2012_scan1_erika/0006903-000277747092/depth_bfx/0006915-000277735946.png,rule,"{""winner_concept"": ""book"", ""winner_object_index"": 7, ""winner_area_frac"": 0.057105639774240206, ""winner_depth_m"": 1.3279999494552612, ""runner_up_concept"": null, ""runner_up_area_frac"": null, ""runner_up_depth_m"": null}"
test_003397,xtion/sun3ddata/mit_32_g660/g660_1/0003332-000111709450,sun3d:mit_32_g660/g660_1,xtion,bathroom,test,identify_superlative,largest,0,"Not counting the walls, floor, or ceiling, which object takes up the most space in the image?",,shelf,object,,SUNRGBD/xtion/sun3ddata/mit_32_g660/g660_1/0003332-000111709450/image/0003332-000111709450.jpg,SUNRGBD/xtion/sun3ddata/mit_32_g660/g660_1/0003332-000111709450/depth_bfx/0003347-000111720249.png,rule,"{""winner_concept"": ""shelf"", ""winner_object_index"": 5, ""winner_area_frac"": 0.13772728493540676, ""winner_depth_m"": 0.8100000023841858, ""runner_up_concept"": ""toilet"", ""runner_up_area_frac"": 0.08916629257455944, ""runner_up_depth_m"": 1.5490000247955322}"
test_007818,xtion/sun3ddata/mit_w20_athena/sc_athena_oct_29_2012_scan1_erika/0008768-000375982488,sun3d:mit_w20_athena/sc_athena_oct_29_2012_scan1_erika,xtion,discussion_area,test,identify_superlative,closest_camera,2,"Among the furniture and items in the room, not the walls, floor, or ceiling, which is closest to where the picture was taken from?",,table,object,,SUNRGBD/xtion/sun3ddata/mit_w20_athena/sc_athena_oct_29_2012_scan1_erika/0008768-000375982488/image/0008768-000375982488.jpg,SUNRGBD/xtion/sun3ddata/mit_w20_athena/sc_athena_oct_29_2012_scan1_erika/0008768-000375982488/depth_bfx/0008766-000375975581.png,rule,"{""winner_concept"": ""table"", ""winner_object_index"": 4, ""winner_area_frac"": 0.08690639256266522, ""winner_depth_m"": 1.0789999961853027, ""runner_up_concept"": ""chair"", ""runner_up_area_frac"": 0.07602635943908245, ""runner_up_depth_m"": 1.4279999732971191}"
test_012835,xtion/sun3ddata/mit_w85h/h2_1/0003294-000110401704,sun3d:mit_w85h/h2_1,xtion,bathroom,test,identify_superlative,largest,3,"Ignoring the walls, floor, and ceiling, what object is the biggest one visible here?",,basket,object,,SUNRGBD/xtion/sun3ddata/mit_w85h/h2_1/0003294-000110401704/image/0003294-000110401704.jpg,SUNRGBD/xtion/sun3ddata/mit_w85h/h2_1/0003294-000110401704/depth_bfx/0003309-000110408958.png,rule,"{""winner_concept"": ""basket"", ""winner_object_index"": 6, ""winner_area_frac"": 0.0526875160667764, ""winner_depth_m"": 1.0889999866485596, ""runner_up_concept"": ""towel"", ""runner_up_area_frac"": 0.018382310623064793, ""runner_up_depth_m"": 1.121999979019165}"
test_011791,xtion/sun3ddata/mit_w59_conference/conference_w59_nov_6_2012_scan1_erika/0003462-000149347296,sun3d:mit_w59_conference/conference_w59_nov_6_2012_scan1_erika,xtion,kitchen,test,identify_superlative,largest,3,"Ignoring the walls, floor, and ceiling, what object is the biggest one visible here?",,cabinet,object,,SUNRGBD/xtion/sun3ddata/mit_w59_conference/conference_w59_nov_6_2012_scan1_erika/0003462-000149347296/image/0003462-000149347296.jpg,SUNRGBD/xtion/sun3ddata/mit_w59_conference/conference_w59_nov_6_2012_scan1_erika/0003462-000149347296/depth_bfx/0003450-000149347271.png,rule,"{""winner_concept"": ""cabinet"", ""winner_object_index"": 1, ""winner_area_frac"": 0.3583495439913134, ""winner_depth_m"": 1.9240000247955322, ""runner_up_concept"": ""counter"", ""runner_up_area_frac"": 0.11752247430274987, ""runner_up_depth_m"": 2.078000068664551}"
test_003931,xtion/sun3ddata/mit_w85k1/scan_1/0004534-000151938383,sun3d:mit_w85k1/scan_1,xtion,bedroom,test,identify_superlative,closest_camera,3,"Ignoring the walls, floor, and ceiling, what object is nearest the viewer?",,bottle,object,,SUNRGBD/xtion/sun3ddata/mit_w85k1/scan_1/0004534-000151938383/image/0004534-000151938383.jpg,SUNRGBD/xtion/sun3ddata/mit_w85k1/scan_1/0004534-000151938383/depth_bfx/0004554-000151930195.png,rule,"{""winner_concept"": ""bottle"", ""winner_object_index"": 5, ""winner_area_frac"": 0.007270815827741136, ""winner_depth_m"": 1.1510000228881836, ""runner_up_concept"": ""shelf"", ""runner_up_area_frac"": 0.0594384397865181, ""runner_up_depth_m"": 1.4830000400543213}"
test_006814,xtion/sun3ddata/mit_w85j/j1/0000912-000030533076,sun3d:mit_w85j/j1,xtion,bedroom,test,identify_superlative,largest,5,"Excluding the walls, floor, and ceiling, what is the largest visible object in the scene?",,desk,object,,SUNRGBD/xtion/sun3ddata/mit_w85j/j1/0000912-000030533076/image/0000912-000030533076.jpg,SUNRGBD/xtion/sun3ddata/mit_w85j/j1/0000912-000030533076/depth_bfx/0000915-000030519444.png,rule,"{""winner_concept"": ""desk"", ""winner_object_index"": 2, ""winner_area_frac"": 0.12205762169504011, ""winner_depth_m"": 1.8220000267028809, ""runner_up_concept"": ""bed"", ""runner_up_area_frac"": 0.07180266353580349, ""runner_up_depth_m"": 1.6360000371932983}"
test_008759,xtion/sun3ddata/mit_w85_4/4_1/0005638-000188996323,sun3d:mit_w85_4/4_1,xtion,living_room,test,identify_superlative,farthest_camera,5,"Excluding the walls, floor, and ceiling, what is the most distant visible object in the scene?",,curtain,object,,SUNRGBD/xtion/sun3ddata/mit_w85_4/4_1/0005638-000188996323/image/0005638-000188996323.jpg,SUNRGBD/xtion/sun3ddata/mit_w85_4/4_1/0005638-000188996323/depth_bfx/0005665-000189003432.png,rule,"{""winner_concept"": ""curtain"", ""winner_object_index"": 10, ""winner_area_frac"": 0.008771021098794848, ""winner_depth_m"": 6.269000053405762, ""runner_up_concept"": ""curtain"", ""runner_up_area_frac"": 0.06088301084675269, ""runner_up_depth_m"": 4.295000076293945}"
test_003095,xtion/sun3ddata/mit_32_d6_lounge/d6_lounge_1/0003526-000118177416,sun3d:mit_32_d6_lounge/d6_lounge_1,xtion,corridor,test,identify_superlative,largest,2,"Among the furniture and items in the room, not the walls, floor, or ceiling, which occupies the biggest area?",,window,object,,SUNRGBD/xtion/sun3ddata/mit_32_d6_lounge/d6_lounge_1/0003526-000118177416/image/0003526-000118177416.jpg,SUNRGBD/xtion/sun3ddata/mit_32_d6_lounge/d6_lounge_1/0003526-000118177416/depth_bfx/0003541-000118169131.png,rule,"{""winner_concept"": ""window"", ""winner_object_index"": 4, ""winner_area_frac"": 0.1292651296277112, ""winner_depth_m"": 4.848999977111816, ""runner_up_concept"": ""trashcan"", ""runner_up_area_frac"": 0.07706681093193059, ""runner_up_depth_m"": 2.421999931335449}"
test_006396,xtion/sun3ddata/mit_3_huge_office/cl_1/0006630-000222177564,sun3d:mit_3_huge_office/cl_1,xtion,office,test,identify_superlative,farthest_camera,1,"Excluding the walls, floor, and ceiling, what is the most distant object from the camera?",,chair,object,,SUNRGBD/xtion/sun3ddata/mit_3_huge_office/cl_1/0006630-000222177564/image/0006630-000222177564.jpg,SUNRGBD/xtion/sun3ddata/mit_3_huge_office/cl_1/0006630-000222177564/depth_bfx/0006659-000222192530.png,rule,"{""winner_concept"": ""chair"", ""winner_object_index"": 3, ""winner_area_frac"": 0.02558790013467316, ""winner_depth_m"": 3.0460000038146973, ""runner_up_concept"": ""table"", ""runner_up_area_frac"": 0.025658881713994115, ""runner_up_depth_m"": 2.2950000762939453}"
test_006176,xtion/sun3ddata/mit_dorm_masseeh_xc/dorm_masseeh_xc_oct_29_2012_scan1_erika/0002819-000123238380,sun3d:mit_dorm_masseeh_xc/dorm_masseeh_xc_oct_29_2012_scan1_erika,xtion,bedroom,test,identify_superlative,largest,4,"Not counting the room's walls, floor, or ceiling, which object covers the most of the image?",,door,object,,SUNRGBD/xtion/sun3ddata/mit_dorm_masseeh_xc/dorm_masseeh_xc_oct_29_2012_scan1_erika/0002819-000123238380/image/0002819-000123238380.jpg,SUNRGBD/xtion/sun3ddata/mit_dorm_masseeh_xc/dorm_masseeh_xc_oct_29_2012_scan1_erika/0002819-000123238380/depth_bfx/0002817-000123232640.png,rule,"{""winner_concept"": ""door"", ""winner_object_index"": 0, ""winner_area_frac"": 0.27980171199895637, ""winner_depth_m"": 2.7039999961853027, ""runner_up_concept"": ""door"", ""runner_up_area_frac"": 0.18487823781514862, ""runner_up_depth_m"": 1.8179999589920044}"
test_007917,xtion/xtion_align_data/2014_12_18_12_6_3,scene:xtion/xtion_align_data/2014_12_18_12_6_3,xtion,idk,test,identify_superlative,closest_camera,0,"Not counting the walls, floor, or ceiling, which object is closest to the camera?",,trash can,object,,SUNRGBD/xtion/xtion_align_data/2014_12_18_12_6_3/image/0000038.jpg,SUNRGBD/xtion/xtion_align_data/2014_12_18_12_6_3/depth_bfx/0000038.png,rule,"{""winner_concept"": ""trashcan"", ""winner_object_index"": 0, ""winner_area_frac"": 0.15602326661064878, ""winner_depth_m"": 1.4179999828338623, ""runner_up_concept"": ""trashcan"", ""runner_up_area_frac"": 0.04684784235183075, ""runner_up_depth_m"": 1.7580000162124634}"
test_001826,xtion/xtion_align_data/2014_12_18_13_56_51,scene:xtion/xtion_align_data/2014_12_18_13_56_51,xtion,dining_area,test,identify_superlative,largest,2,"Among the furniture and items in the room, not the walls, floor, or ceiling, which occupies the biggest area?",,rug,object,,SUNRGBD/xtion/xtion_align_data/2014_12_18_13_56_51/image/0000162.jpg,SUNRGBD/xtion/xtion_align_data/2014_12_18_13_56_51/depth_bfx/0000162.png,rule,"{""winner_concept"": ""rug"", ""winner_object_index"": 0, ""winner_area_frac"": 0.539333387049123, ""winner_depth_m"": 1.7319999933242798, ""runner_up_concept"": ""chair"", ""runner_up_area_frac"": 0.12214778748498835, ""runner_up_depth_m"": 1.7669999599456787}"
test_001930,xtion/sun3ddata/mit_w85_12/12_1_1/0000652-000022254624,sun3d:mit_w85_12/12_1_1,xtion,bedroom,test,identify_superlative,largest,4,"Not counting the room's walls, floor, or ceiling, which object covers the most of the image?",,bed,object,,SUNRGBD/xtion/sun3ddata/mit_w85_12/12_1_1/0000652-000022254624/image/0000652-000022254624.jpg,SUNRGBD/xtion/sun3ddata/mit_w85_12/12_1_1/0000652-000022254624/depth_bfx/0000654-000022246625.png,rule,"{""winner_concept"": ""bed"", ""winner_object_index"": 10, ""winner_area_frac"": 0.19013087468489934, ""winner_depth_m"": 1.475000023841858, ""runner_up_concept"": ""desk"", ""runner_up_area_frac"": 0.03993001599963166, ""runner_up_depth_m"": 2.8529999256134033}"
test_000454,xtion/sun3ddata/mit_lab_hj/lab_hj_work_nov_2_2012_scan1_erika/0001579-000067266612,sun3d:mit_lab_hj/lab_hj_work_nov_2_2012_scan1_erika,xtion,office,test,identify_superlative,closest_camera,4,"Not counting the room's walls, floor, or ceiling, which object is closest to us in this image?",,computer,object,,SUNRGBD/xtion/sun3ddata/mit_lab_hj/lab_hj_work_nov_2_2012_scan1_erika/0001579-000067266612/image/0001579-000067266612.jpg,SUNRGBD/xtion/sun3ddata/mit_lab_hj/lab_hj_work_nov_2_2012_scan1_erika/0001579-000067266612/depth_bfx/0001587-000067276086.png,rule,"{""winner_concept"": ""computer"", ""winner_object_index"": 2, ""winner_area_frac"": 0.03620636071687558, ""winner_depth_m"": 1.8589999675750732, ""runner_up_concept"": ""monitor"", ""runner_up_area_frac"": 0.032037631747566485, ""runner_up_depth_m"": 2.263000011444092}"
test_001634,xtion/sun3ddata/mit_46_6conf/bcs_floor6_conf_1/0002833-000095252472,sun3d:mit_46_6conf/bcs_floor6_conf_1,xtion,office_kitchen,test,identify_superlative,farthest_camera,4,"Not counting the room's walls, floor, or ceiling, which object is farthest away in this image?",,box,object,,SUNRGBD/xtion/sun3ddata/mit_46_6conf/bcs_floor6_conf_1/0002833-000095252472/image/0002833-000095252472.jpg,SUNRGBD/xtion/sun3ddata/mit_46_6conf/bcs_floor6_conf_1/0002833-000095252472/depth_bfx/0002846-000095255519.png,rule,"{""winner_concept"": ""box"", ""winner_object_index"": 5, ""winner_area_frac"": 0.06080627400424355, ""winner_depth_m"": 1.562999963760376, ""runner_up_concept"": ""refrigerator"", ""runner_up_area_frac"": 0.1987081352563586, ""runner_up_depth_m"": 1.2130000591278076}"
test_009097,xtion/sun3ddata/mit_dorm_mcc_nk/dorm_mcc_nk_oct_31_2012_scan1_erika/0004237-000192884580,sun3d:mit_dorm_mcc_nk/dorm_mcc_nk_oct_31_2012_scan1_erika,xtion,bedroom,test,identify_superlative,farthest_camera,5,"Excluding the walls, floor, and ceiling, what is the most distant visible object in the scene?",,window,object,,SUNRGBD/xtion/sun3ddata/mit_dorm_mcc_nk/dorm_mcc_nk_oct_31_2012_scan1_erika/0004237-000192884580/image/0004237-000192884580.jpg,SUNRGBD/xtion/sun3ddata/mit_dorm_mcc_nk/dorm_mcc_nk_oct_31_2012_scan1_erika/0004237-000192884580/depth_bfx/0004243-000192894494.png,rule,"{""winner_concept"": ""window"", ""winner_object_index"": 1, ""winner_area_frac"": 0.127294911196289, ""winner_depth_m"": 3.6579999923706055, ""runner_up_concept"": ""table"", ""runner_up_area_frac"": 0.12692273751011968, ""runner_up_depth_m"": 2.941999912261963}"
test_004353,xtion/sun3ddata/mit_lab_hj/lab_hj_work_nov_2_2012_scan1_erika/0003153-000128634408,sun3d:mit_lab_hj/lab_hj_work_nov_2_2012_scan1_erika,xtion,office,test,identify_superlative,farthest_camera,1,"Excluding the walls, floor, and ceiling, what is the most distant object from the camera?",,window,object,,SUNRGBD/xtion/sun3ddata/mit_lab_hj/lab_hj_work_nov_2_2012_scan1_erika/0003153-000128634408/image/0003153-000128634408.jpg,SUNRGBD/xtion/sun3ddata/mit_lab_hj/lab_hj_work_nov_2_2012_scan1_erika/0003153-000128634408/depth_bfx/0003162-000128608768.png,rule,"{""winner_concept"": ""window"", ""winner_object_index"": 0, ""winner_area_frac"": 0.29633850155967634, ""winner_depth_m"": 2.8329999446868896, ""runner_up_concept"": ""chair"", ""runner_up_area_frac"": 0.21532776551167607, ""runner_up_depth_m"": 1.9800000190734863}"
test_000815,xtion/sun3ddata/mit_3_huge_office/cl_1/0007624-000255492468,sun3d:mit_3_huge_office/cl_1,xtion,office,test,identify_superlative,largest,2,"Among the furniture and items in the room, not the walls, floor, or ceiling, which occupies the biggest area?",,carpet,object,,SUNRGBD/xtion/sun3ddata/mit_3_huge_office/cl_1/0007624-000255492468/image/0007624-000255492468.jpg,SUNRGBD/xtion/sun3ddata/mit_3_huge_office/cl_1/0007624-000255492468/depth_bfx/0007657-000255495042.png,rule,"{""winner_concept"": ""carpet"", ""winner_object_index"": 7, ""winner_area_frac"": 0.2929261425775731, ""winner_depth_m"": 2.8959999084472656, ""runner_up_concept"": ""cabinet"", ""runner_up_area_frac"": 0.16302550348960793, ""runner_up_depth_m"": 1.2350000143051147}"
test_003344,xtion/sun3ddata/mit_dorm_masseeh_md/dorm_masseeh_md_scan1_oct_26_2012_erika/0000723-000032847826,sun3d:mit_dorm_masseeh_md/dorm_masseeh_md_scan1_oct_26_2012_erika,xtion,bedroom,test,identify_superlative,largest,3,"Ignoring the walls, floor, and ceiling, what object is the biggest one visible here?",,blanket,object,,SUNRGBD/xtion/sun3ddata/mit_dorm_masseeh_md/dorm_masseeh_md_scan1_oct_26_2012_erika/0000723-000032847826/image/0000723-000032847826.jpg,SUNRGBD/xtion/sun3ddata/mit_dorm_masseeh_md/dorm_masseeh_md_scan1_oct_26_2012_erika/0000723-000032847826/depth_bfx/0000723-000032835342.png,rule,"{""winner_concept"": ""blanket"", ""winner_object_index"": 8, ""winner_area_frac"": 0.2594031408389639, ""winner_depth_m"": 1.815000057220459, ""runner_up_concept"": ""poster"", ""runner_up_area_frac"": 0.1100406321581086, ""runner_up_depth_m"": null}"
test_006495,xtion/sun3ddata/mit_32_g631/g631_1/0004949-000165860473,sun3d:mit_32_g631/g631_1,xtion,conference_room,test,identify_superlative,largest,4,"Not counting the room's walls, floor, or ceiling, which object covers the most of the image?",,desk,object,,SUNRGBD/xtion/sun3ddata/mit_32_g631/g631_1/0004949-000165860473/image/0004949-000165860473.jpg,SUNRGBD/xtion/sun3ddata/mit_32_g631/g631_1/0004949-000165860473/depth_bfx/0004970-000165845172.png,rule,"{""winner_concept"": ""desk"", ""winner_object_index"": 1, ""winner_area_frac"": 0.20767790582566922, ""winner_depth_m"": 1.3020000457763672, ""runner_up_concept"": ""chair"", ""runner_up_area_frac"": 0.13610046387421296, ""runner_up_depth_m"": 1.430999994277954}"
test_004086,xtion/sun3ddata/mit_w85j/j1/0004314-000144621540,sun3d:mit_w85j/j1,xtion,bathroom,test,identify_superlative,largest,2,"Among the furniture and items in the room, not the walls, floor, or ceiling, which occupies the biggest area?",,door,object,,SUNRGBD/xtion/sun3ddata/mit_w85j/j1/0004314-000144621540/image/0004314-000144621540.jpg,SUNRGBD/xtion/sun3ddata/mit_w85j/j1/0004314-000144621540/depth_bfx/0004334-000144608910.png,rule,"{""winner_concept"": ""door"", ""winner_object_index"": 8, ""winner_area_frac"": 0.3383595965176821, ""winner_depth_m"": null, ""runner_up_concept"": ""toilet"", ""runner_up_area_frac"": 0.06965595036661026, ""runner_up_depth_m"": 1.940999984741211}"
test_008570,xtion/sun3ddata/mit_w20_athena/sc_athena_oct_29_2012_scan1_erika/0001314-000055703592,sun3d:mit_w20_athena/sc_athena_oct_29_2012_scan1_erika,xtion,office,test,identify_superlative,largest,3,"Ignoring the walls, floor, and ceiling, what object is the biggest one visible here?",,chair,object,,SUNRGBD/xtion/sun3ddata/mit_w20_athena/sc_athena_oct_29_2012_scan1_erika/0001314-000055703592/image/0001314-000055703592.jpg,SUNRGBD/xtion/sun3ddata/mit_w20_athena/sc_athena_oct_29_2012_scan1_erika/0001314-000055703592/depth_bfx/0001318-000055697519.png,rule,"{""winner_concept"": ""chair"", ""winner_object_index"": 0, ""winner_area_frac"": 0.1331633612271756, ""winner_depth_m"": 1.378000020980835, ""runner_up_concept"": ""chair"", ""runner_up_area_frac"": 0.05135421342818007, ""runner_up_depth_m"": 2.2730000019073486}"
test_007158,xtion/sun3ddata/mit_ne47_huge_office/ne47_floor2_office_1/0000726-000024299100,sun3d:mit_ne47_huge_office/ne47_floor2_office_1,xtion,office,test,identify_superlative,closest_camera,4,"Not counting the room's walls, floor, or ceiling, which object is closest to us in this image?",,cup,object,,SUNRGBD/xtion/sun3ddata/mit_ne47_huge_office/ne47_floor2_office_1/0000726-000024299100/image/0000726-000024299100.jpg,SUNRGBD/xtion/sun3ddata/mit_ne47_huge_office/ne47_floor2_office_1/0000726-000024299100/depth_bfx/0000729-000024303954.png,rule,"{""winner_concept"": ""cup"", ""winner_object_index"": 12, ""winner_area_frac"": 0.008393092149437327, ""winner_depth_m"": 1.0269999504089355, ""runner_up_concept"": ""desk"", ""runner_up_area_frac"": 0.16186677716771988, ""runner_up_depth_m"": 1.7029999494552612}"
test_001179,xtion/sun3ddata/mit_w85_8/8_1/0001473-000049364622,sun3d:mit_w85_8/8_1,xtion,bedroom,test,identify_superlative,largest,5,"Excluding the walls, floor, and ceiling, what is the largest visible object in the scene?",,mirror,object,,SUNRGBD/xtion/sun3ddata/mit_w85_8/8_1/0001473-000049364622/image/0001473-000049364622.jpg,SUNRGBD/xtion/sun3ddata/mit_w85_8/8_1/0001473-000049364622/depth_bfx/0001479-000049353120.png,rule,"{""winner_concept"": ""mirror"", ""winner_object_index"": 5, ""winner_area_frac"": 0.1757657377671881, ""winner_depth_m"": 1.940000057220459, ""runner_up_concept"": ""box"", ""runner_up_area_frac"": 0.03848352651833435, ""runner_up_depth_m"": 1.5140000581741333}"
test_011490,xtion/sun3ddata/mit_32_lounge_d429/d4_lounge_1/0006558-000219764412,sun3d:mit_32_lounge_d429/d4_lounge_1,xtion,office,test,identify_superlative,farthest_camera,4,"Not counting the room's walls, floor, or ceiling, which object is farthest away in this image?",,cabinet,object,,SUNRGBD/xtion/sun3ddata/mit_32_lounge_d429/d4_lounge_1/0006558-000219764412/image/0006558-000219764412.jpg,SUNRGBD/xtion/sun3ddata/mit_32_lounge_d429/d4_lounge_1/0006558-000219764412/depth_bfx/0006585-000219780169.png,rule,"{""winner_concept"": ""cabinet"", ""winner_object_index"": 0, ""winner_area_frac"": 0.17872777988804095, ""winner_depth_m"": 2.565999984741211, ""runner_up_concept"": ""desk"", ""runner_up_area_frac"": 0.6369848559841308, ""runner_up_depth_m"": 1.7519999742507935}"
test_007940,xtion/sun3ddata/mit_w85_playroom/westgate_playroom_1/0001530-000051257004,sun3d:mit_w85_playroom/westgate_playroom_1,xtion,recreation_room,test,identify_superlative,farthest_camera,2,"Among the furniture and items in the room, not the walls, floor, or ceiling, which is farthest from where the picture was taken?",,door,object,,SUNRGBD/xtion/sun3ddata/mit_w85_playroom/westgate_playroom_1/0001530-000051257004/image/0001530-000051257004.jpg,SUNRGBD/xtion/sun3ddata/mit_w85_playroom/westgate_playroom_1/0001530-000051257004/depth_bfx/0001537-000051255168.png,rule,"{""winner_concept"": ""door"", ""winner_object_index"": 14, ""winner_area_frac"": 0.010495681634187798, ""winner_depth_m"": 5.933000087738037, ""runner_up_concept"": null, ""runner_up_area_frac"": null, ""runner_up_depth_m"": null}"
test_004430,xtion/sun3ddata/mit_w85_playroom/westgate_playroom_1/0000004-000000111588,sun3d:mit_w85_playroom/westgate_playroom_1,xtion,recreation_room,test,identify_superlative,largest,3,"Ignoring the walls, floor, and ceiling, what object is the biggest one visible here?",,window,object,,SUNRGBD/xtion/sun3ddata/mit_w85_playroom/westgate_playroom_1/0000004-000000111588/image/0000004-000000111588.jpg,SUNRGBD/xtion/sun3ddata/mit_w85_playroom/westgate_playroom_1/0000004-000000111588/depth_bfx/0000004-000000100108.png,rule,"{""winner_concept"": ""window"", ""winner_object_index"": 0, ""winner_area_frac"": 0.11773350061965, ""winner_depth_m"": 2.371000051498413, ""runner_up_concept"": ""pipe"", ""runner_up_area_frac"": 0.029079426468839088, ""runner_up_depth_m"": 2.2660000324249268}"
test_000432,xtion/sun3ddata/mit_32_g5_lounge/g5_lounge_1/0000044-000001476830,sun3d:mit_32_g5_lounge/g5_lounge_1,xtion,corridor,test,identify_superlative,largest,4,"Not counting the room's walls, floor, or ceiling, which object covers the most of the image?",,door,object,,SUNRGBD/xtion/sun3ddata/mit_32_g5_lounge/g5_lounge_1/0000044-000001476830/image/0000044-000001476830.jpg,SUNRGBD/xtion/sun3ddata/mit_32_g5_lounge/g5_lounge_1/0000044-000001476830/depth_bfx/0000045-000001468247.png,rule,"{""winner_concept"": ""door"", ""winner_object_index"": 3, ""winner_area_frac"": 0.008487094781511025, ""winner_depth_m"": 8.0, ""runner_up_concept"": null, ""runner_up_area_frac"": null, ""runner_up_depth_m"": null}"
test_007719,xtion/sun3ddata/mit_32_g531/g531_1/0000830-000027784764,sun3d:mit_32_g531/g531_1,xtion,conference_room,test,identify_superlative,largest,2,"Among the furniture and items in the room, not the walls, floor, or ceiling, which occupies the biggest area?",,table,object,,SUNRGBD/xtion/sun3ddata/mit_32_g531/g531_1/0000830-000027784764/image/0000830-000027784764.jpg,SUNRGBD/xtion/sun3ddata/mit_32_g531/g531_1/0000830-000027784764/depth_bfx/0000833-000027790071.png,rule,"{""winner_concept"": ""table"", ""winner_object_index"": 0, ""winner_area_frac"": 0.3430002570684224, ""winner_depth_m"": 2.072000026702881, ""runner_up_concept"": ""board"", ""runner_up_area_frac"": 0.1826509509613208, ""runner_up_depth_m"": 5.208000183105469}"
test_006638,xtion/sun3ddata/mit_lab_koch/lab_koch_bench_nov_2_2012_scan1_erika/0001460-000064088719,sun3d:mit_lab_koch/lab_koch_bench_nov_2_2012_scan1_erika,xtion,lab,test,identify_superlative,closest_camera,1,"Excluding the walls, floor, and ceiling, what is the nearest object to the camera?",,chair,object,,SUNRGBD/xtion/sun3ddata/mit_lab_koch/lab_koch_bench_nov_2_2012_scan1_erika/0001460-000064088719/image/0001460-000064088719.jpg,SUNRGBD/xtion/sun3ddata/mit_lab_koch/lab_koch_bench_nov_2_2012_scan1_erika/0001460-000064088719/depth_bfx/0001458-000064102329.png,rule,"{""winner_concept"": ""chair"", ""winner_object_index"": 72, ""winner_area_frac"": 0.06426518718034309, ""winner_depth_m"": 1.6330000162124634, ""runner_up_concept"": ""door"", ""runner_up_area_frac"": 0.036146889663930995, ""runner_up_depth_m"": 2.561000108718872}"
test_009350,xtion/sun3ddata/mit_w85h/h4_1/0001831-000061351263,sun3d:mit_w85h/h4_1,xtion,bathroom,test,identify_superlative,largest,3,"Ignoring the walls, floor, and ceiling, what object is the biggest one visible here?",,door,object,,SUNRGBD/xtion/sun3ddata/mit_w85h/h4_1/0001831-000061351263/image/0001831-000061351263.jpg,SUNRGBD/xtion/sun3ddata/mit_w85h/h4_1/0001831-000061351263/depth_bfx/0001840-000061366051.png,rule,"{""winner_concept"": ""door"", ""winner_object_index"": 10, ""winner_area_frac"": 0.39297691153507514, ""winner_depth_m"": null, ""runner_up_concept"": ""rug"", ""runner_up_area_frac"": 0.060618268740096154, ""runner_up_depth_m"": null}"
test_004145,xtion/sun3ddata/mit_w85h/h4_1/0000359-000012015711,sun3d:mit_w85h/h4_1,xtion,dining_room,test,identify_superlative,largest,5,"Excluding the walls, floor, and ceiling, what is the largest visible object in the scene?",,shelf,object,,SUNRGBD/xtion/sun3ddata/mit_w85h/h4_1/0000359-000012015711/image/0000359-000012015711.jpg,SUNRGBD/xtion/sun3ddata/mit_w85h/h4_1/0000359-000012015711/depth_bfx/0000361-000012012930.png,rule,"{""winner_concept"": ""shelf"", ""winner_object_index"": 8, ""winner_area_frac"": 0.470820815635899, ""winner_depth_m"": 1.1299999952316284, ""runner_up_concept"": ""table"", ""runner_up_area_frac"": 0.11079649005682363, ""runner_up_depth_m"": 1.8990000486373901}"
test_000525,xtion/sun3ddata/mit_76_4kitchen/76-4kitchen1/0001494-000050210016,sun3d:mit_76_4kitchen/76-4kitchen1,xtion,rest_space,test,identify_superlative,farthest_camera,1,"Excluding the walls, floor, and ceiling, what is the most distant object from the camera?",,rack,object,,SUNRGBD/xtion/sun3ddata/mit_76_4kitchen/76-4kitchen1/0001494-000050210016/image/0001494-000050210016.jpg,SUNRGBD/xtion/sun3ddata/mit_76_4kitchen/76-4kitchen1/0001494-000050210016/depth_bfx/0001501-000050220721.png,rule,"{""winner_concept"": ""rack"", ""winner_object_index"": 4, ""winner_area_frac"": 0.06819986877999931, ""winner_depth_m"": 3.740000009536743, ""runner_up_concept"": null, ""runner_up_area_frac"": null, ""runner_up_depth_m"": null}"
test_008928,xtion/sun3ddata/mit_32_g449/g449_1/0000862-000028857276,sun3d:mit_32_g449/g449_1,xtion,discussion_area,test,identify_superlative,farthest_camera,2,"Among the furniture and items in the room, not the walls, floor, or ceiling, which is farthest from where the picture was taken?",,chair,object,,SUNRGBD/xtion/sun3ddata/mit_32_g449/g449_1/0000862-000028857276/image/0000862-000028857276.jpg,SUNRGBD/xtion/sun3ddata/mit_32_g449/g449_1/0000862-000028857276/depth_bfx/0000865-000028856278.png,rule,"{""winner_concept"": ""chair"", ""winner_object_index"": 9, ""winner_area_frac"": 0.007128852669099225, ""winner_depth_m"": 4.454999923706055, ""runner_up_concept"": ""board"", ""runner_up_area_frac"": 0.03790991862057852, ""runner_up_depth_m"": 3.687999963760376}"
test_013844,xtion/sun3ddata/mit_3_huge_office/cl_1/0000009-000000268128,sun3d:mit_3_huge_office/cl_1,xtion,corridor,test,identify_superlative,closest_camera,5,"Excluding the walls, floor, and ceiling, what is the closest visible object to the camera?",,light switch,object,,SUNRGBD/xtion/sun3ddata/mit_3_huge_office/cl_1/0000009-000000268128/image/0000009-000000268128.jpg,SUNRGBD/xtion/sun3ddata/mit_3_huge_office/cl_1/0000009-000000268128/depth_bfx/0000008-000000253649.png,rule,"{""winner_concept"": ""lightswitch"", ""winner_object_index"": 4, ""winner_area_frac"": 0.006161968453484045, ""winner_depth_m"": 1.187000036239624, ""runner_up_concept"": ""window"", ""runner_up_area_frac"": 0.02030840537004424, ""runner_up_depth_m"": 1.7369999885559082}"
test_006571,xtion/sun3ddata/mit_lab_koch/lab_koch_supply_nov_2_2012_scan1_erika/0000999-000044509248,sun3d:mit_lab_koch/lab_koch_supply_nov_2_2012_scan1_erika,xtion,lab,test,identify_superlative,farthest_camera,3,"Ignoring the walls, floor, and ceiling, what object is farthest from the viewer?",,book,object,,SUNRGBD/xtion/sun3ddata/mit_lab_koch/lab_koch_supply_nov_2_2012_scan1_erika/0000999-000044509248/image/0000999-000044509248.jpg,SUNRGBD/xtion/sun3ddata/mit_lab_koch/lab_koch_supply_nov_2_2012_scan1_erika/0000999-000044509248/depth_bfx/0000997-000044521907.png,rule,"{""winner_concept"": ""book"", ""winner_object_index"": 2, ""winner_area_frac"": 0.005647831608672798, ""winner_depth_m"": 1.2879999876022339, ""runner_up_concept"": null, ""runner_up_area_frac"": null, ""runner_up_depth_m"": null}"
test_010392,xtion/sun3ddata/mit_ne47_2corridor/ne47_floor2_corridor/0000818-000027416292,sun3d:mit_ne47_2corridor/ne47_floor2_corridor,xtion,corridor,test,identify_superlative,largest,1,"Excluding the walls, floor, and ceiling, what is the largest object in this room?",,shelf,object,,SUNRGBD/xtion/sun3ddata/mit_ne47_2corridor/ne47_floor2_corridor/0000818-000027416292/image/0000818-000027416292.jpg,SUNRGBD/xtion/sun3ddata/mit_ne47_2corridor/ne47_floor2_corridor/0000818-000027416292/depth_bfx/0000823-000027429524.png,rule,"{""winner_concept"": ""shelf"", ""winner_object_index"": 7, ""winner_area_frac"": 0.19828608262255834, ""winner_depth_m"": 1.1269999742507935, ""runner_up_concept"": ""poster"", ""runner_up_area_frac"": 0.04057652389777118, ""runner_up_depth_m"": 2.684999942779541}"
test_008077,xtion/sun3ddata/mit_76_458/76-458a/0000932-000031361403,sun3d:mit_76_458/76-458a,xtion,conference_room,test,identify_superlative,largest,5,"Excluding the walls, floor, and ceiling, what is the largest visible object in the scene?",,table,object,,SUNRGBD/xtion/sun3ddata/mit_76_458/76-458a/0000932-000031361403/image/0000932-000031361403.jpg,SUNRGBD/xtion/sun3ddata/mit_76_458/76-458a/0000932-000031361403/depth_bfx/0000937-000031367095.png,rule,"{""winner_concept"": ""table"", ""winner_object_index"": 0, ""winner_area_frac"": 0.4062141495063903, ""winner_depth_m"": 1.6890000104904175, ""runner_up_concept"": ""chair"", ""runner_up_area_frac"": 0.16290656138371876, ""runner_up_depth_m"": 1.7890000343322754}"
test_013636,xtion/sun3ddata/mit_dorm_next_sj/dorm_next_sj_oct_30_2012_scan1_erika/0000373-000015953616,sun3d:mit_dorm_next_sj/dorm_next_sj_oct_30_2012_scan1_erika,xtion,bedroom,test,identify_superlative,closest_camera,5,"Excluding the walls, floor, and ceiling, what is the closest visible object to the camera?",,dresser,object,,SUNRGBD/xtion/sun3ddata/mit_dorm_next_sj/dorm_next_sj_oct_30_2012_scan1_erika/0000373-000015953616/image/0000373-000015953616.jpg,SUNRGBD/xtion/sun3ddata/mit_dorm_next_sj/dorm_next_sj_oct_30_2012_scan1_erika/0000373-000015953616/depth_bfx/0000374-000015952187.png,rule,"{""winner_concept"": ""dresser"", ""winner_object_index"": 2, ""winner_area_frac"": 0.07985331752554378, ""winner_depth_m"": 1.312999963760376, ""runner_up_concept"": ""laptop"", ""runner_up_area_frac"": 0.013258207964516884, ""runner_up_depth_m"": 2.6700000762939453}"
test_014106,xtion/sun3ddata/mit_w20_flr4/sc_flr4_oct_29_2012_scan1_erika/0012997-000551583687,sun3d:mit_w20_flr4/sc_flr4_oct_29_2012_scan1_erika,xtion,corridor,test,identify_superlative,largest,1,"Excluding the walls, floor, and ceiling, what is the largest object in this room?",,floor mat,object,,SUNRGBD/xtion/sun3ddata/mit_w20_flr4/sc_flr4_oct_29_2012_scan1_erika/0012997-000551583687/image/0012997-000551583687.jpg,SUNRGBD/xtion/sun3ddata/mit_w20_flr4/sc_flr4_oct_29_2012_scan1_erika/0012997-000551583687/depth_bfx/0013000-000551593703.png,rule,"{""winner_concept"": ""floormat"", ""winner_object_index"": 1, ""winner_area_frac"": 0.10029121631732218, ""winner_depth_m"": 3.2079999446868896, ""runner_up_concept"": ""blackboard"", ""runner_up_area_frac"": 0.04066093442453123, ""runner_up_depth_m"": 4.843999862670898}"
test_011336,xtion/sun3ddata/mit_ne47_huge_office/ne47_floor2_office_2/0007767-000260331896,sun3d:mit_ne47_huge_office/ne47_floor2_office_2,xtion,office,test,identify_superlative,largest,3,"Ignoring the walls, floor, and ceiling, what object is the biggest one visible here?",,chair,object,,SUNRGBD/xtion/sun3ddata/mit_ne47_huge_office/ne47_floor2_office_2/0007767-000260331896/image/0007767-000260331896.jpg,SUNRGBD/xtion/sun3ddata/mit_ne47_huge_office/ne47_floor2_office_2/0007767-000260331896/depth_bfx/0007803-000260346889.png,rule,"{""winner_concept"": ""chair"", ""winner_object_index"": 0, ""winner_area_frac"": 0.1421337724296352, ""winner_depth_m"": 2.9839999675750732, ""runner_up_concept"": ""carpet"", ""runner_up_area_frac"": 0.06044369242338785, ""runner_up_depth_m"": 1.9550000429153442}"
test_006125,kv1/NYUdata/NYU1150,scene:kv1/NYUdata/NYU1150,kv1,bedroom,test,identify_superlative,largest,3,"Ignoring the walls, floor, and ceiling, what object is the biggest one visible here?",,bed,object,,SUNRGBD/kv1/NYUdata/NYU1150/image/NYU1150.jpg,SUNRGBD/kv1/NYUdata/NYU1150/depth_bfx/NYU1150.png,rule,"{""winner_concept"": ""bed"", ""winner_object_index"": 17, ""winner_area_frac"": 0.1422747936730579, ""winner_depth_m"": 2.6730000972747803, ""runner_up_concept"": ""window"", ""runner_up_area_frac"": 0.1019820744989501, ""runner_up_depth_m"": 5.460000038146973}"
test_013943,kv1/NYUdata/NYU1162,scene:kv1/NYUdata/NYU1162,kv1,bedroom,test,identify_superlative,largest,3,"Ignoring the walls, floor, and ceiling, what object is the biggest one visible here?",,dresser,object,,SUNRGBD/kv1/NYUdata/NYU1162/image/NYU1162.jpg,SUNRGBD/kv1/NYUdata/NYU1162/depth_bfx/NYU1162.png,rule,"{""winner_concept"": ""dresser"", ""winner_object_index"": 19, ""winner_area_frac"": 0.13197618838891742, ""winner_depth_m"": 1.656000018119812, ""runner_up_concept"": ""blind"", ""runner_up_area_frac"": 0.0788843108033079, ""runner_up_depth_m"": 2.8510000705718994}"
test_002571,kv1/b3dodata/img_0775,scene:kv1/b3dodata/img_0775,kv1,living_room,test,identify_superlative,farthest_camera,0,"Not counting the walls, floor, or ceiling, which object is farthest from the camera?",,door,object,,SUNRGBD/kv1/b3dodata/img_0775/image/img_0775.jpg,SUNRGBD/kv1/b3dodata/img_0775/depth_bfx/img_0775_abs.png,rule,"{""winner_concept"": ""door"", ""winner_object_index"": 17, ""winner_area_frac"": 0.02107728337236534, ""winner_depth_m"": 5.353000164031982, ""runner_up_concept"": ""pillow"", ""runner_up_area_frac"": 0.010382096206589938, ""runner_up_depth_m"": 2.5739998817443848}"
test_012008,kv1/NYUdata/NYU0363,scene:kv1/NYUdata/NYU0363,kv1,home_office,test,identify_superlative,largest,2,"Among the furniture and items in the room, not the walls, floor, or ceiling, which occupies the biggest area?",,blind,object,,SUNRGBD/kv1/NYUdata/NYU0363/image/NYU0363.jpg,SUNRGBD/kv1/NYUdata/NYU0363/depth_bfx/NYU0363.png,rule,"{""winner_concept"": ""blind"", ""winner_object_index"": 4, ""winner_area_frac"": 0.07101737863550786, ""winner_depth_m"": 3.994999885559082, ""runner_up_concept"": ""sofa"", ""runner_up_area_frac"": 0.023857531089932247, ""runner_up_depth_m"": 3.0490000247955322}"
test_009891,kv1/NYUdata/NYU1391,scene:kv1/NYUdata/NYU1391,kv1,dining_room,test,identify_superlative,closest_camera,0,"Not counting the walls, floor, or ceiling, which object is closest to the camera?",,chair,object,,SUNRGBD/kv1/NYUdata/NYU1391/image/NYU1391.jpg,SUNRGBD/kv1/NYUdata/NYU1391/depth_bfx/NYU1391.png,rule,"{""winner_concept"": ""chair"", ""winner_object_index"": 1, ""winner_area_frac"": 0.03871474073981306, ""winner_depth_m"": 1.9129999876022339, ""runner_up_concept"": ""curtain"", ""runner_up_area_frac"": 0.2145800197873486, ""runner_up_depth_m"": 2.9019999504089355}"
test_001520,kv1/NYUdata/NYU0531,scene:kv1/NYUdata/NYU0531,kv1,bedroom,test,identify_superlative,largest,4,"Not counting the room's walls, floor, or ceiling, which object covers the most of the image?",,dresser,object,,SUNRGBD/kv1/NYUdata/NYU0531/image/NYU0531.jpg,SUNRGBD/kv1/NYUdata/NYU0531/depth_bfx/NYU0531.png,rule,"{""winner_concept"": ""dresser"", ""winner_object_index"": 18, ""winner_area_frac"": 0.17983735968306847, ""winner_depth_m"": 1.156000018119812, ""runner_up_concept"": ""curtain"", ""runner_up_area_frac"": 0.061935653546068205, ""runner_up_depth_m"": 2.7070000171661377}"
test_009191,kv1/b3dodata/img_0535,scene:kv1/b3dodata/img_0535,kv1,office,test,identify_superlative,largest,1,"Excluding the walls, floor, and ceiling, what is the largest object in this room?",,desk,object,,SUNRGBD/kv1/b3dodata/img_0535/image/img_0535.jpg,SUNRGBD/kv1/b3dodata/img_0535/depth_bfx/img_0535_abs.png,rule,"{""winner_concept"": ""desk"", ""winner_object_index"": 7, ""winner_area_frac"": 0.531632623243038, ""winner_depth_m"": 0.8550000190734863, ""runner_up_concept"": ""laptop"", ""runner_up_area_frac"": 0.11284841805574689, ""runner_up_depth_m"": 1.069000005722046}"
test_006144,kv1/NYUdata/NYU0395,scene:kv1/NYUdata/NYU0395,kv1,home_office,test,identify_superlative,largest,0,"Not counting the walls, floor, or ceiling, which object takes up the most space in the image?",,chair,object,,SUNRGBD/kv1/NYUdata/NYU0395/image/NYU0395.jpg,SUNRGBD/kv1/NYUdata/NYU0395/depth_bfx/NYU0395.png,rule,"{""winner_concept"": ""chair"", ""winner_object_index"": 4, ""winner_area_frac"": 0.0840711843604804, ""winner_depth_m"": 1.7480000257492065, ""runner_up_concept"": ""cabinet"", ""runner_up_area_frac"": 0.05601197259827925, ""runner_up_depth_m"": 2.0759999752044678}"
test_006957,kv1/b3dodata/img_0582,scene:kv1/b3dodata/img_0582,kv1,bedroom,test,identify_superlative,largest,3,"Ignoring the walls, floor, and ceiling, what object is the biggest one visible here?",,shelf,object,,SUNRGBD/kv1/b3dodata/img_0582/image/img_0582.jpg,SUNRGBD/kv1/b3dodata/img_0582/depth_bfx/img_0582_abs.png,rule,"{""winner_concept"": ""shelf"", ""winner_object_index"": 3, ""winner_area_frac"": 0.8285969623608833, ""winner_depth_m"": 1.5379999876022339, ""runner_up_concept"": ""book"", ""runner_up_area_frac"": 0.04684466931332891, ""runner_up_depth_m"": 1.3530000448226929}"
test_009743,kv1/NYUdata/NYU0778,scene:kv1/NYUdata/NYU0778,kv1,kitchen,test,identify_superlative,closest_camera,1,"Excluding the walls, floor, and ceiling, what is the nearest object to the camera?",,dishwasher,object,,SUNRGBD/kv1/NYUdata/NYU0778/image/NYU0778.jpg,SUNRGBD/kv1/NYUdata/NYU0778/depth_bfx/NYU0778.png,rule,"{""winner_concept"": ""dishwasher"", ""winner_object_index"": 5, ""winner_area_frac"": 0.08118657298985169, ""winner_depth_m"": 1.4819999933242798, ""runner_up_concept"": ""counter"", ""runner_up_area_frac"": 0.050342938963961144, ""runner_up_depth_m"": 1.8029999732971191}"
test_007531,kv1/NYUdata/NYU0709,scene:kv1/NYUdata/NYU0709,kv1,bathroom,test,identify_superlative,closest_camera,2,"Among the furniture and items in the room, not the walls, floor, or ceiling, which is closest to where the picture was taken from?",,bag,object,,SUNRGBD/kv1/NYUdata/NYU0709/image/NYU0709.jpg,SUNRGBD/kv1/NYUdata/NYU0709/depth_bfx/NYU0709.png,rule,"{""winner_concept"": ""bag"", ""winner_object_index"": 8, ""winner_area_frac"": 0.008484764993926036, ""winner_depth_m"": 0.8820000290870667, ""runner_up_concept"": ""towel"", ""runner_up_area_frac"": 0.07603935762084267, ""runner_up_depth_m"": 1.2139999866485596}"
test_004243,kv1/NYUdata/NYU0767,scene:kv1/NYUdata/NYU0767,kv1,kitchen,test,identify_superlative,closest_camera,1,"Excluding the walls, floor, and ceiling, what is the nearest object to the camera?",,chair,object,,SUNRGBD/kv1/NYUdata/NYU0767/image/NYU0767.jpg,SUNRGBD/kv1/NYUdata/NYU0767/depth_bfx/NYU0767.png,rule,"{""winner_concept"": ""chair"", ""winner_object_index"": 6, ""winner_area_frac"": 0.04531052361332014, ""winner_depth_m"": 1.1660000085830688, ""runner_up_concept"": ""chair"", ""runner_up_area_frac"": 0.03113167770834116, ""runner_up_depth_m"": 1.4839999675750732}"
test_010356,kv1/NYUdata/NYU0814,scene:kv1/NYUdata/NYU0814,kv1,kitchen,test,identify_superlative,largest,3,"Ignoring the walls, floor, and ceiling, what object is the biggest one visible here?",,cabinet,object,,SUNRGBD/kv1/NYUdata/NYU0814/image/NYU0814.jpg,SUNRGBD/kv1/NYUdata/NYU0814/depth_bfx/NYU0814.png,rule,"{""winner_concept"": ""cabinet"", ""winner_object_index"": 1, ""winner_area_frac"": 0.3784288678213461, ""winner_depth_m"": 2.263000011444092, ""runner_up_concept"": ""cabinet"", ""runner_up_area_frac"": 0.07280199710286499, ""runner_up_depth_m"": 2.453000068664551}"
test_008040,kv1/NYUdata/NYU1349,scene:kv1/NYUdata/NYU1349,kv1,dining_room,test,identify_superlative,largest,0,"Not counting the walls, floor, or ceiling, which object takes up the most space in the image?",,blind,object,,SUNRGBD/kv1/NYUdata/NYU1349/image/NYU1349.jpg,SUNRGBD/kv1/NYUdata/NYU1349/depth_bfx/NYU1349.png,rule,"{""winner_concept"": ""blind"", ""winner_object_index"": 25, ""winner_area_frac"": 0.12149599034844936, ""winner_depth_m"": 3.0899999141693115, ""runner_up_concept"": ""cabinet"", ""runner_up_area_frac"": 0.04097734473819334, ""runner_up_depth_m"": 2.447999954223633}"
test_010936,kv1/NYUdata/NYU0386,scene:kv1/NYUdata/NYU0386,kv1,home_office,test,identify_superlative,largest,0,"Not counting the walls, floor, or ceiling, which object takes up the most space in the image?",,sofa,object,,SUNRGBD/kv1/NYUdata/NYU0386/image/NYU0386.jpg,SUNRGBD/kv1/NYUdata/NYU0386/depth_bfx/NYU0386.png,rule,"{""winner_concept"": ""sofa"", ""winner_object_index"": 4, ""winner_area_frac"": 0.5129452675257883, ""winner_depth_m"": 1.8489999771118164, ""runner_up_concept"": ""blind"", ""runner_up_area_frac"": 0.2319795280258154, ""runner_up_depth_m"": 2.319999933242798}"
test_011680,kv1/NYUdata/NYU0604,scene:kv1/NYUdata/NYU0604,kv1,living_room,test,identify_superlative,farthest_camera,3,"Ignoring the walls, floor, and ceiling, what object is farthest from the viewer?",,window,object,,SUNRGBD/kv1/NYUdata/NYU0604/image/NYU0604.jpg,SUNRGBD/kv1/NYUdata/NYU0604/depth_bfx/NYU0604.png,rule,"{""winner_concept"": ""window"", ""winner_object_index"": 7, ""winner_area_frac"": 0.0402071409785971, ""winner_depth_m"": 6.2769999504089355, ""runner_up_concept"": ""cabinet"", ""runner_up_area_frac"": 0.019000446676435103, ""runner_up_depth_m"": 5.048999786376953}"
test_003583,kv1/NYUdata/NYU0516,scene:kv1/NYUdata/NYU0516,kv1,bedroom,test,identify_superlative,largest,5,"Excluding the walls, floor, and ceiling, what is the largest visible object in the scene?",,bed,object,,SUNRGBD/kv1/NYUdata/NYU0516/image/NYU0516.jpg,SUNRGBD/kv1/NYUdata/NYU0516/depth_bfx/NYU0516.png,rule,"{""winner_concept"": ""bed"", ""winner_object_index"": 16, ""winner_area_frac"": 0.15434758105924934, ""winner_depth_m"": 1.781000018119812, ""runner_up_concept"": ""towel"", ""runner_up_area_frac"": 0.093161258542165, ""runner_up_depth_m"": 1.4049999713897705}"
test_006486,kv1/NYUdata/NYU0821,scene:kv1/NYUdata/NYU0821,kv1,kitchen,test,identify_superlative,closest_camera,5,"Excluding the walls, floor, and ceiling, what is the closest visible object to the camera?",,cabinet,object,,SUNRGBD/kv1/NYUdata/NYU0821/image/NYU0821.jpg,SUNRGBD/kv1/NYUdata/NYU0821/depth_bfx/NYU0821.png,rule,"{""winner_concept"": ""cabinet"", ""winner_object_index"": 5, ""winner_area_frac"": 0.107914104538984, ""winner_depth_m"": 1.1640000343322754, ""runner_up_concept"": ""tray"", ""runner_up_area_frac"": 0.008192546765352937, ""runner_up_depth_m"": 1.440999984741211}"
test_003710,kv1/b3dodata/img_0733,scene:kv1/b3dodata/img_0733,kv1,living_room,test,identify_superlative,largest,2,"Among the furniture and items in the room, not the walls, floor, or ceiling, which occupies the biggest area?",,desk,object,,SUNRGBD/kv1/b3dodata/img_0733/image/img_0733.jpg,SUNRGBD/kv1/b3dodata/img_0733/depth_bfx/img_0733_abs.png,rule,"{""winner_concept"": ""desk"", ""winner_object_index"": 2, ""winner_area_frac"": 0.12311616001711528, ""winner_depth_m"": 1.7569999694824219, ""runner_up_concept"": ""mirror"", ""runner_up_area_frac"": 0.02786926991362864, ""runner_up_depth_m"": 1.7450000047683716}"
test_002918,kv1/NYUdata/NYU1443,scene:kv1/NYUdata/NYU1443,kv1,dining_room,test,identify_superlative,farthest_camera,4,"Not counting the room's walls, floor, or ceiling, which object is farthest away in this image?",,door,object,,SUNRGBD/kv1/NYUdata/NYU1443/image/NYU1443.jpg,SUNRGBD/kv1/NYUdata/NYU1443/depth_bfx/NYU1443.png,rule,"{""winner_concept"": ""door"", ""winner_object_index"": 14, ""winner_area_frac"": 0.013356460318851833, ""winner_depth_m"": 7.314000129699707, ""runner_up_concept"": ""lamp"", ""runner_up_area_frac"": 0.007211528426571821, ""runner_up_depth_m"": 5.116000175476074}"
test_010179,kv1/NYUdata/NYU1212,scene:kv1/NYUdata/NYU1212,kv1,living_room,test,identify_superlative,closest_camera,4,"Not counting the room's walls, floor, or ceiling, which object is closest to us in this image?",,chair,object,,SUNRGBD/kv1/NYUdata/NYU1212/image/NYU1212.jpg,SUNRGBD/kv1/NYUdata/NYU1212/depth_bfx/NYU1212.png,rule,"{""winner_concept"": ""chair"", ""winner_object_index"": 3, ""winner_area_frac"": 0.04916362968436257, ""winner_depth_m"": 1.2139999866485596, ""runner_up_concept"": ""sofa"", ""runner_up_area_frac"": 0.038483053430015825, ""runner_up_depth_m"": 1.5119999647140503}"
test_006305,kv1/NYUdata/NYU1164,scene:kv1/NYUdata/NYU1164,kv1,bedroom,test,identify_superlative,farthest_camera,2,"Among the furniture and items in the room, not the walls, floor, or ceiling, which is farthest from where the picture was taken?",,basket,object,,SUNRGBD/kv1/NYUdata/NYU1164/image/NYU1164.jpg,SUNRGBD/kv1/NYUdata/NYU1164/depth_bfx/NYU1164.png,rule,"{""winner_concept"": ""basket"", ""winner_object_index"": 3, ""winner_area_frac"": 0.05622278717746413, ""winner_depth_m"": 2.2720000743865967, ""runner_up_concept"": ""towel"", ""runner_up_area_frac"": 0.03205842694753013, ""runner_up_depth_m"": 1.4429999589920044}"
test_000295,kv1/NYUdata/NYU1078,scene:kv1/NYUdata/NYU1078,kv1,bedroom,test,identify_superlative,largest,4,"Not counting the room's walls, floor, or ceiling, which object covers the most of the image?",,bed,object,,SUNRGBD/kv1/NYUdata/NYU1078/image/NYU1078.jpg,SUNRGBD/kv1/NYUdata/NYU1078/depth_bfx/NYU1078.png,rule,"{""winner_concept"": ""bed"", ""winner_object_index"": 10, ""winner_area_frac"": 0.2730007054982947, ""winner_depth_m"": 1.5859999656677246, ""runner_up_concept"": ""picture"", ""runner_up_area_frac"": 0.05974819137789244, ""runner_up_depth_m"": 2.924999952316284}"
test_013432,kv1/NYUdata/NYU0196,scene:kv1/NYUdata/NYU0196,kv1,kitchen,test,identify_superlative,farthest_camera,0,"Not counting the walls, floor, or ceiling, which object is farthest from the camera?",,curtain,object,,SUNRGBD/kv1/NYUdata/NYU0196/image/NYU0196.jpg,SUNRGBD/kv1/NYUdata/NYU0196/depth_bfx/NYU0196.png,rule,"{""winner_concept"": ""curtain"", ""winner_object_index"": 8, ""winner_area_frac"": 0.06674055613303444, ""winner_depth_m"": 1.8519999980926514, ""runner_up_concept"": ""microwave"", ""runner_up_area_frac"": 0.005998822777993463, ""runner_up_depth_m"": 1.312999963760376}"
test_009506,kv1/NYUdata/NYU0690,scene:kv1/NYUdata/NYU0690,kv1,bathroom,test,identify_superlative,largest,2,"Among the furniture and items in the room, not the walls, floor, or ceiling, which occupies the biggest area?",,door,object,,SUNRGBD/kv1/NYUdata/NYU0690/image/NYU0690.jpg,SUNRGBD/kv1/NYUdata/NYU0690/depth_bfx/NYU0690.png,rule,"{""winner_concept"": ""door"", ""winner_object_index"": 3, ""winner_area_frac"": 0.2836854562987639, ""winner_depth_m"": 2.1500000953674316, ""runner_up_concept"": ""showercurtain"", ""runner_up_area_frac"": 0.1948803366353993, ""runner_up_depth_m"": 1.6579999923706055}"
test_009480,kv1/b3dodata/img_0683,scene:kv1/b3dodata/img_0683,kv1,bedroom,test,identify_superlative,largest,0,"Not counting the walls, floor, or ceiling, which object takes up the most space in the image?",,bed,object,,SUNRGBD/kv1/b3dodata/img_0683/image/img_0683.jpg,SUNRGBD/kv1/b3dodata/img_0683/depth_bfx/img_0683_abs.png,rule,"{""winner_concept"": ""bed"", ""winner_object_index"": 6, ""winner_area_frac"": 0.6310076936885037, ""winner_depth_m"": 1.309999942779541, ""runner_up_concept"": ""table"", ""runner_up_area_frac"": 0.10241831456874852, ""runner_up_depth_m"": 1.8960000276565552}"
test_009742,kv1/NYUdata/NYU0397,scene:kv1/NYUdata/NYU0397,kv1,home_office,test,identify_superlative,closest_camera,1,"Excluding the walls, floor, and ceiling, what is the nearest object to the camera?",,paper,object,,SUNRGBD/kv1/NYUdata/NYU0397/image/NYU0397.jpg,SUNRGBD/kv1/NYUdata/NYU0397/depth_bfx/NYU0397.png,rule,"{""winner_concept"": ""paper"", ""winner_object_index"": 4, ""winner_area_frac"": 0.025980287793209683, ""winner_depth_m"": 1.3370000123977661, ""runner_up_concept"": ""bag"", ""runner_up_area_frac"": 0.007309630260449933, ""runner_up_depth_m"": 1.649999976158142}"
test_001235,kv1/NYUdata/NYU0706,scene:kv1/NYUdata/NYU0706,kv1,bathroom,test,identify_superlative,largest,1,"Excluding the walls, floor, and ceiling, what is the largest object in this room?",,window,object,,SUNRGBD/kv1/NYUdata/NYU0706/image/NYU0706.jpg,SUNRGBD/kv1/NYUdata/NYU0706/depth_bfx/NYU0706.png,rule,"{""winner_concept"": ""window"", ""winner_object_index"": 9, ""winner_area_frac"": 0.08010954009025369, ""winner_depth_m"": 3.5739998817443848, ""runner_up_concept"": ""cabinet"", ""runner_up_area_frac"": 0.04065173014064046, ""runner_up_depth_m"": 1.6480000019073486}"
test_001939,kv1/NYUdata/NYU0189,scene:kv1/NYUdata/NYU0189,kv1,bedroom,test,identify_superlative,largest,0,"Not counting the walls, floor, or ceiling, which object takes up the most space in the image?",,blind,object,,SUNRGBD/kv1/NYUdata/NYU0189/image/NYU0189.jpg,SUNRGBD/kv1/NYUdata/NYU0189/depth_bfx/NYU0189.png,rule,"{""winner_concept"": ""blind"", ""winner_object_index"": 7, ""winner_area_frac"": 0.2902770646261485, ""winner_depth_m"": 2.312999963760376, ""runner_up_concept"": ""chair"", ""runner_up_area_frac"": 0.17841383945530523, ""runner_up_depth_m"": 0.8220000267028809}"
test_007734,realsense/lg/2014_10_24-13_21_52-1311000073,scene:realsense/lg/2014_10_24-13_21_52-1311000073,realsense,rest_space,test,identify_superlative,farthest_camera,0,"Not counting the walls, floor, or ceiling, which object is farthest from the camera?",,computer,object,,SUNRGBD/realsense/lg/2014_10_24-13_21_52-1311000073/image/0000067.jpg,SUNRGBD/realsense/lg/2014_10_24-13_21_52-1311000073/depth_bfx/0000067.png,rule,"{""winner_concept"": ""computer"", ""winner_object_index"": 8, ""winner_area_frac"": 0.012749888692545305, ""winner_depth_m"": 4.36899995803833, ""runner_up_concept"": null, ""runner_up_area_frac"": null, ""runner_up_depth_m"": null}"
test_004394,realsense/lg/2014_10_25-17_50_47-1311000073,scene:realsense/lg/2014_10_25-17_50_47-1311000073,realsense,discussion_area,test,identify_superlative,farthest_camera,5,"Excluding the walls, floor, and ceiling, what is the most distant visible object in the scene?",,window,object,,SUNRGBD/realsense/lg/2014_10_25-17_50_47-1311000073/image/0000063.jpg,SUNRGBD/realsense/lg/2014_10_25-17_50_47-1311000073/depth_bfx/0000063.png,rule,"{""winner_concept"": ""window"", ""winner_object_index"": 11, ""winner_area_frac"": 0.036848989660159676, ""winner_depth_m"": 3.552999973297119, ""runner_up_concept"": ""paper"", ""runner_up_area_frac"": 0.005268091955167293, ""runner_up_depth_m"": 2.696000099182129}"
test_003655,realsense/lg/2014_10_25-17_52_37-1311000073,scene:realsense/lg/2014_10_25-17_52_37-1311000073,realsense,classroom,test,identify_superlative,farthest_camera,4,"Not counting the room's walls, floor, or ceiling, which object is farthest away in this image?",,chair,object,,SUNRGBD/realsense/lg/2014_10_25-17_52_37-1311000073/image/0000063.jpg,SUNRGBD/realsense/lg/2014_10_25-17_52_37-1311000073/depth_bfx/0000063.png,rule,"{""winner_concept"": ""chair"", ""winner_object_index"": 7, ""winner_area_frac"": 0.05730328999947457, ""winner_depth_m"": 4.551000118255615, ""runner_up_concept"": ""chair"", ""runner_up_area_frac"": 0.10455019343991195, ""runner_up_depth_m"": 3.6480000019073486}"
test_000968,realsense/lg/2014_10_27-15_15_55-1311000073,scene:realsense/lg/2014_10_27-15_15_55-1311000073,realsense,rest_space,test,identify_superlative,closest_camera,1,"Excluding the walls, floor, and ceiling, what is the nearest object to the camera?",,chair,object,,SUNRGBD/realsense/lg/2014_10_27-15_15_55-1311000073/image/0000063.jpg,SUNRGBD/realsense/lg/2014_10_27-15_15_55-1311000073/depth_bfx/0000063.png,rule,"{""winner_concept"": ""chair"", ""winner_object_index"": 0, ""winner_area_frac"": 0.15525385013177143, ""winner_depth_m"": 1.5709999799728394, ""runner_up_concept"": ""chair"", ""runner_up_area_frac"": 0.10955142364737246, ""runner_up_depth_m"": 2.003000020980835}"
test_013225,realsense/sa/2014_10_21-18_12_25-1311000073,scene:realsense/sa/2014_10_21-18_12_25-1311000073,realsense,idk,test,identify_superlative,closest_camera,2,"Among the furniture and items in the room, not the walls, floor, or ceiling, which is closest to where the picture was taken from?",,trash can,object,,SUNRGBD/realsense/sa/2014_10_21-18_12_25-1311000073/image/0000084.jpg,SUNRGBD/realsense/sa/2014_10_21-18_12_25-1311000073/depth_bfx/0000084.png,rule,"{""winner_concept"": ""trashcan"", ""winner_object_index"": 0, ""winner_area_frac"": 0.36660804013152254, ""winner_depth_m"": 1.3049999475479126, ""runner_up_concept"": null, ""runner_up_area_frac"": null, ""runner_up_depth_m"": null}"
test_001322,realsense/lg/2014_10_28-15_40_30-1311000073,scene:realsense/lg/2014_10_28-15_40_30-1311000073,realsense,library,test,identify_superlative,farthest_camera,4,"Not counting the room's walls, floor, or ceiling, which object is farthest away in this image?",,desk,object,,SUNRGBD/realsense/lg/2014_10_28-15_40_30-1311000073/image/0000063.jpg,SUNRGBD/realsense/lg/2014_10_28-15_40_30-1311000073/depth_bfx/0000063.png,rule,"{""winner_concept"": ""desk"", ""winner_object_index"": 14, ""winner_area_frac"": 0.029111393182176426, ""winner_depth_m"": 1.8980000019073486, ""runner_up_concept"": ""backpack"", ""runner_up_area_frac"": 0.02216055374421685, ""runner_up_depth_m"": 1.5240000486373901}"
test_005627,realsense/lg/2014_10_26-15_30_25-1311000073,scene:realsense/lg/2014_10_26-15_30_25-1311000073,realsense,library,test,identify_superlative,farthest_camera,4,"Not counting the room's walls, floor, or ceiling, which object is farthest away in this image?",,chair,object,,SUNRGBD/realsense/lg/2014_10_26-15_30_25-1311000073/image/0000067.jpg,SUNRGBD/realsense/lg/2014_10_26-15_30_25-1311000073/depth_bfx/0000067.png,rule,"{""winner_concept"": ""chair"", ""winner_object_index"": 4, ""winner_area_frac"": 0.04396851865678865, ""winner_depth_m"": 3.2869999408721924, ""runner_up_concept"": ""computer"", ""runner_up_area_frac"": 0.076864365298622, ""runner_up_depth_m"": 1.7009999752044678}"
test_008182,realsense/lg/2014_10_29-16_48_33-1311000073,scene:realsense/lg/2014_10_29-16_48_33-1311000073,realsense,study_space,test,identify_superlative,closest_camera,3,"Ignoring the walls, floor, and ceiling, what object is nearest the viewer?",,table,object,,SUNRGBD/realsense/lg/2014_10_29-16_48_33-1311000073/image/0000064.jpg,SUNRGBD/realsense/lg/2014_10_29-16_48_33-1311000073/depth_bfx/0000064.png,rule,"{""winner_concept"": ""table"", ""winner_object_index"": 1, ""winner_area_frac"": 0.21146204070119548, ""winner_depth_m"": 0.9639999866485596, ""runner_up_concept"": ""window"", ""runner_up_area_frac"": 0.23997887232412732, ""runner_up_depth_m"": 2.989000082015991}"
test_008056,realsense/lg/2014_10_25-17_26_13-1311000073,scene:realsense/lg/2014_10_25-17_26_13-1311000073,realsense,classroom,test,identify_superlative,closest_camera,1,"Excluding the walls, floor, and ceiling, what is the nearest object to the camera?",,blackboard,object,,SUNRGBD/realsense/lg/2014_10_25-17_26_13-1311000073/image/0000063.jpg,SUNRGBD/realsense/lg/2014_10_25-17_26_13-1311000073/depth_bfx/0000063.png,rule,"{""winner_concept"": ""blackboard"", ""winner_object_index"": 2, ""winner_area_frac"": 0.07729853350700061, ""winner_depth_m"": 0.6869999766349792, ""runner_up_concept"": ""table"", ""runner_up_area_frac"": 0.313031130137081, ""runner_up_depth_m"": 1.0720000267028809}"
test_010548,realsense/lg/2014_10_27-15_42_44-1311000073,scene:realsense/lg/2014_10_27-15_42_44-1311000073,realsense,rest_space,test,identify_superlative,farthest_camera,1,"Excluding the walls, floor, and ceiling, what is the most distant object from the camera?",,chair,object,,SUNRGBD/realsense/lg/2014_10_27-15_42_44-1311000073/image/0000063.jpg,SUNRGBD/realsense/lg/2014_10_27-15_42_44-1311000073/depth_bfx/0000063.png,rule,"{""winner_concept"": ""chair"", ""winner_object_index"": 5, ""winner_area_frac"": 0.10115128192150921, ""winner_depth_m"": 2.2300000190734863, ""runner_up_concept"": ""chair"", ""runner_up_area_frac"": 0.15143288470247598, ""runner_up_depth_m"": 1.843000054359436}"
test_005764,realsense/lg/2014_10_26-14_38_07-1311000073,scene:realsense/lg/2014_10_26-14_38_07-1311000073,realsense,discussion_area,test,identify_superlative,farthest_camera,4,"Not counting the room's walls, floor, or ceiling, which object is farthest away in this image?",,window,object,,SUNRGBD/realsense/lg/2014_10_26-14_38_07-1311000073/image/0000063.jpg,SUNRGBD/realsense/lg/2014_10_26-14_38_07-1311000073/depth_bfx/0000063.png,rule,"{""winner_concept"": ""window"", ""winner_object_index"": 9, ""winner_area_frac"": 0.03456200170901881, ""winner_depth_m"": 4.215000152587891, ""runner_up_concept"": ""bottle"", ""runner_up_area_frac"": 0.00963604536366427, ""runner_up_depth_m"": 3.322000026702881}"
test_006109,realsense/lg/2014_10_30-15_47_02-1311000073,scene:realsense/lg/2014_10_30-15_47_02-1311000073,realsense,rest_space,test,identify_superlative,closest_camera,1,"Excluding the walls, floor, and ceiling, what is the nearest object to the camera?",,sofa,object,,SUNRGBD/realsense/lg/2014_10_30-15_47_02-1311000073/image/0000063.jpg,SUNRGBD/realsense/lg/2014_10_30-15_47_02-1311000073/depth_bfx/0000063.png,rule,"{""winner_concept"": ""sofa"", ""winner_object_index"": 3, ""winner_area_frac"": 0.36464183888211366, ""winner_depth_m"": 1.1990000009536743, ""runner_up_concept"": ""chair"", ""runner_up_area_frac"": 0.16356941575339246, ""runner_up_depth_m"": 1.63100004196167}"
test_003694,realsense/lg/2014_10_30-16_06_13-1311000073,scene:realsense/lg/2014_10_30-16_06_13-1311000073,realsense,office,test,identify_superlative,closest_camera,0,"Not counting the walls, floor, or ceiling, which object is closest to the camera?",,chair,object,,SUNRGBD/realsense/lg/2014_10_30-16_06_13-1311000073/image/0000068.jpg,SUNRGBD/realsense/lg/2014_10_30-16_06_13-1311000073/depth_bfx/0000068.png,rule,"{""winner_concept"": ""chair"", ""winner_object_index"": 2, ""winner_area_frac"": 0.17915937291730616, ""winner_depth_m"": 1.4290000200271606, ""runner_up_concept"": ""chair"", ""runner_up_area_frac"": 0.15232943688106834, ""runner_up_depth_m"": 1.843000054359436}"
test_000265,realsense/lg/2014_10_25-17_21_13-1311000073,scene:realsense/lg/2014_10_25-17_21_13-1311000073,realsense,lecture_theatre,test,identify_superlative,closest_camera,2,"Among the furniture and items in the room, not the walls, floor, or ceiling, which is closest to where the picture was taken from?",,chair,object,,SUNRGBD/realsense/lg/2014_10_25-17_21_13-1311000073/image/0000063.jpg,SUNRGBD/realsense/lg/2014_10_25-17_21_13-1311000073/depth_bfx/0000063.png,rule,"{""winner_concept"": ""chair"", ""winner_object_index"": 2, ""winner_area_frac"": 0.23943823611560489, ""winner_depth_m"": 1.3250000476837158, ""runner_up_concept"": ""chair"", ""runner_up_area_frac"": 0.041613778341919906, ""runner_up_depth_m"": 2.0320000648498535}"
test_006373,realsense/lg/2014_10_26-14_03_55-1311000073,scene:realsense/lg/2014_10_26-14_03_55-1311000073,realsense,library,test,identify_superlative,closest_camera,2,"Among the furniture and items in the room, not the walls, floor, or ceiling, which is closest to where the picture was taken from?",,lamp,object,,SUNRGBD/realsense/lg/2014_10_26-14_03_55-1311000073/image/0000064.jpg,SUNRGBD/realsense/lg/2014_10_26-14_03_55-1311000073/depth_bfx/0000064.png,rule,"{""winner_concept"": ""lamp"", ""winner_object_index"": 10, ""winner_area_frac"": 0.0571691679733194, ""winner_depth_m"": 1.0130000114440918, ""runner_up_concept"": ""table"", ""runner_up_area_frac"": 0.08168722743500613, ""runner_up_depth_m"": 1.2940000295639038}"
test_002252,realsense/lg/2014_10_24-09_31_35-1311000073,scene:realsense/lg/2014_10_24-09_31_35-1311000073,realsense,corridor,test,identify_superlative,largest,2,"Among the furniture and items in the room, not the walls, floor, or ceiling, which occupies the biggest area?",,door,object,,SUNRGBD/realsense/lg/2014_10_24-09_31_35-1311000073/image/0000063.jpg,SUNRGBD/realsense/lg/2014_10_24-09_31_35-1311000073/depth_bfx/0000063.png,rule,"{""winner_concept"": ""door"", ""winner_object_index"": 2, ""winner_area_frac"": 0.637950726056453, ""winner_depth_m"": 1.4110000133514404, ""runner_up_concept"": ""door"", ""runner_up_area_frac"": 0.2834344087984049, ""runner_up_depth_m"": 2.130000114440918}"
test_004601,kv2/align_kv2/2014-12-18_11-58-37_260595134347,scene:kv2/align_kv2/2014-12-18_11-58-37_260595134347,kv2,rest_space,test,left_right,,0,Is the table to the left or to the right of the sofa?,,right,choice,left|right,SUNRGBD/kv2/align_kv2/2014-12-18_11-58-37_260595134347/image/0000095.jpg,SUNRGBD/kv2/align_kv2/2014-12-18_11-58-37_260595134347/depth_bfx/0000095.png,rule,"{""a_concept"": ""table"", ""b_concept"": ""sofa"", ""a_centroid_x"": 538.0011506000974, ""b_centroid_x"": 262.87363344921056, ""horizontal_gap_px"": 275.12751715088683, ""image_width"": 730}"
test_010812,kv2/kinect2data/000138_2014-05-20_17-10-15_260595134347_rgbf000140-resize,scene:kv2/kinect2data/000138_2014-05-20_17-10-15_260595134347_rgbf000140-resize,kv2,office,test,left_right,,0,Is the paper to the left or to the right of the sofa?,,left,choice,left|right,SUNRGBD/kv2/kinect2data/000138_2014-05-20_17-10-15_260595134347_rgbf000140-resize/image/0000140.jpg,SUNRGBD/kv2/kinect2data/000138_2014-05-20_17-10-15_260595134347_rgbf000140-resize/depth_bfx/0000140.png,rule,"{""a_concept"": ""paper"", ""b_concept"": ""sofa"", ""a_centroid_x"": -15.170463725965423, ""b_centroid_x"": 524.9104017150015, ""horizontal_gap_px"": 540.0808654409669, ""image_width"": 730}"
test_003477,kv2/kinect2data/001885_2014-06-22_13-52-14_260595134347_rgbf000018-resize,scene:kv2/kinect2data/001885_2014-06-22_13-52-14_260595134347_rgbf000018-resize,kv2,furniture_store,test,left_right,,0,Is the bench to the left or to the right of the picture frame?,,left,choice,left|right,SUNRGBD/kv2/kinect2data/001885_2014-06-22_13-52-14_260595134347_rgbf000018-resize/image/0000018.jpg,SUNRGBD/kv2/kinect2data/001885_2014-06-22_13-52-14_260595134347_rgbf000018-resize/depth_bfx/0000018.png,rule,"{""a_concept"": ""bench"", ""b_concept"": ""pictureframe"", ""a_centroid_x"": 412.4964121331406, ""b_centroid_x"": 723.0620227520649, ""horizontal_gap_px"": 310.56561061892427, ""image_width"": 730}"
test_013519,kv2/kinect2data/002761_2014-06-22_19-12-21_094959634447_rgbf000056-resize,scene:kv2/kinect2data/002761_2014-06-22_19-12-21_094959634447_rgbf000056-resize,kv2,bedroom,test,left_right,,3,Is the bottle on the left side or the right side of the box?,,right,choice,left|right,SUNRGBD/kv2/kinect2data/002761_2014-06-22_19-12-21_094959634447_rgbf000056-resize/image/0000056.jpg,SUNRGBD/kv2/kinect2data/002761_2014-06-22_19-12-21_094959634447_rgbf000056-resize/depth_bfx/0000056.png,rule,"{""a_concept"": ""bottle"", ""b_concept"": ""box"", ""a_centroid_x"": 679.0045020709526, ""b_centroid_x"": 188.5567872722607, ""horizontal_gap_px"": 490.44771479869195, ""image_width"": 730}"
test_012356,kv2/kinect2data/003513_2014-05-21_17-33-04_094959634447_rgbf000100-resize,scene:kv2/kinect2data/003513_2014-05-21_17-33-04_094959634447_rgbf000100-resize,kv2,office_dining,test,left_right,,1,"Relative to the cable, is the book on the left or the right?",,right,choice,left|right,SUNRGBD/kv2/kinect2data/003513_2014-05-21_17-33-04_094959634447_rgbf000100-resize/image/0000100.jpg,SUNRGBD/kv2/kinect2data/003513_2014-05-21_17-33-04_094959634447_rgbf000100-resize/depth_bfx/0000100.png,rule,"{""a_concept"": ""book"", ""b_concept"": ""cable"", ""a_centroid_x"": 476.6427952642218, ""b_centroid_x"": -29.713313285311326, ""horizontal_gap_px"": 506.3561085495331, ""image_width"": 730}"
test_004097,kv2/kinect2data/000629_2014-06-08_16-27-42_260595134347_rgbf000108-resize,scene:kv2/kinect2data/000629_2014-06-08_16-27-42_260595134347_rgbf000108-resize,kv2,office,test,left_right,,3,Is the file cabinet on the left side or the right side of the window?,,right,choice,left|right,SUNRGBD/kv2/kinect2data/000629_2014-06-08_16-27-42_260595134347_rgbf000108-resize/image/0000108.jpg,SUNRGBD/kv2/kinect2data/000629_2014-06-08_16-27-42_260595134347_rgbf000108-resize/depth_bfx/0000108.png,rule,"{""a_concept"": ""filecabinet"", ""b_concept"": ""window"", ""a_centroid_x"": 511.9956823827933, ""b_centroid_x"": -32.03980978411831, ""horizontal_gap_px"": 544.0354921669116, ""image_width"": 730}"
test_013166,kv2/kinect2data/003592_2014-05-23_17-02-17_094959634447_rgbf000101-resize,scene:kv2/kinect2data/003592_2014-05-23_17-02-17_094959634447_rgbf000101-resize,kv2,classroom,test,left_right,,3,Is the desk on the left side or the right side of the chair?,,left,choice,left|right,SUNRGBD/kv2/kinect2data/003592_2014-05-23_17-02-17_094959634447_rgbf000101-resize/image/0000101.jpg,SUNRGBD/kv2/kinect2data/003592_2014-05-23_17-02-17_094959634447_rgbf000101-resize/depth_bfx/0000101.png,rule,"{""a_concept"": ""desk"", ""b_concept"": ""chair"", ""a_centroid_x"": 270.78778290395894, ""b_centroid_x"": 526.6798430655664, ""horizontal_gap_px"": 255.89206016160745, ""image_width"": 730}"
test_006503,kv2/kinect2data/002877_2014-06-01_15-20-26_094959634447_rgbf000150-resize,scene:kv2/kinect2data/002877_2014-06-01_15-20-26_094959634447_rgbf000150-resize,kv2,library,test,left_right,,4,"Which side of the table is the carpet on, left or right?",,right,choice,left|right,SUNRGBD/kv2/kinect2data/002877_2014-06-01_15-20-26_094959634447_rgbf000150-resize/image/0000150.jpg,SUNRGBD/kv2/kinect2data/002877_2014-06-01_15-20-26_094959634447_rgbf000150-resize/depth_bfx/0000150.png,rule,"{""a_concept"": ""carpet"", ""b_concept"": ""table"", ""a_centroid_x"": 593.9234822846447, ""b_centroid_x"": 272.84681963866393, ""horizontal_gap_px"": 321.0766626459808, ""image_width"": 730}"
test_011393,kv2/kinect2data/000957_2014-06-08_16-23-01_260595134347_rgbf000085-resize,scene:kv2/kinect2data/000957_2014-06-08_16-23-01_260595134347_rgbf000085-resize,kv2,office,test,left_right,,3,Is the file cabinet on the left side or the right side of the window?,,left,choice,left|right,SUNRGBD/kv2/kinect2data/000957_2014-06-08_16-23-01_260595134347_rgbf000085-resize/image/0000085.jpg,SUNRGBD/kv2/kinect2data/000957_2014-06-08_16-23-01_260595134347_rgbf000085-resize/depth_bfx/0000085.png,rule,"{""a_concept"": ""filecabinet"", ""b_concept"": ""window"", ""a_centroid_x"": 286.95961980038606, ""b_centroid_x"": 706.1816170165685, ""horizontal_gap_px"": 419.2219972161824, ""image_width"": 730}"
test_000358,kv2/kinect2data/003150_2014-05-12_11-26-59_094959634447_rgbf000101-resize,scene:kv2/kinect2data/003150_2014-05-12_11-26-59_094959634447_rgbf000101-resize,kv2,classroom,test,left_right,,3,Is the chair on the left side or the right side of the desk?,,right,choice,left|right,SUNRGBD/kv2/kinect2data/003150_2014-05-12_11-26-59_094959634447_rgbf000101-resize/image/0000101.jpg,SUNRGBD/kv2/kinect2data/003150_2014-05-12_11-26-59_094959634447_rgbf000101-resize/depth_bfx/0000101.png,rule,"{""a_concept"": ""chair"", ""b_concept"": ""desk"", ""a_centroid_x"": 604.0721014687668, ""b_centroid_x"": 395.16823109197827, ""horizontal_gap_px"": 208.90387037678857, ""image_width"": 730}"
test_001607,kv2/kinect2data/003144_2014-05-12_11-07-53_094959634447_rgbf002910-resize,scene:kv2/kinect2data/003144_2014-05-12_11-07-53_094959634447_rgbf002910-resize,kv2,classroom,test,left_right,,0,Is the screen to the left or to the right of the outlet?,,left,choice,left|right,SUNRGBD/kv2/kinect2data/003144_2014-05-12_11-07-53_094959634447_rgbf002910-resize/image/0002910.jpg,SUNRGBD/kv2/kinect2data/003144_2014-05-12_11-07-53_094959634447_rgbf002910-resize/depth_bfx/0002910.png,rule,"{""a_concept"": ""screen"", ""b_concept"": ""outlet"", ""a_centroid_x"": 301.1949749120048, ""b_centroid_x"": 803.6444906444906, ""horizontal_gap_px"": 502.4495157324858, ""image_width"": 730}"
test_011540,kv2/kinect2data/001744_2014-06-26_19-48-39_260595134347_rgbf000058-resize,scene:kv2/kinect2data/001744_2014-06-26_19-48-39_260595134347_rgbf000058-resize,kv2,furniture_store,test,left_right,,0,Is the flower to the left or to the right of the paper?,,left,choice,left|right,SUNRGBD/kv2/kinect2data/001744_2014-06-26_19-48-39_260595134347_rgbf000058-resize/image/0000058.jpg,SUNRGBD/kv2/kinect2data/001744_2014-06-26_19-48-39_260595134347_rgbf000058-resize/depth_bfx/0000058.png,rule,"{""a_concept"": ""flower"", ""b_concept"": ""paper"", ""a_centroid_x"": 696.4955433171875, ""b_centroid_x"": 788.3602461447211, ""horizontal_gap_px"": 91.86470282753362, ""image_width"": 730}"
test_009351,kv2/kinect2data/001105_2014-06-15_18-19-56_260595134347_rgbf000056-resize,scene:kv2/kinect2data/001105_2014-06-15_18-19-56_260595134347_rgbf000056-resize,kv2,kitchen,test,left_right,,0,Is the door to the left or to the right of the handle?,,right,choice,left|right,SUNRGBD/kv2/kinect2data/001105_2014-06-15_18-19-56_260595134347_rgbf000056-resize/image/0000056.jpg,SUNRGBD/kv2/kinect2data/001105_2014-06-15_18-19-56_260595134347_rgbf000056-resize/depth_bfx/0000056.png,rule,"{""a_concept"": ""door"", ""b_concept"": ""handle"", ""a_centroid_x"": 818.0, ""b_centroid_x"": 114.71386985534507, ""horizontal_gap_px"": 703.286130144655, ""image_width"": 730}"
test_003894,kv2/kinect2data/000027_2014-05-26_14-46-26_260595134347_rgbf000091-resize,scene:kv2/kinect2data/000027_2014-05-26_14-46-26_260595134347_rgbf000091-resize,kv2,furniture_store,test,left_right,,4,"Which side of the lamp is the bed on, left or right?",,left,choice,left|right,SUNRGBD/kv2/kinect2data/000027_2014-05-26_14-46-26_260595134347_rgbf000091-resize/image/0000091.jpg,SUNRGBD/kv2/kinect2data/000027_2014-05-26_14-46-26_260595134347_rgbf000091-resize/depth_bfx/0000091.png,rule,"{""a_concept"": ""bed"", ""b_concept"": ""lamp"", ""a_centroid_x"": 375.25448879842185, ""b_centroid_x"": 515.5175636211932, ""horizontal_gap_px"": 140.26307482277133, ""image_width"": 730}"
test_003428,kv2/kinect2data/000437_2014-06-09_22-25-37_260595134347_rgbf000206-resize,scene:kv2/kinect2data/000437_2014-06-09_22-25-37_260595134347_rgbf000206-resize,kv2,home_office,test,left_right,,0,Is the table to the left or to the right of the keyboard?,,right,choice,left|right,SUNRGBD/kv2/kinect2data/000437_2014-06-09_22-25-37_260595134347_rgbf000206-resize/image/0000206.jpg,SUNRGBD/kv2/kinect2data/000437_2014-06-09_22-25-37_260595134347_rgbf000206-resize/depth_bfx/0000206.png,rule,"{""a_concept"": ""table"", ""b_concept"": ""keyboard"", ""a_centroid_x"": 772.4903192046049, ""b_centroid_x"": 363.63726488762137, ""horizontal_gap_px"": 408.85305431698356, ""image_width"": 730}"
test_006059,kv2/kinect2data/001188_2014-06-17_15-54-10_260595134347_rgbf000090-resize,scene:kv2/kinect2data/001188_2014-06-17_15-54-10_260595134347_rgbf000090-resize,kv2,study_space,test,left_right,,3,Is the table on the left side or the right side of the container?,,left,choice,left|right,SUNRGBD/kv2/kinect2data/001188_2014-06-17_15-54-10_260595134347_rgbf000090-resize/image/0000090.jpg,SUNRGBD/kv2/kinect2data/001188_2014-06-17_15-54-10_260595134347_rgbf000090-resize/depth_bfx/0000090.png,rule,"{""a_concept"": ""table"", ""b_concept"": ""container"", ""a_centroid_x"": 351.60996607891104, ""b_centroid_x"": 782.5753473925128, ""horizontal_gap_px"": 430.9653813136017, ""image_width"": 730}"
test_008716,kv2/kinect2data/003274_2014-05-14_16-09-52_094959634447_rgbf000100-resize,scene:kv2/kinect2data/003274_2014-05-14_16-09-52_094959634447_rgbf000100-resize,kv2,classroom,test,left_right,,1,"Relative to the door, is the whiteboard on the left or the right?",,right,choice,left|right,SUNRGBD/kv2/kinect2data/003274_2014-05-14_16-09-52_094959634447_rgbf000100-resize/image/0000100.jpg,SUNRGBD/kv2/kinect2data/003274_2014-05-14_16-09-52_094959634447_rgbf000100-resize/depth_bfx/0000100.png,rule,"{""a_concept"": ""whiteboard"", ""b_concept"": ""door"", ""a_centroid_x"": 808.5477150735475, ""b_centroid_x"": 688.7707932656745, ""horizontal_gap_px"": 119.77692180787301, ""image_width"": 730}"
test_013053,kv2/kinect2data/003210_2014-05-13_11-27-13_094959634447_rgbf000101-resize,scene:kv2/kinect2data/003210_2014-05-13_11-27-13_094959634447_rgbf000101-resize,kv2,classroom,test,left_right,,1,"Relative to the wire, is the window on the left or the right?",,right,choice,left|right,SUNRGBD/kv2/kinect2data/003210_2014-05-13_11-27-13_094959634447_rgbf000101-resize/image/0000101.jpg,SUNRGBD/kv2/kinect2data/003210_2014-05-13_11-27-13_094959634447_rgbf000101-resize/depth_bfx/0000101.png,rule,"{""a_concept"": ""window"", ""b_concept"": ""wire"", ""a_centroid_x"": 644.6153605230446, ""b_centroid_x"": -50.29949464321811, ""horizontal_gap_px"": 694.9148551662627, ""image_width"": 730}"
test_011799,kv2/kinect2data/001676_2014-06-26_19-13-24_260595134347_rgbf000038-resize,scene:kv2/kinect2data/001676_2014-06-26_19-13-24_260595134347_rgbf000038-resize,kv2,furniture_store,test,left_right,,4,"Which side of the picture frame is the window on, left or right?",,right,choice,left|right,SUNRGBD/kv2/kinect2data/001676_2014-06-26_19-13-24_260595134347_rgbf000038-resize/image/0000038.jpg,SUNRGBD/kv2/kinect2data/001676_2014-06-26_19-13-24_260595134347_rgbf000038-resize/depth_bfx/0000038.png,rule,"{""a_concept"": ""window"", ""b_concept"": ""pictureframe"", ""a_centroid_x"": 364.75748731359545, ""b_centroid_x"": -56.24161641806834, ""horizontal_gap_px"": 420.9991037316638, ""image_width"": 730}"
test_013390,kv2/kinect2data/001759_2014-06-26_19-54-08_260595134347_rgbf000061-resize,scene:kv2/kinect2data/001759_2014-06-26_19-54-08_260595134347_rgbf000061-resize,kv2,furniture_store,test,left_right,,4,"Which side of the price tag is the mirror on, left or right?",,left,choice,left|right,SUNRGBD/kv2/kinect2data/001759_2014-06-26_19-54-08_260595134347_rgbf000061-resize/image/0000061.jpg,SUNRGBD/kv2/kinect2data/001759_2014-06-26_19-54-08_260595134347_rgbf000061-resize/depth_bfx/0000061.png,rule,"{""a_concept"": ""mirror"", ""b_concept"": ""pricetag"", ""a_centroid_x"": 367.5890804597701, ""b_centroid_x"": 481.8375522435139, ""horizontal_gap_px"": 114.24847178374381, ""image_width"": 730}"
test_002902,kv2/align_kv2/2014-12-18_12-19-45_260595134347,scene:kv2/align_kv2/2014-12-18_12-19-45_260595134347,kv2,classroom,test,left_right,,4,"Which side of the door is the desk on, left or right?",,left,choice,left|right,SUNRGBD/kv2/align_kv2/2014-12-18_12-19-45_260595134347/image/0000179.jpg,SUNRGBD/kv2/align_kv2/2014-12-18_12-19-45_260595134347/depth_bfx/0000179.png,rule,"{""a_concept"": ""desk"", ""b_concept"": ""door"", ""a_centroid_x"": 373.60253244697685, ""b_centroid_x"": 677.5302592271369, ""horizontal_gap_px"": 303.92772678016, ""image_width"": 730}"
test_007879,kv2/align_kv2/2014-12-18_14-10-48_260595134347,scene:kv2/align_kv2/2014-12-18_14-10-48_260595134347,kv2,computer_room,test,left_right,,0,Is the heater to the left or to the right of the door?,,left,choice,left|right,SUNRGBD/kv2/align_kv2/2014-12-18_14-10-48_260595134347/image/0000151.jpg,SUNRGBD/kv2/align_kv2/2014-12-18_14-10-48_260595134347/depth_bfx/0000151.png,rule,"{""a_concept"": ""heater"", ""b_concept"": ""door"", ""a_centroid_x"": 81.54362976690767, ""b_centroid_x"": 592.4032961706253, ""horizontal_gap_px"": 510.8596664037176, ""image_width"": 730}"
test_014108,kv2/kinect2data/002797_2014-06-22_19-40-05_094959634447_rgbf000085-resize,scene:kv2/kinect2data/002797_2014-06-22_19-40-05_094959634447_rgbf000085-resize,kv2,kitchen,test,left_right,,3,Is the microwave on the left side or the right side of the sink?,,right,choice,left|right,SUNRGBD/kv2/kinect2data/002797_2014-06-22_19-40-05_094959634447_rgbf000085-resize/image/0000085.jpg,SUNRGBD/kv2/kinect2data/002797_2014-06-22_19-40-05_094959634447_rgbf000085-resize/depth_bfx/0000085.png,rule,"{""a_concept"": ""microwave"", ""b_concept"": ""sink"", ""a_centroid_x"": 741.0590786304758, ""b_centroid_x"": -11.191351227345722, ""horizontal_gap_px"": 752.2504298578216, ""image_width"": 730}"
test_001948,kv2/kinect2data/001062_2014-06-08_21-55-29_260595134347_rgbf000092-resize,scene:kv2/kinect2data/001062_2014-06-08_21-55-29_260595134347_rgbf000092-resize,kv2,office,test,left_right,,4,"Which side of the file cabinet is the door on, left or right?",,left,choice,left|right,SUNRGBD/kv2/kinect2data/001062_2014-06-08_21-55-29_260595134347_rgbf000092-resize/image/0000092.jpg,SUNRGBD/kv2/kinect2data/001062_2014-06-08_21-55-29_260595134347_rgbf000092-resize/depth_bfx/0000092.png,rule,"{""a_concept"": ""door"", ""b_concept"": ""filecabinet"", ""a_centroid_x"": -62.655808415892615, ""b_centroid_x"": 119.89710403378444, ""horizontal_gap_px"": 182.55291244967705, ""image_width"": 730}"
test_003567,kv2/kinect2data/000564_2014-06-09_22-47-54_260595134347_rgbf000190-resize,scene:kv2/kinect2data/000564_2014-06-09_22-47-54_260595134347_rgbf000190-resize,kv2,recreation_room,test,left_right,,0,Is the picture frame to the left or to the right of the refrigerator?,,right,choice,left|right,SUNRGBD/kv2/kinect2data/000564_2014-06-09_22-47-54_260595134347_rgbf000190-resize/image/0000190.jpg,SUNRGBD/kv2/kinect2data/000564_2014-06-09_22-47-54_260595134347_rgbf000190-resize/depth_bfx/0000190.png,rule,"{""a_concept"": ""pictureframe"", ""b_concept"": ""refrigerator"", ""a_centroid_x"": 643.2093168753358, ""b_centroid_x"": 324.05556627435845, ""horizontal_gap_px"": 319.1537506009774, ""image_width"": 730}"
test_009131,kv2/kinect2data/001219_2014-06-17_16-20-25_260595134347_rgbf000111-resize,scene:kv2/kinect2data/001219_2014-06-17_16-20-25_260595134347_rgbf000111-resize,kv2,rest_space,test,left_right,,5,"From the table, which direction is the window in, left or right?",,right,choice,left|right,SUNRGBD/kv2/kinect2data/001219_2014-06-17_16-20-25_260595134347_rgbf000111-resize/image/0000111.jpg,SUNRGBD/kv2/kinect2data/001219_2014-06-17_16-20-25_260595134347_rgbf000111-resize/depth_bfx/0000111.png,rule,"{""a_concept"": ""window"", ""b_concept"": ""table"", ""a_centroid_x"": 630.1779986546211, ""b_centroid_x"": 282.89943096977277, ""horizontal_gap_px"": 347.2785676848483, ""image_width"": 730}"
test_014096,kv2/kinect2data/003602_2014-05-23_17-26-47_094959634447_rgbf000100-resize,scene:kv2/kinect2data/003602_2014-05-23_17-26-47_094959634447_rgbf000100-resize,kv2,classroom,test,left_right,,0,Is the door to the left or to the right of the table?,,right,choice,left|right,SUNRGBD/kv2/kinect2data/003602_2014-05-23_17-26-47_094959634447_rgbf000100-resize/image/0000100.jpg,SUNRGBD/kv2/kinect2data/003602_2014-05-23_17-26-47_094959634447_rgbf000100-resize/depth_bfx/0000100.png,rule,"{""a_concept"": ""door"", ""b_concept"": ""table"", ""a_centroid_x"": 555.1187266590778, ""b_centroid_x"": 7.02273568931673, ""horizontal_gap_px"": 548.095990969761, ""image_width"": 730}"
test_004577,kv2/kinect2data/001756_2014-06-26_19-53-21_260595134347_rgbf000025-resize,scene:kv2/kinect2data/001756_2014-06-26_19-53-21_260595134347_rgbf000025-resize,kv2,furniture_store,test,left_right,,2,"Looking at the tree, is the door positioned on its left or right?",,right,choice,left|right,SUNRGBD/kv2/kinect2data/001756_2014-06-26_19-53-21_260595134347_rgbf000025-resize/image/0000025.jpg,SUNRGBD/kv2/kinect2data/001756_2014-06-26_19-53-21_260595134347_rgbf000025-resize/depth_bfx/0000025.png,rule,"{""a_concept"": ""door"", ""b_concept"": ""tree"", ""a_centroid_x"": 513.4650582720509, ""b_centroid_x"": -72.73049701061004, ""horizontal_gap_px"": 586.195555282661, ""image_width"": 730}"
test_000613,kv2/kinect2data/003119_2014-05-12_10-27-16_094959634447_rgbf000100-resize,scene:kv2/kinect2data/003119_2014-05-12_10-27-16_094959634447_rgbf000100-resize,kv2,classroom,test,left_right,,5,"From the board, which direction is the chair in, left or right?",,right,choice,left|right,SUNRGBD/kv2/kinect2data/003119_2014-05-12_10-27-16_094959634447_rgbf000100-resize/image/0000100.jpg,SUNRGBD/kv2/kinect2data/003119_2014-05-12_10-27-16_094959634447_rgbf000100-resize/depth_bfx/0000100.png,rule,"{""a_concept"": ""chair"", ""b_concept"": ""board"", ""a_centroid_x"": 256.1597162481395, ""b_centroid_x"": 83.14167021729868, ""horizontal_gap_px"": 173.01804603084082, ""image_width"": 730}"
test_004461,kv2/kinect2data/000465_2014-06-08_23-26-05_260595134347_rgbf000021-resize,scene:kv2/kinect2data/000465_2014-06-08_23-26-05_260595134347_rgbf000021-resize,kv2,idk,test,left_right,,3,Is the table on the left side or the right side of the door?,,left,choice,left|right,SUNRGBD/kv2/kinect2data/000465_2014-06-08_23-26-05_260595134347_rgbf000021-resize/image/0000021.jpg,SUNRGBD/kv2/kinect2data/000465_2014-06-08_23-26-05_260595134347_rgbf000021-resize/depth_bfx/0000021.png,rule,"{""a_concept"": ""table"", ""b_concept"": ""door"", ""a_centroid_x"": 183.22656172371447, ""b_centroid_x"": 747.1315556932159, ""horizontal_gap_px"": 563.9049939695014, ""image_width"": 730}"
test_010242,kv2/kinect2data/003516_2014-05-21_17-41-13_094959634447_rgbf000100-resize,scene:kv2/kinect2data/003516_2014-05-21_17-41-13_094959634447_rgbf000100-resize,kv2,lab,test,left_right,,3,Is the cord on the left side or the right side of the book?,,right,choice,left|right,SUNRGBD/kv2/kinect2data/003516_2014-05-21_17-41-13_094959634447_rgbf000100-resize/image/0000100.jpg,SUNRGBD/kv2/kinect2data/003516_2014-05-21_17-41-13_094959634447_rgbf000100-resize/depth_bfx/0000100.png,rule,"{""a_concept"": ""cord"", ""b_concept"": ""book"", ""a_centroid_x"": 662.3622788178048, ""b_centroid_x"": 118.43651664837175, ""horizontal_gap_px"": 543.9257621694331, ""image_width"": 730}"
test_004305,kv2/kinect2data/000372_2014-06-08_22-20-45_260595134347_rgbf000110-resize,scene:kv2/kinect2data/000372_2014-06-08_22-20-45_260595134347_rgbf000110-resize,kv2,classroom,test,left_right,,1,"Relative to the desk, is the carpet on the left or the right?",,right,choice,left|right,SUNRGBD/kv2/kinect2data/000372_2014-06-08_22-20-45_260595134347_rgbf000110-resize/image/0000110.jpg,SUNRGBD/kv2/kinect2data/000372_2014-06-08_22-20-45_260595134347_rgbf000110-resize/depth_bfx/0000110.png,rule,"{""a_concept"": ""carpet"", ""b_concept"": ""desk"", ""a_centroid_x"": 309.9774181704912, ""b_centroid_x"": 225.1256904452132, ""horizontal_gap_px"": 84.85172772527801, ""image_width"": 730}"
test_001649,kv2/kinect2data/003215_2014-05-13_11-46-49_094959634447_rgbf000100-resize,scene:kv2/kinect2data/003215_2014-05-13_11-46-49_094959634447_rgbf000100-resize,kv2,classroom,test,left_right,,2,"Looking at the window, is the table positioned on its left or right?",,right,choice,left|right,SUNRGBD/kv2/kinect2data/003215_2014-05-13_11-46-49_094959634447_rgbf000100-resize/image/0000100.jpg,SUNRGBD/kv2/kinect2data/003215_2014-05-13_11-46-49_094959634447_rgbf000100-resize/depth_bfx/0000100.png,rule,"{""a_concept"": ""table"", ""b_concept"": ""window"", ""a_centroid_x"": 496.2850526103811, ""b_centroid_x"": 406.3132750690322, ""horizontal_gap_px"": 89.9717775413489, ""image_width"": 730}"
test_011711,kv2/kinect2data/003130_2014-05-12_10-48-53_094959634447_rgbf000101-resize,scene:kv2/kinect2data/003130_2014-05-12_10-48-53_094959634447_rgbf000101-resize,kv2,classroom,test,left_right,,1,"Relative to the window, is the table on the left or the right?",,right,choice,left|right,SUNRGBD/kv2/kinect2data/003130_2014-05-12_10-48-53_094959634447_rgbf000101-resize/image/0000101.jpg,SUNRGBD/kv2/kinect2data/003130_2014-05-12_10-48-53_094959634447_rgbf000101-resize/depth_bfx/0000101.png,rule,"{""a_concept"": ""table"", ""b_concept"": ""window"", ""a_centroid_x"": 687.9158236336242, ""b_centroid_x"": 557.2347745750185, ""horizontal_gap_px"": 130.6810490586057, ""image_width"": 730}"
test_007696,kv2/align_kv2/2014-12-18_12-05-40_260595134347,scene:kv2/align_kv2/2014-12-18_12-05-40_260595134347,kv2,idk,test,left_right,,0,Is the window to the left or to the right of the door?,,left,choice,left|right,SUNRGBD/kv2/align_kv2/2014-12-18_12-05-40_260595134347/image/0000097.jpg,SUNRGBD/kv2/align_kv2/2014-12-18_12-05-40_260595134347/depth_bfx/0000097.png,rule,"{""a_concept"": ""window"", ""b_concept"": ""door"", ""a_centroid_x"": 225.68369248965496, ""b_centroid_x"": 710.6810283687943, ""horizontal_gap_px"": 484.9973358791393, ""image_width"": 730}"
test_001742,kv2/kinect2data/000268_2014-06-02_14-57-50_260595134347_rgbf000050-resize,scene:kv2/kinect2data/000268_2014-06-02_14-57-50_260595134347_rgbf000050-resize,kv2,furniture_store,test,left_right,,3,Is the pillow on the left side or the right side of the light?,,right,choice,left|right,SUNRGBD/kv2/kinect2data/000268_2014-06-02_14-57-50_260595134347_rgbf000050-resize/image/0000050.jpg,SUNRGBD/kv2/kinect2data/000268_2014-06-02_14-57-50_260595134347_rgbf000050-resize/depth_bfx/0000050.png,rule,"{""a_concept"": ""pillow"", ""b_concept"": ""light"", ""a_centroid_x"": 564.9251269284555, ""b_centroid_x"": 235.0808290953922, ""horizontal_gap_px"": 329.84429783306325, ""image_width"": 730}"
test_009222,kv2/kinect2data/001819_2014-06-26_20-54-00_260595134347_rgbf000106-resize,scene:kv2/kinect2data/001819_2014-06-26_20-54-00_260595134347_rgbf000106-resize,kv2,furniture_store,test,left_right,,3,Is the bed on the left side or the right side of the mirror?,,right,choice,left|right,SUNRGBD/kv2/kinect2data/001819_2014-06-26_20-54-00_260595134347_rgbf000106-resize/image/0000106.jpg,SUNRGBD/kv2/kinect2data/001819_2014-06-26_20-54-00_260595134347_rgbf000106-resize/depth_bfx/0000106.png,rule,"{""a_concept"": ""bed"", ""b_concept"": ""mirror"", ""a_centroid_x"": 669.0233328091077, ""b_centroid_x"": 512.4798335325629, ""horizontal_gap_px"": 156.54349927654482, ""image_width"": 730}"
test_013484,kv2/kinect2data/003241_2014-05-14_13-58-02_094959634447_rgbf000100-resize,scene:kv2/kinect2data/003241_2014-05-14_13-58-02_094959634447_rgbf000100-resize,kv2,classroom,test,left_right,,3,Is the desk on the left side or the right side of the baseboard?,,right,choice,left|right,SUNRGBD/kv2/kinect2data/003241_2014-05-14_13-58-02_094959634447_rgbf000100-resize/image/0000100.jpg,SUNRGBD/kv2/kinect2data/003241_2014-05-14_13-58-02_094959634447_rgbf000100-resize/depth_bfx/0000100.png,rule,"{""a_concept"": ""desk"", ""b_concept"": ""baseboard"", ""a_centroid_x"": 532.8272522033731, ""b_centroid_x"": 21.4781882696723, ""horizontal_gap_px"": 511.3490639337008, ""image_width"": 730}"
test_007762,kv2/align_kv2/2014-12-18_13-57-08_260595134347,scene:kv2/align_kv2/2014-12-18_13-57-08_260595134347,kv2,dining_area,test,left_right,,2,"Looking at the counter, is the door positioned on its left or right?",,left,choice,left|right,SUNRGBD/kv2/align_kv2/2014-12-18_13-57-08_260595134347/image/0000068.jpg,SUNRGBD/kv2/align_kv2/2014-12-18_13-57-08_260595134347/depth_bfx/0000068.png,rule,"{""a_concept"": ""door"", ""b_concept"": ""counter"", ""a_centroid_x"": 397.5862676056338, ""b_centroid_x"": 643.3416917418924, ""horizontal_gap_px"": 245.75542413625863, ""image_width"": 730}"
test_002627,kv2/kinect2data/001057_2014-06-08_18-47-39_260595134347_rgbf000080-resize,scene:kv2/kinect2data/001057_2014-06-08_18-47-39_260595134347_rgbf000080-resize,kv2,office,test,left_right,,0,Is the whiteboard to the left or to the right of the blind?,,right,choice,left|right,SUNRGBD/kv2/kinect2data/001057_2014-06-08_18-47-39_260595134347_rgbf000080-resize/image/0000080.jpg,SUNRGBD/kv2/kinect2data/001057_2014-06-08_18-47-39_260595134347_rgbf000080-resize/depth_bfx/0000080.png,rule,"{""a_concept"": ""whiteboard"", ""b_concept"": ""blind"", ""a_centroid_x"": 563.0830038147443, ""b_centroid_x"": -53.33699052155095, ""horizontal_gap_px"": 616.4199943362953, ""image_width"": 730}"
test_004471,kv2/align_kv2/2014-12-18_12-13-12_260595134347,scene:kv2/align_kv2/2014-12-18_12-13-12_260595134347,kv2,rest_space,test,left_right,,1,"Relative to the table, is the chair on the left or the right?",,left,choice,left|right,SUNRGBD/kv2/align_kv2/2014-12-18_12-13-12_260595134347/image/0000129.jpg,SUNRGBD/kv2/align_kv2/2014-12-18_12-13-12_260595134347/depth_bfx/0000129.png,rule,"{""a_concept"": ""chair"", ""b_concept"": ""table"", ""a_centroid_x"": 308.7202008789461, ""b_centroid_x"": 524.3046512326991, ""horizontal_gap_px"": 215.58445035375303, ""image_width"": 730}"
test_005318,kv2/kinect2data/000059_2014-05-16_20-31-30_260595134347_rgbf000076-resize,scene:kv2/kinect2data/000059_2014-05-16_20-31-30_260595134347_rgbf000076-resize,kv2,bedroom,test,left_right,,0,Is the desk to the left or to the right of the door?,,right,choice,left|right,SUNRGBD/kv2/kinect2data/000059_2014-05-16_20-31-30_260595134347_rgbf000076-resize/image/0000076.jpg,SUNRGBD/kv2/kinect2data/000059_2014-05-16_20-31-30_260595134347_rgbf000076-resize/depth_bfx/0000076.png,rule,"{""a_concept"": ""desk"", ""b_concept"": ""door"", ""a_centroid_x"": 540.8860064214253, ""b_centroid_x"": 280.2934315911155, ""horizontal_gap_px"": 260.59257483030984, ""image_width"": 730}"
test_002049,kv2/kinect2data/001154_2014-06-17_15-29-52_260595134347_rgbf000080-resize,scene:kv2/kinect2data/001154_2014-06-17_15-29-52_260595134347_rgbf000080-resize,kv2,rest_space,test,left_right,,5,"From the window, which direction is the desk in, left or right?",,right,choice,left|right,SUNRGBD/kv2/kinect2data/001154_2014-06-17_15-29-52_260595134347_rgbf000080-resize/image/0000080.jpg,SUNRGBD/kv2/kinect2data/001154_2014-06-17_15-29-52_260595134347_rgbf000080-resize/depth_bfx/0000080.png,rule,"{""a_concept"": ""desk"", ""b_concept"": ""window"", ""a_centroid_x"": 657.7446033349281, ""b_centroid_x"": 221.69372091336044, ""horizontal_gap_px"": 436.0508824215677, ""image_width"": 730}"
test_005088,kv2/kinect2data/001159_2014-06-17_15-33-08_260595134347_rgbf000098-resize,scene:kv2/kinect2data/001159_2014-06-17_15-33-08_260595134347_rgbf000098-resize,kv2,study_space,test,left_right,,3,Is the chair on the left side or the right side of the desk?,,left,choice,left|right,SUNRGBD/kv2/kinect2data/001159_2014-06-17_15-33-08_260595134347_rgbf000098-resize/image/0000098.jpg,SUNRGBD/kv2/kinect2data/001159_2014-06-17_15-33-08_260595134347_rgbf000098-resize/depth_bfx/0000098.png,rule,"{""a_concept"": ""chair"", ""b_concept"": ""desk"", ""a_centroid_x"": 357.52075472010085, ""b_centroid_x"": 439.6915355735518, ""horizontal_gap_px"": 82.17078085345094, ""image_width"": 730}"
test_014068,kv2/kinect2data/003145_2014-05-12_11-15-35_094959634447_rgbf000101-resize,scene:kv2/kinect2data/003145_2014-05-12_11-15-35_094959634447_rgbf000101-resize,kv2,classroom,test,left_right,,5,"From the chair, which direction is the window in, left or right?",,left,choice,left|right,SUNRGBD/kv2/kinect2data/003145_2014-05-12_11-15-35_094959634447_rgbf000101-resize/image/0000101.jpg,SUNRGBD/kv2/kinect2data/003145_2014-05-12_11-15-35_094959634447_rgbf000101-resize/depth_bfx/0000101.png,rule,"{""a_concept"": ""window"", ""b_concept"": ""chair"", ""a_centroid_x"": 376.5438835520189, ""b_centroid_x"": 523.4814507175126, ""horizontal_gap_px"": 146.93756716549376, ""image_width"": 730}"
test_000144,kv2/kinect2data/001939_2014-06-22_14-24-54_260595134347_rgbf000061-resize,scene:kv2/kinect2data/001939_2014-06-22_14-24-54_260595134347_rgbf000061-resize,kv2,furniture_store,test,left_right,,2,"Looking at the column, is the pillow positioned on its left or right?",,left,choice,left|right,SUNRGBD/kv2/kinect2data/001939_2014-06-22_14-24-54_260595134347_rgbf000061-resize/image/0000061.jpg,SUNRGBD/kv2/kinect2data/001939_2014-06-22_14-24-54_260595134347_rgbf000061-resize/depth_bfx/0000061.png,rule,"{""a_concept"": ""pillow"", ""b_concept"": ""column"", ""a_centroid_x"": 325.4649623444118, ""b_centroid_x"": 686.7147638471768, ""horizontal_gap_px"": 361.24980150276497, ""image_width"": 730}"
test_007315,kv2/kinect2data/001722_2014-06-26_19-27-34_260595134347_rgbf000098-resize,scene:kv2/kinect2data/001722_2014-06-26_19-27-34_260595134347_rgbf000098-resize,kv2,furniture_store,test,left_right,,3,Is the chair on the left side or the right side of the table?,,left,choice,left|right,SUNRGBD/kv2/kinect2data/001722_2014-06-26_19-27-34_260595134347_rgbf000098-resize/image/0000098.jpg,SUNRGBD/kv2/kinect2data/001722_2014-06-26_19-27-34_260595134347_rgbf000098-resize/depth_bfx/0000098.png,rule,"{""a_concept"": ""chair"", ""b_concept"": ""table"", ""a_centroid_x"": 524.6635582373377, ""b_centroid_x"": 653.464291180151, ""horizontal_gap_px"": 128.80073294281328, ""image_width"": 730}"
test_009006,kv2/kinect2data/000855_2014-06-09_19-44-33_260595134347_rgbf000115-resize,scene:kv2/kinect2data/000855_2014-06-09_19-44-33_260595134347_rgbf000115-resize,kv2,dining_area,test,left_right,,5,"From the pillar, which direction is the chair leg in, left or right?",,right,choice,left|right,SUNRGBD/kv2/kinect2data/000855_2014-06-09_19-44-33_260595134347_rgbf000115-resize/image/0000115.jpg,SUNRGBD/kv2/kinect2data/000855_2014-06-09_19-44-33_260595134347_rgbf000115-resize/depth_bfx/0000115.png,rule,"{""a_concept"": ""chairleg"", ""b_concept"": ""pillar"", ""a_centroid_x"": 790.579593721145, ""b_centroid_x"": 113.85918367871625, ""horizontal_gap_px"": 676.7204100424287, ""image_width"": 730}"
test_010237,kv2/kinect2data/000562_2014-06-09_22-46-47_260595134347_rgbf000233-resize,scene:kv2/kinect2data/000562_2014-06-09_22-46-47_260595134347_rgbf000233-resize,kv2,kitchen,test,left_right,,2,"Looking at the paper, is the sink positioned on its left or right?",,right,choice,left|right,SUNRGBD/kv2/kinect2data/000562_2014-06-09_22-46-47_260595134347_rgbf000233-resize/image/0000233.jpg,SUNRGBD/kv2/kinect2data/000562_2014-06-09_22-46-47_260595134347_rgbf000233-resize/depth_bfx/0000233.png,rule,"{""a_concept"": ""sink"", ""b_concept"": ""paper"", ""a_centroid_x"": 563.6576395920856, ""b_centroid_x"": 375.7301568056903, ""horizontal_gap_px"": 187.92748278639533, ""image_width"": 730}"
test_009237,kv2/kinect2data/003473_2014-05-21_15-02-50_094959634447_rgbf000101-resize,scene:kv2/kinect2data/003473_2014-05-21_15-02-50_094959634447_rgbf000101-resize,kv2,classroom,test,left_right,,4,"Which side of the door is the desktop on, left or right?",,left,choice,left|right,SUNRGBD/kv2/kinect2data/003473_2014-05-21_15-02-50_094959634447_rgbf000101-resize/image/0000101.jpg,SUNRGBD/kv2/kinect2data/003473_2014-05-21_15-02-50_094959634447_rgbf000101-resize/depth_bfx/0000101.png,rule,"{""a_concept"": ""desktop"", ""b_concept"": ""door"", ""a_centroid_x"": 175.70067412723108, ""b_centroid_x"": 782.7817409390627, ""horizontal_gap_px"": 607.0810668118316, ""image_width"": 730}"
test_004093,kv2/kinect2data/001743_2014-06-26_19-48-21_260595134347_rgbf000100-resize,scene:kv2/kinect2data/001743_2014-06-26_19-48-21_260595134347_rgbf000100-resize,kv2,furniture_store,test,left_right,,0,Is the lamp to the left or to the right of the painting?,,left,choice,left|right,SUNRGBD/kv2/kinect2data/001743_2014-06-26_19-48-21_260595134347_rgbf000100-resize/image/0000100.jpg,SUNRGBD/kv2/kinect2data/001743_2014-06-26_19-48-21_260595134347_rgbf000100-resize/depth_bfx/0000100.png,rule,"{""a_concept"": ""lamp"", ""b_concept"": ""painting"", ""a_centroid_x"": 62.917660662122685, ""b_centroid_x"": 379.0, ""horizontal_gap_px"": 316.08233933787733, ""image_width"": 730}"
test_012991,kv2/kinect2data/000633_2014-06-08_16-33-28_260595134347_rgbf000107-resize,scene:kv2/kinect2data/000633_2014-06-08_16-33-28_260595134347_rgbf000107-resize,kv2,rest_space,test,left_right,,3,Is the sofa on the left side or the right side of the cabinet?,,right,choice,left|right,SUNRGBD/kv2/kinect2data/000633_2014-06-08_16-33-28_260595134347_rgbf000107-resize/image/0000107.jpg,SUNRGBD/kv2/kinect2data/000633_2014-06-08_16-33-28_260595134347_rgbf000107-resize/depth_bfx/0000107.png,rule,"{""a_concept"": ""sofa"", ""b_concept"": ""cabinet"", ""a_centroid_x"": 284.556153355969, ""b_centroid_x"": -43.45005412138914, ""horizontal_gap_px"": 328.00620747735815, ""image_width"": 730}"
test_007361,kv2/kinect2data/000064_2014-04-29_14-39-49_094959634447_rgbf002016-resize,scene:kv2/kinect2data/000064_2014-04-29_14-39-49_094959634447_rgbf002016-resize,kv2,classroom,test,left_right,,1,"Relative to the blackboard, is the table on the left or the right?",,left,choice,left|right,SUNRGBD/kv2/kinect2data/000064_2014-04-29_14-39-49_094959634447_rgbf002016-resize/image/0002016.jpg,SUNRGBD/kv2/kinect2data/000064_2014-04-29_14-39-49_094959634447_rgbf002016-resize/depth_bfx/0002016.png,rule,"{""a_concept"": ""table"", ""b_concept"": ""blackboard"", ""a_centroid_x"": 630.2555536619388, ""b_centroid_x"": 737.4540213007557, ""horizontal_gap_px"": 107.19846763881685, ""image_width"": 730}"
test_011128,xtion/sun3ddata/mit_w85_16/16_1/0001220-000040856004,sun3d:mit_w85_16/16_1,xtion,home_office,test,left_right,,4,"Which side of the chair is the curtain on, left or right?",,right,choice,left|right,SUNRGBD/xtion/sun3ddata/mit_w85_16/16_1/0001220-000040856004/image/0001220-000040856004.jpg,SUNRGBD/xtion/sun3ddata/mit_w85_16/16_1/0001220-000040856004/depth_bfx/0001225-000040868898.png,rule,"{""a_concept"": ""curtain"", ""b_concept"": ""chair"", ""a_centroid_x"": 432.45448523604495, ""b_centroid_x"": 278.3852860286029, ""horizontal_gap_px"": 154.06919920744207, ""image_width"": 591}"
test_000185,xtion/sun3ddata/mit_34_302/classroom_34302_oct_30_2012_scan1_erika/0000006-000000240510,sun3d:mit_34_302/classroom_34302_oct_30_2012_scan1_erika,xtion,classroom,test,left_right,,2,"Looking at the door, is the blackboard positioned on its left or right?",,right,choice,left|right,SUNRGBD/xtion/sun3ddata/mit_34_302/classroom_34302_oct_30_2012_scan1_erika/0000006-000000240510/image/0000006-000000240510.jpg,SUNRGBD/xtion/sun3ddata/mit_34_302/classroom_34302_oct_30_2012_scan1_erika/0000006-000000240510/depth_bfx/0000006-000000233584.png,rule,"{""a_concept"": ""blackboard"", ""b_concept"": ""door"", ""a_centroid_x"": 492.98751224289913, ""b_centroid_x"": 281.910690897184, ""horizontal_gap_px"": 211.07682134571513, ""image_width"": 591}"
test_002913,xtion/sun3ddata/mit_46_4conf_2/bcs_floor4_conf_a/0002895-000097354678,sun3d:mit_46_4conf_2/bcs_floor4_conf_a,xtion,conference_room,test,left_right,,2,"Looking at the door, is the whiteboard positioned on its left or right?",,left,choice,left|right,SUNRGBD/xtion/sun3ddata/mit_46_4conf_2/bcs_floor4_conf_a/0002895-000097354678/image/0002895-000097354678.jpg,SUNRGBD/xtion/sun3ddata/mit_46_4conf_2/bcs_floor4_conf_a/0002895-000097354678/depth_bfx/0002908-000097338103.png,rule,"{""a_concept"": ""whiteboard"", ""b_concept"": ""door"", ""a_centroid_x"": 271.47006790384654, ""b_centroid_x"": 616.1749687555794, ""horizontal_gap_px"": 344.7049008517328, ""image_width"": 591}"
test_001100,xtion/sun3ddata/home_pt/home_pt_scan1_2012_oct_19/0001810-000060630444,sun3d:home_pt/home_pt_scan1_2012_oct_19,xtion,bathroom,test,left_right,,0,Is the window to the left or to the right of the basket?,,right,choice,left|right,SUNRGBD/xtion/sun3ddata/home_pt/home_pt_scan1_2012_oct_19/0001810-000060630444/image/0001810-000060630444.jpg,SUNRGBD/xtion/sun3ddata/home_pt/home_pt_scan1_2012_oct_19/0001810-000060630444/depth_bfx/0001817-000060617362.png,rule,"{""a_concept"": ""window"", ""b_concept"": ""basket"", ""a_centroid_x"": 552.5742807734633, ""b_centroid_x"": 318.0572183849237, ""horizontal_gap_px"": 234.5170623885396, ""image_width"": 591}"
test_007918,xtion/sun3ddata/mit_w85g/g_0/0001213-000040621392,sun3d:mit_w85g/g_0,xtion,bedroom,test,left_right,,5,"From the table, which direction is the chair in, left or right?",,left,choice,left|right,SUNRGBD/xtion/sun3ddata/mit_w85g/g_0/0001213-000040621392/image/0001213-000040621392.jpg,SUNRGBD/xtion/sun3ddata/mit_w85g/g_0/0001213-000040621392/depth_bfx/0001218-000040612749.png,rule,"{""a_concept"": ""chair"", ""b_concept"": ""table"", ""a_centroid_x"": 234.17311183064731, ""b_centroid_x"": 510.65893533059517, ""horizontal_gap_px"": 276.48582349994786, ""image_width"": 591}"
test_003658,xtion/sun3ddata/mit_76_458/76-458a/0000012-000000493167,sun3d:mit_76_458/76-458a,xtion,conference_room,test,left_right,,0,Is the blackboard to the left or to the right of the table?,,left,choice,left|right,SUNRGBD/xtion/sun3ddata/mit_76_458/76-458a/0000012-000000493167/image/0000012-000000493167.jpg,SUNRGBD/xtion/sun3ddata/mit_76_458/76-458a/0000012-000000493167/depth_bfx/0000012-000000500539.png,rule,"{""a_concept"": ""blackboard"", ""b_concept"": ""table"", ""a_centroid_x"": 293.77577108881457, ""b_centroid_x"": 481.73296938636565, ""horizontal_gap_px"": 187.9571982975511, ""image_width"": 591}"
test_006800,xtion/sun3ddata/mit_w85_2floor/2_stair_4/0000006-000000197551,sun3d:mit_w85_2floor/2_stair_4,xtion,corridor,test,left_right,,1,"Relative to the pillar, is the door on the left or the right?",,left,choice,left|right,SUNRGBD/xtion/sun3ddata/mit_w85_2floor/2_stair_4/0000006-000000197551/image/0000006-000000197551.jpg,SUNRGBD/xtion/sun3ddata/mit_w85_2floor/2_stair_4/0000006-000000197551/depth_bfx/0000007-000000200215.png,rule,"{""a_concept"": ""door"", ""b_concept"": ""pillar"", ""a_centroid_x"": 305.2389191049638, ""b_centroid_x"": 446.65884636716584, ""horizontal_gap_px"": 141.419927262202, ""image_width"": 591}"
test_001598,xtion/sun3ddata/mit_dorm_masseeh_md/dorm_masseeh_md_scan1_oct_26_2012_erika/0001871-000085300366,sun3d:mit_dorm_masseeh_md/dorm_masseeh_md_scan1_oct_26_2012_erika,xtion,bedroom,test,left_right,,5,"From the shelf, which direction is the paper in, left or right?",,left,choice,left|right,SUNRGBD/xtion/sun3ddata/mit_dorm_masseeh_md/dorm_masseeh_md_scan1_oct_26_2012_erika/0001871-000085300366/image/0001871-000085300366.jpg,SUNRGBD/xtion/sun3ddata/mit_dorm_masseeh_md/dorm_masseeh_md_scan1_oct_26_2012_erika/0001871-000085300366/depth_bfx/0001869-000085325172.png,rule,"{""a_concept"": ""paper"", ""b_concept"": ""shelf"", ""a_centroid_x"": 78.52239331723027, ""b_centroid_x"": 561.7795803135008, ""horizontal_gap_px"": 483.25718699627055, ""image_width"": 591}"
test_006948,xtion/sun3ddata/mit_3_huge_office/cl_1/0000923-000030901752,sun3d:mit_3_huge_office/cl_1,xtion,office,test,left_right,,2,"Looking at the binder, is the chair positioned on its left or right?",,right,choice,left|right,SUNRGBD/xtion/sun3ddata/mit_3_huge_office/cl_1/0000923-000030901752/image/0000923-000030901752.jpg,SUNRGBD/xtion/sun3ddata/mit_3_huge_office/cl_1/0000923-000030901752/depth_bfx/0000926-000030886620.png,rule,"{""a_concept"": ""chair"", ""b_concept"": ""binder"", ""a_centroid_x"": 407.1651419188365, ""b_centroid_x"": 121.73530211562516, ""horizontal_gap_px"": 285.4298398032114, ""image_width"": 591}"
test_001104,xtion/sun3ddata/mit_lab_16/lab_16_nov_2_2012_scan1_erika/0007957-000341326944,sun3d:mit_lab_16/lab_16_nov_2_2012_scan1_erika,xtion,lab,test,left_right,,4,"Which side of the chair is the table on, left or right?",,right,choice,left|right,SUNRGBD/xtion/sun3ddata/mit_lab_16/lab_16_nov_2_2012_scan1_erika/0007957-000341326944/image/0007957-000341326944.jpg,SUNRGBD/xtion/sun3ddata/mit_lab_16/lab_16_nov_2_2012_scan1_erika/0007957-000341326944/depth_bfx/0007965-000341318488.png,rule,"{""a_concept"": ""table"", ""b_concept"": ""chair"", ""a_centroid_x"": 505.33441917671456, ""b_centroid_x"": 332.6433734602855, ""horizontal_gap_px"": 172.69104571642907, ""image_width"": 591}"
test_006584,xtion/sun3ddata/mit_ne47_2corridor/ne47_floor2_corridor/0002426-000081343536,sun3d:mit_ne47_2corridor/ne47_floor2_corridor,xtion,dining_area,test,left_right,,4,"Which side of the cupboard is the window on, left or right?",,left,choice,left|right,SUNRGBD/xtion/sun3ddata/mit_ne47_2corridor/ne47_floor2_corridor/0002426-000081343536/image/0002426-000081343536.jpg,SUNRGBD/xtion/sun3ddata/mit_ne47_2corridor/ne47_floor2_corridor/0002426-000081343536/depth_bfx/0002439-000081354232.png,rule,"{""a_concept"": ""window"", ""b_concept"": ""cupboard"", ""a_centroid_x"": 12.716931216931217, ""b_centroid_x"": 620.6930455635492, ""horizontal_gap_px"": 607.9761143466179, ""image_width"": 591}"
test_009770,xtion/sun3ddata/mit_w85k1/scan_1/0004324-000144900023,sun3d:mit_w85k1/scan_1,xtion,bedroom,test,left_right,,3,Is the shelf on the left side or the right side of the box?,,right,choice,left|right,SUNRGBD/xtion/sun3ddata/mit_w85k1/scan_1/0004324-000144900023/image/0004324-000144900023.jpg,SUNRGBD/xtion/sun3ddata/mit_w85k1/scan_1/0004324-000144900023/depth_bfx/0004343-000144889283.png,rule,"{""a_concept"": ""shelf"", ""b_concept"": ""box"", ""a_centroid_x"": 394.52158614912037, ""b_centroid_x"": 299.0485320756007, ""horizontal_gap_px"": 95.47305407351968, ""image_width"": 591}"
test_012980,xtion/sun3ddata/mit_lab_hj/lab_hj_hall5_nov_2_2012_scan1_erika/0001007-000040353264,sun3d:mit_lab_hj/lab_hj_hall5_nov_2_2012_scan1_erika,xtion,dining_area,test,left_right,,2,"Looking at the chair, is the table positioned on its left or right?",,left,choice,left|right,SUNRGBD/xtion/sun3ddata/mit_lab_hj/lab_hj_hall5_nov_2_2012_scan1_erika/0001007-000040353264/image/0001007-000040353264.jpg,SUNRGBD/xtion/sun3ddata/mit_lab_hj/lab_hj_hall5_nov_2_2012_scan1_erika/0001007-000040353264/depth_bfx/0001000-000040343564.png,rule,"{""a_concept"": ""table"", ""b_concept"": ""chair"", ""a_centroid_x"": 237.15928447096854, ""b_centroid_x"": 341.4053378351093, ""horizontal_gap_px"": 104.24605336414078, ""image_width"": 591}"
test_001656,xtion/sun3ddata/mit_36_ti_lab/tian_lab_1/0000517-000017314032,sun3d:mit_36_ti_lab/tian_lab_1,xtion,lab,test,left_right,,3,Is the table on the left side or the right side of the box?,,right,choice,left|right,SUNRGBD/xtion/sun3ddata/mit_36_ti_lab/tian_lab_1/0000517-000017314032/image/0000517-000017314032.jpg,SUNRGBD/xtion/sun3ddata/mit_36_ti_lab/tian_lab_1/0000517-000017314032/depth_bfx/0000520-000017318641.png,rule,"{""a_concept"": ""table"", ""b_concept"": ""box"", ""a_centroid_x"": 426.7391252799368, ""b_centroid_x"": 257.50058293587705, ""horizontal_gap_px"": 169.23854234405974, ""image_width"": 591}"
test_001543,xtion/sun3ddata/mit_lab_16/lab_16_nov_2_2012_scan1_erika/0000673-000027047412,sun3d:mit_lab_16/lab_16_nov_2_2012_scan1_erika,xtion,corridor,test,left_right,,0,Is the door to the left or to the right of the bin?,,left,choice,left|right,SUNRGBD/xtion/sun3ddata/mit_lab_16/lab_16_nov_2_2012_scan1_erika/0000673-000027047412/image/0000673-000027047412.jpg,SUNRGBD/xtion/sun3ddata/mit_lab_16/lab_16_nov_2_2012_scan1_erika/0000673-000027047412/depth_bfx/0000674-000027046891.png,rule,"{""a_concept"": ""door"", ""b_concept"": ""bin"", ""a_centroid_x"": 172.74223228972843, ""b_centroid_x"": 363.50219725851986, ""horizontal_gap_px"": 190.75996496879142, ""image_width"": 591}"
test_010286,xtion/sun3ddata/mit_ne47_huge_office/ne47_floor2_office_2/0002351-000078775724,sun3d:mit_ne47_huge_office/ne47_floor2_office_2,xtion,office,test,left_right,,2,"Looking at the desk, is the table positioned on its left or right?",,right,choice,left|right,SUNRGBD/xtion/sun3ddata/mit_ne47_huge_office/ne47_floor2_office_2/0002351-000078775724/image/0002351-000078775724.jpg,SUNRGBD/xtion/sun3ddata/mit_ne47_huge_office/ne47_floor2_office_2/0002351-000078775724/depth_bfx/0002362-000078784800.png,rule,"{""a_concept"": ""table"", ""b_concept"": ""desk"", ""a_centroid_x"": 288.0048031475946, ""b_centroid_x"": 157.3263163986487, ""horizontal_gap_px"": 130.67848674894591, ""image_width"": 591}"
test_000237,xtion/sun3ddata/mit_32_lounge_d4_bill/d4_lounge_vision_1/0007318-000245404152,sun3d:mit_32_lounge_d4_bill/d4_lounge_vision_1,xtion,idk,test,left_right,,1,"Relative to the paper, is the binder on the left or the right?",,right,choice,left|right,SUNRGBD/xtion/sun3ddata/mit_32_lounge_d4_bill/d4_lounge_vision_1/0007318-000245404152/image/0007318-000245404152.jpg,SUNRGBD/xtion/sun3ddata/mit_32_lounge_d4_bill/d4_lounge_vision_1/0007318-000245404152/depth_bfx/0007349-000245416336.png,rule,"{""a_concept"": ""binder"", ""b_concept"": ""paper"", ""a_centroid_x"": 261.0206280788177, ""b_centroid_x"": 161.2315708220764, ""horizontal_gap_px"": 99.7890572567413, ""image_width"": 591}"
test_009543,xtion/sun3ddata/mit_lab_hj/lab_hj_work_nov_2_2012_scan1_erika/0003351-000136309572,sun3d:mit_lab_hj/lab_hj_work_nov_2_2012_scan1_erika,xtion,office,test,left_right,,5,"From the bottle, which direction is the box in, left or right?",,left,choice,left|right,SUNRGBD/xtion/sun3ddata/mit_lab_hj/lab_hj_work_nov_2_2012_scan1_erika/0003351-000136309572/image/0003351-000136309572.jpg,SUNRGBD/xtion/sun3ddata/mit_lab_hj/lab_hj_work_nov_2_2012_scan1_erika/0003351-000136309572/depth_bfx/0003362-000136317065.png,rule,"{""a_concept"": ""box"", ""b_concept"": ""bottle"", ""a_centroid_x"": 248.03131100623568, ""b_centroid_x"": 604.0379752740844, ""horizontal_gap_px"": 356.0066642678487, ""image_width"": 591}"
test_012671,xtion/sun3ddata/mit_dorm_mcc_eflr6/dorm_mcc_eflr6_oct_31_2012_scan1_erika/0001484-000065099307,sun3d:mit_dorm_mcc_eflr6/dorm_mcc_eflr6_oct_31_2012_scan1_erika,xtion,kitchen,test,left_right,,2,"Looking at the table, is the refrigerator positioned on its left or right?",,left,choice,left|right,SUNRGBD/xtion/sun3ddata/mit_dorm_mcc_eflr6/dorm_mcc_eflr6_oct_31_2012_scan1_erika/0001484-000065099307/image/0001484-000065099307.jpg,SUNRGBD/xtion/sun3ddata/mit_dorm_mcc_eflr6/dorm_mcc_eflr6_oct_31_2012_scan1_erika/0001484-000065099307/depth_bfx/0001476-000065103407.png,rule,"{""a_concept"": ""refrigerator"", ""b_concept"": ""table"", ""a_centroid_x"": 92.53680409736803, ""b_centroid_x"": 290.18623705496225, ""horizontal_gap_px"": 197.64943295759423, ""image_width"": 591}"
test_004347,xtion/sun3ddata/mit_3_huge_office/cl_1/0002171-000072729720,sun3d:mit_3_huge_office/cl_1,xtion,office,test,left_right,,3,Is the chair on the left side or the right side of the paper?,,left,choice,left|right,SUNRGBD/xtion/sun3ddata/mit_3_huge_office/cl_1/0002171-000072729720/image/0002171-000072729720.jpg,SUNRGBD/xtion/sun3ddata/mit_3_huge_office/cl_1/0002171-000072729720/depth_bfx/0002180-000072731660.png,rule,"{""a_concept"": ""chair"", ""b_concept"": ""paper"", ""a_centroid_x"": 285.98755332445023, ""b_centroid_x"": 462.47300643883113, ""horizontal_gap_px"": 176.4854531143809, ""image_width"": 591}"
test_002215,xtion/sun3ddata/mit_dorm_sh_basement/dorm_sh_basement_oct_28_2012_scan1_erika/0002321-000095097546,sun3d:mit_dorm_sh_basement/dorm_sh_basement_oct_28_2012_scan1_erika,xtion,basement,test,left_right,,1,"Relative to the sink, is the light on the left or the right?",,right,choice,left|right,SUNRGBD/xtion/sun3ddata/mit_dorm_sh_basement/dorm_sh_basement_oct_28_2012_scan1_erika/0002321-000095097546/image/0002321-000095097546.jpg,SUNRGBD/xtion/sun3ddata/mit_dorm_sh_basement/dorm_sh_basement_oct_28_2012_scan1_erika/0002321-000095097546/depth_bfx/0002325-000095102362.png,rule,"{""a_concept"": ""light"", ""b_concept"": ""sink"", ""a_centroid_x"": 421.031035872632, ""b_centroid_x"": 230.46551857525262, ""horizontal_gap_px"": 190.5655172973794, ""image_width"": 591}"
test_010883,xtion/xtion_align_data/2014_12_18_13_47_16,scene:xtion/xtion_align_data/2014_12_18_13_47_16,xtion,computer_room,test,left_right,,3,Is the table on the left side or the right side of the monitor?,,right,choice,left|right,SUNRGBD/xtion/xtion_align_data/2014_12_18_13_47_16/image/0000168.jpg,SUNRGBD/xtion/xtion_align_data/2014_12_18_13_47_16/depth_bfx/0000168.png,rule,"{""a_concept"": ""table"", ""b_concept"": ""monitor"", ""a_centroid_x"": 126.59074998360137, ""b_centroid_x"": 25.80654761904762, ""horizontal_gap_px"": 100.78420236455375, ""image_width"": 591}"
test_005812,xtion/sun3ddata/mit_32_d6_lounge/d6_lounge_1/0005781-000193755996,sun3d:mit_32_d6_lounge/d6_lounge_1,xtion,corridor,test,left_right,,3,Is the notice on the left side or the right side of the table?,,right,choice,left|right,SUNRGBD/xtion/sun3ddata/mit_32_d6_lounge/d6_lounge_1/0005781-000193755996/image/0005781-000193755996.jpg,SUNRGBD/xtion/sun3ddata/mit_32_d6_lounge/d6_lounge_1/0005781-000193755996/depth_bfx/0005806-000193750482.png,rule,"{""a_concept"": ""notice"", ""b_concept"": ""table"", ""a_centroid_x"": 119.28428428428428, ""b_centroid_x"": 16.17471414570402, ""horizontal_gap_px"": 103.10957013858027, ""image_width"": 591}"
test_007362,xtion/sun3ddata/mit_32_g825/g825_1/0003171-000106279236,sun3d:mit_32_g825/g825_1,xtion,conference_room,test,left_right,,4,"Which side of the window is the chair on, left or right?",,left,choice,left|right,SUNRGBD/xtion/sun3ddata/mit_32_g825/g825_1/0003171-000106279236/image/0003171-000106279236.jpg,SUNRGBD/xtion/sun3ddata/mit_32_g825/g825_1/0003171-000106279236/depth_bfx/0003185-000106276574.png,rule,"{""a_concept"": ""chair"", ""b_concept"": ""window"", ""a_centroid_x"": 340.7737601300303, ""b_centroid_x"": 570.5106539947055, ""horizontal_gap_px"": 229.7368938646752, ""image_width"": 591}"
test_003949,xtion/sun3ddata/mit_46_5conf_2/bcs_floor5_conf_a/0003034-000101711212,sun3d:mit_46_5conf_2/bcs_floor5_conf_a,xtion,rest_space,test,left_right,,3,Is the bag on the left side or the right side of the box?,,right,choice,left|right,SUNRGBD/xtion/sun3ddata/mit_46_5conf_2/bcs_floor5_conf_a/0003034-000101711212/image/0003034-000101711212.jpg,SUNRGBD/xtion/sun3ddata/mit_46_5conf_2/bcs_floor5_conf_a/0003034-000101711212/depth_bfx/0003049-000101709474.png,rule,"{""a_concept"": ""bag"", ""b_concept"": ""box"", ""a_centroid_x"": 426.33122880860515, ""b_centroid_x"": 293.4215791996166, ""horizontal_gap_px"": 132.90964960898856, ""image_width"": 591}"
test_012871,xtion/xtion_align_data/2014_12_18_12_12_54,scene:xtion/xtion_align_data/2014_12_18_12_12_54,xtion,rest_space,test,left_right,,0,Is the sofa to the left or to the right of the chair?,,right,choice,left|right,SUNRGBD/xtion/xtion_align_data/2014_12_18_12_12_54/image/0000114.jpg,SUNRGBD/xtion/xtion_align_data/2014_12_18_12_12_54/depth_bfx/0000114.png,rule,"{""a_concept"": ""sofa"", ""b_concept"": ""chair"", ""a_centroid_x"": 423.32543692059136, ""b_centroid_x"": 41.27877463638571, ""horizontal_gap_px"": 382.04666228420564, ""image_width"": 591}"
test_001681,xtion/sun3ddata/mit_32_pool/pool_1/0000363-000012142567,sun3d:mit_32_pool/pool_1,xtion,recreation_room,test,left_right,,0,Is the window to the left or to the right of the curtain?,,right,choice,left|right,SUNRGBD/xtion/sun3ddata/mit_32_pool/pool_1/0000363-000012142567/image/0000363-000012142567.jpg,SUNRGBD/xtion/sun3ddata/mit_32_pool/pool_1/0000363-000012142567/depth_bfx/0000365-000012146407.png,rule,"{""a_concept"": ""window"", ""b_concept"": ""curtain"", ""a_centroid_x"": 613.448275862069, ""b_centroid_x"": 37.95646107759859, ""horizontal_gap_px"": 575.4918147844703, ""image_width"": 591}"
test_004125,xtion/sun3ddata/mit_46_ted_lab1/ted_lab_1/0001574-000052833723,sun3d:mit_46_ted_lab1/ted_lab_1,xtion,office,test,left_right,,4,"Which side of the door is the shelf on, left or right?",,right,choice,left|right,SUNRGBD/xtion/sun3ddata/mit_46_ted_lab1/ted_lab_1/0001574-000052833723/image/0001574-000052833723.jpg,SUNRGBD/xtion/sun3ddata/mit_46_ted_lab1/ted_lab_1/0001574-000052833723/depth_bfx/0001582-000052823523.png,rule,"{""a_concept"": ""shelf"", ""b_concept"": ""door"", ""a_centroid_x"": 460.3387058697285, ""b_centroid_x"": 109.34234461606503, ""horizontal_gap_px"": 350.9963612536635, ""image_width"": 591}"
test_002540,xtion/sun3ddata/mit_lab_hj/lab_hj_work_nov_2_2012_scan1_erika/0004473-000180282564,sun3d:mit_lab_hj/lab_hj_work_nov_2_2012_scan1_erika,xtion,office,test,left_right,,0,Is the printer to the left or to the right of the chalkboard?,,right,choice,left|right,SUNRGBD/xtion/sun3ddata/mit_lab_hj/lab_hj_work_nov_2_2012_scan1_erika/0004473-000180282564/image/0004473-000180282564.jpg,SUNRGBD/xtion/sun3ddata/mit_lab_hj/lab_hj_work_nov_2_2012_scan1_erika/0004473-000180282564/depth_bfx/0004473-000180264367.png,rule,"{""a_concept"": ""printer"", ""b_concept"": ""chalkboard"", ""a_centroid_x"": 577.4548091564942, ""b_centroid_x"": 228.81219693761867, ""horizontal_gap_px"": 348.64261221887557, ""image_width"": 591}"
test_005737,xtion/sun3ddata/mit_w85_2floor/k_stair/0001019-000034119288,sun3d:mit_w85_2floor/k_stair,xtion,idk,test,left_right,,3,Is the window on the left side or the right side of the paper?,,left,choice,left|right,SUNRGBD/xtion/sun3ddata/mit_w85_2floor/k_stair/0001019-000034119288/image/0001019-000034119288.jpg,SUNRGBD/xtion/sun3ddata/mit_w85_2floor/k_stair/0001019-000034119288/depth_bfx/0001023-000034113125.png,rule,"{""a_concept"": ""window"", ""b_concept"": ""paper"", ""a_centroid_x"": 289.4975165990314, ""b_centroid_x"": 536.3347116430903, ""horizontal_gap_px"": 246.83719504405883, ""image_width"": 591}"
test_012465,xtion/sun3ddata/mit_3_270/classroom_3270_oct_30_2012_scan1_erika/0001511-000063445788,sun3d:mit_3_270/classroom_3270_oct_30_2012_scan1_erika,xtion,lecture_theatre,test,left_right,,2,"Looking at the window, is the chair positioned on its left or right?",,right,choice,left|right,SUNRGBD/xtion/sun3ddata/mit_3_270/classroom_3270_oct_30_2012_scan1_erika/0001511-000063445788/image/0001511-000063445788.jpg,SUNRGBD/xtion/sun3ddata/mit_3_270/classroom_3270_oct_30_2012_scan1_erika/0001511-000063445788/depth_bfx/0001508-000063470278.png,rule,"{""a_concept"": ""chair"", ""b_concept"": ""window"", ""a_centroid_x"": 368.81898648064555, ""b_centroid_x"": 58.093906900014346, ""horizontal_gap_px"": 310.7250795806312, ""image_width"": 591}"
test_006695,xtion/sun3ddata/mit_lab_16/lab_16_nov_2_2012_scan1_erika/0015429-000659762460,sun3d:mit_lab_16/lab_16_nov_2_2012_scan1_erika,xtion,idk,test,left_right,,3,Is the sink on the left side or the right side of the window?,,right,choice,left|right,SUNRGBD/xtion/sun3ddata/mit_lab_16/lab_16_nov_2_2012_scan1_erika/0015429-000659762460/image/0015429-000659762460.jpg,SUNRGBD/xtion/sun3ddata/mit_lab_16/lab_16_nov_2_2012_scan1_erika/0015429-000659762460/depth_bfx/0015440-000659761240.png,rule,"{""a_concept"": ""sink"", ""b_concept"": ""window"", ""a_centroid_x"": 385.61365907592864, ""b_centroid_x"": 20.423531603651682, ""horizontal_gap_px"": 365.19012747227697, ""image_width"": 591}"
test_009279,xtion/sun3ddata/mit_3_133/classroom_3133_nov_6_2012_scan1_erika/0000007-000000301644,sun3d:mit_3_133/classroom_3133_nov_6_2012_scan1_erika,xtion,lecture_theatre,test,left_right,,5,"From the table, which direction is the desk in, left or right?",,right,choice,left|right,SUNRGBD/xtion/sun3ddata/mit_3_133/classroom_3133_nov_6_2012_scan1_erika/0000007-000000301644/image/0000007-000000301644.jpg,SUNRGBD/xtion/sun3ddata/mit_3_133/classroom_3133_nov_6_2012_scan1_erika/0000007-000000301644/depth_bfx/0000007-000000288112.png,rule,"{""a_concept"": ""desk"", ""b_concept"": ""table"", ""a_centroid_x"": 492.02526901221137, ""b_centroid_x"": 257.14295073911796, ""horizontal_gap_px"": 234.8823182730934, ""image_width"": 591}"
test_013570,xtion/sun3ddata/mit_ne47_2corridor/ne47_floor2_corridor/0000818-000027416292,sun3d:mit_ne47_2corridor/ne47_floor2_corridor,xtion,corridor,test,left_right,,0,Is the poster to the left or to the right of the bookshelf?,,left,choice,left|right,SUNRGBD/xtion/sun3ddata/mit_ne47_2corridor/ne47_floor2_corridor/0000818-000027416292/image/0000818-000027416292.jpg,SUNRGBD/xtion/sun3ddata/mit_ne47_2corridor/ne47_floor2_corridor/0000818-000027416292/depth_bfx/0000823-000027429524.png,rule,"{""a_concept"": ""poster"", ""b_concept"": ""bookshelf"", ""a_centroid_x"": 348.99946417033084, ""b_centroid_x"": 593.7477477477478, ""horizontal_gap_px"": 244.74828357741694, ""image_width"": 591}"
test_011645,xtion/sun3ddata/mit_ne47_huge_office/ne47_floor2_office_1/0000414-000013842108,sun3d:mit_ne47_huge_office/ne47_floor2_office_1,xtion,office,test,left_right,,3,Is the chair on the left side or the right side of the desk?,,right,choice,left|right,SUNRGBD/xtion/sun3ddata/mit_ne47_huge_office/ne47_floor2_office_1/0000414-000013842108/image/0000414-000013842108.jpg,SUNRGBD/xtion/sun3ddata/mit_ne47_huge_office/ne47_floor2_office_1/0000414-000013842108/depth_bfx/0000415-000013826009.png,rule,"{""a_concept"": ""chair"", ""b_concept"": ""desk"", ""a_centroid_x"": 551.0502419301386, ""b_centroid_x"": 139.9234214551016, ""horizontal_gap_px"": 411.126820475037, ""image_width"": 591}"
test_005931,xtion/sun3ddata/mit_lab_hj/lab_hj_work_nov_2_2012_scan1_erika/0000425-000019573344,sun3d:mit_lab_hj/lab_hj_work_nov_2_2012_scan1_erika,xtion,office,test,left_right,,0,Is the paper to the left or to the right of the window?,,left,choice,left|right,SUNRGBD/xtion/sun3ddata/mit_lab_hj/lab_hj_work_nov_2_2012_scan1_erika/0000425-000019573344/image/0000425-000019573344.jpg,SUNRGBD/xtion/sun3ddata/mit_lab_hj/lab_hj_work_nov_2_2012_scan1_erika/0000425-000019573344/depth_bfx/0000426-000019591428.png,rule,"{""a_concept"": ""paper"", ""b_concept"": ""window"", ""a_centroid_x"": 149.47108758375657, ""b_centroid_x"": 532.6342634015629, ""horizontal_gap_px"": 383.1631758178063, ""image_width"": 591}"
test_013425,xtion/sun3ddata/mit_dorm_next_dn/dorm_next_dn_oct_30_2012_scan1_erika/0000007-000000338964,sun3d:mit_dorm_next_dn/dorm_next_dn_oct_30_2012_scan1_erika,xtion,bedroom,test,left_right,,2,"Looking at the chair, is the whiteboard positioned on its left or right?",,right,choice,left|right,SUNRGBD/xtion/sun3ddata/mit_dorm_next_dn/dorm_next_dn_oct_30_2012_scan1_erika/0000007-000000338964/image/0000007-000000338964.jpg,SUNRGBD/xtion/sun3ddata/mit_dorm_next_dn/dorm_next_dn_oct_30_2012_scan1_erika/0000007-000000338964/depth_bfx/0000007-000000333693.png,rule,"{""a_concept"": ""whiteboard"", ""b_concept"": ""chair"", ""a_centroid_x"": 394.94427832255985, ""b_centroid_x"": 245.89315723067838, ""horizontal_gap_px"": 149.05112109188147, ""image_width"": 591}"
test_008009,xtion/sun3ddata/mit_32_lounge_d429/d4_lounge_1/0000667-000022321656,sun3d:mit_32_lounge_d429/d4_lounge_1,xtion,discussion_area,test,left_right,,2,"Looking at the pillow, is the box positioned on its left or right?",,right,choice,left|right,SUNRGBD/xtion/sun3ddata/mit_32_lounge_d429/d4_lounge_1/0000667-000022321656/image/0000667-000022321656.jpg,SUNRGBD/xtion/sun3ddata/mit_32_lounge_d429/d4_lounge_1/0000667-000022321656/depth_bfx/0000670-000022334316.png,rule,"{""a_concept"": ""box"", ""b_concept"": ""pillow"", ""a_centroid_x"": 292.162672476398, ""b_centroid_x"": 96.95375420306642, ""horizontal_gap_px"": 195.20891827333156, ""image_width"": 591}"
test_007106,xtion/sun3ddata/mit_lab_hj/lab_hj_hall5_nov_2_2012_scan1_erika/0001857-000073835748,sun3d:mit_lab_hj/lab_hj_hall5_nov_2_2012_scan1_erika,xtion,corridor,test,left_right,,4,"Which side of the doorway is the window on, left or right?",,left,choice,left|right,SUNRGBD/xtion/sun3ddata/mit_lab_hj/lab_hj_hall5_nov_2_2012_scan1_erika/0001857-000073835748/image/0001857-000073835748.jpg,SUNRGBD/xtion/sun3ddata/mit_lab_hj/lab_hj_hall5_nov_2_2012_scan1_erika/0001857-000073835748/depth_bfx/0001846-000073846291.png,rule,"{""a_concept"": ""window"", ""b_concept"": ""doorway"", ""a_centroid_x"": 70.15724142836818, ""b_centroid_x"": 511.9782801891152, ""horizontal_gap_px"": 441.821038760747, ""image_width"": 591}"
test_005565,xtion/sun3ddata/mit_46_4conf_2/bcs_floor4_conf_a/0002420-000081434578,sun3d:mit_46_4conf_2/bcs_floor4_conf_a,xtion,conference_room,test,left_right,,5,"From the blind, which direction is the door in, left or right?",,left,choice,left|right,SUNRGBD/xtion/sun3ddata/mit_46_4conf_2/bcs_floor4_conf_a/0002420-000081434578/image/0002420-000081434578.jpg,SUNRGBD/xtion/sun3ddata/mit_46_4conf_2/bcs_floor4_conf_a/0002420-000081434578/depth_bfx/0002431-000081420970.png,rule,"{""a_concept"": ""door"", ""b_concept"": ""blind"", ""a_centroid_x"": 261.6376811594203, ""b_centroid_x"": 512.9737156953046, ""horizontal_gap_px"": 251.33603453588427, ""image_width"": 591}"
test_010166,xtion/sun3ddata/mit_lab_koch/lab_koch_bench_nov_2_2012_scan1_erika/0002196-000097403623,sun3d:mit_lab_koch/lab_koch_bench_nov_2_2012_scan1_erika,xtion,lab,test,left_right,,0,Is the shelf to the left or to the right of the book?,,right,choice,left|right,SUNRGBD/xtion/sun3ddata/mit_lab_koch/lab_koch_bench_nov_2_2012_scan1_erika/0002196-000097403623/image/0002196-000097403623.jpg,SUNRGBD/xtion/sun3ddata/mit_lab_koch/lab_koch_bench_nov_2_2012_scan1_erika/0002196-000097403623/depth_bfx/0002192-000097371471.png,rule,"{""a_concept"": ""shelf"", ""b_concept"": ""book"", ""a_centroid_x"": 471.8682649489788, ""b_centroid_x"": 399.998136958711, ""horizontal_gap_px"": 71.8701279902678, ""image_width"": 591}"
test_003951,xtion/sun3ddata/mit_w85_4/4_1/0002967-000099475087,sun3d:mit_w85_4/4_1,xtion,living_room,test,left_right,,1,"Relative to the sofa, is the cloth on the left or the right?",,left,choice,left|right,SUNRGBD/xtion/sun3ddata/mit_w85_4/4_1/0002967-000099475087/image/0002967-000099475087.jpg,SUNRGBD/xtion/sun3ddata/mit_w85_4/4_1/0002967-000099475087/depth_bfx/0002982-000099473734.png,rule,"{""a_concept"": ""cloth"", ""b_concept"": ""sofa"", ""a_centroid_x"": 25.054578850695357, ""b_centroid_x"": 508.80439336310013, ""horizontal_gap_px"": 483.7498145124048, ""image_width"": 591}"
test_009360,xtion/sun3ddata/mit_w59_conference/conference_w59_nov_6_2012_scan1_erika/0002852-000122668560,sun3d:mit_w59_conference/conference_w59_nov_6_2012_scan1_erika,xtion,recreation_room,test,left_right,,3,Is the door on the left side or the right side of the chair?,,right,choice,left|right,SUNRGBD/xtion/sun3ddata/mit_w59_conference/conference_w59_nov_6_2012_scan1_erika/0002852-000122668560/image/0002852-000122668560.jpg,SUNRGBD/xtion/sun3ddata/mit_w59_conference/conference_w59_nov_6_2012_scan1_erika/0002852-000122668560/depth_bfx/0002838-000122685241.png,rule,"{""a_concept"": ""door"", ""b_concept"": ""chair"", ""a_centroid_x"": 405.0470242754287, ""b_centroid_x"": 294.53375419744793, ""horizontal_gap_px"": 110.51327007798079, ""image_width"": 591}"
test_001792,xtion/sun3ddata/mit_w85h/h2_1/0003536-000118512576,sun3d:mit_w85h/h2_1,xtion,bathroom,test,left_right,,0,Is the toilet to the left or to the right of the book?,,left,choice,left|right,SUNRGBD/xtion/sun3ddata/mit_w85h/h2_1/0003536-000118512576/image/0003536-000118512576.jpg,SUNRGBD/xtion/sun3ddata/mit_w85h/h2_1/0003536-000118512576/depth_bfx/0003552-000118517686.png,rule,"{""a_concept"": ""toilet"", ""b_concept"": ""book"", ""a_centroid_x"": 151.1424317505791, ""b_centroid_x"": 222.9249692496925, ""horizontal_gap_px"": 71.7825374991134, ""image_width"": 591}"
test_001665,xtion/sun3ddata/mit_ne47_2corridor/ne47_floor2_corridor/0002503-000083924268,sun3d:mit_ne47_2corridor/ne47_floor2_corridor,xtion,dining_area,test,left_right,,4,"Which side of the refrigerator is the magazine on, left or right?",,left,choice,left|right,SUNRGBD/xtion/sun3ddata/mit_ne47_2corridor/ne47_floor2_corridor/0002503-000083924268/image/0002503-000083924268.jpg,SUNRGBD/xtion/sun3ddata/mit_ne47_2corridor/ne47_floor2_corridor/0002503-000083924268/depth_bfx/0002516-000083923664.png,rule,"{""a_concept"": ""magazine"", ""b_concept"": ""refrigerator"", ""a_centroid_x"": 50.49288337924702, ""b_centroid_x"": 398.9215160454099, ""horizontal_gap_px"": 348.42863266616286, ""image_width"": 591}"
test_006607,xtion/sun3ddata/mit_dorm_next_536/dorm_next_536_oct_29_2012_scan1_erika/0001334-000058821184,sun3d:mit_dorm_next_536/dorm_next_536_oct_29_2012_scan1_erika,xtion,bedroom,test,left_right,,1,"Relative to the bed, is the window on the left or the right?",,right,choice,left|right,SUNRGBD/xtion/sun3ddata/mit_dorm_next_536/dorm_next_536_oct_29_2012_scan1_erika/0001334-000058821184/image/0001334-000058821184.jpg,SUNRGBD/xtion/sun3ddata/mit_dorm_next_536/dorm_next_536_oct_29_2012_scan1_erika/0001334-000058821184/depth_bfx/0001329-000058829988.png,rule,"{""a_concept"": ""window"", ""b_concept"": ""bed"", ""a_centroid_x"": 595.1839738348324, ""b_centroid_x"": 268.2525363550978, ""horizontal_gap_px"": 326.9314374797346, ""image_width"": 591}"
test_013653,xtion/sun3ddata/mit_36_ti_office/tian_office_1/0001887-000063244692,sun3d:mit_36_ti_office/tian_office_1,xtion,office,test,left_right,,0,Is the chair to the left or to the right of the paper?,,right,choice,left|right,SUNRGBD/xtion/sun3ddata/mit_36_ti_office/tian_office_1/0001887-000063244692/image/0001887-000063244692.jpg,SUNRGBD/xtion/sun3ddata/mit_36_ti_office/tian_office_1/0001887-000063244692/depth_bfx/0001895-000063230451.png,rule,"{""a_concept"": ""chair"", ""b_concept"": ""paper"", ""a_centroid_x"": 211.04634709356358, ""b_centroid_x"": 136.04766340630337, ""horizontal_gap_px"": 74.99868368726021, ""image_width"": 591}"
test_014077,xtion/sun3ddata/mit_w20_flr4/sc_flr4_oct_29_2012_scan1_erika/0010115-000430691475,sun3d:mit_w20_flr4/sc_flr4_oct_29_2012_scan1_erika,xtion,corridor,test,left_right,,2,"Looking at the baseboard, is the vent positioned on its left or right?",,left,choice,left|right,SUNRGBD/xtion/sun3ddata/mit_w20_flr4/sc_flr4_oct_29_2012_scan1_erika/0010115-000430691475/image/0010115-000430691475.jpg,SUNRGBD/xtion/sun3ddata/mit_w20_flr4/sc_flr4_oct_29_2012_scan1_erika/0010115-000430691475/depth_bfx/0010130-000430696910.png,rule,"{""a_concept"": ""vent"", ""b_concept"": ""baseboard"", ""a_centroid_x"": 199.81954498448812, ""b_centroid_x"": 261.48100562017254, ""horizontal_gap_px"": 61.66146063568442, ""image_width"": 591}"
test_012315,xtion/sun3ddata/mit_32_lounge_d429/d4_lounge_1/0001933-000064752912,sun3d:mit_32_lounge_d429/d4_lounge_1,xtion,office,test,left_right,,1,"Relative to the chair, is the keyboard on the left or the right?",,right,choice,left|right,SUNRGBD/xtion/sun3ddata/mit_32_lounge_d429/d4_lounge_1/0001933-000064752912/image/0001933-000064752912.jpg,SUNRGBD/xtion/sun3ddata/mit_32_lounge_d429/d4_lounge_1/0001933-000064752912/depth_bfx/0001940-000064746633.png,rule,"{""a_concept"": ""keyboard"", ""b_concept"": ""chair"", ""a_centroid_x"": 600.7886785236183, ""b_centroid_x"": 151.92051620193718, ""horizontal_gap_px"": 448.8681623216811, ""image_width"": 591}"
test_000346,xtion/xtion_align_data/2014_12_18_11_58_21,scene:xtion/xtion_align_data/2014_12_18_11_58_21,xtion,rest_space,test,left_right,,4,"Which side of the table is the chair on, left or right?",,left,choice,left|right,SUNRGBD/xtion/xtion_align_data/2014_12_18_11_58_21/image/0000076.jpg,SUNRGBD/xtion/xtion_align_data/2014_12_18_11_58_21/depth_bfx/0000076.png,rule,"{""a_concept"": ""chair"", ""b_concept"": ""table"", ""a_centroid_x"": 278.44615217959256, ""b_centroid_x"": 460.96960463283, ""horizontal_gap_px"": 182.52345245323744, ""image_width"": 591}"
test_010026,xtion/sun3ddata/mit_dorm_sh_basement/dorm_sh_basement_oct_28_2012_scan1_erika/0005787-000238847670,sun3d:mit_dorm_sh_basement/dorm_sh_basement_oct_28_2012_scan1_erika,xtion,basement,test,left_right,,2,"Looking at the cloth, is the table positioned on its left or right?",,left,choice,left|right,SUNRGBD/xtion/sun3ddata/mit_dorm_sh_basement/dorm_sh_basement_oct_28_2012_scan1_erika/0005787-000238847670/image/0005787-000238847670.jpg,SUNRGBD/xtion/sun3ddata/mit_dorm_sh_basement/dorm_sh_basement_oct_28_2012_scan1_erika/0005787-000238847670/depth_bfx/0005793-000238823722.png,rule,"{""a_concept"": ""table"", ""b_concept"": ""cloth"", ""a_centroid_x"": 43.288921745797055, ""b_centroid_x"": 141.3620042272784, ""horizontal_gap_px"": 98.07308248148134, ""image_width"": 591}"
test_004226,xtion/sun3ddata/mit_w85d/d1/0002370-000079728520,sun3d:mit_w85d/d1,xtion,idk,test,left_right,,1,"Relative to the lamp, is the curtain on the left or the right?",,right,choice,left|right,SUNRGBD/xtion/sun3ddata/mit_w85d/d1/0002370-000079728520/image/0002370-000079728520.jpg,SUNRGBD/xtion/sun3ddata/mit_w85d/d1/0002370-000079728520/depth_bfx/0002381-000079719139.png,rule,"{""a_concept"": ""curtain"", ""b_concept"": ""lamp"", ""a_centroid_x"": 169.94365438180552, ""b_centroid_x"": 97.4249730715055, ""horizontal_gap_px"": 72.51868131030001, ""image_width"": 591}"
test_007126,kv1/b3dodata/img_0699,scene:kv1/b3dodata/img_0699,kv1,home_office,test,left_right,,4,"Which side of the basket is the bag on, left or right?",,right,choice,left|right,SUNRGBD/kv1/b3dodata/img_0699/image/img_0699.jpg,SUNRGBD/kv1/b3dodata/img_0699/depth_bfx/img_0699_abs.png,rule,"{""a_concept"": ""bag"", ""b_concept"": ""basket"", ""a_centroid_x"": 200.04872944693574, ""b_centroid_x"": 85.83513158221098, ""horizontal_gap_px"": 114.21359786472476, ""image_width"": 561}"
test_013791,kv1/b3dodata/img_0802,scene:kv1/b3dodata/img_0802,kv1,kitchen,test,left_right,,3,Is the refrigerator on the left side or the right side of the cabinet?,,right,choice,left|right,SUNRGBD/kv1/b3dodata/img_0802/image/img_0802.jpg,SUNRGBD/kv1/b3dodata/img_0802/depth_bfx/img_0802_abs.png,rule,"{""a_concept"": ""refrigerator"", ""b_concept"": ""cabinet"", ""a_centroid_x"": 321.5342811182123, ""b_centroid_x"": 142.27750062448703, ""horizontal_gap_px"": 179.25678049372524, ""image_width"": 561}"
test_002214,kv1/b3dodata/img_0448,scene:kv1/b3dodata/img_0448,kv1,bathroom,test,left_right,,0,Is the faucet to the left or to the right of the plant?,,right,choice,left|right,SUNRGBD/kv1/b3dodata/img_0448/image/img_0448.jpg,SUNRGBD/kv1/b3dodata/img_0448/depth_bfx/img_0448_abs.png,rule,"{""a_concept"": ""faucet"", ""b_concept"": ""plant"", ""a_centroid_x"": 169.2663425175581, ""b_centroid_x"": 5.462335941173956, ""horizontal_gap_px"": 163.80400657638413, ""image_width"": 561}"
test_004428,kv1/NYUdata/NYU0974,scene:kv1/NYUdata/NYU0974,kv1,bedroom,test,left_right,,4,"Which side of the bed is the blind on, left or right?",,right,choice,left|right,SUNRGBD/kv1/NYUdata/NYU0974/image/NYU0974.jpg,SUNRGBD/kv1/NYUdata/NYU0974/depth_bfx/NYU0974.png,rule,"{""a_concept"": ""blind"", ""b_concept"": ""bed"", ""a_centroid_x"": 524.5056442912402, ""b_centroid_x"": 133.97042548771506, ""horizontal_gap_px"": 390.53521880352514, ""image_width"": 561}"
test_008155,kv1/b3dodata/img_0428,scene:kv1/b3dodata/img_0428,kv1,office,test,left_right,,1,"Relative to the paper, is the bottle on the left or the right?",,left,choice,left|right,SUNRGBD/kv1/b3dodata/img_0428/image/img_0428.jpg,SUNRGBD/kv1/b3dodata/img_0428/depth_bfx/img_0428_abs.png,rule,"{""a_concept"": ""bottle"", ""b_concept"": ""paper"", ""a_centroid_x"": 73.09378618294095, ""b_centroid_x"": 197.31296843061548, ""horizontal_gap_px"": 124.21918224767454, ""image_width"": 561}"
test_002072,kv1/NYUdata/NYU0220,scene:kv1/NYUdata/NYU0220,kv1,bedroom,test,left_right,,5,"From the television, which direction is the doorknob in, left or right?",,right,choice,left|right,SUNRGBD/kv1/NYUdata/NYU0220/image/NYU0220.jpg,SUNRGBD/kv1/NYUdata/NYU0220/depth_bfx/NYU0220.png,rule,"{""a_concept"": ""doorknob"", ""b_concept"": ""television"", ""a_centroid_x"": 536.9554794520548, ""b_centroid_x"": 21.546573307871842, ""horizontal_gap_px"": 515.4089061441829, ""image_width"": 561}"
test_012876,kv1/NYUdata/NYU0975,scene:kv1/NYUdata/NYU0975,kv1,bedroom,test,left_right,,3,Is the cabinet on the left side or the right side of the bed?,,right,choice,left|right,SUNRGBD/kv1/NYUdata/NYU0975/image/NYU0975.jpg,SUNRGBD/kv1/NYUdata/NYU0975/depth_bfx/NYU0975.png,rule,"{""a_concept"": ""cabinet"", ""b_concept"": ""bed"", ""a_centroid_x"": 498.9267695322067, ""b_centroid_x"": 43.86028962109537, ""horizontal_gap_px"": 455.06647991111134, ""image_width"": 561}"
test_013292,kv1/b3dodata/img_0525,scene:kv1/b3dodata/img_0525,kv1,office,test,left_right,,3,Is the laptop on the left side or the right side of the mouse?,,left,choice,left|right,SUNRGBD/kv1/b3dodata/img_0525/image/img_0525.jpg,SUNRGBD/kv1/b3dodata/img_0525/depth_bfx/img_0525_abs.png,rule,"{""a_concept"": ""laptop"", ""b_concept"": ""mouse"", ""a_centroid_x"": 229.71843061725326, ""b_centroid_x"": 465.1788757315911, ""horizontal_gap_px"": 235.46044511433786, ""image_width"": 561}"
test_001860,kv1/NYUdata/NYU0732,scene:kv1/NYUdata/NYU0732,kv1,bathroom,test,left_right,,4,"Which side of the blind is the picture on, left or right?",,left,choice,left|right,SUNRGBD/kv1/NYUdata/NYU0732/image/NYU0732.jpg,SUNRGBD/kv1/NYUdata/NYU0732/depth_bfx/NYU0732.png,rule,"{""a_concept"": ""picture"", ""b_concept"": ""blind"", ""a_centroid_x"": 171.49867767828144, ""b_centroid_x"": 449.7231116454681, ""horizontal_gap_px"": 278.22443396718666, ""image_width"": 561}"
test_010021,kv1/b3dodata/img_0422,scene:kv1/b3dodata/img_0422,kv1,office,test,left_right,,1,"Relative to the speaker, is the mouse on the left or the right?",,right,choice,left|right,SUNRGBD/kv1/b3dodata/img_0422/image/img_0422.jpg,SUNRGBD/kv1/b3dodata/img_0422/depth_bfx/img_0422_abs.png,rule,"{""a_concept"": ""mouse"", ""b_concept"": ""speaker"", ""a_centroid_x"": 303.091412865186, ""b_centroid_x"": 22.540643217396997, ""horizontal_gap_px"": 280.55076964778897, ""image_width"": 561}"
test_006535,kv1/b3dodata/img_0702,scene:kv1/b3dodata/img_0702,kv1,bedroom,test,left_right,,0,Is the stool to the left or to the right of the cloth?,,right,choice,left|right,SUNRGBD/kv1/b3dodata/img_0702/image/img_0702.jpg,SUNRGBD/kv1/b3dodata/img_0702/depth_bfx/img_0702_abs.png,rule,"{""a_concept"": ""stool"", ""b_concept"": ""cloth"", ""a_centroid_x"": 559.7669058637225, ""b_centroid_x"": 184.18695748086722, ""horizontal_gap_px"": 375.57994838285526, ""image_width"": 561}"
test_003968,kv1/NYUdata/NYU1424,scene:kv1/NYUdata/NYU1424,kv1,dining_room,test,left_right,,0,Is the table to the left or to the right of the flower?,,left,choice,left|right,SUNRGBD/kv1/NYUdata/NYU1424/image/NYU1424.jpg,SUNRGBD/kv1/NYUdata/NYU1424/depth_bfx/NYU1424.png,rule,"{""a_concept"": ""table"", ""b_concept"": ""flower"", ""a_centroid_x"": 204.4137398833051, ""b_centroid_x"": 280.2622716894977, ""horizontal_gap_px"": 75.8485318061926, ""image_width"": 561}"
test_012696,kv1/NYUdata/NYU1226,scene:kv1/NYUdata/NYU1226,kv1,living_room,test,left_right,,0,Is the television to the left or to the right of the coffee table?,,right,choice,left|right,SUNRGBD/kv1/NYUdata/NYU1226/image/NYU1226.jpg,SUNRGBD/kv1/NYUdata/NYU1226/depth_bfx/NYU1226.png,rule,"{""a_concept"": ""television"", ""b_concept"": ""coffeetable"", ""a_centroid_x"": 158.01785714285714, ""b_centroid_x"": 16.567810697174146, ""horizontal_gap_px"": 141.450046445683, ""image_width"": 561}"
test_004973,kv1/NYUdata/NYU0768,scene:kv1/NYUdata/NYU0768,kv1,kitchen,test,left_right,,5,"From the door, which direction is the bowl in, left or right?",,left,choice,left|right,SUNRGBD/kv1/NYUdata/NYU0768/image/NYU0768.jpg,SUNRGBD/kv1/NYUdata/NYU0768/depth_bfx/NYU0768.png,rule,"{""a_concept"": ""bowl"", ""b_concept"": ""door"", ""a_centroid_x"": 237.89842529150138, ""b_centroid_x"": 386.61751041446024, ""horizontal_gap_px"": 148.71908512295886, ""image_width"": 561}"
test_003265,kv1/NYUdata/NYU1278,scene:kv1/NYUdata/NYU1278,kv1,living_room,test,left_right,,3,Is the floor mat on the left side or the right side of the coffee table?,,right,choice,left|right,SUNRGBD/kv1/NYUdata/NYU1278/image/NYU1278.jpg,SUNRGBD/kv1/NYUdata/NYU1278/depth_bfx/NYU1278.png,rule,"{""a_concept"": ""floormat"", ""b_concept"": ""coffeetable"", ""a_centroid_x"": 390.4725274725275, ""b_centroid_x"": 217.7843654670335, ""horizontal_gap_px"": 172.68816200549398, ""image_width"": 561}"
test_011933,kv1/b3dodata/img_0590,scene:kv1/b3dodata/img_0590,kv1,bathroom,test,left_right,,4,"Which side of the bathtub is the shower curtain on, left or right?",,left,choice,left|right,SUNRGBD/kv1/b3dodata/img_0590/image/img_0590.jpg,SUNRGBD/kv1/b3dodata/img_0590/depth_bfx/img_0590_abs.png,rule,"{""a_concept"": ""showercurtain"", ""b_concept"": ""bathtub"", ""a_centroid_x"": 172.655446479776, ""b_centroid_x"": 431.7776049843134, ""horizontal_gap_px"": 259.1221585045374, ""image_width"": 561}"
test_004273,kv1/NYUdata/NYU1410,scene:kv1/NYUdata/NYU1410,kv1,dining_room,test,left_right,,5,"From the floor mat, which direction is the door in, left or right?",,right,choice,left|right,SUNRGBD/kv1/NYUdata/NYU1410/image/NYU1410.jpg,SUNRGBD/kv1/NYUdata/NYU1410/depth_bfx/NYU1410.png,rule,"{""a_concept"": ""door"", ""b_concept"": ""floormat"", ""a_centroid_x"": 181.31391274864376, ""b_centroid_x"": 87.0001415361389, ""horizontal_gap_px"": 94.31377121250486, ""image_width"": 561}"
test_011042,kv1/NYUdata/NYU1261,scene:kv1/NYUdata/NYU1261,kv1,living_room,test,left_right,,3,Is the blind on the left side or the right side of the coffee table?,,left,choice,left|right,SUNRGBD/kv1/NYUdata/NYU1261/image/NYU1261.jpg,SUNRGBD/kv1/NYUdata/NYU1261/depth_bfx/NYU1261.png,rule,"{""a_concept"": ""blind"", ""b_concept"": ""coffeetable"", ""a_centroid_x"": 34.89325271643884, ""b_centroid_x"": 525.2890354570119, ""horizontal_gap_px"": 490.39578274057305, ""image_width"": 561}"
test_001452,kv1/NYUdata/NYU1443,scene:kv1/NYUdata/NYU1443,kv1,dining_room,test,left_right,,0,Is the table to the left or to the right of the floor mat?,,right,choice,left|right,SUNRGBD/kv1/NYUdata/NYU1443/image/NYU1443.jpg,SUNRGBD/kv1/NYUdata/NYU1443/depth_bfx/NYU1443.png,rule,"{""a_concept"": ""table"", ""b_concept"": ""floormat"", ""a_centroid_x"": 191.67408829174664, ""b_centroid_x"": 96.88094758933963, ""horizontal_gap_px"": 94.79314070240702, ""image_width"": 561}"
test_011366,kv1/NYUdata/NYU0192,scene:kv1/NYUdata/NYU0192,kv1,bedroom,test,left_right,,3,Is the box on the left side or the right side of the television?,,left,choice,left|right,SUNRGBD/kv1/NYUdata/NYU0192/image/NYU0192.jpg,SUNRGBD/kv1/NYUdata/NYU0192/depth_bfx/NYU0192.png,rule,"{""a_concept"": ""box"", ""b_concept"": ""television"", ""a_centroid_x"": 23.313541666666666, ""b_centroid_x"": 254.09894958281805, ""horizontal_gap_px"": 230.78540791615137, ""image_width"": 561}"
test_012602,kv1/NYUdata/NYU0431,scene:kv1/NYUdata/NYU0431,kv1,playroom,test,left_right,,2,"Looking at the rug, is the pillow positioned on its left or right?",,left,choice,left|right,SUNRGBD/kv1/NYUdata/NYU0431/image/NYU0431.jpg,SUNRGBD/kv1/NYUdata/NYU0431/depth_bfx/NYU0431.png,rule,"{""a_concept"": ""pillow"", ""b_concept"": ""rug"", ""a_centroid_x"": 130.91245734742967, ""b_centroid_x"": 193.98413018626857, ""horizontal_gap_px"": 63.07167283883891, ""image_width"": 561}"
test_012701,kv1/NYUdata/NYU0361,scene:kv1/NYUdata/NYU0361,kv1,home_office,test,left_right,,2,"Looking at the mouse, is the picture positioned on its left or right?",,left,choice,left|right,SUNRGBD/kv1/NYUdata/NYU0361/image/NYU0361.jpg,SUNRGBD/kv1/NYUdata/NYU0361/depth_bfx/NYU0361.png,rule,"{""a_concept"": ""picture"", ""b_concept"": ""mouse"", ""a_centroid_x"": 197.30742200328407, ""b_centroid_x"": 415.31356837606836, ""horizontal_gap_px"": 218.0061463727843, ""image_width"": 561}"
test_001842,kv1/NYUdata/NYU1023,scene:kv1/NYUdata/NYU1023,kv1,bedroom,test,left_right,,5,"From the blind, which direction is the box in, left or right?",,right,choice,left|right,SUNRGBD/kv1/NYUdata/NYU1023/image/NYU1023.jpg,SUNRGBD/kv1/NYUdata/NYU1023/depth_bfx/NYU1023.png,rule,"{""a_concept"": ""box"", ""b_concept"": ""blind"", ""a_centroid_x"": 360.946780072904, ""b_centroid_x"": 227.94850373019642, ""horizontal_gap_px"": 132.99827634270758, ""image_width"": 561}"
test_007966,kv1/b3dodata/img_0552,scene:kv1/b3dodata/img_0552,kv1,home_office,test,left_right,,3,Is the monitor on the left side or the right side of the keyboard?,,right,choice,left|right,SUNRGBD/kv1/b3dodata/img_0552/image/img_0552.jpg,SUNRGBD/kv1/b3dodata/img_0552/depth_bfx/img_0552_abs.png,rule,"{""a_concept"": ""monitor"", ""b_concept"": ""keyboard"", ""a_centroid_x"": 313.93048582553337, ""b_centroid_x"": 179.02092767942912, ""horizontal_gap_px"": 134.90955814610425, ""image_width"": 561}"
test_006199,kv1/NYUdata/NYU0801,scene:kv1/NYUdata/NYU0801,kv1,kitchen,test,left_right,,3,Is the sofa on the left side or the right side of the television?,,right,choice,left|right,SUNRGBD/kv1/NYUdata/NYU0801/image/NYU0801.jpg,SUNRGBD/kv1/NYUdata/NYU0801/depth_bfx/NYU0801.png,rule,"{""a_concept"": ""sofa"", ""b_concept"": ""television"", ""a_centroid_x"": 493.116986496091, ""b_centroid_x"": 397.1637154024089, ""horizontal_gap_px"": 95.95327109368208, ""image_width"": 561}"
test_002382,kv1/b3dodata/img_0714,scene:kv1/b3dodata/img_0714,kv1,kitchen,test,left_right,,1,"Relative to the cabinet, is the door on the left or the right?",,right,choice,left|right,SUNRGBD/kv1/b3dodata/img_0714/image/img_0714.jpg,SUNRGBD/kv1/b3dodata/img_0714/depth_bfx/img_0714_abs.png,rule,"{""a_concept"": ""door"", ""b_concept"": ""cabinet"", ""a_centroid_x"": 52.05018239179729, ""b_centroid_x"": -9.3127448300993, ""horizontal_gap_px"": 61.36292722189659, ""image_width"": 561}"
test_003586,kv1/NYUdata/NYU0183,scene:kv1/NYUdata/NYU0183,kv1,bedroom,test,left_right,,3,Is the bed on the left side or the right side of the blanket?,,left,choice,left|right,SUNRGBD/kv1/NYUdata/NYU0183/image/NYU0183.jpg,SUNRGBD/kv1/NYUdata/NYU0183/depth_bfx/NYU0183.png,rule,"{""a_concept"": ""bed"", ""b_concept"": ""blanket"", ""a_centroid_x"": 215.0110848422215, ""b_centroid_x"": 416.51143807617973, ""horizontal_gap_px"": 201.50035323395824, ""image_width"": 561}"
test_007990,kv1/NYUdata/NYU0359,scene:kv1/NYUdata/NYU0359,kv1,home_office,test,left_right,,5,"From the picture, which direction is the table in, left or right?",,right,choice,left|right,SUNRGBD/kv1/NYUdata/NYU0359/image/NYU0359.jpg,SUNRGBD/kv1/NYUdata/NYU0359/depth_bfx/NYU0359.png,rule,"{""a_concept"": ""table"", ""b_concept"": ""picture"", ""a_centroid_x"": 493.25794082594956, ""b_centroid_x"": 289.88583482647755, ""horizontal_gap_px"": 203.372105999472, ""image_width"": 561}"
test_003415,kv1/b3dodata/img_0816,scene:kv1/b3dodata/img_0816,kv1,living_room,test,left_right,,3,Is the television on the left side or the right side of the chair?,,left,choice,left|right,SUNRGBD/kv1/b3dodata/img_0816/image/img_0816.jpg,SUNRGBD/kv1/b3dodata/img_0816/depth_bfx/img_0816_abs.png,rule,"{""a_concept"": ""television"", ""b_concept"": ""chair"", ""a_centroid_x"": -21.733520932963817, ""b_centroid_x"": 265.1204412837345, ""horizontal_gap_px"": 286.85396221669833, ""image_width"": 561}"
test_000966,kv1/NYUdata/NYU0524,scene:kv1/NYUdata/NYU0524,kv1,bedroom,test,left_right,,4,"Which side of the blind is the cabinet on, left or right?",,left,choice,left|right,SUNRGBD/kv1/NYUdata/NYU0524/image/NYU0524.jpg,SUNRGBD/kv1/NYUdata/NYU0524/depth_bfx/NYU0524.png,rule,"{""a_concept"": ""cabinet"", ""b_concept"": ""blind"", ""a_centroid_x"": 60.80775360197743, ""b_centroid_x"": 505.44132191739726, ""horizontal_gap_px"": 444.63356831541984, ""image_width"": 561}"
test_003581,kv1/NYUdata/NYU0355,scene:kv1/NYUdata/NYU0355,kv1,home_office,test,left_right,,1,"Relative to the floor mat, is the bookshelf on the left or the right?",,left,choice,left|right,SUNRGBD/kv1/NYUdata/NYU0355/image/NYU0355.jpg,SUNRGBD/kv1/NYUdata/NYU0355/depth_bfx/NYU0355.png,rule,"{""a_concept"": ""bookshelf"", ""b_concept"": ""floormat"", ""a_centroid_x"": 64.98914223669924, ""b_centroid_x"": 358.77177231100734, ""horizontal_gap_px"": 293.7826300743081, ""image_width"": 561}"
test_012379,realsense/lg/2014_10_30-15_09_40-1311000073,scene:realsense/lg/2014_10_30-15_09_40-1311000073,realsense,rest_space,test,left_right,,5,"From the table, which direction is the trash can in, left or right?",,right,choice,left|right,SUNRGBD/realsense/lg/2014_10_30-15_09_40-1311000073/image/0000064.jpg,SUNRGBD/realsense/lg/2014_10_30-15_09_40-1311000073/depth_bfx/0000064.png,rule,"{""a_concept"": ""trashcan"", ""b_concept"": ""table"", ""a_centroid_x"": 369.70087176113896, ""b_centroid_x"": 168.03405112623025, ""horizontal_gap_px"": 201.6668206349087, ""image_width"": 681}"
test_012282,realsense/lg/2014_10_24-09_29_33-1311000073,scene:realsense/lg/2014_10_24-09_29_33-1311000073,realsense,laundromat,test,left_right,,5,"From the door, which direction is the clothes in, left or right?",,left,choice,left|right,SUNRGBD/realsense/lg/2014_10_24-09_29_33-1311000073/image/0000066.jpg,SUNRGBD/realsense/lg/2014_10_24-09_29_33-1311000073/depth_bfx/0000066.png,rule,"{""a_concept"": ""clothes"", ""b_concept"": ""door"", ""a_centroid_x"": 458.6560042649607, ""b_centroid_x"": 614.4719337965493, ""horizontal_gap_px"": 155.81592953158855, ""image_width"": 681}"
test_003545,realsense/lg/2014_10_28-15_51_49-1311000073,scene:realsense/lg/2014_10_28-15_51_49-1311000073,realsense,library,test,left_right,,5,"From the backpack, which direction is the cup in, left or right?",,right,choice,left|right,SUNRGBD/realsense/lg/2014_10_28-15_51_49-1311000073/image/0000063.jpg,SUNRGBD/realsense/lg/2014_10_28-15_51_49-1311000073/depth_bfx/0000063.png,rule,"{""a_concept"": ""cup"", ""b_concept"": ""backpack"", ""a_centroid_x"": 554.3207651176892, ""b_centroid_x"": -106.76010101010101, ""horizontal_gap_px"": 661.0808661277903, ""image_width"": 681}"
test_000730,realsense/lg/2014_10_29-16_32_04-1311000073,scene:realsense/lg/2014_10_29-16_32_04-1311000073,realsense,dining_area,test,left_right,,0,Is the window to the left or to the right of the plant?,,left,choice,left|right,SUNRGBD/realsense/lg/2014_10_29-16_32_04-1311000073/image/0000063.jpg,SUNRGBD/realsense/lg/2014_10_29-16_32_04-1311000073/depth_bfx/0000063.png,rule,"{""a_concept"": ""window"", ""b_concept"": ""plant"", ""a_centroid_x"": 161.16035441606184, ""b_centroid_x"": 545.7928275969717, ""horizontal_gap_px"": 384.63247318090987, ""image_width"": 681}"
test_005120,realsense/lg/2014_10_27-15_13_17-1311000073,scene:realsense/lg/2014_10_27-15_13_17-1311000073,realsense,library,test,left_right,,4,"Which side of the file is the monitor on, left or right?",,left,choice,left|right,SUNRGBD/realsense/lg/2014_10_27-15_13_17-1311000073/image/0000063.jpg,SUNRGBD/realsense/lg/2014_10_27-15_13_17-1311000073/depth_bfx/0000063.png,rule,"{""a_concept"": ""monitor"", ""b_concept"": ""file"", ""a_centroid_x"": 45.23797951744489, ""b_centroid_x"": 155.0047224141903, ""horizontal_gap_px"": 109.7667428967454, ""image_width"": 681}"
test_000044,realsense/lg/2014_10_29-16_23_03-1311000073,scene:realsense/lg/2014_10_29-16_23_03-1311000073,realsense,rest_space,test,left_right,,2,"Looking at the sofa, is the chair positioned on its left or right?",,left,choice,left|right,SUNRGBD/realsense/lg/2014_10_29-16_23_03-1311000073/image/0000063.jpg,SUNRGBD/realsense/lg/2014_10_29-16_23_03-1311000073/depth_bfx/0000063.png,rule,"{""a_concept"": ""chair"", ""b_concept"": ""sofa"", ""a_centroid_x"": 272.08743200638594, ""b_centroid_x"": 647.4605368401767, ""horizontal_gap_px"": 375.37310483379076, ""image_width"": 681}"
test_007246,realsense/lg/2014_10_29-16_32_16-1311000073,scene:realsense/lg/2014_10_29-16_32_16-1311000073,realsense,dining_area,test,left_right,,0,Is the chair leg to the left or to the right of the baseboard?,,left,choice,left|right,SUNRGBD/realsense/lg/2014_10_29-16_32_16-1311000073/image/0000063.jpg,SUNRGBD/realsense/lg/2014_10_29-16_32_16-1311000073/depth_bfx/0000063.png,rule,"{""a_concept"": ""chairleg"", ""b_concept"": ""baseboard"", ""a_centroid_x"": 109.43675726556066, ""b_centroid_x"": 694.4634432972383, ""horizontal_gap_px"": 585.0266860316776, ""image_width"": 681}"
test_003868,realsense/lg/2014_10_26-15_21_17-1311000073,scene:realsense/lg/2014_10_26-15_21_17-1311000073,realsense,computer_room,test,left_right,,1,"Relative to the pillar, is the table on the left or the right?",,right,choice,left|right,SUNRGBD/realsense/lg/2014_10_26-15_21_17-1311000073/image/0000063.jpg,SUNRGBD/realsense/lg/2014_10_26-15_21_17-1311000073/depth_bfx/0000063.png,rule,"{""a_concept"": ""table"", ""b_concept"": ""pillar"", ""a_centroid_x"": 589.8873308098188, ""b_centroid_x"": 332.9312169312169, ""horizontal_gap_px"": 256.95611387860185, ""image_width"": 681}"
test_008070,realsense/lg/2014_10_28-15_35_00-1311000073,scene:realsense/lg/2014_10_28-15_35_00-1311000073,realsense,library,test,left_right,,2,"Looking at the outlet, is the table positioned on its left or right?",,left,choice,left|right,SUNRGBD/realsense/lg/2014_10_28-15_35_00-1311000073/image/0000063.jpg,SUNRGBD/realsense/lg/2014_10_28-15_35_00-1311000073/depth_bfx/0000063.png,rule,"{""a_concept"": ""table"", ""b_concept"": ""outlet"", ""a_centroid_x"": 165.01109437306158, ""b_centroid_x"": 345.83440769805685, ""horizontal_gap_px"": 180.82331332499527, ""image_width"": 681}"
test_003384,realsense/lg/2014_10_29-16_50_58-1311000073,scene:realsense/lg/2014_10_29-16_50_58-1311000073,realsense,kitchen,test,left_right,,5,"From the cabinet, which direction is the trash can in, left or right?",,left,choice,left|right,SUNRGBD/realsense/lg/2014_10_29-16_50_58-1311000073/image/0000060.jpg,SUNRGBD/realsense/lg/2014_10_29-16_50_58-1311000073/depth_bfx/0000060.png,rule,"{""a_concept"": ""trashcan"", ""b_concept"": ""cabinet"", ""a_centroid_x"": 443.08002583852556, ""b_centroid_x"": 731.973492399701, ""horizontal_gap_px"": 288.8934665611754, ""image_width"": 681}"
test_006958,realsense/lg/2014_10_30-15_33_49-1311000073,scene:realsense/lg/2014_10_30-15_33_49-1311000073,realsense,dining_area,test,left_right,,2,"Looking at the window, is the table positioned on its left or right?",,right,choice,left|right,SUNRGBD/realsense/lg/2014_10_30-15_33_49-1311000073/image/0000063.jpg,SUNRGBD/realsense/lg/2014_10_30-15_33_49-1311000073/depth_bfx/0000063.png,rule,"{""a_concept"": ""table"", ""b_concept"": ""window"", ""a_centroid_x"": 625.4607650765076, ""b_centroid_x"": -39.46229955646537, ""horizontal_gap_px"": 664.923064632973, ""image_width"": 681}"
test_004680,realsense/lg/2014_10_25-17_10_36-1311000073,scene:realsense/lg/2014_10_25-17_10_36-1311000073,realsense,office,test,left_right,,2,"Looking at the printer, is the file cabinet positioned on its left or right?",,right,choice,left|right,SUNRGBD/realsense/lg/2014_10_25-17_10_36-1311000073/image/0000063.jpg,SUNRGBD/realsense/lg/2014_10_25-17_10_36-1311000073/depth_bfx/0000063.png,rule,"{""a_concept"": ""filecabinet"", ""b_concept"": ""printer"", ""a_centroid_x"": 643.6155498832765, ""b_centroid_x"": 367.35601008741764, ""horizontal_gap_px"": 276.2595397958588, ""image_width"": 681}"
test_012080,realsense/lg/2014_10_30-16_10_52-1311000073,scene:realsense/lg/2014_10_30-16_10_52-1311000073,realsense,bathroom,test,left_right,,0,Is the toilet to the left or to the right of the trash can?,,left,choice,left|right,SUNRGBD/realsense/lg/2014_10_30-16_10_52-1311000073/image/0000063.jpg,SUNRGBD/realsense/lg/2014_10_30-16_10_52-1311000073/depth_bfx/0000063.png,rule,"{""a_concept"": ""toilet"", ""b_concept"": ""trashcan"", ""a_centroid_x"": 293.03236418472414, ""b_centroid_x"": 558.505545764574, ""horizontal_gap_px"": 265.47318157984984, ""image_width"": 681}"
test_003366,realsense/lg/2014_10_29-16_15_22-1311000073,scene:realsense/lg/2014_10_29-16_15_22-1311000073,realsense,rest_space,test,left_right,,2,"Looking at the door, is the desk positioned on its left or right?",,right,choice,left|right,SUNRGBD/realsense/lg/2014_10_29-16_15_22-1311000073/image/0000063.jpg,SUNRGBD/realsense/lg/2014_10_29-16_15_22-1311000073/depth_bfx/0000063.png,rule,"{""a_concept"": ""desk"", ""b_concept"": ""door"", ""a_centroid_x"": 410.42616494572417, ""b_centroid_x"": 33.89921625487261, ""horizontal_gap_px"": 376.52694869085155, ""image_width"": 681}"
test_011696,xtion/sun3ddata/mit_46_ted_lab1/ted_lab_1/0012118-000406293459,sun3d:mit_46_ted_lab1/ted_lab_1,xtion,office,test,relative_depth,farther,0,"Which is farther from the camera, the keyboard or the chair?",,keyboard,choice,keyboard|chair,SUNRGBD/xtion/sun3ddata/mit_46_ted_lab1/ted_lab_1/0012118-000406293459/image/0012118-000406293459.jpg,SUNRGBD/xtion/sun3ddata/mit_46_ted_lab1/ted_lab_1/0012118-000406293459/depth_bfx/0012175-000406303988.png,rule,"{""a_concept"": ""chair"", ""a_depth_m"": 1.1790000200271606, ""b_concept"": ""keyboard"", ""b_depth_m"": 1.5440000295639038, ""comparative"": ""farther"", ""answer_concept"": ""keyboard""}"
test_003318,xtion/sun3ddata/mit_dorm_sh_flr1/dorm_sh_flr1_oct_28_2012_scan1_erika/0001522-000061032636,sun3d:mit_dorm_sh_flr1/dorm_sh_flr1_oct_28_2012_scan1_erika,xtion,basement,test,relative_depth,closer,1,"Between the door and the frame, which one is closer to the camera?",,frame,choice,door|frame,SUNRGBD/xtion/sun3ddata/mit_dorm_sh_flr1/dorm_sh_flr1_oct_28_2012_scan1_erika/0001522-000061032636/image/0001522-000061032636.jpg,SUNRGBD/xtion/sun3ddata/mit_dorm_sh_flr1/dorm_sh_flr1_oct_28_2012_scan1_erika/0001522-000061032636/depth_bfx/0001523-000061034187.png,rule,"{""a_concept"": ""frame"", ""a_depth_m"": 1.7979999780654907, ""b_concept"": ""door"", ""b_depth_m"": 2.5989999771118164, ""comparative"": ""closer"", ""answer_concept"": ""frame""}"
test_012256,xtion/sun3ddata/mit_lab_koch/lab_koch_bench_nov_2_2012_scan1_erika/0000010-000000374803,sun3d:mit_lab_koch/lab_koch_bench_nov_2_2012_scan1_erika,xtion,office,test,relative_depth,farther,2,Is the bottle or the table farther from the camera?,,bottle,choice,bottle|table,SUNRGBD/xtion/sun3ddata/mit_lab_koch/lab_koch_bench_nov_2_2012_scan1_erika/0000010-000000374803/image/0000010-000000374803.jpg,SUNRGBD/xtion/sun3ddata/mit_lab_koch/lab_koch_bench_nov_2_2012_scan1_erika/0000010-000000374803/depth_bfx/0000010-000000367061.png,rule,"{""a_concept"": ""table"", ""a_depth_m"": 1.2380000352859497, ""b_concept"": ""bottle"", ""b_depth_m"": 3.0260000228881836, ""comparative"": ""farther"", ""answer_concept"": ""bottle""}"
test_011913,xtion/sun3ddata/mit_3_133/classroom_3133_nov_6_2012_scan1_erika/0000007-000000301644,sun3d:mit_3_133/classroom_3133_nov_6_2012_scan1_erika,xtion,lecture_theatre,test,relative_depth,closer,2,Is the curtain or the blackboard closer to the camera?,,blackboard,choice,curtain|blackboard,SUNRGBD/xtion/sun3ddata/mit_3_133/classroom_3133_nov_6_2012_scan1_erika/0000007-000000301644/image/0000007-000000301644.jpg,SUNRGBD/xtion/sun3ddata/mit_3_133/classroom_3133_nov_6_2012_scan1_erika/0000007-000000301644/depth_bfx/0000007-000000288112.png,rule,"{""a_concept"": ""curtain"", ""a_depth_m"": 8.0, ""b_concept"": ""blackboard"", ""b_depth_m"": 6.375, ""comparative"": ""closer"", ""answer_concept"": ""blackboard""}"
test_009119,xtion/sun3ddata/mit_dorm_next_536/dorm_next_536_oct_29_2012_scan1_erika/0001594-000070518268,sun3d:mit_dorm_next_536/dorm_next_536_oct_29_2012_scan1_erika,xtion,bedroom,test,relative_depth,farther,4,"Of the shoe and the window, which is farther?",,window,choice,shoe|window,SUNRGBD/xtion/sun3ddata/mit_dorm_next_536/dorm_next_536_oct_29_2012_scan1_erika/0001594-000070518268/image/0001594-000070518268.jpg,SUNRGBD/xtion/sun3ddata/mit_dorm_next_536/dorm_next_536_oct_29_2012_scan1_erika/0001594-000070518268/depth_bfx/0001586-000070509225.png,rule,"{""a_concept"": ""window"", ""a_depth_m"": 2.739000082015991, ""b_concept"": ""shoe"", ""b_depth_m"": 1.4199999570846558, ""comparative"": ""farther"", ""answer_concept"": ""window""}"
test_008862,xtion/sun3ddata/mit_w20_athena/sc_athena_oct_29_2012_scan1_erika/0001020-000043135092,sun3d:mit_w20_athena/sc_athena_oct_29_2012_scan1_erika,xtion,office,test,relative_depth,closer,1,"Between the paper and the computer, which one is closer to the camera?",,computer,choice,paper|computer,SUNRGBD/xtion/sun3ddata/mit_w20_athena/sc_athena_oct_29_2012_scan1_erika/0001020-000043135092/image/0001020-000043135092.jpg,SUNRGBD/xtion/sun3ddata/mit_w20_athena/sc_athena_oct_29_2012_scan1_erika/0001020-000043135092/depth_bfx/0001022-000043150681.png,rule,"{""a_concept"": ""paper"", ""a_depth_m"": 3.575000047683716, ""b_concept"": ""computer"", ""b_depth_m"": 3.072000026702881, ""comparative"": ""closer"", ""answer_concept"": ""computer""}"
test_007486,xtion/sun3ddata/mit_w85j/j1/0006745-000226098936,sun3d:mit_w85j/j1,xtion,kitchen,test,relative_depth,farther,2,Is the table or the cloth farther from the camera?,,cloth,choice,table|cloth,SUNRGBD/xtion/sun3ddata/mit_w85j/j1/0006745-000226098936/image/0006745-000226098936.jpg,SUNRGBD/xtion/sun3ddata/mit_w85j/j1/0006745-000226098936/depth_bfx/0006776-000226096618.png,rule,"{""a_concept"": ""cloth"", ""a_depth_m"": 1.7239999771118164, ""b_concept"": ""table"", ""b_depth_m"": 1.0750000476837158, ""comparative"": ""farther"", ""answer_concept"": ""cloth""}"
test_009950,xtion/sun3ddata/mit_dorm_mcc_eflr6/dorm_mcc_eflr6_oct_31_2012_scan1_erika/0009155-000403275747,sun3d:mit_dorm_mcc_eflr6/dorm_mcc_eflr6_oct_31_2012_scan1_erika,xtion,rest_space,test,relative_depth,closer,0,"Which is closer to the camera, the chair or the sofa?",,sofa,choice,chair|sofa,SUNRGBD/xtion/sun3ddata/mit_dorm_mcc_eflr6/dorm_mcc_eflr6_oct_31_2012_scan1_erika/0009155-000403275747/image/0009155-000403275747.jpg,SUNRGBD/xtion/sun3ddata/mit_dorm_mcc_eflr6/dorm_mcc_eflr6_oct_31_2012_scan1_erika/0009155-000403275747/depth_bfx/0009124-000403267387.png,rule,"{""a_concept"": ""sofa"", ""a_depth_m"": 1.7979999780654907, ""b_concept"": ""chair"", ""b_depth_m"": 2.571000099182129, ""comparative"": ""closer"", ""answer_concept"": ""sofa""}"
test_010985,xtion/sun3ddata/mit_76_4kitchen/76-4kitchen1/0001678-000056376960,sun3d:mit_76_4kitchen/76-4kitchen1,xtion,discussion_area,test,relative_depth,farther,5,"Which one is farther, the table or the window?",,window,choice,table|window,SUNRGBD/xtion/sun3ddata/mit_76_4kitchen/76-4kitchen1/0001678-000056376960/image/0001678-000056376960.jpg,SUNRGBD/xtion/sun3ddata/mit_76_4kitchen/76-4kitchen1/0001678-000056376960/depth_bfx/0001685-000056360663.png,rule,"{""a_concept"": ""window"", ""a_depth_m"": 3.7309999465942383, ""b_concept"": ""table"", ""b_depth_m"": 3.1670000553131104, ""comparative"": ""farther"", ""answer_concept"": ""window""}"
test_008354,xtion/sun3ddata/mit_dorm_mcc_wflr7/dorm_mcc_wflr7_oct_31_2012_scan1_erika/0010019-000433003188,sun3d:mit_dorm_mcc_wflr7/dorm_mcc_wflr7_oct_31_2012_scan1_erika,xtion,corridor,test,relative_depth,closer,4,"Of the door and the light, which is closer?",,door,choice,door|light,SUNRGBD/xtion/sun3ddata/mit_dorm_mcc_wflr7/dorm_mcc_wflr7_oct_31_2012_scan1_erika/0010019-000433003188/image/0010019-000433003188.jpg,SUNRGBD/xtion/sun3ddata/mit_dorm_mcc_wflr7/dorm_mcc_wflr7_oct_31_2012_scan1_erika/0010019-000433003188/depth_bfx/0010003-000432999388.png,rule,"{""a_concept"": ""door"", ""a_depth_m"": 3.177000045776367, ""b_concept"": ""light"", ""b_depth_m"": 4.138999938964844, ""comparative"": ""closer"", ""answer_concept"": ""door""}"
test_010103,xtion/sun3ddata/mit_ne47_2biolab/ne47_floor2/0007499-000251367548,sun3d:mit_ne47_2biolab/ne47_floor2,xtion,lab,test,relative_depth,farther,1,"Between the refrigerator and the counter, which one is farther from the camera?",,refrigerator,choice,refrigerator|counter,SUNRGBD/xtion/sun3ddata/mit_ne47_2biolab/ne47_floor2/0007499-000251367548/image/0007499-000251367548.jpg,SUNRGBD/xtion/sun3ddata/mit_ne47_2biolab/ne47_floor2/0007499-000251367548/depth_bfx/0007534-000251370560.png,rule,"{""a_concept"": ""counter"", ""a_depth_m"": 1.5729999542236328, ""b_concept"": ""refrigerator"", ""b_depth_m"": 2.1489999294281006, ""comparative"": ""farther"", ""answer_concept"": ""refrigerator""}"
test_004645,xtion/sun3ddata/mit_w85j/j1/0000161-000005362560,sun3d:mit_w85j/j1,xtion,bedroom,test,relative_depth,closer,4,"Of the table and the headboard, which is closer?",,table,choice,table|headboard,SUNRGBD/xtion/sun3ddata/mit_w85j/j1/0000161-000005362560/image/0000161-000005362560.jpg,SUNRGBD/xtion/sun3ddata/mit_w85j/j1/0000161-000005362560/depth_bfx/0000161-000005359029.png,rule,"{""a_concept"": ""table"", ""a_depth_m"": 1.0379999876022339, ""b_concept"": ""headboard"", ""b_depth_m"": 1.812999963760376, ""comparative"": ""closer"", ""answer_concept"": ""table""}"
test_011584,xtion/xtion_align_data/2014_12_18_11_59_45,scene:xtion/xtion_align_data/2014_12_18_11_59_45,xtion,rest_space,test,relative_depth,farther,1,"Between the table and the poster, which one is farther from the camera?",,poster,choice,table|poster,SUNRGBD/xtion/xtion_align_data/2014_12_18_11_59_45/image/0000125.jpg,SUNRGBD/xtion/xtion_align_data/2014_12_18_11_59_45/depth_bfx/0000125.png,rule,"{""a_concept"": ""table"", ""a_depth_m"": 1.3839999437332153, ""b_concept"": ""poster"", ""b_depth_m"": 2.864000082015991, ""comparative"": ""farther"", ""answer_concept"": ""poster""}"
test_013365,xtion/sun3ddata/mit_w85_10/10_1/0000006-000000167580,sun3d:mit_w85_10/10_1,xtion,living_room,test,relative_depth,farther,3,"Which object is farther from the camera, the window or the sofa?",,window,choice,window|sofa,SUNRGBD/xtion/sun3ddata/mit_w85_10/10_1/0000006-000000167580/image/0000006-000000167580.jpg,SUNRGBD/xtion/sun3ddata/mit_w85_10/10_1/0000006-000000167580/depth_bfx/0000005-000000143805.png,rule,"{""a_concept"": ""sofa"", ""a_depth_m"": 2.296999931335449, ""b_concept"": ""window"", ""b_depth_m"": 2.7909998893737793, ""comparative"": ""farther"", ""answer_concept"": ""window""}"
test_004356,xtion/sun3ddata/mit_32_lounge_d429/d4_lounge_1/0004709-000157793328,sun3d:mit_32_lounge_d429/d4_lounge_1,xtion,office,test,relative_depth,closer,5,"Which one is closer, the table or the paper?",,table,choice,table|paper,SUNRGBD/xtion/sun3ddata/mit_32_lounge_d429/d4_lounge_1/0004709-000157793328/image/0004709-000157793328.jpg,SUNRGBD/xtion/sun3ddata/mit_32_lounge_d429/d4_lounge_1/0004709-000157793328/depth_bfx/0004727-000157780102.png,rule,"{""a_concept"": ""table"", ""a_depth_m"": 1.6660000085830688, ""b_concept"": ""paper"", ""b_depth_m"": 2.372999906539917, ""comparative"": ""closer"", ""answer_concept"": ""table""}"
test_006142,xtion/sun3ddata/mit_dorm_next_sj/dorm_next_sj_oct_30_2012_scan1_erika/0000655-000027985860,sun3d:mit_dorm_next_sj/dorm_next_sj_oct_30_2012_scan1_erika,xtion,bedroom,test,relative_depth,closer,3,"Which object is closer to the camera, the cloth or the table?",,cloth,choice,cloth|table,SUNRGBD/xtion/sun3ddata/mit_dorm_next_sj/dorm_next_sj_oct_30_2012_scan1_erika/0000655-000027985860/image/0000655-000027985860.jpg,SUNRGBD/xtion/sun3ddata/mit_dorm_next_sj/dorm_next_sj_oct_30_2012_scan1_erika/0000655-000027985860/depth_bfx/0000655-000027998487.png,rule,"{""a_concept"": ""table"", ""a_depth_m"": 2.4130001068115234, ""b_concept"": ""cloth"", ""b_depth_m"": 1.4294999837875366, ""comparative"": ""closer"", ""answer_concept"": ""cloth""}"
test_011210,xtion/xtion_align_data/2014_12_18_11_47_6,scene:xtion/xtion_align_data/2014_12_18_11_47_6,xtion,office,test,relative_depth,farther,3,"Which object is farther from the camera, the chair or the file cabinet?",,chair,choice,chair|file_cabinet,SUNRGBD/xtion/xtion_align_data/2014_12_18_11_47_6/image/0000024.jpg,SUNRGBD/xtion/xtion_align_data/2014_12_18_11_47_6/depth_bfx/0000024.png,rule,"{""a_concept"": ""filecabinet"", ""a_depth_m"": 1.4420000314712524, ""b_concept"": ""chair"", ""b_depth_m"": 3.006999969482422, ""comparative"": ""farther"", ""answer_concept"": ""chair""}"
test_010992,xtion/sun3ddata/mit_w85k2/k1/0001540-000051594771,sun3d:mit_w85k2/k1,xtion,bedroom,test,relative_depth,farther,1,"Between the blanket and the dresser, which one is farther from the camera?",,dresser,choice,blanket|dresser,SUNRGBD/xtion/sun3ddata/mit_w85k2/k1/0001540-000051594771/image/0001540-000051594771.jpg,SUNRGBD/xtion/sun3ddata/mit_w85k2/k1/0001540-000051594771/depth_bfx/0001547-000051588861.png,rule,"{""a_concept"": ""dresser"", ""a_depth_m"": 2.86899995803833, ""b_concept"": ""blanket"", ""b_depth_m"": 2.4690001010894775, ""comparative"": ""farther"", ""answer_concept"": ""dresser""}"
test_003342,xtion/sun3ddata/mit_w85h/h2_1/0000436-000014612976,sun3d:mit_w85h/h2_1,xtion,dinette,test,relative_depth,farther,0,"Which is farther from the camera, the bowl or the tissue box?",,tissue box,choice,bowl|tissue_box,SUNRGBD/xtion/sun3ddata/mit_w85h/h2_1/0000436-000014612976/image/0000436-000014612976.jpg,SUNRGBD/xtion/sun3ddata/mit_w85h/h2_1/0000436-000014612976/depth_bfx/0000438-000014605841.png,rule,"{""a_concept"": ""tissuebox"", ""a_depth_m"": 1.8730000257492065, ""b_concept"": ""bowl"", ""b_depth_m"": 1.4220000505447388, ""comparative"": ""farther"", ""answer_concept"": ""tissuebox""}"
test_001967,xtion/sun3ddata/mit_w85_12/12_1_1/0005756-000193353804,sun3d:mit_w85_12/12_1_1,xtion,idk,test,relative_depth,farther,2,Is the door or the table farther from the camera?,,door,choice,door|table,SUNRGBD/xtion/sun3ddata/mit_w85_12/12_1_1/0005756-000193353804/image/0005756-000193353804.jpg,SUNRGBD/xtion/sun3ddata/mit_w85_12/12_1_1/0005756-000193353804/depth_bfx/0005782-000193364139.png,rule,"{""a_concept"": ""door"", ""a_depth_m"": 3.3970000743865967, ""b_concept"": ""table"", ""b_depth_m"": 1.1729999780654907, ""comparative"": ""farther"", ""answer_concept"": ""door""}"
test_005689,xtion/sun3ddata/mit_w85k1/scan_1/0000346-000011573375,sun3d:mit_w85k1/scan_1,xtion,bedroom,test,relative_depth,closer,4,"Of the curtain and the mattress, which is closer?",,mattress,choice,curtain|mattress,SUNRGBD/xtion/sun3ddata/mit_w85k1/scan_1/0000346-000011573375/image/0000346-000011573375.jpg,SUNRGBD/xtion/sun3ddata/mit_w85k1/scan_1/0000346-000011573375/depth_bfx/0000348-000011579129.png,rule,"{""a_concept"": ""curtain"", ""a_depth_m"": 2.5380001068115234, ""b_concept"": ""mattress"", ""b_depth_m"": 1.6540000438690186, ""comparative"": ""closer"", ""answer_concept"": ""mattress""}"
test_007789,xtion/sun3ddata/mit_46_4conf_2/bcs_floor4_conf_a/0002572-000086529010,sun3d:mit_46_4conf_2/bcs_floor4_conf_a,xtion,conference_room,test,relative_depth,farther,4,"Of the table and the shelf, which is farther?",,shelf,choice,table|shelf,SUNRGBD/xtion/sun3ddata/mit_46_4conf_2/bcs_floor4_conf_a/0002572-000086529010/image/0002572-000086529010.jpg,SUNRGBD/xtion/sun3ddata/mit_46_4conf_2/bcs_floor4_conf_a/0002572-000086529010/depth_bfx/0002584-000086526466.png,rule,"{""a_concept"": ""table"", ""a_depth_m"": 0.8980000019073486, ""b_concept"": ""shelf"", ""b_depth_m"": 2.365999937057495, ""comparative"": ""farther"", ""answer_concept"": ""shelf""}"
test_013937,xtion/sun3ddata/mit_w16/kresge_back/0011726-000507039482,sun3d:mit_w16/kresge_back,xtion,basement,test,relative_depth,farther,2,Is the box or the window farther from the camera?,,window,choice,box|window,SUNRGBD/xtion/sun3ddata/mit_w16/kresge_back/0011726-000507039482/image/0011726-000507039482.jpg,SUNRGBD/xtion/sun3ddata/mit_w16/kresge_back/0011726-000507039482/depth_bfx/0011730-000507045753.png,rule,"{""a_concept"": ""box"", ""a_depth_m"": 1.2280000448226929, ""b_concept"": ""window"", ""b_depth_m"": 1.690999984741211, ""comparative"": ""farther"", ""answer_concept"": ""window""}"
test_002039,xtion/sun3ddata/mit_lab_hj/lab_hj_work_nov_2_2012_scan1_erika/0000805-000035292348,sun3d:mit_lab_hj/lab_hj_work_nov_2_2012_scan1_erika,xtion,office,test,relative_depth,farther,3,"Which object is farther from the camera, the cpu or the table?",,cpu,choice,cpu|table,SUNRGBD/xtion/sun3ddata/mit_lab_hj/lab_hj_work_nov_2_2012_scan1_erika/0000805-000035292348/image/0000805-000035292348.jpg,SUNRGBD/xtion/sun3ddata/mit_lab_hj/lab_hj_work_nov_2_2012_scan1_erika/0000805-000035292348/depth_bfx/0000810-000035308345.png,rule,"{""a_concept"": ""cpu"", ""a_depth_m"": 1.1890000104904175, ""b_concept"": ""table"", ""b_depth_m"": 0.8600000143051147, ""comparative"": ""farther"", ""answer_concept"": ""cpu""}"
test_003388,xtion/sun3ddata/mit_46_4conf_1/bcs_floor4_conf_1/0000341-000011730600,sun3d:mit_46_4conf_1/bcs_floor4_conf_1,xtion,conference_room,test,relative_depth,closer,1,"Between the curtain and the table, which one is closer to the camera?",,table,choice,curtain|table,SUNRGBD/xtion/sun3ddata/mit_46_4conf_1/bcs_floor4_conf_1/0000341-000011730600/image/0000341-000011730600.jpg,SUNRGBD/xtion/sun3ddata/mit_46_4conf_1/bcs_floor4_conf_1/0000341-000011730600/depth_bfx/0000342-000011739596.png,rule,"{""a_concept"": ""table"", ""a_depth_m"": 1.687000036239624, ""b_concept"": ""curtain"", ""b_depth_m"": 2.6459999084472656, ""comparative"": ""closer"", ""answer_concept"": ""table""}"
test_006338,xtion/sun3ddata/mit_w85g/g_0/0001279-000042833448,sun3d:mit_w85g/g_0,xtion,living_room,test,relative_depth,closer,1,"Between the monitor and the jar, which one is closer to the camera?",,monitor,choice,monitor|jar,SUNRGBD/xtion/sun3ddata/mit_w85g/g_0/0001279-000042833448/image/0001279-000042833448.jpg,SUNRGBD/xtion/sun3ddata/mit_w85g/g_0/0001279-000042833448/depth_bfx/0001285-000042848489.png,rule,"{""a_concept"": ""monitor"", ""a_depth_m"": 2.2309999465942383, ""b_concept"": ""jar"", ""b_depth_m"": 2.933000087738037, ""comparative"": ""closer"", ""answer_concept"": ""monitor""}"
test_011239,xtion/sun3ddata/mit_46_ted_lab2/ted_lab_a/0004170-000139973163,sun3d:mit_46_ted_lab2/ted_lab_a,xtion,office,test,relative_depth,closer,1,"Between the board and the file cabinet, which one is closer to the camera?",,board,choice,board|file_cabinet,SUNRGBD/xtion/sun3ddata/mit_46_ted_lab2/ted_lab_a/0004170-000139973163/image/0004170-000139973163.jpg,SUNRGBD/xtion/sun3ddata/mit_46_ted_lab2/ted_lab_a/0004170-000139973163/depth_bfx/0004190-000139984003.png,rule,"{""a_concept"": ""filecabinet"", ""a_depth_m"": 2.6700000762939453, ""b_concept"": ""board"", ""b_depth_m"": 1.0169999599456787, ""comparative"": ""closer"", ""answer_concept"": ""board""}"
test_002696,xtion/sun3ddata/mit_32_g442/g442_1/0002120-000071066010,sun3d:mit_32_g442/g442_1,xtion,office,test,relative_depth,farther,5,"Which one is farther, the window or the table?",,window,choice,window|table,SUNRGBD/xtion/sun3ddata/mit_32_g442/g442_1/0002120-000071066010/image/0002120-000071066010.jpg,SUNRGBD/xtion/sun3ddata/mit_32_g442/g442_1/0002120-000071066010/depth_bfx/0002131-000071076503.png,rule,"{""a_concept"": ""window"", ""a_depth_m"": 2.2960000038146973, ""b_concept"": ""table"", ""b_depth_m"": 1.5880000591278076, ""comparative"": ""farther"", ""answer_concept"": ""window""}"
test_010768,xtion/xtion_align_data/2014_12_18_12_12_54,scene:xtion/xtion_align_data/2014_12_18_12_12_54,xtion,rest_space,test,relative_depth,closer,4,"Of the sofa and the table, which is closer?",,sofa,choice,sofa|table,SUNRGBD/xtion/xtion_align_data/2014_12_18_12_12_54/image/0000114.jpg,SUNRGBD/xtion/xtion_align_data/2014_12_18_12_12_54/depth_bfx/0000114.png,rule,"{""a_concept"": ""sofa"", ""a_depth_m"": 2.4179999828338623, ""b_concept"": ""table"", ""b_depth_m"": 2.884000062942505, ""comparative"": ""closer"", ""answer_concept"": ""sofa""}"
test_007452,xtion/sun3ddata/mit_3_270/classroom_3270_oct_30_2012_scan1_erika/0001511-000063445788,sun3d:mit_3_270/classroom_3270_oct_30_2012_scan1_erika,xtion,lecture_theatre,test,relative_depth,farther,3,"Which object is farther from the camera, the chair or the window?",,window,choice,chair|window,SUNRGBD/xtion/sun3ddata/mit_3_270/classroom_3270_oct_30_2012_scan1_erika/0001511-000063445788/image/0001511-000063445788.jpg,SUNRGBD/xtion/sun3ddata/mit_3_270/classroom_3270_oct_30_2012_scan1_erika/0001511-000063445788/depth_bfx/0001508-000063470278.png,rule,"{""a_concept"": ""chair"", ""a_depth_m"": 2.4600000381469727, ""b_concept"": ""window"", ""b_depth_m"": 3.0299999713897705, ""comparative"": ""farther"", ""answer_concept"": ""window""}"
test_007192,xtion/sun3ddata/mit_dorm_masseeh_flr4a/dorm_masseeh_flr4_scan1_oct_26_2012_erika/0005626-000250967808,sun3d:mit_dorm_masseeh_flr4a/dorm_masseeh_flr4_scan1_oct_26_2012_erika,xtion,corridor,test,relative_depth,closer,0,"Which is closer to the camera, the board or the telephone?",,telephone,choice,board|telephone,SUNRGBD/xtion/sun3ddata/mit_dorm_masseeh_flr4a/dorm_masseeh_flr4_scan1_oct_26_2012_erika/0005626-000250967808/image/0005626-000250967808.jpg,SUNRGBD/xtion/sun3ddata/mit_dorm_masseeh_flr4a/dorm_masseeh_flr4_scan1_oct_26_2012_erika/0005626-000250967808/depth_bfx/0005618-000250947344.png,rule,"{""a_concept"": ""telephone"", ""a_depth_m"": 1.7050000429153442, ""b_concept"": ""board"", ""b_depth_m"": 5.840000152587891, ""comparative"": ""closer"", ""answer_concept"": ""telephone""}"
test_006672,xtion/sun3ddata/mit_32_g882/g882_1/0004185-000140529727,sun3d:mit_32_g882/g882_1,xtion,classroom,test,relative_depth,closer,1,"Between the door and the cord, which one is closer to the camera?",,cord,choice,door|cord,SUNRGBD/xtion/sun3ddata/mit_32_g882/g882_1/0004185-000140529727/image/0004185-000140529727.jpg,SUNRGBD/xtion/sun3ddata/mit_32_g882/g882_1/0004185-000140529727/depth_bfx/0004203-000140517911.png,rule,"{""a_concept"": ""door"", ""a_depth_m"": 6.75, ""b_concept"": ""cord"", ""b_depth_m"": 3.1700000762939453, ""comparative"": ""closer"", ""answer_concept"": ""cord""}"
test_005348,xtion/sun3ddata/home_ph_cz/ph_cz_1/0002478-000083019132,sun3d:home_ph_cz/ph_cz_1,xtion,bedroom,test,relative_depth,farther,5,"Which one is farther, the poster or the curtain?",,poster,choice,poster|curtain,SUNRGBD/xtion/sun3ddata/home_ph_cz/ph_cz_1/0002478-000083019132/image/0002478-000083019132.jpg,SUNRGBD/xtion/sun3ddata/home_ph_cz/ph_cz_1/0002478-000083019132/depth_bfx/0002489-000083027103.png,rule,"{""a_concept"": ""poster"", ""a_depth_m"": 2.0510001182556152, ""b_concept"": ""curtain"", ""b_depth_m"": 1.6330000162124634, ""comparative"": ""farther"", ""answer_concept"": ""poster""}"
test_013106,xtion/sun3ddata/mit_w85j/j1/0001922-000064417752,sun3d:mit_w85j/j1,xtion,bedroom,test,relative_depth,closer,0,"Which is closer to the camera, the shelf or the window?",,shelf,choice,shelf|window,SUNRGBD/xtion/sun3ddata/mit_w85j/j1/0001922-000064417752/image/0001922-000064417752.jpg,SUNRGBD/xtion/sun3ddata/mit_w85j/j1/0001922-000064417752/depth_bfx/0001931-000064422602.png,rule,"{""a_concept"": ""window"", ""a_depth_m"": 1.9179999828338623, ""b_concept"": ""shelf"", ""b_depth_m"": 1.093999981880188, ""comparative"": ""closer"", ""answer_concept"": ""shelf""}"
test_003751,xtion/sun3ddata/mit_32_g7_lounge/g7_lounge_1/0005210-000174584844,sun3d:mit_32_g7_lounge/g7_lounge_1,xtion,rest_space,test,relative_depth,farther,5,"Which one is farther, the sofa or the table?",,table,choice,sofa|table,SUNRGBD/xtion/sun3ddata/mit_32_g7_lounge/g7_lounge_1/0005210-000174584844/image/0005210-000174584844.jpg,SUNRGBD/xtion/sun3ddata/mit_32_g7_lounge/g7_lounge_1/0005210-000174584844/depth_bfx/0005233-000174598462.png,rule,"{""a_concept"": ""sofa"", ""a_depth_m"": 1.8259999752044678, ""b_concept"": ""table"", ""b_depth_m"": 2.7709999084472656, ""comparative"": ""farther"", ""answer_concept"": ""table""}"
test_008941,xtion/sun3ddata/mit_46_ted_lab1/ted_lab_1/0007501-000251516571,sun3d:mit_46_ted_lab1/ted_lab_1,xtion,office,test,relative_depth,farther,1,"Between the paper and the cloth, which one is farther from the camera?",,paper,choice,paper|cloth,SUNRGBD/xtion/sun3ddata/mit_46_ted_lab1/ted_lab_1/0007501-000251516571/image/0007501-000251516571.jpg,SUNRGBD/xtion/sun3ddata/mit_46_ted_lab1/ted_lab_1/0007501-000251516571/depth_bfx/0007536-000251504037.png,rule,"{""a_concept"": ""cloth"", ""a_depth_m"": 0.7699999809265137, ""b_concept"": ""paper"", ""b_depth_m"": 1.9600000381469727, ""comparative"": ""farther"", ""answer_concept"": ""paper""}"
test_010502,xtion/sun3ddata/mit_32_d530/d530_scan_oldest/0000331-000198042007,sun3d:mit_32_d530/d530_scan_oldest,xtion,office,test,relative_depth,closer,2,Is the desk or the board closer to the camera?,,desk,choice,desk|board,SUNRGBD/xtion/sun3ddata/mit_32_d530/d530_scan_oldest/0000331-000198042007/image/0000331-000198042007.jpg,SUNRGBD/xtion/sun3ddata/mit_32_d530/d530_scan_oldest/0000331-000198042007/depth_bfx/0000331-000198042007.png,rule,"{""a_concept"": ""board"", ""a_depth_m"": 1.8930000066757202, ""b_concept"": ""desk"", ""b_depth_m"": 1.4950000047683716, ""comparative"": ""closer"", ""answer_concept"": ""desk""}"
test_004554,xtion/sun3ddata/mit_76_studyroom/76-1studyroom1/0001584-000053055828,sun3d:mit_76_studyroom/76-1studyroom1,xtion,study_space,test,relative_depth,closer,5,"Which one is closer, the sofa or the door?",,sofa,choice,sofa|door,SUNRGBD/xtion/sun3ddata/mit_76_studyroom/76-1studyroom1/0001584-000053055828/image/0001584-000053055828.jpg,SUNRGBD/xtion/sun3ddata/mit_76_studyroom/76-1studyroom1/0001584-000053055828/depth_bfx/0001590-000053047468.png,rule,"{""a_concept"": ""sofa"", ""a_depth_m"": 1.9240000247955322, ""b_concept"": ""door"", ""b_depth_m"": 3.0460000038146973, ""comparative"": ""closer"", ""answer_concept"": ""sofa""}"
test_003543,xtion/sun3ddata/mit_lab_16/lab_16_nov_2_2012_scan1_erika/0016287-000696697092,sun3d:mit_lab_16/lab_16_nov_2_2012_scan1_erika,xtion,lab,test,relative_depth,closer,2,Is the stand or the box closer to the camera?,,box,choice,stand|box,SUNRGBD/xtion/sun3ddata/mit_lab_16/lab_16_nov_2_2012_scan1_erika/0016287-000696697092/image/0016287-000696697092.jpg,SUNRGBD/xtion/sun3ddata/mit_lab_16/lab_16_nov_2_2012_scan1_erika/0016287-000696697092/depth_bfx/0016295-000696701000.png,rule,"{""a_concept"": ""box"", ""a_depth_m"": 0.5830000042915344, ""b_concept"": ""stand"", ""b_depth_m"": 3.256999969482422, ""comparative"": ""closer"", ""answer_concept"": ""box""}"
test_002405,xtion/sun3ddata/mit_ne47_huge_office/ne47_floor2_office_2/0002351-000078775724,sun3d:mit_ne47_huge_office/ne47_floor2_office_2,xtion,office,test,relative_depth,closer,3,"Which object is closer to the camera, the trash can or the shelf?",,shelf,choice,trash_can|shelf,SUNRGBD/xtion/sun3ddata/mit_ne47_huge_office/ne47_floor2_office_2/0002351-000078775724/image/0002351-000078775724.jpg,SUNRGBD/xtion/sun3ddata/mit_ne47_huge_office/ne47_floor2_office_2/0002351-000078775724/depth_bfx/0002362-000078784800.png,rule,"{""a_concept"": ""shelf"", ""a_depth_m"": 1.284000039100647, ""b_concept"": ""trashcan"", ""b_depth_m"": 2.305999994277954, ""comparative"": ""closer"", ""answer_concept"": ""shelf""}"
test_005569,xtion/sun3ddata/mit_lab_16/lab_16_nov_2_2012_scan1_erika/0013503-000576944424,sun3d:mit_lab_16/lab_16_nov_2_2012_scan1_erika,xtion,corridor,test,relative_depth,farther,0,"Which is farther from the camera, the stand or the door?",,door,choice,stand|door,SUNRGBD/xtion/sun3ddata/mit_lab_16/lab_16_nov_2_2012_scan1_erika/0013503-000576944424/image/0013503-000576944424.jpg,SUNRGBD/xtion/sun3ddata/mit_lab_16/lab_16_nov_2_2012_scan1_erika/0013503-000576944424/depth_bfx/0013513-000576938762.png,rule,"{""a_concept"": ""door"", ""a_depth_m"": 5.0929999351501465, ""b_concept"": ""stand"", ""b_depth_m"": 2.947000026702881, ""comparative"": ""farther"", ""answer_concept"": ""door""}"
test_012863,xtion/sun3ddata/mit_76_studyroom/76-1studyroom1/0001145-000038342304,sun3d:mit_76_studyroom/76-1studyroom1,xtion,study_space,test,relative_depth,closer,0,"Which is closer to the camera, the sofa or the glass?",,sofa,choice,sofa|glass,SUNRGBD/xtion/sun3ddata/mit_76_studyroom/76-1studyroom1/0001145-000038342304/image/0001145-000038342304.jpg,SUNRGBD/xtion/sun3ddata/mit_76_studyroom/76-1studyroom1/0001145-000038342304/depth_bfx/0001149-000038331629.png,rule,"{""a_concept"": ""glass"", ""a_depth_m"": 3.4679999351501465, ""b_concept"": ""sofa"", ""b_depth_m"": 1.2289999723434448, ""comparative"": ""closer"", ""answer_concept"": ""sofa""}"
test_004920,xtion/sun3ddata/mit_36_ti_lab/tian_lab_1/0005233-000175409004,sun3d:mit_36_ti_lab/tian_lab_1,xtion,lab,test,relative_depth,farther,2,Is the monitor or the cable farther from the camera?,,cable,choice,monitor|cable,SUNRGBD/xtion/sun3ddata/mit_36_ti_lab/tian_lab_1/0005233-000175409004/image/0005233-000175409004.jpg,SUNRGBD/xtion/sun3ddata/mit_36_ti_lab/tian_lab_1/0005233-000175409004/depth_bfx/0005258-000175422148.png,rule,"{""a_concept"": ""monitor"", ""a_depth_m"": 2.0490000247955322, ""b_concept"": ""cable"", ""b_depth_m"": 3.943000078201294, ""comparative"": ""farther"", ""answer_concept"": ""cable""}"
test_008822,xtion/sun3ddata/mit_w20_athena/sc_athena_oct_29_2012_scan1_erika/0005986-000258274296,sun3d:mit_w20_athena/sc_athena_oct_29_2012_scan1_erika,xtion,discussion_area,test,relative_depth,closer,2,Is the door or the outlet closer to the camera?,,outlet,choice,door|outlet,SUNRGBD/xtion/sun3ddata/mit_w20_athena/sc_athena_oct_29_2012_scan1_erika/0005986-000258274296/image/0005986-000258274296.jpg,SUNRGBD/xtion/sun3ddata/mit_w20_athena/sc_athena_oct_29_2012_scan1_erika/0005986-000258274296/depth_bfx/0005973-000258248867.png,rule,"{""a_concept"": ""door"", ""a_depth_m"": 4.301000118255615, ""b_concept"": ""outlet"", ""b_depth_m"": 1.5379999876022339, ""comparative"": ""closer"", ""answer_concept"": ""outlet""}"
test_006952,xtion/sun3ddata/mit_32_lounge_d429/d4_lounge_1/0000975-000032644584,sun3d:mit_32_lounge_d429/d4_lounge_1,xtion,discussion_area,test,relative_depth,farther,5,"Which one is farther, the cushion or the chair?",,chair,choice,cushion|chair,SUNRGBD/xtion/sun3ddata/mit_32_lounge_d429/d4_lounge_1/0000975-000032644584/image/0000975-000032644584.jpg,SUNRGBD/xtion/sun3ddata/mit_32_lounge_d429/d4_lounge_1/0000975-000032644584/depth_bfx/0000978-000032645415.png,rule,"{""a_concept"": ""chair"", ""a_depth_m"": 3.6410000324249268, ""b_concept"": ""cushion"", ""b_depth_m"": 1.2339999675750732, ""comparative"": ""farther"", ""answer_concept"": ""chair""}"
test_009915,xtion/sun3ddata/mit_lab_16/lab_16_nov_2_2012_scan1_erika/0004385-000184673160,sun3d:mit_lab_16/lab_16_nov_2_2012_scan1_erika,xtion,lab,test,relative_depth,farther,1,"Between the board and the bag, which one is farther from the camera?",,bag,choice,board|bag,SUNRGBD/xtion/sun3ddata/mit_lab_16/lab_16_nov_2_2012_scan1_erika/0004385-000184673160/image/0004385-000184673160.jpg,SUNRGBD/xtion/sun3ddata/mit_lab_16/lab_16_nov_2_2012_scan1_erika/0004385-000184673160/depth_bfx/0004386-000184683228.png,rule,"{""a_concept"": ""bag"", ""a_depth_m"": 2.2780001163482666, ""b_concept"": ""board"", ""b_depth_m"": 1.2990000247955322, ""comparative"": ""farther"", ""answer_concept"": ""bag""}"
test_004824,xtion/sun3ddata/mit_dorm_mcc_313/dorm_mcc_313_oct_31_2012_scan1_erika/0001796-000078022459,sun3d:mit_dorm_mcc_313/dorm_mcc_313_oct_31_2012_scan1_erika,xtion,bedroom,test,relative_depth,farther,5,"Which one is farther, the shelf or the paper?",,paper,choice,shelf|paper,SUNRGBD/xtion/sun3ddata/mit_dorm_mcc_313/dorm_mcc_313_oct_31_2012_scan1_erika/0001796-000078022459/image/0001796-000078022459.jpg,SUNRGBD/xtion/sun3ddata/mit_dorm_mcc_313/dorm_mcc_313_oct_31_2012_scan1_erika/0001796-000078022459/depth_bfx/0001793-000078017307.png,rule,"{""a_concept"": ""paper"", ""a_depth_m"": 2.3959999084472656, ""b_concept"": ""shelf"", ""b_depth_m"": 1.7410000562667847, ""comparative"": ""farther"", ""answer_concept"": ""paper""}"
test_011543,xtion/sun3ddata/mit_lab_koch/lab_koch_bench_nov_2_2012_scan1_erika/0002196-000097403623,sun3d:mit_lab_koch/lab_koch_bench_nov_2_2012_scan1_erika,xtion,lab,test,relative_depth,closer,2,Is the drawer or the shelf closer to the camera?,,drawer,choice,drawer|shelf,SUNRGBD/xtion/sun3ddata/mit_lab_koch/lab_koch_bench_nov_2_2012_scan1_erika/0002196-000097403623/image/0002196-000097403623.jpg,SUNRGBD/xtion/sun3ddata/mit_lab_koch/lab_koch_bench_nov_2_2012_scan1_erika/0002196-000097403623/depth_bfx/0002192-000097371471.png,rule,"{""a_concept"": ""drawer"", ""a_depth_m"": 2.072000026702881, ""b_concept"": ""shelf"", ""b_depth_m"": 3.3450000286102295, ""comparative"": ""closer"", ""answer_concept"": ""drawer""}"
test_000895,xtion/sun3ddata/mit_dorm_masseeh_md/dorm_masseeh_md_scan1_oct_26_2012_erika/0001871-000085300366,sun3d:mit_dorm_masseeh_md/dorm_masseeh_md_scan1_oct_26_2012_erika,xtion,bedroom,test,relative_depth,closer,5,"Which one is closer, the table or the shelf?",,table,choice,table|shelf,SUNRGBD/xtion/sun3ddata/mit_dorm_masseeh_md/dorm_masseeh_md_scan1_oct_26_2012_erika/0001871-000085300366/image/0001871-000085300366.jpg,SUNRGBD/xtion/sun3ddata/mit_dorm_masseeh_md/dorm_masseeh_md_scan1_oct_26_2012_erika/0001871-000085300366/depth_bfx/0001869-000085325172.png,rule,"{""a_concept"": ""shelf"", ""a_depth_m"": 2.497999906539917, ""b_concept"": ""table"", ""b_depth_m"": 1.8140000104904175, ""comparative"": ""closer"", ""answer_concept"": ""table""}"
test_009215,xtion/sun3ddata/mit_dorm3/corridor/0002340-000078393924,sun3d:mit_dorm3/corridor,xtion,corridor,test,relative_depth,farther,1,"Between the vent and the window, which one is farther from the camera?",,window,choice,vent|window,SUNRGBD/xtion/sun3ddata/mit_dorm3/corridor/0002340-000078393924/image/0002340-000078393924.jpg,SUNRGBD/xtion/sun3ddata/mit_dorm3/corridor/0002340-000078393924/depth_bfx/0002350-000078394754.png,rule,"{""a_concept"": ""vent"", ""a_depth_m"": 3.4100000858306885, ""b_concept"": ""window"", ""b_depth_m"": 4.605999946594238, ""comparative"": ""farther"", ""answer_concept"": ""window""}"
test_013137,xtion/sun3ddata/mit_3_huge_office/cl_1/0002758-000092403612,sun3d:mit_3_huge_office/cl_1,xtion,office,test,relative_depth,closer,5,"Which one is closer, the file or the screen?",,file,choice,file|screen,SUNRGBD/xtion/sun3ddata/mit_3_huge_office/cl_1/0002758-000092403612/image/0002758-000092403612.jpg,SUNRGBD/xtion/sun3ddata/mit_3_huge_office/cl_1/0002758-000092403612/depth_bfx/0002770-000092419517.png,rule,"{""a_concept"": ""screen"", ""a_depth_m"": 4.586999893188477, ""b_concept"": ""file"", ""b_depth_m"": 1.5870000123977661, ""comparative"": ""closer"", ""answer_concept"": ""file""}"
test_006399,xtion/sun3ddata/mit_76_studyroom/76-1studyroom1/0000430-000014378364,sun3d:mit_76_studyroom/76-1studyroom1,xtion,discussion_area,test,relative_depth,farther,5,"Which one is farther, the shelf or the sofa?",,shelf,choice,shelf|sofa,SUNRGBD/xtion/sun3ddata/mit_76_studyroom/76-1studyroom1/0000430-000014378364/image/0000430-000014378364.jpg,SUNRGBD/xtion/sun3ddata/mit_76_studyroom/76-1studyroom1/0000430-000014378364/depth_bfx/0000431-000014372507.png,rule,"{""a_concept"": ""shelf"", ""a_depth_m"": 3.552999973297119, ""b_concept"": ""sofa"", ""b_depth_m"": 1.0779999494552612, ""comparative"": ""farther"", ""answer_concept"": ""shelf""}"
test_002828,kv2/kinect2data/002796_2014-06-22_19-39-46_094959634447_rgbf000098-resize,scene:kv2/kinect2data/002796_2014-06-22_19-39-46_094959634447_rgbf000098-resize,kv2,kitchen,test,relative_depth,closer,1,"Between the sink and the trash can, which one is closer to the camera?",,trash can,choice,sink|trash_can,SUNRGBD/kv2/kinect2data/002796_2014-06-22_19-39-46_094959634447_rgbf000098-resize/image/0000098.jpg,SUNRGBD/kv2/kinect2data/002796_2014-06-22_19-39-46_094959634447_rgbf000098-resize/depth_bfx/0000098.png,rule,"{""a_concept"": ""sink"", ""a_depth_m"": 2.5380001068115234, ""b_concept"": ""trashcan"", ""b_depth_m"": 1.3459999561309814, ""comparative"": ""closer"", ""answer_concept"": ""trashcan""}"
test_001028,kv2/kinect2data/000430_2014-06-08_18-34-12_260595134347_rgbf000108-resize,scene:kv2/kinect2data/000430_2014-06-08_18-34-12_260595134347_rgbf000108-resize,kv2,kitchen,test,relative_depth,farther,4,"Of the pot and the recycle bin, which is farther?",,recycle bin,choice,pot|recycle_bin,SUNRGBD/kv2/kinect2data/000430_2014-06-08_18-34-12_260595134347_rgbf000108-resize/image/0000108.jpg,SUNRGBD/kv2/kinect2data/000430_2014-06-08_18-34-12_260595134347_rgbf000108-resize/depth_bfx/0000108.png,rule,"{""a_concept"": ""recyclebin"", ""a_depth_m"": 2.3889999389648438, ""b_concept"": ""pot"", ""b_depth_m"": 1.8220000267028809, ""comparative"": ""farther"", ""answer_concept"": ""recyclebin""}"
test_006576,kv2/kinect2data/003309_2014-05-15_11-40-47_094959634447_rgbf000100-resize,scene:kv2/kinect2data/003309_2014-05-15_11-40-47_094959634447_rgbf000100-resize,kv2,study_space,test,relative_depth,farther,1,"Between the table and the door, which one is farther from the camera?",,door,choice,table|door,SUNRGBD/kv2/kinect2data/003309_2014-05-15_11-40-47_094959634447_rgbf000100-resize/image/0000100.jpg,SUNRGBD/kv2/kinect2data/003309_2014-05-15_11-40-47_094959634447_rgbf000100-resize/depth_bfx/0000100.png,rule,"{""a_concept"": ""table"", ""a_depth_m"": 0.949999988079071, ""b_concept"": ""door"", ""b_depth_m"": 1.784999966621399, ""comparative"": ""farther"", ""answer_concept"": ""door""}"
test_004151,kv2/kinect2data/003398_2014-05-20_15-55-41_094959634447_rgbf000100-resize,scene:kv2/kinect2data/003398_2014-05-20_15-55-41_094959634447_rgbf000100-resize,kv2,classroom,test,relative_depth,farther,1,"Between the curtain and the chair, which one is farther from the camera?",,curtain,choice,curtain|chair,SUNRGBD/kv2/kinect2data/003398_2014-05-20_15-55-41_094959634447_rgbf000100-resize/image/0000100.jpg,SUNRGBD/kv2/kinect2data/003398_2014-05-20_15-55-41_094959634447_rgbf000100-resize/depth_bfx/0000100.png,rule,"{""a_concept"": ""chair"", ""a_depth_m"": 1.9329999685287476, ""b_concept"": ""curtain"", ""b_depth_m"": 2.3259999752044678, ""comparative"": ""farther"", ""answer_concept"": ""curtain""}"
test_007740,kv2/kinect2data/002842_2014-05-29_20-37-21_094959634447_rgbf000075-resize,scene:kv2/kinect2data/002842_2014-05-29_20-37-21_094959634447_rgbf000075-resize,kv2,bedroom,test,relative_depth,closer,2,Is the bed or the table closer to the camera?,,table,choice,bed|table,SUNRGBD/kv2/kinect2data/002842_2014-05-29_20-37-21_094959634447_rgbf000075-resize/image/0000075.jpg,SUNRGBD/kv2/kinect2data/002842_2014-05-29_20-37-21_094959634447_rgbf000075-resize/depth_bfx/0000075.png,rule,"{""a_concept"": ""bed"", ""a_depth_m"": 1.7020000219345093, ""b_concept"": ""table"", ""b_depth_m"": 1.1319999694824219, ""comparative"": ""closer"", ""answer_concept"": ""table""}"
test_010806,kv2/kinect2data/003096_2014-06-24_21-03-34_094959634447_rgbf000070-resize,scene:kv2/kinect2data/003096_2014-06-24_21-03-34_094959634447_rgbf000070-resize,kv2,bedroom,test,relative_depth,farther,4,"Of the bed and the curtain, which is farther?",,curtain,choice,bed|curtain,SUNRGBD/kv2/kinect2data/003096_2014-06-24_21-03-34_094959634447_rgbf000070-resize/image/0000070.jpg,SUNRGBD/kv2/kinect2data/003096_2014-06-24_21-03-34_094959634447_rgbf000070-resize/depth_bfx/0000070.png,rule,"{""a_concept"": ""bed"", ""a_depth_m"": 1.503000020980835, ""b_concept"": ""curtain"", ""b_depth_m"": 2.7699999809265137, ""comparative"": ""farther"", ""answer_concept"": ""curtain""}"
test_010998,kv2/kinect2data/003649_2014-05-24_13-58-23_094959634447_rgbf000100-resize,scene:kv2/kinect2data/003649_2014-05-24_13-58-23_094959634447_rgbf000100-resize,kv2,bedroom,test,relative_depth,farther,2,Is the bin or the bed frame farther from the camera?,,bed frame,choice,bin|bed_frame,SUNRGBD/kv2/kinect2data/003649_2014-05-24_13-58-23_094959634447_rgbf000100-resize/image/0000100.jpg,SUNRGBD/kv2/kinect2data/003649_2014-05-24_13-58-23_094959634447_rgbf000100-resize/depth_bfx/0000100.png,rule,"{""a_concept"": ""bin"", ""a_depth_m"": 1.722000002861023, ""b_concept"": ""bedframe"", ""b_depth_m"": 2.4549999237060547, ""comparative"": ""farther"", ""answer_concept"": ""bedframe""}"
test_001937,kv2/kinect2data/003595_2014-05-23_17-13-33_094959634447_rgbf000101-resize,scene:kv2/kinect2data/003595_2014-05-23_17-13-33_094959634447_rgbf000101-resize,kv2,classroom,test,relative_depth,closer,0,"Which is closer to the camera, the monitor or the keyboard?",,keyboard,choice,monitor|keyboard,SUNRGBD/kv2/kinect2data/003595_2014-05-23_17-13-33_094959634447_rgbf000101-resize/image/0000101.jpg,SUNRGBD/kv2/kinect2data/003595_2014-05-23_17-13-33_094959634447_rgbf000101-resize/depth_bfx/0000101.png,rule,"{""a_concept"": ""monitor"", ""a_depth_m"": 2.312000036239624, ""b_concept"": ""keyboard"", ""b_depth_m"": 1.7209999561309814, ""comparative"": ""closer"", ""answer_concept"": ""keyboard""}"
test_012661,kv2/kinect2data/001847_2014-06-22_13-20-30_260595134347_rgbf000100-resize,scene:kv2/kinect2data/001847_2014-06-22_13-20-30_260595134347_rgbf000100-resize,kv2,furniture_store,test,relative_depth,farther,0,"Which is farther from the camera, the stand or the chair?",,stand,choice,stand|chair,SUNRGBD/kv2/kinect2data/001847_2014-06-22_13-20-30_260595134347_rgbf000100-resize/image/0000100.jpg,SUNRGBD/kv2/kinect2data/001847_2014-06-22_13-20-30_260595134347_rgbf000100-resize/depth_bfx/0000100.png,rule,"{""a_concept"": ""chair"", ""a_depth_m"": 0.5849999785423279, ""b_concept"": ""stand"", ""b_depth_m"": 5.590000152587891, ""comparative"": ""farther"", ""answer_concept"": ""stand""}"
test_001333,kv2/kinect2data/003277_2014-05-14_16-11-27_094959634447_rgbf000101-resize,scene:kv2/kinect2data/003277_2014-05-14_16-11-27_094959634447_rgbf000101-resize,kv2,classroom,test,relative_depth,farther,0,"Which is farther from the camera, the whiteboard or the board?",,board,choice,whiteboard|board,SUNRGBD/kv2/kinect2data/003277_2014-05-14_16-11-27_094959634447_rgbf000101-resize/image/0000101.jpg,SUNRGBD/kv2/kinect2data/003277_2014-05-14_16-11-27_094959634447_rgbf000101-resize/depth_bfx/0000101.png,rule,"{""a_concept"": ""whiteboard"", ""a_depth_m"": 3.2060000896453857, ""b_concept"": ""board"", ""b_depth_m"": 3.999000072479248, ""comparative"": ""farther"", ""answer_concept"": ""board""}"
test_009173,kv2/kinect2data/003248_2014-05-14_14-15-01_094959634447_rgbf000100-resize,scene:kv2/kinect2data/003248_2014-05-14_14-15-01_094959634447_rgbf000100-resize,kv2,classroom,test,relative_depth,farther,4,"Of the whiteboard and the desk, which is farther?",,whiteboard,choice,whiteboard|desk,SUNRGBD/kv2/kinect2data/003248_2014-05-14_14-15-01_094959634447_rgbf000100-resize/image/0000100.jpg,SUNRGBD/kv2/kinect2data/003248_2014-05-14_14-15-01_094959634447_rgbf000100-resize/depth_bfx/0000100.png,rule,"{""a_concept"": ""whiteboard"", ""a_depth_m"": 2.5190000534057617, ""b_concept"": ""desk"", ""b_depth_m"": 1.8769999742507935, ""comparative"": ""farther"", ""answer_concept"": ""whiteboard""}"
test_010581,kv2/align_kv2/2014-12-18_12-18-42_260595134347,scene:kv2/align_kv2/2014-12-18_12-18-42_260595134347,kv2,classroom,test,relative_depth,closer,4,"Of the heater and the curtain, which is closer?",,heater,choice,heater|curtain,SUNRGBD/kv2/align_kv2/2014-12-18_12-18-42_260595134347/image/0000074.jpg,SUNRGBD/kv2/align_kv2/2014-12-18_12-18-42_260595134347/depth_bfx/0000074.png,rule,"{""a_concept"": ""heater"", ""a_depth_m"": 1.9980000257492065, ""b_concept"": ""curtain"", ""b_depth_m"": 2.5920000076293945, ""comparative"": ""closer"", ""answer_concept"": ""heater""}"
test_010272,kv2/kinect2data/001862_2014-06-22_13-41-50_260595134347_rgbf000053-resize,scene:kv2/kinect2data/001862_2014-06-22_13-41-50_260595134347_rgbf000053-resize,kv2,furniture_store,test,relative_depth,farther,2,Is the vase or the bed farther from the camera?,,vase,choice,vase|bed,SUNRGBD/kv2/kinect2data/001862_2014-06-22_13-41-50_260595134347_rgbf000053-resize/image/0000053.jpg,SUNRGBD/kv2/kinect2data/001862_2014-06-22_13-41-50_260595134347_rgbf000053-resize/depth_bfx/0000053.png,rule,"{""a_concept"": ""bed"", ""a_depth_m"": 1.8020000457763672, ""b_concept"": ""vase"", ""b_depth_m"": 4.052000045776367, ""comparative"": ""farther"", ""answer_concept"": ""vase""}"
test_000115,kv2/kinect2data/000046_2014-05-26_14-59-55_260595134347_rgbf000063-resize,scene:kv2/kinect2data/000046_2014-05-26_14-59-55_260595134347_rgbf000063-resize,kv2,furniture_store,test,relative_depth,farther,0,"Which is farther from the camera, the lamp or the bed?",,lamp,choice,lamp|bed,SUNRGBD/kv2/kinect2data/000046_2014-05-26_14-59-55_260595134347_rgbf000063-resize/image/0000063.jpg,SUNRGBD/kv2/kinect2data/000046_2014-05-26_14-59-55_260595134347_rgbf000063-resize/depth_bfx/0000063.png,rule,"{""a_concept"": ""lamp"", ""a_depth_m"": 3.693000078201294, ""b_concept"": ""bed"", ""b_depth_m"": 1.6339999437332153, ""comparative"": ""farther"", ""answer_concept"": ""lamp""}"
test_009042,kv2/kinect2data/003515_2014-05-21_17-40-56_094959634447_rgbf000100-resize,scene:kv2/kinect2data/003515_2014-05-21_17-40-56_094959634447_rgbf000100-resize,kv2,lab,test,relative_depth,farther,1,"Between the door and the monitor, which one is farther from the camera?",,door,choice,door|monitor,SUNRGBD/kv2/kinect2data/003515_2014-05-21_17-40-56_094959634447_rgbf000100-resize/image/0000100.jpg,SUNRGBD/kv2/kinect2data/003515_2014-05-21_17-40-56_094959634447_rgbf000100-resize/depth_bfx/0000100.png,rule,"{""a_concept"": ""door"", ""a_depth_m"": 2.1019999980926514, ""b_concept"": ""monitor"", ""b_depth_m"": 1.5169999599456787, ""comparative"": ""farther"", ""answer_concept"": ""door""}"
test_009555,kv2/kinect2data/000647_2014-06-08_17-01-33_260595134347_rgbf000120-resize,scene:kv2/kinect2data/000647_2014-06-08_17-01-33_260595134347_rgbf000120-resize,kv2,rest_space,test,relative_depth,farther,5,"Which one is farther, the trash can or the table?",,trash can,choice,trash_can|table,SUNRGBD/kv2/kinect2data/000647_2014-06-08_17-01-33_260595134347_rgbf000120-resize/image/0000120.jpg,SUNRGBD/kv2/kinect2data/000647_2014-06-08_17-01-33_260595134347_rgbf000120-resize/depth_bfx/0000120.png,rule,"{""a_concept"": ""table"", ""a_depth_m"": 2.565000057220459, ""b_concept"": ""trashcan"", ""b_depth_m"": 5.238999843597412, ""comparative"": ""farther"", ""answer_concept"": ""trashcan""}"
test_001915,kv2/kinect2data/002746_2014-06-22_19-06-48_094959634447_rgbf000066-resize,scene:kv2/kinect2data/002746_2014-06-22_19-06-48_094959634447_rgbf000066-resize,kv2,rest_space,test,relative_depth,farther,3,"Which object is farther from the camera, the wire or the whiteboard?",,whiteboard,choice,wire|whiteboard,SUNRGBD/kv2/kinect2data/002746_2014-06-22_19-06-48_094959634447_rgbf000066-resize/image/0000066.jpg,SUNRGBD/kv2/kinect2data/002746_2014-06-22_19-06-48_094959634447_rgbf000066-resize/depth_bfx/0000066.png,rule,"{""a_concept"": ""whiteboard"", ""a_depth_m"": 2.996000051498413, ""b_concept"": ""wire"", ""b_depth_m"": 1.8140000104904175, ""comparative"": ""farther"", ""answer_concept"": ""whiteboard""}"
test_009991,kv2/kinect2data/003654_2014-05-24_14-01-37_094959634447_rgbf000100-resize,scene:kv2/kinect2data/003654_2014-05-24_14-01-37_094959634447_rgbf000100-resize,kv2,bedroom,test,relative_depth,farther,1,"Between the bed and the book, which one is farther from the camera?",,bed,choice,bed|book,SUNRGBD/kv2/kinect2data/003654_2014-05-24_14-01-37_094959634447_rgbf000100-resize/image/0000100.jpg,SUNRGBD/kv2/kinect2data/003654_2014-05-24_14-01-37_094959634447_rgbf000100-resize/depth_bfx/0000100.png,rule,"{""a_concept"": ""book"", ""a_depth_m"": 1.4049999713897705, ""b_concept"": ""bed"", ""b_depth_m"": 1.7430000305175781, ""comparative"": ""farther"", ""answer_concept"": ""bed""}"
test_012848,kv2/kinect2data/000025_2014-05-26_14-45-00_260595134347_rgbf000031-resize,scene:kv2/kinect2data/000025_2014-05-26_14-45-00_260595134347_rgbf000031-resize,kv2,furniture_store,test,relative_depth,closer,1,"Between the bed and the board, which one is closer to the camera?",,bed,choice,bed|board,SUNRGBD/kv2/kinect2data/000025_2014-05-26_14-45-00_260595134347_rgbf000031-resize/image/0000031.jpg,SUNRGBD/kv2/kinect2data/000025_2014-05-26_14-45-00_260595134347_rgbf000031-resize/depth_bfx/0000031.png,rule,"{""a_concept"": ""bed"", ""a_depth_m"": 1.9589999914169312, ""b_concept"": ""board"", ""b_depth_m"": 6.214000225067139, ""comparative"": ""closer"", ""answer_concept"": ""bed""}"
test_006546,kv2/kinect2data/000738_2014-06-08_18-26-41_260595134347_rgbf000135-resize,scene:kv2/kinect2data/000738_2014-06-08_18-26-41_260595134347_rgbf000135-resize,kv2,printer_room,test,relative_depth,farther,5,"Which one is farther, the shelf or the poster?",,poster,choice,shelf|poster,SUNRGBD/kv2/kinect2data/000738_2014-06-08_18-26-41_260595134347_rgbf000135-resize/image/0000135.jpg,SUNRGBD/kv2/kinect2data/000738_2014-06-08_18-26-41_260595134347_rgbf000135-resize/depth_bfx/0000135.png,rule,"{""a_concept"": ""poster"", ""a_depth_m"": 3.181999921798706, ""b_concept"": ""shelf"", ""b_depth_m"": 2.3889999389648438, ""comparative"": ""farther"", ""answer_concept"": ""poster""}"
test_002966,kv2/kinect2data/001838_2014-06-22_13-17-37_260595134347_rgbf000055-resize,scene:kv2/kinect2data/001838_2014-06-22_13-17-37_260595134347_rgbf000055-resize,kv2,furniture_store,test,relative_depth,closer,1,"Between the lamp and the table, which one is closer to the camera?",,table,choice,lamp|table,SUNRGBD/kv2/kinect2data/001838_2014-06-22_13-17-37_260595134347_rgbf000055-resize/image/0000055.jpg,SUNRGBD/kv2/kinect2data/001838_2014-06-22_13-17-37_260595134347_rgbf000055-resize/depth_bfx/0000055.png,rule,"{""a_concept"": ""table"", ""a_depth_m"": 2.0950000286102295, ""b_concept"": ""lamp"", ""b_depth_m"": 4.151000022888184, ""comparative"": ""closer"", ""answer_concept"": ""table""}"
test_005373,kv2/kinect2data/003368_2014-05-20_14-21-47_094959634447_rgbf000051-resize,scene:kv2/kinect2data/003368_2014-05-20_14-21-47_094959634447_rgbf000051-resize,kv2,reception,test,relative_depth,farther,2,Is the desk or the door farther from the camera?,,door,choice,desk|door,SUNRGBD/kv2/kinect2data/003368_2014-05-20_14-21-47_094959634447_rgbf000051-resize/image/0000051.jpg,SUNRGBD/kv2/kinect2data/003368_2014-05-20_14-21-47_094959634447_rgbf000051-resize/depth_bfx/0000051.png,rule,"{""a_concept"": ""desk"", ""a_depth_m"": 1.8459999561309814, ""b_concept"": ""door"", ""b_depth_m"": 3.9609999656677246, ""comparative"": ""farther"", ""answer_concept"": ""door""}"
test_012724,kv2/kinect2data/002749_2014-06-22_19-07-39_094959634447_rgbf000082-resize,scene:kv2/kinect2data/002749_2014-06-22_19-07-39_094959634447_rgbf000082-resize,kv2,rest_space,test,relative_depth,closer,0,"Which is closer to the camera, the sofa or the whiteboard?",,sofa,choice,sofa|whiteboard,SUNRGBD/kv2/kinect2data/002749_2014-06-22_19-07-39_094959634447_rgbf000082-resize/image/0000082.jpg,SUNRGBD/kv2/kinect2data/002749_2014-06-22_19-07-39_094959634447_rgbf000082-resize/depth_bfx/0000082.png,rule,"{""a_concept"": ""sofa"", ""a_depth_m"": 1.4539999961853027, ""b_concept"": ""whiteboard"", ""b_depth_m"": 3.058000087738037, ""comparative"": ""closer"", ""answer_concept"": ""sofa""}"
test_001439,kv2/kinect2data/000741_2014-06-08_18-47-12_260595134347_rgbf000066-resize,scene:kv2/kinect2data/000741_2014-06-08_18-47-12_260595134347_rgbf000066-resize,kv2,office,test,relative_depth,closer,5,"Which one is closer, the plant or the desk?",,desk,choice,plant|desk,SUNRGBD/kv2/kinect2data/000741_2014-06-08_18-47-12_260595134347_rgbf000066-resize/image/0000066.jpg,SUNRGBD/kv2/kinect2data/000741_2014-06-08_18-47-12_260595134347_rgbf000066-resize/depth_bfx/0000066.png,rule,"{""a_concept"": ""desk"", ""a_depth_m"": 1.4809999465942383, ""b_concept"": ""plant"", ""b_depth_m"": 2.569000005722046, ""comparative"": ""closer"", ""answer_concept"": ""desk""}"
test_009305,kv2/kinect2data/002745_2014-06-22_19-06-33_094959634447_rgbf000071-resize,scene:kv2/kinect2data/002745_2014-06-22_19-06-33_094959634447_rgbf000071-resize,kv2,rest_space,test,relative_depth,closer,0,"Which is closer to the camera, the shelf or the board?",,board,choice,shelf|board,SUNRGBD/kv2/kinect2data/002745_2014-06-22_19-06-33_094959634447_rgbf000071-resize/image/0000071.jpg,SUNRGBD/kv2/kinect2data/002745_2014-06-22_19-06-33_094959634447_rgbf000071-resize/depth_bfx/0000071.png,rule,"{""a_concept"": ""board"", ""a_depth_m"": 2.052999973297119, ""b_concept"": ""shelf"", ""b_depth_m"": 2.513000011444092, ""comparative"": ""closer"", ""answer_concept"": ""board""}"
test_007639,kv2/kinect2data/001793_2014-06-26_20-46-09_260595134347_rgbf000122-resize,scene:kv2/kinect2data/001793_2014-06-26_20-46-09_260595134347_rgbf000122-resize,kv2,furniture_store,test,relative_depth,closer,5,"Which one is closer, the ottoman or the mirror?",,ottoman,choice,ottoman|mirror,SUNRGBD/kv2/kinect2data/001793_2014-06-26_20-46-09_260595134347_rgbf000122-resize/image/0000122.jpg,SUNRGBD/kv2/kinect2data/001793_2014-06-26_20-46-09_260595134347_rgbf000122-resize/depth_bfx/0000122.png,rule,"{""a_concept"": ""mirror"", ""a_depth_m"": 2.369999885559082, ""b_concept"": ""ottoman"", ""b_depth_m"": 1.4229999780654907, ""comparative"": ""closer"", ""answer_concept"": ""ottoman""}"
test_002512,kv2/align_kv2/2014-12-18_11-57-07_260595134347,scene:kv2/align_kv2/2014-12-18_11-57-07_260595134347,kv2,rest_space,test,relative_depth,closer,4,"Of the table and the plant, which is closer?",,table,choice,table|plant,SUNRGBD/kv2/align_kv2/2014-12-18_11-57-07_260595134347/image/0000018.jpg,SUNRGBD/kv2/align_kv2/2014-12-18_11-57-07_260595134347/depth_bfx/0000018.png,rule,"{""a_concept"": ""table"", ""a_depth_m"": 1.1460000276565552, ""b_concept"": ""plant"", ""b_depth_m"": 2.2130000591278076, ""comparative"": ""closer"", ""answer_concept"": ""table""}"
test_003322,kv2/kinect2data/001792_2014-06-26_20-45-43_260595134347_rgbf000088-resize,scene:kv2/kinect2data/001792_2014-06-26_20-45-43_260595134347_rgbf000088-resize,kv2,furniture_store,test,relative_depth,closer,1,"Between the picture and the chair, which one is closer to the camera?",,chair,choice,picture|chair,SUNRGBD/kv2/kinect2data/001792_2014-06-26_20-45-43_260595134347_rgbf000088-resize/image/0000088.jpg,SUNRGBD/kv2/kinect2data/001792_2014-06-26_20-45-43_260595134347_rgbf000088-resize/depth_bfx/0000088.png,rule,"{""a_concept"": ""picture"", ""a_depth_m"": 3.5260000228881836, ""b_concept"": ""chair"", ""b_depth_m"": 1.090999960899353, ""comparative"": ""closer"", ""answer_concept"": ""chair""}"
test_007565,kv2/kinect2data/002492_2014-05-25_16-28-39_094959634447_rgbf000140-resize,scene:kv2/kinect2data/002492_2014-05-25_16-28-39_094959634447_rgbf000140-resize,kv2,bedroom,test,relative_depth,closer,0,"Which is closer to the camera, the sink or the telephone?",,telephone,choice,sink|telephone,SUNRGBD/kv2/kinect2data/002492_2014-05-25_16-28-39_094959634447_rgbf000140-resize/image/0000140.jpg,SUNRGBD/kv2/kinect2data/002492_2014-05-25_16-28-39_094959634447_rgbf000140-resize/depth_bfx/0000140.png,rule,"{""a_concept"": ""telephone"", ""a_depth_m"": 1.8489999771118164, ""b_concept"": ""sink"", ""b_depth_m"": 2.1559998989105225, ""comparative"": ""closer"", ""answer_concept"": ""telephone""}"
test_001366,kv2/kinect2data/002987_2014-06-08_18-48-20_094959634447_rgbf000022-resize,scene:kv2/kinect2data/002987_2014-06-08_18-48-20_094959634447_rgbf000022-resize,kv2,furniture_store,test,relative_depth,closer,2,Is the curtain or the pillow closer to the camera?,,curtain,choice,curtain|pillow,SUNRGBD/kv2/kinect2data/002987_2014-06-08_18-48-20_094959634447_rgbf000022-resize/image/0000022.jpg,SUNRGBD/kv2/kinect2data/002987_2014-06-08_18-48-20_094959634447_rgbf000022-resize/depth_bfx/0000022.png,rule,"{""a_concept"": ""curtain"", ""a_depth_m"": 2.3310000896453857, ""b_concept"": ""pillow"", ""b_depth_m"": 3.2060000896453857, ""comparative"": ""closer"", ""answer_concept"": ""curtain""}"
test_010866,kv2/kinect2data/000635_2014-06-08_16-38-42_260595134347_rgbf000106-resize,scene:kv2/kinect2data/000635_2014-06-08_16-38-42_260595134347_rgbf000106-resize,kv2,office,test,relative_depth,closer,3,"Which object is closer to the camera, the computer or the table?",,table,choice,computer|table,SUNRGBD/kv2/kinect2data/000635_2014-06-08_16-38-42_260595134347_rgbf000106-resize/image/0000106.jpg,SUNRGBD/kv2/kinect2data/000635_2014-06-08_16-38-42_260595134347_rgbf000106-resize/depth_bfx/0000106.png,rule,"{""a_concept"": ""computer"", ""a_depth_m"": 2.257999897003174, ""b_concept"": ""table"", ""b_depth_m"": 1.4620000123977661, ""comparative"": ""closer"", ""answer_concept"": ""table""}"
test_008684,kv2/kinect2data/001710_2014-06-26_19-23-53_260595134347_rgbf000102-resize,scene:kv2/kinect2data/001710_2014-06-26_19-23-53_260595134347_rgbf000102-resize,kv2,furniture_store,test,relative_depth,farther,5,"Which one is farther, the carpet or the cabinet?",,carpet,choice,carpet|cabinet,SUNRGBD/kv2/kinect2data/001710_2014-06-26_19-23-53_260595134347_rgbf000102-resize/image/0000102.jpg,SUNRGBD/kv2/kinect2data/001710_2014-06-26_19-23-53_260595134347_rgbf000102-resize/depth_bfx/0000102.png,rule,"{""a_concept"": ""cabinet"", ""a_depth_m"": 1.1519999504089355, ""b_concept"": ""carpet"", ""b_depth_m"": 2.131999969482422, ""comparative"": ""farther"", ""answer_concept"": ""carpet""}"
test_006745,kv2/kinect2data/000495_2014-06-08_22-49-47_260595134347_rgbf000045-resize,scene:kv2/kinect2data/000495_2014-06-08_22-49-47_260595134347_rgbf000045-resize,kv2,idk,test,relative_depth,farther,3,"Which object is farther from the camera, the chair or the door?",,door,choice,chair|door,SUNRGBD/kv2/kinect2data/000495_2014-06-08_22-49-47_260595134347_rgbf000045-resize/image/0000045.jpg,SUNRGBD/kv2/kinect2data/000495_2014-06-08_22-49-47_260595134347_rgbf000045-resize/depth_bfx/0000045.png,rule,"{""a_concept"": ""chair"", ""a_depth_m"": 2.3480000495910645, ""b_concept"": ""door"", ""b_depth_m"": 4.573999881744385, ""comparative"": ""farther"", ""answer_concept"": ""door""}"
test_008001,kv2/kinect2data/001880_2014-06-22_13-50-11_260595134347_rgbf000047-resize,scene:kv2/kinect2data/001880_2014-06-22_13-50-11_260595134347_rgbf000047-resize,kv2,furniture_store,test,relative_depth,farther,5,"Which one is farther, the headboard or the mirror?",,mirror,choice,headboard|mirror,SUNRGBD/kv2/kinect2data/001880_2014-06-22_13-50-11_260595134347_rgbf000047-resize/image/0000047.jpg,SUNRGBD/kv2/kinect2data/001880_2014-06-22_13-50-11_260595134347_rgbf000047-resize/depth_bfx/0000047.png,rule,"{""a_concept"": ""headboard"", ""a_depth_m"": 4.178999900817871, ""b_concept"": ""mirror"", ""b_depth_m"": 5.315000057220459, ""comparative"": ""farther"", ""answer_concept"": ""mirror""}"
test_001071,kv2/kinect2data/001795_2014-06-26_20-46-56_260595134347_rgbf000053-resize,scene:kv2/kinect2data/001795_2014-06-26_20-46-56_260595134347_rgbf000053-resize,kv2,furniture_store,test,relative_depth,closer,0,"Which is closer to the camera, the dresser or the headboard?",,dresser,choice,dresser|headboard,SUNRGBD/kv2/kinect2data/001795_2014-06-26_20-46-56_260595134347_rgbf000053-resize/image/0000053.jpg,SUNRGBD/kv2/kinect2data/001795_2014-06-26_20-46-56_260595134347_rgbf000053-resize/depth_bfx/0000053.png,rule,"{""a_concept"": ""dresser"", ""a_depth_m"": 3.1689999103546143, ""b_concept"": ""headboard"", ""b_depth_m"": 4.045000076293945, ""comparative"": ""closer"", ""answer_concept"": ""dresser""}"
test_006120,kv2/kinect2data/000660_2014-06-08_17-13-43_260595134347_rgbf000123-resize,scene:kv2/kinect2data/000660_2014-06-08_17-13-43_260595134347_rgbf000123-resize,kv2,rest_space,test,relative_depth,closer,4,"Of the bookshelf and the cupboard, which is closer?",,cupboard,choice,bookshelf|cupboard,SUNRGBD/kv2/kinect2data/000660_2014-06-08_17-13-43_260595134347_rgbf000123-resize/image/0000123.jpg,SUNRGBD/kv2/kinect2data/000660_2014-06-08_17-13-43_260595134347_rgbf000123-resize/depth_bfx/0000123.png,rule,"{""a_concept"": ""cupboard"", ""a_depth_m"": 0.8560000061988831, ""b_concept"": ""bookshelf"", ""b_depth_m"": 6.073999881744385, ""comparative"": ""closer"", ""answer_concept"": ""cupboard""}"
test_011757,kv2/kinect2data/000656_2014-06-08_17-11-06_260595134347_rgbf000231-resize,scene:kv2/kinect2data/000656_2014-06-08_17-11-06_260595134347_rgbf000231-resize,kv2,rest_space,test,relative_depth,farther,1,"Between the television and the ottoman, which one is farther from the camera?",,television,choice,television|ottoman,SUNRGBD/kv2/kinect2data/000656_2014-06-08_17-11-06_260595134347_rgbf000231-resize/image/0000231.jpg,SUNRGBD/kv2/kinect2data/000656_2014-06-08_17-11-06_260595134347_rgbf000231-resize/depth_bfx/0000231.png,rule,"{""a_concept"": ""television"", ""a_depth_m"": 6.165999889373779, ""b_concept"": ""ottoman"", ""b_depth_m"": 1.725000023841858, ""comparative"": ""farther"", ""answer_concept"": ""television""}"
test_006835,kv2/kinect2data/000990_2014-06-08_17-08-33_260595134347_rgbf000080-resize,scene:kv2/kinect2data/000990_2014-06-08_17-08-33_260595134347_rgbf000080-resize,kv2,corridor,test,relative_depth,closer,0,"Which is closer to the camera, the cabinet or the window?",,cabinet,choice,cabinet|window,SUNRGBD/kv2/kinect2data/000990_2014-06-08_17-08-33_260595134347_rgbf000080-resize/image/0000080.jpg,SUNRGBD/kv2/kinect2data/000990_2014-06-08_17-08-33_260595134347_rgbf000080-resize/depth_bfx/0000080.png,rule,"{""a_concept"": ""cabinet"", ""a_depth_m"": 2.1579999923706055, ""b_concept"": ""window"", ""b_depth_m"": 4.020999908447266, ""comparative"": ""closer"", ""answer_concept"": ""cabinet""}"
test_006819,kv2/kinect2data/001913_2014-06-22_14-04-40_260595134347_rgbf000019-resize,scene:kv2/kinect2data/001913_2014-06-22_14-04-40_260595134347_rgbf000019-resize,kv2,furniture_store,test,relative_depth,closer,4,"Of the mirror and the ottoman, which is closer?",,ottoman,choice,mirror|ottoman,SUNRGBD/kv2/kinect2data/001913_2014-06-22_14-04-40_260595134347_rgbf000019-resize/image/0000019.jpg,SUNRGBD/kv2/kinect2data/001913_2014-06-22_14-04-40_260595134347_rgbf000019-resize/depth_bfx/0000019.png,rule,"{""a_concept"": ""ottoman"", ""a_depth_m"": 2.888000011444092, ""b_concept"": ""mirror"", ""b_depth_m"": 5.415999889373779, ""comparative"": ""closer"", ""answer_concept"": ""ottoman""}"
test_012861,kv2/kinect2data/002760_2014-06-22_19-12-02_094959634447_rgbf000049-resize,scene:kv2/kinect2data/002760_2014-06-22_19-12-02_094959634447_rgbf000049-resize,kv2,bedroom,test,relative_depth,closer,1,"Between the window and the bed, which one is closer to the camera?",,bed,choice,window|bed,SUNRGBD/kv2/kinect2data/002760_2014-06-22_19-12-02_094959634447_rgbf000049-resize/image/0000049.jpg,SUNRGBD/kv2/kinect2data/002760_2014-06-22_19-12-02_094959634447_rgbf000049-resize/depth_bfx/0000049.png,rule,"{""a_concept"": ""window"", ""a_depth_m"": 3.0850000381469727, ""b_concept"": ""bed"", ""b_depth_m"": 1.3380000591278076, ""comparative"": ""closer"", ""answer_concept"": ""bed""}"
test_000506,kv2/kinect2data/000456_2014-06-08_16-51-55_260595134347_rgbf000097-resize,scene:kv2/kinect2data/000456_2014-06-08_16-51-55_260595134347_rgbf000097-resize,kv2,discussion_area,test,relative_depth,closer,1,"Between the sofa and the door, which one is closer to the camera?",,sofa,choice,sofa|door,SUNRGBD/kv2/kinect2data/000456_2014-06-08_16-51-55_260595134347_rgbf000097-resize/image/0000097.jpg,SUNRGBD/kv2/kinect2data/000456_2014-06-08_16-51-55_260595134347_rgbf000097-resize/depth_bfx/0000097.png,rule,"{""a_concept"": ""sofa"", ""a_depth_m"": 1.50600004196167, ""b_concept"": ""door"", ""b_depth_m"": 6.263999938964844, ""comparative"": ""closer"", ""answer_concept"": ""sofa""}"
test_010458,kv2/kinect2data/003090_2014-06-24_21-01-05_094959634447_rgbf000072-resize,scene:kv2/kinect2data/003090_2014-06-24_21-01-05_094959634447_rgbf000072-resize,kv2,living_room,test,relative_depth,closer,2,Is the door or the table closer to the camera?,,table,choice,door|table,SUNRGBD/kv2/kinect2data/003090_2014-06-24_21-01-05_094959634447_rgbf000072-resize/image/0000072.jpg,SUNRGBD/kv2/kinect2data/003090_2014-06-24_21-01-05_094959634447_rgbf000072-resize/depth_bfx/0000072.png,rule,"{""a_concept"": ""table"", ""a_depth_m"": 1.9600000381469727, ""b_concept"": ""door"", ""b_depth_m"": 3.1050000190734863, ""comparative"": ""closer"", ""answer_concept"": ""table""}"
test_010404,kv2/kinect2data/001196_2014-06-17_16-01-27_260595134347_rgbf000069-resize,scene:kv2/kinect2data/001196_2014-06-17_16-01-27_260595134347_rgbf000069-resize,kv2,rest_space,test,relative_depth,closer,1,"Between the coffee table and the rug, which one is closer to the camera?",,rug,choice,coffee_table|rug,SUNRGBD/kv2/kinect2data/001196_2014-06-17_16-01-27_260595134347_rgbf000069-resize/image/0000069.jpg,SUNRGBD/kv2/kinect2data/001196_2014-06-17_16-01-27_260595134347_rgbf000069-resize/depth_bfx/0000069.png,rule,"{""a_concept"": ""coffeetable"", ""a_depth_m"": 3.5230000019073486, ""b_concept"": ""rug"", ""b_depth_m"": 2.296999931335449, ""comparative"": ""closer"", ""answer_concept"": ""rug""}"
test_008041,kv2/align_kv2/2014-12-18_12-05-40_260595134347,scene:kv2/align_kv2/2014-12-18_12-05-40_260595134347,kv2,idk,test,relative_depth,closer,1,"Between the window and the door, which one is closer to the camera?",,window,choice,window|door,SUNRGBD/kv2/align_kv2/2014-12-18_12-05-40_260595134347/image/0000097.jpg,SUNRGBD/kv2/align_kv2/2014-12-18_12-05-40_260595134347/depth_bfx/0000097.png,rule,"{""a_concept"": ""window"", ""a_depth_m"": 2.1510000228881836, ""b_concept"": ""door"", ""b_depth_m"": 5.025000095367432, ""comparative"": ""closer"", ""answer_concept"": ""window""}"
test_011562,kv2/align_kv2/2014-12-18_12-06-04_260595134347,scene:kv2/align_kv2/2014-12-18_12-06-04_260595134347,kv2,idk,test,relative_depth,closer,4,"Of the door and the window, which is closer?",,window,choice,door|window,SUNRGBD/kv2/align_kv2/2014-12-18_12-06-04_260595134347/image/0000030.jpg,SUNRGBD/kv2/align_kv2/2014-12-18_12-06-04_260595134347/depth_bfx/0000030.png,rule,"{""a_concept"": ""door"", ""a_depth_m"": 3.325000047683716, ""b_concept"": ""window"", ""b_depth_m"": 1.180999994277954, ""comparative"": ""closer"", ""answer_concept"": ""window""}"
test_005907,kv2/kinect2data/000713_2014-06-08_18-30-56_260595134347_rgbf000145-resize,scene:kv2/kinect2data/000713_2014-06-08_18-30-56_260595134347_rgbf000145-resize,kv2,office,test,relative_depth,closer,4,"Of the window and the table, which is closer?",,table,choice,window|table,SUNRGBD/kv2/kinect2data/000713_2014-06-08_18-30-56_260595134347_rgbf000145-resize/image/0000145.jpg,SUNRGBD/kv2/kinect2data/000713_2014-06-08_18-30-56_260595134347_rgbf000145-resize/depth_bfx/0000145.png,rule,"{""a_concept"": ""table"", ""a_depth_m"": 2.2950000762939453, ""b_concept"": ""window"", ""b_depth_m"": 2.882999897003174, ""comparative"": ""closer"", ""answer_concept"": ""table""}"
test_001627,kv2/kinect2data/001785_2014-06-26_20-40-53_260595134347_rgbf000079-resize,scene:kv2/kinect2data/001785_2014-06-26_20-40-53_260595134347_rgbf000079-resize,kv2,furniture_store,test,relative_depth,farther,2,Is the bed or the clock farther from the camera?,,clock,choice,bed|clock,SUNRGBD/kv2/kinect2data/001785_2014-06-26_20-40-53_260595134347_rgbf000079-resize/image/0000079.jpg,SUNRGBD/kv2/kinect2data/001785_2014-06-26_20-40-53_260595134347_rgbf000079-resize/depth_bfx/0000079.png,rule,"{""a_concept"": ""bed"", ""a_depth_m"": 1.7949999570846558, ""b_concept"": ""clock"", ""b_depth_m"": 4.857999801635742, ""comparative"": ""farther"", ""answer_concept"": ""clock""}"
test_009863,kv2/kinect2data/000402_2014-06-09_22-23-28_260595134347_rgbf000081-resize,scene:kv2/kinect2data/000402_2014-06-09_22-23-28_260595134347_rgbf000081-resize,kv2,dining_room,test,relative_depth,farther,3,"Which object is farther from the camera, the carpet or the frame?",,frame,choice,carpet|frame,SUNRGBD/kv2/kinect2data/000402_2014-06-09_22-23-28_260595134347_rgbf000081-resize/image/0000081.jpg,SUNRGBD/kv2/kinect2data/000402_2014-06-09_22-23-28_260595134347_rgbf000081-resize/depth_bfx/0000081.png,rule,"{""a_concept"": ""frame"", ""a_depth_m"": 2.3010001182556152, ""b_concept"": ""carpet"", ""b_depth_m"": 1.725000023841858, ""comparative"": ""farther"", ""answer_concept"": ""frame""}"
test_010858,kv2/kinect2data/003662_2014-05-24_14-12-41_094959634447_rgbf000101-resize,scene:kv2/kinect2data/003662_2014-05-24_14-12-41_094959634447_rgbf000101-resize,kv2,office,test,relative_depth,closer,5,"Which one is closer, the board or the stand?",,board,choice,board|stand,SUNRGBD/kv2/kinect2data/003662_2014-05-24_14-12-41_094959634447_rgbf000101-resize/image/0000101.jpg,SUNRGBD/kv2/kinect2data/003662_2014-05-24_14-12-41_094959634447_rgbf000101-resize/depth_bfx/0000101.png,rule,"{""a_concept"": ""stand"", ""a_depth_m"": 3.319999933242798, ""b_concept"": ""board"", ""b_depth_m"": 2.4790000915527344, ""comparative"": ""closer"", ""answer_concept"": ""board""}"
test_001296,kv1/NYUdata/NYU0871,scene:kv1/NYUdata/NYU0871,kv1,kitchen,test,relative_depth,closer,3,"Which object is closer to the camera, the door or the cabinet?",,cabinet,choice,door|cabinet,SUNRGBD/kv1/NYUdata/NYU0871/image/NYU0871.jpg,SUNRGBD/kv1/NYUdata/NYU0871/depth_bfx/NYU0871.png,rule,"{""a_concept"": ""cabinet"", ""a_depth_m"": 1.996000051498413, ""b_concept"": ""door"", ""b_depth_m"": 2.8589999675750732, ""comparative"": ""closer"", ""answer_concept"": ""cabinet""}"
test_011805,kv1/NYUdata/NYU0446,scene:kv1/NYUdata/NYU0446,kv1,playroom,test,relative_depth,farther,0,"Which is farther from the camera, the cabinet or the window?",,window,choice,cabinet|window,SUNRGBD/kv1/NYUdata/NYU0446/image/NYU0446.jpg,SUNRGBD/kv1/NYUdata/NYU0446/depth_bfx/NYU0446.png,rule,"{""a_concept"": ""cabinet"", ""a_depth_m"": 2.6389999389648438, ""b_concept"": ""window"", ""b_depth_m"": 3.921999931335449, ""comparative"": ""farther"", ""answer_concept"": ""window""}"
test_012721,kv1/NYUdata/NYU0835,scene:kv1/NYUdata/NYU0835,kv1,kitchen,test,relative_depth,closer,0,"Which is closer to the camera, the door or the stool?",,stool,choice,door|stool,SUNRGBD/kv1/NYUdata/NYU0835/image/NYU0835.jpg,SUNRGBD/kv1/NYUdata/NYU0835/depth_bfx/NYU0835.png,rule,"{""a_concept"": ""door"", ""a_depth_m"": 5.564000129699707, ""b_concept"": ""stool"", ""b_depth_m"": 3.26200008392334, ""comparative"": ""closer"", ""answer_concept"": ""stool""}"
test_004034,kv1/NYUdata/NYU0821,scene:kv1/NYUdata/NYU0821,kv1,kitchen,test,relative_depth,farther,4,"Of the refrigerator and the bowl, which is farther?",,refrigerator,choice,refrigerator|bowl,SUNRGBD/kv1/NYUdata/NYU0821/image/NYU0821.jpg,SUNRGBD/kv1/NYUdata/NYU0821/depth_bfx/NYU0821.png,rule,"{""a_concept"": ""refrigerator"", ""a_depth_m"": 4.368000030517578, ""b_concept"": ""bowl"", ""b_depth_m"": 1.8049999475479126, ""comparative"": ""farther"", ""answer_concept"": ""refrigerator""}"
test_009513,kv1/NYUdata/NYU0031,scene:kv1/NYUdata/NYU0031,kv1,office,test,relative_depth,farther,0,"Which is farther from the camera, the monitor or the table?",,monitor,choice,monitor|table,SUNRGBD/kv1/NYUdata/NYU0031/image/NYU0031.jpg,SUNRGBD/kv1/NYUdata/NYU0031/depth_bfx/NYU0031.png,rule,"{""a_concept"": ""table"", ""a_depth_m"": 2.5490000247955322, ""b_concept"": ""monitor"", ""b_depth_m"": 3.0350000858306885, ""comparative"": ""farther"", ""answer_concept"": ""monitor""}"
test_001984,kv1/NYUdata/NYU0009,scene:kv1/NYUdata/NYU0009,kv1,office,test,relative_depth,closer,2,Is the paper or the door closer to the camera?,,paper,choice,paper|door,SUNRGBD/kv1/NYUdata/NYU0009/image/NYU0009.jpg,SUNRGBD/kv1/NYUdata/NYU0009/depth_bfx/NYU0009.png,rule,"{""a_concept"": ""paper"", ""a_depth_m"": 1.1690000295639038, ""b_concept"": ""door"", ""b_depth_m"": 3.002000093460083, ""comparative"": ""closer"", ""answer_concept"": ""paper""}"
test_005472,kv1/NYUdata/NYU1011,scene:kv1/NYUdata/NYU1011,kv1,bedroom,test,relative_depth,closer,5,"Which one is closer, the sofa or the trash can?",,sofa,choice,sofa|trash_can,SUNRGBD/kv1/NYUdata/NYU1011/image/NYU1011.jpg,SUNRGBD/kv1/NYUdata/NYU1011/depth_bfx/NYU1011.png,rule,"{""a_concept"": ""trashcan"", ""a_depth_m"": 2.821000099182129, ""b_concept"": ""sofa"", ""b_depth_m"": 1.9859999418258667, ""comparative"": ""closer"", ""answer_concept"": ""sofa""}"
test_009874,kv1/NYUdata/NYU0971,scene:kv1/NYUdata/NYU0971,kv1,bedroom,test,relative_depth,farther,1,"Between the bed and the blind, which one is farther from the camera?",,blind,choice,bed|blind,SUNRGBD/kv1/NYUdata/NYU0971/image/NYU0971.jpg,SUNRGBD/kv1/NYUdata/NYU0971/depth_bfx/NYU0971.png,rule,"{""a_concept"": ""blind"", ""a_depth_m"": 3.6700000762939453, ""b_concept"": ""bed"", ""b_depth_m"": 2.065999984741211, ""comparative"": ""farther"", ""answer_concept"": ""blind""}"
test_008728,kv1/NYUdata/NYU0769,scene:kv1/NYUdata/NYU0769,kv1,kitchen,test,relative_depth,closer,4,"Of the refrigerator and the door, which is closer?",,refrigerator,choice,refrigerator|door,SUNRGBD/kv1/NYUdata/NYU0769/image/NYU0769.jpg,SUNRGBD/kv1/NYUdata/NYU0769/depth_bfx/NYU0769.png,rule,"{""a_concept"": ""refrigerator"", ""a_depth_m"": 1.4470000267028809, ""b_concept"": ""door"", ""b_depth_m"": 3.440999984741211, ""comparative"": ""closer"", ""answer_concept"": ""refrigerator""}"
test_010431,kv1/NYUdata/NYU0077,scene:kv1/NYUdata/NYU0077,kv1,bedroom,test,relative_depth,farther,0,"Which is farther from the camera, the cabinet or the fan?",,cabinet,choice,cabinet|fan,SUNRGBD/kv1/NYUdata/NYU0077/image/NYU0077.jpg,SUNRGBD/kv1/NYUdata/NYU0077/depth_bfx/NYU0077.png,rule,"{""a_concept"": ""cabinet"", ""a_depth_m"": 3.3610000610351562, ""b_concept"": ""fan"", ""b_depth_m"": 2.4760000705718994, ""comparative"": ""farther"", ""answer_concept"": ""cabinet""}"
test_013719,kv1/NYUdata/NYU0869,scene:kv1/NYUdata/NYU0869,kv1,kitchen,test,relative_depth,closer,3,"Which object is closer to the camera, the window or the counter?",,counter,choice,window|counter,SUNRGBD/kv1/NYUdata/NYU0869/image/NYU0869.jpg,SUNRGBD/kv1/NYUdata/NYU0869/depth_bfx/NYU0869.png,rule,"{""a_concept"": ""counter"", ""a_depth_m"": 2.992000102996826, ""b_concept"": ""window"", ""b_depth_m"": 3.694999933242798, ""comparative"": ""closer"", ""answer_concept"": ""counter""}"
test_012499,kv1/NYUdata/NYU1289,scene:kv1/NYUdata/NYU1289,kv1,living_room,test,relative_depth,farther,5,"Which one is farther, the television or the door?",,door,choice,television|door,SUNRGBD/kv1/NYUdata/NYU1289/image/NYU1289.jpg,SUNRGBD/kv1/NYUdata/NYU1289/depth_bfx/NYU1289.png,rule,"{""a_concept"": ""door"", ""a_depth_m"": 6.133999824523926, ""b_concept"": ""television"", ""b_depth_m"": 4.401000022888184, ""comparative"": ""farther"", ""answer_concept"": ""door""}"
test_006801,kv1/NYUdata/NYU1349,scene:kv1/NYUdata/NYU1349,kv1,dining_room,test,relative_depth,farther,0,"Which is farther from the camera, the blind or the table?",,blind,choice,blind|table,SUNRGBD/kv1/NYUdata/NYU1349/image/NYU1349.jpg,SUNRGBD/kv1/NYUdata/NYU1349/depth_bfx/NYU1349.png,rule,"{""a_concept"": ""table"", ""a_depth_m"": 1.1380000114440918, ""b_concept"": ""blind"", ""b_depth_m"": 3.0899999141693115, ""comparative"": ""farther"", ""answer_concept"": ""blind""}"
test_000645,kv1/NYUdata/NYU0785,scene:kv1/NYUdata/NYU0785,kv1,kitchen,test,relative_depth,closer,0,"Which is closer to the camera, the stove or the pot?",,stove,choice,stove|pot,SUNRGBD/kv1/NYUdata/NYU0785/image/NYU0785.jpg,SUNRGBD/kv1/NYUdata/NYU0785/depth_bfx/NYU0785.png,rule,"{""a_concept"": ""pot"", ""a_depth_m"": 1.7239999771118164, ""b_concept"": ""stove"", ""b_depth_m"": 1.3980000019073486, ""comparative"": ""closer"", ""answer_concept"": ""stove""}"
test_004119,kv1/b3dodata/img_0420,scene:kv1/b3dodata/img_0420,kv1,office,test,relative_depth,closer,3,"Which object is closer to the camera, the laptop or the person?",,laptop,choice,laptop|person,SUNRGBD/kv1/b3dodata/img_0420/image/img_0420.jpg,SUNRGBD/kv1/b3dodata/img_0420/depth_bfx/img_0420_abs.png,rule,"{""a_concept"": ""laptop"", ""a_depth_m"": 1.434000015258789, ""b_concept"": ""person"", ""b_depth_m"": 2.562000036239624, ""comparative"": ""closer"", ""answer_concept"": ""laptop""}"
test_010960,kv1/NYUdata/NYU0137,scene:kv1/NYUdata/NYU0137,kv1,kitchen,test,relative_depth,closer,0,"Which is closer to the camera, the window or the counter?",,counter,choice,window|counter,SUNRGBD/kv1/NYUdata/NYU0137/image/NYU0137.jpg,SUNRGBD/kv1/NYUdata/NYU0137/depth_bfx/NYU0137.png,rule,"{""a_concept"": ""counter"", ""a_depth_m"": 1.3029999732971191, ""b_concept"": ""window"", ""b_depth_m"": 2.3459999561309814, ""comparative"": ""closer"", ""answer_concept"": ""counter""}"
test_000648,kv1/b3dodata/img_0511,scene:kv1/b3dodata/img_0511,kv1,office,test,relative_depth,closer,1,"Between the table and the chair, which one is closer to the camera?",,table,choice,table|chair,SUNRGBD/kv1/b3dodata/img_0511/image/img_0511.jpg,SUNRGBD/kv1/b3dodata/img_0511/depth_bfx/img_0511_abs.png,rule,"{""a_concept"": ""chair"", ""a_depth_m"": 1.3849999904632568, ""b_concept"": ""table"", ""b_depth_m"": 0.9309999942779541, ""comparative"": ""closer"", ""answer_concept"": ""table""}"
test_005752,kv1/NYUdata/NYU1156,scene:kv1/NYUdata/NYU1156,kv1,bedroom,test,relative_depth,closer,1,"Between the bookshelf and the clothes, which one is closer to the camera?",,clothes,choice,bookshelf|clothes,SUNRGBD/kv1/NYUdata/NYU1156/image/NYU1156.jpg,SUNRGBD/kv1/NYUdata/NYU1156/depth_bfx/NYU1156.png,rule,"{""a_concept"": ""bookshelf"", ""a_depth_m"": 2.7890000343322754, ""b_concept"": ""clothes"", ""b_depth_m"": 1.7719999551773071, ""comparative"": ""closer"", ""answer_concept"": ""clothes""}"
test_012185,kv1/NYUdata/NYU0033,scene:kv1/NYUdata/NYU0033,kv1,office,test,relative_depth,farther,4,"Of the desk and the whiteboard, which is farther?",,whiteboard,choice,desk|whiteboard,SUNRGBD/kv1/NYUdata/NYU0033/image/NYU0033.jpg,SUNRGBD/kv1/NYUdata/NYU0033/depth_bfx/NYU0033.png,rule,"{""a_concept"": ""desk"", ""a_depth_m"": 1.2710000276565552, ""b_concept"": ""whiteboard"", ""b_depth_m"": 1.7070000171661377, ""comparative"": ""farther"", ""answer_concept"": ""whiteboard""}"
test_003994,kv1/NYUdata/NYU1264,scene:kv1/NYUdata/NYU1264,kv1,living_room,test,relative_depth,closer,2,Is the blind or the towel closer to the camera?,,towel,choice,blind|towel,SUNRGBD/kv1/NYUdata/NYU1264/image/NYU1264.jpg,SUNRGBD/kv1/NYUdata/NYU1264/depth_bfx/NYU1264.png,rule,"{""a_concept"": ""blind"", ""a_depth_m"": 2.4030001163482666, ""b_concept"": ""towel"", ""b_depth_m"": 1.6759999990463257, ""comparative"": ""closer"", ""answer_concept"": ""towel""}"
test_009516,kv1/b3dodata/img_0691,scene:kv1/b3dodata/img_0691,kv1,home_office,test,relative_depth,farther,3,"Which object is farther from the camera, the table or the trash can?",,table,choice,table|trash_can,SUNRGBD/kv1/b3dodata/img_0691/image/img_0691.jpg,SUNRGBD/kv1/b3dodata/img_0691/depth_bfx/img_0691_abs.png,rule,"{""a_concept"": ""trashcan"", ""a_depth_m"": 1.4709999561309814, ""b_concept"": ""table"", ""b_depth_m"": 1.8320000171661377, ""comparative"": ""farther"", ""answer_concept"": ""table""}"
test_009708,kv1/b3dodata/img_0813,scene:kv1/b3dodata/img_0813,kv1,dining_room,test,relative_depth,farther,2,Is the picture frame or the laptop farther from the camera?,,picture frame,choice,picture_frame|laptop,SUNRGBD/kv1/b3dodata/img_0813/image/img_0813.jpg,SUNRGBD/kv1/b3dodata/img_0813/depth_bfx/img_0813_abs.png,rule,"{""a_concept"": ""pictureframe"", ""a_depth_m"": 2.51200008392334, ""b_concept"": ""laptop"", ""b_depth_m"": 1.2910000085830688, ""comparative"": ""farther"", ""answer_concept"": ""pictureframe""}"
test_001601,kv1/b3dodata/img_0416,scene:kv1/b3dodata/img_0416,kv1,office,test,relative_depth,closer,5,"Which one is closer, the laptop or the paper?",,paper,choice,laptop|paper,SUNRGBD/kv1/b3dodata/img_0416/image/img_0416.jpg,SUNRGBD/kv1/b3dodata/img_0416/depth_bfx/img_0416_abs.png,rule,"{""a_concept"": ""laptop"", ""a_depth_m"": 1.4290000200271606, ""b_concept"": ""paper"", ""b_depth_m"": 1.062000036239624, ""comparative"": ""closer"", ""answer_concept"": ""paper""}"
test_004235,kv1/NYUdata/NYU0184,scene:kv1/NYUdata/NYU0184,kv1,bedroom,test,relative_depth,closer,0,"Which is closer to the camera, the desk or the book?",,desk,choice,desk|book,SUNRGBD/kv1/NYUdata/NYU0184/image/NYU0184.jpg,SUNRGBD/kv1/NYUdata/NYU0184/depth_bfx/NYU0184.png,rule,"{""a_concept"": ""book"", ""a_depth_m"": 1.4550000429153442, ""b_concept"": ""desk"", ""b_depth_m"": 0.9390000104904175, ""comparative"": ""closer"", ""answer_concept"": ""desk""}"
test_013900,kv1/NYUdata/NYU1388,scene:kv1/NYUdata/NYU1388,kv1,dining_room,test,relative_depth,closer,1,"Between the flower and the door, which one is closer to the camera?",,door,choice,flower|door,SUNRGBD/kv1/NYUdata/NYU1388/image/NYU1388.jpg,SUNRGBD/kv1/NYUdata/NYU1388/depth_bfx/NYU1388.png,rule,"{""a_concept"": ""door"", ""a_depth_m"": 2.1059999465942383, ""b_concept"": ""flower"", ""b_depth_m"": 2.8429999351501465, ""comparative"": ""closer"", ""answer_concept"": ""door""}"
test_010035,kv1/NYUdata/NYU1442,scene:kv1/NYUdata/NYU1442,kv1,dining_room,test,relative_depth,farther,2,Is the floor mat or the window farther from the camera?,,window,choice,floor_mat|window,SUNRGBD/kv1/NYUdata/NYU1442/image/NYU1442.jpg,SUNRGBD/kv1/NYUdata/NYU1442/depth_bfx/NYU1442.png,rule,"{""a_concept"": ""window"", ""a_depth_m"": 3.309999942779541, ""b_concept"": ""floormat"", ""b_depth_m"": 2.4210000038146973, ""comparative"": ""farther"", ""answer_concept"": ""window""}"
test_006136,kv1/NYUdata/NYU0180,scene:kv1/NYUdata/NYU0180,kv1,bedroom,test,relative_depth,closer,1,"Between the night stand and the bed, which one is closer to the camera?",,bed,choice,night_stand|bed,SUNRGBD/kv1/NYUdata/NYU0180/image/NYU0180.jpg,SUNRGBD/kv1/NYUdata/NYU0180/depth_bfx/NYU0180.png,rule,"{""a_concept"": ""bed"", ""a_depth_m"": 1.6319999694824219, ""b_concept"": ""nightstand"", ""b_depth_m"": 2.7929999828338623, ""comparative"": ""closer"", ""answer_concept"": ""bed""}"
test_000332,kv1/NYUdata/NYU1157,scene:kv1/NYUdata/NYU1157,kv1,bedroom,test,relative_depth,closer,1,"Between the cabinet and the backpack, which one is closer to the camera?",,cabinet,choice,cabinet|backpack,SUNRGBD/kv1/NYUdata/NYU1157/image/NYU1157.jpg,SUNRGBD/kv1/NYUdata/NYU1157/depth_bfx/NYU1157.png,rule,"{""a_concept"": ""cabinet"", ""a_depth_m"": 1.9450000524520874, ""b_concept"": ""backpack"", ""b_depth_m"": 2.556999921798706, ""comparative"": ""closer"", ""answer_concept"": ""cabinet""}"
test_011061,kv1/NYUdata/NYU1254,scene:kv1/NYUdata/NYU1254,kv1,living_room,test,relative_depth,closer,4,"Of the coffee table and the blind, which is closer?",,coffee table,choice,coffee_table|blind,SUNRGBD/kv1/NYUdata/NYU1254/image/NYU1254.jpg,SUNRGBD/kv1/NYUdata/NYU1254/depth_bfx/NYU1254.png,rule,"{""a_concept"": ""blind"", ""a_depth_m"": 6.584000110626221, ""b_concept"": ""coffeetable"", ""b_depth_m"": 3.8510000705718994, ""comparative"": ""closer"", ""answer_concept"": ""coffeetable""}"
test_001554,kv1/NYUdata/NYU1234,scene:kv1/NYUdata/NYU1234,kv1,living_room,test,relative_depth,farther,5,"Which one is farther, the bowl or the lamp?",,bowl,choice,bowl|lamp,SUNRGBD/kv1/NYUdata/NYU1234/image/NYU1234.jpg,SUNRGBD/kv1/NYUdata/NYU1234/depth_bfx/NYU1234.png,rule,"{""a_concept"": ""bowl"", ""a_depth_m"": 1.8300000429153442, ""b_concept"": ""lamp"", ""b_depth_m"": 1.5010000467300415, ""comparative"": ""farther"", ""answer_concept"": ""bowl""}"
test_013072,kv1/NYUdata/NYU0650,scene:kv1/NYUdata/NYU0650,kv1,bathroom,test,relative_depth,farther,4,"Of the mirror and the sink, which is farther?",,mirror,choice,mirror|sink,SUNRGBD/kv1/NYUdata/NYU0650/image/NYU0650.jpg,SUNRGBD/kv1/NYUdata/NYU0650/depth_bfx/NYU0650.png,rule,"{""a_concept"": ""sink"", ""a_depth_m"": 0.9520000219345093, ""b_concept"": ""mirror"", ""b_depth_m"": 1.812999963760376, ""comparative"": ""farther"", ""answer_concept"": ""mirror""}"
test_007314,kv1/NYUdata/NYU0663,scene:kv1/NYUdata/NYU0663,kv1,bathroom,test,relative_depth,closer,4,"Of the door and the mirror, which is closer?",,door,choice,door|mirror,SUNRGBD/kv1/NYUdata/NYU0663/image/NYU0663.jpg,SUNRGBD/kv1/NYUdata/NYU0663/depth_bfx/NYU0663.png,rule,"{""a_concept"": ""door"", ""a_depth_m"": 1.972000002861023, ""b_concept"": ""mirror"", ""b_depth_m"": 2.7260000705718994, ""comparative"": ""closer"", ""answer_concept"": ""door""}"
test_005991,kv1/NYUdata/NYU1263,scene:kv1/NYUdata/NYU1263,kv1,living_room,test,relative_depth,closer,3,"Which object is closer to the camera, the television or the speaker?",,television,choice,television|speaker,SUNRGBD/kv1/NYUdata/NYU1263/image/NYU1263.jpg,SUNRGBD/kv1/NYUdata/NYU1263/depth_bfx/NYU1263.png,rule,"{""a_concept"": ""speaker"", ""a_depth_m"": 5.002999782562256, ""b_concept"": ""television"", ""b_depth_m"": 3.687999963760376, ""comparative"": ""closer"", ""answer_concept"": ""television""}"
test_000102,kv1/NYUdata/NYU0851,scene:kv1/NYUdata/NYU0851,kv1,kitchen,test,relative_depth,closer,0,"Which is closer to the camera, the microwave or the cup?",,cup,choice,microwave|cup,SUNRGBD/kv1/NYUdata/NYU0851/image/NYU0851.jpg,SUNRGBD/kv1/NYUdata/NYU0851/depth_bfx/NYU0851.png,rule,"{""a_concept"": ""microwave"", ""a_depth_m"": 3.677000045776367, ""b_concept"": ""cup"", ""b_depth_m"": 1.4079999923706055, ""comparative"": ""closer"", ""answer_concept"": ""cup""}"
test_011411,kv1/NYUdata/NYU0561,scene:kv1/NYUdata/NYU0561,kv1,kitchen,test,relative_depth,farther,5,"Which one is farther, the sink or the bin?",,sink,choice,sink|bin,SUNRGBD/kv1/NYUdata/NYU0561/image/NYU0561.jpg,SUNRGBD/kv1/NYUdata/NYU0561/depth_bfx/NYU0561.png,rule,"{""a_concept"": ""sink"", ""a_depth_m"": 1.8660000562667847, ""b_concept"": ""bin"", ""b_depth_m"": 1.531999945640564, ""comparative"": ""farther"", ""answer_concept"": ""sink""}"
test_009247,kv1/NYUdata/NYU0862,scene:kv1/NYUdata/NYU0862,kv1,kitchen,test,relative_depth,closer,1,"Between the microwave and the jar, which one is closer to the camera?",,jar,choice,microwave|jar,SUNRGBD/kv1/NYUdata/NYU0862/image/NYU0862.jpg,SUNRGBD/kv1/NYUdata/NYU0862/depth_bfx/NYU0862.png,rule,"{""a_concept"": ""microwave"", ""a_depth_m"": 3.4179999828338623, ""b_concept"": ""jar"", ""b_depth_m"": 1.659999966621399, ""comparative"": ""closer"", ""answer_concept"": ""jar""}"
test_010809,realsense/lg/2014_10_29-16_17_26-1311000073,scene:realsense/lg/2014_10_29-16_17_26-1311000073,realsense,rest_space,test,relative_depth,farther,1,"Between the table and the door, which one is farther from the camera?",,table,choice,table|door,SUNRGBD/realsense/lg/2014_10_29-16_17_26-1311000073/image/0000066.jpg,SUNRGBD/realsense/lg/2014_10_29-16_17_26-1311000073/depth_bfx/0000066.png,rule,"{""a_concept"": ""table"", ""a_depth_m"": 3.869999885559082, ""b_concept"": ""door"", ""b_depth_m"": 1.805999994277954, ""comparative"": ""farther"", ""answer_concept"": ""table""}"
test_006941,realsense/lg/2014_10_24-09_23_10-1311000073,scene:realsense/lg/2014_10_24-09_23_10-1311000073,realsense,rest_space,test,relative_depth,closer,4,"Of the table and the rug, which is closer?",,rug,choice,table|rug,SUNRGBD/realsense/lg/2014_10_24-09_23_10-1311000073/image/0000063.jpg,SUNRGBD/realsense/lg/2014_10_24-09_23_10-1311000073/depth_bfx/0000063.png,rule,"{""a_concept"": ""rug"", ""a_depth_m"": 1.8650000095367432, ""b_concept"": ""table"", ""b_depth_m"": 2.63700008392334, ""comparative"": ""closer"", ""answer_concept"": ""rug""}"
test_005763,realsense/lg/2014_10_27-15_14_24-1311000073,scene:realsense/lg/2014_10_27-15_14_24-1311000073,realsense,library,test,relative_depth,closer,0,"Which is closer to the camera, the chair or the bookshelf?",,bookshelf,choice,chair|bookshelf,SUNRGBD/realsense/lg/2014_10_27-15_14_24-1311000073/image/0000067.jpg,SUNRGBD/realsense/lg/2014_10_27-15_14_24-1311000073/depth_bfx/0000067.png,rule,"{""a_concept"": ""chair"", ""a_depth_m"": 3.7200000286102295, ""b_concept"": ""bookshelf"", ""b_depth_m"": 2.7669999599456787, ""comparative"": ""closer"", ""answer_concept"": ""bookshelf""}"
test_008809,realsense/lg/2014_10_30-16_13_27-1311000073,scene:realsense/lg/2014_10_30-16_13_27-1311000073,realsense,conference_room,test,relative_depth,closer,3,"Which object is closer to the camera, the table or the shelf?",,table,choice,table|shelf,SUNRGBD/realsense/lg/2014_10_30-16_13_27-1311000073/image/0000070.jpg,SUNRGBD/realsense/lg/2014_10_30-16_13_27-1311000073/depth_bfx/0000070.png,rule,"{""a_concept"": ""table"", ""a_depth_m"": 1.2319999933242798, ""b_concept"": ""shelf"", ""b_depth_m"": 3.8929998874664307, ""comparative"": ""closer"", ""answer_concept"": ""table""}"
test_010857,realsense/lg/2014_10_30-15_28_53-1311000073,scene:realsense/lg/2014_10_30-15_28_53-1311000073,realsense,dining_area,test,relative_depth,farther,0,"Which is farther from the camera, the table or the chair?",,table,choice,table|chair,SUNRGBD/realsense/lg/2014_10_30-15_28_53-1311000073/image/0000063.jpg,SUNRGBD/realsense/lg/2014_10_30-15_28_53-1311000073/depth_bfx/0000063.png,rule,"{""a_concept"": ""chair"", ""a_depth_m"": 2.0179998874664307, ""b_concept"": ""table"", ""b_depth_m"": 2.51200008392334, ""comparative"": ""farther"", ""answer_concept"": ""table""}"
test_009163,realsense/lg/2014_10_27-14_50_08-1311000073,scene:realsense/lg/2014_10_27-14_50_08-1311000073,realsense,library,test,relative_depth,farther,0,"Which is farther from the camera, the desk or the sofa?",,sofa,choice,desk|sofa,SUNRGBD/realsense/lg/2014_10_27-14_50_08-1311000073/image/0000063.jpg,SUNRGBD/realsense/lg/2014_10_27-14_50_08-1311000073/depth_bfx/0000063.png,rule,"{""a_concept"": ""sofa"", ""a_depth_m"": 4.441999912261963, ""b_concept"": ""desk"", ""b_depth_m"": 2.996999979019165, ""comparative"": ""farther"", ""answer_concept"": ""sofa""}"
test_010740,realsense/lg/2014_10_24-13_25_33-1311000073,scene:realsense/lg/2014_10_24-13_25_33-1311000073,realsense,rest_space,test,relative_depth,farther,0,"Which is farther from the camera, the book or the door?",,door,choice,book|door,SUNRGBD/realsense/lg/2014_10_24-13_25_33-1311000073/image/0000063.jpg,SUNRGBD/realsense/lg/2014_10_24-13_25_33-1311000073/depth_bfx/0000063.png,rule,"{""a_concept"": ""door"", ""a_depth_m"": 3.0139999389648438, ""b_concept"": ""book"", ""b_depth_m"": 2.1029999256134033, ""comparative"": ""farther"", ""answer_concept"": ""door""}"
test_001509,realsense/lg/2014_10_29-16_20_00-1311000073,scene:realsense/lg/2014_10_29-16_20_00-1311000073,realsense,library,test,relative_depth,farther,0,"Which is farther from the camera, the phone or the door?",,door,choice,phone|door,SUNRGBD/realsense/lg/2014_10_29-16_20_00-1311000073/image/0000063.jpg,SUNRGBD/realsense/lg/2014_10_29-16_20_00-1311000073/depth_bfx/0000063.png,rule,"{""a_concept"": ""phone"", ""a_depth_m"": 2.2869999408721924, ""b_concept"": ""door"", ""b_depth_m"": 3.384999990463257, ""comparative"": ""farther"", ""answer_concept"": ""door""}"
test_009803,realsense/lg/2014_10_28-15_52_19-1311000073,scene:realsense/lg/2014_10_28-15_52_19-1311000073,realsense,rest_space,test,relative_depth,farther,4,"Of the chair and the sofa, which is farther?",,chair,choice,chair|sofa,SUNRGBD/realsense/lg/2014_10_28-15_52_19-1311000073/image/0000063.jpg,SUNRGBD/realsense/lg/2014_10_28-15_52_19-1311000073/depth_bfx/0000063.png,rule,"{""a_concept"": ""sofa"", ""a_depth_m"": 1.0509999990463257, ""b_concept"": ""chair"", ""b_depth_m"": 3.252000093460083, ""comparative"": ""farther"", ""answer_concept"": ""chair""}"
test_001764,realsense/lg/2014_10_26-14_39_32-1311000073,scene:realsense/lg/2014_10_26-14_39_32-1311000073,realsense,office_kitchen,test,relative_depth,closer,5,"Which one is closer, the counter or the refrigerator?",,counter,choice,counter|refrigerator,SUNRGBD/realsense/lg/2014_10_26-14_39_32-1311000073/image/0000063.jpg,SUNRGBD/realsense/lg/2014_10_26-14_39_32-1311000073/depth_bfx/0000063.png,rule,"{""a_concept"": ""refrigerator"", ""a_depth_m"": 3.4619998931884766, ""b_concept"": ""counter"", ""b_depth_m"": 1.3960000276565552, ""comparative"": ""closer"", ""answer_concept"": ""counter""}"
test_000737,realsense/lg/2014_10_25-17_45_23-1311000073,scene:realsense/lg/2014_10_25-17_45_23-1311000073,realsense,dining_area,test,relative_depth,closer,5,"Which one is closer, the cupboard or the window?",,window,choice,cupboard|window,SUNRGBD/realsense/lg/2014_10_25-17_45_23-1311000073/image/0000063.jpg,SUNRGBD/realsense/lg/2014_10_25-17_45_23-1311000073/depth_bfx/0000063.png,rule,"{""a_concept"": ""window"", ""a_depth_m"": 0.652999997138977, ""b_concept"": ""cupboard"", ""b_depth_m"": 3.6429998874664307, ""comparative"": ""closer"", ""answer_concept"": ""window""}"
test_002893,realsense/lg/2014_10_26-13_53_26-1311000073,scene:realsense/lg/2014_10_26-13_53_26-1311000073,realsense,mail_room,test,relative_depth,farther,0,"Which is farther from the camera, the poster or the counter?",,poster,choice,poster|counter,SUNRGBD/realsense/lg/2014_10_26-13_53_26-1311000073/image/0000063.jpg,SUNRGBD/realsense/lg/2014_10_26-13_53_26-1311000073/depth_bfx/0000063.png,rule,"{""a_concept"": ""counter"", ""a_depth_m"": 2.1489999294281006, ""b_concept"": ""poster"", ""b_depth_m"": 4.28000020980835, ""comparative"": ""farther"", ""answer_concept"": ""poster""}"
test_006100,realsense/lg/2014_10_26-14_18_12-1311000073,scene:realsense/lg/2014_10_26-14_18_12-1311000073,realsense,discussion_area,test,relative_depth,closer,5,"Which one is closer, the table or the trash can?",,trash can,choice,table|trash_can,SUNRGBD/realsense/lg/2014_10_26-14_18_12-1311000073/image/0000062.jpg,SUNRGBD/realsense/lg/2014_10_26-14_18_12-1311000073/depth_bfx/0000062.png,rule,"{""a_concept"": ""trashcan"", ""a_depth_m"": 1.5089999437332153, ""b_concept"": ""table"", ""b_depth_m"": 2.369999885559082, ""comparative"": ""closer"", ""answer_concept"": ""trashcan""}"
test_008173,xtion/xtion_align_data/2014_12_18_11_47_6,scene:xtion/xtion_align_data/2014_12_18_11_47_6,xtion,office,test,nearest_object,,1,Which object is nearest to the window?,,blind,object,,SUNRGBD/xtion/xtion_align_data/2014_12_18_11_47_6/image/0000024.jpg,SUNRGBD/xtion/xtion_align_data/2014_12_18_11_47_6/depth_bfx/0000024.png,rule,"{""anchor_concept"": ""window"", ""anchor_object_index"": 4, ""answer_concept"": ""blind"", ""answer_object_index"": 6, ""nearest_distance_m"": 0.167, ""second_nearest_distance_m"": 0.319}"
test_006520,xtion/sun3ddata/mit_32_d6_lounge/d6_lounge_1/0000547-000018333252,sun3d:mit_32_d6_lounge/d6_lounge_1,xtion,rest_space,test,nearest_object,,4,What is right next to the tree?,,window,object,,SUNRGBD/xtion/sun3ddata/mit_32_d6_lounge/d6_lounge_1/0000547-000018333252/image/0000547-000018333252.jpg,SUNRGBD/xtion/sun3ddata/mit_32_d6_lounge/d6_lounge_1/0000547-000018333252/depth_bfx/0000549-000018328335.png,rule,"{""anchor_concept"": ""tree"", ""anchor_object_index"": 5, ""answer_concept"": ""window"", ""answer_object_index"": 2, ""nearest_distance_m"": 2.091, ""second_nearest_distance_m"": 3.361}"
test_002210,xtion/sun3ddata/mit_w85h/h2_1/0000897-000030063852,sun3d:mit_w85h/h2_1,xtion,kitchen,test,nearest_object,,1,Which object is nearest to the window?,,sink,object,,SUNRGBD/xtion/sun3ddata/mit_w85h/h2_1/0000897-000030063852/image/0000897-000030063852.jpg,SUNRGBD/xtion/sun3ddata/mit_w85h/h2_1/0000897-000030063852/depth_bfx/0000901-000030055804.png,rule,"{""anchor_concept"": ""window"", ""anchor_object_index"": 5, ""answer_concept"": ""sink"", ""answer_object_index"": 2, ""nearest_distance_m"": 0.321, ""second_nearest_distance_m"": 1.626}"
test_003624,xtion/xtion_align_data/2014_12_18_12_19_52,scene:xtion/xtion_align_data/2014_12_18_12_19_52,xtion,classroom,test,nearest_object,,5,Which object is closest in distance to the carpet?,,door,object,,SUNRGBD/xtion/xtion_align_data/2014_12_18_12_19_52/image/0000001.jpg,SUNRGBD/xtion/xtion_align_data/2014_12_18_12_19_52/depth_bfx/0000001.png,rule,"{""anchor_concept"": ""carpet"", ""anchor_object_index"": 24, ""answer_concept"": ""door"", ""answer_object_index"": 10, ""nearest_distance_m"": 1.373, ""second_nearest_distance_m"": 2.705}"
test_000699,xtion/sun3ddata/mit_w85h/h2_1/0000564-000018903024,sun3d:mit_w85h/h2_1,xtion,dinette,test,nearest_object,,5,Which object is closest in distance to the refrigerator?,,box,object,,SUNRGBD/xtion/sun3ddata/mit_w85h/h2_1/0000564-000018903024/image/0000564-000018903024.jpg,SUNRGBD/xtion/sun3ddata/mit_w85h/h2_1/0000564-000018903024/depth_bfx/0000567-000018910475.png,rule,"{""anchor_concept"": ""refrigerator"", ""anchor_object_index"": 0, ""answer_concept"": ""box"", ""answer_object_index"": 11, ""nearest_distance_m"": 0.79, ""second_nearest_distance_m"": 1.163}"
test_006540,xtion/sun3ddata/mit_w16/kresge_back/0011726-000507039482,sun3d:mit_w16/kresge_back,xtion,basement,test,nearest_object,,3,Which item is positioned nearest to the window?,,box,object,,SUNRGBD/xtion/sun3ddata/mit_w16/kresge_back/0011726-000507039482/image/0011726-000507039482.jpg,SUNRGBD/xtion/sun3ddata/mit_w16/kresge_back/0011726-000507039482/depth_bfx/0011730-000507045753.png,rule,"{""anchor_concept"": ""window"", ""anchor_object_index"": 12, ""answer_concept"": ""box"", ""answer_object_index"": 10, ""nearest_distance_m"": 0.773, ""second_nearest_distance_m"": 0.97}"
test_003666,xtion/sun3ddata/mit_76_studyroom/76-1studyroom1/0000698-000023360652,sun3d:mit_76_studyroom/76-1studyroom1,xtion,discussion_area,test,nearest_object,,0,What is the closest object to the window?,,plant,object,,SUNRGBD/xtion/sun3ddata/mit_76_studyroom/76-1studyroom1/0000698-000023360652/image/0000698-000023360652.jpg,SUNRGBD/xtion/sun3ddata/mit_76_studyroom/76-1studyroom1/0000698-000023360652/depth_bfx/0000700-000023348835.png,rule,"{""anchor_concept"": ""window"", ""anchor_object_index"": 4, ""answer_concept"": ""plant"", ""answer_object_index"": 2, ""nearest_distance_m"": 1.574, ""second_nearest_distance_m"": 2.262}"
test_002117,xtion/sun3ddata/mit_w85k2/k1/0003175-000106393431,sun3d:mit_w85k2/k1,xtion,bathroom,test,nearest_object,,4,What is right next to the toilet?,,sink,object,,SUNRGBD/xtion/sun3ddata/mit_w85k2/k1/0003175-000106393431/image/0003175-000106393431.jpg,SUNRGBD/xtion/sun3ddata/mit_w85k2/k1/0003175-000106393431/depth_bfx/0003189-000106381169.png,rule,"{""anchor_concept"": ""toilet"", ""anchor_object_index"": 1, ""answer_concept"": ""sink"", ""answer_object_index"": 0, ""nearest_distance_m"": 0.599, ""second_nearest_distance_m"": 0.773}"
test_000919,xtion/sun3ddata/mit_w20_flr4/sc_flr4_oct_29_2012_scan1_erika/0010115-000430691475,sun3d:mit_w20_flr4/sc_flr4_oct_29_2012_scan1_erika,xtion,corridor,test,nearest_object,,4,What is right next to the bottle?,,notice,object,,SUNRGBD/xtion/sun3ddata/mit_w20_flr4/sc_flr4_oct_29_2012_scan1_erika/0010115-000430691475/image/0010115-000430691475.jpg,SUNRGBD/xtion/sun3ddata/mit_w20_flr4/sc_flr4_oct_29_2012_scan1_erika/0010115-000430691475/depth_bfx/0010130-000430696910.png,rule,"{""anchor_concept"": ""bottle"", ""anchor_object_index"": 0, ""answer_concept"": ""notice"", ""answer_object_index"": 21, ""nearest_distance_m"": 1.062, ""second_nearest_distance_m"": 1.389}"
test_002312,xtion/sun3ddata/mit_32_d6_lounge/d6_lounge_1/0007041-000235986156,sun3d:mit_32_d6_lounge/d6_lounge_1,xtion,office_kitchen,test,nearest_object,,3,Which item is positioned nearest to the paper towel?,,counter,object,,SUNRGBD/xtion/sun3ddata/mit_32_d6_lounge/d6_lounge_1/0007041-000235986156/image/0007041-000235986156.jpg,SUNRGBD/xtion/sun3ddata/mit_32_d6_lounge/d6_lounge_1/0007041-000235986156/depth_bfx/0007072-000235995952.png,rule,"{""anchor_concept"": ""papertowel"", ""anchor_object_index"": 8, ""answer_concept"": ""counter"", ""answer_object_index"": 11, ""nearest_distance_m"": 0.172, ""second_nearest_distance_m"": 0.707}"
test_010466,xtion/sun3ddata/mit_36_ti_lab/tian_lab_1/0001765-000059142000,sun3d:mit_36_ti_lab/tian_lab_1,xtion,lab,test,nearest_object,,5,Which object is closest in distance to the box?,,book,object,,SUNRGBD/xtion/sun3ddata/mit_36_ti_lab/tian_lab_1/0001765-000059142000/image/0001765-000059142000.jpg,SUNRGBD/xtion/sun3ddata/mit_36_ti_lab/tian_lab_1/0001765-000059142000/depth_bfx/0001773-000059130311.png,rule,"{""anchor_concept"": ""box"", ""anchor_object_index"": 8, ""answer_concept"": ""book"", ""answer_object_index"": 3, ""nearest_distance_m"": 0.201, ""second_nearest_distance_m"": 0.467}"
test_011139,xtion/xtion_align_data/2014_12_18_13_57_32,scene:xtion/xtion_align_data/2014_12_18_13_57_32,xtion,reception_room,test,nearest_object,,4,What is right next to the shelf?,,cup,object,,SUNRGBD/xtion/xtion_align_data/2014_12_18_13_57_32/image/0000044.jpg,SUNRGBD/xtion/xtion_align_data/2014_12_18_13_57_32/depth_bfx/0000044.png,rule,"{""anchor_concept"": ""shelf"", ""anchor_object_index"": 6, ""answer_concept"": ""cup"", ""answer_object_index"": 16, ""nearest_distance_m"": 0.139, ""second_nearest_distance_m"": 3.141}"
test_005881,xtion/sun3ddata/mit_lab_hj/lab_hj_work_nov_2_2012_scan1_erika/0004947-000199587780,sun3d:mit_lab_hj/lab_hj_work_nov_2_2012_scan1_erika,xtion,office,test,nearest_object,,0,What is the closest object to the door?,,monitor,object,,SUNRGBD/xtion/sun3ddata/mit_lab_hj/lab_hj_work_nov_2_2012_scan1_erika/0004947-000199587780/image/0004947-000199587780.jpg,SUNRGBD/xtion/sun3ddata/mit_lab_hj/lab_hj_work_nov_2_2012_scan1_erika/0004947-000199587780/depth_bfx/0004948-000199585163.png,rule,"{""anchor_concept"": ""door"", ""anchor_object_index"": 4, ""answer_concept"": ""monitor"", ""answer_object_index"": 0, ""nearest_distance_m"": 0.995, ""second_nearest_distance_m"": 1.993}"
test_003736,xtion/sun3ddata/mit_76_417/76-417a/0006871-000230321952,sun3d:mit_76_417/76-417a,xtion,lab,test,nearest_object,,2,What sits closest to the table?,,box,object,,SUNRGBD/xtion/sun3ddata/mit_76_417/76-417a/0006871-000230321952/image/0006871-000230321952.jpg,SUNRGBD/xtion/sun3ddata/mit_76_417/76-417a/0006871-000230321952/depth_bfx/0006903-000230324806.png,rule,"{""anchor_concept"": ""table"", ""anchor_object_index"": 1, ""answer_concept"": ""box"", ""answer_object_index"": 3, ""nearest_distance_m"": 0.531, ""second_nearest_distance_m"": 0.996}"
test_008368,xtion/sun3ddata/mit_dorm_mcc_flr1/dorm_mcc_flr1_oct_31_2012_scan1_erika/0008385-000380089582,sun3d:mit_dorm_mcc_flr1/dorm_mcc_flr1_oct_31_2012_scan1_erika,xtion,rest_space,test,nearest_object,,5,Which object is closest in distance to the sofa?,,window,object,,SUNRGBD/xtion/sun3ddata/mit_dorm_mcc_flr1/dorm_mcc_flr1_oct_31_2012_scan1_erika/0008385-000380089582/image/0008385-000380089582.jpg,SUNRGBD/xtion/sun3ddata/mit_dorm_mcc_flr1/dorm_mcc_flr1_oct_31_2012_scan1_erika/0008385-000380089582/depth_bfx/0008372-000380075758.png,rule,"{""anchor_concept"": ""sofa"", ""anchor_object_index"": 1, ""answer_concept"": ""window"", ""answer_object_index"": 2, ""nearest_distance_m"": 1.195, ""second_nearest_distance_m"": 1.929}"
test_001348,xtion/sun3ddata/mit_32_g442/g442_1/0002549-000085444374,sun3d:mit_32_g442/g442_1,xtion,office,test,nearest_object,,5,Which object is closest in distance to the bag?,,paper,object,,SUNRGBD/xtion/sun3ddata/mit_32_g442/g442_1/0002549-000085444374/image/0002549-000085444374.jpg,SUNRGBD/xtion/sun3ddata/mit_32_g442/g442_1/0002549-000085444374/depth_bfx/0002562-000085458649.png,rule,"{""anchor_concept"": ""bag"", ""anchor_object_index"": 13, ""answer_concept"": ""paper"", ""answer_object_index"": 5, ""nearest_distance_m"": 0.276, ""second_nearest_distance_m"": 0.372}"
test_010009,xtion/sun3ddata/mit_dorm_masseeh_wm/dorm_masseeh_wm_oct_29_2012_scan1_erika/0002871-000132530645,sun3d:mit_dorm_masseeh_wm/dorm_masseeh_wm_oct_29_2012_scan1_erika,xtion,bedroom,test,nearest_object,,2,What sits closest to the blanket?,,bed,object,,SUNRGBD/xtion/sun3ddata/mit_dorm_masseeh_wm/dorm_masseeh_wm_oct_29_2012_scan1_erika/0002871-000132530645/image/0002871-000132530645.jpg,SUNRGBD/xtion/sun3ddata/mit_dorm_masseeh_wm/dorm_masseeh_wm_oct_29_2012_scan1_erika/0002871-000132530645/depth_bfx/0002866-000132542661.png,rule,"{""anchor_concept"": ""blanket"", ""anchor_object_index"": 3, ""answer_concept"": ""bed"", ""answer_object_index"": 2, ""nearest_distance_m"": 0.383, ""second_nearest_distance_m"": 0.8}"
test_007030,xtion/sun3ddata/mit_32_g725/g725_1/0001116-000037406455,sun3d:mit_32_g725/g725_1,xtion,conference_room,test,nearest_object,,0,What is the closest object to the bottle?,,table,object,,SUNRGBD/xtion/sun3ddata/mit_32_g725/g725_1/0001116-000037406455/image/0001116-000037406455.jpg,SUNRGBD/xtion/sun3ddata/mit_32_g725/g725_1/0001116-000037406455/depth_bfx/0001122-000037406929.png,rule,"{""anchor_concept"": ""bottle"", ""anchor_object_index"": 10, ""answer_concept"": ""table"", ""answer_object_index"": 15, ""nearest_distance_m"": 0.123, ""second_nearest_distance_m"": 0.668}"
test_006461,xtion/sun3ddata/mit_32_g7_lounge/g7_lounge_1/0003720-000124646004,sun3d:mit_32_g7_lounge/g7_lounge_1,xtion,rest_space,test,nearest_object,,3,Which item is positioned nearest to the plant?,,chair,object,,SUNRGBD/xtion/sun3ddata/mit_32_g7_lounge/g7_lounge_1/0003720-000124646004/image/0003720-000124646004.jpg,SUNRGBD/xtion/sun3ddata/mit_32_g7_lounge/g7_lounge_1/0003720-000124646004/depth_bfx/0003736-000124644694.png,rule,"{""anchor_concept"": ""plant"", ""anchor_object_index"": 4, ""answer_concept"": ""chair"", ""answer_object_index"": 0, ""nearest_distance_m"": 0.663, ""second_nearest_distance_m"": 1.264}"
test_008466,xtion/sun3ddata/mit_76_studyroom/76-1studyroom1/0000884-000029594628,sun3d:mit_76_studyroom/76-1studyroom1,xtion,discussion_area,test,nearest_object,,3,Which item is positioned nearest to the door?,,tree,object,,SUNRGBD/xtion/sun3ddata/mit_76_studyroom/76-1studyroom1/0000884-000029594628/image/0000884-000029594628.jpg,SUNRGBD/xtion/sun3ddata/mit_76_studyroom/76-1studyroom1/0000884-000029594628/depth_bfx/0000887-000029588885.png,rule,"{""anchor_concept"": ""door"", ""anchor_object_index"": 6, ""answer_concept"": ""tree"", ""answer_object_index"": 7, ""nearest_distance_m"": 0.877, ""second_nearest_distance_m"": 1.856}"
test_000204,xtion/sun3ddata/mit_dorm_mcc_eflr6/dorm_mcc_eflr6_oct_31_2012_scan1_erika/0000153-000006345759,sun3d:mit_dorm_mcc_eflr6/dorm_mcc_eflr6_oct_31_2012_scan1_erika,xtion,dining_room,test,nearest_object,,3,Which item is positioned nearest to the bag?,,shelf,object,,SUNRGBD/xtion/sun3ddata/mit_dorm_mcc_eflr6/dorm_mcc_eflr6_oct_31_2012_scan1_erika/0000153-000006345759/image/0000153-000006345759.jpg,SUNRGBD/xtion/sun3ddata/mit_dorm_mcc_eflr6/dorm_mcc_eflr6_oct_31_2012_scan1_erika/0000153-000006345759/depth_bfx/0000154-000006373527.png,rule,"{""anchor_concept"": ""bag"", ""anchor_object_index"": 17, ""answer_concept"": ""shelf"", ""answer_object_index"": 16, ""nearest_distance_m"": 0.763, ""second_nearest_distance_m"": 1.543}"
test_012277,xtion/sun3ddata/mit_dorm_masseeh_md/dorm_masseeh_md_scan1_oct_26_2012_erika/0003000-000138188614,sun3d:mit_dorm_masseeh_md/dorm_masseeh_md_scan1_oct_26_2012_erika,xtion,bedroom,test,nearest_object,,5,Which object is closest in distance to the cupboard?,,poster,object,,SUNRGBD/xtion/sun3ddata/mit_dorm_masseeh_md/dorm_masseeh_md_scan1_oct_26_2012_erika/0003000-000138188614/image/0003000-000138188614.jpg,SUNRGBD/xtion/sun3ddata/mit_dorm_masseeh_md/dorm_masseeh_md_scan1_oct_26_2012_erika/0003000-000138188614/depth_bfx/0002998-000138182064.png,rule,"{""anchor_concept"": ""cupboard"", ""anchor_object_index"": 0, ""answer_concept"": ""poster"", ""answer_object_index"": 1, ""nearest_distance_m"": 0.392, ""second_nearest_distance_m"": 1.21}"
test_008560,xtion/sun3ddata/mit_lab_16/lab_16_nov_2_2012_scan1_erika/0020870-000892296468,sun3d:mit_lab_16/lab_16_nov_2_2012_scan1_erika,xtion,lab,test,nearest_object,,3,Which item is positioned nearest to the shelf?,,door,object,,SUNRGBD/xtion/sun3ddata/mit_lab_16/lab_16_nov_2_2012_scan1_erika/0020870-000892296468/image/0020870-000892296468.jpg,SUNRGBD/xtion/sun3ddata/mit_lab_16/lab_16_nov_2_2012_scan1_erika/0020870-000892296468/depth_bfx/0020879-000892311544.png,rule,"{""anchor_concept"": ""shelf"", ""anchor_object_index"": 6, ""answer_concept"": ""door"", ""answer_object_index"": 1, ""nearest_distance_m"": 1.49, ""second_nearest_distance_m"": 2.892}"
test_006759,xtion/sun3ddata/mit_w85h/h2_1/0005025-000168451416,sun3d:mit_w85h/h2_1,xtion,bedroom,test,nearest_object,,0,What is the closest object to the curtain?,,box,object,,SUNRGBD/xtion/sun3ddata/mit_w85h/h2_1/0005025-000168451416/image/0005025-000168451416.jpg,SUNRGBD/xtion/sun3ddata/mit_w85h/h2_1/0005025-000168451416/depth_bfx/0005048-000168438084.png,rule,"{""anchor_concept"": ""curtain"", ""anchor_object_index"": 2, ""answer_concept"": ""box"", ""answer_object_index"": 7, ""nearest_distance_m"": 0.753, ""second_nearest_distance_m"": 0.988}"
test_003141,xtion/sun3ddata/home_puigpunyen/home_puigpunyent_scan1_2012_aug_22/0012465-000673409973,sun3d:home_puigpunyen/home_puigpunyent_scan1_2012_aug_22,xtion,dining_room,test,nearest_object,,0,What is the closest object to the shelf?,,table,object,,SUNRGBD/xtion/sun3ddata/home_puigpunyen/home_puigpunyent_scan1_2012_aug_22/0012465-000673409973/image/0012465-000673409973.jpg,SUNRGBD/xtion/sun3ddata/home_puigpunyen/home_puigpunyent_scan1_2012_aug_22/0012465-000673409973/depth_bfx/0012465-000673409973.png,rule,"{""anchor_concept"": ""shelf"", ""anchor_object_index"": 4, ""answer_concept"": ""table"", ""answer_object_index"": 5, ""nearest_distance_m"": 1.918, ""second_nearest_distance_m"": 2.833}"
test_005441,xtion/sun3ddata/mit_46_6lounge/bcs_floor6_long/0006981-000234230361,sun3d:mit_46_6lounge/bcs_floor6_long,xtion,recreation_room,test,nearest_object,,4,What is right next to the stand?,,window,object,,SUNRGBD/xtion/sun3ddata/mit_46_6lounge/bcs_floor6_long/0006981-000234230361/image/0006981-000234230361.jpg,SUNRGBD/xtion/sun3ddata/mit_46_6lounge/bcs_floor6_long/0006981-000234230361/depth_bfx/0007011-000234218766.png,rule,"{""anchor_concept"": ""stand"", ""anchor_object_index"": 15, ""answer_concept"": ""window"", ""answer_object_index"": 5, ""nearest_distance_m"": 0.477, ""second_nearest_distance_m"": 3.942}"
test_013262,xtion/xtion_align_data/2014_12_18_12_3_56,scene:xtion/xtion_align_data/2014_12_18_12_3_56,xtion,rest_space,test,nearest_object,,1,Which object is nearest to the frame?,,window,object,,SUNRGBD/xtion/xtion_align_data/2014_12_18_12_3_56/image/0000059.jpg,SUNRGBD/xtion/xtion_align_data/2014_12_18_12_3_56/depth_bfx/0000059.png,rule,"{""anchor_concept"": ""frame"", ""anchor_object_index"": 3, ""answer_concept"": ""window"", ""answer_object_index"": 2, ""nearest_distance_m"": 0.367, ""second_nearest_distance_m"": 1.323}"
test_013185,xtion/sun3ddata/mit_dorm_next_552/dorm_next_552_oct_30_2012_scan1_erika/0000266-000012467952,sun3d:mit_dorm_next_552/dorm_next_552_oct_30_2012_scan1_erika,xtion,bedroom,test,nearest_object,,5,Which object is closest in distance to the dresser?,,mirror,object,,SUNRGBD/xtion/sun3ddata/mit_dorm_next_552/dorm_next_552_oct_30_2012_scan1_erika/0000266-000012467952/image/0000266-000012467952.jpg,SUNRGBD/xtion/sun3ddata/mit_dorm_next_552/dorm_next_552_oct_30_2012_scan1_erika/0000266-000012467952/depth_bfx/0000265-000012452104.png,rule,"{""anchor_concept"": ""dresser"", ""anchor_object_index"": 0, ""answer_concept"": ""mirror"", ""answer_object_index"": 2, ""nearest_distance_m"": 0.509, ""second_nearest_distance_m"": 0.859}"
test_007816,xtion/sun3ddata/mit_46_5conf_2/bcs_floor5_conf_a/0002479-000083076316,sun3d:mit_46_5conf_2/bcs_floor5_conf_a,xtion,rest_space,test,nearest_object,,4,What is right next to the curtain?,,lamp,object,,SUNRGBD/xtion/sun3ddata/mit_46_5conf_2/bcs_floor5_conf_a/0002479-000083076316/image/0002479-000083076316.jpg,SUNRGBD/xtion/sun3ddata/mit_46_5conf_2/bcs_floor5_conf_a/0002479-000083076316/depth_bfx/0002491-000083089432.png,rule,"{""anchor_concept"": ""curtain"", ""anchor_object_index"": 6, ""answer_concept"": ""lamp"", ""answer_object_index"": 0, ""nearest_distance_m"": 1.33, ""second_nearest_distance_m"": 2.031}"
test_007238,xtion/sun3ddata/mit_lab_hj/lab_hj_work_nov_2_2012_scan1_erika/0001093-000047994912,sun3d:mit_lab_hj/lab_hj_work_nov_2_2012_scan1_erika,xtion,office,test,nearest_object,,5,Which object is closest in distance to the light?,,shelf,object,,SUNRGBD/xtion/sun3ddata/mit_lab_hj/lab_hj_work_nov_2_2012_scan1_erika/0001093-000047994912/image/0001093-000047994912.jpg,SUNRGBD/xtion/sun3ddata/mit_lab_hj/lab_hj_work_nov_2_2012_scan1_erika/0001093-000047994912/depth_bfx/0001099-000047988660.png,rule,"{""anchor_concept"": ""light"", ""anchor_object_index"": 2, ""answer_concept"": ""shelf"", ""answer_object_index"": 7, ""nearest_distance_m"": 1.521, ""second_nearest_distance_m"": 1.918}"
test_000067,xtion/sun3ddata/mit_76_417/76-417a/0008188-000274462524,sun3d:mit_76_417/76-417a,xtion,lab,test,nearest_object,,4,What is right next to the desktop?,,book,object,,SUNRGBD/xtion/sun3ddata/mit_76_417/76-417a/0008188-000274462524/image/0008188-000274462524.jpg,SUNRGBD/xtion/sun3ddata/mit_76_417/76-417a/0008188-000274462524/depth_bfx/0008226-000274472324.png,rule,"{""anchor_concept"": ""desktop"", ""anchor_object_index"": 20, ""answer_concept"": ""book"", ""answer_object_index"": 21, ""nearest_distance_m"": 0.488, ""second_nearest_distance_m"": 0.846}"
test_009315,xtion/sun3ddata/mit_w85_playroom/westgate_playroom_1/0000315-000010535064,sun3d:mit_w85_playroom/westgate_playroom_1,xtion,recreation_room,test,nearest_object,,4,What is right next to the chair?,,toy,object,,SUNRGBD/xtion/sun3ddata/mit_w85_playroom/westgate_playroom_1/0000315-000010535064/image/0000315-000010535064.jpg,SUNRGBD/xtion/sun3ddata/mit_w85_playroom/westgate_playroom_1/0000315-000010535064/depth_bfx/0000317-000010544683.png,rule,"{""anchor_concept"": ""chair"", ""anchor_object_index"": 0, ""answer_concept"": ""toy"", ""answer_object_index"": 7, ""nearest_distance_m"": 0.634, ""second_nearest_distance_m"": 0.943}"
test_005337,xtion/sun3ddata/mit_32_g5_lounge/g5_lounge_1/0006425-000215342426,sun3d:mit_32_g5_lounge/g5_lounge_1,xtion,discussion_area,test,nearest_object,,5,Which object is closest in distance to the chair?,,table,object,,SUNRGBD/xtion/sun3ddata/mit_32_g5_lounge/g5_lounge_1/0006425-000215342426/image/0006425-000215342426.jpg,SUNRGBD/xtion/sun3ddata/mit_32_g5_lounge/g5_lounge_1/0006425-000215342426/depth_bfx/0006454-000215331770.png,rule,"{""anchor_concept"": ""chair"", ""anchor_object_index"": 7, ""answer_concept"": ""table"", ""answer_object_index"": 3, ""nearest_distance_m"": 1.617, ""second_nearest_distance_m"": 2.35}"
test_000518,xtion/sun3ddata/mit_dorm_masseeh_wm/dorm_masseeh_wm_oct_29_2012_scan1_erika/0004231-000190747937,sun3d:mit_dorm_masseeh_wm/dorm_masseeh_wm_oct_29_2012_scan1_erika,xtion,home_office,test,nearest_object,,4,What is right next to the remote control?,,paper,object,,SUNRGBD/xtion/sun3ddata/mit_dorm_masseeh_wm/dorm_masseeh_wm_oct_29_2012_scan1_erika/0004231-000190747937/image/0004231-000190747937.jpg,SUNRGBD/xtion/sun3ddata/mit_dorm_masseeh_wm/dorm_masseeh_wm_oct_29_2012_scan1_erika/0004231-000190747937/depth_bfx/0004229-000190772002.png,rule,"{""anchor_concept"": ""remotecontrol"", ""anchor_object_index"": 5, ""answer_concept"": ""paper"", ""answer_object_index"": 15, ""nearest_distance_m"": 0.132, ""second_nearest_distance_m"": 0.282}"
test_001227,xtion/sun3ddata/mit_46_4conf_2/bcs_floor4_conf_a/0000706-000023988154,sun3d:mit_46_4conf_2/bcs_floor4_conf_a,xtion,dining_area,test,nearest_object,,0,What is the closest object to the sofa?,,table,object,,SUNRGBD/xtion/sun3ddata/mit_46_4conf_2/bcs_floor4_conf_a/0000706-000023988154/image/0000706-000023988154.jpg,SUNRGBD/xtion/sun3ddata/mit_46_4conf_2/bcs_floor4_conf_a/0000706-000023988154/depth_bfx/0000710-000023992491.png,rule,"{""anchor_concept"": ""sofa"", ""anchor_object_index"": 7, ""answer_concept"": ""table"", ""answer_object_index"": 16, ""nearest_distance_m"": 0.256, ""second_nearest_distance_m"": 0.707}"
test_007783,xtion/sun3ddata/mit_w85a/a2/0005433-000182092428,sun3d:mit_w85a/a2,xtion,kitchen,test,nearest_object,,5,Which object is closest in distance to the outlet?,,sink,object,,SUNRGBD/xtion/sun3ddata/mit_w85a/a2/0005433-000182092428/image/0005433-000182092428.jpg,SUNRGBD/xtion/sun3ddata/mit_w85a/a2/0005433-000182092428/depth_bfx/0005457-000182090230.png,rule,"{""anchor_concept"": ""outlet"", ""anchor_object_index"": 7, ""answer_concept"": ""sink"", ""answer_object_index"": 14, ""nearest_distance_m"": 0.523, ""second_nearest_distance_m"": 0.747}"
test_012226,xtion/sun3ddata/mit_lab_16/lab_16_nov_2_2012_scan1_erika/0003163-000132857424,sun3d:mit_lab_16/lab_16_nov_2_2012_scan1_erika,xtion,idk,test,nearest_object,,0,What is the closest object to the shelf?,,table,object,,SUNRGBD/xtion/sun3ddata/mit_lab_16/lab_16_nov_2_2012_scan1_erika/0003163-000132857424/image/0003163-000132857424.jpg,SUNRGBD/xtion/sun3ddata/mit_lab_16/lab_16_nov_2_2012_scan1_erika/0003163-000132857424/depth_bfx/0003168-000132860783.png,rule,"{""anchor_concept"": ""shelf"", ""anchor_object_index"": 9, ""answer_concept"": ""table"", ""answer_object_index"": 7, ""nearest_distance_m"": 0.778, ""second_nearest_distance_m"": 1.049}"
test_002552,xtion/sun3ddata/mit_3_huge_office/cl_1/0000923-000030901752,sun3d:mit_3_huge_office/cl_1,xtion,office,test,nearest_object,,5,Which object is closest in distance to the shelf?,,poster,object,,SUNRGBD/xtion/sun3ddata/mit_3_huge_office/cl_1/0000923-000030901752/image/0000923-000030901752.jpg,SUNRGBD/xtion/sun3ddata/mit_3_huge_office/cl_1/0000923-000030901752/depth_bfx/0000926-000030886620.png,rule,"{""anchor_concept"": ""shelf"", ""anchor_object_index"": 37, ""answer_concept"": ""poster"", ""answer_object_index"": 24, ""nearest_distance_m"": 0.625, ""second_nearest_distance_m"": 0.976}"
test_006071,xtion/xtion_align_data/2014_12_18_14_11_48,scene:xtion/xtion_align_data/2014_12_18_14_11_48,xtion,computer_room,test,nearest_object,,3,Which item is positioned nearest to the chair?,,chair leg,object,,SUNRGBD/xtion/xtion_align_data/2014_12_18_14_11_48/image/0000074.jpg,SUNRGBD/xtion/xtion_align_data/2014_12_18_14_11_48/depth_bfx/0000074.png,rule,"{""anchor_concept"": ""chair"", ""anchor_object_index"": 16, ""answer_concept"": ""chairleg"", ""answer_object_index"": 5, ""nearest_distance_m"": 0.585, ""second_nearest_distance_m"": 0.866}"
test_009841,xtion/sun3ddata/mit_dorm_mcc_wflr7/dorm_mcc_wflr7_oct_31_2012_scan1_erika/0001729-000074650116,sun3d:mit_dorm_mcc_wflr7/dorm_mcc_wflr7_oct_31_2012_scan1_erika,xtion,kitchen,test,nearest_object,,4,What is right next to the microwave?,,counter,object,,SUNRGBD/xtion/sun3ddata/mit_dorm_mcc_wflr7/dorm_mcc_wflr7_oct_31_2012_scan1_erika/0001729-000074650116/image/0001729-000074650116.jpg,SUNRGBD/xtion/sun3ddata/mit_dorm_mcc_wflr7/dorm_mcc_wflr7_oct_31_2012_scan1_erika/0001729-000074650116/depth_bfx/0001726-000074647013.png,rule,"{""anchor_concept"": ""microwave"", ""anchor_object_index"": 0, ""answer_concept"": ""counter"", ""answer_object_index"": 8, ""nearest_distance_m"": 0.337, ""second_nearest_distance_m"": 0.619}"
test_008660,xtion/sun3ddata/mit_76_4kitchen/76-4kitchen1/0000260-000008851272,sun3d:mit_76_4kitchen/76-4kitchen1,xtion,office_kitchen,test,nearest_object,,0,What is the closest object to the counter?,,dishwasher,object,,SUNRGBD/xtion/sun3ddata/mit_76_4kitchen/76-4kitchen1/0000260-000008851272/image/0000260-000008851272.jpg,SUNRGBD/xtion/sun3ddata/mit_76_4kitchen/76-4kitchen1/0000260-000008851272/depth_bfx/0000261-000008842851.png,rule,"{""anchor_concept"": ""counter"", ""anchor_object_index"": 8, ""answer_concept"": ""dishwasher"", ""answer_object_index"": 5, ""nearest_distance_m"": 0.351, ""second_nearest_distance_m"": 0.601}"
test_004350,xtion/sun3ddata/mit_ne47_2conf/ne47_floor2_conf_room/0001028-000034420932,sun3d:mit_ne47_2conf/ne47_floor2_conf_room,xtion,conference_room,test,nearest_object,,0,What is the closest object to the door?,,chair,object,,SUNRGBD/xtion/sun3ddata/mit_ne47_2conf/ne47_floor2_conf_room/0001028-000034420932/image/0001028-000034420932.jpg,SUNRGBD/xtion/sun3ddata/mit_ne47_2conf/ne47_floor2_conf_room/0001028-000034420932/depth_bfx/0001032-000034423835.png,rule,"{""anchor_concept"": ""door"", ""anchor_object_index"": 23, ""answer_concept"": ""chair"", ""answer_object_index"": 15, ""nearest_distance_m"": 0.539, ""second_nearest_distance_m"": 0.868}"
test_003729,xtion/sun3ddata/mit_46_ted_lab2/ted_lab_a/0004170-000139973163,sun3d:mit_46_ted_lab2/ted_lab_a,xtion,office,test,nearest_object,,2,What sits closest to the bag?,,desk,object,,SUNRGBD/xtion/sun3ddata/mit_46_ted_lab2/ted_lab_a/0004170-000139973163/image/0004170-000139973163.jpg,SUNRGBD/xtion/sun3ddata/mit_46_ted_lab2/ted_lab_a/0004170-000139973163/depth_bfx/0004190-000139984003.png,rule,"{""anchor_concept"": ""bag"", ""anchor_object_index"": 13, ""answer_concept"": ""desk"", ""answer_object_index"": 12, ""nearest_distance_m"": 0.137, ""second_nearest_distance_m"": 0.425}"
test_007788,xtion/sun3ddata/mit_32_g660/g660_1/0000434-000014580082,sun3d:mit_32_g660/g660_1,xtion,bathroom,test,nearest_object,,1,Which object is nearest to the mirror?,,counter,object,,SUNRGBD/xtion/sun3ddata/mit_32_g660/g660_1/0000434-000014580082/image/0000434-000014580082.jpg,SUNRGBD/xtion/sun3ddata/mit_32_g660/g660_1/0000434-000014580082/depth_bfx/0000436-000014582362.png,rule,"{""anchor_concept"": ""mirror"", ""anchor_object_index"": 6, ""answer_concept"": ""counter"", ""answer_object_index"": 2, ""nearest_distance_m"": 0.426, ""second_nearest_distance_m"": 0.719}"
test_009558,xtion/sun3ddata/mit_w85_8/8_1/0005171-000173507886,sun3d:mit_w85_8/8_1,xtion,home_office,test,nearest_object,,2,What sits closest to the mirror?,,backpack,object,,SUNRGBD/xtion/sun3ddata/mit_w85_8/8_1/0005171-000173507886/image/0005171-000173507886.jpg,SUNRGBD/xtion/sun3ddata/mit_w85_8/8_1/0005171-000173507886/depth_bfx/0005193-000173520100.png,rule,"{""anchor_concept"": ""mirror"", ""anchor_object_index"": 10, ""answer_concept"": ""backpack"", ""answer_object_index"": 16, ""nearest_distance_m"": 1.303, ""second_nearest_distance_m"": 2.087}"
test_013205,xtion/sun3ddata/mit_lab_16/lab_16_nov_2_2012_scan1_erika/0013024-000556265052,sun3d:mit_lab_16/lab_16_nov_2_2012_scan1_erika,xtion,lab,test,nearest_object,,1,Which object is nearest to the table?,,box,object,,SUNRGBD/xtion/sun3ddata/mit_lab_16/lab_16_nov_2_2012_scan1_erika/0013024-000556265052/image/0013024-000556265052.jpg,SUNRGBD/xtion/sun3ddata/mit_lab_16/lab_16_nov_2_2012_scan1_erika/0013024-000556265052/depth_bfx/0013031-000556249827.png,rule,"{""anchor_concept"": ""table"", ""anchor_object_index"": 5, ""answer_concept"": ""box"", ""answer_object_index"": 17, ""nearest_distance_m"": 0.587, ""second_nearest_distance_m"": 1.609}"
test_010906,xtion/sun3ddata/mit_ne47_2conf/ne47_floor2_conf_room/0001377-000046118016,sun3d:mit_ne47_2conf/ne47_floor2_conf_room,xtion,conference_room,test,nearest_object,,3,Which item is positioned nearest to the cord?,,bottle,object,,SUNRGBD/xtion/sun3ddata/mit_ne47_2conf/ne47_floor2_conf_room/0001377-000046118016/image/0001377-000046118016.jpg,SUNRGBD/xtion/sun3ddata/mit_ne47_2conf/ne47_floor2_conf_room/0001377-000046118016/depth_bfx/0001382-000046103073.png,rule,"{""anchor_concept"": ""cord"", ""anchor_object_index"": 6, ""answer_concept"": ""bottle"", ""answer_object_index"": 4, ""nearest_distance_m"": 0.525, ""second_nearest_distance_m"": 0.879}"
test_010174,xtion/sun3ddata/mit_lab_pdl/lab_pdl_nov_2_2012_scan1_erika/0005190-000225179757,sun3d:mit_lab_pdl/lab_pdl_nov_2_2012_scan1_erika,xtion,lab,test,nearest_object,,0,What is the closest object to the box?,,book,object,,SUNRGBD/xtion/sun3ddata/mit_lab_pdl/lab_pdl_nov_2_2012_scan1_erika/0005190-000225179757/image/0005190-000225179757.jpg,SUNRGBD/xtion/sun3ddata/mit_lab_pdl/lab_pdl_nov_2_2012_scan1_erika/0005190-000225179757/depth_bfx/0005207-000225175699.png,rule,"{""anchor_concept"": ""box"", ""anchor_object_index"": 19, ""answer_concept"": ""book"", ""answer_object_index"": 22, ""nearest_distance_m"": 0.257, ""second_nearest_distance_m"": 0.325}"
test_002407,xtion/sun3ddata/mit_32_g882/g882_1/0002134-000071788411,sun3d:mit_32_g882/g882_1,xtion,rest_space,test,nearest_object,,5,Which object is closest in distance to the table?,,sofa,object,,SUNRGBD/xtion/sun3ddata/mit_32_g882/g882_1/0002134-000071788411/image/0002134-000071788411.jpg,SUNRGBD/xtion/sun3ddata/mit_32_g882/g882_1/0002134-000071788411/depth_bfx/0002143-000071777256.png,rule,"{""anchor_concept"": ""table"", ""anchor_object_index"": 2, ""answer_concept"": ""sofa"", ""answer_object_index"": 0, ""nearest_distance_m"": 0.801, ""second_nearest_distance_m"": 1.043}"
test_006455,xtion/sun3ddata/mit_w16/kresge_back/0000928-000042373658,sun3d:mit_w16/kresge_back,xtion,basement,test,nearest_object,,1,Which object is nearest to the glass?,,curtain,object,,SUNRGBD/xtion/sun3ddata/mit_w16/kresge_back/0000928-000042373658/image/0000928-000042373658.jpg,SUNRGBD/xtion/sun3ddata/mit_w16/kresge_back/0000928-000042373658/depth_bfx/0000933-000042345578.png,rule,"{""anchor_concept"": ""glass"", ""anchor_object_index"": 5, ""answer_concept"": ""curtain"", ""answer_object_index"": 0, ""nearest_distance_m"": 2.337, ""second_nearest_distance_m"": 3.126}"
test_013525,xtion/xtion_align_data/2014_12_18_11_51_36,scene:xtion/xtion_align_data/2014_12_18_11_51_36,xtion,conference_room,test,nearest_object,,5,Which object is closest in distance to the cabinet?,,magazine,object,,SUNRGBD/xtion/xtion_align_data/2014_12_18_11_51_36/image/0000154.jpg,SUNRGBD/xtion/xtion_align_data/2014_12_18_11_51_36/depth_bfx/0000154.png,rule,"{""anchor_concept"": ""cabinet"", ""anchor_object_index"": 3, ""answer_concept"": ""magazine"", ""answer_object_index"": 6, ""nearest_distance_m"": 0.595, ""second_nearest_distance_m"": 0.903}"
test_000224,kv2/kinect2data/002826_2014-06-22_20-24-37_094959634447_rgbf000080-resize,scene:kv2/kinect2data/002826_2014-06-22_20-24-37_094959634447_rgbf000080-resize,kv2,rest_space,test,nearest_object,,0,What is the closest object to the wire?,,table,object,,SUNRGBD/kv2/kinect2data/002826_2014-06-22_20-24-37_094959634447_rgbf000080-resize/image/0000080.jpg,SUNRGBD/kv2/kinect2data/002826_2014-06-22_20-24-37_094959634447_rgbf000080-resize/depth_bfx/0000080.png,rule,"{""anchor_concept"": ""wire"", ""anchor_object_index"": 14, ""answer_concept"": ""table"", ""answer_object_index"": 0, ""nearest_distance_m"": 1.501, ""second_nearest_distance_m"": 2.145}"
test_004538,kv2/kinect2data/003533_2014-05-22_15-05-40_094959634447_rgbf000101-resize,scene:kv2/kinect2data/003533_2014-05-22_15-05-40_094959634447_rgbf000101-resize,kv2,classroom,test,nearest_object,,3,Which item is positioned nearest to the cord?,,table,object,,SUNRGBD/kv2/kinect2data/003533_2014-05-22_15-05-40_094959634447_rgbf000101-resize/image/0000101.jpg,SUNRGBD/kv2/kinect2data/003533_2014-05-22_15-05-40_094959634447_rgbf000101-resize/depth_bfx/0000101.png,rule,"{""anchor_concept"": ""cord"", ""anchor_object_index"": 16, ""answer_concept"": ""table"", ""answer_object_index"": 6, ""nearest_distance_m"": 2.164, ""second_nearest_distance_m"": 2.707}"
test_011037,kv2/kinect2data/001910_2014-06-22_14-02-40_260595134347_rgbf000040-resize,scene:kv2/kinect2data/001910_2014-06-22_14-02-40_260595134347_rgbf000040-resize,kv2,furniture_store,test,nearest_object,,4,What is right next to the chair?,,sofa,object,,SUNRGBD/kv2/kinect2data/001910_2014-06-22_14-02-40_260595134347_rgbf000040-resize/image/0000040.jpg,SUNRGBD/kv2/kinect2data/001910_2014-06-22_14-02-40_260595134347_rgbf000040-resize/depth_bfx/0000040.png,rule,"{""anchor_concept"": ""chair"", ""anchor_object_index"": 15, ""answer_concept"": ""sofa"", ""answer_object_index"": 5, ""nearest_distance_m"": 2.266, ""second_nearest_distance_m"": 2.833}"
test_010444,kv2/kinect2data/001059_2014-06-08_21-53-27_260595134347_rgbf000061-resize,scene:kv2/kinect2data/001059_2014-06-08_21-53-27_260595134347_rgbf000061-resize,kv2,office,test,nearest_object,,3,Which item is positioned nearest to the monitor?,,desk,object,,SUNRGBD/kv2/kinect2data/001059_2014-06-08_21-53-27_260595134347_rgbf000061-resize/image/0000061.jpg,SUNRGBD/kv2/kinect2data/001059_2014-06-08_21-53-27_260595134347_rgbf000061-resize/depth_bfx/0000061.png,rule,"{""anchor_concept"": ""monitor"", ""anchor_object_index"": 5, ""answer_concept"": ""desk"", ""answer_object_index"": 14, ""nearest_distance_m"": 0.485, ""second_nearest_distance_m"": 1.018}"
test_000992,kv2/kinect2data/003614_2014-05-23_18-02-50_094959634447_rgbf000100-resize,scene:kv2/kinect2data/003614_2014-05-23_18-02-50_094959634447_rgbf000100-resize,kv2,classroom,test,nearest_object,,5,Which object is closest in distance to the table?,,chair,object,,SUNRGBD/kv2/kinect2data/003614_2014-05-23_18-02-50_094959634447_rgbf000100-resize/image/0000100.jpg,SUNRGBD/kv2/kinect2data/003614_2014-05-23_18-02-50_094959634447_rgbf000100-resize/depth_bfx/0000100.png,rule,"{""anchor_concept"": ""table"", ""anchor_object_index"": 1, ""answer_concept"": ""chair"", ""answer_object_index"": 5, ""nearest_distance_m"": 0.64, ""second_nearest_distance_m"": 2.922}"
test_006959,kv2/kinect2data/001156_2014-06-17_15-30-48_260595134347_rgbf000077-resize,scene:kv2/kinect2data/001156_2014-06-17_15-30-48_260595134347_rgbf000077-resize,kv2,study_space,test,nearest_object,,0,What is the closest object to the table?,,desk,object,,SUNRGBD/kv2/kinect2data/001156_2014-06-17_15-30-48_260595134347_rgbf000077-resize/image/0000077.jpg,SUNRGBD/kv2/kinect2data/001156_2014-06-17_15-30-48_260595134347_rgbf000077-resize/depth_bfx/0000077.png,rule,"{""anchor_concept"": ""table"", ""anchor_object_index"": 5, ""answer_concept"": ""desk"", ""answer_object_index"": 0, ""nearest_distance_m"": 0.295, ""second_nearest_distance_m"": 0.47}"
test_006755,kv2/kinect2data/001060_2014-06-08_21-53-56_260595134347_rgbf000036-resize,scene:kv2/kinect2data/001060_2014-06-08_21-53-56_260595134347_rgbf000036-resize,kv2,office,test,nearest_object,,5,Which object is closest in distance to the computer?,,door,object,,SUNRGBD/kv2/kinect2data/001060_2014-06-08_21-53-56_260595134347_rgbf000036-resize/image/0000036.jpg,SUNRGBD/kv2/kinect2data/001060_2014-06-08_21-53-56_260595134347_rgbf000036-resize/depth_bfx/0000036.png,rule,"{""anchor_concept"": ""computer"", ""anchor_object_index"": 22, ""answer_concept"": ""door"", ""answer_object_index"": 12, ""nearest_distance_m"": 0.293, ""second_nearest_distance_m"": 0.465}"
test_003726,kv2/kinect2data/003636_2014-05-23_22-08-45_094959634447_rgbf000101-resize,scene:kv2/kinect2data/003636_2014-05-23_22-08-45_094959634447_rgbf000101-resize,kv2,office,test,nearest_object,,1,Which object is nearest to the monitor?,,desk,object,,SUNRGBD/kv2/kinect2data/003636_2014-05-23_22-08-45_094959634447_rgbf000101-resize/image/0000101.jpg,SUNRGBD/kv2/kinect2data/003636_2014-05-23_22-08-45_094959634447_rgbf000101-resize/depth_bfx/0000101.png,rule,"{""anchor_concept"": ""monitor"", ""anchor_object_index"": 6, ""answer_concept"": ""desk"", ""answer_object_index"": 4, ""nearest_distance_m"": 0.484, ""second_nearest_distance_m"": 1.111}"
test_001555,kv2/kinect2data/000112_2014-05-16_20-05-47_260595134347_rgbf000543-resize,scene:kv2/kinect2data/000112_2014-05-16_20-05-47_260595134347_rgbf000543-resize,kv2,living_room,test,nearest_object,,1,Which object is nearest to the curtain?,,window,object,,SUNRGBD/kv2/kinect2data/000112_2014-05-16_20-05-47_260595134347_rgbf000543-resize/image/0000543.jpg,SUNRGBD/kv2/kinect2data/000112_2014-05-16_20-05-47_260595134347_rgbf000543-resize/depth_bfx/0000543.png,rule,"{""anchor_concept"": ""curtain"", ""anchor_object_index"": 3, ""answer_concept"": ""window"", ""answer_object_index"": 2, ""nearest_distance_m"": 0.333, ""second_nearest_distance_m"": 0.685}"
test_012173,kv2/kinect2data/003111_2014-06-24_21-13-43_094959634447_rgbf000056-resize,scene:kv2/kinect2data/003111_2014-06-24_21-13-43_094959634447_rgbf000056-resize,kv2,living_room,test,nearest_object,,2,What sits closest to the book?,,box,object,,SUNRGBD/kv2/kinect2data/003111_2014-06-24_21-13-43_094959634447_rgbf000056-resize/image/0000056.jpg,SUNRGBD/kv2/kinect2data/003111_2014-06-24_21-13-43_094959634447_rgbf000056-resize/depth_bfx/0000056.png,rule,"{""anchor_concept"": ""book"", ""anchor_object_index"": 14, ""answer_concept"": ""box"", ""answer_object_index"": 11, ""nearest_distance_m"": 0.151, ""second_nearest_distance_m"": 0.207}"
test_002258,kv2/kinect2data/000517_2014-06-08_13-02-41_260595134347_rgbf000049-resize,scene:kv2/kinect2data/000517_2014-06-08_13-02-41_260595134347_rgbf000049-resize,kv2,rest_space,test,nearest_object,,4,What is right next to the sofa?,,file cabinet,object,,SUNRGBD/kv2/kinect2data/000517_2014-06-08_13-02-41_260595134347_rgbf000049-resize/image/0000049.jpg,SUNRGBD/kv2/kinect2data/000517_2014-06-08_13-02-41_260595134347_rgbf000049-resize/depth_bfx/0000049.png,rule,"{""anchor_concept"": ""sofa"", ""anchor_object_index"": 1, ""answer_concept"": ""filecabinet"", ""answer_object_index"": 3, ""nearest_distance_m"": 1.344, ""second_nearest_distance_m"": 1.838}"
test_004452,kv2/kinect2data/002908_2014-06-03_18-07-00_094959634447_rgbf000151-resize,scene:kv2/kinect2data/002908_2014-06-03_18-07-00_094959634447_rgbf000151-resize,kv2,library,test,nearest_object,,3,Which item is positioned nearest to the bookshelf?,,desk,object,,SUNRGBD/kv2/kinect2data/002908_2014-06-03_18-07-00_094959634447_rgbf000151-resize/image/0000151.jpg,SUNRGBD/kv2/kinect2data/002908_2014-06-03_18-07-00_094959634447_rgbf000151-resize/depth_bfx/0000151.png,rule,"{""anchor_concept"": ""bookshelf"", ""anchor_object_index"": 8, ""answer_concept"": ""desk"", ""answer_object_index"": 4, ""nearest_distance_m"": 0.762, ""second_nearest_distance_m"": 2.061}"
test_014000,kv2/kinect2data/000003_2014-05-26_14-24-42_260595134347_rgbf000040-resize,scene:kv2/kinect2data/000003_2014-05-26_14-24-42_260595134347_rgbf000040-resize,kv2,furniture_store,test,nearest_object,,4,What is right next to the sofa?,,bed,object,,SUNRGBD/kv2/kinect2data/000003_2014-05-26_14-24-42_260595134347_rgbf000040-resize/image/0000040.jpg,SUNRGBD/kv2/kinect2data/000003_2014-05-26_14-24-42_260595134347_rgbf000040-resize/depth_bfx/0000040.png,rule,"{""anchor_concept"": ""sofa"", ""anchor_object_index"": 12, ""answer_concept"": ""bed"", ""answer_object_index"": 27, ""nearest_distance_m"": 0.15, ""second_nearest_distance_m"": 0.624}"
test_006907,kv2/kinect2data/000527_2014-06-08_13-58-17_260595134347_rgbf000264-resize,scene:kv2/kinect2data/000527_2014-06-08_13-58-17_260595134347_rgbf000264-resize,kv2,rest_space,test,nearest_object,,2,What sits closest to the trash can?,,sofa,object,,SUNRGBD/kv2/kinect2data/000527_2014-06-08_13-58-17_260595134347_rgbf000264-resize/image/0000264.jpg,SUNRGBD/kv2/kinect2data/000527_2014-06-08_13-58-17_260595134347_rgbf000264-resize/depth_bfx/0000264.png,rule,"{""anchor_concept"": ""trashcan"", ""anchor_object_index"": 18, ""answer_concept"": ""sofa"", ""answer_object_index"": 9, ""nearest_distance_m"": 0.973, ""second_nearest_distance_m"": 1.41}"
test_000537,kv2/kinect2data/003179_2014-05-12_21-53-59_094959634447_rgbf000100-resize,scene:kv2/kinect2data/003179_2014-05-12_21-53-59_094959634447_rgbf000100-resize,kv2,classroom,test,nearest_object,,3,Which item is positioned nearest to the door?,,shelf,object,,SUNRGBD/kv2/kinect2data/003179_2014-05-12_21-53-59_094959634447_rgbf000100-resize/image/0000100.jpg,SUNRGBD/kv2/kinect2data/003179_2014-05-12_21-53-59_094959634447_rgbf000100-resize/depth_bfx/0000100.png,rule,"{""anchor_concept"": ""door"", ""anchor_object_index"": 1, ""answer_concept"": ""shelf"", ""answer_object_index"": 8, ""nearest_distance_m"": 2.2, ""second_nearest_distance_m"": 4.959}"
test_000803,kv2/kinect2data/002904_2014-06-03_18-04-01_094959634447_rgbf000150-resize,scene:kv2/kinect2data/002904_2014-06-03_18-04-01_094959634447_rgbf000150-resize,kv2,library,test,nearest_object,,1,Which object is nearest to the table?,,bottle,object,,SUNRGBD/kv2/kinect2data/002904_2014-06-03_18-04-01_094959634447_rgbf000150-resize/image/0000150.jpg,SUNRGBD/kv2/kinect2data/002904_2014-06-03_18-04-01_094959634447_rgbf000150-resize/depth_bfx/0000150.png,rule,"{""anchor_concept"": ""table"", ""anchor_object_index"": 0, ""answer_concept"": ""bottle"", ""answer_object_index"": 12, ""nearest_distance_m"": 0.185, ""second_nearest_distance_m"": 0.413}"
test_011036,kv2/align_kv2/2014-12-18_11-47-49_260595134347,scene:kv2/align_kv2/2014-12-18_11-47-49_260595134347,kv2,computer_room,test,nearest_object,,4,What is right next to the window?,,chair,object,,SUNRGBD/kv2/align_kv2/2014-12-18_11-47-49_260595134347/image/0000212.jpg,SUNRGBD/kv2/align_kv2/2014-12-18_11-47-49_260595134347/depth_bfx/0000212.png,rule,"{""anchor_concept"": ""window"", ""anchor_object_index"": 24, ""answer_concept"": ""chair"", ""answer_object_index"": 19, ""nearest_distance_m"": 0.716, ""second_nearest_distance_m"": 2.57}"
test_010541,kv2/kinect2data/000715_2014-06-08_18-31-51_260595134347_rgbf000145-resize,scene:kv2/kinect2data/000715_2014-06-08_18-31-51_260595134347_rgbf000145-resize,kv2,office,test,nearest_object,,1,Which object is nearest to the desk?,,monitor,object,,SUNRGBD/kv2/kinect2data/000715_2014-06-08_18-31-51_260595134347_rgbf000145-resize/image/0000145.jpg,SUNRGBD/kv2/kinect2data/000715_2014-06-08_18-31-51_260595134347_rgbf000145-resize/depth_bfx/0000145.png,rule,"{""anchor_concept"": ""desk"", ""anchor_object_index"": 15, ""answer_concept"": ""monitor"", ""answer_object_index"": 5, ""nearest_distance_m"": 0.439, ""second_nearest_distance_m"": 0.843}"
test_006559,kv2/kinect2data/000743_2014-06-08_18-48-36_260595134347_rgbf000087-resize,scene:kv2/kinect2data/000743_2014-06-08_18-48-36_260595134347_rgbf000087-resize,kv2,office,test,nearest_object,,0,What is the closest object to the screen?,,shelf,object,,SUNRGBD/kv2/kinect2data/000743_2014-06-08_18-48-36_260595134347_rgbf000087-resize/image/0000087.jpg,SUNRGBD/kv2/kinect2data/000743_2014-06-08_18-48-36_260595134347_rgbf000087-resize/depth_bfx/0000087.png,rule,"{""anchor_concept"": ""screen"", ""anchor_object_index"": 14, ""answer_concept"": ""shelf"", ""answer_object_index"": 8, ""nearest_distance_m"": 1.302, ""second_nearest_distance_m"": 1.907}"
test_006558,kv2/kinect2data/000651_2014-06-08_17-08-13_260595134347_rgbf000086-resize,scene:kv2/kinect2data/000651_2014-06-08_17-08-13_260595134347_rgbf000086-resize,kv2,rest_space,test,nearest_object,,1,Which object is nearest to the sofa?,,table,object,,SUNRGBD/kv2/kinect2data/000651_2014-06-08_17-08-13_260595134347_rgbf000086-resize/image/0000086.jpg,SUNRGBD/kv2/kinect2data/000651_2014-06-08_17-08-13_260595134347_rgbf000086-resize/depth_bfx/0000086.png,rule,"{""anchor_concept"": ""sofa"", ""anchor_object_index"": 23, ""answer_concept"": ""table"", ""answer_object_index"": 19, ""nearest_distance_m"": 0.808, ""second_nearest_distance_m"": 1.052}"
test_009905,kv2/kinect2data/003477_2014-05-21_15-28-00_094959634447_rgbf000101-resize,scene:kv2/kinect2data/003477_2014-05-21_15-28-00_094959634447_rgbf000101-resize,kv2,classroom,test,nearest_object,,0,What is the closest object to the cabinet?,,bottle,object,,SUNRGBD/kv2/kinect2data/003477_2014-05-21_15-28-00_094959634447_rgbf000101-resize/image/0000101.jpg,SUNRGBD/kv2/kinect2data/003477_2014-05-21_15-28-00_094959634447_rgbf000101-resize/depth_bfx/0000101.png,rule,"{""anchor_concept"": ""cabinet"", ""anchor_object_index"": 6, ""answer_concept"": ""bottle"", ""answer_object_index"": 1, ""nearest_distance_m"": 0.299, ""second_nearest_distance_m"": 0.756}"
test_005190,kv2/kinect2data/001840_2014-06-22_13-18-13_260595134347_rgbf000071-resize,scene:kv2/kinect2data/001840_2014-06-22_13-18-13_260595134347_rgbf000071-resize,kv2,furniture_store,test,nearest_object,,5,Which object is closest in distance to the table?,,stand,object,,SUNRGBD/kv2/kinect2data/001840_2014-06-22_13-18-13_260595134347_rgbf000071-resize/image/0000071.jpg,SUNRGBD/kv2/kinect2data/001840_2014-06-22_13-18-13_260595134347_rgbf000071-resize/depth_bfx/0000071.png,rule,"{""anchor_concept"": ""table"", ""anchor_object_index"": 1, ""answer_concept"": ""stand"", ""answer_object_index"": 6, ""nearest_distance_m"": 1.279, ""second_nearest_distance_m"": 2.335}"
test_006975,kv2/kinect2data/002802_2014-06-22_19-51-05_094959634447_rgbf000098-resize,scene:kv2/kinect2data/002802_2014-06-22_19-51-05_094959634447_rgbf000098-resize,kv2,rest_space,test,nearest_object,,2,What sits closest to the door?,,sofa,object,,SUNRGBD/kv2/kinect2data/002802_2014-06-22_19-51-05_094959634447_rgbf000098-resize/image/0000098.jpg,SUNRGBD/kv2/kinect2data/002802_2014-06-22_19-51-05_094959634447_rgbf000098-resize/depth_bfx/0000098.png,rule,"{""anchor_concept"": ""door"", ""anchor_object_index"": 12, ""answer_concept"": ""sofa"", ""answer_object_index"": 9, ""nearest_distance_m"": 2.51, ""second_nearest_distance_m"": 3.7}"
test_010180,kv2/kinect2data/000392_2014-06-08_23-08-21_260595134347_rgbf000102-resize,scene:kv2/kinect2data/000392_2014-06-08_23-08-21_260595134347_rgbf000102-resize,kv2,conference_room,test,nearest_object,,1,Which object is nearest to the window?,,box,object,,SUNRGBD/kv2/kinect2data/000392_2014-06-08_23-08-21_260595134347_rgbf000102-resize/image/0000102.jpg,SUNRGBD/kv2/kinect2data/000392_2014-06-08_23-08-21_260595134347_rgbf000102-resize/depth_bfx/0000102.png,rule,"{""anchor_concept"": ""window"", ""anchor_object_index"": 1, ""answer_concept"": ""box"", ""answer_object_index"": 11, ""nearest_distance_m"": 1.644, ""second_nearest_distance_m"": 2.26}"
test_002514,kv2/kinect2data/003420_2014-05-21_09-54-52_094959634447_rgbf000100-resize,scene:kv2/kinect2data/003420_2014-05-21_09-54-52_094959634447_rgbf000100-resize,kv2,classroom,test,nearest_object,,4,What is right next to the curtain?,,heater,object,,SUNRGBD/kv2/kinect2data/003420_2014-05-21_09-54-52_094959634447_rgbf000100-resize/image/0000100.jpg,SUNRGBD/kv2/kinect2data/003420_2014-05-21_09-54-52_094959634447_rgbf000100-resize/depth_bfx/0000100.png,rule,"{""anchor_concept"": ""curtain"", ""anchor_object_index"": 3, ""answer_concept"": ""heater"", ""answer_object_index"": 6, ""nearest_distance_m"": 0.679, ""second_nearest_distance_m"": 1.452}"
test_011737,kv2/kinect2data/001821_2014-06-26_20-55-15_260595134347_rgbf000036-resize,scene:kv2/kinect2data/001821_2014-06-26_20-55-15_260595134347_rgbf000036-resize,kv2,furniture_store,test,nearest_object,,5,Which object is closest in distance to the armchair?,,sofa,object,,SUNRGBD/kv2/kinect2data/001821_2014-06-26_20-55-15_260595134347_rgbf000036-resize/image/0000036.jpg,SUNRGBD/kv2/kinect2data/001821_2014-06-26_20-55-15_260595134347_rgbf000036-resize/depth_bfx/0000036.png,rule,"{""anchor_concept"": ""armchair"", ""anchor_object_index"": 9, ""answer_concept"": ""sofa"", ""answer_object_index"": 0, ""nearest_distance_m"": 1.143, ""second_nearest_distance_m"": 1.742}"
test_013790,kv2/kinect2data/000325_2014-06-02_15-22-44_260595134347_rgbf000048-resize,scene:kv2/kinect2data/000325_2014-06-02_15-22-44_260595134347_rgbf000048-resize,kv2,furniture_store,test,nearest_object,,3,Which item is positioned nearest to the door?,,chair,object,,SUNRGBD/kv2/kinect2data/000325_2014-06-02_15-22-44_260595134347_rgbf000048-resize/image/0000048.jpg,SUNRGBD/kv2/kinect2data/000325_2014-06-02_15-22-44_260595134347_rgbf000048-resize/depth_bfx/0000048.png,rule,"{""anchor_concept"": ""door"", ""anchor_object_index"": 3, ""answer_concept"": ""chair"", ""answer_object_index"": 9, ""nearest_distance_m"": 0.829, ""second_nearest_distance_m"": 1.373}"
test_004688,kv2/kinect2data/003443_2014-05-21_12-04-08_094959634447_rgbf000075-resize,scene:kv2/kinect2data/003443_2014-05-21_12-04-08_094959634447_rgbf000075-resize,kv2,classroom,test,nearest_object,,5,Which object is closest in distance to the curtain?,,table,object,,SUNRGBD/kv2/kinect2data/003443_2014-05-21_12-04-08_094959634447_rgbf000075-resize/image/0000075.jpg,SUNRGBD/kv2/kinect2data/003443_2014-05-21_12-04-08_094959634447_rgbf000075-resize/depth_bfx/0000075.png,rule,"{""anchor_concept"": ""curtain"", ""anchor_object_index"": 4, ""answer_concept"": ""table"", ""answer_object_index"": 16, ""nearest_distance_m"": 1.037, ""second_nearest_distance_m"": 1.87}"
test_009834,kv2/kinect2data/003395_2014-05-20_15-39-18_094959634447_rgbf000101-resize,scene:kv2/kinect2data/003395_2014-05-20_15-39-18_094959634447_rgbf000101-resize,kv2,classroom,test,nearest_object,,3,Which item is positioned nearest to the chalkboard?,,window,object,,SUNRGBD/kv2/kinect2data/003395_2014-05-20_15-39-18_094959634447_rgbf000101-resize/image/0000101.jpg,SUNRGBD/kv2/kinect2data/003395_2014-05-20_15-39-18_094959634447_rgbf000101-resize/depth_bfx/0000101.png,rule,"{""anchor_concept"": ""chalkboard"", ""anchor_object_index"": 4, ""answer_concept"": ""window"", ""answer_object_index"": 31, ""nearest_distance_m"": 1.115, ""second_nearest_distance_m"": 1.464}"
test_003263,kv2/kinect2data/003527_2014-05-22_14-47-40_094959634447_rgbf000101-resize,scene:kv2/kinect2data/003527_2014-05-22_14-47-40_094959634447_rgbf000101-resize,kv2,classroom,test,nearest_object,,2,What sits closest to the chair?,,board,object,,SUNRGBD/kv2/kinect2data/003527_2014-05-22_14-47-40_094959634447_rgbf000101-resize/image/0000101.jpg,SUNRGBD/kv2/kinect2data/003527_2014-05-22_14-47-40_094959634447_rgbf000101-resize/depth_bfx/0000101.png,rule,"{""anchor_concept"": ""chair"", ""anchor_object_index"": 2, ""answer_concept"": ""board"", ""answer_object_index"": 3, ""nearest_distance_m"": 0.854, ""second_nearest_distance_m"": 1.597}"
test_011505,kv2/kinect2data/003645_2014-05-23_22-12-28_094959634447_rgbf000100-resize,scene:kv2/kinect2data/003645_2014-05-23_22-12-28_094959634447_rgbf000100-resize,kv2,office,test,nearest_object,,3,Which item is positioned nearest to the computer?,,desk,object,,SUNRGBD/kv2/kinect2data/003645_2014-05-23_22-12-28_094959634447_rgbf000100-resize/image/0000100.jpg,SUNRGBD/kv2/kinect2data/003645_2014-05-23_22-12-28_094959634447_rgbf000100-resize/depth_bfx/0000100.png,rule,"{""anchor_concept"": ""computer"", ""anchor_object_index"": 0, ""answer_concept"": ""desk"", ""answer_object_index"": 2, ""nearest_distance_m"": 0.413, ""second_nearest_distance_m"": 0.821}"
test_000652,kv2/kinect2data/002500_2014-05-25_16-57-02_094959634447_rgbf000632-resize,scene:kv2/kinect2data/002500_2014-05-25_16-57-02_094959634447_rgbf000632-resize,kv2,bedroom,test,nearest_object,,4,What is right next to the bed?,,cable,object,,SUNRGBD/kv2/kinect2data/002500_2014-05-25_16-57-02_094959634447_rgbf000632-resize/image/0000632.jpg,SUNRGBD/kv2/kinect2data/002500_2014-05-25_16-57-02_094959634447_rgbf000632-resize/depth_bfx/0000632.png,rule,"{""anchor_concept"": ""bed"", ""anchor_object_index"": 6, ""answer_concept"": ""cable"", ""answer_object_index"": 8, ""nearest_distance_m"": 0.204, ""second_nearest_distance_m"": 1.103}"
test_007155,kv2/kinect2data/003499_2014-05-21_16-35-09_094959634447_rgbf000101-resize,scene:kv2/kinect2data/003499_2014-05-21_16-35-09_094959634447_rgbf000101-resize,kv2,office,test,nearest_object,,4,What is right next to the door?,,chair,object,,SUNRGBD/kv2/kinect2data/003499_2014-05-21_16-35-09_094959634447_rgbf000101-resize/image/0000101.jpg,SUNRGBD/kv2/kinect2data/003499_2014-05-21_16-35-09_094959634447_rgbf000101-resize/depth_bfx/0000101.png,rule,"{""anchor_concept"": ""door"", ""anchor_object_index"": 2, ""answer_concept"": ""chair"", ""answer_object_index"": 3, ""nearest_distance_m"": 0.436, ""second_nearest_distance_m"": 0.847}"
test_000843,kv2/kinect2data/003228_2014-05-14_13-42-35_094959634447_rgbf000101-resize,scene:kv2/kinect2data/003228_2014-05-14_13-42-35_094959634447_rgbf000101-resize,kv2,classroom,test,nearest_object,,0,What is the closest object to the table?,,desk,object,,SUNRGBD/kv2/kinect2data/003228_2014-05-14_13-42-35_094959634447_rgbf000101-resize/image/0000101.jpg,SUNRGBD/kv2/kinect2data/003228_2014-05-14_13-42-35_094959634447_rgbf000101-resize/depth_bfx/0000101.png,rule,"{""anchor_concept"": ""table"", ""anchor_object_index"": 32, ""answer_concept"": ""desk"", ""answer_object_index"": 0, ""nearest_distance_m"": 1.093, ""second_nearest_distance_m"": 1.51}"
test_011631,kv2/kinect2data/003100_2014-06-24_21-05-11_094959634447_rgbf000009-resize,scene:kv2/kinect2data/003100_2014-06-24_21-05-11_094959634447_rgbf000009-resize,kv2,bedroom,test,nearest_object,,0,What is the closest object to the door?,,dresser,object,,SUNRGBD/kv2/kinect2data/003100_2014-06-24_21-05-11_094959634447_rgbf000009-resize/image/0000009.jpg,SUNRGBD/kv2/kinect2data/003100_2014-06-24_21-05-11_094959634447_rgbf000009-resize/depth_bfx/0000009.png,rule,"{""anchor_concept"": ""door"", ""anchor_object_index"": 17, ""answer_concept"": ""dresser"", ""answer_object_index"": 16, ""nearest_distance_m"": 0.441, ""second_nearest_distance_m"": 0.722}"
test_007387,kv2/kinect2data/000023_2014-05-26_14-43-38_260595134347_rgbf000041-resize,scene:kv2/kinect2data/000023_2014-05-26_14-43-38_260595134347_rgbf000041-resize,kv2,furniture_store,test,nearest_object,,1,Which object is nearest to the mirror?,,dresser,object,,SUNRGBD/kv2/kinect2data/000023_2014-05-26_14-43-38_260595134347_rgbf000041-resize/image/0000041.jpg,SUNRGBD/kv2/kinect2data/000023_2014-05-26_14-43-38_260595134347_rgbf000041-resize/depth_bfx/0000041.png,rule,"{""anchor_concept"": ""mirror"", ""anchor_object_index"": 4, ""answer_concept"": ""dresser"", ""answer_object_index"": 12, ""nearest_distance_m"": 0.997, ""second_nearest_distance_m"": 1.274}"
test_004260,kv2/kinect2data/003678_2014-05-24_21-17-51_094959634447_rgbf000101-resize,scene:kv2/kinect2data/003678_2014-05-24_21-17-51_094959634447_rgbf000101-resize,kv2,bedroom,test,nearest_object,,3,Which item is positioned nearest to the cup?,,bin,object,,SUNRGBD/kv2/kinect2data/003678_2014-05-24_21-17-51_094959634447_rgbf000101-resize/image/0000101.jpg,SUNRGBD/kv2/kinect2data/003678_2014-05-24_21-17-51_094959634447_rgbf000101-resize/depth_bfx/0000101.png,rule,"{""anchor_concept"": ""cup"", ""anchor_object_index"": 18, ""answer_concept"": ""bin"", ""answer_object_index"": 6, ""nearest_distance_m"": 0.989, ""second_nearest_distance_m"": 1.494}"
test_005577,kv2/kinect2data/003439_2014-05-21_11-00-10_094959634447_rgbf000101-resize,scene:kv2/kinect2data/003439_2014-05-21_11-00-10_094959634447_rgbf000101-resize,kv2,classroom,test,nearest_object,,5,Which object is closest in distance to the window?,,table,object,,SUNRGBD/kv2/kinect2data/003439_2014-05-21_11-00-10_094959634447_rgbf000101-resize/image/0000101.jpg,SUNRGBD/kv2/kinect2data/003439_2014-05-21_11-00-10_094959634447_rgbf000101-resize/depth_bfx/0000101.png,rule,"{""anchor_concept"": ""window"", ""anchor_object_index"": 30, ""answer_concept"": ""table"", ""answer_object_index"": 2, ""nearest_distance_m"": 2.112, ""second_nearest_distance_m"": 2.667}"
test_011587,kv2/kinect2data/003444_2014-05-21_12-05-44_094959634447_rgbf000100-resize,scene:kv2/kinect2data/003444_2014-05-21_12-05-44_094959634447_rgbf000100-resize,kv2,classroom,test,nearest_object,,4,What is right next to the window?,,chair,object,,SUNRGBD/kv2/kinect2data/003444_2014-05-21_12-05-44_094959634447_rgbf000100-resize/image/0000100.jpg,SUNRGBD/kv2/kinect2data/003444_2014-05-21_12-05-44_094959634447_rgbf000100-resize/depth_bfx/0000100.png,rule,"{""anchor_concept"": ""window"", ""anchor_object_index"": 1, ""answer_concept"": ""chair"", ""answer_object_index"": 8, ""nearest_distance_m"": 3.188, ""second_nearest_distance_m"": 4.011}"
test_004175,kv2/kinect2data/002499_2014-05-25_16-55-43_094959634447_rgbf000208-resize,scene:kv2/kinect2data/002499_2014-05-25_16-55-43_094959634447_rgbf000208-resize,kv2,bedroom,test,nearest_object,,2,What sits closest to the box?,,book,object,,SUNRGBD/kv2/kinect2data/002499_2014-05-25_16-55-43_094959634447_rgbf000208-resize/image/0000208.jpg,SUNRGBD/kv2/kinect2data/002499_2014-05-25_16-55-43_094959634447_rgbf000208-resize/depth_bfx/0000208.png,rule,"{""anchor_concept"": ""box"", ""anchor_object_index"": 12, ""answer_concept"": ""book"", ""answer_object_index"": 14, ""nearest_distance_m"": 0.211, ""second_nearest_distance_m"": 0.352}"
test_013031,kv2/kinect2data/003218_2014-05-13_11-51-46_094959634447_rgbf003313-resize,scene:kv2/kinect2data/003218_2014-05-13_11-51-46_094959634447_rgbf003313-resize,kv2,classroom,test,nearest_object,,0,What is the closest object to the chair?,,desk,object,,SUNRGBD/kv2/kinect2data/003218_2014-05-13_11-51-46_094959634447_rgbf003313-resize/image/0003313.jpg,SUNRGBD/kv2/kinect2data/003218_2014-05-13_11-51-46_094959634447_rgbf003313-resize/depth_bfx/0003313.png,rule,"{""anchor_concept"": ""chair"", ""anchor_object_index"": 15, ""answer_concept"": ""desk"", ""answer_object_index"": 2, ""nearest_distance_m"": 0.256, ""second_nearest_distance_m"": 1.113}"
test_008317,kv2/kinect2data/001932_2014-06-22_14-22-04_260595134347_rgbf000033-resize,scene:kv2/kinect2data/001932_2014-06-22_14-22-04_260595134347_rgbf000033-resize,kv2,furniture_store,test,nearest_object,,4,What is right next to the sofa?,,drawer,object,,SUNRGBD/kv2/kinect2data/001932_2014-06-22_14-22-04_260595134347_rgbf000033-resize/image/0000033.jpg,SUNRGBD/kv2/kinect2data/001932_2014-06-22_14-22-04_260595134347_rgbf000033-resize/depth_bfx/0000033.png,rule,"{""anchor_concept"": ""sofa"", ""anchor_object_index"": 26, ""answer_concept"": ""drawer"", ""answer_object_index"": 38, ""nearest_distance_m"": 0.859, ""second_nearest_distance_m"": 1.099}"
test_001425,kv2/kinect2data/001890_2014-06-22_13-54-42_260595134347_rgbf000018-resize,scene:kv2/kinect2data/001890_2014-06-22_13-54-42_260595134347_rgbf000018-resize,kv2,furniture_store,test,nearest_object,,0,What is the closest object to the bed?,,shelf,object,,SUNRGBD/kv2/kinect2data/001890_2014-06-22_13-54-42_260595134347_rgbf000018-resize/image/0000018.jpg,SUNRGBD/kv2/kinect2data/001890_2014-06-22_13-54-42_260595134347_rgbf000018-resize/depth_bfx/0000018.png,rule,"{""anchor_concept"": ""bed"", ""anchor_object_index"": 11, ""answer_concept"": ""shelf"", ""answer_object_index"": 1, ""nearest_distance_m"": 1.73, ""second_nearest_distance_m"": 2.488}"
test_012572,kv2/kinect2data/003667_2014-05-24_21-12-45_094959634447_rgbf000100-resize,scene:kv2/kinect2data/003667_2014-05-24_21-12-45_094959634447_rgbf000100-resize,kv2,bedroom,test,nearest_object,,3,Which item is positioned nearest to the shelf?,,chair,object,,SUNRGBD/kv2/kinect2data/003667_2014-05-24_21-12-45_094959634447_rgbf000100-resize/image/0000100.jpg,SUNRGBD/kv2/kinect2data/003667_2014-05-24_21-12-45_094959634447_rgbf000100-resize/depth_bfx/0000100.png,rule,"{""anchor_concept"": ""shelf"", ""anchor_object_index"": 24, ""answer_concept"": ""chair"", ""answer_object_index"": 5, ""nearest_distance_m"": 2.263, ""second_nearest_distance_m"": 2.89}"
test_006721,kv2/kinect2data/001863_2014-06-22_13-42-03_260595134347_rgbf000056-resize,scene:kv2/kinect2data/001863_2014-06-22_13-42-03_260595134347_rgbf000056-resize,kv2,furniture_store,test,nearest_object,,1,Which object is nearest to the bed?,,mat,object,,SUNRGBD/kv2/kinect2data/001863_2014-06-22_13-42-03_260595134347_rgbf000056-resize/image/0000056.jpg,SUNRGBD/kv2/kinect2data/001863_2014-06-22_13-42-03_260595134347_rgbf000056-resize/depth_bfx/0000056.png,rule,"{""anchor_concept"": ""bed"", ""anchor_object_index"": 8, ""answer_concept"": ""mat"", ""answer_object_index"": 27, ""nearest_distance_m"": 0.869, ""second_nearest_distance_m"": 1.332}"
test_012738,kv2/kinect2data/002850_2014-06-03_18-37-26_094959634447_rgbf000067-resize,scene:kv2/kinect2data/002850_2014-06-03_18-37-26_094959634447_rgbf000067-resize,kv2,office,test,nearest_object,,0,What is the closest object to the bookshelf?,,keyboard,object,,SUNRGBD/kv2/kinect2data/002850_2014-06-03_18-37-26_094959634447_rgbf000067-resize/image/0000067.jpg,SUNRGBD/kv2/kinect2data/002850_2014-06-03_18-37-26_094959634447_rgbf000067-resize/depth_bfx/0000067.png,rule,"{""anchor_concept"": ""bookshelf"", ""anchor_object_index"": 1, ""answer_concept"": ""keyboard"", ""answer_object_index"": 8, ""nearest_distance_m"": 0.055, ""second_nearest_distance_m"": 0.157}"
test_013963,kv2/align_kv2/2014-12-18_11-58-37_260595134347,scene:kv2/align_kv2/2014-12-18_11-58-37_260595134347,kv2,rest_space,test,nearest_object,,0,What is the closest object to the table?,,chair,object,,SUNRGBD/kv2/align_kv2/2014-12-18_11-58-37_260595134347/image/0000095.jpg,SUNRGBD/kv2/align_kv2/2014-12-18_11-58-37_260595134347/depth_bfx/0000095.png,rule,"{""anchor_concept"": ""table"", ""anchor_object_index"": 2, ""answer_concept"": ""chair"", ""answer_object_index"": 1, ""nearest_distance_m"": 0.244, ""second_nearest_distance_m"": 0.467}"
test_007782,kv2/kinect2data/001697_2014-06-26_19-19-38_260595134347_rgbf000117-resize,scene:kv2/kinect2data/001697_2014-06-26_19-19-38_260595134347_rgbf000117-resize,kv2,furniture_store,test,nearest_object,,2,What sits closest to the pillow?,,lamp,object,,SUNRGBD/kv2/kinect2data/001697_2014-06-26_19-19-38_260595134347_rgbf000117-resize/image/0000117.jpg,SUNRGBD/kv2/kinect2data/001697_2014-06-26_19-19-38_260595134347_rgbf000117-resize/depth_bfx/0000117.png,rule,"{""anchor_concept"": ""pillow"", ""anchor_object_index"": 1, ""answer_concept"": ""lamp"", ""answer_object_index"": 3, ""nearest_distance_m"": 1.322, ""second_nearest_distance_m"": 2.003}"
test_003512,kv2/kinect2data/001678_2014-06-26_19-13-56_260595134347_rgbf000102-resize,scene:kv2/kinect2data/001678_2014-06-26_19-13-56_260595134347_rgbf000102-resize,kv2,furniture_store,test,nearest_object,,0,What is the closest object to the bed frame?,,bookshelf,object,,SUNRGBD/kv2/kinect2data/001678_2014-06-26_19-13-56_260595134347_rgbf000102-resize/image/0000102.jpg,SUNRGBD/kv2/kinect2data/001678_2014-06-26_19-13-56_260595134347_rgbf000102-resize/depth_bfx/0000102.png,rule,"{""anchor_concept"": ""bedframe"", ""anchor_object_index"": 24, ""answer_concept"": ""bookshelf"", ""answer_object_index"": 31, ""nearest_distance_m"": 1.477, ""second_nearest_distance_m"": 3.483}"
test_011211,kv1/NYUdata/NYU0076,scene:kv1/NYUdata/NYU0076,kv1,bedroom,test,nearest_object,,2,What sits closest to the picture?,,blind,object,,SUNRGBD/kv1/NYUdata/NYU0076/image/NYU0076.jpg,SUNRGBD/kv1/NYUdata/NYU0076/depth_bfx/NYU0076.png,rule,"{""anchor_concept"": ""picture"", ""anchor_object_index"": 7, ""answer_concept"": ""blind"", ""answer_object_index"": 9, ""nearest_distance_m"": 1.119, ""second_nearest_distance_m"": 1.984}"
test_001120,kv1/NYUdata/NYU0993,scene:kv1/NYUdata/NYU0993,kv1,bedroom,test,nearest_object,,4,What is right next to the bookshelf?,,picture,object,,SUNRGBD/kv1/NYUdata/NYU0993/image/NYU0993.jpg,SUNRGBD/kv1/NYUdata/NYU0993/depth_bfx/NYU0993.png,rule,"{""anchor_concept"": ""bookshelf"", ""anchor_object_index"": 20, ""answer_concept"": ""picture"", ""answer_object_index"": 12, ""nearest_distance_m"": 0.0, ""second_nearest_distance_m"": 0.516}"
test_002243,kv1/NYUdata/NYU0860,scene:kv1/NYUdata/NYU0860,kv1,kitchen,test,nearest_object,,0,What is the closest object to the cabinet?,,clothes,object,,SUNRGBD/kv1/NYUdata/NYU0860/image/NYU0860.jpg,SUNRGBD/kv1/NYUdata/NYU0860/depth_bfx/NYU0860.png,rule,"{""anchor_concept"": ""cabinet"", ""anchor_object_index"": 0, ""answer_concept"": ""clothes"", ""answer_object_index"": 20, ""nearest_distance_m"": 1.549, ""second_nearest_distance_m"": 2.851}"
test_002972,kv1/NYUdata/NYU0430,scene:kv1/NYUdata/NYU0430,kv1,playroom,test,nearest_object,,3,Which item is positioned nearest to the sofa?,,pillow,object,,SUNRGBD/kv1/NYUdata/NYU0430/image/NYU0430.jpg,SUNRGBD/kv1/NYUdata/NYU0430/depth_bfx/NYU0430.png,rule,"{""anchor_concept"": ""sofa"", ""anchor_object_index"": 10, ""answer_concept"": ""pillow"", ""answer_object_index"": 12, ""nearest_distance_m"": 0.002, ""second_nearest_distance_m"": 0.565}"
test_011290,kv1/NYUdata/NYU0762,scene:kv1/NYUdata/NYU0762,kv1,kitchen,test,nearest_object,,2,What sits closest to the monitor?,,cabinet,object,,SUNRGBD/kv1/NYUdata/NYU0762/image/NYU0762.jpg,SUNRGBD/kv1/NYUdata/NYU0762/depth_bfx/NYU0762.png,rule,"{""anchor_concept"": ""monitor"", ""anchor_object_index"": 21, ""answer_concept"": ""cabinet"", ""answer_object_index"": 1, ""nearest_distance_m"": 0.744, ""second_nearest_distance_m"": 0.967}"
test_010521,kv1/NYUdata/NYU1166,scene:kv1/NYUdata/NYU1166,kv1,bedroom,test,nearest_object,,0,What is the closest object to the cabinet?,,picture,object,,SUNRGBD/kv1/NYUdata/NYU1166/image/NYU1166.jpg,SUNRGBD/kv1/NYUdata/NYU1166/depth_bfx/NYU1166.png,rule,"{""anchor_concept"": ""cabinet"", ""anchor_object_index"": 0, ""answer_concept"": ""picture"", ""answer_object_index"": 5, ""nearest_distance_m"": 1.038, ""second_nearest_distance_m"": 1.461}"
test_003812,kv1/b3dodata/img_0679,scene:kv1/b3dodata/img_0679,kv1,corridor,test,nearest_object,,2,What sits closest to the paper?,,book,object,,SUNRGBD/kv1/b3dodata/img_0679/image/img_0679.jpg,SUNRGBD/kv1/b3dodata/img_0679/depth_bfx/img_0679_abs.png,rule,"{""anchor_concept"": ""paper"", ""anchor_object_index"": 7, ""answer_concept"": ""book"", ""answer_object_index"": 6, ""nearest_distance_m"": 0.084, ""second_nearest_distance_m"": 0.211}"
test_008546,kv1/NYUdata/NYU1170,scene:kv1/NYUdata/NYU1170,kv1,bedroom,test,nearest_object,,4,What is right next to the monitor?,,desk,object,,SUNRGBD/kv1/NYUdata/NYU1170/image/NYU1170.jpg,SUNRGBD/kv1/NYUdata/NYU1170/depth_bfx/NYU1170.png,rule,"{""anchor_concept"": ""monitor"", ""anchor_object_index"": 8, ""answer_concept"": ""desk"", ""answer_object_index"": 5, ""nearest_distance_m"": 0.479, ""second_nearest_distance_m"": 1.043}"
test_006372,kv1/NYUdata/NYU0431,scene:kv1/NYUdata/NYU0431,kv1,playroom,test,nearest_object,,0,What is the closest object to the ottoman?,,sofa,object,,SUNRGBD/kv1/NYUdata/NYU0431/image/NYU0431.jpg,SUNRGBD/kv1/NYUdata/NYU0431/depth_bfx/NYU0431.png,rule,"{""anchor_concept"": ""ottoman"", ""anchor_object_index"": 16, ""answer_concept"": ""sofa"", ""answer_object_index"": 7, ""nearest_distance_m"": 0.602, ""second_nearest_distance_m"": 1.256}"
test_003010,kv1/b3dodata/img_0775,scene:kv1/b3dodata/img_0775,kv1,living_room,test,nearest_object,,5,Which object is closest in distance to the rug?,,table,object,,SUNRGBD/kv1/b3dodata/img_0775/image/img_0775.jpg,SUNRGBD/kv1/b3dodata/img_0775/depth_bfx/img_0775_abs.png,rule,"{""anchor_concept"": ""rug"", ""anchor_object_index"": 9, ""answer_concept"": ""table"", ""answer_object_index"": 15, ""nearest_distance_m"": 0.457, ""second_nearest_distance_m"": 1.134}"
test_006704,kv1/b3dodata/img_0673,scene:kv1/b3dodata/img_0673,kv1,living_room,test,nearest_object,,0,What is the closest object to the chair?,,light,object,,SUNRGBD/kv1/b3dodata/img_0673/image/img_0673.jpg,SUNRGBD/kv1/b3dodata/img_0673/depth_bfx/img_0673_abs.png,rule,"{""anchor_concept"": ""chair"", ""anchor_object_index"": 1, ""answer_concept"": ""light"", ""answer_object_index"": 7, ""nearest_distance_m"": 1.135, ""second_nearest_distance_m"": 1.571}"
test_006646,kv1/NYUdata/NYU1280,scene:kv1/NYUdata/NYU1280,kv1,living_room,test,nearest_object,,1,Which object is nearest to the coffee table?,,ottoman,object,,SUNRGBD/kv1/NYUdata/NYU1280/image/NYU1280.jpg,SUNRGBD/kv1/NYUdata/NYU1280/depth_bfx/NYU1280.png,rule,"{""anchor_concept"": ""coffeetable"", ""anchor_object_index"": 17, ""answer_concept"": ""ottoman"", ""answer_object_index"": 18, ""nearest_distance_m"": 0.996, ""second_nearest_distance_m"": 1.443}"
test_006490,kv1/NYUdata/NYU0515,scene:kv1/NYUdata/NYU0515,kv1,bedroom,test,nearest_object,,5,Which object is closest in distance to the window?,,curtain,object,,SUNRGBD/kv1/NYUdata/NYU0515/image/NYU0515.jpg,SUNRGBD/kv1/NYUdata/NYU0515/depth_bfx/NYU0515.png,rule,"{""anchor_concept"": ""window"", ""anchor_object_index"": 6, ""answer_concept"": ""curtain"", ""answer_object_index"": 7, ""nearest_distance_m"": 0.482, ""second_nearest_distance_m"": 0.714}"
test_008588,kv1/NYUdata/NYU1128,scene:kv1/NYUdata/NYU1128,kv1,bedroom,test,nearest_object,,4,What is right next to the clothes?,,bed,object,,SUNRGBD/kv1/NYUdata/NYU1128/image/NYU1128.jpg,SUNRGBD/kv1/NYUdata/NYU1128/depth_bfx/NYU1128.png,rule,"{""anchor_concept"": ""clothes"", ""anchor_object_index"": 10, ""answer_concept"": ""bed"", ""answer_object_index"": 12, ""nearest_distance_m"": 0.184, ""second_nearest_distance_m"": 1.364}"
test_010216,kv1/NYUdata/NYU0222,scene:kv1/NYUdata/NYU0222,kv1,bedroom,test,nearest_object,,0,What is the closest object to the dresser?,,box,object,,SUNRGBD/kv1/NYUdata/NYU0222/image/NYU0222.jpg,SUNRGBD/kv1/NYUdata/NYU0222/depth_bfx/NYU0222.png,rule,"{""anchor_concept"": ""dresser"", ""anchor_object_index"": 23, ""answer_concept"": ""box"", ""answer_object_index"": 7, ""nearest_distance_m"": 0.254, ""second_nearest_distance_m"": 0.856}"
test_010074,kv1/b3dodata/img_0415,scene:kv1/b3dodata/img_0415,kv1,office,test,nearest_object,,5,Which object is closest in distance to the book?,,keyboard,object,,SUNRGBD/kv1/b3dodata/img_0415/image/img_0415.jpg,SUNRGBD/kv1/b3dodata/img_0415/depth_bfx/img_0415_abs.png,rule,"{""anchor_concept"": ""book"", ""anchor_object_index"": 10, ""answer_concept"": ""keyboard"", ""answer_object_index"": 0, ""nearest_distance_m"": 0.169, ""second_nearest_distance_m"": 0.457}"
test_004337,kv1/NYUdata/NYU1153,scene:kv1/NYUdata/NYU1153,kv1,bedroom,test,nearest_object,,1,Which object is nearest to the pillow?,,clothes,object,,SUNRGBD/kv1/NYUdata/NYU1153/image/NYU1153.jpg,SUNRGBD/kv1/NYUdata/NYU1153/depth_bfx/NYU1153.png,rule,"{""anchor_concept"": ""pillow"", ""anchor_object_index"": 3, ""answer_concept"": ""clothes"", ""answer_object_index"": 5, ""nearest_distance_m"": 0.482, ""second_nearest_distance_m"": 0.649}"
test_006069,kv1/b3dodata/img_0700,scene:kv1/b3dodata/img_0700,kv1,home_office,test,nearest_object,,4,What is right next to the chair?,,bag,object,,SUNRGBD/kv1/b3dodata/img_0700/image/img_0700.jpg,SUNRGBD/kv1/b3dodata/img_0700/depth_bfx/img_0700_abs.png,rule,"{""anchor_concept"": ""chair"", ""anchor_object_index"": 0, ""answer_concept"": ""bag"", ""answer_object_index"": 7, ""nearest_distance_m"": 0.095, ""second_nearest_distance_m"": 0.808}"
test_012494,kv1/NYUdata/NYU0693,scene:kv1/NYUdata/NYU0693,kv1,bathroom,test,nearest_object,,1,Which object is nearest to the shower curtain?,,towel,object,,SUNRGBD/kv1/NYUdata/NYU0693/image/NYU0693.jpg,SUNRGBD/kv1/NYUdata/NYU0693/depth_bfx/NYU0693.png,rule,"{""anchor_concept"": ""showercurtain"", ""anchor_object_index"": 17, ""answer_concept"": ""towel"", ""answer_object_index"": 19, ""nearest_distance_m"": 0.664, ""second_nearest_distance_m"": 0.926}"
test_003387,kv1/NYUdata/NYU1414,scene:kv1/NYUdata/NYU1414,kv1,dining_room,test,nearest_object,,4,What is right next to the lamp?,,blind,object,,SUNRGBD/kv1/NYUdata/NYU1414/image/NYU1414.jpg,SUNRGBD/kv1/NYUdata/NYU1414/depth_bfx/NYU1414.png,rule,"{""anchor_concept"": ""lamp"", ""anchor_object_index"": 9, ""answer_concept"": ""blind"", ""answer_object_index"": 8, ""nearest_distance_m"": 0.35, ""second_nearest_distance_m"": 0.481}"
test_004963,kv1/NYUdata/NYU1098,scene:kv1/NYUdata/NYU1098,kv1,bedroom,test,nearest_object,,4,What is right next to the lamp?,,night stand,object,,SUNRGBD/kv1/NYUdata/NYU1098/image/NYU1098.jpg,SUNRGBD/kv1/NYUdata/NYU1098/depth_bfx/NYU1098.png,rule,"{""anchor_concept"": ""lamp"", ""anchor_object_index"": 18, ""answer_concept"": ""nightstand"", ""answer_object_index"": 20, ""nearest_distance_m"": 0.599, ""second_nearest_distance_m"": 0.867}"
test_002861,kv1/b3dodata/img_0406,scene:kv1/b3dodata/img_0406,kv1,bedroom,test,nearest_object,,2,What sits closest to the book?,,cloth,object,,SUNRGBD/kv1/b3dodata/img_0406/image/img_0406.jpg,SUNRGBD/kv1/b3dodata/img_0406/depth_bfx/img_0406_abs.png,rule,"{""anchor_concept"": ""book"", ""anchor_object_index"": 13, ""answer_concept"": ""cloth"", ""answer_object_index"": 22, ""nearest_distance_m"": 0.2, ""second_nearest_distance_m"": 0.25}"
test_000572,kv1/b3dodata/img_0597,scene:kv1/b3dodata/img_0597,kv1,home_office,test,nearest_object,,3,Which item is positioned nearest to the book?,,bookshelf,object,,SUNRGBD/kv1/b3dodata/img_0597/image/img_0597.jpg,SUNRGBD/kv1/b3dodata/img_0597/depth_bfx/img_0597_abs.png,rule,"{""anchor_concept"": ""book"", ""anchor_object_index"": 9, ""answer_concept"": ""bookshelf"", ""answer_object_index"": 1, ""nearest_distance_m"": 0.329, ""second_nearest_distance_m"": 0.648}"
test_004059,kv1/b3dodata/img_0637,scene:kv1/b3dodata/img_0637,kv1,dining_room,test,nearest_object,,2,What sits closest to the table?,,plate,object,,SUNRGBD/kv1/b3dodata/img_0637/image/img_0637.jpg,SUNRGBD/kv1/b3dodata/img_0637/depth_bfx/img_0637_abs.png,rule,"{""anchor_concept"": ""table"", ""anchor_object_index"": 0, ""answer_concept"": ""plate"", ""answer_object_index"": 3, ""nearest_distance_m"": 0.218, ""second_nearest_distance_m"": 0.445}"
test_001048,kv1/NYUdata/NYU0173,scene:kv1/NYUdata/NYU0173,kv1,bedroom,test,nearest_object,,3,Which item is positioned nearest to the floor mat?,,bed,object,,SUNRGBD/kv1/NYUdata/NYU0173/image/NYU0173.jpg,SUNRGBD/kv1/NYUdata/NYU0173/depth_bfx/NYU0173.png,rule,"{""anchor_concept"": ""floormat"", ""anchor_object_index"": 18, ""answer_concept"": ""bed"", ""answer_object_index"": 21, ""nearest_distance_m"": 0.68, ""second_nearest_distance_m"": 1.033}"
test_006785,kv1/NYUdata/NYU0567,scene:kv1/NYUdata/NYU0567,kv1,kitchen,test,nearest_object,,0,What is the closest object to the counter?,,cabinet,object,,SUNRGBD/kv1/NYUdata/NYU0567/image/NYU0567.jpg,SUNRGBD/kv1/NYUdata/NYU0567/depth_bfx/NYU0567.png,rule,"{""anchor_concept"": ""counter"", ""anchor_object_index"": 3, ""answer_concept"": ""cabinet"", ""answer_object_index"": 0, ""nearest_distance_m"": 0.514, ""second_nearest_distance_m"": 0.67}"
test_013229,kv1/NYUdata/NYU1228,scene:kv1/NYUdata/NYU1228,kv1,living_room,test,nearest_object,,5,Which object is closest in distance to the door?,,sofa,object,,SUNRGBD/kv1/NYUdata/NYU1228/image/NYU1228.jpg,SUNRGBD/kv1/NYUdata/NYU1228/depth_bfx/NYU1228.png,rule,"{""anchor_concept"": ""door"", ""anchor_object_index"": 11, ""answer_concept"": ""sofa"", ""answer_object_index"": 17, ""nearest_distance_m"": 2.927, ""second_nearest_distance_m"": 3.974}"
test_002488,kv1/NYUdata/NYU0036,scene:kv1/NYUdata/NYU0036,kv1,office,test,nearest_object,,3,Which item is positioned nearest to the table?,,sofa,object,,SUNRGBD/kv1/NYUdata/NYU0036/image/NYU0036.jpg,SUNRGBD/kv1/NYUdata/NYU0036/depth_bfx/NYU0036.png,rule,"{""anchor_concept"": ""table"", ""anchor_object_index"": 10, ""answer_concept"": ""sofa"", ""answer_object_index"": 33, ""nearest_distance_m"": 0.843, ""second_nearest_distance_m"": 1.322}"
test_000235,kv1/NYUdata/NYU0079,scene:kv1/NYUdata/NYU0079,kv1,bedroom,test,nearest_object,,3,Which item is positioned nearest to the laptop?,,night stand,object,,SUNRGBD/kv1/NYUdata/NYU0079/image/NYU0079.jpg,SUNRGBD/kv1/NYUdata/NYU0079/depth_bfx/NYU0079.png,rule,"{""anchor_concept"": ""laptop"", ""anchor_object_index"": 3, ""answer_concept"": ""nightstand"", ""answer_object_index"": 12, ""nearest_distance_m"": 0.255, ""second_nearest_distance_m"": 0.869}"
test_000587,kv1/NYUdata/NYU1083,scene:kv1/NYUdata/NYU1083,kv1,bedroom,test,nearest_object,,0,What is the closest object to the bookshelf?,,bed,object,,SUNRGBD/kv1/NYUdata/NYU1083/image/NYU1083.jpg,SUNRGBD/kv1/NYUdata/NYU1083/depth_bfx/NYU1083.png,rule,"{""anchor_concept"": ""bookshelf"", ""anchor_object_index"": 5, ""answer_concept"": ""bed"", ""answer_object_index"": 6, ""nearest_distance_m"": 1.594, ""second_nearest_distance_m"": 2.663}"
test_003473,kv1/NYUdata/NYU0509,scene:kv1/NYUdata/NYU0509,kv1,bathroom,test,nearest_object,,3,Which item is positioned nearest to the window?,,bathtub,object,,SUNRGBD/kv1/NYUdata/NYU0509/image/NYU0509.jpg,SUNRGBD/kv1/NYUdata/NYU0509/depth_bfx/NYU0509.png,rule,"{""anchor_concept"": ""window"", ""anchor_object_index"": 12, ""answer_concept"": ""bathtub"", ""answer_object_index"": 14, ""nearest_distance_m"": 0.955, ""second_nearest_distance_m"": 1.843}"
test_005893,kv1/b3dodata/img_0743,scene:kv1/b3dodata/img_0743,kv1,bedroom,test,nearest_object,,4,What is right next to the pillow?,,mattress,object,,SUNRGBD/kv1/b3dodata/img_0743/image/img_0743.jpg,SUNRGBD/kv1/b3dodata/img_0743/depth_bfx/img_0743_abs.png,rule,"{""anchor_concept"": ""pillow"", ""anchor_object_index"": 10, ""answer_concept"": ""mattress"", ""answer_object_index"": 4, ""nearest_distance_m"": 0.319, ""second_nearest_distance_m"": 0.878}"
test_012456,kv1/b3dodata/img_0448,scene:kv1/b3dodata/img_0448,kv1,bathroom,test,nearest_object,,4,What is right next to the sink?,,faucet,object,,SUNRGBD/kv1/b3dodata/img_0448/image/img_0448.jpg,SUNRGBD/kv1/b3dodata/img_0448/depth_bfx/img_0448_abs.png,rule,"{""anchor_concept"": ""sink"", ""anchor_object_index"": 0, ""answer_concept"": ""faucet"", ""answer_object_index"": 13, ""nearest_distance_m"": 0.206, ""second_nearest_distance_m"": 0.296}"
test_004195,kv1/NYUdata/NYU0638,scene:kv1/NYUdata/NYU0638,kv1,office,test,nearest_object,,1,Which object is nearest to the keyboard?,,monitor,object,,SUNRGBD/kv1/NYUdata/NYU0638/image/NYU0638.jpg,SUNRGBD/kv1/NYUdata/NYU0638/depth_bfx/NYU0638.png,rule,"{""anchor_concept"": ""keyboard"", ""anchor_object_index"": 8, ""answer_concept"": ""monitor"", ""answer_object_index"": 9, ""nearest_distance_m"": 0.449, ""second_nearest_distance_m"": 0.797}"
test_012874,kv1/NYUdata/NYU0778,scene:kv1/NYUdata/NYU0778,kv1,kitchen,test,nearest_object,,0,What is the closest object to the door?,,cabinet,object,,SUNRGBD/kv1/NYUdata/NYU0778/image/NYU0778.jpg,SUNRGBD/kv1/NYUdata/NYU0778/depth_bfx/NYU0778.png,rule,"{""anchor_concept"": ""door"", ""anchor_object_index"": 13, ""answer_concept"": ""cabinet"", ""answer_object_index"": 3, ""nearest_distance_m"": 1.05, ""second_nearest_distance_m"": 2.294}"
test_013879,kv1/NYUdata/NYU0532,scene:kv1/NYUdata/NYU0532,kv1,bedroom,test,nearest_object,,3,Which item is positioned nearest to the bed?,,pillow,object,,SUNRGBD/kv1/NYUdata/NYU0532/image/NYU0532.jpg,SUNRGBD/kv1/NYUdata/NYU0532/depth_bfx/NYU0532.png,rule,"{""anchor_concept"": ""bed"", ""anchor_object_index"": 11, ""answer_concept"": ""pillow"", ""answer_object_index"": 8, ""nearest_distance_m"": 0.817, ""second_nearest_distance_m"": 1.261}"
test_003523,kv1/NYUdata/NYU0047,scene:kv1/NYUdata/NYU0047,kv1,bathroom,test,nearest_object,,3,Which item is positioned nearest to the cabinet?,,sink,object,,SUNRGBD/kv1/NYUdata/NYU0047/image/NYU0047.jpg,SUNRGBD/kv1/NYUdata/NYU0047/depth_bfx/NYU0047.png,rule,"{""anchor_concept"": ""cabinet"", ""anchor_object_index"": 2, ""answer_concept"": ""sink"", ""answer_object_index"": 8, ""nearest_distance_m"": 0.335, ""second_nearest_distance_m"": 0.556}"
test_008114,kv1/NYUdata/NYU1076,scene:kv1/NYUdata/NYU1076,kv1,bedroom,test,nearest_object,,0,What is the closest object to the curtain?,,lamp,object,,SUNRGBD/kv1/NYUdata/NYU1076/image/NYU1076.jpg,SUNRGBD/kv1/NYUdata/NYU1076/depth_bfx/NYU1076.png,rule,"{""anchor_concept"": ""curtain"", ""anchor_object_index"": 15, ""answer_concept"": ""lamp"", ""answer_object_index"": 24, ""nearest_distance_m"": 0.572, ""second_nearest_distance_m"": 0.824}"
test_005681,realsense/lg/2014_10_26-13_53_41-1311000073,scene:realsense/lg/2014_10_26-13_53_41-1311000073,realsense,mail_room,test,nearest_object,,0,What is the closest object to the cabinet?,,trash can,object,,SUNRGBD/realsense/lg/2014_10_26-13_53_41-1311000073/image/0000066.jpg,SUNRGBD/realsense/lg/2014_10_26-13_53_41-1311000073/depth_bfx/0000066.png,rule,"{""anchor_concept"": ""cabinet"", ""anchor_object_index"": 16, ""answer_concept"": ""trashcan"", ""answer_object_index"": 9, ""nearest_distance_m"": 0.099, ""second_nearest_distance_m"": 0.307}"
test_000324,realsense/lg/2014_10_27-14_49_51-1311000073,scene:realsense/lg/2014_10_27-14_49_51-1311000073,realsense,library,test,nearest_object,,5,Which object is closest in distance to the table?,,chair,object,,SUNRGBD/realsense/lg/2014_10_27-14_49_51-1311000073/image/0000063.jpg,SUNRGBD/realsense/lg/2014_10_27-14_49_51-1311000073/depth_bfx/0000063.png,rule,"{""anchor_concept"": ""table"", ""anchor_object_index"": 47, ""answer_concept"": ""chair"", ""answer_object_index"": 48, ""nearest_distance_m"": 0.559, ""second_nearest_distance_m"": 0.931}"
test_013036,realsense/lg/2014_10_28-15_53_16-1311000073,scene:realsense/lg/2014_10_28-15_53_16-1311000073,realsense,rest_space,test,nearest_object,,3,Which item is positioned nearest to the book?,,table,object,,SUNRGBD/realsense/lg/2014_10_28-15_53_16-1311000073/image/0000063.jpg,SUNRGBD/realsense/lg/2014_10_28-15_53_16-1311000073/depth_bfx/0000063.png,rule,"{""anchor_concept"": ""book"", ""anchor_object_index"": 2, ""answer_concept"": ""table"", ""answer_object_index"": 1, ""nearest_distance_m"": 0.213, ""second_nearest_distance_m"": 1.003}"
test_001489,realsense/lg/2014_10_30-16_06_13-1311000073,scene:realsense/lg/2014_10_30-16_06_13-1311000073,realsense,office,test,nearest_object,,4,What is right next to the counter?,,box,object,,SUNRGBD/realsense/lg/2014_10_30-16_06_13-1311000073/image/0000068.jpg,SUNRGBD/realsense/lg/2014_10_30-16_06_13-1311000073/depth_bfx/0000068.png,rule,"{""anchor_concept"": ""counter"", ""anchor_object_index"": 4, ""answer_concept"": ""box"", ""answer_object_index"": 5, ""nearest_distance_m"": 0.266, ""second_nearest_distance_m"": 0.897}"
test_008855,realsense/lg/2014_10_30-15_39_41-1311000073,scene:realsense/lg/2014_10_30-15_39_41-1311000073,realsense,rest_space,test,nearest_object,,5,Which object is closest in distance to the table?,,rug,object,,SUNRGBD/realsense/lg/2014_10_30-15_39_41-1311000073/image/0000064.jpg,SUNRGBD/realsense/lg/2014_10_30-15_39_41-1311000073/depth_bfx/0000064.png,rule,"{""anchor_concept"": ""table"", ""anchor_object_index"": 0, ""answer_concept"": ""rug"", ""answer_object_index"": 9, ""nearest_distance_m"": 0.694, ""second_nearest_distance_m"": 1.27}"
test_008858,realsense/lg/2014_10_27-14_34_43-1311000073,scene:realsense/lg/2014_10_27-14_34_43-1311000073,realsense,library,test,nearest_object,,4,What is right next to the printer?,,desk,object,,SUNRGBD/realsense/lg/2014_10_27-14_34_43-1311000073/image/0000063.jpg,SUNRGBD/realsense/lg/2014_10_27-14_34_43-1311000073/depth_bfx/0000063.png,rule,"{""anchor_concept"": ""printer"", ""anchor_object_index"": 4, ""answer_concept"": ""desk"", ""answer_object_index"": 3, ""nearest_distance_m"": 0.172, ""second_nearest_distance_m"": 0.786}"
test_013893,realsense/lg/2014_10_28-15_09_48-1311000073,scene:realsense/lg/2014_10_28-15_09_48-1311000073,realsense,library,test,nearest_object,,1,Which object is nearest to the lamp?,,table,object,,SUNRGBD/realsense/lg/2014_10_28-15_09_48-1311000073/image/0000063.jpg,SUNRGBD/realsense/lg/2014_10_28-15_09_48-1311000073/depth_bfx/0000063.png,rule,"{""anchor_concept"": ""lamp"", ""anchor_object_index"": 7, ""answer_concept"": ""table"", ""answer_object_index"": 0, ""nearest_distance_m"": 0.732, ""second_nearest_distance_m"": 1.085}"
test_011564,realsense/lg/2014_10_30-16_10_36-1311000073,scene:realsense/lg/2014_10_30-16_10_36-1311000073,realsense,bathroom,test,nearest_object,,5,Which object is closest in distance to the mirror?,,faucet,object,,SUNRGBD/realsense/lg/2014_10_30-16_10_36-1311000073/image/0000063.jpg,SUNRGBD/realsense/lg/2014_10_30-16_10_36-1311000073/depth_bfx/0000063.png,rule,"{""anchor_concept"": ""mirror"", ""anchor_object_index"": 1, ""answer_concept"": ""faucet"", ""answer_object_index"": 2, ""nearest_distance_m"": 1.622, ""second_nearest_distance_m"": 2.037}"
test_014113,realsense/lg/2014_10_26-14_38_07-1311000073,scene:realsense/lg/2014_10_26-14_38_07-1311000073,realsense,discussion_area,test,nearest_object,,3,Which item is positioned nearest to the table?,,bottle,object,,SUNRGBD/realsense/lg/2014_10_26-14_38_07-1311000073/image/0000063.jpg,SUNRGBD/realsense/lg/2014_10_26-14_38_07-1311000073/depth_bfx/0000063.png,rule,"{""anchor_concept"": ""table"", ""anchor_object_index"": 2, ""answer_concept"": ""bottle"", ""answer_object_index"": 4, ""nearest_distance_m"": 0.237, ""second_nearest_distance_m"": 1.354}"
test_006849,realsense/lg/2014_10_26-14_39_04-1311000073,scene:realsense/lg/2014_10_26-14_39_04-1311000073,realsense,rest_space,test,nearest_object,,1,Which object is nearest to the table?,,flower pot,object,,SUNRGBD/realsense/lg/2014_10_26-14_39_04-1311000073/image/0000063.jpg,SUNRGBD/realsense/lg/2014_10_26-14_39_04-1311000073/depth_bfx/0000063.png,rule,"{""anchor_concept"": ""table"", ""anchor_object_index"": 2, ""answer_concept"": ""flowerpot"", ""answer_object_index"": 3, ""nearest_distance_m"": 0.364, ""second_nearest_distance_m"": 0.794}"
test_006482,realsense/lg/2014_10_30-15_33_05-1311000073,scene:realsense/lg/2014_10_30-15_33_05-1311000073,realsense,dining_area,test,nearest_object,,3,Which item is positioned nearest to the trash can?,,oven,object,,SUNRGBD/realsense/lg/2014_10_30-15_33_05-1311000073/image/0000069.jpg,SUNRGBD/realsense/lg/2014_10_30-15_33_05-1311000073/depth_bfx/0000069.png,rule,"{""anchor_concept"": ""trashcan"", ""anchor_object_index"": 4, ""answer_concept"": ""oven"", ""answer_object_index"": 10, ""nearest_distance_m"": 0.841, ""second_nearest_distance_m"": 1.352}"
test_007028,realsense/lg/2014_10_28-15_39_19-1311000073,scene:realsense/lg/2014_10_28-15_39_19-1311000073,realsense,library,test,nearest_object,,4,What is right next to the speaker?,,keyboard,object,,SUNRGBD/realsense/lg/2014_10_28-15_39_19-1311000073/image/0000064.jpg,SUNRGBD/realsense/lg/2014_10_28-15_39_19-1311000073/depth_bfx/0000064.png,rule,"{""anchor_concept"": ""speaker"", ""anchor_object_index"": 10, ""answer_concept"": ""keyboard"", ""answer_object_index"": 7, ""nearest_distance_m"": 0.348, ""second_nearest_distance_m"": 0.474}"
test_009219,kv2/kinect2data/003436_2014-05-21_10-58-59_094959634447_rgbf000101-resize,scene:kv2/kinect2data/003436_2014-05-21_10-58-59_094959634447_rgbf000101-resize,kv2,classroom,test,existence,positive,3,Can you spot a chalkboard in the picture?,,yes,yes_no,yes|no,SUNRGBD/kv2/kinect2data/003436_2014-05-21_10-58-59_094959634447_rgbf000101-resize/image/0000101.jpg,SUNRGBD/kv2/kinect2data/003436_2014-05-21_10-58-59_094959634447_rgbf000101-resize/depth_bfx/0000101.png,rule,"{""concept"": ""chalkboard"", ""object_index"": 6, ""area_frac"": 0.04422719048849832}"
test_005971,kv2/kinect2data/003384_2014-05-20_14-41-43_094959634447_rgbf000101-resize,scene:kv2/kinect2data/003384_2014-05-20_14-41-43_094959634447_rgbf000101-resize,kv2,dining_area,test,existence,negative,1,Do you see a stool here?,,no,yes_no,yes|no,SUNRGBD/kv2/kinect2data/003384_2014-05-20_14-41-43_094959634447_rgbf000101-resize/image/0000101.jpg,SUNRGBD/kv2/kinect2data/003384_2014-05-20_14-41-43_094959634447_rgbf000101-resize/depth_bfx/0000101.png,rule,"{""concept"": ""stool"", ""reason"": ""category_or_scene_type_plausible""}"
test_001575,kv2/kinect2data/003188_2014-05-12_22-08-43_094959634447_rgbf000050-resize,scene:kv2/kinect2data/003188_2014-05-12_22-08-43_094959634447_rgbf000050-resize,kv2,classroom,test,existence,positive,3,Can you spot a chair in the picture?,,yes,yes_no,yes|no,SUNRGBD/kv2/kinect2data/003188_2014-05-12_22-08-43_094959634447_rgbf000050-resize/image/0000050.jpg,SUNRGBD/kv2/kinect2data/003188_2014-05-12_22-08-43_094959634447_rgbf000050-resize/depth_bfx/0000050.png,rule,"{""concept"": ""chair"", ""object_index"": 6, ""area_frac"": 0.35282327699150645}"
test_010417,kv2/kinect2data/000497_2014-06-08_22-50-55_260595134347_rgbf000033-resize,scene:kv2/kinect2data/000497_2014-06-08_22-50-55_260595134347_rgbf000033-resize,kv2,discussion_area,test,existence,negative,1,Do you see a counter here?,,no,yes_no,yes|no,SUNRGBD/kv2/kinect2data/000497_2014-06-08_22-50-55_260595134347_rgbf000033-resize/image/0000033.jpg,SUNRGBD/kv2/kinect2data/000497_2014-06-08_22-50-55_260595134347_rgbf000033-resize/depth_bfx/0000033.png,rule,"{""concept"": ""counter"", ""reason"": ""category_or_scene_type_plausible""}"
test_005736,kv2/kinect2data/003388_2014-05-20_15-22-22_094959634447_rgbf002280-resize,scene:kv2/kinect2data/003388_2014-05-20_15-22-22_094959634447_rgbf002280-resize,kv2,classroom,test,existence,positive,0,Is there a chair in this room?,,yes,yes_no,yes|no,SUNRGBD/kv2/kinect2data/003388_2014-05-20_15-22-22_094959634447_rgbf002280-resize/image/0002280.jpg,SUNRGBD/kv2/kinect2data/003388_2014-05-20_15-22-22_094959634447_rgbf002280-resize/depth_bfx/0002280.png,rule,"{""concept"": ""chair"", ""object_index"": 0, ""area_frac"": 0.5058507854697335}"
test_010615,kv2/kinect2data/002747_2014-06-22_19-07-02_094959634447_rgbf000083-resize,scene:kv2/kinect2data/002747_2014-06-22_19-07-02_094959634447_rgbf000083-resize,kv2,rest_space,test,existence,positive,4,Is a chair present in this scene?,,yes,yes_no,yes|no,SUNRGBD/kv2/kinect2data/002747_2014-06-22_19-07-02_094959634447_rgbf000083-resize/image/0000083.jpg,SUNRGBD/kv2/kinect2data/002747_2014-06-22_19-07-02_094959634447_rgbf000083-resize/depth_bfx/0000083.png,rule,"{""concept"": ""chair"", ""object_index"": 0, ""area_frac"": 0.06193460842594986}"
test_013491,kv2/kinect2data/001712_2014-06-26_19-24-37_260595134347_rgbf000028-resize,scene:kv2/kinect2data/001712_2014-06-26_19-24-37_260595134347_rgbf000028-resize,kv2,furniture_store,test,existence,negative,5,Is there any ottoman visible in the image?,,no,yes_no,yes|no,SUNRGBD/kv2/kinect2data/001712_2014-06-26_19-24-37_260595134347_rgbf000028-resize/image/0000028.jpg,SUNRGBD/kv2/kinect2data/001712_2014-06-26_19-24-37_260595134347_rgbf000028-resize/depth_bfx/0000028.png,rule,"{""concept"": ""ottoman"", ""reason"": ""category_or_scene_type_plausible""}"
test_009701,kv2/kinect2data/002967_2014-06-08_17-48-09_094959634447_rgbf000127-resize,scene:kv2/kinect2data/002967_2014-06-08_17-48-09_094959634447_rgbf000127-resize,kv2,furniture_store,test,existence,positive,2,Does this room contain a lamp?,,yes,yes_no,yes|no,SUNRGBD/kv2/kinect2data/002967_2014-06-08_17-48-09_094959634447_rgbf000127-resize/image/0000127.jpg,SUNRGBD/kv2/kinect2data/002967_2014-06-08_17-48-09_094959634447_rgbf000127-resize/depth_bfx/0000127.png,rule,"{""concept"": ""lamp"", ""object_index"": 2, ""area_frac"": 0.014701473248901526}"
test_004113,kv2/kinect2data/001148_2014-06-17_15-26-42_260595134347_rgbf000129-resize,scene:kv2/kinect2data/001148_2014-06-17_15-26-42_260595134347_rgbf000129-resize,kv2,library,test,existence,positive,0,Is there a chair in this room?,,yes,yes_no,yes|no,SUNRGBD/kv2/kinect2data/001148_2014-06-17_15-26-42_260595134347_rgbf000129-resize/image/0000129.jpg,SUNRGBD/kv2/kinect2data/001148_2014-06-17_15-26-42_260595134347_rgbf000129-resize/depth_bfx/0000129.png,rule,"{""concept"": ""chair"", ""object_index"": 18, ""area_frac"": 0.016032566554665287}"
test_001805,kv2/kinect2data/001184_2014-06-17_15-52-12_260595134347_rgbf000066-resize,scene:kv2/kinect2data/001184_2014-06-17_15-52-12_260595134347_rgbf000066-resize,kv2,computer_room,test,existence,positive,2,Does this room contain a monitor?,,yes,yes_no,yes|no,SUNRGBD/kv2/kinect2data/001184_2014-06-17_15-52-12_260595134347_rgbf000066-resize/image/0000066.jpg,SUNRGBD/kv2/kinect2data/001184_2014-06-17_15-52-12_260595134347_rgbf000066-resize/depth_bfx/0000066.png,rule,"{""concept"": ""monitor"", ""object_index"": 0, ""area_frac"": 0.01971698113207547}"
test_006739,kv2/kinect2data/003387_2014-05-20_15-13-15_094959634447_rgbf002106-resize,scene:kv2/kinect2data/003387_2014-05-20_15-13-15_094959634447_rgbf002106-resize,kv2,classroom,test,existence,negative,5,Is there any doorknob visible in the image?,,no,yes_no,yes|no,SUNRGBD/kv2/kinect2data/003387_2014-05-20_15-13-15_094959634447_rgbf002106-resize/image/0002106.jpg,SUNRGBD/kv2/kinect2data/003387_2014-05-20_15-13-15_094959634447_rgbf002106-resize/depth_bfx/0002106.png,rule,"{""concept"": ""doorknob"", ""reason"": ""category_or_scene_type_plausible""}"
test_007877,kv2/kinect2data/001825_2014-06-26_20-56-47_260595134347_rgbf000102-resize,scene:kv2/kinect2data/001825_2014-06-26_20-56-47_260595134347_rgbf000102-resize,kv2,furniture_store,test,existence,negative,1,Do you see a bookshelf here?,,no,yes_no,yes|no,SUNRGBD/kv2/kinect2data/001825_2014-06-26_20-56-47_260595134347_rgbf000102-resize/image/0000102.jpg,SUNRGBD/kv2/kinect2data/001825_2014-06-26_20-56-47_260595134347_rgbf000102-resize/depth_bfx/0000102.png,rule,"{""concept"": ""bookshelf"", ""reason"": ""category_or_scene_type_plausible""}"
test_000614,kv2/kinect2data/001898_2014-06-22_13-57-30_260595134347_rgbf000044-resize,scene:kv2/kinect2data/001898_2014-06-22_13-57-30_260595134347_rgbf000044-resize,kv2,furniture_store,test,existence,positive,5,Is there any frame visible in the image?,,yes,yes_no,yes|no,SUNRGBD/kv2/kinect2data/001898_2014-06-22_13-57-30_260595134347_rgbf000044-resize/image/0000044.jpg,SUNRGBD/kv2/kinect2data/001898_2014-06-22_13-57-30_260595134347_rgbf000044-resize/depth_bfx/0000044.png,rule,"{""concept"": ""frame"", ""object_index"": 2, ""area_frac"": 0.010692685448436288}"
test_000089,kv2/kinect2data/001823_2014-06-26_20-55-50_260595134347_rgbf000022-resize,scene:kv2/kinect2data/001823_2014-06-26_20-55-50_260595134347_rgbf000022-resize,kv2,furniture_store,test,existence,negative,5,Is there any sign visible in the image?,,no,yes_no,yes|no,SUNRGBD/kv2/kinect2data/001823_2014-06-26_20-55-50_260595134347_rgbf000022-resize/image/0000022.jpg,SUNRGBD/kv2/kinect2data/001823_2014-06-26_20-55-50_260595134347_rgbf000022-resize/depth_bfx/0000022.png,rule,"{""concept"": ""sign"", ""reason"": ""category_or_scene_type_plausible""}"
test_009839,kv2/kinect2data/003112_2014-06-24_21-14-03_094959634447_rgbf000056-resize,scene:kv2/kinect2data/003112_2014-06-24_21-14-03_094959634447_rgbf000056-resize,kv2,living_room,test,existence,positive,2,Does this room contain a pillow?,,yes,yes_no,yes|no,SUNRGBD/kv2/kinect2data/003112_2014-06-24_21-14-03_094959634447_rgbf000056-resize/image/0000056.jpg,SUNRGBD/kv2/kinect2data/003112_2014-06-24_21-14-03_094959634447_rgbf000056-resize/depth_bfx/0000056.png,rule,"{""concept"": ""pillow"", ""object_index"": 3, ""area_frac"": 0.045922290043051844}"
test_011547,kv2/kinect2data/000748_2014-06-08_21-54-27_260595134347_rgbf000052-resize,scene:kv2/kinect2data/000748_2014-06-08_21-54-27_260595134347_rgbf000052-resize,kv2,office,test,existence,negative,0,Is there a drain in this room?,,no,yes_no,yes|no,SUNRGBD/kv2/kinect2data/000748_2014-06-08_21-54-27_260595134347_rgbf000052-resize/image/0000052.jpg,SUNRGBD/kv2/kinect2data/000748_2014-06-08_21-54-27_260595134347_rgbf000052-resize/depth_bfx/0000052.png,rule,"{""concept"": ""drain"", ""reason"": ""category_or_scene_type_plausible""}"
test_002328,kv2/kinect2data/000471_2014-06-09_19-43-57_260595134347_rgbf000121-resize,scene:kv2/kinect2data/000471_2014-06-09_19-43-57_260595134347_rgbf000121-resize,kv2,dining_area,test,existence,positive,5,Is there any bench visible in the image?,,yes,yes_no,yes|no,SUNRGBD/kv2/kinect2data/000471_2014-06-09_19-43-57_260595134347_rgbf000121-resize/image/0000121.jpg,SUNRGBD/kv2/kinect2data/000471_2014-06-09_19-43-57_260595134347_rgbf000121-resize/depth_bfx/0000121.png,rule,"{""concept"": ""bench"", ""object_index"": 14, ""area_frac"": 0.01571207030240372}"
test_005768,kv2/align_kv2/2014-12-18_12-22-15_260595134347,scene:kv2/align_kv2/2014-12-18_12-22-15_260595134347,kv2,computer_room,test,existence,negative,2,Does this room contain a stand?,,no,yes_no,yes|no,SUNRGBD/kv2/align_kv2/2014-12-18_12-22-15_260595134347/image/0000164.jpg,SUNRGBD/kv2/align_kv2/2014-12-18_12-22-15_260595134347/depth_bfx/0000164.png,rule,"{""concept"": ""stand"", ""reason"": ""category_or_scene_type_plausible""}"
test_007969,kv2/kinect2data/001159_2014-06-17_15-33-08_260595134347_rgbf000098-resize,scene:kv2/kinect2data/001159_2014-06-17_15-33-08_260595134347_rgbf000098-resize,kv2,study_space,test,existence,positive,3,Can you spot a file cabinet in the picture?,,yes,yes_no,yes|no,SUNRGBD/kv2/kinect2data/001159_2014-06-17_15-33-08_260595134347_rgbf000098-resize/image/0000098.jpg,SUNRGBD/kv2/kinect2data/001159_2014-06-17_15-33-08_260595134347_rgbf000098-resize/depth_bfx/0000098.png,rule,"{""concept"": ""filecabinet"", ""object_index"": 0, ""area_frac"": 0.1506978547428276}"
test_013435,kv2/kinect2data/001041_2014-06-08_13-57-09_260595134347_rgbf000121-resize,scene:kv2/kinect2data/001041_2014-06-08_13-57-09_260595134347_rgbf000121-resize,kv2,corridor,test,existence,negative,5,Is there any curtain visible in the image?,,no,yes_no,yes|no,SUNRGBD/kv2/kinect2data/001041_2014-06-08_13-57-09_260595134347_rgbf000121-resize/image/0000121.jpg,SUNRGBD/kv2/kinect2data/001041_2014-06-08_13-57-09_260595134347_rgbf000121-resize/depth_bfx/0000121.png,rule,"{""concept"": ""curtain"", ""reason"": ""category_or_scene_type_plausible""}"
test_011058,kv2/kinect2data/003145_2014-05-12_11-15-35_094959634447_rgbf000101-resize,scene:kv2/kinect2data/003145_2014-05-12_11-15-35_094959634447_rgbf000101-resize,kv2,classroom,test,existence,positive,3,Can you spot a chair in the picture?,,yes,yes_no,yes|no,SUNRGBD/kv2/kinect2data/003145_2014-05-12_11-15-35_094959634447_rgbf000101-resize/image/0000101.jpg,SUNRGBD/kv2/kinect2data/003145_2014-05-12_11-15-35_094959634447_rgbf000101-resize/depth_bfx/0000101.png,rule,"{""concept"": ""chair"", ""object_index"": 4, ""area_frac"": 0.08525565674295615}"
test_012040,kv2/kinect2data/000164_2014-05-16_20-33-52_260595134347_rgbf000021-resize,scene:kv2/kinect2data/000164_2014-05-16_20-33-52_260595134347_rgbf000021-resize,kv2,bathroom,test,existence,positive,1,Do you see a mirror here?,,yes,yes_no,yes|no,SUNRGBD/kv2/kinect2data/000164_2014-05-16_20-33-52_260595134347_rgbf000021-resize/image/0000021.jpg,SUNRGBD/kv2/kinect2data/000164_2014-05-16_20-33-52_260595134347_rgbf000021-resize/depth_bfx/0000021.png,rule,"{""concept"": ""mirror"", ""object_index"": 1, ""area_frac"": 0.12327235561171773}"
test_010053,kv2/kinect2data/002958_2014-06-08_17-38-13_094959634447_rgbf000151-resize,scene:kv2/kinect2data/002958_2014-06-08_17-38-13_094959634447_rgbf000151-resize,kv2,furniture_store,test,existence,positive,5,Is there any sofa visible in the image?,,yes,yes_no,yes|no,SUNRGBD/kv2/kinect2data/002958_2014-06-08_17-38-13_094959634447_rgbf000151-resize/image/0000151.jpg,SUNRGBD/kv2/kinect2data/002958_2014-06-08_17-38-13_094959634447_rgbf000151-resize/depth_bfx/0000151.png,rule,"{""concept"": ""sofa"", ""object_index"": 3, ""area_frac"": 0.2633208408675368}"
test_013615,kv2/kinect2data/001916_2014-06-22_14-08-49_260595134347_rgbf000033-resize,scene:kv2/kinect2data/001916_2014-06-22_14-08-49_260595134347_rgbf000033-resize,kv2,furniture_store,test,existence,negative,5,Is there any bed frame visible in the image?,,no,yes_no,yes|no,SUNRGBD/kv2/kinect2data/001916_2014-06-22_14-08-49_260595134347_rgbf000033-resize/image/0000033.jpg,SUNRGBD/kv2/kinect2data/001916_2014-06-22_14-08-49_260595134347_rgbf000033-resize/depth_bfx/0000033.png,rule,"{""concept"": ""bedframe"", ""reason"": ""category_or_scene_type_plausible""}"
test_001968,kv2/kinect2data/000506_2014-06-08_23-21-00_260595134347_rgbf000070-resize,scene:kv2/kinect2data/000506_2014-06-08_23-21-00_260595134347_rgbf000070-resize,kv2,discussion_area,test,existence,positive,4,Is a chair present in this scene?,,yes,yes_no,yes|no,SUNRGBD/kv2/kinect2data/000506_2014-06-08_23-21-00_260595134347_rgbf000070-resize/image/0000070.jpg,SUNRGBD/kv2/kinect2data/000506_2014-06-08_23-21-00_260595134347_rgbf000070-resize/depth_bfx/0000070.png,rule,"{""concept"": ""chair"", ""object_index"": 6, ""area_frac"": 0.034692426983716725}"
test_006169,kv2/kinect2data/001904_2014-06-22_14-00-19_260595134347_rgbf000061-resize,scene:kv2/kinect2data/001904_2014-06-22_14-00-19_260595134347_rgbf000061-resize,kv2,furniture_store,test,existence,positive,5,Is there any tag visible in the image?,,yes,yes_no,yes|no,SUNRGBD/kv2/kinect2data/001904_2014-06-22_14-00-19_260595134347_rgbf000061-resize/image/0000061.jpg,SUNRGBD/kv2/kinect2data/001904_2014-06-22_14-00-19_260595134347_rgbf000061-resize/depth_bfx/0000061.png,rule,"{""concept"": ""tag"", ""object_index"": 6, ""area_frac"": 0.012547169811320754}"
test_009157,kv2/kinect2data/003263_2014-05-14_15-50-17_094959634447_rgbf000101-resize,scene:kv2/kinect2data/003263_2014-05-14_15-50-17_094959634447_rgbf000101-resize,kv2,classroom,test,existence,negative,2,Does this room contain a blackboard?,,no,yes_no,yes|no,SUNRGBD/kv2/kinect2data/003263_2014-05-14_15-50-17_094959634447_rgbf000101-resize/image/0000101.jpg,SUNRGBD/kv2/kinect2data/003263_2014-05-14_15-50-17_094959634447_rgbf000101-resize/depth_bfx/0000101.png,rule,"{""concept"": ""blackboard"", ""reason"": ""category_or_scene_type_plausible""}"
test_008815,kv2/kinect2data/002863_2014-06-03_19-05-04_094959634447_rgbf000033-resize,scene:kv2/kinect2data/002863_2014-06-03_19-05-04_094959634447_rgbf000033-resize,kv2,office,test,existence,positive,3,Can you spot a box in the picture?,,yes,yes_no,yes|no,SUNRGBD/kv2/kinect2data/002863_2014-06-03_19-05-04_094959634447_rgbf000033-resize/image/0000033.jpg,SUNRGBD/kv2/kinect2data/002863_2014-06-03_19-05-04_094959634447_rgbf000033-resize/depth_bfx/0000033.png,rule,"{""concept"": ""box"", ""object_index"": 9, ""area_frac"": 0.008124838459550272}"
test_007338,kv2/kinect2data/003532_2014-05-22_15-05-18_094959634447_rgbf000101-resize,scene:kv2/kinect2data/003532_2014-05-22_15-05-18_094959634447_rgbf000101-resize,kv2,classroom,test,existence,positive,3,Can you spot a telephone in the picture?,,yes,yes_no,yes|no,SUNRGBD/kv2/kinect2data/003532_2014-05-22_15-05-18_094959634447_rgbf000101-resize/image/0000101.jpg,SUNRGBD/kv2/kinect2data/003532_2014-05-22_15-05-18_094959634447_rgbf000101-resize/depth_bfx/0000101.png,rule,"{""concept"": ""telephone"", ""object_index"": 0, ""area_frac"": 0.014903075730162833}"
test_001053,kv2/kinect2data/003512_2014-05-21_17-32-42_094959634447_rgbf000100-resize,scene:kv2/kinect2data/003512_2014-05-21_17-32-42_094959634447_rgbf000100-resize,kv2,rest_space,test,existence,positive,3,Can you spot a window in the picture?,,yes,yes_no,yes|no,SUNRGBD/kv2/kinect2data/003512_2014-05-21_17-32-42_094959634447_rgbf000100-resize/image/0000100.jpg,SUNRGBD/kv2/kinect2data/003512_2014-05-21_17-32-42_094959634447_rgbf000100-resize/depth_bfx/0000100.png,rule,"{""concept"": ""window"", ""object_index"": 1, ""area_frac"": 0.032163349702765576}"
test_004381,kv2/align_kv2/2014-12-18_11-52-47_260595134347,scene:kv2/align_kv2/2014-12-18_11-52-47_260595134347,kv2,mail_room,test,existence,positive,4,Is a curtain present in this scene?,,yes,yes_no,yes|no,SUNRGBD/kv2/align_kv2/2014-12-18_11-52-47_260595134347/image/0000095.jpg,SUNRGBD/kv2/align_kv2/2014-12-18_11-52-47_260595134347/depth_bfx/0000095.png,rule,"{""concept"": ""curtain"", ""object_index"": 3, ""area_frac"": 0.049716738917276466}"
test_003946,kv2/kinect2data/002782_2014-06-22_19-26-04_094959634447_rgbf000075-resize,scene:kv2/kinect2data/002782_2014-06-22_19-26-04_094959634447_rgbf000075-resize,kv2,bathroom,test,existence,negative,2,Does this room contain a painting?,,no,yes_no,yes|no,SUNRGBD/kv2/kinect2data/002782_2014-06-22_19-26-04_094959634447_rgbf000075-resize/image/0000075.jpg,SUNRGBD/kv2/kinect2data/002782_2014-06-22_19-26-04_094959634447_rgbf000075-resize/depth_bfx/0000075.png,rule,"{""concept"": ""painting"", ""reason"": ""category_or_scene_type_plausible""}"
test_013582,kv2/kinect2data/001045_2014-06-08_17-29-48_260595134347_rgbf000081-resize,scene:kv2/kinect2data/001045_2014-06-08_17-29-48_260595134347_rgbf000081-resize,kv2,corridor,test,existence,positive,3,Can you spot a window in the picture?,,yes,yes_no,yes|no,SUNRGBD/kv2/kinect2data/001045_2014-06-08_17-29-48_260595134347_rgbf000081-resize/image/0000081.jpg,SUNRGBD/kv2/kinect2data/001045_2014-06-08_17-29-48_260595134347_rgbf000081-resize/depth_bfx/0000081.png,rule,"{""concept"": ""window"", ""object_index"": 16, ""area_frac"": 0.02380330834841044}"
test_010204,kv2/kinect2data/001757_2014-06-26_19-53-32_260595134347_rgbf000053-resize,scene:kv2/kinect2data/001757_2014-06-26_19-53-32_260595134347_rgbf000053-resize,kv2,furniture_store,test,existence,negative,5,Is there any plant visible in the image?,,no,yes_no,yes|no,SUNRGBD/kv2/kinect2data/001757_2014-06-26_19-53-32_260595134347_rgbf000053-resize/image/0000053.jpg,SUNRGBD/kv2/kinect2data/001757_2014-06-26_19-53-32_260595134347_rgbf000053-resize/depth_bfx/0000053.png,rule,"{""concept"": ""plant"", ""reason"": ""category_or_scene_type_plausible""}"
test_007244,kv2/kinect2data/003611_2014-05-23_17-41-20_094959634447_rgbf000100-resize,scene:kv2/kinect2data/003611_2014-05-23_17-41-20_094959634447_rgbf000100-resize,kv2,classroom,test,existence,positive,3,Can you spot a table in the picture?,,yes,yes_no,yes|no,SUNRGBD/kv2/kinect2data/003611_2014-05-23_17-41-20_094959634447_rgbf000100-resize/image/0000100.jpg,SUNRGBD/kv2/kinect2data/003611_2014-05-23_17-41-20_094959634447_rgbf000100-resize/depth_bfx/0000100.png,rule,"{""concept"": ""table"", ""object_index"": 3, ""area_frac"": 0.023845955027138797}"
test_009590,kv2/kinect2data/001688_2014-06-26_19-16-36_260595134347_rgbf000042-resize,scene:kv2/kinect2data/001688_2014-06-26_19-16-36_260595134347_rgbf000042-resize,kv2,furniture_store,test,existence,positive,5,Is there any sign visible in the image?,,yes,yes_no,yes|no,SUNRGBD/kv2/kinect2data/001688_2014-06-26_19-16-36_260595134347_rgbf000042-resize/image/0000042.jpg,SUNRGBD/kv2/kinect2data/001688_2014-06-26_19-16-36_260595134347_rgbf000042-resize/depth_bfx/0000042.png,rule,"{""concept"": ""sign"", ""object_index"": 5, ""area_frac"": 0.005934349961230292}"
test_012038,kv2/kinect2data/000946_2014-06-08_11-08-33_260595134347_rgbf000140-resize,scene:kv2/kinect2data/000946_2014-06-08_11-08-33_260595134347_rgbf000140-resize,kv2,office,test,existence,positive,0,Is there a picture in this room?,,yes,yes_no,yes|no,SUNRGBD/kv2/kinect2data/000946_2014-06-08_11-08-33_260595134347_rgbf000140-resize/image/0000140.jpg,SUNRGBD/kv2/kinect2data/000946_2014-06-08_11-08-33_260595134347_rgbf000140-resize/depth_bfx/0000140.png,rule,"{""concept"": ""picture"", ""object_index"": 14, ""area_frac"": 1.2679594210390281}"
test_009081,kv2/kinect2data/001157_2014-06-17_15-31-06_260595134347_rgbf000081-resize,scene:kv2/kinect2data/001157_2014-06-17_15-31-06_260595134347_rgbf000081-resize,kv2,study_space,test,existence,positive,5,Is there any chair visible in the image?,,yes,yes_no,yes|no,SUNRGBD/kv2/kinect2data/001157_2014-06-17_15-31-06_260595134347_rgbf000081-resize/image/0000081.jpg,SUNRGBD/kv2/kinect2data/001157_2014-06-17_15-31-06_260595134347_rgbf000081-resize/depth_bfx/0000081.png,rule,"{""concept"": ""chair"", ""object_index"": 2, ""area_frac"": 0.052323597828896354}"
test_012488,kv2/kinect2data/000630_2014-06-08_16-30-15_260595134347_rgbf000126-resize,scene:kv2/kinect2data/000630_2014-06-08_16-30-15_260595134347_rgbf000126-resize,kv2,office,test,existence,negative,5,Is there any sink visible in the image?,,no,yes_no,yes|no,SUNRGBD/kv2/kinect2data/000630_2014-06-08_16-30-15_260595134347_rgbf000126-resize/image/0000126.jpg,SUNRGBD/kv2/kinect2data/000630_2014-06-08_16-30-15_260595134347_rgbf000126-resize/depth_bfx/0000126.png,rule,"{""concept"": ""sink"", ""reason"": ""category_or_scene_type_plausible""}"
test_002541,kv2/kinect2data/001919_2014-06-22_14-10-24_260595134347_rgbf000037-resize,scene:kv2/kinect2data/001919_2014-06-22_14-10-24_260595134347_rgbf000037-resize,kv2,furniture_store,test,existence,negative,5,Is there any clock visible in the image?,,no,yes_no,yes|no,SUNRGBD/kv2/kinect2data/001919_2014-06-22_14-10-24_260595134347_rgbf000037-resize/image/0000037.jpg,SUNRGBD/kv2/kinect2data/001919_2014-06-22_14-10-24_260595134347_rgbf000037-resize/depth_bfx/0000037.png,rule,"{""concept"": ""clock"", ""reason"": ""category_or_scene_type_plausible""}"
test_013768,kv2/align_kv2/2014-12-18_12-08-50_260595134347,scene:kv2/align_kv2/2014-12-18_12-08-50_260595134347,kv2,rest_space,test,existence,positive,5,Is there any sofa visible in the image?,,yes,yes_no,yes|no,SUNRGBD/kv2/align_kv2/2014-12-18_12-08-50_260595134347/image/0000121.jpg,SUNRGBD/kv2/align_kv2/2014-12-18_12-08-50_260595134347/depth_bfx/0000121.png,rule,"{""concept"": ""sofa"", ""object_index"": 0, ""area_frac"": 0.1653153274488807}"
test_010926,kv2/kinect2data/000562_2014-06-09_22-46-47_260595134347_rgbf000233-resize,scene:kv2/kinect2data/000562_2014-06-09_22-46-47_260595134347_rgbf000233-resize,kv2,kitchen,test,existence,positive,4,Is a counter present in this scene?,,yes,yes_no,yes|no,SUNRGBD/kv2/kinect2data/000562_2014-06-09_22-46-47_260595134347_rgbf000233-resize/image/0000233.jpg,SUNRGBD/kv2/kinect2data/000562_2014-06-09_22-46-47_260595134347_rgbf000233-resize/depth_bfx/0000233.png,rule,"{""concept"": ""counter"", ""object_index"": 19, ""area_frac"": 0.18558154561902301}"
test_011291,kv2/align_kv2/2014-12-18_11-40-14_260595134347,scene:kv2/align_kv2/2014-12-18_11-40-14_260595134347,kv2,kitchen,test,existence,positive,4,Is a refrigerator present in this scene?,,yes,yes_no,yes|no,SUNRGBD/kv2/align_kv2/2014-12-18_11-40-14_260595134347/image/0000109.jpg,SUNRGBD/kv2/align_kv2/2014-12-18_11-40-14_260595134347/depth_bfx/0000109.png,rule,"{""concept"": ""refrigerator"", ""object_index"": 1, ""area_frac"": 0.1645134401654174}"
test_008380,kv2/kinect2data/003377_2014-05-20_14-29-32_094959634447_rgbf000101-resize,scene:kv2/kinect2data/003377_2014-05-20_14-29-32_094959634447_rgbf000101-resize,kv2,dining_area,test,existence,positive,0,Is there a sign in this room?,,yes,yes_no,yes|no,SUNRGBD/kv2/kinect2data/003377_2014-05-20_14-29-32_094959634447_rgbf000101-resize/image/0000101.jpg,SUNRGBD/kv2/kinect2data/003377_2014-05-20_14-29-32_094959634447_rgbf000101-resize/depth_bfx/0000101.png,rule,"{""concept"": ""sign"", ""object_index"": 8, ""area_frac"": 0.007850865856810545}"
test_013504,kv2/kinect2data/003322_2014-05-15_12-10-18_094959634447_rgbf003423-resize,scene:kv2/kinect2data/003322_2014-05-15_12-10-18_094959634447_rgbf003423-resize,kv2,study_space,test,existence,negative,3,Can you spot a switch board in the picture?,,no,yes_no,yes|no,SUNRGBD/kv2/kinect2data/003322_2014-05-15_12-10-18_094959634447_rgbf003423-resize/image/0003423.jpg,SUNRGBD/kv2/kinect2data/003322_2014-05-15_12-10-18_094959634447_rgbf003423-resize/depth_bfx/0003423.png,rule,"{""concept"": ""switchboard"", ""reason"": ""category_or_scene_type_plausible""}"
test_008817,kv2/align_kv2/2014-12-18_12-06-04_260595134347,scene:kv2/align_kv2/2014-12-18_12-06-04_260595134347,kv2,idk,test,existence,positive,5,Is there any door visible in the image?,,yes,yes_no,yes|no,SUNRGBD/kv2/align_kv2/2014-12-18_12-06-04_260595134347/image/0000030.jpg,SUNRGBD/kv2/align_kv2/2014-12-18_12-06-04_260595134347/depth_bfx/0000030.png,rule,"{""concept"": ""door"", ""object_index"": 2, ""area_frac"": 0.0984169035926596}"
test_005023,kv2/kinect2data/003315_2014-05-15_11-47-52_094959634447_rgbf000271-resize,scene:kv2/kinect2data/003315_2014-05-15_11-47-52_094959634447_rgbf000271-resize,kv2,idk,test,existence,negative,5,Is there any blind visible in the image?,,no,yes_no,yes|no,SUNRGBD/kv2/kinect2data/003315_2014-05-15_11-47-52_094959634447_rgbf000271-resize/image/0000271.jpg,SUNRGBD/kv2/kinect2data/003315_2014-05-15_11-47-52_094959634447_rgbf000271-resize/depth_bfx/0000271.png,rule,"{""concept"": ""blind"", ""reason"": ""category_or_scene_type_plausible""}"
test_008721,kv2/kinect2data/003121_2014-05-12_10-28-58_094959634447_rgbf000100-resize,scene:kv2/kinect2data/003121_2014-05-12_10-28-58_094959634447_rgbf000100-resize,kv2,classroom,test,existence,negative,5,Is there any doll visible in the image?,,no,yes_no,yes|no,SUNRGBD/kv2/kinect2data/003121_2014-05-12_10-28-58_094959634447_rgbf000100-resize/image/0000100.jpg,SUNRGBD/kv2/kinect2data/003121_2014-05-12_10-28-58_094959634447_rgbf000100-resize/depth_bfx/0000100.png,rule,"{""concept"": ""doll"", ""reason"": ""category_or_scene_type_plausible""}"
test_007295,kv2/kinect2data/003268_2014-05-14_15-52-26_094959634447_rgbf000100-resize,scene:kv2/kinect2data/003268_2014-05-14_15-52-26_094959634447_rgbf000100-resize,kv2,classroom,test,existence,negative,0,Is there a bench in this room?,,no,yes_no,yes|no,SUNRGBD/kv2/kinect2data/003268_2014-05-14_15-52-26_094959634447_rgbf000100-resize/image/0000100.jpg,SUNRGBD/kv2/kinect2data/003268_2014-05-14_15-52-26_094959634447_rgbf000100-resize/depth_bfx/0000100.png,rule,"{""concept"": ""bench"", ""reason"": ""category_or_scene_type_plausible""}"
test_004429,kv2/kinect2data/000114_2014-05-16_20-11-45_260595134347_rgbf000150-resize,scene:kv2/kinect2data/000114_2014-05-16_20-11-45_260595134347_rgbf000150-resize,kv2,living_room,test,existence,negative,0,Is there a heater in this room?,,no,yes_no,yes|no,SUNRGBD/kv2/kinect2data/000114_2014-05-16_20-11-45_260595134347_rgbf000150-resize/image/0000150.jpg,SUNRGBD/kv2/kinect2data/000114_2014-05-16_20-11-45_260595134347_rgbf000150-resize/depth_bfx/0000150.png,rule,"{""concept"": ""heater"", ""reason"": ""category_or_scene_type_plausible""}"
test_009128,kv2/kinect2data/001719_2014-06-26_19-26-32_260595134347_rgbf000063-resize,scene:kv2/kinect2data/001719_2014-06-26_19-26-32_260595134347_rgbf000063-resize,kv2,furniture_store,test,existence,negative,3,Can you spot a cabinet in the picture?,,no,yes_no,yes|no,SUNRGBD/kv2/kinect2data/001719_2014-06-26_19-26-32_260595134347_rgbf000063-resize/image/0000063.jpg,SUNRGBD/kv2/kinect2data/001719_2014-06-26_19-26-32_260595134347_rgbf000063-resize/depth_bfx/0000063.png,rule,"{""concept"": ""cabinet"", ""reason"": ""category_or_scene_type_plausible""}"
test_004289,kv2/kinect2data/000268_2014-06-02_14-57-50_260595134347_rgbf000050-resize,scene:kv2/kinect2data/000268_2014-06-02_14-57-50_260595134347_rgbf000050-resize,kv2,furniture_store,test,existence,negative,1,Do you see a tree here?,,no,yes_no,yes|no,SUNRGBD/kv2/kinect2data/000268_2014-06-02_14-57-50_260595134347_rgbf000050-resize/image/0000050.jpg,SUNRGBD/kv2/kinect2data/000268_2014-06-02_14-57-50_260595134347_rgbf000050-resize/depth_bfx/0000050.png,rule,"{""concept"": ""tree"", ""reason"": ""category_or_scene_type_plausible""}"
test_013402,kv2/kinect2data/001181_2014-06-17_15-50-57_260595134347_rgbf000106-resize,scene:kv2/kinect2data/001181_2014-06-17_15-50-57_260595134347_rgbf000106-resize,kv2,library,test,existence,positive,5,Is there any computer visible in the image?,,yes,yes_no,yes|no,SUNRGBD/kv2/kinect2data/001181_2014-06-17_15-50-57_260595134347_rgbf000106-resize/image/0000106.jpg,SUNRGBD/kv2/kinect2data/001181_2014-06-17_15-50-57_260595134347_rgbf000106-resize/depth_bfx/0000106.png,rule,"{""concept"": ""computer"", ""object_index"": 2, ""area_frac"": 0.043321271646420266}"
test_000019,kv2/kinect2data/000875_2014-06-09_20-52-41_260595134347_rgbf000100-resize,scene:kv2/kinect2data/000875_2014-06-09_20-52-41_260595134347_rgbf000100-resize,kv2,dining_area,test,existence,positive,1,Do you see a chair here?,,yes,yes_no,yes|no,SUNRGBD/kv2/kinect2data/000875_2014-06-09_20-52-41_260595134347_rgbf000100-resize/image/0000100.jpg,SUNRGBD/kv2/kinect2data/000875_2014-06-09_20-52-41_260595134347_rgbf000100-resize/depth_bfx/0000100.png,rule,"{""concept"": ""chair"", ""object_index"": 10, ""area_frac"": 0.033276040320496254}"
test_001477,kv2/kinect2data/000972_2014-06-08_16-40-13_260595134347_rgbf000101-resize,scene:kv2/kinect2data/000972_2014-06-08_16-40-13_260595134347_rgbf000101-resize,kv2,office,test,existence,negative,1,Do you see a faucet here?,,no,yes_no,yes|no,SUNRGBD/kv2/kinect2data/000972_2014-06-08_16-40-13_260595134347_rgbf000101-resize/image/0000101.jpg,SUNRGBD/kv2/kinect2data/000972_2014-06-08_16-40-13_260595134347_rgbf000101-resize/depth_bfx/0000101.png,rule,"{""concept"": ""faucet"", ""reason"": ""category_or_scene_type_plausible""}"
test_006525,kv2/kinect2data/000958_2014-06-08_16-23-21_260595134347_rgbf000247-resize,scene:kv2/kinect2data/000958_2014-06-08_16-23-21_260595134347_rgbf000247-resize,kv2,office,test,existence,negative,4,Is a mirror present in this scene?,,no,yes_no,yes|no,SUNRGBD/kv2/kinect2data/000958_2014-06-08_16-23-21_260595134347_rgbf000247-resize/image/0000247.jpg,SUNRGBD/kv2/kinect2data/000958_2014-06-08_16-23-21_260595134347_rgbf000247-resize/depth_bfx/0000247.png,rule,"{""concept"": ""mirror"", ""reason"": ""category_or_scene_type_plausible""}"
test_009216,xtion/sun3ddata/mit_w85g/g_0/0001758-000058887612,sun3d:mit_w85g/g_0,xtion,kitchen,test,existence,negative,3,Can you spot a poster in the picture?,,no,yes_no,yes|no,SUNRGBD/xtion/sun3ddata/mit_w85g/g_0/0001758-000058887612/image/0001758-000058887612.jpg,SUNRGBD/xtion/sun3ddata/mit_w85g/g_0/0001758-000058887612/depth_bfx/0001766-000058899098.png,rule,"{""concept"": ""poster"", ""reason"": ""category_or_scene_type_plausible""}"
test_010352,xtion/sun3ddata/mit_w85_basement/wg_small_lounge_1/0000350-000011752064,sun3d:mit_w85_basement/wg_small_lounge_1,xtion,study_space,test,existence,negative,0,Is there a microwave in this room?,,no,yes_no,yes|no,SUNRGBD/xtion/sun3ddata/mit_w85_basement/wg_small_lounge_1/0000350-000011752064/image/0000350-000011752064.jpg,SUNRGBD/xtion/sun3ddata/mit_w85_basement/wg_small_lounge_1/0000350-000011752064/depth_bfx/0000353-000011745976.png,rule,"{""concept"": ""microwave"", ""reason"": ""category_or_scene_type_plausible""}"
test_007366,xtion/sun3ddata/mit_w85h/h4_1/0000004-000000117531,sun3d:mit_w85h/h4_1,xtion,kitchen,test,existence,positive,5,Is there any cupboard visible in the image?,,yes,yes_no,yes|no,SUNRGBD/xtion/sun3ddata/mit_w85h/h4_1/0000004-000000117531/image/0000004-000000117531.jpg,SUNRGBD/xtion/sun3ddata/mit_w85h/h4_1/0000004-000000117531/depth_bfx/0000005-000000133477.png,rule,"{""concept"": ""cupboard"", ""object_index"": 3, ""area_frac"": 0.2190699216036773}"
test_012246,xtion/sun3ddata/mit_46_5bathroom/bcs_floor5_bathroom/0000359-000012233340,sun3d:mit_46_5bathroom/bcs_floor5_bathroom,xtion,bathroom,test,existence,positive,0,Is there a mirror in this room?,,yes,yes_no,yes|no,SUNRGBD/xtion/sun3ddata/mit_46_5bathroom/bcs_floor5_bathroom/0000359-000012233340/image/0000359-000012233340.jpg,SUNRGBD/xtion/sun3ddata/mit_46_5bathroom/bcs_floor5_bathroom/0000359-000012233340/depth_bfx/0000359-000012230749.png,rule,"{""concept"": ""mirror"", ""object_index"": 3, ""area_frac"": 0.19239269311785628}"
test_006047,xtion/sun3ddata/mit_w85h/h4_1/0004962-000166323375,sun3d:mit_w85h/h4_1,xtion,bedroom,test,existence,negative,5,Is there any bed visible in the image?,,no,yes_no,yes|no,SUNRGBD/xtion/sun3ddata/mit_w85h/h4_1/0004962-000166323375/image/0004962-000166323375.jpg,SUNRGBD/xtion/sun3ddata/mit_w85h/h4_1/0004962-000166323375/depth_bfx/0004985-000166312342.png,rule,"{""concept"": ""bed"", ""reason"": ""category_or_scene_type_plausible""}"
test_005435,xtion/sun3ddata/mit_dorm_mcc_eflr6/dorm_mcc_eflr6_oct_31_2012_scan1_erika/0009155-000403275747,sun3d:mit_dorm_mcc_eflr6/dorm_mcc_eflr6_oct_31_2012_scan1_erika,xtion,rest_space,test,existence,positive,4,Is a chair present in this scene?,,yes,yes_no,yes|no,SUNRGBD/xtion/sun3ddata/mit_dorm_mcc_eflr6/dorm_mcc_eflr6_oct_31_2012_scan1_erika/0009155-000403275747/image/0009155-000403275747.jpg,SUNRGBD/xtion/sun3ddata/mit_dorm_mcc_eflr6/dorm_mcc_eflr6_oct_31_2012_scan1_erika/0009155-000403275747/depth_bfx/0009124-000403267387.png,rule,"{""concept"": ""chair"", ""object_index"": 1, ""area_frac"": 0.02766363172454543}"
test_007886,xtion/xtion_align_data/2014_12_18_12_12_17,scene:xtion/xtion_align_data/2014_12_18_12_12_17,xtion,rest_space,test,existence,positive,3,Can you spot a table in the picture?,,yes,yes_no,yes|no,SUNRGBD/xtion/xtion_align_data/2014_12_18_12_12_17/image/0000031.jpg,SUNRGBD/xtion/xtion_align_data/2014_12_18_12_12_17/depth_bfx/0000031.png,rule,"{""concept"": ""table"", ""object_index"": 1, ""area_frac"": 0.07737951356515534}"
test_003339,xtion/sun3ddata/mit_dorm_masseeh_wm/dorm_masseeh_wm_oct_29_2012_scan1_erika/0002369-000110343053,sun3d:mit_dorm_masseeh_wm/dorm_masseeh_wm_oct_29_2012_scan1_erika,xtion,study_space,test,existence,negative,2,Does this room contain a bench?,,no,yes_no,yes|no,SUNRGBD/xtion/sun3ddata/mit_dorm_masseeh_wm/dorm_masseeh_wm_oct_29_2012_scan1_erika/0002369-000110343053/image/0002369-000110343053.jpg,SUNRGBD/xtion/sun3ddata/mit_dorm_masseeh_wm/dorm_masseeh_wm_oct_29_2012_scan1_erika/0002369-000110343053/depth_bfx/0002363-000110352109.png,rule,"{""concept"": ""bench"", ""reason"": ""category_or_scene_type_plausible""}"
test_002530,xtion/sun3ddata/mit_46_4conf_1/bcs_floor4_conf_1/0002608-000087711372,sun3d:mit_46_4conf_1/bcs_floor4_conf_1,xtion,rest_space,test,existence,positive,3,Can you spot a window in the picture?,,yes,yes_no,yes|no,SUNRGBD/xtion/sun3ddata/mit_46_4conf_1/bcs_floor4_conf_1/0002608-000087711372/image/0002608-000087711372.jpg,SUNRGBD/xtion/sun3ddata/mit_46_4conf_1/bcs_floor4_conf_1/0002608-000087711372/depth_bfx/0002619-000087721378.png,rule,"{""concept"": ""window"", ""object_index"": 5, ""area_frac"": 0.1967494273513128}"
test_012597,xtion/sun3ddata/mit_w85_16/16_1/0002119-000070986888,sun3d:mit_w85_16/16_1,xtion,bedroom,test,existence,negative,2,Does this room contain a cupboard?,,no,yes_no,yes|no,SUNRGBD/xtion/sun3ddata/mit_w85_16/16_1/0002119-000070986888/image/0002119-000070986888.jpg,SUNRGBD/xtion/sun3ddata/mit_w85_16/16_1/0002119-000070986888/depth_bfx/0002128-000071001331.png,rule,"{""concept"": ""cupboard"", ""reason"": ""category_or_scene_type_plausible""}"
test_001476,xtion/xtion_align_data/2014_12_18_12_0_43,scene:xtion/xtion_align_data/2014_12_18_12_0_43,xtion,office_dining,test,existence,negative,0,Is there a file cabinet in this room?,,no,yes_no,yes|no,SUNRGBD/xtion/xtion_align_data/2014_12_18_12_0_43/image/0000213.jpg,SUNRGBD/xtion/xtion_align_data/2014_12_18_12_0_43/depth_bfx/0000213.png,rule,"{""concept"": ""filecabinet"", ""reason"": ""category_or_scene_type_plausible""}"
test_004709,xtion/sun3ddata/mit_dorm_masseeh_wm/dorm_masseeh_wm_oct_29_2012_scan1_erika/0007157-000317136773,sun3d:mit_dorm_masseeh_wm/dorm_masseeh_wm_oct_29_2012_scan1_erika,xtion,bedroom,test,existence,positive,0,Is there a towel in this room?,,yes,yes_no,yes|no,SUNRGBD/xtion/sun3ddata/mit_dorm_masseeh_wm/dorm_masseeh_wm_oct_29_2012_scan1_erika/0007157-000317136773/image/0007157-000317136773.jpg,SUNRGBD/xtion/sun3ddata/mit_dorm_masseeh_wm/dorm_masseeh_wm_oct_29_2012_scan1_erika/0007157-000317136773/depth_bfx/0007148-000317141352.png,rule,"{""concept"": ""towel"", ""object_index"": 2, ""area_frac"": 0.034051973863431444}"
test_005952,xtion/xtion_align_data/2014_12_18_12_2_41,scene:xtion/xtion_align_data/2014_12_18_12_2_41,xtion,office_dining,test,existence,negative,3,Can you spot a stool in the picture?,,no,yes_no,yes|no,SUNRGBD/xtion/xtion_align_data/2014_12_18_12_2_41/image/0000137.jpg,SUNRGBD/xtion/xtion_align_data/2014_12_18_12_2_41/depth_bfx/0000137.png,rule,"{""concept"": ""stool"", ""reason"": ""category_or_scene_type_plausible""}"
test_011727,xtion/sun3ddata/mit_dorm_masseeh_xc/dorm_masseeh_xc_oct_29_2012_scan1_erika/0002556-000112245132,sun3d:mit_dorm_masseeh_xc/dorm_masseeh_xc_oct_29_2012_scan1_erika,xtion,bedroom,test,existence,negative,4,Is a mattress present in this scene?,,no,yes_no,yes|no,SUNRGBD/xtion/sun3ddata/mit_dorm_masseeh_xc/dorm_masseeh_xc_oct_29_2012_scan1_erika/0002556-000112245132/image/0002556-000112245132.jpg,SUNRGBD/xtion/sun3ddata/mit_dorm_masseeh_xc/dorm_masseeh_xc_oct_29_2012_scan1_erika/0002556-000112245132/depth_bfx/0002552-000112254157.png,rule,"{""concept"": ""mattress"", ""reason"": ""category_or_scene_type_plausible""}"
test_009768,xtion/sun3ddata/harvard_corridor_lounge/hv_lounge_corridor2_1/0005332-000178673914,sun3d:harvard_corridor_lounge/hv_lounge_corridor2_1,xtion,corridor,test,existence,positive,5,Is there any picture frame visible in the image?,,yes,yes_no,yes|no,SUNRGBD/xtion/sun3ddata/harvard_corridor_lounge/hv_lounge_corridor2_1/0005332-000178673914/image/0005332-000178673914.jpg,SUNRGBD/xtion/sun3ddata/harvard_corridor_lounge/hv_lounge_corridor2_1/0005332-000178673914/depth_bfx/0005355-000178658964.png,rule,"{""concept"": ""pictureframe"", ""object_index"": 4, ""area_frac"": 0.011345542164976538}"
test_005585,xtion/sun3ddata/home_pt/home_pt_scan1_2012_oct_19/0015350-000514470600,sun3d:home_pt/home_pt_scan1_2012_oct_19,xtion,living_room,test,existence,negative,1,Do you see a rug here?,,no,yes_no,yes|no,SUNRGBD/xtion/sun3ddata/home_pt/home_pt_scan1_2012_oct_19/0015350-000514470600/image/0015350-000514470600.jpg,SUNRGBD/xtion/sun3ddata/home_pt/home_pt_scan1_2012_oct_19/0015350-000514470600/depth_bfx/0015418-000514472531.png,rule,"{""concept"": ""rug"", ""reason"": ""category_or_scene_type_plausible""}"
test_005770,xtion/xtion_align_data/2014_12_18_11_50_56,scene:xtion/xtion_align_data/2014_12_18_11_50_56,xtion,conference_room,test,existence,negative,4,Is a board present in this scene?,,no,yes_no,yes|no,SUNRGBD/xtion/xtion_align_data/2014_12_18_11_50_56/image/0000113.jpg,SUNRGBD/xtion/xtion_align_data/2014_12_18_11_50_56/depth_bfx/0000113.png,rule,"{""concept"": ""board"", ""reason"": ""category_or_scene_type_plausible""}"
test_010863,xtion/sun3ddata/mit_32_pool/pool_1/0001461-000048943135,sun3d:mit_32_pool/pool_1,xtion,recreation_room,test,existence,negative,4,Is a candlestick present in this scene?,,no,yes_no,yes|no,SUNRGBD/xtion/sun3ddata/mit_32_pool/pool_1/0001461-000048943135/image/0001461-000048943135.jpg,SUNRGBD/xtion/sun3ddata/mit_32_pool/pool_1/0001461-000048943135/depth_bfx/0001468-000048952690.png,rule,"{""concept"": ""candlestick"", ""reason"": ""category_or_scene_type_plausible""}"
test_012534,xtion/sun3ddata/mit_32_g451/g451_1/0001562-000052341886,sun3d:mit_32_g451/g451_1,xtion,conference_room,test,existence,positive,5,Is there any chair visible in the image?,,yes,yes_no,yes|no,SUNRGBD/xtion/sun3ddata/mit_32_g451/g451_1/0001562-000052341886/image/0001562-000052341886.jpg,SUNRGBD/xtion/sun3ddata/mit_32_g451/g451_1/0001562-000052341886/depth_bfx/0001570-000052356353.png,rule,"{""concept"": ""chair"", ""object_index"": 4, ""area_frac"": 0.02566080013505684}"
test_011132,xtion/sun3ddata/mit_32_g9_lounge/g9_lounge_1/0004552-000152564832,sun3d:mit_32_g9_lounge/g9_lounge_1,xtion,discussion_area,test,existence,positive,4,Is a table present in this scene?,,yes,yes_no,yes|no,SUNRGBD/xtion/sun3ddata/mit_32_g9_lounge/g9_lounge_1/0004552-000152564832/image/0004552-000152564832.jpg,SUNRGBD/xtion/sun3ddata/mit_32_g9_lounge/g9_lounge_1/0004552-000152564832/depth_bfx/0004573-000152567593.png,rule,"{""concept"": ""table"", ""object_index"": 1, ""area_frac"": 0.39169937574578617}"
test_007887,xtion/sun3ddata/mit_32_g660/g660_1/0000434-000014580082,sun3d:mit_32_g660/g660_1,xtion,bathroom,test,existence,positive,5,Is there any sink visible in the image?,,yes,yes_no,yes|no,SUNRGBD/xtion/sun3ddata/mit_32_g660/g660_1/0000434-000014580082/image/0000434-000014580082.jpg,SUNRGBD/xtion/sun3ddata/mit_32_g660/g660_1/0000434-000014580082/depth_bfx/0000436-000014582362.png,rule,"{""concept"": ""sink"", ""object_index"": 3, ""area_frac"": 0.01080838426741255}"
test_009306,xtion/sun3ddata/mit_w85k1/scan_1/0006447-000216054491,sun3d:mit_w85k1/scan_1,xtion,bathroom,test,existence,negative,2,Does this room contain a paper towel?,,no,yes_no,yes|no,SUNRGBD/xtion/sun3ddata/mit_w85k1/scan_1/0006447-000216054491/image/0006447-000216054491.jpg,SUNRGBD/xtion/sun3ddata/mit_w85k1/scan_1/0006447-000216054491/depth_bfx/0006476-000216065893.png,rule,"{""concept"": ""papertowel"", ""reason"": ""category_or_scene_type_plausible""}"
test_001743,xtion/sun3ddata/mit_lab_hj/lab_hj_work_nov_2_2012_scan1_erika/0008385-000336735252,sun3d:mit_lab_hj/lab_hj_work_nov_2_2012_scan1_erika,xtion,office,test,existence,positive,2,Does this room contain a cupboard?,,yes,yes_no,yes|no,SUNRGBD/xtion/sun3ddata/mit_lab_hj/lab_hj_work_nov_2_2012_scan1_erika/0008385-000336735252/image/0008385-000336735252.jpg,SUNRGBD/xtion/sun3ddata/mit_lab_hj/lab_hj_work_nov_2_2012_scan1_erika/0008385-000336735252/depth_bfx/0008401-000336732780.png,rule,"{""concept"": ""cupboard"", ""object_index"": 4, ""area_frac"": 0.04884491867813115}"
test_013696,xtion/sun3ddata/mit_w85_basement/wg_laundary_1/0002594-000086932777,sun3d:mit_w85_basement/wg_laundary_1,xtion,laundromat,test,existence,positive,1,Do you see a door here?,,yes,yes_no,yes|no,SUNRGBD/xtion/sun3ddata/mit_w85_basement/wg_laundary_1/0002594-000086932777/image/0002594-000086932777.jpg,SUNRGBD/xtion/sun3ddata/mit_w85_basement/wg_laundary_1/0002594-000086932777/depth_bfx/0002606-000086926897.png,rule,"{""concept"": ""door"", ""object_index"": 9, ""area_frac"": 0.009323526364860665}"
test_005293,xtion/sun3ddata/mit_76_4printroom/76-4printroom1/0000005-000000157760,sun3d:mit_76_4printroom/76-4printroom1,xtion,printer_room,test,existence,positive,2,Does this room contain a book?,,yes,yes_no,yes|no,SUNRGBD/xtion/sun3ddata/mit_76_4printroom/76-4printroom1/0000005-000000157760/image/0000005-000000157760.jpg,SUNRGBD/xtion/sun3ddata/mit_76_4printroom/76-4printroom1/0000005-000000157760/depth_bfx/0000006-000000166846.png,rule,"{""concept"": ""book"", ""object_index"": 8, ""area_frac"": 0.01565623429292755}"
test_003250,xtion/sun3ddata/mit_32_g7_lounge/g7_lounge_1/0005210-000174584844,sun3d:mit_32_g7_lounge/g7_lounge_1,xtion,rest_space,test,existence,negative,1,Do you see a light here?,,no,yes_no,yes|no,SUNRGBD/xtion/sun3ddata/mit_32_g7_lounge/g7_lounge_1/0005210-000174584844/image/0005210-000174584844.jpg,SUNRGBD/xtion/sun3ddata/mit_32_g7_lounge/g7_lounge_1/0005210-000174584844/depth_bfx/0005233-000174598462.png,rule,"{""concept"": ""light"", ""reason"": ""category_or_scene_type_plausible""}"
test_011456,xtion/xtion_align_data/2014_12_18_13_59_41,scene:xtion/xtion_align_data/2014_12_18_13_59_41,xtion,bathroom,test,existence,positive,1,Do you see a trash can here?,,yes,yes_no,yes|no,SUNRGBD/xtion/xtion_align_data/2014_12_18_13_59_41/image/0000133.jpg,SUNRGBD/xtion/xtion_align_data/2014_12_18_13_59_41/depth_bfx/0000133.png,rule,"{""concept"": ""trashcan"", ""object_index"": 16, ""area_frac"": 0.04855715551872187}"
test_006716,xtion/sun3ddata/mit_76_458/76-458a/0000932-000031361403,sun3d:mit_76_458/76-458a,xtion,conference_room,test,existence,negative,5,Is there any light switch visible in the image?,,no,yes_no,yes|no,SUNRGBD/xtion/sun3ddata/mit_76_458/76-458a/0000932-000031361403/image/0000932-000031361403.jpg,SUNRGBD/xtion/sun3ddata/mit_76_458/76-458a/0000932-000031361403/depth_bfx/0000937-000031367095.png,rule,"{""concept"": ""lightswitch"", ""reason"": ""category_or_scene_type_plausible""}"
test_008787,xtion/sun3ddata/mit_32_g882/g882_1/0001452-000048930499,sun3d:mit_32_g882/g882_1,xtion,rest_space,test,existence,positive,4,Is a sofa present in this scene?,,yes,yes_no,yes|no,SUNRGBD/xtion/sun3ddata/mit_32_g882/g882_1/0001452-000048930499/image/0001452-000048930499.jpg,SUNRGBD/xtion/sun3ddata/mit_32_g882/g882_1/0001452-000048930499/depth_bfx/0001458-000048919320.png,rule,"{""concept"": ""sofa"", ""object_index"": 3, ""area_frac"": 0.021658973798205125}"
test_005245,xtion/sun3ddata/mit_3_huge_office/cl_1/0007146-000239471820,sun3d:mit_3_huge_office/cl_1,xtion,office,test,existence,negative,3,Can you spot a table in the picture?,,no,yes_no,yes|no,SUNRGBD/xtion/sun3ddata/mit_3_huge_office/cl_1/0007146-000239471820/image/0007146-000239471820.jpg,SUNRGBD/xtion/sun3ddata/mit_3_huge_office/cl_1/0007146-000239471820/depth_bfx/0007177-000239477802.png,rule,"{""concept"": ""table"", ""reason"": ""category_or_scene_type_plausible""}"
test_013606,xtion/sun3ddata/mit_46_6conf/bcs_floor6_conf_1/0000103-000003720276,sun3d:mit_46_6conf/bcs_floor6_conf_1,xtion,conference_room,test,existence,negative,1,Do you see a headboard here?,,no,yes_no,yes|no,SUNRGBD/xtion/sun3ddata/mit_46_6conf/bcs_floor6_conf_1/0000103-000003720276/image/0000103-000003720276.jpg,SUNRGBD/xtion/sun3ddata/mit_46_6conf/bcs_floor6_conf_1/0000103-000003720276/depth_bfx/0000103-000003723666.png,rule,"{""concept"": ""headboard"", ""reason"": ""category_or_scene_type_plausible""}"
test_007276,xtion/sun3ddata/mit_dorm_sh_flr1/dorm_sh_flr1_oct_28_2012_scan1_erika/0000600-000023595264,sun3d:mit_dorm_sh_flr1/dorm_sh_flr1_oct_28_2012_scan1_erika,xtion,basement,test,existence,negative,0,Is there a switch board in this room?,,no,yes_no,yes|no,SUNRGBD/xtion/sun3ddata/mit_dorm_sh_flr1/dorm_sh_flr1_oct_28_2012_scan1_erika/0000600-000023595264/image/0000600-000023595264.jpg,SUNRGBD/xtion/sun3ddata/mit_dorm_sh_flr1/dorm_sh_flr1_oct_28_2012_scan1_erika/0000600-000023595264/depth_bfx/0000599-000023593889.png,rule,"{""concept"": ""switchboard"", ""reason"": ""category_or_scene_type_plausible""}"
test_004060,xtion/sun3ddata/mit_dorm_baker_cj/dorm_baker_cj_oct_29_2012_scan1_erika/0003160-000134801352,sun3d:mit_dorm_baker_cj/dorm_baker_cj_oct_29_2012_scan1_erika,xtion,bedroom,test,existence,positive,5,Is there any bottle visible in the image?,,yes,yes_no,yes|no,SUNRGBD/xtion/sun3ddata/mit_dorm_baker_cj/dorm_baker_cj_oct_29_2012_scan1_erika/0003160-000134801352/image/0003160-000134801352.jpg,SUNRGBD/xtion/sun3ddata/mit_dorm_baker_cj/dorm_baker_cj_oct_29_2012_scan1_erika/0003160-000134801352/depth_bfx/0003154-000134791778.png,rule,"{""concept"": ""bottle"", ""object_index"": 3, ""area_frac"": 0.008556157939769252}"
test_007214,xtion/sun3ddata/mit_32_g7_lounge/g7_lounge_1/0001973-000066093552,sun3d:mit_32_g7_lounge/g7_lounge_1,xtion,recreation_room,test,existence,positive,3,Can you spot a chair in the picture?,,yes,yes_no,yes|no,SUNRGBD/xtion/sun3ddata/mit_32_g7_lounge/g7_lounge_1/0001973-000066093552/image/0001973-000066093552.jpg,SUNRGBD/xtion/sun3ddata/mit_32_g7_lounge/g7_lounge_1/0001973-000066093552/depth_bfx/0001981-000066081661.png,rule,"{""concept"": ""chair"", ""object_index"": 4, ""area_frac"": 0.3726843286375178}"
test_006897,xtion/xtion_align_data/2014_12_18_12_7_52,scene:xtion/xtion_align_data/2014_12_18_12_7_52,xtion,rest_space,test,existence,positive,1,Do you see a stool here?,,yes,yes_no,yes|no,SUNRGBD/xtion/xtion_align_data/2014_12_18_12_7_52/image/0000013.jpg,SUNRGBD/xtion/xtion_align_data/2014_12_18_12_7_52/depth_bfx/0000013.png,rule,"{""concept"": ""stool"", ""object_index"": 19, ""area_frac"": 0.09212760311020203}"
test_000484,xtion/xtion_align_data/2014_12_18_14_14_3,scene:xtion/xtion_align_data/2014_12_18_14_14_3,xtion,corridor,test,existence,negative,1,Do you see a mirror here?,,no,yes_no,yes|no,SUNRGBD/xtion/xtion_align_data/2014_12_18_14_14_3/image/0000257.jpg,SUNRGBD/xtion/xtion_align_data/2014_12_18_14_14_3/depth_bfx/0000257.png,rule,"{""concept"": ""mirror"", ""reason"": ""category_or_scene_type_plausible""}"
test_003028,xtion/sun3ddata/mit_76_4printroom/76-4printroom1/0002258-000075669308,sun3d:mit_76_4printroom/76-4printroom1,xtion,mail_room,test,existence,positive,1,Do you see a paper here?,,yes,yes_no,yes|no,SUNRGBD/xtion/sun3ddata/mit_76_4printroom/76-4printroom1/0002258-000075669308/image/0002258-000075669308.jpg,SUNRGBD/xtion/sun3ddata/mit_76_4printroom/76-4printroom1/0002258-000075669308/depth_bfx/0002269-000075681459.png,rule,"{""concept"": ""paper"", ""object_index"": 2, ""area_frac"": 0.0062463789802441}"
test_011814,xtion/sun3ddata/mit_36_ti_office/tian_office_1/0003685-000123506460,sun3d:mit_36_ti_office/tian_office_1,xtion,office,test,existence,negative,1,Do you see a bathtub here?,,no,yes_no,yes|no,SUNRGBD/xtion/sun3ddata/mit_36_ti_office/tian_office_1/0003685-000123506460/image/0003685-000123506460.jpg,SUNRGBD/xtion/sun3ddata/mit_36_ti_office/tian_office_1/0003685-000123506460/depth_bfx/0003701-000123495317.png,rule,"{""concept"": ""bathtub"", ""reason"": ""category_or_scene_type_plausible""}"
test_012308,xtion/sun3ddata/mit_lab_16/lab_16_nov_2_2012_scan1_erika/0019106-000817120080,sun3d:mit_lab_16/lab_16_nov_2_2012_scan1_erika,xtion,lab,test,existence,negative,3,Can you spot a stand in the picture?,,no,yes_no,yes|no,SUNRGBD/xtion/sun3ddata/mit_lab_16/lab_16_nov_2_2012_scan1_erika/0019106-000817120080/image/0019106-000817120080.jpg,SUNRGBD/xtion/sun3ddata/mit_lab_16/lab_16_nov_2_2012_scan1_erika/0019106-000817120080/depth_bfx/0019110-000817130623.png,rule,"{""concept"": ""stand"", ""reason"": ""category_or_scene_type_plausible""}"
test_010089,xtion/sun3ddata/mit_w85g/g_0/0002559-000085733928,sun3d:mit_w85g/g_0,xtion,kitchen,test,existence,positive,3,Can you spot a table in the picture?,,yes,yes_no,yes|no,SUNRGBD/xtion/sun3ddata/mit_w85g/g_0/0002559-000085733928/image/0002559-000085733928.jpg,SUNRGBD/xtion/sun3ddata/mit_w85g/g_0/0002559-000085733928/depth_bfx/0002570-000085727975.png,rule,"{""concept"": ""table"", ""object_index"": 6, ""area_frac"": 0.02936335278612291}"
test_004039,xtion/xtion_align_data/2014_12_18_13_48_36,scene:xtion/xtion_align_data/2014_12_18_13_48_36,xtion,idk,test,existence,negative,4,Is a cupboard present in this scene?,,no,yes_no,yes|no,SUNRGBD/xtion/xtion_align_data/2014_12_18_13_48_36/image/0000008.jpg,SUNRGBD/xtion/xtion_align_data/2014_12_18_13_48_36/depth_bfx/0000008.png,rule,"{""concept"": ""cupboard"", ""reason"": ""category_or_scene_type_plausible""}"
test_004706,xtion/sun3ddata/mit_3_270/classroom_3270_oct_30_2012_scan1_erika/0002370-000102726540,sun3d:mit_3_270/classroom_3270_oct_30_2012_scan1_erika,xtion,lecture_theatre,test,existence,negative,5,Is there any mattress visible in the image?,,no,yes_no,yes|no,SUNRGBD/xtion/sun3ddata/mit_3_270/classroom_3270_oct_30_2012_scan1_erika/0002370-000102726540/image/0002370-000102726540.jpg,SUNRGBD/xtion/sun3ddata/mit_3_270/classroom_3270_oct_30_2012_scan1_erika/0002370-000102726540/depth_bfx/0002368-000102712516.png,rule,"{""concept"": ""mattress"", ""reason"": ""category_or_scene_type_plausible""}"
test_008908,xtion/sun3ddata/mit_dorm_masseeh_sr/dorm_masseeh_sr_scan1_oct_26_2012_erika/0000887-000041275889,sun3d:mit_dorm_masseeh_sr/dorm_masseeh_sr_scan1_oct_26_2012_erika,xtion,study_space,test,existence,negative,1,Do you see a bed here?,,no,yes_no,yes|no,SUNRGBD/xtion/sun3ddata/mit_dorm_masseeh_sr/dorm_masseeh_sr_scan1_oct_26_2012_erika/0000887-000041275889/image/0000887-000041275889.jpg,SUNRGBD/xtion/sun3ddata/mit_dorm_masseeh_sr/dorm_masseeh_sr_scan1_oct_26_2012_erika/0000887-000041275889/depth_bfx/0000890-000041277763.png,rule,"{""concept"": ""bed"", ""reason"": ""category_or_scene_type_plausible""}"
test_003642,xtion/sun3ddata/mit_32_lounge_d429/d4_lounge_1/0000156-000005194980,sun3d:mit_32_lounge_d429/d4_lounge_1,xtion,discussion_area,test,existence,negative,1,Do you see a stool here?,,no,yes_no,yes|no,SUNRGBD/xtion/sun3ddata/mit_32_lounge_d429/d4_lounge_1/0000156-000005194980/image/0000156-000005194980.jpg,SUNRGBD/xtion/sun3ddata/mit_32_lounge_d429/d4_lounge_1/0000156-000005194980/depth_bfx/0000156-000005182522.png,rule,"{""concept"": ""stool"", ""reason"": ""category_or_scene_type_plausible""}"
test_009209,xtion/sun3ddata/mit_46_5conf_1/bcs_floor5_conf_1/0003502-000117574128,sun3d:mit_46_5conf_1/bcs_floor5_conf_1,xtion,conference_room,test,existence,negative,0,Is there a coffee table in this room?,,no,yes_no,yes|no,SUNRGBD/xtion/sun3ddata/mit_46_5conf_1/bcs_floor5_conf_1/0003502-000117574128/image/0003502-000117574128.jpg,SUNRGBD/xtion/sun3ddata/mit_46_5conf_1/bcs_floor5_conf_1/0003502-000117574128/depth_bfx/0003518-000117585597.png,rule,"{""concept"": ""coffeetable"", ""reason"": ""category_or_scene_type_plausible""}"
test_001142,xtion/xtion_align_data/2014_12_18_12_24_25,scene:xtion/xtion_align_data/2014_12_18_12_24_25,xtion,office,test,existence,negative,5,Is there any vase visible in the image?,,no,yes_no,yes|no,SUNRGBD/xtion/xtion_align_data/2014_12_18_12_24_25/image/0000009.jpg,SUNRGBD/xtion/xtion_align_data/2014_12_18_12_24_25/depth_bfx/0000009.png,rule,"{""concept"": ""vase"", ""reason"": ""category_or_scene_type_plausible""}"
test_013992,xtion/sun3ddata/mit_32_d507/d507_1/0003520-000117942804,sun3d:mit_32_d507/d507_1,xtion,classroom,test,existence,positive,0,Is there a window in this room?,,yes,yes_no,yes|no,SUNRGBD/xtion/sun3ddata/mit_32_d507/d507_1/0003520-000117942804/image/0003520-000117942804.jpg,SUNRGBD/xtion/sun3ddata/mit_32_d507/d507_1/0003520-000117942804/depth_bfx/0003535-000117951527.png,rule,"{""concept"": ""window"", ""object_index"": 2, ""area_frac"": 0.02890293173106806}"
test_001609,xtion/sun3ddata/mit_w20_flr4/sc_flr4_oct_29_2012_scan1_erika/0025779-001092531927,sun3d:mit_w20_flr4/sc_flr4_oct_29_2012_scan1_erika,xtion,rest_space,test,existence,negative,1,Do you see a clock here?,,no,yes_no,yes|no,SUNRGBD/xtion/sun3ddata/mit_w20_flr4/sc_flr4_oct_29_2012_scan1_erika/0025779-001092531927/image/0025779-001092531927.jpg,SUNRGBD/xtion/sun3ddata/mit_w20_flr4/sc_flr4_oct_29_2012_scan1_erika/0025779-001092531927/depth_bfx/0025799-001092542615.png,rule,"{""concept"": ""clock"", ""reason"": ""category_or_scene_type_plausible""}"
test_007986,xtion/sun3ddata/mit_3_270/classroom_3270_oct_30_2012_scan1_erika/0003687-000160172964,sun3d:mit_3_270/classroom_3270_oct_30_2012_scan1_erika,xtion,lecture_theatre,test,existence,negative,3,Can you spot a blind in the picture?,,no,yes_no,yes|no,SUNRGBD/xtion/sun3ddata/mit_3_270/classroom_3270_oct_30_2012_scan1_erika/0003687-000160172964/image/0003687-000160172964.jpg,SUNRGBD/xtion/sun3ddata/mit_3_270/classroom_3270_oct_30_2012_scan1_erika/0003687-000160172964/depth_bfx/0003685-000160174365.png,rule,"{""concept"": ""blind"", ""reason"": ""category_or_scene_type_plausible""}"
test_001876,kv1/NYUdata/NYU1446,scene:kv1/NYUdata/NYU1446,kv1,dining_room,test,existence,negative,3,Can you spot a shelf in the picture?,,no,yes_no,yes|no,SUNRGBD/kv1/NYUdata/NYU1446/image/NYU1446.jpg,SUNRGBD/kv1/NYUdata/NYU1446/depth_bfx/NYU1446.png,rule,"{""concept"": ""shelf"", ""reason"": ""category_or_scene_type_plausible""}"
test_002105,kv1/b3dodata/img_0535,scene:kv1/b3dodata/img_0535,kv1,office,test,existence,positive,0,Is there a laptop in this room?,,yes,yes_no,yes|no,SUNRGBD/kv1/b3dodata/img_0535/image/img_0535.jpg,SUNRGBD/kv1/b3dodata/img_0535/depth_bfx/img_0535_abs.png,rule,"{""concept"": ""laptop"", ""object_index"": 2, ""area_frac"": 0.11284841805574689}"
test_003919,kv1/b3dodata/img_0494,scene:kv1/b3dodata/img_0494,kv1,kitchen,test,existence,positive,5,Is there any mug visible in the image?,,yes,yes_no,yes|no,SUNRGBD/kv1/b3dodata/img_0494/image/img_0494.jpg,SUNRGBD/kv1/b3dodata/img_0494/depth_bfx/img_0494_abs.png,rule,"{""concept"": ""mug"", ""object_index"": 6, ""area_frac"": 0.013400293053137797}"
test_013197,kv1/NYUdata/NYU0397,scene:kv1/NYUdata/NYU0397,kv1,home_office,test,existence,negative,1,Do you see a mirror here?,,no,yes_no,yes|no,SUNRGBD/kv1/NYUdata/NYU0397/image/NYU0397.jpg,SUNRGBD/kv1/NYUdata/NYU0397/depth_bfx/NYU0397.png,rule,"{""concept"": ""mirror"", ""reason"": ""category_or_scene_type_plausible""}"
test_006060,kv1/NYUdata/NYU0550,scene:kv1/NYUdata/NYU0550,kv1,dining_room,test,existence,positive,2,Does this room contain a chair?,,yes,yes_no,yes|no,SUNRGBD/kv1/NYUdata/NYU0550/image/NYU0550.jpg,SUNRGBD/kv1/NYUdata/NYU0550/depth_bfx/NYU0550.png,rule,"{""concept"": ""chair"", ""object_index"": 9, ""area_frac"": 0.054465303259903064}"
test_004482,kv1/b3dodata/img_0453,scene:kv1/b3dodata/img_0453,kv1,bedroom,test,existence,positive,0,Is there a television in this room?,,yes,yes_no,yes|no,SUNRGBD/kv1/b3dodata/img_0453/image/img_0453.jpg,SUNRGBD/kv1/b3dodata/img_0453/depth_bfx/img_0453_abs.png,rule,"{""concept"": ""television"", ""object_index"": 4, ""area_frac"": 0.5439600579427002}"
test_002836,kv1/NYUdata/NYU0470,scene:kv1/NYUdata/NYU0470,kv1,study,test,existence,positive,4,Is a computer present in this scene?,,yes,yes_no,yes|no,SUNRGBD/kv1/NYUdata/NYU0470/image/NYU0470.jpg,SUNRGBD/kv1/NYUdata/NYU0470/depth_bfx/NYU0470.png,rule,"{""concept"": ""computer"", ""object_index"": 11, ""area_frac"": 0.024249938425444692}"
test_010878,kv1/b3dodata/img_0425,scene:kv1/b3dodata/img_0425,kv1,office,test,existence,negative,4,Is a keyboard present in this scene?,,no,yes_no,yes|no,SUNRGBD/kv1/b3dodata/img_0425/image/img_0425.jpg,SUNRGBD/kv1/b3dodata/img_0425/depth_bfx/img_0425_abs.png,rule,"{""concept"": ""keyboard"", ""reason"": ""category_or_scene_type_plausible""}"
test_003130,kv1/NYUdata/NYU1149,scene:kv1/NYUdata/NYU1149,kv1,bedroom,test,existence,negative,0,Is there a desk in this room?,,no,yes_no,yes|no,SUNRGBD/kv1/NYUdata/NYU1149/image/NYU1149.jpg,SUNRGBD/kv1/NYUdata/NYU1149/depth_bfx/NYU1149.png,rule,"{""concept"": ""desk"", ""reason"": ""category_or_scene_type_plausible""}"
test_008796,kv1/b3dodata/img_0738,scene:kv1/b3dodata/img_0738,kv1,living_room,test,existence,negative,0,Is there a heater in this room?,,no,yes_no,yes|no,SUNRGBD/kv1/b3dodata/img_0738/image/img_0738.jpg,SUNRGBD/kv1/b3dodata/img_0738/depth_bfx/img_0738_abs.png,rule,"{""concept"": ""heater"", ""reason"": ""category_or_scene_type_plausible""}"
test_003913,kv1/NYUdata/NYU0761,scene:kv1/NYUdata/NYU0761,kv1,kitchen,test,existence,positive,0,Is there a chair in this room?,,yes,yes_no,yes|no,SUNRGBD/kv1/NYUdata/NYU0761/image/NYU0761.jpg,SUNRGBD/kv1/NYUdata/NYU0761/depth_bfx/NYU0761.png,rule,"{""concept"": ""chair"", ""object_index"": 3, ""area_frac"": 0.01254242382496963}"
test_007500,kv1/b3dodata/img_0780,scene:kv1/b3dodata/img_0780,kv1,bedroom,test,existence,positive,2,Does this room contain a cloth?,,yes,yes_no,yes|no,SUNRGBD/kv1/b3dodata/img_0780/image/img_0780.jpg,SUNRGBD/kv1/b3dodata/img_0780/depth_bfx/img_0780_abs.png,rule,"{""concept"": ""cloth"", ""object_index"": 16, ""area_frac"": 0.00919861238086889}"
test_009960,kv1/NYUdata/NYU1127,scene:kv1/NYUdata/NYU1127,kv1,bedroom,test,existence,negative,4,Is a door present in this scene?,,no,yes_no,yes|no,SUNRGBD/kv1/NYUdata/NYU1127/image/NYU1127.jpg,SUNRGBD/kv1/NYUdata/NYU1127/depth_bfx/NYU1127.png,rule,"{""concept"": ""door"", ""reason"": ""category_or_scene_type_plausible""}"
test_008124,kv1/NYUdata/NYU0764,scene:kv1/NYUdata/NYU0764,kv1,kitchen,test,existence,positive,4,Is a cabinet present in this scene?,,yes,yes_no,yes|no,SUNRGBD/kv1/NYUdata/NYU0764/image/NYU0764.jpg,SUNRGBD/kv1/NYUdata/NYU0764/depth_bfx/NYU0764.png,rule,"{""concept"": ""cabinet"", ""object_index"": 2, ""area_frac"": 0.03635194763449344}"
test_003725,kv1/b3dodata/img_0801,scene:kv1/b3dodata/img_0801,kv1,kitchen,test,existence,positive,4,Is a bottle present in this scene?,,yes,yes_no,yes|no,SUNRGBD/kv1/b3dodata/img_0801/image/img_0801.jpg,SUNRGBD/kv1/b3dodata/img_0801/depth_bfx/img_0801_abs.png,rule,"{""concept"": ""bottle"", ""object_index"": 20, ""area_frac"": 0.006184590080443504}"
test_002473,kv1/NYUdata/NYU1129,scene:kv1/NYUdata/NYU1129,kv1,bedroom,test,existence,negative,5,Is there any picture frame visible in the image?,,no,yes_no,yes|no,SUNRGBD/kv1/NYUdata/NYU1129/image/NYU1129.jpg,SUNRGBD/kv1/NYUdata/NYU1129/depth_bfx/NYU1129.png,rule,"{""concept"": ""pictureframe"", ""reason"": ""category_or_scene_type_plausible""}"
test_007689,kv1/NYUdata/NYU1286,scene:kv1/NYUdata/NYU1286,kv1,living_room,test,existence,negative,3,Can you spot a bottle in the picture?,,no,yes_no,yes|no,SUNRGBD/kv1/NYUdata/NYU1286/image/NYU1286.jpg,SUNRGBD/kv1/NYUdata/NYU1286/depth_bfx/NYU1286.png,rule,"{""concept"": ""bottle"", ""reason"": ""category_or_scene_type_plausible""}"
test_011323,kv1/b3dodata/img_0819,scene:kv1/b3dodata/img_0819,kv1,living_room,test,existence,positive,2,Does this room contain a stand?,,yes,yes_no,yes|no,SUNRGBD/kv1/b3dodata/img_0819/image/img_0819.jpg,SUNRGBD/kv1/b3dodata/img_0819/depth_bfx/img_0819_abs.png,rule,"{""concept"": ""stand"", ""object_index"": 6, ""area_frac"": 0.03492203626353164}"
test_010912,kv1/NYUdata/NYU1338,scene:kv1/NYUdata/NYU1338,kv1,living_room,test,existence,positive,0,Is there a pillow in this room?,,yes,yes_no,yes|no,SUNRGBD/kv1/NYUdata/NYU1338/image/NYU1338.jpg,SUNRGBD/kv1/NYUdata/NYU1338/depth_bfx/NYU1338.png,rule,"{""concept"": ""pillow"", ""object_index"": 18, ""area_frac"": 0.005961251862891207}"
test_008542,kv1/NYUdata/NYU1057,scene:kv1/NYUdata/NYU1057,kv1,bedroom,test,existence,negative,4,Is a dresser present in this scene?,,no,yes_no,yes|no,SUNRGBD/kv1/NYUdata/NYU1057/image/NYU1057.jpg,SUNRGBD/kv1/NYUdata/NYU1057/depth_bfx/NYU1057.png,rule,"{""concept"": ""dresser"", ""reason"": ""category_or_scene_type_plausible""}"
test_007947,kv1/b3dodata/img_0571,scene:kv1/b3dodata/img_0571,kv1,bedroom,test,existence,positive,2,Does this room contain a bag?,,yes,yes_no,yes|no,SUNRGBD/kv1/b3dodata/img_0571/image/img_0571.jpg,SUNRGBD/kv1/b3dodata/img_0571/depth_bfx/img_0571_abs.png,rule,"{""concept"": ""bag"", ""object_index"": 12, ""area_frac"": 0.00967659791189203}"
test_004727,kv1/NYUdata/NYU1306,scene:kv1/NYUdata/NYU1306,kv1,living_room,test,existence,positive,2,Does this room contain a door?,,yes,yes_no,yes|no,SUNRGBD/kv1/NYUdata/NYU1306/image/NYU1306.jpg,SUNRGBD/kv1/NYUdata/NYU1306/depth_bfx/NYU1306.png,rule,"{""concept"": ""door"", ""object_index"": 8, ""area_frac"": 0.04515189086066618}"
test_000562,kv1/NYUdata/NYU0358,scene:kv1/NYUdata/NYU0358,kv1,home_office,test,existence,positive,5,Is there any television visible in the image?,,yes,yes_no,yes|no,SUNRGBD/kv1/NYUdata/NYU0358/image/NYU0358.jpg,SUNRGBD/kv1/NYUdata/NYU0358/depth_bfx/NYU0358.png,rule,"{""concept"": ""television"", ""object_index"": 29, ""area_frac"": 0.061766584428108055}"
test_000277,kv1/NYUdata/NYU0946,scene:kv1/NYUdata/NYU0946,kv1,bedroom,test,existence,negative,1,Do you see a jar here?,,no,yes_no,yes|no,SUNRGBD/kv1/NYUdata/NYU0946/image/NYU0946.jpg,SUNRGBD/kv1/NYUdata/NYU0946/depth_bfx/NYU0946.png,rule,"{""concept"": ""jar"", ""reason"": ""category_or_scene_type_plausible""}"
test_000052,kv1/NYUdata/NYU0711,scene:kv1/NYUdata/NYU0711,kv1,bathroom,test,existence,negative,3,Can you spot a pillow in the picture?,,no,yes_no,yes|no,SUNRGBD/kv1/NYUdata/NYU0711/image/NYU0711.jpg,SUNRGBD/kv1/NYUdata/NYU0711/depth_bfx/NYU0711.png,rule,"{""concept"": ""pillow"", ""reason"": ""category_or_scene_type_plausible""}"
test_012027,kv1/NYUdata/NYU1293,scene:kv1/NYUdata/NYU1293,kv1,living_room,test,existence,positive,5,Is there any refrigerator visible in the image?,,yes,yes_no,yes|no,SUNRGBD/kv1/NYUdata/NYU1293/image/NYU1293.jpg,SUNRGBD/kv1/NYUdata/NYU1293/depth_bfx/NYU1293.png,rule,"{""concept"": ""refrigerator"", ""object_index"": 9, ""area_frac"": 0.009192350561685181}"
test_006641,kv1/NYUdata/NYU0447,scene:kv1/NYUdata/NYU0447,kv1,playroom,test,existence,negative,2,Does this room contain a basket?,,no,yes_no,yes|no,SUNRGBD/kv1/NYUdata/NYU0447/image/NYU0447.jpg,SUNRGBD/kv1/NYUdata/NYU0447/depth_bfx/NYU0447.png,rule,"{""concept"": ""basket"", ""reason"": ""category_or_scene_type_plausible""}"
test_012050,kv1/NYUdata/NYU0002,scene:kv1/NYUdata/NYU0002,kv1,kitchen,test,existence,negative,0,Is there a plant in this room?,,no,yes_no,yes|no,SUNRGBD/kv1/NYUdata/NYU0002/image/NYU0002.jpg,SUNRGBD/kv1/NYUdata/NYU0002/depth_bfx/NYU0002.png,rule,"{""concept"": ""plant"", ""reason"": ""category_or_scene_type_plausible""}"
test_003702,realsense/lg/2014_10_26-15_27_53-1311000073,scene:realsense/lg/2014_10_26-15_27_53-1311000073,realsense,library,test,existence,positive,3,Can you spot a table in the picture?,,yes,yes_no,yes|no,SUNRGBD/realsense/lg/2014_10_26-15_27_53-1311000073/image/0000063.jpg,SUNRGBD/realsense/lg/2014_10_26-15_27_53-1311000073/depth_bfx/0000063.png,rule,"{""concept"": ""table"", ""object_index"": 1, ""area_frac"": 0.019099253064757432}"
test_001051,realsense/lg/2014_10_29-16_30_51-1311000073,scene:realsense/lg/2014_10_29-16_30_51-1311000073,realsense,dining_area,test,existence,positive,3,Can you spot a window in the picture?,,yes,yes_no,yes|no,SUNRGBD/realsense/lg/2014_10_29-16_30_51-1311000073/image/0000066.jpg,SUNRGBD/realsense/lg/2014_10_29-16_30_51-1311000073/depth_bfx/0000066.png,rule,"{""concept"": ""window"", ""object_index"": 6, ""area_frac"": 0.013992937161756694}"
test_003517,realsense/lg/2014_10_24-09_32_42-1311000073,scene:realsense/lg/2014_10_24-09_32_42-1311000073,realsense,bathroom,test,existence,positive,5,Is there any door visible in the image?,,yes,yes_no,yes|no,SUNRGBD/realsense/lg/2014_10_24-09_32_42-1311000073/image/0000063.jpg,SUNRGBD/realsense/lg/2014_10_24-09_32_42-1311000073/depth_bfx/0000063.png,rule,"{""concept"": ""door"", ""object_index"": 0, ""area_frac"": 0.10284413568852555}"
test_010719,realsense/lg/2014_10_27-15_34_46-1311000073,scene:realsense/lg/2014_10_27-15_34_46-1311000073,realsense,rest_space,test,existence,positive,0,Is there a bench in this room?,,yes,yes_no,yes|no,SUNRGBD/realsense/lg/2014_10_27-15_34_46-1311000073/image/0000063.jpg,SUNRGBD/realsense/lg/2014_10_27-15_34_46-1311000073/depth_bfx/0000063.png,rule,"{""concept"": ""bench"", ""object_index"": 2, ""area_frac"": 0.2728090734456229}"
test_001375,realsense/lg/2014_10_25-17_45_39-1311000073,scene:realsense/lg/2014_10_25-17_45_39-1311000073,realsense,dining_area,test,existence,negative,5,Is there any sink visible in the image?,,no,yes_no,yes|no,SUNRGBD/realsense/lg/2014_10_25-17_45_39-1311000073/image/0000063.jpg,SUNRGBD/realsense/lg/2014_10_25-17_45_39-1311000073/depth_bfx/0000063.png,rule,"{""concept"": ""sink"", ""reason"": ""category_or_scene_type_plausible""}"
test_007690,realsense/lg/2014_10_27-15_16_24-1311000073,scene:realsense/lg/2014_10_27-15_16_24-1311000073,realsense,classroom,test,existence,negative,3,Can you spot a bench in the picture?,,no,yes_no,yes|no,SUNRGBD/realsense/lg/2014_10_27-15_16_24-1311000073/image/0000063.jpg,SUNRGBD/realsense/lg/2014_10_27-15_16_24-1311000073/depth_bfx/0000063.png,rule,"{""concept"": ""bench"", ""reason"": ""category_or_scene_type_plausible""}"
test_007060,realsense/lg/2014_10_24-09_26_45-1311000073,scene:realsense/lg/2014_10_24-09_26_45-1311000073,realsense,classroom,test,existence,negative,1,Do you see a bookshelf here?,,no,yes_no,yes|no,SUNRGBD/realsense/lg/2014_10_24-09_26_45-1311000073/image/0000063.jpg,SUNRGBD/realsense/lg/2014_10_24-09_26_45-1311000073/depth_bfx/0000063.png,rule,"{""concept"": ""bookshelf"", ""reason"": ""category_or_scene_type_plausible""}"
test_014066,realsense/lg/2014_10_25-17_56_51-1311000073,scene:realsense/lg/2014_10_25-17_56_51-1311000073,realsense,office,test,existence,positive,4,Is a book present in this scene?,,yes,yes_no,yes|no,SUNRGBD/realsense/lg/2014_10_25-17_56_51-1311000073/image/0000063.jpg,SUNRGBD/realsense/lg/2014_10_25-17_56_51-1311000073/depth_bfx/0000063.png,rule,"{""concept"": ""book"", ""object_index"": 3, ""area_frac"": 0.01623429596997879}"
test_000466,realsense/lg/2014_10_24-09_21_50-1311000073,scene:realsense/lg/2014_10_24-09_21_50-1311000073,realsense,rest_space,test,existence,negative,4,Is a blind present in this scene?,,no,yes_no,yes|no,SUNRGBD/realsense/lg/2014_10_24-09_21_50-1311000073/image/0000063.jpg,SUNRGBD/realsense/lg/2014_10_24-09_21_50-1311000073/depth_bfx/0000063.png,rule,"{""concept"": ""blind"", ""reason"": ""category_or_scene_type_plausible""}"
test_003217,realsense/lg/2014_10_26-14_03_55-1311000073,scene:realsense/lg/2014_10_26-14_03_55-1311000073,realsense,library,test,existence,negative,0,Is there a sink in this room?,,no,yes_no,yes|no,SUNRGBD/realsense/lg/2014_10_26-14_03_55-1311000073/image/0000064.jpg,SUNRGBD/realsense/lg/2014_10_26-14_03_55-1311000073/depth_bfx/0000064.png,rule,"{""concept"": ""sink"", ""reason"": ""category_or_scene_type_plausible""}"
test_000827,realsense/lg/2014_10_24-13_49_01-1311000073,scene:realsense/lg/2014_10_24-13_49_01-1311000073,realsense,conference_room,test,existence,negative,4,Is a doorknob present in this scene?,,no,yes_no,yes|no,SUNRGBD/realsense/lg/2014_10_24-13_49_01-1311000073/image/0000046.jpg,SUNRGBD/realsense/lg/2014_10_24-13_49_01-1311000073/depth_bfx/0000046.png,rule,"{""concept"": ""doorknob"", ""reason"": ""category_or_scene_type_plausible""}"
test_012643,realsense/sa/2014_10_21-18_18_04-1311000073,scene:realsense/sa/2014_10_21-18_18_04-1311000073,realsense,classroom,test,existence,negative,2,Does this room contain a ottoman?,,no,yes_no,yes|no,SUNRGBD/realsense/sa/2014_10_21-18_18_04-1311000073/image/0000063.jpg,SUNRGBD/realsense/sa/2014_10_21-18_18_04-1311000073/depth_bfx/0000063.png,rule,"{""concept"": ""ottoman"", ""reason"": ""category_or_scene_type_plausible""}"
test_006025,realsense/sa/2014_10_21-18_15_53-1311000073,scene:realsense/sa/2014_10_21-18_15_53-1311000073,realsense,discussion_area,test,existence,positive,4,Is a chair present in this scene?,,yes,yes_no,yes|no,SUNRGBD/realsense/sa/2014_10_21-18_15_53-1311000073/image/0000063.jpg,SUNRGBD/realsense/sa/2014_10_21-18_15_53-1311000073/depth_bfx/0000063.png,rule,"{""concept"": ""chair"", ""object_index"": 12, ""area_frac"": 0.008435860634770514}"
test_000558,realsense/lg/2014_10_24-09_28_09-1311000073,scene:realsense/lg/2014_10_24-09_28_09-1311000073,realsense,rest_space,test,existence,negative,1,Do you see a door here?,,no,yes_no,yes|no,SUNRGBD/realsense/lg/2014_10_24-09_28_09-1311000073/image/0000063.jpg,SUNRGBD/realsense/lg/2014_10_24-09_28_09-1311000073/depth_bfx/0000063.png,rule,"{""concept"": ""door"", ""reason"": ""category_or_scene_type_plausible""}"
test_013666,realsense/lg/2014_10_30-15_44_22-1311000073,scene:realsense/lg/2014_10_30-15_44_22-1311000073,realsense,computer_room,test,existence,negative,4,Is a tag present in this scene?,,no,yes_no,yes|no,SUNRGBD/realsense/lg/2014_10_30-15_44_22-1311000073/image/0000066.jpg,SUNRGBD/realsense/lg/2014_10_30-15_44_22-1311000073/depth_bfx/0000066.png,rule,"{""concept"": ""tag"", ""reason"": ""category_or_scene_type_plausible""}"
test_009999,realsense/lg/2014_10_25-17_46_55-1311000073,scene:realsense/lg/2014_10_25-17_46_55-1311000073,realsense,classroom,test,existence,negative,4,Is a whiteboard present in this scene?,,no,yes_no,yes|no,SUNRGBD/realsense/lg/2014_10_25-17_46_55-1311000073/image/0000063.jpg,SUNRGBD/realsense/lg/2014_10_25-17_46_55-1311000073/depth_bfx/0000063.png,rule,"{""concept"": ""whiteboard"", ""reason"": ""category_or_scene_type_plausible""}"
test_004218,realsense/lg/2014_10_28-14_58_08-1311000073,scene:realsense/lg/2014_10_28-14_58_08-1311000073,realsense,library,test,existence,positive,3,Can you spot a chair in the picture?,,yes,yes_no,yes|no,SUNRGBD/realsense/lg/2014_10_28-14_58_08-1311000073/image/0000063.jpg,SUNRGBD/realsense/lg/2014_10_28-14_58_08-1311000073/depth_bfx/0000063.png,rule,"{""concept"": ""chair"", ""object_index"": 9, ""area_frac"": 0.012819023757573746}"
