question_id,image_id,sequence_id,sensor,scene_type,split,question_type,variant,template_id,question,question_paraphrased,answer,answer_type,answer_space,image_path,depth_path,source,evidence
train_000000,41127082/1079.616,41127082,lidar,unknown,train,existence,positive,5,Is there any cabinet visible in the image?,,yes,yes_no,yes|no,ARKitScenes/3dod/Training/41127082/41127082_frames/lowres_wide/41127082_1079.616.png,ARKitScenes/3dod/Training/41127082/41127082_frames/lowres_depth/41127082_1079.616.png,rule,"{""concept"": ""cabinet"", ""object_index"": 1, ""area_frac"": 0.34935633242242675}"
train_000001,47670124/41667.395,47670124,lidar,unknown,train,relative_depth,farther,4,"Of the table and the cabinet, which is farther?",,cabinet,choice,table|cabinet,ARKitScenes/3dod/Training/47670124/47670124_frames/lowres_wide/47670124_41667.395.png,ARKitScenes/3dod/Training/47670124/47670124_frames/lowres_depth/47670124_41667.395.png,rule,"{""a_concept"": ""cabinet"", ""a_depth_m"": 1.8270000219345093, ""b_concept"": ""table"", ""b_depth_m"": 1.375, ""comparative"": ""farther"", ""answer_concept"": ""cabinet""}"
train_000002,47204377/18094.938,47204377,lidar,unknown,train,relative_depth,farther,4,"Of the table and the television, which is farther?",,television,choice,table|television,ARKitScenes/3dod/Training/47204377/47204377_frames/lowres_wide/47204377_18094.938.png,ARKitScenes/3dod/Training/47204377/47204377_frames/lowres_depth/47204377_18094.938.png,rule,"{""a_concept"": ""table"", ""a_depth_m"": 1.6859999895095825, ""b_concept"": ""television"", ""b_depth_m"": 2.4700000286102295, ""comparative"": ""farther"", ""answer_concept"": ""television""}"
train_000003,42897931/349894.590,42897931,lidar,unknown,train,left_right,,2,"Looking at the toilet, is the bathtub positioned on its left or right?",,left,choice,left|right,ARKitScenes/3dod/Training/42897931/42897931_frames/lowres_wide/42897931_349894.590.png,ARKitScenes/3dod/Training/42897931/42897931_frames/lowres_depth/42897931_349894.590.png,rule,"{""a_concept"": ""bathtub"", ""b_concept"": ""toilet"", ""a_centroid_x"": 44.44317161435314, ""b_centroid_x"": 118.43208981128498, ""horizontal_gap_px"": 73.98891819693185, ""image_width"": 256}"
train_000004,47334938/663119.104,47334938,lidar,unknown,train,relative_depth,closer,1,"Between the sofa and the television, which one is closer to the camera?",,sofa,choice,sofa|television,ARKitScenes/3dod/Training/47334938/47334938_frames/lowres_wide/47334938_663119.104.png,ARKitScenes/3dod/Training/47334938/47334938_frames/lowres_depth/47334938_663119.104.png,rule,"{""a_concept"": ""television"", ""a_depth_m"": 3.2260000705718994, ""b_concept"": ""sofa"", ""b_depth_m"": 2.497999906539917, ""comparative"": ""closer"", ""answer_concept"": ""sofa""}"
train_000005,41159823/86654.081,41159823,lidar,unknown,train,relative_depth,closer,1,"Between the sink and the toilet, which one is closer to the camera?",,toilet,choice,sink|toilet,ARKitScenes/3dod/Training/41159823/41159823_frames/lowres_wide/41159823_86654.081.png,ARKitScenes/3dod/Training/41159823/41159823_frames/lowres_depth/41159823_86654.081.png,rule,"{""a_concept"": ""toilet"", ""a_depth_m"": 1.7079999446868896, ""b_concept"": ""sink"", ""b_depth_m"": 2.049999952316284, ""comparative"": ""closer"", ""answer_concept"": ""toilet""}"
train_000006,42898216/695029.237,42898216,lidar,unknown,train,relative_depth,closer,1,"Between the sofa and the stool, which one is closer to the camera?",,stool,choice,sofa|stool,ARKitScenes/3dod/Training/42898216/42898216_frames/lowres_wide/42898216_695029.237.png,ARKitScenes/3dod/Training/42898216/42898216_frames/lowres_depth/42898216_695029.237.png,rule,"{""a_concept"": ""sofa"", ""a_depth_m"": 2.1029999256134033, ""b_concept"": ""stool"", ""b_depth_m"": 0.9980000257492065, ""comparative"": ""closer"", ""answer_concept"": ""stool""}"
train_000007,42444849/95078.249,42444849,lidar,unknown,train,left_right,,2,"Looking at the table, is the cabinet positioned on its left or right?",,right,choice,left|right,ARKitScenes/3dod/Training/42444849/42444849_frames/lowres_wide/42444849_95078.249.png,ARKitScenes/3dod/Training/42444849/42444849_frames/lowres_depth/42444849_95078.249.png,rule,"{""a_concept"": ""cabinet"", ""b_concept"": ""table"", ""a_centroid_x"": 210.9657243027631, ""b_centroid_x"": 148.96806071960907, ""horizontal_gap_px"": 61.997663583154036, ""image_width"": 256}"
train_000008,47430751/336942.153,47430751,lidar,unknown,train,relative_depth,closer,3,"Which object is closer to the camera, the cabinet or the table?",,table,choice,cabinet|table,ARKitScenes/3dod/Training/47430751/47430751_frames/lowres_wide/47430751_336942.153.png,ARKitScenes/3dod/Training/47430751/47430751_frames/lowres_depth/47430751_336942.153.png,rule,"{""a_concept"": ""table"", ""a_depth_m"": 1.034000039100647, ""b_concept"": ""cabinet"", ""b_depth_m"": 1.3860000371932983, ""comparative"": ""closer"", ""answer_concept"": ""table""}"
train_000009,41254551/136543.034,41254551,lidar,unknown,train,identify_superlative,closest_camera,4,"Not counting the room's walls, floor, or ceiling, which object is closest to us in this image?",,sofa,object,,ARKitScenes/3dod/Training/41254551/41254551_frames/lowres_wide/41254551_136543.034.png,ARKitScenes/3dod/Training/41254551/41254551_frames/lowres_depth/41254551_136543.034.png,rule,"{""winner_concept"": ""sofa"", ""winner_object_index"": 0, ""winner_area_frac"": 0.08039268703092128, ""winner_depth_m"": 2.943000078201294, ""runner_up_concept"": ""stool"", ""runner_up_area_frac"": 0.006069899546953958, ""runner_up_depth_m"": 5.414000034332275}"
train_000010,45261527/45678.357,45261527,lidar,unknown,train,nearest_object,,1,Which object is nearest to the cabinet?,,television,object,,ARKitScenes/3dod/Training/45261527/45261527_frames/lowres_wide/45261527_45678.357.png,ARKitScenes/3dod/Training/45261527/45261527_frames/lowres_depth/45261527_45678.357.png,rule,"{""anchor_concept"": ""cabinet"", ""anchor_object_index"": 3, ""answer_concept"": ""television"", ""answer_object_index"": 4, ""nearest_distance_m"": 0.456, ""second_nearest_distance_m"": 0.997}"
train_000011,41126779/4599.954,41126779,lidar,unknown,train,nearest_object,,4,What is right next to the stool?,,chair,object,,ARKitScenes/3dod/Training/41126779/41126779_frames/lowres_wide/41126779_4599.954.png,ARKitScenes/3dod/Training/41126779/41126779_frames/lowres_depth/41126779_4599.954.png,rule,"{""anchor_concept"": ""stool"", ""anchor_object_index"": 17, ""answer_concept"": ""chair"", ""answer_object_index"": 20, ""nearest_distance_m"": 0.854, ""second_nearest_distance_m"": 1.527}"
train_000012,41126783/4701.946,41126783,lidar,unknown,train,nearest_object,,0,What is the closest object to the chair?,,shelf,object,,ARKitScenes/3dod/Training/41126783/41126783_frames/lowres_wide/41126783_4701.946.png,ARKitScenes/3dod/Training/41126783/41126783_frames/lowres_depth/41126783_4701.946.png,rule,"{""anchor_concept"": ""chair"", ""anchor_object_index"": 25, ""answer_concept"": ""shelf"", ""answer_object_index"": 22, ""nearest_distance_m"": 0.799, ""second_nearest_distance_m"": 1.063}"
train_000013,47332505/343952.791,47332505,lidar,unknown,train,relative_depth,closer,2,Is the television or the table closer to the camera?,,television,choice,television|table,ARKitScenes/3dod/Training/47332505/47332505_frames/lowres_wide/47332505_343952.791.png,ARKitScenes/3dod/Training/47332505/47332505_frames/lowres_depth/47332505_343952.791.png,rule,"{""a_concept"": ""table"", ""a_depth_m"": 2.0369999408721924, ""b_concept"": ""television"", ""b_depth_m"": 1.6519999504089355, ""comparative"": ""closer"", ""answer_concept"": ""television""}"
train_000014,42899430/188120.345,42899430,lidar,unknown,train,relative_depth,closer,3,"Which object is closer to the camera, the chair or the sofa?",,sofa,choice,chair|sofa,ARKitScenes/3dod/Training/42899430/42899430_frames/lowres_wide/42899430_188120.345.png,ARKitScenes/3dod/Training/42899430/42899430_frames/lowres_depth/42899430_188120.345.png,rule,"{""a_concept"": ""sofa"", ""a_depth_m"": 2.9839999675750732, ""b_concept"": ""chair"", ""b_depth_m"": 4.065999984741211, ""comparative"": ""closer"", ""answer_concept"": ""sofa""}"
train_000015,47895656/368592.185,47895656,lidar,unknown,train,nearest_object,,3,Which item is positioned nearest to the cabinet?,,table,object,,ARKitScenes/3dod/Training/47895656/47895656_frames/lowres_wide/47895656_368592.185.png,ARKitScenes/3dod/Training/47895656/47895656_frames/lowres_depth/47895656_368592.185.png,rule,"{""anchor_concept"": ""cabinet"", ""anchor_object_index"": 7, ""answer_concept"": ""table"", ""answer_object_index"": 8, ""nearest_distance_m"": 0.195, ""second_nearest_distance_m"": 0.339}"
train_000016,45260957/5950.712,45260957,lidar,unknown,train,relative_depth,closer,0,"Which is closer to the camera, the cabinet or the chair?",,cabinet,choice,cabinet|chair,ARKitScenes/3dod/Training/45260957/45260957_frames/lowres_wide/45260957_5950.712.png,ARKitScenes/3dod/Training/45260957/45260957_frames/lowres_depth/45260957_5950.712.png,rule,"{""a_concept"": ""chair"", ""a_depth_m"": 2.760999917984009, ""b_concept"": ""cabinet"", ""b_depth_m"": 1.5959999561309814, ""comparative"": ""closer"", ""answer_concept"": ""cabinet""}"
train_000017,47334714/533667.003,47334714,lidar,unknown,train,left_right,,4,"Which side of the cabinet is the chair on, left or right?",,left,choice,left|right,ARKitScenes/3dod/Training/47334714/47334714_frames/lowres_wide/47334714_533667.003.png,ARKitScenes/3dod/Training/47334714/47334714_frames/lowres_depth/47334714_533667.003.png,rule,"{""a_concept"": ""chair"", ""b_concept"": ""cabinet"", ""a_centroid_x"": 38.78428622707053, ""b_centroid_x"": 213.76742971446123, ""horizontal_gap_px"": 174.9831434873907, ""image_width"": 256}"
train_000018,47333055/60343.802,47333055,lidar,unknown,train,left_right,,5,"From the cabinet, which direction is the table in, left or right?",,left,choice,left|right,ARKitScenes/3dod/Training/47333055/47333055_frames/lowres_wide/47333055_60343.802.png,ARKitScenes/3dod/Training/47333055/47333055_frames/lowres_depth/47333055_60343.802.png,rule,"{""a_concept"": ""table"", ""b_concept"": ""cabinet"", ""a_centroid_x"": 88.50804062467078, ""b_centroid_x"": 167.7824924592191, ""horizontal_gap_px"": 79.27445183454832, ""image_width"": 256}"
train_000019,47204398/23852.897,47204398,lidar,unknown,train,relative_depth,farther,1,"Between the television and the bed, which one is farther from the camera?",,television,choice,television|bed,ARKitScenes/3dod/Training/47204398/47204398_frames/lowres_wide/47204398_23852.897.png,ARKitScenes/3dod/Training/47204398/47204398_frames/lowres_depth/47204398_23852.897.png,rule,"{""a_concept"": ""bed"", ""a_depth_m"": 1.593999981880188, ""b_concept"": ""television"", ""b_depth_m"": 1.9789999723434448, ""comparative"": ""farther"", ""answer_concept"": ""television""}"
train_000020,48018286/799457.841,48018286,lidar,unknown,train,nearest_object,,5,Which object is closest in distance to the sofa?,,chair,object,,ARKitScenes/3dod/Training/48018286/48018286_frames/lowres_wide/48018286_799457.841.png,ARKitScenes/3dod/Training/48018286/48018286_frames/lowres_depth/48018286_799457.841.png,rule,"{""anchor_concept"": ""sofa"", ""anchor_object_index"": 18, ""answer_concept"": ""chair"", ""answer_object_index"": 19, ""nearest_distance_m"": 0.971, ""second_nearest_distance_m"": 1.509}"
train_000021,47115150/86938.900,47115150,lidar,unknown,train,existence,negative,5,Is there any television visible in the image?,,no,yes_no,yes|no,ARKitScenes/3dod/Training/47115150/47115150_frames/lowres_wide/47115150_86938.900.png,ARKitScenes/3dod/Training/47115150/47115150_frames/lowres_depth/47115150_86938.900.png,rule,"{""concept"": ""television"", ""reason"": ""category_or_scene_type_plausible""}"
train_000022,42446466/355402.679,42446466,lidar,unknown,train,nearest_object,,4,What is right next to the table?,,sofa,object,,ARKitScenes/3dod/Training/42446466/42446466_frames/lowres_wide/42446466_355402.679.png,ARKitScenes/3dod/Training/42446466/42446466_frames/lowres_depth/42446466_355402.679.png,rule,"{""anchor_concept"": ""table"", ""anchor_object_index"": 14, ""answer_concept"": ""sofa"", ""answer_object_index"": 12, ""nearest_distance_m"": 0.389, ""second_nearest_distance_m"": 1.059}"
train_000023,47331294/14786.773,47331294,lidar,unknown,train,relative_depth,closer,3,"Which object is closer to the camera, the cabinet or the table?",,cabinet,choice,cabinet|table,ARKitScenes/3dod/Training/47331294/47331294_frames/lowres_wide/47331294_14786.773.png,ARKitScenes/3dod/Training/47331294/47331294_frames/lowres_depth/47331294_14786.773.png,rule,"{""a_concept"": ""table"", ""a_depth_m"": 1.2549999952316284, ""b_concept"": ""cabinet"", ""b_depth_m"": 0.8019999861717224, ""comparative"": ""closer"", ""answer_concept"": ""cabinet""}"
train_000024,42899358/716447.099,42899358,lidar,unknown,train,left_right,,1,"Relative to the cabinet, is the bed on the left or the right?",,right,choice,left|right,ARKitScenes/3dod/Training/42899358/42899358_frames/lowres_wide/42899358_716447.099.png,ARKitScenes/3dod/Training/42899358/42899358_frames/lowres_depth/42899358_716447.099.png,rule,"{""a_concept"": ""bed"", ""b_concept"": ""cabinet"", ""a_centroid_x"": 213.8799597234148, ""b_centroid_x"": 173.9126701089756, ""horizontal_gap_px"": 39.96728961443921, ""image_width"": 256}"
train_000025,45261397/29132.171,45261397,lidar,unknown,train,identify_superlative,farthest_camera,4,"Not counting the room's walls, floor, or ceiling, which object is farthest away in this image?",,shelf,object,,ARKitScenes/3dod/Training/45261397/45261397_frames/lowres_wide/45261397_29132.171.png,ARKitScenes/3dod/Training/45261397/45261397_frames/lowres_depth/45261397_29132.171.png,rule,"{""winner_concept"": ""shelf"", ""winner_object_index"": 2, ""winner_area_frac"": 0.027618350764146236, ""winner_depth_m"": 1.6759999990463257, ""runner_up_concept"": null, ""runner_up_area_frac"": null, ""runner_up_depth_m"": null}"
train_000026,42898247/167673.047,42898247,lidar,unknown,train,relative_depth,farther,4,"Of the sofa and the television, which is farther?",,television,choice,sofa|television,ARKitScenes/3dod/Training/42898247/42898247_frames/lowres_wide/42898247_167673.047.png,ARKitScenes/3dod/Training/42898247/42898247_frames/lowres_depth/42898247_167673.047.png,rule,"{""a_concept"": ""sofa"", ""a_depth_m"": 3.0190000534057617, ""b_concept"": ""television"", ""b_depth_m"": 3.634000062942505, ""comparative"": ""farther"", ""answer_concept"": ""television""}"
train_000027,47115649/4950.573,47115649,lidar,unknown,train,relative_depth,farther,4,"Of the sofa and the table, which is farther?",,sofa,choice,sofa|table,ARKitScenes/3dod/Training/47115649/47115649_frames/lowres_wide/47115649_4950.573.png,ARKitScenes/3dod/Training/47115649/47115649_frames/lowres_depth/47115649_4950.573.png,rule,"{""a_concept"": ""sofa"", ""a_depth_m"": 2.7200000286102295, ""b_concept"": ""table"", ""b_depth_m"": 0.777999997138977, ""comparative"": ""farther"", ""answer_concept"": ""sofa""}"
train_000028,47331536/4432.490,47331536,lidar,unknown,train,left_right,,3,Is the sofa on the left side or the right side of the table?,,right,choice,left|right,ARKitScenes/3dod/Training/47331536/47331536_frames/lowres_wide/47331536_4432.490.png,ARKitScenes/3dod/Training/47331536/47331536_frames/lowres_depth/47331536_4432.490.png,rule,"{""a_concept"": ""sofa"", ""b_concept"": ""table"", ""a_centroid_x"": 162.28544028228967, ""b_centroid_x"": 49.0849351083564, ""horizontal_gap_px"": 113.20050517393327, ""image_width"": 256}"
train_000029,42899489/197728.257,42899489,lidar,unknown,train,nearest_object,,5,Which object is closest in distance to the cabinet?,,chair,object,,ARKitScenes/3dod/Training/42899489/42899489_frames/lowres_wide/42899489_197728.257.png,ARKitScenes/3dod/Training/42899489/42899489_frames/lowres_depth/42899489_197728.257.png,rule,"{""anchor_concept"": ""cabinet"", ""anchor_object_index"": 9, ""answer_concept"": ""chair"", ""answer_object_index"": 6, ""nearest_distance_m"": 1.024, ""second_nearest_distance_m"": 1.87}"
train_000030,43896223/4944.315,43896223,lidar,unknown,train,nearest_object,,1,Which object is nearest to the cabinet?,,stool,object,,ARKitScenes/3dod/Training/43896223/43896223_frames/lowres_wide/43896223_4944.315.png,ARKitScenes/3dod/Training/43896223/43896223_frames/lowres_depth/43896223_4944.315.png,rule,"{""anchor_concept"": ""cabinet"", ""anchor_object_index"": 4, ""answer_concept"": ""stool"", ""answer_object_index"": 5, ""nearest_distance_m"": 0.571, ""second_nearest_distance_m"": 1.324}"
train_000031,43828435/90496.055,43828435,lidar,unknown,train,identify_superlative,farthest_camera,5,"Excluding the walls, floor, and ceiling, what is the most distant visible object in the scene?",,cabinet,object,,ARKitScenes/3dod/Training/43828435/43828435_frames/lowres_wide/43828435_90496.055.png,ARKitScenes/3dod/Training/43828435/43828435_frames/lowres_depth/43828435_90496.055.png,rule,"{""winner_concept"": ""cabinet"", ""winner_object_index"": 0, ""winner_area_frac"": 0.1614710945240263, ""winner_depth_m"": 2.9509999752044678, ""runner_up_concept"": null, ""runner_up_area_frac"": null, ""runner_up_depth_m"": null}"
train_000032,47430852/72664.314,47430852,lidar,unknown,train,existence,negative,2,Does this room contain a bathtub?,,no,yes_no,yes|no,ARKitScenes/3dod/Training/47430852/47430852_frames/lowres_wide/47430852_72664.314.png,ARKitScenes/3dod/Training/47430852/47430852_frames/lowres_depth/47430852_72664.314.png,rule,"{""concept"": ""bathtub"", ""reason"": ""category_or_scene_type_plausible""}"
train_000033,43649451/12739.355,43649451,lidar,unknown,train,nearest_object,,4,What is right next to the table?,,stool,object,,ARKitScenes/3dod/Training/43649451/43649451_frames/lowres_wide/43649451_12739.355.png,ARKitScenes/3dod/Training/43649451/43649451_frames/lowres_depth/43649451_12739.355.png,rule,"{""anchor_concept"": ""table"", ""anchor_object_index"": 3, ""answer_concept"": ""stool"", ""answer_object_index"": 4, ""nearest_distance_m"": 0.165, ""second_nearest_distance_m"": 1.292}"
train_000034,47332792/47337.410,47332792,lidar,unknown,train,existence,positive,2,Does this room contain a shelf?,,yes,yes_no,yes|no,ARKitScenes/3dod/Training/47332792/47332792_frames/lowres_wide/47332792_47337.410.png,ARKitScenes/3dod/Training/47332792/47332792_frames/lowres_depth/47332792_47337.410.png,rule,"{""concept"": ""shelf"", ""object_index"": 3, ""area_frac"": 0.022088581497249512}"
train_000035,47670124/41682.906,47670124,lidar,unknown,train,nearest_object,,4,What is right next to the cabinet?,,sofa,object,,ARKitScenes/3dod/Training/47670124/47670124_frames/lowres_wide/47670124_41682.906.png,ARKitScenes/3dod/Training/47670124/47670124_frames/lowres_depth/47670124_41682.906.png,rule,"{""anchor_concept"": ""cabinet"", ""anchor_object_index"": 0, ""answer_concept"": ""sofa"", ""answer_object_index"": 6, ""nearest_distance_m"": 0.896, ""second_nearest_distance_m"": 1.163}"
train_000036,48018455/527124.969,48018455,lidar,unknown,train,existence,negative,2,Does this room contain a television?,,no,yes_no,yes|no,ARKitScenes/3dod/Training/48018455/48018455_frames/lowres_wide/48018455_527124.969.png,ARKitScenes/3dod/Training/48018455/48018455_frames/lowres_depth/48018455_527124.969.png,rule,"{""concept"": ""television"", ""reason"": ""category_or_scene_type_plausible""}"
train_000037,47669903/12275.248,47669903,lidar,unknown,train,existence,negative,1,Do you see a cabinet here?,,no,yes_no,yes|no,ARKitScenes/3dod/Training/47669903/47669903_frames/lowres_wide/47669903_12275.248.png,ARKitScenes/3dod/Training/47669903/47669903_frames/lowres_depth/47669903_12275.248.png,rule,"{""concept"": ""cabinet"", ""reason"": ""category_or_scene_type_plausible""}"
train_000038,41254720/128239.109,41254720,lidar,unknown,train,existence,positive,5,Is there any cabinet visible in the image?,,yes,yes_no,yes|no,ARKitScenes/3dod/Training/41254720/41254720_frames/lowres_wide/41254720_128239.109.png,ARKitScenes/3dod/Training/41254720/41254720_frames/lowres_depth/41254720_128239.109.png,rule,"{""concept"": ""cabinet"", ""object_index"": 6, ""area_frac"": 0.014349745859330751}"
train_000039,47334052/85618.454,47334052,lidar,unknown,train,identify_superlative,closest_camera,1,"Excluding the walls, floor, and ceiling, what is the nearest object to the camera?",,sink,object,,ARKitScenes/3dod/Training/47334052/47334052_frames/lowres_wide/47334052_85618.454.png,ARKitScenes/3dod/Training/47334052/47334052_frames/lowres_depth/47334052_85618.454.png,rule,"{""winner_concept"": ""sink"", ""winner_object_index"": 5, ""winner_area_frac"": 0.26972199225774723, ""winner_depth_m"": 0.8420000076293945, ""runner_up_concept"": ""cabinet"", ""runner_up_area_frac"": 0.10337173545042361, ""runner_up_depth_m"": 1.2970000505447388}"
train_000040,43828517/102947.412,43828517,lidar,unknown,train,relative_depth,farther,2,Is the fireplace or the sofa farther from the camera?,,fireplace,choice,fireplace|sofa,ARKitScenes/3dod/Training/43828517/43828517_frames/lowres_wide/43828517_102947.412.png,ARKitScenes/3dod/Training/43828517/43828517_frames/lowres_depth/43828517_102947.412.png,rule,"{""a_concept"": ""fireplace"", ""a_depth_m"": 3.563999891281128, ""b_concept"": ""sofa"", ""b_depth_m"": 1.253000020980835, ""comparative"": ""farther"", ""answer_concept"": ""fireplace""}"
train_000041,47430213/688599.064,47430213,lidar,unknown,train,left_right,,4,"Which side of the cabinet is the shelf on, left or right?",,right,choice,left|right,ARKitScenes/3dod/Training/47430213/47430213_frames/lowres_wide/47430213_688599.064.png,ARKitScenes/3dod/Training/47430213/47430213_frames/lowres_depth/47430213_688599.064.png,rule,"{""a_concept"": ""shelf"", ""b_concept"": ""cabinet"", ""a_centroid_x"": 250.38751122012255, ""b_centroid_x"": 222.8359457409147, ""horizontal_gap_px"": 27.551565479207852, ""image_width"": 256}"
train_000042,47331084/133938.996,47331084,lidar,unknown,train,left_right,,3,Is the sofa on the left side or the right side of the cabinet?,,left,choice,left|right,ARKitScenes/3dod/Training/47331084/47331084_frames/lowres_wide/47331084_133938.996.png,ARKitScenes/3dod/Training/47331084/47331084_frames/lowres_depth/47331084_133938.996.png,rule,"{""a_concept"": ""sofa"", ""b_concept"": ""cabinet"", ""a_centroid_x"": 39.491481060892646, ""b_centroid_x"": 253.69198193503252, ""horizontal_gap_px"": 214.20050087413986, ""image_width"": 256}"
train_000043,48458260/74323.070,48458260,lidar,unknown,train,existence,positive,2,Does this room contain a shelf?,,yes,yes_no,yes|no,ARKitScenes/3dod/Training/48458260/48458260_frames/lowres_wide/48458260_74323.070.png,ARKitScenes/3dod/Training/48458260/48458260_frames/lowres_depth/48458260_74323.070.png,rule,"{""concept"": ""shelf"", ""object_index"": 1, ""area_frac"": 0.26649899024361656}"
train_000044,41126742/3044.511,41126742,lidar,unknown,train,existence,positive,1,Do you see a sink here?,,yes,yes_no,yes|no,ARKitScenes/3dod/Training/41126742/41126742_frames/lowres_wide/41126742_3044.511.png,ARKitScenes/3dod/Training/41126742/41126742_frames/lowres_depth/41126742_3044.511.png,rule,"{""concept"": ""sink"", ""object_index"": 1, ""area_frac"": 0.22722799342432856}"
train_000045,41126742/3034.231,41126742,lidar,unknown,train,relative_depth,closer,5,"Which one is closer, the toilet or the sink?",,sink,choice,toilet|sink,ARKitScenes/3dod/Training/41126742/41126742_frames/lowres_wide/41126742_3034.231.png,ARKitScenes/3dod/Training/41126742/41126742_frames/lowres_depth/41126742_3034.231.png,rule,"{""a_concept"": ""sink"", ""a_depth_m"": 1.781999945640564, ""b_concept"": ""toilet"", ""b_depth_m"": 2.2639999389648438, ""comparative"": ""closer"", ""answer_concept"": ""sink""}"
train_000046,45260984/20762.911,45260984,lidar,unknown,train,left_right,,5,"From the television, which direction is the table in, left or right?",,right,choice,left|right,ARKitScenes/3dod/Training/45260984/45260984_frames/lowres_wide/45260984_20762.911.png,ARKitScenes/3dod/Training/45260984/45260984_frames/lowres_depth/45260984_20762.911.png,rule,"{""a_concept"": ""table"", ""b_concept"": ""television"", ""a_centroid_x"": 176.79400881595112, ""b_centroid_x"": 106.73253267131378, ""horizontal_gap_px"": 70.06147614463734, ""image_width"": 256}"
train_000047,47331705/9759.553,47331705,lidar,unknown,train,relative_depth,closer,1,"Between the table and the sofa, which one is closer to the camera?",,table,choice,table|sofa,ARKitScenes/3dod/Training/47331705/47331705_frames/lowres_wide/47331705_9759.553.png,ARKitScenes/3dod/Training/47331705/47331705_frames/lowres_depth/47331705_9759.553.png,rule,"{""a_concept"": ""sofa"", ""a_depth_m"": 2.058000087738037, ""b_concept"": ""table"", ""b_depth_m"": 1.590999960899353, ""comparative"": ""closer"", ""answer_concept"": ""table""}"
train_000048,43649648/40280.834,43649648,lidar,unknown,train,existence,positive,1,Do you see a sink here?,,yes,yes_no,yes|no,ARKitScenes/3dod/Training/43649648/43649648_frames/lowres_wide/43649648_40280.834.png,ARKitScenes/3dod/Training/43649648/43649648_frames/lowres_depth/43649648_40280.834.png,rule,"{""concept"": ""sink"", ""object_index"": 2, ""area_frac"": 0.2803546925938512}"
train_000049,43896117/146008.136,43896117,lidar,unknown,train,relative_depth,closer,5,"Which one is closer, the bed or the cabinet?",,bed,choice,bed|cabinet,ARKitScenes/3dod/Training/43896117/43896117_frames/lowres_wide/43896117_146008.136.png,ARKitScenes/3dod/Training/43896117/43896117_frames/lowres_depth/43896117_146008.136.png,rule,"{""a_concept"": ""bed"", ""a_depth_m"": 1.409000039100647, ""b_concept"": ""cabinet"", ""b_depth_m"": 1.9769999980926514, ""comparative"": ""closer"", ""answer_concept"": ""bed""}"
train_000050,42445938/79452.883,42445938,lidar,unknown,train,identify_superlative,closest_camera,4,"Not counting the room's walls, floor, or ceiling, which object is closest to us in this image?",,table,object,,ARKitScenes/3dod/Training/42445938/42445938_frames/lowres_wide/42445938_79452.883.png,ARKitScenes/3dod/Training/42445938/42445938_frames/lowres_depth/42445938_79452.883.png,rule,"{""winner_concept"": ""table"", ""winner_object_index"": 2, ""winner_area_frac"": 0.05807303514172196, ""winner_depth_m"": 1.399999976158142, ""runner_up_concept"": ""sofa"", ""runner_up_area_frac"": 0.21296882085133548, ""runner_up_depth_m"": 2.6619999408721924}"
train_000051,47430739/336597.049,47430739,lidar,unknown,train,existence,positive,5,Is there any television visible in the image?,,yes,yes_no,yes|no,ARKitScenes/3dod/Training/47430739/47430739_frames/lowres_wide/47430739_336597.049.png,ARKitScenes/3dod/Training/47430739/47430739_frames/lowres_depth/47430739_336597.049.png,rule,"{""concept"": ""television"", ""object_index"": 9, ""area_frac"": 0.0649617712221941}"
train_000052,41159448/514.801,41159448,lidar,unknown,train,nearest_object,,3,Which item is positioned nearest to the table?,,sofa,object,,ARKitScenes/3dod/Training/41159448/41159448_frames/lowres_wide/41159448_514.801.png,ARKitScenes/3dod/Training/41159448/41159448_frames/lowres_depth/41159448_514.801.png,rule,"{""anchor_concept"": ""table"", ""anchor_object_index"": 1, ""answer_concept"": ""sofa"", ""answer_object_index"": 0, ""nearest_distance_m"": 1.178, ""second_nearest_distance_m"": 1.665}"
train_000053,47670299/63486.156,47670299,lidar,unknown,train,relative_depth,farther,4,"Of the table and the television, which is farther?",,television,choice,table|television,ARKitScenes/3dod/Training/47670299/47670299_frames/lowres_wide/47670299_63486.156.png,ARKitScenes/3dod/Training/47670299/47670299_frames/lowres_depth/47670299_63486.156.png,rule,"{""a_concept"": ""table"", ""a_depth_m"": 1.4129999876022339, ""b_concept"": ""television"", ""b_depth_m"": 1.8489999771118164, ""comparative"": ""farther"", ""answer_concept"": ""television""}"
train_000054,45261066/14492.431,45261066,lidar,unknown,train,left_right,,4,"Which side of the chair is the cabinet on, left or right?",,left,choice,left|right,ARKitScenes/3dod/Training/45261066/45261066_frames/lowres_wide/45261066_14492.431.png,ARKitScenes/3dod/Training/45261066/45261066_frames/lowres_depth/45261066_14492.431.png,rule,"{""a_concept"": ""cabinet"", ""b_concept"": ""chair"", ""a_centroid_x"": 66.07907987203961, ""b_centroid_x"": 129.429617498629, ""horizontal_gap_px"": 63.350537626589386, ""image_width"": 256}"
train_000055,47204800/24108.056,47204800,lidar,unknown,train,existence,negative,4,Is a television present in this scene?,,no,yes_no,yes|no,ARKitScenes/3dod/Training/47204800/47204800_frames/lowres_wide/47204800_24108.056.png,ARKitScenes/3dod/Training/47204800/47204800_frames/lowres_depth/47204800_24108.056.png,rule,"{""concept"": ""television"", ""reason"": ""category_or_scene_type_plausible""}"
train_000056,42899307/885764.051,42899307,lidar,unknown,train,nearest_object,,4,What is right next to the shelf?,,television,object,,ARKitScenes/3dod/Training/42899307/42899307_frames/lowres_wide/42899307_885764.051.png,ARKitScenes/3dod/Training/42899307/42899307_frames/lowres_depth/42899307_885764.051.png,rule,"{""anchor_concept"": ""shelf"", ""anchor_object_index"": 2, ""answer_concept"": ""television"", ""answer_object_index"": 5, ""nearest_distance_m"": 0.827, ""second_nearest_distance_m"": 1.131}"
train_000057,48018531/823368.892,48018531,lidar,unknown,train,nearest_object,,1,Which object is nearest to the cabinet?,,television,object,,ARKitScenes/3dod/Training/48018531/48018531_frames/lowres_wide/48018531_823368.892.png,ARKitScenes/3dod/Training/48018531/48018531_frames/lowres_depth/48018531_823368.892.png,rule,"{""anchor_concept"": ""cabinet"", ""anchor_object_index"": 0, ""answer_concept"": ""television"", ""answer_object_index"": 1, ""nearest_distance_m"": 0.558, ""second_nearest_distance_m"": 1.249}"
train_000058,47429774/360080.136,47429774,lidar,unknown,train,relative_depth,farther,4,"Of the bed and the table, which is farther?",,table,choice,bed|table,ARKitScenes/3dod/Training/47429774/47429774_frames/lowres_wide/47429774_360080.136.png,ARKitScenes/3dod/Training/47429774/47429774_frames/lowres_depth/47429774_360080.136.png,rule,"{""a_concept"": ""bed"", ""a_depth_m"": 2.5739998817443848, ""b_concept"": ""table"", ""b_depth_m"": 3.496000051498413, ""comparative"": ""farther"", ""answer_concept"": ""table""}"
train_000059,47204398/23841.702,47204398,lidar,unknown,train,identify_superlative,farthest_camera,4,"Not counting the room's walls, floor, or ceiling, which object is farthest away in this image?",,cabinet,object,,ARKitScenes/3dod/Training/47204398/47204398_frames/lowres_wide/47204398_23841.702.png,ARKitScenes/3dod/Training/47204398/47204398_frames/lowres_depth/47204398_23841.702.png,rule,"{""winner_concept"": ""cabinet"", ""winner_object_index"": 2, ""winner_area_frac"": 0.029741461124581883, ""winner_depth_m"": 3.7119998931884766, ""runner_up_concept"": null, ""runner_up_area_frac"": null, ""runner_up_depth_m"": null}"
train_000060,42446072/80531.390,42446072,lidar,unknown,train,left_right,,4,"Which side of the sink is the cabinet on, left or right?",,right,choice,left|right,ARKitScenes/3dod/Training/42446072/42446072_frames/lowres_wide/42446072_80531.390.png,ARKitScenes/3dod/Training/42446072/42446072_frames/lowres_depth/42446072_80531.390.png,rule,"{""a_concept"": ""cabinet"", ""b_concept"": ""sink"", ""a_centroid_x"": 150.07652552478436, ""b_centroid_x"": 95.65386580684381, ""horizontal_gap_px"": 54.42265971794055, ""image_width"": 256}"
train_000061,47331936/164612.344,47331936,lidar,unknown,train,relative_depth,farther,5,"Which one is farther, the sofa or the cabinet?",,cabinet,choice,sofa|cabinet,ARKitScenes/3dod/Training/47331936/47331936_frames/lowres_wide/47331936_164612.344.png,ARKitScenes/3dod/Training/47331936/47331936_frames/lowres_depth/47331936_164612.344.png,rule,"{""a_concept"": ""sofa"", ""a_depth_m"": 1.2050000429153442, ""b_concept"": ""cabinet"", ""b_depth_m"": 1.5820000171661377, ""comparative"": ""farther"", ""answer_concept"": ""cabinet""}"
train_000062,47332197/263642.656,47332197,lidar,unknown,train,relative_depth,farther,0,"Which is farther from the camera, the toilet or the table?",,toilet,choice,toilet|table,ARKitScenes/3dod/Training/47332197/47332197_frames/lowres_wide/47332197_263642.656.png,ARKitScenes/3dod/Training/47332197/47332197_frames/lowres_depth/47332197_263642.656.png,rule,"{""a_concept"": ""toilet"", ""a_depth_m"": 2.117000102996826, ""b_concept"": ""table"", ""b_depth_m"": 1.4329999685287476, ""comparative"": ""farther"", ""answer_concept"": ""toilet""}"
train_000063,42445891/72983.090,42445891,lidar,unknown,train,existence,positive,5,Is there any bathtub visible in the image?,,yes,yes_no,yes|no,ARKitScenes/3dod/Training/42445891/42445891_frames/lowres_wide/42445891_72983.090.png,ARKitScenes/3dod/Training/42445891/42445891_frames/lowres_depth/42445891_72983.090.png,rule,"{""concept"": ""bathtub"", ""object_index"": 2, ""area_frac"": 0.02785545735026321}"
train_000064,43895865/107635.680,43895865,lidar,unknown,train,relative_depth,closer,2,Is the sofa or the stool closer to the camera?,,sofa,choice,sofa|stool,ARKitScenes/3dod/Training/43895865/43895865_frames/lowres_wide/43895865_107635.680.png,ARKitScenes/3dod/Training/43895865/43895865_frames/lowres_depth/43895865_107635.680.png,rule,"{""a_concept"": ""sofa"", ""a_depth_m"": 1.2860000133514404, ""b_concept"": ""stool"", ""b_depth_m"": 3.5190000534057617, ""comparative"": ""closer"", ""answer_concept"": ""sofa""}"
train_000065,45663064/38466.409,45663064,lidar,unknown,train,identify_superlative,farthest_camera,1,"Excluding the walls, floor, and ceiling, what is the most distant object from the camera?",,cabinet,object,,ARKitScenes/3dod/Training/45663064/45663064_frames/lowres_wide/45663064_38466.409.png,ARKitScenes/3dod/Training/45663064/45663064_frames/lowres_depth/45663064_38466.409.png,rule,"{""winner_concept"": ""cabinet"", ""winner_object_index"": 4, ""winner_area_frac"": 0.03700001761063906, ""winner_depth_m"": 3.0910000801086426, ""runner_up_concept"": ""chair"", ""runner_up_area_frac"": 0.14300595580183495, ""runner_up_depth_m"": 1.8279999494552612}"
train_000066,47332648/369106.689,47332648,lidar,unknown,train,existence,positive,4,Is a cabinet present in this scene?,,yes,yes_no,yes|no,ARKitScenes/3dod/Training/47332648/47332648_frames/lowres_wide/47332648_369106.689.png,ARKitScenes/3dod/Training/47332648/47332648_frames/lowres_depth/47332648_369106.689.png,rule,"{""concept"": ""cabinet"", ""object_index"": 13, ""area_frac"": 0.012254380491874895}"
train_000067,48018542/829021.595,48018542,lidar,unknown,train,left_right,,4,"Which side of the toilet is the cabinet on, left or right?",,left,choice,left|right,ARKitScenes/3dod/Training/48018542/48018542_frames/lowres_wide/48018542_829021.595.png,ARKitScenes/3dod/Training/48018542/48018542_frames/lowres_depth/48018542_829021.595.png,rule,"{""a_concept"": ""cabinet"", ""b_concept"": ""toilet"", ""a_centroid_x"": 16.966239325605507, ""b_centroid_x"": 111.78210139581384, ""horizontal_gap_px"": 94.81586207020834, ""image_width"": 256}"
train_000068,47204506/680.273,47204506,lidar,unknown,train,relative_depth,farther,5,"Which one is farther, the shelf or the cabinet?",,shelf,choice,shelf|cabinet,ARKitScenes/3dod/Training/47204506/47204506_frames/lowres_wide/47204506_680.273.png,ARKitScenes/3dod/Training/47204506/47204506_frames/lowres_depth/47204506_680.273.png,rule,"{""a_concept"": ""cabinet"", ""a_depth_m"": 1.8995000123977661, ""b_concept"": ""shelf"", ""b_depth_m"": 2.2920000553131104, ""comparative"": ""farther"", ""answer_concept"": ""shelf""}"
train_000069,47332241/756799.934,47332241,lidar,unknown,train,identify_superlative,farthest_camera,0,"Not counting the walls, floor, or ceiling, which object is farthest from the camera?",,cabinet,object,,ARKitScenes/3dod/Training/47332241/47332241_frames/lowres_wide/47332241_756799.934.png,ARKitScenes/3dod/Training/47332241/47332241_frames/lowres_depth/47332241_756799.934.png,rule,"{""winner_concept"": ""cabinet"", ""winner_object_index"": 7, ""winner_area_frac"": 0.45122171663843, ""winner_depth_m"": 1.3489999771118164, ""runner_up_concept"": null, ""runner_up_area_frac"": null, ""runner_up_depth_m"": null}"
train_000070,47204426/25777.669,47204426,lidar,unknown,train,identify_superlative,closest_camera,3,"Ignoring the walls, floor, and ceiling, what object is nearest the viewer?",,television,object,,ARKitScenes/3dod/Training/47204426/47204426_frames/lowres_wide/47204426_25777.669.png,ARKitScenes/3dod/Training/47204426/47204426_frames/lowres_depth/47204426_25777.669.png,rule,"{""winner_concept"": ""television"", ""winner_object_index"": 1, ""winner_area_frac"": 0.08648237214359694, ""winner_depth_m"": 1.9880000352859497, ""runner_up_concept"": null, ""runner_up_area_frac"": null, ""runner_up_depth_m"": null}"
train_000071,43649451/12764.662,43649451,lidar,unknown,train,nearest_object,,0,What is the closest object to the shelf?,,chair,object,,ARKitScenes/3dod/Training/43649451/43649451_frames/lowres_wide/43649451_12764.662.png,ARKitScenes/3dod/Training/43649451/43649451_frames/lowres_depth/43649451_12764.662.png,rule,"{""anchor_concept"": ""shelf"", ""anchor_object_index"": 8, ""answer_concept"": ""chair"", ""answer_object_index"": 10, ""nearest_distance_m"": 2.532, ""second_nearest_distance_m"": 3.273}"
train_000072,42897769/127549.797,42897769,lidar,unknown,train,identify_superlative,closest_camera,5,"Excluding the walls, floor, and ceiling, what is the closest visible object to the camera?",,sofa,object,,ARKitScenes/3dod/Training/42897769/42897769_frames/lowres_wide/42897769_127549.797.png,ARKitScenes/3dod/Training/42897769/42897769_frames/lowres_depth/42897769_127549.797.png,rule,"{""winner_concept"": ""sofa"", ""winner_object_index"": 18, ""winner_area_frac"": 0.7597095138100814, ""winner_depth_m"": 1.503000020980835, ""runner_up_concept"": null, ""runner_up_area_frac"": null, ""runner_up_depth_m"": null}"
train_000073,48018115/368442.550,48018115,lidar,unknown,train,left_right,,2,"Looking at the refrigerator, is the cabinet positioned on its left or right?",,left,choice,left|right,ARKitScenes/3dod/Training/48018115/48018115_frames/lowres_wide/48018115_368442.550.png,ARKitScenes/3dod/Training/48018115/48018115_frames/lowres_depth/48018115_368442.550.png,rule,"{""a_concept"": ""cabinet"", ""b_concept"": ""refrigerator"", ""a_centroid_x"": 115.18031628010168, ""b_centroid_x"": 193.19499714089608, ""horizontal_gap_px"": 78.0146808607944, ""image_width"": 256}"
train_000074,47115361/856.687,47115361,lidar,unknown,train,relative_depth,farther,4,"Of the chair and the sofa, which is farther?",,chair,choice,chair|sofa,ARKitScenes/3dod/Training/47115361/47115361_frames/lowres_wide/47115361_856.687.png,ARKitScenes/3dod/Training/47115361/47115361_frames/lowres_depth/47115361_856.687.png,rule,"{""a_concept"": ""sofa"", ""a_depth_m"": 1.8839999437332153, ""b_concept"": ""chair"", ""b_depth_m"": 3.753000020980835, ""comparative"": ""farther"", ""answer_concept"": ""chair""}"
train_000075,47332241/756783.324,47332241,lidar,unknown,train,nearest_object,,3,Which item is positioned nearest to the table?,,chair,object,,ARKitScenes/3dod/Training/47332241/47332241_frames/lowres_wide/47332241_756783.324.png,ARKitScenes/3dod/Training/47332241/47332241_frames/lowres_depth/47332241_756783.324.png,rule,"{""anchor_concept"": ""table"", ""anchor_object_index"": 0, ""answer_concept"": ""chair"", ""answer_object_index"": 3, ""nearest_distance_m"": 0.123, ""second_nearest_distance_m"": 0.389}"
train_000076,47331621/19380.122,47331621,lidar,unknown,train,existence,positive,5,Is there any cabinet visible in the image?,,yes,yes_no,yes|no,ARKitScenes/3dod/Training/47331621/47331621_frames/lowres_wide/47331621_19380.122.png,ARKitScenes/3dod/Training/47331621/47331621_frames/lowres_depth/47331621_19380.122.png,rule,"{""concept"": ""cabinet"", ""object_index"": 4, ""area_frac"": 0.30885664483851444}"
train_000077,47333698/48422.347,47333698,lidar,unknown,train,existence,positive,2,Does this room contain a shelf?,,yes,yes_no,yes|no,ARKitScenes/3dod/Training/47333698/47333698_frames/lowres_wide/47333698_48422.347.png,ARKitScenes/3dod/Training/47333698/47333698_frames/lowres_depth/47333698_48422.347.png,rule,"{""concept"": ""shelf"", ""object_index"": 4, ""area_frac"": 0.031223743032195616}"
train_000078,43895865/107648.192,43895865,lidar,unknown,train,left_right,,3,Is the cabinet on the left side or the right side of the fireplace?,,right,choice,left|right,ARKitScenes/3dod/Training/43895865/43895865_frames/lowres_wide/43895865_107648.192.png,ARKitScenes/3dod/Training/43895865/43895865_frames/lowres_depth/43895865_107648.192.png,rule,"{""a_concept"": ""cabinet"", ""b_concept"": ""fireplace"", ""a_centroid_x"": 231.04924159466168, ""b_centroid_x"": 131.96469828229075, ""horizontal_gap_px"": 99.08454331237093, ""image_width"": 256}"
train_000079,45663322/77688.182,45663322,lidar,unknown,train,existence,negative,5,Is there any television visible in the image?,,no,yes_no,yes|no,ARKitScenes/3dod/Training/45663322/45663322_frames/lowres_wide/45663322_77688.182.png,ARKitScenes/3dod/Training/45663322/45663322_frames/lowres_depth/45663322_77688.182.png,rule,"{""concept"": ""television"", ""reason"": ""category_or_scene_type_plausible""}"
train_000080,48018455/527100.579,48018455,lidar,unknown,train,relative_depth,closer,4,"Of the bathtub and the toilet, which is closer?",,toilet,choice,bathtub|toilet,ARKitScenes/3dod/Training/48018455/48018455_frames/lowres_wide/48018455_527100.579.png,ARKitScenes/3dod/Training/48018455/48018455_frames/lowres_depth/48018455_527100.579.png,rule,"{""a_concept"": ""bathtub"", ""a_depth_m"": 1.6260000467300415, ""b_concept"": ""toilet"", ""b_depth_m"": 1.2519999742507935, ""comparative"": ""closer"", ""answer_concept"": ""toilet""}"
train_000081,45663317/76499.514,45663317,lidar,unknown,train,identify_superlative,farthest_camera,5,"Excluding the walls, floor, and ceiling, what is the most distant visible object in the scene?",,cabinet,object,,ARKitScenes/3dod/Training/45663317/45663317_frames/lowres_wide/45663317_76499.514.png,ARKitScenes/3dod/Training/45663317/45663317_frames/lowres_depth/45663317_76499.514.png,rule,"{""winner_concept"": ""cabinet"", ""winner_object_index"": 3, ""winner_area_frac"": 0.07879087511145041, ""winner_depth_m"": 3.247999906539917, ""runner_up_concept"": null, ""runner_up_area_frac"": null, ""runner_up_depth_m"": null}"
train_000082,47331934/163468.109,47331934,lidar,unknown,train,nearest_object,,2,What sits closest to the table?,,chair,object,,ARKitScenes/3dod/Training/47331934/47331934_frames/lowres_wide/47331934_163468.109.png,ARKitScenes/3dod/Training/47331934/47331934_frames/lowres_depth/47331934_163468.109.png,rule,"{""anchor_concept"": ""table"", ""anchor_object_index"": 2, ""answer_concept"": ""chair"", ""answer_object_index"": 4, ""nearest_distance_m"": 0.241, ""second_nearest_distance_m"": 0.317}"
train_000083,47332819/48926.613,47332819,lidar,unknown,train,left_right,,1,"Relative to the cabinet, is the sofa on the left or the right?",,right,choice,left|right,ARKitScenes/3dod/Training/47332819/47332819_frames/lowres_wide/47332819_48926.613.png,ARKitScenes/3dod/Training/47332819/47332819_frames/lowres_depth/47332819_48926.613.png,rule,"{""a_concept"": ""sofa"", ""b_concept"": ""cabinet"", ""a_centroid_x"": 224.50958462776012, ""b_centroid_x"": 26.54043362174558, ""horizontal_gap_px"": 197.96915100601453, ""image_width"": 256}"
train_000084,41159687/46454.172,41159687,lidar,unknown,train,identify_superlative,closest_camera,4,"Not counting the room's walls, floor, or ceiling, which object is closest to us in this image?",,television,object,,ARKitScenes/3dod/Training/41159687/41159687_frames/lowres_wide/41159687_46454.172.png,ARKitScenes/3dod/Training/41159687/41159687_frames/lowres_depth/41159687_46454.172.png,rule,"{""winner_concept"": ""television"", ""winner_object_index"": 8, ""winner_area_frac"": 0.03679435817451524, ""winner_depth_m"": 4.083499908447266, ""runner_up_concept"": null, ""runner_up_area_frac"": null, ""runner_up_depth_m"": null}"
train_000085,43828328/77694.295,43828328,lidar,unknown,train,left_right,,3,Is the television on the left side or the right side of the shelf?,,left,choice,left|right,ARKitScenes/3dod/Training/43828328/43828328_frames/lowres_wide/43828328_77694.295.png,ARKitScenes/3dod/Training/43828328/43828328_frames/lowres_depth/43828328_77694.295.png,rule,"{""a_concept"": ""television"", ""b_concept"": ""shelf"", ""a_centroid_x"": 49.3769286075777, ""b_centroid_x"": 134.83743771168898, ""horizontal_gap_px"": 85.46050910411128, ""image_width"": 256}"
train_000086,47430739/336568.261,47430739,lidar,unknown,train,existence,negative,2,Does this room contain a cabinet?,,no,yes_no,yes|no,ARKitScenes/3dod/Training/47430739/47430739_frames/lowres_wide/47430739_336568.261.png,ARKitScenes/3dod/Training/47430739/47430739_frames/lowres_depth/47430739_336568.261.png,rule,"{""concept"": ""cabinet"", ""reason"": ""category_or_scene_type_plausible""}"
train_000087,42897509/472272.616,42897509,lidar,unknown,train,relative_depth,farther,4,"Of the chair and the table, which is farther?",,chair,choice,chair|table,ARKitScenes/3dod/Training/42897509/42897509_frames/lowres_wide/42897509_472272.616.png,ARKitScenes/3dod/Training/42897509/42897509_frames/lowres_depth/42897509_472272.616.png,rule,"{""a_concept"": ""table"", ""a_depth_m"": 1.2970000505447388, ""b_concept"": ""chair"", ""b_depth_m"": 1.9859999418258667, ""comparative"": ""farther"", ""answer_concept"": ""chair""}"
train_000088,47895476/132674.232,47895476,lidar,unknown,train,relative_depth,farther,1,"Between the television and the cabinet, which one is farther from the camera?",,television,choice,television|cabinet,ARKitScenes/3dod/Training/47895476/47895476_frames/lowres_wide/47895476_132674.232.png,ARKitScenes/3dod/Training/47895476/47895476_frames/lowres_depth/47895476_132674.232.png,rule,"{""a_concept"": ""cabinet"", ""a_depth_m"": 1.0829999446868896, ""b_concept"": ""television"", ""b_depth_m"": 1.5555000305175781, ""comparative"": ""farther"", ""answer_concept"": ""television""}"
train_000089,41159870/81898.161,41159870,lidar,unknown,train,existence,negative,0,Is there a cabinet in this room?,,no,yes_no,yes|no,ARKitScenes/3dod/Training/41159870/41159870_frames/lowres_wide/41159870_81898.161.png,ARKitScenes/3dod/Training/41159870/41159870_frames/lowres_depth/41159870_81898.161.png,rule,"{""concept"": ""cabinet"", ""reason"": ""category_or_scene_type_plausible""}"
train_000090,47204585/583.735,47204585,lidar,unknown,train,identify_superlative,farthest_camera,3,"Ignoring the walls, floor, and ceiling, what object is farthest from the viewer?",,sink,object,,ARKitScenes/3dod/Training/47204585/47204585_frames/lowres_wide/47204585_583.735.png,ARKitScenes/3dod/Training/47204585/47204585_frames/lowres_depth/47204585_583.735.png,rule,"{""winner_concept"": ""sink"", ""winner_object_index"": 5, ""winner_area_frac"": 0.08114998696756812, ""winner_depth_m"": 1.2960000038146973, ""runner_up_concept"": ""washer"", ""runner_up_area_frac"": 0.19655165329911484, ""runner_up_depth_m"": 0.8289999961853027}"
train_000091,42898427/1116.854,42898427,lidar,unknown,train,left_right,,3,Is the stool on the left side or the right side of the table?,,right,choice,left|right,ARKitScenes/3dod/Training/42898427/42898427_frames/lowres_wide/42898427_1116.854.png,ARKitScenes/3dod/Training/42898427/42898427_frames/lowres_depth/42898427_1116.854.png,rule,"{""a_concept"": ""stool"", ""b_concept"": ""table"", ""a_centroid_x"": 242.26332721532322, ""b_centroid_x"": 151.5118556342501, ""horizontal_gap_px"": 90.7514715810731, ""image_width"": 256}"
train_000092,47334189/354678.278,47334189,lidar,unknown,train,identify_superlative,closest_camera,0,"Not counting the walls, floor, or ceiling, which object is closest to the camera?",,oven,object,,ARKitScenes/3dod/Training/47334189/47334189_frames/lowres_wide/47334189_354678.278.png,ARKitScenes/3dod/Training/47334189/47334189_frames/lowres_depth/47334189_354678.278.png,rule,"{""winner_concept"": ""oven"", ""winner_object_index"": 5, ""winner_area_frac"": 0.20964715482711518, ""winner_depth_m"": 1.1269999742507935, ""runner_up_concept"": null, ""runner_up_area_frac"": null, ""runner_up_depth_m"": null}"
train_000093,47333624/77102.385,47333624,lidar,unknown,train,nearest_object,,4,What is right next to the cabinet?,,chair,object,,ARKitScenes/3dod/Training/47333624/47333624_frames/lowres_wide/47333624_77102.385.png,ARKitScenes/3dod/Training/47333624/47333624_frames/lowres_depth/47333624_77102.385.png,rule,"{""anchor_concept"": ""cabinet"", ""anchor_object_index"": 0, ""answer_concept"": ""chair"", ""answer_object_index"": 12, ""nearest_distance_m"": 0.715, ""second_nearest_distance_m"": 1.399}"
train_000094,47204304/15097.091,47204304,lidar,unknown,train,relative_depth,farther,5,"Which one is farther, the shelf or the sofa?",,sofa,choice,shelf|sofa,ARKitScenes/3dod/Training/47204304/47204304_frames/lowres_wide/47204304_15097.091.png,ARKitScenes/3dod/Training/47204304/47204304_frames/lowres_depth/47204304_15097.091.png,rule,"{""a_concept"": ""sofa"", ""a_depth_m"": 2.240000009536743, ""b_concept"": ""shelf"", ""b_depth_m"": 1.7139999866485596, ""comparative"": ""farther"", ""answer_concept"": ""sofa""}"
train_000095,45261407/29661.025,45261407,lidar,unknown,train,existence,negative,1,Do you see a cabinet here?,,no,yes_no,yes|no,ARKitScenes/3dod/Training/45261407/45261407_frames/lowres_wide/45261407_29661.025.png,ARKitScenes/3dod/Training/45261407/45261407_frames/lowres_depth/45261407_29661.025.png,rule,"{""concept"": ""cabinet"", ""reason"": ""category_or_scene_type_plausible""}"
train_000096,47331910/627536.889,47331910,lidar,unknown,train,nearest_object,,2,What sits closest to the cabinet?,,chair,object,,ARKitScenes/3dod/Training/47331910/47331910_frames/lowres_wide/47331910_627536.889.png,ARKitScenes/3dod/Training/47331910/47331910_frames/lowres_depth/47331910_627536.889.png,rule,"{""anchor_concept"": ""cabinet"", ""anchor_object_index"": 12, ""answer_concept"": ""chair"", ""answer_object_index"": 8, ""nearest_distance_m"": 0.866, ""second_nearest_distance_m"": 1.234}"
train_000097,44358599/58359.722,44358599,lidar,unknown,train,left_right,,0,Is the sofa to the left or to the right of the table?,,right,choice,left|right,ARKitScenes/3dod/Training/44358599/44358599_frames/lowres_wide/44358599_58359.722.png,ARKitScenes/3dod/Training/44358599/44358599_frames/lowres_depth/44358599_58359.722.png,rule,"{""a_concept"": ""sofa"", ""b_concept"": ""table"", ""a_centroid_x"": 208.5907215311076, ""b_centroid_x"": 136.0372529479838, ""horizontal_gap_px"": 72.55346858312379, ""image_width"": 256}"
train_000098,47333624/77102.385,47333624,lidar,unknown,train,left_right,,3,Is the cabinet on the left side or the right side of the table?,,right,choice,left|right,ARKitScenes/3dod/Training/47333624/47333624_frames/lowres_wide/47333624_77102.385.png,ARKitScenes/3dod/Training/47333624/47333624_frames/lowres_depth/47333624_77102.385.png,rule,"{""a_concept"": ""cabinet"", ""b_concept"": ""table"", ""a_centroid_x"": 231.95849365953558, ""b_centroid_x"": 62.352804796160136, ""horizontal_gap_px"": 169.60568886337543, ""image_width"": 256}"
train_000099,42445927/77980.090,42445927,lidar,unknown,train,existence,positive,3,Can you spot a bathtub in the picture?,,yes,yes_no,yes|no,ARKitScenes/3dod/Training/42445927/42445927_frames/lowres_wide/42445927_77980.090.png,ARKitScenes/3dod/Training/42445927/42445927_frames/lowres_depth/42445927_77980.090.png,rule,"{""concept"": ""bathtub"", ""object_index"": 0, ""area_frac"": 0.4018233644603762}"
train_000100,47669903/12245.343,47669903,lidar,unknown,train,identify_superlative,closest_camera,1,"Excluding the walls, floor, and ceiling, what is the nearest object to the camera?",,stool,object,,ARKitScenes/3dod/Training/47669903/47669903_frames/lowres_wide/47669903_12245.343.png,ARKitScenes/3dod/Training/47669903/47669903_frames/lowres_depth/47669903_12245.343.png,rule,"{""winner_concept"": ""stool"", ""winner_object_index"": 3, ""winner_area_frac"": 0.01115856528163589, ""winner_depth_m"": 0.9610000252723694, ""runner_up_concept"": null, ""runner_up_area_frac"": null, ""runner_up_depth_m"": null}"
train_000101,43828517/102975.201,43828517,lidar,unknown,train,existence,negative,5,Is there any cabinet visible in the image?,,no,yes_no,yes|no,ARKitScenes/3dod/Training/43828517/43828517_frames/lowres_wide/43828517_102975.201.png,ARKitScenes/3dod/Training/43828517/43828517_frames/lowres_depth/43828517_102975.201.png,rule,"{""concept"": ""cabinet"", ""reason"": ""category_or_scene_type_plausible""}"
train_000102,42899072/650635.884,42899072,lidar,unknown,train,existence,negative,5,Is there any shelf visible in the image?,,no,yes_no,yes|no,ARKitScenes/3dod/Training/42899072/42899072_frames/lowres_wide/42899072_650635.884.png,ARKitScenes/3dod/Training/42899072/42899072_frames/lowres_depth/42899072_650635.884.png,rule,"{""concept"": ""shelf"", ""reason"": ""category_or_scene_type_plausible""}"
train_000103,47670124/41672.610,47670124,lidar,unknown,train,identify_superlative,farthest_camera,5,"Excluding the walls, floor, and ceiling, what is the most distant visible object in the scene?",,sofa,object,,ARKitScenes/3dod/Training/47670124/47670124_frames/lowres_wide/47670124_41672.610.png,ARKitScenes/3dod/Training/47670124/47670124_frames/lowres_depth/47670124_41672.610.png,rule,"{""winner_concept"": ""sofa"", ""winner_object_index"": 6, ""winner_area_frac"": 0.11172884291050501, ""winner_depth_m"": 1.968999981880188, ""runner_up_concept"": ""cabinet"", ""runner_up_area_frac"": 0.06890614465425356, ""runner_up_depth_m"": 1.1890000104904175}"
train_000104,42898041/222029.943,42898041,lidar,unknown,train,nearest_object,,3,Which item is positioned nearest to the cabinet?,,chair,object,,ARKitScenes/3dod/Training/42898041/42898041_frames/lowres_wide/42898041_222029.943.png,ARKitScenes/3dod/Training/42898041/42898041_frames/lowres_depth/42898041_222029.943.png,rule,"{""anchor_concept"": ""cabinet"", ""anchor_object_index"": 8, ""answer_concept"": ""chair"", ""answer_object_index"": 10, ""nearest_distance_m"": 0.214, ""second_nearest_distance_m"": 0.286}"
train_000105,41126811/8356.936,41126811,lidar,unknown,train,relative_depth,farther,1,"Between the cabinet and the sink, which one is farther from the camera?",,sink,choice,cabinet|sink,ARKitScenes/3dod/Training/41126811/41126811_frames/lowres_wide/41126811_8356.936.png,ARKitScenes/3dod/Training/41126811/41126811_frames/lowres_depth/41126811_8356.936.png,rule,"{""a_concept"": ""sink"", ""a_depth_m"": 1.1949999332427979, ""b_concept"": ""cabinet"", ""b_depth_m"": 0.7599999904632568, ""comparative"": ""farther"", ""answer_concept"": ""sink""}"
train_000106,47332819/48926.613,47332819,lidar,unknown,train,existence,positive,0,Is there a cabinet in this room?,,yes,yes_no,yes|no,ARKitScenes/3dod/Training/47332819/47332819_frames/lowres_wide/47332819_48926.613.png,ARKitScenes/3dod/Training/47332819/47332819_frames/lowres_depth/47332819_48926.613.png,rule,"{""concept"": ""cabinet"", ""object_index"": 4, ""area_frac"": 0.05709529113722503}"
train_000107,47332519/415962.756,47332519,lidar,unknown,train,identify_superlative,closest_camera,4,"Not counting the room's walls, floor, or ceiling, which object is closest to us in this image?",,table,object,,ARKitScenes/3dod/Training/47332519/47332519_frames/lowres_wide/47332519_415962.756.png,ARKitScenes/3dod/Training/47332519/47332519_frames/lowres_depth/47332519_415962.756.png,rule,"{""winner_concept"": ""table"", ""winner_object_index"": 5, ""winner_area_frac"": 0.40214874316198235, ""winner_depth_m"": 1.1169999837875366, ""runner_up_concept"": null, ""runner_up_area_frac"": null, ""runner_up_depth_m"": null}"
train_000108,42446025/134723.327,42446025,lidar,unknown,train,existence,positive,3,Can you spot a cabinet in the picture?,,yes,yes_no,yes|no,ARKitScenes/3dod/Training/42446025/42446025_frames/lowres_wide/42446025_134723.327.png,ARKitScenes/3dod/Training/42446025/42446025_frames/lowres_depth/42446025_134723.327.png,rule,"{""concept"": ""cabinet"", ""object_index"": 3, ""area_frac"": 0.19694563712840266}"
train_000109,45261061/14695.218,45261061,lidar,unknown,train,existence,positive,5,Is there any cabinet visible in the image?,,yes,yes_no,yes|no,ARKitScenes/3dod/Training/45261061/45261061_frames/lowres_wide/45261061_14695.218.png,ARKitScenes/3dod/Training/45261061/45261061_frames/lowres_depth/45261061_14695.218.png,rule,"{""concept"": ""cabinet"", ""object_index"": 10, ""area_frac"": 0.035988868041265894}"
train_000110,47333674/134160.782,47333674,lidar,unknown,train,identify_superlative,closest_camera,0,"Not counting the walls, floor, or ceiling, which object is closest to the camera?",,cabinet,object,,ARKitScenes/3dod/Training/47333674/47333674_frames/lowres_wide/47333674_134160.782.png,ARKitScenes/3dod/Training/47333674/47333674_frames/lowres_depth/47333674_134160.782.png,rule,"{""winner_concept"": ""cabinet"", ""winner_object_index"": 1, ""winner_area_frac"": 0.16585486017540804, ""winner_depth_m"": 1.1100000143051147, ""runner_up_concept"": null, ""runner_up_area_frac"": null, ""runner_up_depth_m"": null}"
train_000111,44358204/7505.578,44358204,lidar,unknown,train,left_right,,5,"From the cabinet, which direction is the toilet in, left or right?",,right,choice,left|right,ARKitScenes/3dod/Training/44358204/44358204_frames/lowres_wide/44358204_7505.578.png,ARKitScenes/3dod/Training/44358204/44358204_frames/lowres_depth/44358204_7505.578.png,rule,"{""a_concept"": ""toilet"", ""b_concept"": ""cabinet"", ""a_centroid_x"": 178.03193352499417, ""b_centroid_x"": 23.173600071134157, ""horizontal_gap_px"": 154.85833345386, ""image_width"": 256}"
train_000112,43828162/74446.229,43828162,lidar,unknown,train,existence,positive,5,Is there any cabinet visible in the image?,,yes,yes_no,yes|no,ARKitScenes/3dod/Training/43828162/43828162_frames/lowres_wide/43828162_74446.229.png,ARKitScenes/3dod/Training/43828162/43828162_frames/lowres_depth/43828162_74446.229.png,rule,"{""concept"": ""cabinet"", ""object_index"": 24, ""area_frac"": 0.2647412943874016}"
train_000113,41098176/938.185,41098176,lidar,unknown,train,nearest_object,,0,What is the closest object to the cabinet?,,chair,object,,ARKitScenes/3dod/Training/41098176/41098176_frames/lowres_wide/41098176_938.185.png,ARKitScenes/3dod/Training/41098176/41098176_frames/lowres_depth/41098176_938.185.png,rule,"{""anchor_concept"": ""cabinet"", ""anchor_object_index"": 9, ""answer_concept"": ""chair"", ""answer_object_index"": 7, ""nearest_distance_m"": 1.941, ""second_nearest_distance_m"": 2.576}"
train_000114,43828455/92088.559,43828455,lidar,unknown,train,left_right,,4,"Which side of the sink is the toilet on, left or right?",,left,choice,left|right,ARKitScenes/3dod/Training/43828455/43828455_frames/lowres_wide/43828455_92088.559.png,ARKitScenes/3dod/Training/43828455/43828455_frames/lowres_depth/43828455_92088.559.png,rule,"{""a_concept"": ""toilet"", ""b_concept"": ""sink"", ""a_centroid_x"": 15.865942177060457, ""b_centroid_x"": 45.607488001153506, ""horizontal_gap_px"": 29.74154582409305, ""image_width"": 256}"
train_000115,43828368/92165.544,43828368,lidar,unknown,train,nearest_object,,2,What sits closest to the cabinet?,,sink,object,,ARKitScenes/3dod/Training/43828368/43828368_frames/lowres_wide/43828368_92165.544.png,ARKitScenes/3dod/Training/43828368/43828368_frames/lowres_depth/43828368_92165.544.png,rule,"{""anchor_concept"": ""cabinet"", ""anchor_object_index"": 5, ""answer_concept"": ""sink"", ""answer_object_index"": 10, ""nearest_distance_m"": 0.497, ""second_nearest_distance_m"": 1.689}"
train_000116,42898392/369346.637,42898392,lidar,unknown,train,identify_superlative,closest_camera,0,"Not counting the walls, floor, or ceiling, which object is closest to the camera?",,cabinet,object,,ARKitScenes/3dod/Training/42898392/42898392_frames/lowres_wide/42898392_369346.637.png,ARKitScenes/3dod/Training/42898392/42898392_frames/lowres_depth/42898392_369346.637.png,rule,"{""winner_concept"": ""cabinet"", ""winner_object_index"": 1, ""winner_area_frac"": 0.10172898374106491, ""winner_depth_m"": 1.5850000381469727, ""runner_up_concept"": null, ""runner_up_area_frac"": null, ""runner_up_depth_m"": null}"
train_000117,45261509/43547.253,45261509,lidar,unknown,train,relative_depth,farther,5,"Which one is farther, the oven or the sink?",,sink,choice,oven|sink,ARKitScenes/3dod/Training/45261509/45261509_frames/lowres_wide/45261509_43547.253.png,ARKitScenes/3dod/Training/45261509/45261509_frames/lowres_depth/45261509_43547.253.png,rule,"{""a_concept"": ""oven"", ""a_depth_m"": 2.4619998931884766, ""b_concept"": ""sink"", ""b_depth_m"": 3.2820000648498535, ""comparative"": ""farther"", ""answer_concept"": ""sink""}"
train_000118,44358426/41422.389,44358426,lidar,unknown,train,relative_depth,farther,5,"Which one is farther, the sink or the toilet?",,toilet,choice,sink|toilet,ARKitScenes/3dod/Training/44358426/44358426_frames/lowres_wide/44358426_41422.389.png,ARKitScenes/3dod/Training/44358426/44358426_frames/lowres_depth/44358426_41422.389.png,rule,"{""a_concept"": ""sink"", ""a_depth_m"": 1.5770000219345093, ""b_concept"": ""toilet"", ""b_depth_m"": 2.242000102996826, ""comparative"": ""farther"", ""answer_concept"": ""toilet""}"
train_000119,42898427/1116.854,42898427,lidar,unknown,train,existence,negative,1,Do you see a bathtub here?,,no,yes_no,yes|no,ARKitScenes/3dod/Training/42898427/42898427_frames/lowres_wide/42898427_1116.854.png,ARKitScenes/3dod/Training/42898427/42898427_frames/lowres_depth/42898427_1116.854.png,rule,"{""concept"": ""bathtub"", ""reason"": ""category_or_scene_type_plausible""}"
train_000120,48458766/142243.750,48458766,lidar,unknown,train,existence,positive,3,Can you spot a shelf in the picture?,,yes,yes_no,yes|no,ARKitScenes/3dod/Training/48458766/48458766_frames/lowres_wide/48458766_142243.750.png,ARKitScenes/3dod/Training/48458766/48458766_frames/lowres_depth/48458766_142243.750.png,rule,"{""concept"": ""shelf"", ""object_index"": 6, ""area_frac"": 0.04168777276045039}"
train_000121,47204377/18076.446,47204377,lidar,unknown,train,relative_depth,farther,0,"Which is farther from the camera, the cabinet or the stool?",,cabinet,choice,cabinet|stool,ARKitScenes/3dod/Training/47204377/47204377_frames/lowres_wide/47204377_18076.446.png,ARKitScenes/3dod/Training/47204377/47204377_frames/lowres_depth/47204377_18076.446.png,rule,"{""a_concept"": ""cabinet"", ""a_depth_m"": 3.1070001125335693, ""b_concept"": ""stool"", ""b_depth_m"": 1.86899995803833, ""comparative"": ""farther"", ""answer_concept"": ""cabinet""}"
train_000122,48017950/455706.315,48017950,lidar,unknown,train,existence,negative,4,Is a bathtub present in this scene?,,no,yes_no,yes|no,ARKitScenes/3dod/Training/48017950/48017950_frames/lowres_wide/48017950_455706.315.png,ARKitScenes/3dod/Training/48017950/48017950_frames/lowres_depth/48017950_455706.315.png,rule,"{""concept"": ""bathtub"", ""reason"": ""category_or_scene_type_plausible""}"
train_000123,41159687/46571.575,41159687,lidar,unknown,train,identify_superlative,farthest_camera,5,"Excluding the walls, floor, and ceiling, what is the most distant visible object in the scene?",,stool,object,,ARKitScenes/3dod/Training/41159687/41159687_frames/lowres_wide/41159687_46571.575.png,ARKitScenes/3dod/Training/41159687/41159687_frames/lowres_depth/41159687_46571.575.png,rule,"{""winner_concept"": ""stool"", ""winner_object_index"": 27, ""winner_area_frac"": 0.01587535877480301, ""winner_depth_m"": 3.187000036239624, ""runner_up_concept"": null, ""runner_up_area_frac"": null, ""runner_up_depth_m"": null}"
train_000124,44358634/3050.347,44358634,lidar,unknown,train,left_right,,0,Is the sink to the left or to the right of the chair?,,left,choice,left|right,ARKitScenes/3dod/Training/44358634/44358634_frames/lowres_wide/44358634_3050.347.png,ARKitScenes/3dod/Training/44358634/44358634_frames/lowres_depth/44358634_3050.347.png,rule,"{""a_concept"": ""sink"", ""b_concept"": ""chair"", ""a_centroid_x"": 143.35558429651758, ""b_centroid_x"": 207.19645292112386, ""horizontal_gap_px"": 63.84086862460629, ""image_width"": 256}"
train_000125,47204304/15078.899,47204304,lidar,unknown,train,identify_superlative,closest_camera,4,"Not counting the room's walls, floor, or ceiling, which object is closest to us in this image?",,chair,object,,ARKitScenes/3dod/Training/47204304/47204304_frames/lowres_wide/47204304_15078.899.png,ARKitScenes/3dod/Training/47204304/47204304_frames/lowres_depth/47204304_15078.899.png,rule,"{""winner_concept"": ""chair"", ""winner_object_index"": 6, ""winner_area_frac"": 0.28815273222882093, ""winner_depth_m"": 1.0369999408721924, ""runner_up_concept"": ""cabinet"", ""runner_up_area_frac"": 0.034024198978728694, ""runner_up_depth_m"": 2.7079999446868896}"
train_000126,47331273/12887.163,47331273,lidar,unknown,train,existence,positive,3,Can you spot a shelf in the picture?,,yes,yes_no,yes|no,ARKitScenes/3dod/Training/47331273/47331273_frames/lowres_wide/47331273_12887.163.png,ARKitScenes/3dod/Training/47331273/47331273_frames/lowres_depth/47331273_12887.163.png,rule,"{""concept"": ""shelf"", ""object_index"": 15, ""area_frac"": 0.19504150892857344}"
train_000127,47333746/54794.874,47333746,lidar,unknown,train,nearest_object,,1,Which object is nearest to the shelf?,,sofa,object,,ARKitScenes/3dod/Training/47333746/47333746_frames/lowres_wide/47333746_54794.874.png,ARKitScenes/3dod/Training/47333746/47333746_frames/lowres_depth/47333746_54794.874.png,rule,"{""anchor_concept"": ""shelf"", ""anchor_object_index"": 14, ""answer_concept"": ""sofa"", ""answer_object_index"": 10, ""nearest_distance_m"": 0.683, ""second_nearest_distance_m"": 1.584}"
train_000128,47334655/389722.165,47334655,lidar,unknown,train,identify_superlative,closest_camera,0,"Not counting the walls, floor, or ceiling, which object is closest to the camera?",,washer,object,,ARKitScenes/3dod/Training/47334655/47334655_frames/lowres_wide/47334655_389722.165.png,ARKitScenes/3dod/Training/47334655/47334655_frames/lowres_depth/47334655_389722.165.png,rule,"{""winner_concept"": ""washer"", ""winner_object_index"": 1, ""winner_area_frac"": 0.11324382706648513, ""winner_depth_m"": 0.859000027179718, ""runner_up_concept"": null, ""runner_up_area_frac"": null, ""runner_up_depth_m"": null}"
train_000129,48458762/141727.864,48458762,lidar,unknown,train,identify_superlative,farthest_camera,5,"Excluding the walls, floor, and ceiling, what is the most distant visible object in the scene?",,cabinet,object,,ARKitScenes/3dod/Training/48458762/48458762_frames/lowres_wide/48458762_141727.864.png,ARKitScenes/3dod/Training/48458762/48458762_frames/lowres_depth/48458762_141727.864.png,rule,"{""winner_concept"": ""cabinet"", ""winner_object_index"": 4, ""winner_area_frac"": 0.07047665869314151, ""winner_depth_m"": 2.063999891281128, ""runner_up_concept"": ""table"", ""runner_up_area_frac"": 0.14285162342260335, ""runner_up_depth_m"": 1.715000033378601}"
train_000130,41069130/4282.908,41069130,lidar,unknown,train,identify_superlative,closest_camera,1,"Excluding the walls, floor, and ceiling, what is the nearest object to the camera?",,chair,object,,ARKitScenes/3dod/Training/41069130/41069130_frames/lowres_wide/41069130_4282.908.png,ARKitScenes/3dod/Training/41069130/41069130_frames/lowres_depth/41069130_4282.908.png,rule,"{""winner_concept"": ""chair"", ""winner_object_index"": 17, ""winner_area_frac"": 0.05768792576520948, ""winner_depth_m"": 0.8029999732971191, ""runner_up_concept"": null, ""runner_up_area_frac"": null, ""runner_up_depth_m"": null}"
train_000131,47204398/23847.299,47204398,lidar,unknown,train,left_right,,0,Is the bed to the left or to the right of the cabinet?,,right,choice,left|right,ARKitScenes/3dod/Training/47204398/47204398_frames/lowres_wide/47204398_23847.299.png,ARKitScenes/3dod/Training/47204398/47204398_frames/lowres_depth/47204398_23847.299.png,rule,"{""a_concept"": ""bed"", ""b_concept"": ""cabinet"", ""a_centroid_x"": 219.14592965894215, ""b_centroid_x"": 170.80741332622307, ""horizontal_gap_px"": 48.33851633271908, ""image_width"": 256}"
train_000132,45260877/7343.983,45260877,lidar,unknown,train,relative_depth,farther,5,"Which one is farther, the cabinet or the shelf?",,shelf,choice,cabinet|shelf,ARKitScenes/3dod/Training/45260877/45260877_frames/lowres_wide/45260877_7343.983.png,ARKitScenes/3dod/Training/45260877/45260877_frames/lowres_depth/45260877_7343.983.png,rule,"{""a_concept"": ""cabinet"", ""a_depth_m"": 2.703000068664551, ""b_concept"": ""shelf"", ""b_depth_m"": 4.578000068664551, ""comparative"": ""farther"", ""answer_concept"": ""shelf""}"
train_000133,47115361/885.476,47115361,lidar,unknown,train,existence,positive,4,Is a television present in this scene?,,yes,yes_no,yes|no,ARKitScenes/3dod/Training/47115361/47115361_frames/lowres_wide/47115361_885.476.png,ARKitScenes/3dod/Training/47115361/47115361_frames/lowres_depth/47115361_885.476.png,rule,"{""concept"": ""television"", ""object_index"": 6, ""area_frac"": 0.1377355503077499}"
train_000134,43828272/84510.109,43828272,lidar,unknown,train,relative_depth,closer,4,"Of the refrigerator and the chair, which is closer?",,chair,choice,refrigerator|chair,ARKitScenes/3dod/Training/43828272/43828272_frames/lowres_wide/43828272_84510.109.png,ARKitScenes/3dod/Training/43828272/43828272_frames/lowres_depth/43828272_84510.109.png,rule,"{""a_concept"": ""chair"", ""a_depth_m"": 0.9890000224113464, ""b_concept"": ""refrigerator"", ""b_depth_m"": 2.4059998989105225, ""comparative"": ""closer"", ""answer_concept"": ""chair""}"
train_000135,47331273/12887.163,47331273,lidar,unknown,train,nearest_object,,3,Which item is positioned nearest to the cabinet?,,shelf,object,,ARKitScenes/3dod/Training/47331273/47331273_frames/lowres_wide/47331273_12887.163.png,ARKitScenes/3dod/Training/47331273/47331273_frames/lowres_depth/47331273_12887.163.png,rule,"{""anchor_concept"": ""cabinet"", ""anchor_object_index"": 16, ""answer_concept"": ""shelf"", ""answer_object_index"": 15, ""nearest_distance_m"": 0.262, ""second_nearest_distance_m"": 0.636}"
train_000136,47331028/474693.850,47331028,lidar,unknown,train,left_right,,3,Is the cabinet on the left side or the right side of the stove?,,right,choice,left|right,ARKitScenes/3dod/Training/47331028/47331028_frames/lowres_wide/47331028_474693.850.png,ARKitScenes/3dod/Training/47331028/47331028_frames/lowres_depth/47331028_474693.850.png,rule,"{""a_concept"": ""cabinet"", ""b_concept"": ""stove"", ""a_centroid_x"": 219.15459378203786, ""b_centroid_x"": 145.70084449627075, ""horizontal_gap_px"": 73.45374928576712, ""image_width"": 256}"
train_000137,47332505/343948.493,47332505,lidar,unknown,train,nearest_object,,3,Which item is positioned nearest to the cabinet?,,table,object,,ARKitScenes/3dod/Training/47332505/47332505_frames/lowres_wide/47332505_343948.493.png,ARKitScenes/3dod/Training/47332505/47332505_frames/lowres_depth/47332505_343948.493.png,rule,"{""anchor_concept"": ""cabinet"", ""anchor_object_index"": 11, ""answer_concept"": ""table"", ""answer_object_index"": 12, ""nearest_distance_m"": 0.623, ""second_nearest_distance_m"": 1.262}"
train_000138,47331508/155143.021,47331508,lidar,unknown,train,identify_superlative,closest_camera,1,"Excluding the walls, floor, and ceiling, what is the nearest object to the camera?",,cabinet,object,,ARKitScenes/3dod/Training/47331508/47331508_frames/lowres_wide/47331508_155143.021.png,ARKitScenes/3dod/Training/47331508/47331508_frames/lowres_depth/47331508_155143.021.png,rule,"{""winner_concept"": ""cabinet"", ""winner_object_index"": 2, ""winner_area_frac"": 0.22198067308565653, ""winner_depth_m"": 1.149999976158142, ""runner_up_concept"": ""television"", ""runner_up_area_frac"": 0.12451645275134578, ""runner_up_depth_m"": 1.5479999780654907}"
train_000139,41254720/128286.107,41254720,lidar,unknown,train,existence,positive,2,Does this room contain a cabinet?,,yes,yes_no,yes|no,ARKitScenes/3dod/Training/41254720/41254720_frames/lowres_wide/41254720_128286.107.png,ARKitScenes/3dod/Training/41254720/41254720_frames/lowres_depth/41254720_128286.107.png,rule,"{""concept"": ""cabinet"", ""object_index"": 7, ""area_frac"": 0.06907069049440304}"
train_000140,43828272/84660.597,43828272,lidar,unknown,train,left_right,,1,"Relative to the chair, is the cabinet on the left or the right?",,left,choice,left|right,ARKitScenes/3dod/Training/43828272/43828272_frames/lowres_wide/43828272_84660.597.png,ARKitScenes/3dod/Training/43828272/43828272_frames/lowres_depth/43828272_84660.597.png,rule,"{""a_concept"": ""cabinet"", ""b_concept"": ""chair"", ""a_centroid_x"": 26.11715321110489, ""b_centroid_x"": 121.74605038272661, ""horizontal_gap_px"": 95.62889717162172, ""image_width"": 256}"
train_000141,47331527/191812.506,47331527,lidar,unknown,train,left_right,,4,"Which side of the washer is the cabinet on, left or right?",,right,choice,left|right,ARKitScenes/3dod/Training/47331527/47331527_frames/lowres_wide/47331527_191812.506.png,ARKitScenes/3dod/Training/47331527/47331527_frames/lowres_depth/47331527_191812.506.png,rule,"{""a_concept"": ""cabinet"", ""b_concept"": ""washer"", ""a_centroid_x"": 44.92426999088212, ""b_centroid_x"": 6.889694571746745, ""horizontal_gap_px"": 38.03457541913537, ""image_width"": 256}"
train_000142,47333746/54815.465,47333746,lidar,unknown,train,nearest_object,,5,Which object is closest in distance to the shelf?,,sofa,object,,ARKitScenes/3dod/Training/47333746/47333746_frames/lowres_wide/47333746_54815.465.png,ARKitScenes/3dod/Training/47333746/47333746_frames/lowres_depth/47333746_54815.465.png,rule,"{""anchor_concept"": ""shelf"", ""anchor_object_index"": 14, ""answer_concept"": ""sofa"", ""answer_object_index"": 10, ""nearest_distance_m"": 0.737, ""second_nearest_distance_m"": 1.531}"
train_000143,44358121/62421.609,44358121,lidar,unknown,train,nearest_object,,0,What is the closest object to the sofa?,,cabinet,object,,ARKitScenes/3dod/Training/44358121/44358121_frames/lowres_wide/44358121_62421.609.png,ARKitScenes/3dod/Training/44358121/44358121_frames/lowres_depth/44358121_62421.609.png,rule,"{""anchor_concept"": ""sofa"", ""anchor_object_index"": 3, ""answer_concept"": ""cabinet"", ""answer_object_index"": 4, ""nearest_distance_m"": 0.864, ""second_nearest_distance_m"": 1.399}"
train_000144,48018426/395630.620,48018426,lidar,unknown,train,identify_superlative,farthest_camera,2,"Among the furniture and items in the room, not the walls, floor, or ceiling, which is farthest from where the picture was taken?",,cabinet,object,,ARKitScenes/3dod/Training/48018426/48018426_frames/lowres_wide/48018426_395630.620.png,ARKitScenes/3dod/Training/48018426/48018426_frames/lowres_depth/48018426_395630.620.png,rule,"{""winner_concept"": ""cabinet"", ""winner_object_index"": 5, ""winner_area_frac"": 0.23023400659680113, ""winner_depth_m"": 2.0480000972747803, ""runner_up_concept"": ""table"", ""runner_up_area_frac"": 0.12333327428391143, ""runner_up_depth_m"": 1.2604999542236328}"
train_000145,47204680/13272.591,47204680,lidar,unknown,train,relative_depth,farther,0,"Which is farther from the camera, the sink or the toilet?",,toilet,choice,sink|toilet,ARKitScenes/3dod/Training/47204680/47204680_frames/lowres_wide/47204680_13272.591.png,ARKitScenes/3dod/Training/47204680/47204680_frames/lowres_depth/47204680_13272.591.png,rule,"{""a_concept"": ""sink"", ""a_depth_m"": 2.299999952316284, ""b_concept"": ""toilet"", ""b_depth_m"": 2.74399995803833, ""comparative"": ""farther"", ""answer_concept"": ""toilet""}"
train_000146,42899432/188675.147,42899432,lidar,unknown,train,nearest_object,,4,What is right next to the table?,,sink,object,,ARKitScenes/3dod/Training/42899432/42899432_frames/lowres_wide/42899432_188675.147.png,ARKitScenes/3dod/Training/42899432/42899432_frames/lowres_depth/42899432_188675.147.png,rule,"{""anchor_concept"": ""table"", ""anchor_object_index"": 4, ""answer_concept"": ""sink"", ""answer_object_index"": 2, ""nearest_distance_m"": 0.166, ""second_nearest_distance_m"": 0.442}"
train_000147,47670232/52832.396,47670232,lidar,unknown,train,identify_superlative,farthest_camera,3,"Ignoring the walls, floor, and ceiling, what object is farthest from the viewer?",,cabinet,object,,ARKitScenes/3dod/Training/47670232/47670232_frames/lowres_wide/47670232_52832.396.png,ARKitScenes/3dod/Training/47670232/47670232_frames/lowres_depth/47670232_52832.396.png,rule,"{""winner_concept"": ""cabinet"", ""winner_object_index"": 5, ""winner_area_frac"": 0.21089857556170555, ""winner_depth_m"": 1.1729999780654907, ""runner_up_concept"": null, ""runner_up_area_frac"": null, ""runner_up_depth_m"": null}"
train_000148,42446485/355822.174,42446485,lidar,unknown,train,relative_depth,closer,5,"Which one is closer, the sofa or the stool?",,stool,choice,sofa|stool,ARKitScenes/3dod/Training/42446485/42446485_frames/lowres_wide/42446485_355822.174.png,ARKitScenes/3dod/Training/42446485/42446485_frames/lowres_depth/42446485_355822.174.png,rule,"{""a_concept"": ""stool"", ""a_depth_m"": 1.6490000486373901, ""b_concept"": ""sofa"", ""b_depth_m"": 2.503000020980835, ""comparative"": ""closer"", ""answer_concept"": ""stool""}"
train_000149,43649807/46799.916,43649807,lidar,unknown,train,nearest_object,,5,Which object is closest in distance to the sofa?,,stool,object,,ARKitScenes/3dod/Training/43649807/43649807_frames/lowres_wide/43649807_46799.916.png,ARKitScenes/3dod/Training/43649807/43649807_frames/lowres_depth/43649807_46799.916.png,rule,"{""anchor_concept"": ""sofa"", ""anchor_object_index"": 0, ""answer_concept"": ""stool"", ""answer_object_index"": 6, ""nearest_distance_m"": 0.787, ""second_nearest_distance_m"": 1.472}"
train_000150,47204921/3702.308,47204921,lidar,unknown,train,relative_depth,closer,4,"Of the television and the bed, which is closer?",,bed,choice,television|bed,ARKitScenes/3dod/Training/47204921/47204921_frames/lowres_wide/47204921_3702.308.png,ARKitScenes/3dod/Training/47204921/47204921_frames/lowres_depth/47204921_3702.308.png,rule,"{""a_concept"": ""bed"", ""a_depth_m"": 0.878000020980835, ""b_concept"": ""television"", ""b_depth_m"": 2.2850000858306885, ""comparative"": ""closer"", ""answer_concept"": ""bed""}"
train_000151,41126779/4657.747,41126779,lidar,unknown,train,nearest_object,,3,Which item is positioned nearest to the shelf?,,oven,object,,ARKitScenes/3dod/Training/41126779/41126779_frames/lowres_wide/41126779_4657.747.png,ARKitScenes/3dod/Training/41126779/41126779_frames/lowres_depth/41126779_4657.747.png,rule,"{""anchor_concept"": ""shelf"", ""anchor_object_index"": 4, ""answer_concept"": ""oven"", ""answer_object_index"": 5, ""nearest_distance_m"": 0.297, ""second_nearest_distance_m"": 0.851}"
train_000152,42446466/355422.571,42446466,lidar,unknown,train,relative_depth,closer,5,"Which one is closer, the stool or the cabinet?",,stool,choice,stool|cabinet,ARKitScenes/3dod/Training/42446466/42446466_frames/lowres_wide/42446466_355422.571.png,ARKitScenes/3dod/Training/42446466/42446466_frames/lowres_depth/42446466_355422.571.png,rule,"{""a_concept"": ""stool"", ""a_depth_m"": 2.1659998893737793, ""b_concept"": ""cabinet"", ""b_depth_m"": 2.690999984741211, ""comparative"": ""closer"", ""answer_concept"": ""stool""}"
train_000153,47204506/710.877,47204506,lidar,unknown,train,nearest_object,,1,Which object is nearest to the sink?,,shelf,object,,ARKitScenes/3dod/Training/47204506/47204506_frames/lowres_wide/47204506_710.877.png,ARKitScenes/3dod/Training/47204506/47204506_frames/lowres_depth/47204506_710.877.png,rule,"{""anchor_concept"": ""sink"", ""anchor_object_index"": 13, ""answer_concept"": ""shelf"", ""answer_object_index"": 16, ""nearest_distance_m"": 1.569, ""second_nearest_distance_m"": 1.971}"
train_000154,47895816/685884.556,47895816,lidar,unknown,train,relative_depth,farther,2,Is the washer or the bathtub farther from the camera?,,bathtub,choice,washer|bathtub,ARKitScenes/3dod/Training/47895816/47895816_frames/lowres_wide/47895816_685884.556.png,ARKitScenes/3dod/Training/47895816/47895816_frames/lowres_depth/47895816_685884.556.png,rule,"{""a_concept"": ""bathtub"", ""a_depth_m"": 1.9579999446868896, ""b_concept"": ""washer"", ""b_depth_m"": 1.2450000047683716, ""comparative"": ""farther"", ""answer_concept"": ""bathtub""}"
train_000155,42446466/355382.670,42446466,lidar,unknown,train,nearest_object,,2,What sits closest to the sofa?,,cabinet,object,,ARKitScenes/3dod/Training/42446466/42446466_frames/lowres_wide/42446466_355382.670.png,ARKitScenes/3dod/Training/42446466/42446466_frames/lowres_depth/42446466_355382.670.png,rule,"{""anchor_concept"": ""sofa"", ""anchor_object_index"": 9, ""answer_concept"": ""cabinet"", ""answer_object_index"": 10, ""nearest_distance_m"": 1.14, ""second_nearest_distance_m"": 1.465}"
train_000156,47669917/14124.273,47669917,lidar,unknown,train,left_right,,3,Is the cabinet on the left side or the right side of the table?,,left,choice,left|right,ARKitScenes/3dod/Training/47669917/47669917_frames/lowres_wide/47669917_14124.273.png,ARKitScenes/3dod/Training/47669917/47669917_frames/lowres_depth/47669917_14124.273.png,rule,"{""a_concept"": ""cabinet"", ""b_concept"": ""table"", ""a_centroid_x"": 13.929525992500649, ""b_centroid_x"": 241.88782136571217, ""horizontal_gap_px"": 227.9582953732115, ""image_width"": 256}"
train_000157,47204585/583.735,47204585,lidar,unknown,train,relative_depth,farther,4,"Of the washer and the sink, which is farther?",,sink,choice,washer|sink,ARKitScenes/3dod/Training/47204585/47204585_frames/lowres_wide/47204585_583.735.png,ARKitScenes/3dod/Training/47204585/47204585_frames/lowres_depth/47204585_583.735.png,rule,"{""a_concept"": ""washer"", ""a_depth_m"": 0.8289999961853027, ""b_concept"": ""sink"", ""b_depth_m"": 1.2960000038146973, ""comparative"": ""farther"", ""answer_concept"": ""sink""}"
train_000158,48458766/142234.054,48458766,lidar,unknown,train,identify_superlative,closest_camera,0,"Not counting the walls, floor, or ceiling, which object is closest to the camera?",,table,object,,ARKitScenes/3dod/Training/48458766/48458766_frames/lowres_wide/48458766_142234.054.png,ARKitScenes/3dod/Training/48458766/48458766_frames/lowres_depth/48458766_142234.054.png,rule,"{""winner_concept"": ""table"", ""winner_object_index"": 4, ""winner_area_frac"": 0.03724362454516547, ""winner_depth_m"": 3.99399995803833, ""runner_up_concept"": null, ""runner_up_area_frac"": null, ""runner_up_depth_m"": null}"
train_000159,47115648/4796.068,47115648,lidar,unknown,train,existence,negative,3,Can you spot a cabinet in the picture?,,no,yes_no,yes|no,ARKitScenes/3dod/Training/47115648/47115648_frames/lowres_wide/47115648_4796.068.png,ARKitScenes/3dod/Training/47115648/47115648_frames/lowres_depth/47115648_4796.068.png,rule,"{""concept"": ""cabinet"", ""reason"": ""category_or_scene_type_plausible""}"
train_000160,41254551/136552.730,41254551,lidar,unknown,train,left_right,,3,Is the sofa on the left side or the right side of the table?,,left,choice,left|right,ARKitScenes/3dod/Training/41254551/41254551_frames/lowres_wide/41254551_136552.730.png,ARKitScenes/3dod/Training/41254551/41254551_frames/lowres_depth/41254551_136552.730.png,rule,"{""a_concept"": ""sofa"", ""b_concept"": ""table"", ""a_centroid_x"": 25.978600944969095, ""b_centroid_x"": 60.08315524544868, ""horizontal_gap_px"": 34.104554300479585, ""image_width"": 256}"
train_000161,42898500/159987.002,42898500,lidar,unknown,train,identify_superlative,closest_camera,0,"Not counting the walls, floor, or ceiling, which object is closest to the camera?",,cabinet,object,,ARKitScenes/3dod/Training/42898500/42898500_frames/lowres_wide/42898500_159987.002.png,ARKitScenes/3dod/Training/42898500/42898500_frames/lowres_depth/42898500_159987.002.png,rule,"{""winner_concept"": ""cabinet"", ""winner_object_index"": 1, ""winner_area_frac"": 0.013752755400709119, ""winner_depth_m"": 1.7519999742507935, ""runner_up_concept"": null, ""runner_up_area_frac"": null, ""runner_up_depth_m"": null}"
train_000162,45261509/43547.253,45261509,lidar,unknown,train,left_right,,4,"Which side of the sink is the oven on, left or right?",,right,choice,left|right,ARKitScenes/3dod/Training/45261509/45261509_frames/lowres_wide/45261509_43547.253.png,ARKitScenes/3dod/Training/45261509/45261509_frames/lowres_depth/45261509_43547.253.png,rule,"{""a_concept"": ""oven"", ""b_concept"": ""sink"", ""a_centroid_x"": 168.6672677072084, ""b_centroid_x"": 81.36187732360854, ""horizontal_gap_px"": 87.30539038359986, ""image_width"": 256}"
train_000163,45261035/12750.771,45261035,lidar,unknown,train,existence,negative,3,Can you spot a television in the picture?,,no,yes_no,yes|no,ARKitScenes/3dod/Training/45261035/45261035_frames/lowres_wide/45261035_12750.771.png,ARKitScenes/3dod/Training/45261035/45261035_frames/lowres_depth/45261035_12750.771.png,rule,"{""concept"": ""television"", ""reason"": ""category_or_scene_type_plausible""}"
train_000164,43828520/102887.504,43828520,lidar,unknown,train,relative_depth,farther,4,"Of the table and the sofa, which is farther?",,table,choice,table|sofa,ARKitScenes/3dod/Training/43828520/43828520_frames/lowres_wide/43828520_102887.504.png,ARKitScenes/3dod/Training/43828520/43828520_frames/lowres_depth/43828520_102887.504.png,rule,"{""a_concept"": ""sofa"", ""a_depth_m"": 2.131999969482422, ""b_concept"": ""table"", ""b_depth_m"": 4.436999797821045, ""comparative"": ""farther"", ""answer_concept"": ""table""}"
train_000165,47331220/282443.927,47331220,lidar,unknown,train,existence,positive,2,Does this room contain a cabinet?,,yes,yes_no,yes|no,ARKitScenes/3dod/Training/47331220/47331220_frames/lowres_wide/47331220_282443.927.png,ARKitScenes/3dod/Training/47331220/47331220_frames/lowres_depth/47331220_282443.927.png,rule,"{""concept"": ""cabinet"", ""object_index"": 1, ""area_frac"": 0.21111920605434475}"
train_000166,44358121/62398.702,44358121,lidar,unknown,train,relative_depth,closer,4,"Of the cabinet and the sofa, which is closer?",,sofa,choice,cabinet|sofa,ARKitScenes/3dod/Training/44358121/44358121_frames/lowres_wide/44358121_62398.702.png,ARKitScenes/3dod/Training/44358121/44358121_frames/lowres_depth/44358121_62398.702.png,rule,"{""a_concept"": ""sofa"", ""a_depth_m"": 1.930999994277954, ""b_concept"": ""cabinet"", ""b_depth_m"": 2.4100000858306885, ""comparative"": ""closer"", ""answer_concept"": ""sofa""}"
train_000167,43649452/13063.060,43649452,lidar,unknown,train,left_right,,2,"Looking at the cabinet, is the stove positioned on its left or right?",,right,choice,left|right,ARKitScenes/3dod/Training/43649452/43649452_frames/lowres_wide/43649452_13063.060.png,ARKitScenes/3dod/Training/43649452/43649452_frames/lowres_depth/43649452_13063.060.png,rule,"{""a_concept"": ""stove"", ""b_concept"": ""cabinet"", ""a_centroid_x"": 240.65237367523204, ""b_centroid_x"": 163.37584540021794, ""horizontal_gap_px"": 77.2765282750141, ""image_width"": 256}"
train_000168,41254551/136543.034,41254551,lidar,unknown,train,nearest_object,,2,What sits closest to the table?,,stool,object,,ARKitScenes/3dod/Training/41254551/41254551_frames/lowres_wide/41254551_136543.034.png,ARKitScenes/3dod/Training/41254551/41254551_frames/lowres_depth/41254551_136543.034.png,rule,"{""anchor_concept"": ""table"", ""anchor_object_index"": 2, ""answer_concept"": ""stool"", ""answer_object_index"": 4, ""nearest_distance_m"": 0.045, ""second_nearest_distance_m"": 2.979}"
train_000169,43649452/12836.867,43649452,lidar,unknown,train,identify_superlative,closest_camera,1,"Excluding the walls, floor, and ceiling, what is the nearest object to the camera?",,cabinet,object,,ARKitScenes/3dod/Training/43649452/43649452_frames/lowres_wide/43649452_12836.867.png,ARKitScenes/3dod/Training/43649452/43649452_frames/lowres_depth/43649452_12836.867.png,rule,"{""winner_concept"": ""cabinet"", ""winner_object_index"": 30, ""winner_area_frac"": 0.049933556743928, ""winner_depth_m"": 4.572000026702881, ""runner_up_concept"": null, ""runner_up_area_frac"": null, ""runner_up_depth_m"": null}"
train_000170,47334957/667449.799,47334957,lidar,unknown,train,existence,positive,2,Does this room contain a shelf?,,yes,yes_no,yes|no,ARKitScenes/3dod/Training/47334957/47334957_frames/lowres_wide/47334957_667449.799.png,ARKitScenes/3dod/Training/47334957/47334957_frames/lowres_depth/47334957_667449.799.png,rule,"{""concept"": ""shelf"", ""object_index"": 6, ""area_frac"": 0.14528979026888836}"
train_000171,47333493/62503.116,47333493,lidar,unknown,train,left_right,,5,"From the sofa, which direction is the cabinet in, left or right?",,right,choice,left|right,ARKitScenes/3dod/Training/47333493/47333493_frames/lowres_wide/47333493_62503.116.png,ARKitScenes/3dod/Training/47333493/47333493_frames/lowres_depth/47333493_62503.116.png,rule,"{""a_concept"": ""cabinet"", ""b_concept"": ""sofa"", ""a_centroid_x"": 130.5526856153228, ""b_centroid_x"": 16.137576239730556, ""horizontal_gap_px"": 114.41510937559224, ""image_width"": 256}"
train_000172,42897418/103533.004,42897418,lidar,unknown,train,left_right,,2,"Looking at the sink, is the toilet positioned on its left or right?",,right,choice,left|right,ARKitScenes/3dod/Training/42897418/42897418_frames/lowres_wide/42897418_103533.004.png,ARKitScenes/3dod/Training/42897418/42897418_frames/lowres_depth/42897418_103533.004.png,rule,"{""a_concept"": ""toilet"", ""b_concept"": ""sink"", ""a_centroid_x"": 148.2811155386358, ""b_centroid_x"": 71.54629860078714, ""horizontal_gap_px"": 76.73481693784865, ""image_width"": 256}"
train_000173,42898711/581564.432,42898711,lidar,unknown,train,relative_depth,farther,1,"Between the toilet and the cabinet, which one is farther from the camera?",,toilet,choice,toilet|cabinet,ARKitScenes/3dod/Training/42898711/42898711_frames/lowres_wide/42898711_581564.432.png,ARKitScenes/3dod/Training/42898711/42898711_frames/lowres_depth/42898711_581564.432.png,rule,"{""a_concept"": ""cabinet"", ""a_depth_m"": 1.8990000486373901, ""b_concept"": ""toilet"", ""b_depth_m"": 2.5910000801086426, ""comparative"": ""farther"", ""answer_concept"": ""toilet""}"
train_000174,47895614/470377.615,47895614,lidar,unknown,train,identify_superlative,farthest_camera,1,"Excluding the walls, floor, and ceiling, what is the most distant object from the camera?",,refrigerator,object,,ARKitScenes/3dod/Training/47895614/47895614_frames/lowres_wide/47895614_470377.615.png,ARKitScenes/3dod/Training/47895614/47895614_frames/lowres_depth/47895614_470377.615.png,rule,"{""winner_concept"": ""refrigerator"", ""winner_object_index"": 4, ""winner_area_frac"": 0.09217729008649757, ""winner_depth_m"": 0.9309999942779541, ""runner_up_concept"": null, ""runner_up_area_frac"": null, ""runner_up_depth_m"": null}"
train_000175,42898236/167719.046,42898236,lidar,unknown,train,relative_depth,farther,4,"Of the fireplace and the table, which is farther?",,fireplace,choice,fireplace|table,ARKitScenes/3dod/Training/42898236/42898236_frames/lowres_wide/42898236_167719.046.png,ARKitScenes/3dod/Training/42898236/42898236_frames/lowres_depth/42898236_167719.046.png,rule,"{""a_concept"": ""table"", ""a_depth_m"": 1.343999981880188, ""b_concept"": ""fireplace"", ""b_depth_m"": 3.996000051498413, ""comparative"": ""farther"", ""answer_concept"": ""fireplace""}"
train_000176,48018455/527094.481,48018455,lidar,unknown,train,left_right,,1,"Relative to the toilet, is the bathtub on the left or the right?",,right,choice,left|right,ARKitScenes/3dod/Training/48018455/48018455_frames/lowres_wide/48018455_527094.481.png,ARKitScenes/3dod/Training/48018455/48018455_frames/lowres_depth/48018455_527094.481.png,rule,"{""a_concept"": ""bathtub"", ""b_concept"": ""toilet"", ""a_centroid_x"": 232.12752264143793, ""b_centroid_x"": 158.2244014989036, ""horizontal_gap_px"": 73.90312114253433, ""image_width"": 256}"
train_000177,45260957/5927.622,45260957,lidar,unknown,train,relative_depth,farther,5,"Which one is farther, the chair or the shelf?",,chair,choice,chair|shelf,ARKitScenes/3dod/Training/45260957/45260957_frames/lowres_wide/45260957_5927.622.png,ARKitScenes/3dod/Training/45260957/45260957_frames/lowres_depth/45260957_5927.622.png,rule,"{""a_concept"": ""chair"", ""a_depth_m"": 2.190999984741211, ""b_concept"": ""shelf"", ""b_depth_m"": 1.1069999933242798, ""comparative"": ""farther"", ""answer_concept"": ""chair""}"
train_000178,45662829/15185.112,45662829,lidar,unknown,train,relative_depth,closer,5,"Which one is closer, the table or the television?",,table,choice,table|television,ARKitScenes/3dod/Training/45662829/45662829_frames/lowres_wide/45662829_15185.112.png,ARKitScenes/3dod/Training/45662829/45662829_frames/lowres_depth/45662829_15185.112.png,rule,"{""a_concept"": ""television"", ""a_depth_m"": 2.944999933242798, ""b_concept"": ""table"", ""b_depth_m"": 2.0139999389648438, ""comparative"": ""closer"", ""answer_concept"": ""table""}"
train_000179,47333462/57397.586,47333462,lidar,unknown,train,existence,positive,3,Can you spot a cabinet in the picture?,,yes,yes_no,yes|no,ARKitScenes/3dod/Training/47333462/47333462_frames/lowres_wide/47333462_57397.586.png,ARKitScenes/3dod/Training/47333462/47333462_frames/lowres_depth/47333462_57397.586.png,rule,"{""concept"": ""cabinet"", ""object_index"": 2, ""area_frac"": 0.04933692586025423}"
train_000180,47333133/39383.082,47333133,lidar,unknown,train,identify_superlative,farthest_camera,5,"Excluding the walls, floor, and ceiling, what is the most distant visible object in the scene?",,sofa,object,,ARKitScenes/3dod/Training/47333133/47333133_frames/lowres_wide/47333133_39383.082.png,ARKitScenes/3dod/Training/47333133/47333133_frames/lowres_depth/47333133_39383.082.png,rule,"{""winner_concept"": ""sofa"", ""winner_object_index"": 1, ""winner_area_frac"": 0.0244959544985473, ""winner_depth_m"": 1.621999979019165, ""runner_up_concept"": null, ""runner_up_area_frac"": null, ""runner_up_depth_m"": null}"
train_000181,48018771/14040.079,48018771,lidar,unknown,train,left_right,,3,Is the shelf on the left side or the right side of the cabinet?,,left,choice,left|right,ARKitScenes/3dod/Training/48018771/48018771_frames/lowres_wide/48018771_14040.079.png,ARKitScenes/3dod/Training/48018771/48018771_frames/lowres_depth/48018771_14040.079.png,rule,"{""a_concept"": ""shelf"", ""b_concept"": ""cabinet"", ""a_centroid_x"": 187.08759108927345, ""b_centroid_x"": 234.0725473243058, ""horizontal_gap_px"": 46.98495623503234, ""image_width"": 256}"
train_000182,48018115/368401.451,48018115,lidar,unknown,train,existence,negative,2,Does this room contain a television?,,no,yes_no,yes|no,ARKitScenes/3dod/Training/48018115/48018115_frames/lowres_wide/48018115_368401.451.png,ARKitScenes/3dod/Training/48018115/48018115_frames/lowres_depth/48018115_368401.451.png,rule,"{""concept"": ""television"", ""reason"": ""category_or_scene_type_plausible""}"
train_000183,44358661/1193.712,44358661,lidar,unknown,train,left_right,,3,Is the table on the left side or the right side of the fireplace?,,right,choice,left|right,ARKitScenes/3dod/Training/44358661/44358661_frames/lowres_wide/44358661_1193.712.png,ARKitScenes/3dod/Training/44358661/44358661_frames/lowres_depth/44358661_1193.712.png,rule,"{""a_concept"": ""table"", ""b_concept"": ""fireplace"", ""a_centroid_x"": 148.42997413515252, ""b_centroid_x"": 79.62699365631394, ""horizontal_gap_px"": 68.80298047883858, ""image_width"": 256}"
train_000184,48018165/375010.305,48018165,lidar,unknown,train,existence,negative,2,Does this room contain a shelf?,,no,yes_no,yes|no,ARKitScenes/3dod/Training/48018165/48018165_frames/lowres_wide/48018165_375010.305.png,ARKitScenes/3dod/Training/48018165/48018165_frames/lowres_depth/48018165_375010.305.png,rule,"{""concept"": ""shelf"", ""reason"": ""category_or_scene_type_plausible""}"
train_000185,43895987/136312.053,43895987,lidar,unknown,train,nearest_object,,1,Which object is nearest to the cabinet?,,shelf,object,,ARKitScenes/3dod/Training/43895987/43895987_frames/lowres_wide/43895987_136312.053.png,ARKitScenes/3dod/Training/43895987/43895987_frames/lowres_depth/43895987_136312.053.png,rule,"{""anchor_concept"": ""cabinet"", ""anchor_object_index"": 10, ""answer_concept"": ""shelf"", ""answer_object_index"": 9, ""nearest_distance_m"": 0.188, ""second_nearest_distance_m"": 1.661}"
train_000186,47334341/74760.576,47334341,lidar,unknown,train,existence,negative,5,Is there any cabinet visible in the image?,,no,yes_no,yes|no,ARKitScenes/3dod/Training/47334341/47334341_frames/lowres_wide/47334341_74760.576.png,ARKitScenes/3dod/Training/47334341/47334341_frames/lowres_depth/47334341_74760.576.png,rule,"{""concept"": ""cabinet"", ""reason"": ""category_or_scene_type_plausible""}"
train_000187,42445498/154785.080,42445498,lidar,unknown,train,nearest_object,,4,What is right next to the cabinet?,,sink,object,,ARKitScenes/3dod/Training/42445498/42445498_frames/lowres_wide/42445498_154785.080.png,ARKitScenes/3dod/Training/42445498/42445498_frames/lowres_depth/42445498_154785.080.png,rule,"{""anchor_concept"": ""cabinet"", ""anchor_object_index"": 0, ""answer_concept"": ""sink"", ""answer_object_index"": 1, ""nearest_distance_m"": 0.132, ""second_nearest_distance_m"": 0.586}"
train_000188,48018549/830174.943,48018549,lidar,unknown,train,left_right,,5,"From the chair, which direction is the cabinet in, left or right?",,left,choice,left|right,ARKitScenes/3dod/Training/48018549/48018549_frames/lowres_wide/48018549_830174.943.png,ARKitScenes/3dod/Training/48018549/48018549_frames/lowres_depth/48018549_830174.943.png,rule,"{""a_concept"": ""cabinet"", ""b_concept"": ""chair"", ""a_centroid_x"": 133.2105893348625, ""b_centroid_x"": 229.17381953338642, ""horizontal_gap_px"": 95.96323019852392, ""image_width"": 256}"
train_000189,43649802/46892.212,43649802,lidar,unknown,train,left_right,,1,"Relative to the television, is the stool on the left or the right?",,right,choice,left|right,ARKitScenes/3dod/Training/43649802/43649802_frames/lowres_wide/43649802_46892.212.png,ARKitScenes/3dod/Training/43649802/43649802_frames/lowres_depth/43649802_46892.212.png,rule,"{""a_concept"": ""stool"", ""b_concept"": ""television"", ""a_centroid_x"": 185.56640784611784, ""b_centroid_x"": 101.55570695961634, ""horizontal_gap_px"": 84.0107008865015, ""image_width"": 256}"
train_000190,47430248/182365.403,47430248,lidar,unknown,train,left_right,,3,Is the sofa on the left side or the right side of the shelf?,,right,choice,left|right,ARKitScenes/3dod/Training/47430248/47430248_frames/lowres_wide/47430248_182365.403.png,ARKitScenes/3dod/Training/47430248/47430248_frames/lowres_depth/47430248_182365.403.png,rule,"{""a_concept"": ""sofa"", ""b_concept"": ""shelf"", ""a_centroid_x"": 245.46456254458982, ""b_centroid_x"": 108.45688589410474, ""horizontal_gap_px"": 137.00767665048508, ""image_width"": 256}"
train_000191,44358306/17452.243,44358306,lidar,unknown,train,left_right,,4,"Which side of the shelf is the table on, left or right?",,right,choice,left|right,ARKitScenes/3dod/Training/44358306/44358306_frames/lowres_wide/44358306_17452.243.png,ARKitScenes/3dod/Training/44358306/44358306_frames/lowres_depth/44358306_17452.243.png,rule,"{""a_concept"": ""table"", ""b_concept"": ""shelf"", ""a_centroid_x"": 231.37808113855917, ""b_centroid_x"": 151.77078549036784, ""horizontal_gap_px"": 79.60729564819133, ""image_width"": 256}"
train_000192,47334589/165880.941,47334589,lidar,unknown,train,relative_depth,farther,1,"Between the stool and the cabinet, which one is farther from the camera?",,cabinet,choice,stool|cabinet,ARKitScenes/3dod/Training/47334589/47334589_frames/lowres_wide/47334589_165880.941.png,ARKitScenes/3dod/Training/47334589/47334589_frames/lowres_depth/47334589_165880.941.png,rule,"{""a_concept"": ""cabinet"", ""a_depth_m"": 2.500999927520752, ""b_concept"": ""stool"", ""b_depth_m"": 1.25600004196167, ""comparative"": ""farther"", ""answer_concept"": ""cabinet""}"
train_000193,42898689/577257.817,42898689,lidar,unknown,train,existence,positive,5,Is there any shelf visible in the image?,,yes,yes_no,yes|no,ARKitScenes/3dod/Training/42898689/42898689_frames/lowres_wide/42898689_577257.817.png,ARKitScenes/3dod/Training/42898689/42898689_frames/lowres_depth/42898689_577257.817.png,rule,"{""concept"": ""shelf"", ""object_index"": 3, ""area_frac"": 0.13567630898310604}"
train_000194,47331002/178688.838,47331002,lidar,unknown,train,nearest_object,,3,Which item is positioned nearest to the television?,,bed,object,,ARKitScenes/3dod/Training/47331002/47331002_frames/lowres_wide/47331002_178688.838.png,ARKitScenes/3dod/Training/47331002/47331002_frames/lowres_depth/47331002_178688.838.png,rule,"{""anchor_concept"": ""television"", ""anchor_object_index"": 1, ""answer_concept"": ""bed"", ""answer_object_index"": 3, ""nearest_distance_m"": 0.573, ""second_nearest_distance_m"": 1.025}"
train_000195,45261522/45783.765,45261522,lidar,unknown,train,nearest_object,,1,Which object is nearest to the cabinet?,,television,object,,ARKitScenes/3dod/Training/45261522/45261522_frames/lowres_wide/45261522_45783.765.png,ARKitScenes/3dod/Training/45261522/45261522_frames/lowres_depth/45261522_45783.765.png,rule,"{""anchor_concept"": ""cabinet"", ""anchor_object_index"": 4, ""answer_concept"": ""television"", ""answer_object_index"": 5, ""nearest_distance_m"": 0.457, ""second_nearest_distance_m"": 0.636}"
train_000196,43896223/4966.606,43896223,lidar,unknown,train,relative_depth,farther,2,Is the sink or the stool farther from the camera?,,stool,choice,sink|stool,ARKitScenes/3dod/Training/43896223/43896223_frames/lowres_wide/43896223_4966.606.png,ARKitScenes/3dod/Training/43896223/43896223_frames/lowres_depth/43896223_4966.606.png,rule,"{""a_concept"": ""sink"", ""a_depth_m"": 0.6759999990463257, ""b_concept"": ""stool"", ""b_depth_m"": 1.1740000247955322, ""comparative"": ""farther"", ""answer_concept"": ""stool""}"
train_000197,47669917/14124.273,47669917,lidar,unknown,train,relative_depth,farther,0,"Which is farther from the camera, the cabinet or the table?",,table,choice,cabinet|table,ARKitScenes/3dod/Training/47669917/47669917_frames/lowres_wide/47669917_14124.273.png,ARKitScenes/3dod/Training/47669917/47669917_frames/lowres_depth/47669917_14124.273.png,rule,"{""a_concept"": ""cabinet"", ""a_depth_m"": 1.937999963760376, ""b_concept"": ""table"", ""b_depth_m"": 3.879000186920166, ""comparative"": ""farther"", ""answer_concept"": ""table""}"
train_000198,44796745/28672.896,44796745,lidar,unknown,train,identify_superlative,closest_camera,1,"Excluding the walls, floor, and ceiling, what is the nearest object to the camera?",,sofa,object,,ARKitScenes/3dod/Training/44796745/44796745_frames/lowres_wide/44796745_28672.896.png,ARKitScenes/3dod/Training/44796745/44796745_frames/lowres_depth/44796745_28672.896.png,rule,"{""winner_concept"": ""sofa"", ""winner_object_index"": 0, ""winner_area_frac"": 0.28861042686360733, ""winner_depth_m"": 2.315999984741211, ""runner_up_concept"": ""stool"", ""runner_up_area_frac"": 0.028360506260708778, ""runner_up_depth_m"": 4.808000087738037}"
train_000199,42446072/80496.387,42446072,lidar,unknown,train,left_right,,1,"Relative to the cabinet, is the bathtub on the left or the right?",,right,choice,left|right,ARKitScenes/3dod/Training/42446072/42446072_frames/lowres_wide/42446072_80496.387.png,ARKitScenes/3dod/Training/42446072/42446072_frames/lowres_depth/42446072_80496.387.png,rule,"{""a_concept"": ""bathtub"", ""b_concept"": ""cabinet"", ""a_centroid_x"": 136.98530890319338, ""b_centroid_x"": 82.9894158236979, ""horizontal_gap_px"": 53.99589307949549, ""image_width"": 256}"
train_000200,48018412/394249.551,48018412,lidar,unknown,train,relative_depth,closer,0,"Which is closer to the camera, the cabinet or the chair?",,cabinet,choice,cabinet|chair,ARKitScenes/3dod/Training/48018412/48018412_frames/lowres_wide/48018412_394249.551.png,ARKitScenes/3dod/Training/48018412/48018412_frames/lowres_depth/48018412_394249.551.png,rule,"{""a_concept"": ""cabinet"", ""a_depth_m"": 0.9480000138282776, ""b_concept"": ""chair"", ""b_depth_m"": 2.0889999866485596, ""comparative"": ""closer"", ""answer_concept"": ""cabinet""}"
train_000201,41007591/2640.127,41007591,lidar,unknown,train,identify_superlative,farthest_camera,0,"Not counting the walls, floor, or ceiling, which object is farthest from the camera?",,sink,object,,ARKitScenes/3dod/Training/41007591/41007591_frames/lowres_wide/41007591_2640.127.png,ARKitScenes/3dod/Training/41007591/41007591_frames/lowres_depth/41007591_2640.127.png,rule,"{""winner_concept"": ""sink"", ""winner_object_index"": 0, ""winner_area_frac"": 0.22385698332016288, ""winner_depth_m"": 1.0, ""runner_up_concept"": null, ""runner_up_area_frac"": null, ""runner_up_depth_m"": null}"
train_000202,42446017/134585.617,42446017,lidar,unknown,train,relative_depth,farther,2,Is the table or the sofa farther from the camera?,,table,choice,table|sofa,ARKitScenes/3dod/Training/42446017/42446017_frames/lowres_wide/42446017_134585.617.png,ARKitScenes/3dod/Training/42446017/42446017_frames/lowres_depth/42446017_134585.617.png,rule,"{""a_concept"": ""sofa"", ""a_depth_m"": 1.3250000476837158, ""b_concept"": ""table"", ""b_depth_m"": 1.7300000190734863, ""comparative"": ""farther"", ""answer_concept"": ""table""}"
train_000203,43828517/102947.412,43828517,lidar,unknown,train,existence,negative,3,Can you spot a cabinet in the picture?,,no,yes_no,yes|no,ARKitScenes/3dod/Training/43828517/43828517_frames/lowres_wide/43828517_102947.412.png,ARKitScenes/3dod/Training/43828517/43828517_frames/lowres_depth/43828517_102947.412.png,rule,"{""concept"": ""cabinet"", ""reason"": ""category_or_scene_type_plausible""}"
train_000204,45662851/12185.057,45662851,lidar,unknown,train,existence,positive,4,Is a sofa present in this scene?,,yes,yes_no,yes|no,ARKitScenes/3dod/Training/45662851/45662851_frames/lowres_wide/45662851_12185.057.png,ARKitScenes/3dod/Training/45662851/45662851_frames/lowres_depth/45662851_12185.057.png,rule,"{""concept"": ""sofa"", ""object_index"": 7, ""area_frac"": 0.03895913814744476}"
train_000205,45260957/5927.622,45260957,lidar,unknown,train,identify_superlative,farthest_camera,5,"Excluding the walls, floor, and ceiling, what is the most distant visible object in the scene?",,sofa,object,,ARKitScenes/3dod/Training/45260957/45260957_frames/lowres_wide/45260957_5927.622.png,ARKitScenes/3dod/Training/45260957/45260957_frames/lowres_depth/45260957_5927.622.png,rule,"{""winner_concept"": ""sofa"", ""winner_object_index"": 5, ""winner_area_frac"": 0.10084158247112406, ""winner_depth_m"": 3.1440000534057617, ""runner_up_concept"": ""chair"", ""runner_up_area_frac"": 0.071686856697136, ""runner_up_depth_m"": 2.190999984741211}"
train_000206,42898236/167719.046,42898236,lidar,unknown,train,existence,negative,5,Is there any cabinet visible in the image?,,no,yes_no,yes|no,ARKitScenes/3dod/Training/42898236/42898236_frames/lowres_wide/42898236_167719.046.png,ARKitScenes/3dod/Training/42898236/42898236_frames/lowres_depth/42898236_167719.046.png,rule,"{""concept"": ""cabinet"", ""reason"": ""category_or_scene_type_plausible""}"
train_000207,47334938/663184.511,47334938,lidar,unknown,train,left_right,,5,"From the cabinet, which direction is the table in, left or right?",,right,choice,left|right,ARKitScenes/3dod/Training/47334938/47334938_frames/lowres_wide/47334938_663184.511.png,ARKitScenes/3dod/Training/47334938/47334938_frames/lowres_depth/47334938_663184.511.png,rule,"{""a_concept"": ""table"", ""b_concept"": ""cabinet"", ""a_centroid_x"": 210.80109302703883, ""b_centroid_x"": 17.01729110790089, ""horizontal_gap_px"": 193.78380191913794, ""image_width"": 256}"
train_000208,42898236/167759.047,42898236,lidar,unknown,train,nearest_object,,2,What sits closest to the table?,,stool,object,,ARKitScenes/3dod/Training/42898236/42898236_frames/lowres_wide/42898236_167759.047.png,ARKitScenes/3dod/Training/42898236/42898236_frames/lowres_depth/42898236_167759.047.png,rule,"{""anchor_concept"": ""table"", ""anchor_object_index"": 5, ""answer_concept"": ""stool"", ""answer_object_index"": 6, ""nearest_distance_m"": 0.2, ""second_nearest_distance_m"": 0.453}"
train_000209,47670201/53335.818,47670201,lidar,unknown,train,left_right,,2,"Looking at the table, is the cabinet positioned on its left or right?",,left,choice,left|right,ARKitScenes/3dod/Training/47670201/47670201_frames/lowres_wide/47670201_53335.818.png,ARKitScenes/3dod/Training/47670201/47670201_frames/lowres_depth/47670201_53335.818.png,rule,"{""a_concept"": ""cabinet"", ""b_concept"": ""table"", ""a_centroid_x"": 85.45773503518184, ""b_centroid_x"": 176.31968734508334, ""horizontal_gap_px"": 90.8619523099015, ""image_width"": 256}"
train_000210,47334615/385597.242,47334615,lidar,unknown,train,relative_depth,farther,3,"Which object is farther from the camera, the sofa or the table?",,table,choice,sofa|table,ARKitScenes/3dod/Training/47334615/47334615_frames/lowres_wide/47334615_385597.242.png,ARKitScenes/3dod/Training/47334615/47334615_frames/lowres_depth/47334615_385597.242.png,rule,"{""a_concept"": ""table"", ""a_depth_m"": 2.1050000190734863, ""b_concept"": ""sofa"", ""b_depth_m"": 1.2799999713897705, ""comparative"": ""farther"", ""answer_concept"": ""table""}"
train_000211,43649586/35269.551,43649586,lidar,unknown,train,nearest_object,,3,Which item is positioned nearest to the cabinet?,,oven,object,,ARKitScenes/3dod/Training/43649586/43649586_frames/lowres_wide/43649586_35269.551.png,ARKitScenes/3dod/Training/43649586/43649586_frames/lowres_depth/43649586_35269.551.png,rule,"{""anchor_concept"": ""cabinet"", ""anchor_object_index"": 0, ""answer_concept"": ""oven"", ""answer_object_index"": 2, ""nearest_distance_m"": 1.101, ""second_nearest_distance_m"": 1.993}"
train_000212,43895917/111326.962,43895917,lidar,unknown,train,relative_depth,closer,1,"Between the bathtub and the sink, which one is closer to the camera?",,bathtub,choice,bathtub|sink,ARKitScenes/3dod/Training/43895917/43895917_frames/lowres_wide/43895917_111326.962.png,ARKitScenes/3dod/Training/43895917/43895917_frames/lowres_depth/43895917_111326.962.png,rule,"{""a_concept"": ""bathtub"", ""a_depth_m"": 1.309999942779541, ""b_concept"": ""sink"", ""b_depth_m"": 2.694000005722046, ""comparative"": ""closer"", ""answer_concept"": ""bathtub""}"
train_000213,47333055/60321.311,47333055,lidar,unknown,train,existence,negative,2,Does this room contain a cabinet?,,no,yes_no,yes|no,ARKitScenes/3dod/Training/47333055/47333055_frames/lowres_wide/47333055_60321.311.png,ARKitScenes/3dod/Training/47333055/47333055_frames/lowres_depth/47333055_60321.311.png,rule,"{""concept"": ""cabinet"", ""reason"": ""category_or_scene_type_plausible""}"
train_000214,47430942/95480.690,47430942,lidar,unknown,train,existence,negative,2,Does this room contain a sink?,,no,yes_no,yes|no,ARKitScenes/3dod/Training/47430942/47430942_frames/lowres_wide/47430942_95480.690.png,ARKitScenes/3dod/Training/47430942/47430942_frames/lowres_depth/47430942_95480.690.png,rule,"{""concept"": ""sink"", ""reason"": ""category_or_scene_type_plausible""}"
train_000215,41126979/1508.698,41126979,lidar,unknown,train,existence,negative,4,Is a sink present in this scene?,,no,yes_no,yes|no,ARKitScenes/3dod/Training/41126979/41126979_frames/lowres_wide/41126979_1508.698.png,ARKitScenes/3dod/Training/41126979/41126979_frames/lowres_depth/41126979_1508.698.png,rule,"{""concept"": ""sink"", ""reason"": ""category_or_scene_type_plausible""}"
train_000216,42897509/472369.826,42897509,lidar,unknown,train,identify_superlative,closest_camera,0,"Not counting the walls, floor, or ceiling, which object is closest to the camera?",,cabinet,object,,ARKitScenes/3dod/Training/42897509/42897509_frames/lowres_wide/42897509_472369.826.png,ARKitScenes/3dod/Training/42897509/42897509_frames/lowres_depth/42897509_472369.826.png,rule,"{""winner_concept"": ""cabinet"", ""winner_object_index"": 3, ""winner_area_frac"": 0.16319853553281163, ""winner_depth_m"": 1.0089999437332153, ""runner_up_concept"": null, ""runner_up_area_frac"": null, ""runner_up_depth_m"": null}"
train_000217,45261527/45658.964,45261527,lidar,unknown,train,identify_superlative,farthest_camera,5,"Excluding the walls, floor, and ceiling, what is the most distant visible object in the scene?",,shelf,object,,ARKitScenes/3dod/Training/45261527/45261527_frames/lowres_wide/45261527_45658.964.png,ARKitScenes/3dod/Training/45261527/45261527_frames/lowres_depth/45261527_45658.964.png,rule,"{""winner_concept"": ""shelf"", ""winner_object_index"": 2, ""winner_area_frac"": 0.2351582511431561, ""winner_depth_m"": 1.906000018119812, ""runner_up_concept"": null, ""runner_up_area_frac"": null, ""runner_up_depth_m"": null}"
train_000218,47669917/14129.987,47669917,lidar,unknown,train,existence,negative,3,Can you spot a shelf in the picture?,,no,yes_no,yes|no,ARKitScenes/3dod/Training/47669917/47669917_frames/lowres_wide/47669917_14129.987.png,ARKitScenes/3dod/Training/47669917/47669917_frames/lowres_depth/47669917_14129.987.png,rule,"{""concept"": ""shelf"", ""reason"": ""category_or_scene_type_plausible""}"
train_000219,43649802/46877.701,43649802,lidar,unknown,train,relative_depth,closer,2,Is the fireplace or the cabinet closer to the camera?,,fireplace,choice,fireplace|cabinet,ARKitScenes/3dod/Training/43649802/43649802_frames/lowres_wide/43649802_46877.701.png,ARKitScenes/3dod/Training/43649802/43649802_frames/lowres_depth/43649802_46877.701.png,rule,"{""a_concept"": ""cabinet"", ""a_depth_m"": 2.2769999504089355, ""b_concept"": ""fireplace"", ""b_depth_m"": 1.9479999542236328, ""comparative"": ""closer"", ""answer_concept"": ""fireplace""}"
train_000220,47332508/343912.390,47332508,lidar,unknown,train,relative_depth,closer,4,"Of the cabinet and the table, which is closer?",,table,choice,cabinet|table,ARKitScenes/3dod/Training/47332508/47332508_frames/lowres_wide/47332508_343912.390.png,ARKitScenes/3dod/Training/47332508/47332508_frames/lowres_depth/47332508_343912.390.png,rule,"{""a_concept"": ""cabinet"", ""a_depth_m"": 2.1710000038146973, ""b_concept"": ""table"", ""b_depth_m"": 1.3049999475479126, ""comparative"": ""closer"", ""answer_concept"": ""table""}"
train_000221,42898903/817071.760,42898903,lidar,unknown,train,identify_superlative,farthest_camera,3,"Ignoring the walls, floor, and ceiling, what object is farthest from the viewer?",,oven,object,,ARKitScenes/3dod/Training/42898903/42898903_frames/lowres_wide/42898903_817071.760.png,ARKitScenes/3dod/Training/42898903/42898903_frames/lowres_depth/42898903_817071.760.png,rule,"{""winner_concept"": ""oven"", ""winner_object_index"": 21, ""winner_area_frac"": 0.012458656827769005, ""winner_depth_m"": 2.683000087738037, ""runner_up_concept"": ""stool"", ""runner_up_area_frac"": 0.41934368901078584, ""runner_up_depth_m"": 1.6030000448226929}"
train_000222,43828455/92102.354,43828455,lidar,unknown,train,left_right,,1,"Relative to the bathtub, is the toilet on the left or the right?",,left,choice,left|right,ARKitScenes/3dod/Training/43828455/43828455_frames/lowres_wide/43828455_92102.354.png,ARKitScenes/3dod/Training/43828455/43828455_frames/lowres_depth/43828455_92102.354.png,rule,"{""a_concept"": ""toilet"", ""b_concept"": ""bathtub"", ""a_centroid_x"": 101.11350089233423, ""b_centroid_x"": 236.89882809234757, ""horizontal_gap_px"": 135.78532720001334, ""image_width"": 256}"
train_000223,42898903/817071.760,42898903,lidar,unknown,train,relative_depth,closer,2,Is the oven or the cabinet closer to the camera?,,cabinet,choice,oven|cabinet,ARKitScenes/3dod/Training/42898903/42898903_frames/lowres_wide/42898903_817071.760.png,ARKitScenes/3dod/Training/42898903/42898903_frames/lowres_depth/42898903_817071.760.png,rule,"{""a_concept"": ""cabinet"", ""a_depth_m"": 1.4249999523162842, ""b_concept"": ""oven"", ""b_depth_m"": 2.683000087738037, ""comparative"": ""closer"", ""answer_concept"": ""cabinet""}"
train_000224,43649384/11107.028,43649384,lidar,unknown,train,nearest_object,,3,Which item is positioned nearest to the table?,,chair,object,,ARKitScenes/3dod/Training/43649384/43649384_frames/lowres_wide/43649384_11107.028.png,ARKitScenes/3dod/Training/43649384/43649384_frames/lowres_depth/43649384_11107.028.png,rule,"{""anchor_concept"": ""table"", ""anchor_object_index"": 2, ""answer_concept"": ""chair"", ""answer_object_index"": 10, ""nearest_distance_m"": 0.114, ""second_nearest_distance_m"": 0.305}"
train_000225,47670158/40702.456,47670158,lidar,unknown,train,nearest_object,,0,What is the closest object to the stool?,,cabinet,object,,ARKitScenes/3dod/Training/47670158/47670158_frames/lowres_wide/47670158_40702.456.png,ARKitScenes/3dod/Training/47670158/47670158_frames/lowres_depth/47670158_40702.456.png,rule,"{""anchor_concept"": ""stool"", ""anchor_object_index"": 32, ""answer_concept"": ""cabinet"", ""answer_object_index"": 29, ""nearest_distance_m"": 1.021, ""second_nearest_distance_m"": 2.962}"
train_000226,43896396/22573.078,43896396,lidar,unknown,train,identify_superlative,closest_camera,4,"Not counting the room's walls, floor, or ceiling, which object is closest to us in this image?",,cabinet,object,,ARKitScenes/3dod/Training/43896396/43896396_frames/lowres_wide/43896396_22573.078.png,ARKitScenes/3dod/Training/43896396/43896396_frames/lowres_depth/43896396_22573.078.png,rule,"{""winner_concept"": ""cabinet"", ""winner_object_index"": 0, ""winner_area_frac"": 0.2767460276337183, ""winner_depth_m"": 1.5829999446868896, ""runner_up_concept"": null, ""runner_up_area_frac"": null, ""runner_up_depth_m"": null}"
train_000227,44358306/17452.243,44358306,lidar,unknown,train,relative_depth,farther,0,"Which is farther from the camera, the shelf or the cabinet?",,shelf,choice,shelf|cabinet,ARKitScenes/3dod/Training/44358306/44358306_frames/lowres_wide/44358306_17452.243.png,ARKitScenes/3dod/Training/44358306/44358306_frames/lowres_depth/44358306_17452.243.png,rule,"{""a_concept"": ""cabinet"", ""a_depth_m"": 3.0829999446868896, ""b_concept"": ""shelf"", ""b_depth_m"": 3.6110000610351562, ""comparative"": ""farther"", ""answer_concept"": ""shelf""}"
train_000228,47430452/1914.054,47430452,lidar,unknown,train,identify_superlative,farthest_camera,5,"Excluding the walls, floor, and ceiling, what is the most distant visible object in the scene?",,television,object,,ARKitScenes/3dod/Training/47430452/47430452_frames/lowres_wide/47430452_1914.054.png,ARKitScenes/3dod/Training/47430452/47430452_frames/lowres_depth/47430452_1914.054.png,rule,"{""winner_concept"": ""television"", ""winner_object_index"": 6, ""winner_area_frac"": 0.03331715268143333, ""winner_depth_m"": 1.6180000305175781, ""runner_up_concept"": ""table"", ""runner_up_area_frac"": 0.5169447245600819, ""runner_up_depth_m"": 1.1729999780654907}"
train_000229,47204377/18048.640,47204377,lidar,unknown,train,existence,positive,3,Can you spot a television in the picture?,,yes,yes_no,yes|no,ARKitScenes/3dod/Training/47204377/47204377_frames/lowres_wide/47204377_18048.640.png,ARKitScenes/3dod/Training/47204377/47204377_frames/lowres_depth/47204377_18048.640.png,rule,"{""concept"": ""television"", ""object_index"": 7, ""area_frac"": 0.06842655428550752}"
train_000230,47331705/9720.353,47331705,lidar,unknown,train,identify_superlative,closest_camera,5,"Excluding the walls, floor, and ceiling, what is the closest visible object to the camera?",,sofa,object,,ARKitScenes/3dod/Training/47331705/47331705_frames/lowres_wide/47331705_9720.353.png,ARKitScenes/3dod/Training/47331705/47331705_frames/lowres_depth/47331705_9720.353.png,rule,"{""winner_concept"": ""sofa"", ""winner_object_index"": 2, ""winner_area_frac"": 0.6318366835752661, ""winner_depth_m"": 1.3509999513626099, ""runner_up_concept"": ""table"", ""runner_up_area_frac"": 0.21502241108828965, ""runner_up_depth_m"": 1.7225000858306885}"
train_000231,45260951/6096.022,45260951,lidar,unknown,train,identify_superlative,closest_camera,0,"Not counting the walls, floor, or ceiling, which object is closest to the camera?",,chair,object,,ARKitScenes/3dod/Training/45260951/45260951_frames/lowres_wide/45260951_6096.022.png,ARKitScenes/3dod/Training/45260951/45260951_frames/lowres_depth/45260951_6096.022.png,rule,"{""winner_concept"": ""chair"", ""winner_object_index"": 6, ""winner_area_frac"": 0.397549220792161, ""winner_depth_m"": 0.9430000185966492, ""runner_up_concept"": null, ""runner_up_area_frac"": null, ""runner_up_depth_m"": null}"
train_000232,42898740/63539.922,42898740,lidar,unknown,train,relative_depth,farther,3,"Which object is farther from the camera, the sofa or the table?",,sofa,choice,sofa|table,ARKitScenes/3dod/Training/42898740/42898740_frames/lowres_wide/42898740_63539.922.png,ARKitScenes/3dod/Training/42898740/42898740_frames/lowres_depth/42898740_63539.922.png,rule,"{""a_concept"": ""table"", ""a_depth_m"": 1.215999960899353, ""b_concept"": ""sofa"", ""b_depth_m"": 1.590999960899353, ""comparative"": ""farther"", ""answer_concept"": ""sofa""}"
train_000233,47332648/369078.684,47332648,lidar,unknown,train,existence,negative,3,Can you spot a cabinet in the picture?,,no,yes_no,yes|no,ARKitScenes/3dod/Training/47332648/47332648_frames/lowres_wide/47332648_369078.684.png,ARKitScenes/3dod/Training/47332648/47332648_frames/lowres_depth/47332648_369078.684.png,rule,"{""concept"": ""cabinet"", ""reason"": ""category_or_scene_type_plausible""}"
train_000234,43896330/8839.579,43896330,lidar,unknown,train,left_right,,2,"Looking at the television, is the cabinet positioned on its left or right?",,right,choice,left|right,ARKitScenes/3dod/Training/43896330/43896330_frames/lowres_wide/43896330_8839.579.png,ARKitScenes/3dod/Training/43896330/43896330_frames/lowres_depth/43896330_8839.579.png,rule,"{""a_concept"": ""cabinet"", ""b_concept"": ""television"", ""a_centroid_x"": 128.7901630463971, ""b_centroid_x"": 75.82800718604821, ""horizontal_gap_px"": 52.9621558603489, ""image_width"": 256}"
train_000235,47333699/48872.923,47333699,lidar,unknown,train,identify_superlative,closest_camera,2,"Among the furniture and items in the room, not the walls, floor, or ceiling, which is closest to where the picture was taken from?",,chair,object,,ARKitScenes/3dod/Training/47333699/47333699_frames/lowres_wide/47333699_48872.923.png,ARKitScenes/3dod/Training/47333699/47333699_frames/lowres_depth/47333699_48872.923.png,rule,"{""winner_concept"": ""chair"", ""winner_object_index"": 18, ""winner_area_frac"": 0.08443896978266296, ""winner_depth_m"": 1.378000020980835, ""runner_up_concept"": null, ""runner_up_area_frac"": null, ""runner_up_depth_m"": null}"
train_000236,44358661/1125.206,44358661,lidar,unknown,train,identify_superlative,closest_camera,2,"Among the furniture and items in the room, not the walls, floor, or ceiling, which is closest to where the picture was taken from?",,stool,object,,ARKitScenes/3dod/Training/44358661/44358661_frames/lowres_wide/44358661_1125.206.png,ARKitScenes/3dod/Training/44358661/44358661_frames/lowres_depth/44358661_1125.206.png,rule,"{""winner_concept"": ""stool"", ""winner_object_index"": 22, ""winner_area_frac"": 0.009781599436392752, ""winner_depth_m"": 3.430999994277954, ""runner_up_concept"": null, ""runner_up_area_frac"": null, ""runner_up_depth_m"": null}"
train_000237,48458766/142219.459,48458766,lidar,unknown,train,identify_superlative,farthest_camera,1,"Excluding the walls, floor, and ceiling, what is the most distant object from the camera?",,shelf,object,,ARKitScenes/3dod/Training/48458766/48458766_frames/lowres_wide/48458766_142219.459.png,ARKitScenes/3dod/Training/48458766/48458766_frames/lowres_depth/48458766_142219.459.png,rule,"{""winner_concept"": ""shelf"", ""winner_object_index"": 3, ""winner_area_frac"": 0.055222999187942524, ""winner_depth_m"": 4.050000190734863, ""runner_up_concept"": null, ""runner_up_area_frac"": null, ""runner_up_depth_m"": null}"
train_000238,43896330/8976.675,43896330,lidar,unknown,train,identify_superlative,closest_camera,1,"Excluding the walls, floor, and ceiling, what is the nearest object to the camera?",,table,object,,ARKitScenes/3dod/Training/43896330/43896330_frames/lowres_wide/43896330_8976.675.png,ARKitScenes/3dod/Training/43896330/43896330_frames/lowres_depth/43896330_8976.675.png,rule,"{""winner_concept"": ""table"", ""winner_object_index"": 8, ""winner_area_frac"": 0.13755760290474559, ""winner_depth_m"": 1.0870000123977661, ""runner_up_concept"": null, ""runner_up_area_frac"": null, ""runner_up_depth_m"": null}"
train_000239,47115518/13302.496,47115518,lidar,unknown,train,left_right,,1,"Relative to the toilet, is the sink on the left or the right?",,left,choice,left|right,ARKitScenes/3dod/Training/47115518/47115518_frames/lowres_wide/47115518_13302.496.png,ARKitScenes/3dod/Training/47115518/47115518_frames/lowres_depth/47115518_13302.496.png,rule,"{""a_concept"": ""sink"", ""b_concept"": ""toilet"", ""a_centroid_x"": 5.492182509543863, ""b_centroid_x"": 46.237077843074836, ""horizontal_gap_px"": 40.74489533353098, ""image_width"": 256}"
train_000240,47895824/1219945.494,47895824,lidar,unknown,train,identify_superlative,farthest_camera,4,"Not counting the room's walls, floor, or ceiling, which object is farthest away in this image?",,sofa,object,,ARKitScenes/3dod/Training/47895824/47895824_frames/lowres_wide/47895824_1219945.494.png,ARKitScenes/3dod/Training/47895824/47895824_frames/lowres_depth/47895824_1219945.494.png,rule,"{""winner_concept"": ""sofa"", ""winner_object_index"": 9, ""winner_area_frac"": 0.38853317756007316, ""winner_depth_m"": 2.055999994277954, ""runner_up_concept"": null, ""runner_up_area_frac"": null, ""runner_up_depth_m"": null}"
train_000241,43896396/22573.078,43896396,lidar,unknown,train,existence,positive,0,Is there a cabinet in this room?,,yes,yes_no,yes|no,ARKitScenes/3dod/Training/43896396/43896396_frames/lowres_wide/43896396_22573.078.png,ARKitScenes/3dod/Training/43896396/43896396_frames/lowres_depth/43896396_22573.078.png,rule,"{""concept"": ""cabinet"", ""object_index"": 0, ""area_frac"": 0.2767460276337183}"
train_000242,45261509/43516.948,45261509,lidar,unknown,train,existence,positive,3,Can you spot a cabinet in the picture?,,yes,yes_no,yes|no,ARKitScenes/3dod/Training/45261509/45261509_frames/lowres_wide/45261509_43516.948.png,ARKitScenes/3dod/Training/45261509/45261509_frames/lowres_depth/45261509_43516.948.png,rule,"{""concept"": ""cabinet"", ""object_index"": 5, ""area_frac"": 0.07388481193266366}"
train_000243,44358599/58401.922,44358599,lidar,unknown,train,existence,negative,1,Do you see a sink here?,,no,yes_no,yes|no,ARKitScenes/3dod/Training/44358599/44358599_frames/lowres_wide/44358599_58401.922.png,ARKitScenes/3dod/Training/44358599/44358599_frames/lowres_depth/44358599_58401.922.png,rule,"{""concept"": ""sink"", ""reason"": ""category_or_scene_type_plausible""}"
train_000244,47334392/65872.039,47334392,lidar,unknown,train,left_right,,2,"Looking at the chair, is the television positioned on its left or right?",,right,choice,left|right,ARKitScenes/3dod/Training/47334392/47334392_frames/lowres_wide/47334392_65872.039.png,ARKitScenes/3dod/Training/47334392/47334392_frames/lowres_depth/47334392_65872.039.png,rule,"{""a_concept"": ""television"", ""b_concept"": ""chair"", ""a_centroid_x"": 74.00067222871283, ""b_centroid_x"": 41.41410212029284, ""horizontal_gap_px"": 32.58657010841999, ""image_width"": 256}"
train_000245,48018426/395630.620,48018426,lidar,unknown,train,relative_depth,closer,4,"Of the table and the cabinet, which is closer?",,table,choice,table|cabinet,ARKitScenes/3dod/Training/48018426/48018426_frames/lowres_wide/48018426_395630.620.png,ARKitScenes/3dod/Training/48018426/48018426_frames/lowres_depth/48018426_395630.620.png,rule,"{""a_concept"": ""table"", ""a_depth_m"": 1.2604999542236328, ""b_concept"": ""cabinet"", ""b_depth_m"": 2.0480000972747803, ""comparative"": ""closer"", ""answer_concept"": ""table""}"
train_000246,41098000/9246.105,41098000,lidar,unknown,train,identify_superlative,farthest_camera,4,"Not counting the room's walls, floor, or ceiling, which object is farthest away in this image?",,sofa,object,,ARKitScenes/3dod/Training/41098000/41098000_frames/lowres_wide/41098000_9246.105.png,ARKitScenes/3dod/Training/41098000/41098000_frames/lowres_depth/41098000_9246.105.png,rule,"{""winner_concept"": ""sofa"", ""winner_object_index"": 14, ""winner_area_frac"": 0.027427429835937937, ""winner_depth_m"": 2.2980000972747803, ""runner_up_concept"": null, ""runner_up_area_frac"": null, ""runner_up_depth_m"": null}"
train_000247,47331522/190775.193,47331522,lidar,unknown,train,nearest_object,,2,What sits closest to the cabinet?,,chair,object,,ARKitScenes/3dod/Training/47331522/47331522_frames/lowres_wide/47331522_190775.193.png,ARKitScenes/3dod/Training/47331522/47331522_frames/lowres_depth/47331522_190775.193.png,rule,"{""anchor_concept"": ""cabinet"", ""anchor_object_index"": 0, ""answer_concept"": ""chair"", ""answer_object_index"": 9, ""nearest_distance_m"": 0.358, ""second_nearest_distance_m"": 0.917}"
train_000248,48018760/15060.369,48018760,lidar,unknown,train,nearest_object,,3,Which item is positioned nearest to the oven?,,refrigerator,object,,ARKitScenes/3dod/Training/48018760/48018760_frames/lowres_wide/48018760_15060.369.png,ARKitScenes/3dod/Training/48018760/48018760_frames/lowres_depth/48018760_15060.369.png,rule,"{""anchor_concept"": ""oven"", ""anchor_object_index"": 14, ""answer_concept"": ""refrigerator"", ""answer_object_index"": 16, ""nearest_distance_m"": 0.384, ""second_nearest_distance_m"": 0.62}"
train_000249,47204786/27288.704,47204786,lidar,unknown,train,relative_depth,closer,5,"Which one is closer, the television or the shelf?",,television,choice,television|shelf,ARKitScenes/3dod/Training/47204786/47204786_frames/lowres_wide/47204786_27288.704.png,ARKitScenes/3dod/Training/47204786/47204786_frames/lowres_depth/47204786_27288.704.png,rule,"{""a_concept"": ""television"", ""a_depth_m"": 2.6549999713897705, ""b_concept"": ""shelf"", ""b_depth_m"": 4.453000068664551, ""comparative"": ""closer"", ""answer_concept"": ""television""}"
train_000250,47332025/202659.909,47332025,lidar,unknown,train,existence,positive,2,Does this room contain a shelf?,,yes,yes_no,yes|no,ARKitScenes/3dod/Training/47332025/47332025_frames/lowres_wide/47332025_202659.909.png,ARKitScenes/3dod/Training/47332025/47332025_frames/lowres_depth/47332025_202659.909.png,rule,"{""concept"": ""shelf"", ""object_index"": 25, ""area_frac"": 0.02788746495963601}"
train_000251,47334868/620641.337,47334868,lidar,unknown,train,nearest_object,,5,Which object is closest in distance to the cabinet?,,oven,object,,ARKitScenes/3dod/Training/47334868/47334868_frames/lowres_wide/47334868_620641.337.png,ARKitScenes/3dod/Training/47334868/47334868_frames/lowres_depth/47334868_620641.337.png,rule,"{""anchor_concept"": ""cabinet"", ""anchor_object_index"": 6, ""answer_concept"": ""oven"", ""answer_object_index"": 4, ""nearest_distance_m"": 0.56, ""second_nearest_distance_m"": 1.024}"
train_000252,45662829/15213.017,45662829,lidar,unknown,train,left_right,,3,Is the table on the left side or the right side of the chair?,,right,choice,left|right,ARKitScenes/3dod/Training/45662829/45662829_frames/lowres_wide/45662829_15213.017.png,ARKitScenes/3dod/Training/45662829/45662829_frames/lowres_depth/45662829_15213.017.png,rule,"{""a_concept"": ""table"", ""b_concept"": ""chair"", ""a_centroid_x"": 141.47234549877624, ""b_centroid_x"": 109.37067781569345, ""horizontal_gap_px"": 32.10166768308278, ""image_width"": 256}"
train_000253,47430248/182334.699,47430248,lidar,unknown,train,nearest_object,,1,Which object is nearest to the shelf?,,television,object,,ARKitScenes/3dod/Training/47430248/47430248_frames/lowres_wide/47430248_182334.699.png,ARKitScenes/3dod/Training/47430248/47430248_frames/lowres_depth/47430248_182334.699.png,rule,"{""anchor_concept"": ""shelf"", ""anchor_object_index"": 17, ""answer_concept"": ""television"", ""answer_object_index"": 9, ""nearest_distance_m"": 0.067, ""second_nearest_distance_m"": 0.537}"
train_000254,42899875/1023069.683,42899875,lidar,unknown,train,identify_superlative,farthest_camera,4,"Not counting the room's walls, floor, or ceiling, which object is farthest away in this image?",,cabinet,object,,ARKitScenes/3dod/Training/42899875/42899875_frames/lowres_wide/42899875_1023069.683.png,ARKitScenes/3dod/Training/42899875/42899875_frames/lowres_depth/42899875_1023069.683.png,rule,"{""winner_concept"": ""cabinet"", ""winner_object_index"": 3, ""winner_area_frac"": 0.15245609497536575, ""winner_depth_m"": 3.2890000343322754, ""runner_up_concept"": null, ""runner_up_area_frac"": null, ""runner_up_depth_m"": null}"
train_000255,43896371/19812.168,43896371,lidar,unknown,train,existence,negative,2,Does this room contain a cabinet?,,no,yes_no,yes|no,ARKitScenes/3dod/Training/43896371/43896371_frames/lowres_wide/43896371_19812.168.png,ARKitScenes/3dod/Training/43896371/43896371_frames/lowres_depth/43896371_19812.168.png,rule,"{""concept"": ""cabinet"", ""reason"": ""category_or_scene_type_plausible""}"
train_000256,47204426/25774.271,47204426,lidar,unknown,train,relative_depth,farther,1,"Between the television and the bed, which one is farther from the camera?",,television,choice,television|bed,ARKitScenes/3dod/Training/47204426/47204426_frames/lowres_wide/47204426_25774.271.png,ARKitScenes/3dod/Training/47204426/47204426_frames/lowres_depth/47204426_25774.271.png,rule,"{""a_concept"": ""bed"", ""a_depth_m"": 2.435999870300293, ""b_concept"": ""television"", ""b_depth_m"": 3.6579999923706055, ""comparative"": ""farther"", ""answer_concept"": ""television""}"
train_000257,42898247/167698.237,42898247,lidar,unknown,train,left_right,,2,"Looking at the cabinet, is the table positioned on its left or right?",,right,choice,left|right,ARKitScenes/3dod/Training/42898247/42898247_frames/lowres_wide/42898247_167698.237.png,ARKitScenes/3dod/Training/42898247/42898247_frames/lowres_depth/42898247_167698.237.png,rule,"{""a_concept"": ""table"", ""b_concept"": ""cabinet"", ""a_centroid_x"": 159.85037659845898, ""b_centroid_x"": 44.507777033118934, ""horizontal_gap_px"": 115.34259956534004, ""image_width"": 256}"
train_000258,47332326/810180.869,47332326,lidar,unknown,train,relative_depth,closer,0,"Which is closer to the camera, the stool or the washer?",,washer,choice,stool|washer,ARKitScenes/3dod/Training/47332326/47332326_frames/lowres_wide/47332326_810180.869.png,ARKitScenes/3dod/Training/47332326/47332326_frames/lowres_depth/47332326_810180.869.png,rule,"{""a_concept"": ""washer"", ""a_depth_m"": 0.6449999809265137, ""b_concept"": ""stool"", ""b_depth_m"": 1.0269999504089355, ""comparative"": ""closer"", ""answer_concept"": ""washer""}"
train_000259,43896330/8839.579,43896330,lidar,unknown,train,existence,positive,5,Is there any television visible in the image?,,yes,yes_no,yes|no,ARKitScenes/3dod/Training/43896330/43896330_frames/lowres_wide/43896330_8839.579.png,ARKitScenes/3dod/Training/43896330/43896330_frames/lowres_depth/43896330_8839.579.png,rule,"{""concept"": ""television"", ""object_index"": 3, ""area_frac"": 0.11952625827328417}"
train_000260,47430688/326924.543,47430688,lidar,unknown,train,existence,negative,5,Is there any television visible in the image?,,no,yes_no,yes|no,ARKitScenes/3dod/Training/47430688/47430688_frames/lowres_wide/47430688_326924.543.png,ARKitScenes/3dod/Training/47430688/47430688_frames/lowres_depth/47430688_326924.543.png,rule,"{""concept"": ""television"", ""reason"": ""category_or_scene_type_plausible""}"
train_000261,48018455/527112.774,48018455,lidar,unknown,train,existence,positive,3,Can you spot a sink in the picture?,,yes,yes_no,yes|no,ARKitScenes/3dod/Training/48018455/48018455_frames/lowres_wide/48018455_527112.774.png,ARKitScenes/3dod/Training/48018455/48018455_frames/lowres_depth/48018455_527112.774.png,rule,"{""concept"": ""sink"", ""object_index"": 3, ""area_frac"": 0.2507279643009791}"
train_000262,47333698/48422.547,47333698,lidar,unknown,train,left_right,,2,"Looking at the shelf, is the stove positioned on its left or right?",,right,choice,left|right,ARKitScenes/3dod/Training/47333698/47333698_frames/lowres_wide/47333698_48422.547.png,ARKitScenes/3dod/Training/47333698/47333698_frames/lowres_depth/47333698_48422.547.png,rule,"{""a_concept"": ""stove"", ""b_concept"": ""shelf"", ""a_centroid_x"": 104.44033251389453, ""b_centroid_x"": 71.48929267253497, ""horizontal_gap_px"": 32.95103984135956, ""image_width"": 256}"
train_000263,43828382/93098.867,43828382,lidar,unknown,train,identify_superlative,farthest_camera,2,"Among the furniture and items in the room, not the walls, floor, or ceiling, which is farthest from where the picture was taken?",,cabinet,object,,ARKitScenes/3dod/Training/43828382/43828382_frames/lowres_wide/43828382_93098.867.png,ARKitScenes/3dod/Training/43828382/43828382_frames/lowres_depth/43828382_93098.867.png,rule,"{""winner_concept"": ""cabinet"", ""winner_object_index"": 2, ""winner_area_frac"": 0.40607917187154974, ""winner_depth_m"": 0.8420000076293945, ""runner_up_concept"": null, ""runner_up_area_frac"": null, ""runner_up_depth_m"": null}"
train_000264,48458626/127657.995,48458626,lidar,unknown,train,nearest_object,,1,Which object is nearest to the sofa?,,fireplace,object,,ARKitScenes/3dod/Training/48458626/48458626_frames/lowres_wide/48458626_127657.995.png,ARKitScenes/3dod/Training/48458626/48458626_frames/lowres_depth/48458626_127657.995.png,rule,"{""anchor_concept"": ""sofa"", ""anchor_object_index"": 0, ""answer_concept"": ""fireplace"", ""answer_object_index"": 3, ""nearest_distance_m"": 1.371, ""second_nearest_distance_m"": 1.896}"
train_000265,41126792/6202.145,41126792,lidar,unknown,train,left_right,,0,Is the bathtub to the left or to the right of the toilet?,,left,choice,left|right,ARKitScenes/3dod/Training/41126792/41126792_frames/lowres_wide/41126792_6202.145.png,ARKitScenes/3dod/Training/41126792/41126792_frames/lowres_depth/41126792_6202.145.png,rule,"{""a_concept"": ""bathtub"", ""b_concept"": ""toilet"", ""a_centroid_x"": 183.00027094971585, ""b_centroid_x"": 225.8106514699325, ""horizontal_gap_px"": 42.810380520216654, ""image_width"": 256}"
train_000266,42899111/128770.889,42899111,lidar,unknown,train,existence,positive,0,Is there a cabinet in this room?,,yes,yes_no,yes|no,ARKitScenes/3dod/Training/42899111/42899111_frames/lowres_wide/42899111_128770.889.png,ARKitScenes/3dod/Training/42899111/42899111_frames/lowres_depth/42899111_128770.889.png,rule,"{""concept"": ""cabinet"", ""object_index"": 7, ""area_frac"": 0.265182888163587}"
train_000267,47331292/14604.164,47331292,lidar,unknown,train,identify_superlative,closest_camera,0,"Not counting the walls, floor, or ceiling, which object is closest to the camera?",,chair,object,,ARKitScenes/3dod/Training/47331292/47331292_frames/lowres_wide/47331292_14604.164.png,ARKitScenes/3dod/Training/47331292/47331292_frames/lowres_depth/47331292_14604.164.png,rule,"{""winner_concept"": ""chair"", ""winner_object_index"": 2, ""winner_area_frac"": 0.0919541929727623, ""winner_depth_m"": 1.2244999408721924, ""runner_up_concept"": null, ""runner_up_area_frac"": null, ""runner_up_depth_m"": null}"
train_000268,47204887/813.690,47204887,lidar,unknown,train,identify_superlative,closest_camera,5,"Excluding the walls, floor, and ceiling, what is the closest visible object to the camera?",,washer,object,,ARKitScenes/3dod/Training/47204887/47204887_frames/lowres_wide/47204887_813.690.png,ARKitScenes/3dod/Training/47204887/47204887_frames/lowres_depth/47204887_813.690.png,rule,"{""winner_concept"": ""washer"", ""winner_object_index"": 1, ""winner_area_frac"": 0.1123719180921726, ""winner_depth_m"": 1.5579999685287476, ""runner_up_concept"": ""sink"", ""runner_up_area_frac"": 0.05483370683693581, ""runner_up_depth_m"": 1.9320000410079956}"
train_000269,42897418/103525.007,42897418,lidar,unknown,train,relative_depth,closer,1,"Between the toilet and the sink, which one is closer to the camera?",,toilet,choice,toilet|sink,ARKitScenes/3dod/Training/42897418/42897418_frames/lowres_wide/42897418_103525.007.png,ARKitScenes/3dod/Training/42897418/42897418_frames/lowres_depth/42897418_103525.007.png,rule,"{""a_concept"": ""toilet"", ""a_depth_m"": 1.5720000267028809, ""b_concept"": ""sink"", ""b_depth_m"": 1.9160000085830688, ""comparative"": ""closer"", ""answer_concept"": ""toilet""}"
train_000270,41097978/6897.972,41097978,lidar,unknown,train,identify_superlative,farthest_camera,1,"Excluding the walls, floor, and ceiling, what is the most distant object from the camera?",,cabinet,object,,ARKitScenes/3dod/Training/41097978/41097978_frames/lowres_wide/41097978_6897.972.png,ARKitScenes/3dod/Training/41097978/41097978_frames/lowres_depth/41097978_6897.972.png,rule,"{""winner_concept"": ""cabinet"", ""winner_object_index"": 1, ""winner_area_frac"": 0.07314128770044481, ""winner_depth_m"": 1.1929999589920044, ""runner_up_concept"": null, ""runner_up_area_frac"": null, ""runner_up_depth_m"": null}"
train_000271,47431190/360351.186,47431190,lidar,unknown,train,nearest_object,,3,Which item is positioned nearest to the chair?,,cabinet,object,,ARKitScenes/3dod/Training/47431190/47431190_frames/lowres_wide/47431190_360351.186.png,ARKitScenes/3dod/Training/47431190/47431190_frames/lowres_depth/47431190_360351.186.png,rule,"{""anchor_concept"": ""chair"", ""anchor_object_index"": 13, ""answer_concept"": ""cabinet"", ""answer_object_index"": 11, ""nearest_distance_m"": 0.676, ""second_nearest_distance_m"": 1.35}"
train_000272,44796464/3572.115,44796464,lidar,unknown,train,relative_depth,closer,3,"Which object is closer to the camera, the bathtub or the sink?",,sink,choice,bathtub|sink,ARKitScenes/3dod/Training/44796464/44796464_frames/lowres_wide/44796464_3572.115.png,ARKitScenes/3dod/Training/44796464/44796464_frames/lowres_depth/44796464_3572.115.png,rule,"{""a_concept"": ""bathtub"", ""a_depth_m"": 1.9859999418258667, ""b_concept"": ""sink"", ""b_depth_m"": 0.9710000157356262, ""comparative"": ""closer"", ""answer_concept"": ""sink""}"
train_000273,44358250/6010.569,44358250,lidar,unknown,train,left_right,,2,"Looking at the television, is the sofa positioned on its left or right?",,right,choice,left|right,ARKitScenes/3dod/Training/44358250/44358250_frames/lowres_wide/44358250_6010.569.png,ARKitScenes/3dod/Training/44358250/44358250_frames/lowres_depth/44358250_6010.569.png,rule,"{""a_concept"": ""sofa"", ""b_concept"": ""television"", ""a_centroid_x"": 164.74435877742005, ""b_centroid_x"": 72.82143624070464, ""horizontal_gap_px"": 91.9229225367154, ""image_width"": 256}"
train_000274,47332454/883532.931,47332454,lidar,unknown,train,existence,negative,1,Do you see a cabinet here?,,no,yes_no,yes|no,ARKitScenes/3dod/Training/47332454/47332454_frames/lowres_wide/47332454_883532.931.png,ARKitScenes/3dod/Training/47332454/47332454_frames/lowres_depth/47332454_883532.931.png,rule,"{""concept"": ""cabinet"", ""reason"": ""category_or_scene_type_plausible""}"
train_000275,48018115/368450.747,48018115,lidar,unknown,train,identify_superlative,farthest_camera,3,"Ignoring the walls, floor, and ceiling, what object is farthest from the viewer?",,stool,object,,ARKitScenes/3dod/Training/48018115/48018115_frames/lowres_wide/48018115_368450.747.png,ARKitScenes/3dod/Training/48018115/48018115_frames/lowres_depth/48018115_368450.747.png,rule,"{""winner_concept"": ""stool"", ""winner_object_index"": 21, ""winner_area_frac"": 0.014585823338832514, ""winner_depth_m"": 3.430999994277954, ""runner_up_concept"": ""cabinet"", ""runner_up_area_frac"": 0.074942861002754, ""runner_up_depth_m"": 2.0929999351501465}"
train_000276,42899265/214323.840,42899265,lidar,unknown,train,left_right,,4,"Which side of the table is the stool on, left or right?",,right,choice,left|right,ARKitScenes/3dod/Training/42899265/42899265_frames/lowres_wide/42899265_214323.840.png,ARKitScenes/3dod/Training/42899265/42899265_frames/lowres_depth/42899265_214323.840.png,rule,"{""a_concept"": ""stool"", ""b_concept"": ""table"", ""a_centroid_x"": 143.7008925077666, ""b_centroid_x"": 28.872196804237852, ""horizontal_gap_px"": 114.82869570352875, ""image_width"": 256}"
train_000277,48458766/142214.661,48458766,lidar,unknown,train,identify_superlative,farthest_camera,1,"Excluding the walls, floor, and ceiling, what is the most distant object from the camera?",,shelf,object,,ARKitScenes/3dod/Training/48458766/48458766_frames/lowres_wide/48458766_142214.661.png,ARKitScenes/3dod/Training/48458766/48458766_frames/lowres_depth/48458766_142214.661.png,rule,"{""winner_concept"": ""shelf"", ""winner_object_index"": 3, ""winner_area_frac"": 0.015832775388818863, ""winner_depth_m"": 5.639999866485596, ""runner_up_concept"": null, ""runner_up_area_frac"": null, ""runner_up_depth_m"": null}"
train_000278,44796236/3173.034,44796236,lidar,unknown,train,existence,positive,2,Does this room contain a cabinet?,,yes,yes_no,yes|no,ARKitScenes/3dod/Training/44796236/44796236_frames/lowres_wide/44796236_3173.034.png,ARKitScenes/3dod/Training/44796236/44796236_frames/lowres_depth/44796236_3173.034.png,rule,"{""concept"": ""cabinet"", ""object_index"": 7, ""area_frac"": 0.2208605722838678}"
train_000279,47334837/613736.268,47334837,lidar,unknown,train,relative_depth,farther,1,"Between the table and the sofa, which one is farther from the camera?",,sofa,choice,table|sofa,ARKitScenes/3dod/Training/47334837/47334837_frames/lowres_wide/47334837_613736.268.png,ARKitScenes/3dod/Training/47334837/47334837_frames/lowres_depth/47334837_613736.268.png,rule,"{""a_concept"": ""sofa"", ""a_depth_m"": 2.4549999237060547, ""b_concept"": ""table"", ""b_depth_m"": 1.5800000429153442, ""comparative"": ""farther"", ""answer_concept"": ""sofa""}"
train_000280,47204680/13297.497,47204680,lidar,unknown,train,relative_depth,farther,3,"Which object is farther from the camera, the toilet or the sink?",,toilet,choice,toilet|sink,ARKitScenes/3dod/Training/47204680/47204680_frames/lowres_wide/47204680_13297.497.png,ARKitScenes/3dod/Training/47204680/47204680_frames/lowres_depth/47204680_13297.497.png,rule,"{""a_concept"": ""sink"", ""a_depth_m"": 1.1464999914169312, ""b_concept"": ""toilet"", ""b_depth_m"": 1.468000054359436, ""comparative"": ""farther"", ""answer_concept"": ""toilet""}"
train_000281,42446025/134641.228,42446025,lidar,unknown,train,existence,positive,5,Is there any cabinet visible in the image?,,yes,yes_no,yes|no,ARKitScenes/3dod/Training/42446025/42446025_frames/lowres_wide/42446025_134641.228.png,ARKitScenes/3dod/Training/42446025/42446025_frames/lowres_depth/42446025_134641.228.png,rule,"{""concept"": ""cabinet"", ""object_index"": 2, ""area_frac"": 0.4940013551760216}"
train_000282,48018486/529050.981,48018486,lidar,unknown,train,identify_superlative,farthest_camera,5,"Excluding the walls, floor, and ceiling, what is the most distant visible object in the scene?",,chair,object,,ARKitScenes/3dod/Training/48018486/48018486_frames/lowres_wide/48018486_529050.981.png,ARKitScenes/3dod/Training/48018486/48018486_frames/lowres_depth/48018486_529050.981.png,rule,"{""winner_concept"": ""chair"", ""winner_object_index"": 13, ""winner_area_frac"": 0.022924264732613945, ""winner_depth_m"": 2.384000062942505, ""runner_up_concept"": ""chair"", ""runner_up_area_frac"": 0.015499878553498972, ""runner_up_depth_m"": 1.934999942779541}"
train_000283,43896365/19935.167,43896365,lidar,unknown,train,relative_depth,farther,5,"Which one is farther, the chair or the table?",,chair,choice,chair|table,ARKitScenes/3dod/Training/43896365/43896365_frames/lowres_wide/43896365_19935.167.png,ARKitScenes/3dod/Training/43896365/43896365_frames/lowres_depth/43896365_19935.167.png,rule,"{""a_concept"": ""table"", ""a_depth_m"": 1.4520000219345093, ""b_concept"": ""chair"", ""b_depth_m"": 3.4619998931884766, ""comparative"": ""farther"", ""answer_concept"": ""chair""}"
train_000284,42444849/95078.249,42444849,lidar,unknown,train,relative_depth,closer,4,"Of the cabinet and the table, which is closer?",,table,choice,cabinet|table,ARKitScenes/3dod/Training/42444849/42444849_frames/lowres_wide/42444849_95078.249.png,ARKitScenes/3dod/Training/42444849/42444849_frames/lowres_depth/42444849_95078.249.png,rule,"{""a_concept"": ""cabinet"", ""a_depth_m"": 1.8700000047683716, ""b_concept"": ""table"", ""b_depth_m"": 1.5360000133514404, ""comparative"": ""closer"", ""answer_concept"": ""table""}"
train_000285,43896223/4938.817,43896223,lidar,unknown,train,relative_depth,closer,4,"Of the stool and the bathtub, which is closer?",,bathtub,choice,stool|bathtub,ARKitScenes/3dod/Training/43896223/43896223_frames/lowres_wide/43896223_4938.817.png,ARKitScenes/3dod/Training/43896223/43896223_frames/lowres_depth/43896223_4938.817.png,rule,"{""a_concept"": ""bathtub"", ""a_depth_m"": 1.5504999160766602, ""b_concept"": ""stool"", ""b_depth_m"": 2.078000068664551, ""comparative"": ""closer"", ""answer_concept"": ""bathtub""}"
train_000286,47334589/165873.527,47334589,lidar,unknown,train,identify_superlative,farthest_camera,1,"Excluding the walls, floor, and ceiling, what is the most distant object from the camera?",,sink,object,,ARKitScenes/3dod/Training/47334589/47334589_frames/lowres_wide/47334589_165873.527.png,ARKitScenes/3dod/Training/47334589/47334589_frames/lowres_depth/47334589_165873.527.png,rule,"{""winner_concept"": ""sink"", ""winner_object_index"": 2, ""winner_area_frac"": 0.012849115567439964, ""winner_depth_m"": 0.9300000071525574, ""runner_up_concept"": null, ""runner_up_area_frac"": null, ""runner_up_depth_m"": null}"
train_000287,48018760/15073.181,48018760,lidar,unknown,train,relative_depth,closer,2,Is the cabinet or the table closer to the camera?,,cabinet,choice,cabinet|table,ARKitScenes/3dod/Training/48018760/48018760_frames/lowres_wide/48018760_15073.181.png,ARKitScenes/3dod/Training/48018760/48018760_frames/lowres_depth/48018760_15073.181.png,rule,"{""a_concept"": ""table"", ""a_depth_m"": 2.187000036239624, ""b_concept"": ""cabinet"", ""b_depth_m"": 1.7120000123977661, ""comparative"": ""closer"", ""answer_concept"": ""cabinet""}"
train_000288,47333298/26596.843,47333298,lidar,unknown,train,nearest_object,,5,Which object is closest in distance to the cabinet?,,sink,object,,ARKitScenes/3dod/Training/47333298/47333298_frames/lowres_wide/47333298_26596.843.png,ARKitScenes/3dod/Training/47333298/47333298_frames/lowres_depth/47333298_26596.843.png,rule,"{""anchor_concept"": ""cabinet"", ""anchor_object_index"": 2, ""answer_concept"": ""sink"", ""answer_object_index"": 3, ""nearest_distance_m"": 0.185, ""second_nearest_distance_m"": 0.593}"
train_000289,47669903/12230.349,47669903,lidar,unknown,train,relative_depth,closer,1,"Between the stool and the table, which one is closer to the camera?",,stool,choice,stool|table,ARKitScenes/3dod/Training/47669903/47669903_frames/lowres_wide/47669903_12230.349.png,ARKitScenes/3dod/Training/47669903/47669903_frames/lowres_depth/47669903_12230.349.png,rule,"{""a_concept"": ""table"", ""a_depth_m"": 1.430999994277954, ""b_concept"": ""stool"", ""b_depth_m"": 1.0829999446868896, ""comparative"": ""closer"", ""answer_concept"": ""stool""}"
train_000290,47332505/343944.294,47332505,lidar,unknown,train,nearest_object,,2,What sits closest to the shelf?,,cabinet,object,,ARKitScenes/3dod/Training/47332505/47332505_frames/lowres_wide/47332505_343944.294.png,ARKitScenes/3dod/Training/47332505/47332505_frames/lowres_depth/47332505_343944.294.png,rule,"{""anchor_concept"": ""shelf"", ""anchor_object_index"": 18, ""answer_concept"": ""cabinet"", ""answer_object_index"": 19, ""nearest_distance_m"": 0.326, ""second_nearest_distance_m"": 0.74}"
train_000291,43896224/4905.115,43896224,lidar,unknown,train,existence,positive,3,Can you spot a bathtub in the picture?,,yes,yes_no,yes|no,ARKitScenes/3dod/Training/43896224/43896224_frames/lowres_wide/43896224_4905.115.png,ARKitScenes/3dod/Training/43896224/43896224_frames/lowres_depth/43896224_4905.115.png,rule,"{""concept"": ""bathtub"", ""object_index"": 0, ""area_frac"": 0.5936143241272147}"
train_000292,41159641/58270.594,41159641,lidar,unknown,train,existence,positive,3,Can you spot a cabinet in the picture?,,yes,yes_no,yes|no,ARKitScenes/3dod/Training/41159641/41159641_frames/lowres_wide/41159641_58270.594.png,ARKitScenes/3dod/Training/41159641/41159641_frames/lowres_depth/41159641_58270.594.png,rule,"{""concept"": ""cabinet"", ""object_index"": 1, ""area_frac"": 0.02487882818686511}"
train_000293,42898427/1105.759,42898427,lidar,unknown,train,nearest_object,,5,Which object is closest in distance to the television?,,stool,object,,ARKitScenes/3dod/Training/42898427/42898427_frames/lowres_wide/42898427_1105.759.png,ARKitScenes/3dod/Training/42898427/42898427_frames/lowres_depth/42898427_1105.759.png,rule,"{""anchor_concept"": ""television"", ""anchor_object_index"": 9, ""answer_concept"": ""stool"", ""answer_object_index"": 7, ""nearest_distance_m"": 1.315, ""second_nearest_distance_m"": 2.248}"
train_000294,48018486/529050.981,48018486,lidar,unknown,train,existence,negative,0,Is there a cabinet in this room?,,no,yes_no,yes|no,ARKitScenes/3dod/Training/48018486/48018486_frames/lowres_wide/48018486_529050.981.png,ARKitScenes/3dod/Training/48018486/48018486_frames/lowres_depth/48018486_529050.981.png,rule,"{""concept"": ""cabinet"", ""reason"": ""category_or_scene_type_plausible""}"
train_000295,48018426/395597.234,48018426,lidar,unknown,train,identify_superlative,closest_camera,1,"Excluding the walls, floor, and ceiling, what is the nearest object to the camera?",,table,object,,ARKitScenes/3dod/Training/48018426/48018426_frames/lowres_wide/48018426_395597.234.png,ARKitScenes/3dod/Training/48018426/48018426_frames/lowres_depth/48018426_395597.234.png,rule,"{""winner_concept"": ""table"", ""winner_object_index"": 4, ""winner_area_frac"": 0.4953727147911116, ""winner_depth_m"": 0.7580000162124634, ""runner_up_concept"": null, ""runner_up_area_frac"": null, ""runner_up_depth_m"": null}"
train_000296,42899072/650663.190,42899072,lidar,unknown,train,left_right,,2,"Looking at the cabinet, is the bed positioned on its left or right?",,right,choice,left|right,ARKitScenes/3dod/Training/42899072/42899072_frames/lowres_wide/42899072_650663.190.png,ARKitScenes/3dod/Training/42899072/42899072_frames/lowres_depth/42899072_650663.190.png,rule,"{""a_concept"": ""bed"", ""b_concept"": ""cabinet"", ""a_centroid_x"": 238.7729338549738, ""b_centroid_x"": 180.87584259423733, ""horizontal_gap_px"": 57.89709126073646, ""image_width"": 256}"
train_000297,43828149/73355.421,43828149,lidar,unknown,train,identify_superlative,closest_camera,2,"Among the furniture and items in the room, not the walls, floor, or ceiling, which is closest to where the picture was taken from?",,cabinet,object,,ARKitScenes/3dod/Training/43828149/43828149_frames/lowres_wide/43828149_73355.421.png,ARKitScenes/3dod/Training/43828149/43828149_frames/lowres_depth/43828149_73355.421.png,rule,"{""winner_concept"": ""cabinet"", ""winner_object_index"": 6, ""winner_area_frac"": 0.20963004269437424, ""winner_depth_m"": 2.2769999504089355, ""runner_up_concept"": null, ""runner_up_area_frac"": null, ""runner_up_depth_m"": null}"
train_000298,47430862/74314.211,47430862,lidar,unknown,train,identify_superlative,closest_camera,2,"Among the furniture and items in the room, not the walls, floor, or ceiling, which is closest to where the picture was taken from?",,bed,object,,ARKitScenes/3dod/Training/47430862/47430862_frames/lowres_wide/47430862_74314.211.png,ARKitScenes/3dod/Training/47430862/47430862_frames/lowres_depth/47430862_74314.211.png,rule,"{""winner_concept"": ""bed"", ""winner_object_index"": 0, ""winner_area_frac"": 0.7060485474337631, ""winner_depth_m"": 1.284999966621399, ""runner_up_concept"": ""table"", ""runner_up_area_frac"": 0.08149459107636053, ""runner_up_depth_m"": 1.9040000438690186}"
train_000299,43896371/19822.664,43896371,lidar,unknown,train,relative_depth,farther,5,"Which one is farther, the refrigerator or the oven?",,refrigerator,choice,refrigerator|oven,ARKitScenes/3dod/Training/43896371/43896371_frames/lowres_wide/43896371_19822.664.png,ARKitScenes/3dod/Training/43896371/43896371_frames/lowres_depth/43896371_19822.664.png,rule,"{""a_concept"": ""oven"", ""a_depth_m"": 1.3940000534057617, ""b_concept"": ""refrigerator"", ""b_depth_m"": 1.86899995803833, ""comparative"": ""farther"", ""answer_concept"": ""refrigerator""}"
train_000300,47334267/156777.585,47334267,lidar,unknown,train,left_right,,1,"Relative to the television, is the cabinet on the left or the right?",,left,choice,left|right,ARKitScenes/3dod/Training/47334267/47334267_frames/lowres_wide/47334267_156777.585.png,ARKitScenes/3dod/Training/47334267/47334267_frames/lowres_depth/47334267_156777.585.png,rule,"{""a_concept"": ""cabinet"", ""b_concept"": ""television"", ""a_centroid_x"": 154.55084893611016, ""b_centroid_x"": 204.94476182375413, ""horizontal_gap_px"": 50.39391288764398, ""image_width"": 256}"
train_000301,42898350/511488.891,42898350,lidar,unknown,train,relative_depth,closer,4,"Of the oven and the chair, which is closer?",,chair,choice,oven|chair,ARKitScenes/3dod/Training/42898350/42898350_frames/lowres_wide/42898350_511488.891.png,ARKitScenes/3dod/Training/42898350/42898350_frames/lowres_depth/42898350_511488.891.png,rule,"{""a_concept"": ""oven"", ""a_depth_m"": 2.5980000495910645, ""b_concept"": ""chair"", ""b_depth_m"": 2.2179999351501465, ""comparative"": ""closer"", ""answer_concept"": ""chair""}"
train_000302,42898943/819505.502,42898943,lidar,unknown,train,existence,negative,1,Do you see a cabinet here?,,no,yes_no,yes|no,ARKitScenes/3dod/Training/42898943/42898943_frames/lowres_wide/42898943_819505.502.png,ARKitScenes/3dod/Training/42898943/42898943_frames/lowres_depth/42898943_819505.502.png,rule,"{""concept"": ""cabinet"", ""reason"": ""category_or_scene_type_plausible""}"
train_000303,47115648/4807.963,47115648,lidar,unknown,train,left_right,,2,"Looking at the cabinet, is the sofa positioned on its left or right?",,left,choice,left|right,ARKitScenes/3dod/Training/47115648/47115648_frames/lowres_wide/47115648_4807.963.png,ARKitScenes/3dod/Training/47115648/47115648_frames/lowres_depth/47115648_4807.963.png,rule,"{""a_concept"": ""sofa"", ""b_concept"": ""cabinet"", ""a_centroid_x"": 67.84741518465799, ""b_centroid_x"": 211.85309935280776, ""horizontal_gap_px"": 144.00568416814977, ""image_width"": 256}"
train_000304,47430739/336558.648,47430739,lidar,unknown,train,nearest_object,,5,Which object is closest in distance to the table?,,stool,object,,ARKitScenes/3dod/Training/47430739/47430739_frames/lowres_wide/47430739_336558.648.png,ARKitScenes/3dod/Training/47430739/47430739_frames/lowres_depth/47430739_336558.648.png,rule,"{""anchor_concept"": ""table"", ""anchor_object_index"": 3, ""answer_concept"": ""stool"", ""answer_object_index"": 4, ""nearest_distance_m"": 0.497, ""second_nearest_distance_m"": 1.061}"
train_000305,47331878/621234.719,47331878,lidar,unknown,train,existence,positive,0,Is there a cabinet in this room?,,yes,yes_no,yes|no,ARKitScenes/3dod/Training/47331878/47331878_frames/lowres_wide/47331878_621234.719.png,ARKitScenes/3dod/Training/47331878/47331878_frames/lowres_depth/47331878_621234.719.png,rule,"{""concept"": ""cabinet"", ""object_index"": 7, ""area_frac"": 0.20903601483791748}"
train_000306,45261251/12622.623,45261251,lidar,unknown,train,existence,negative,2,Does this room contain a chair?,,no,yes_no,yes|no,ARKitScenes/3dod/Training/45261251/45261251_frames/lowres_wide/45261251_12622.623.png,ARKitScenes/3dod/Training/45261251/45261251_frames/lowres_depth/45261251_12622.623.png,rule,"{""concept"": ""chair"", ""reason"": ""category_or_scene_type_plausible""}"
train_000307,47331558/9835.154,47331558,lidar,unknown,train,existence,negative,5,Is there any shelf visible in the image?,,no,yes_no,yes|no,ARKitScenes/3dod/Training/47331558/47331558_frames/lowres_wide/47331558_9835.154.png,ARKitScenes/3dod/Training/47331558/47331558_frames/lowres_depth/47331558_9835.154.png,rule,"{""concept"": ""shelf"", ""reason"": ""category_or_scene_type_plausible""}"
train_000308,47333462/57397.586,47333462,lidar,unknown,train,nearest_object,,3,Which item is positioned nearest to the table?,,cabinet,object,,ARKitScenes/3dod/Training/47333462/47333462_frames/lowres_wide/47333462_57397.586.png,ARKitScenes/3dod/Training/47333462/47333462_frames/lowres_depth/47333462_57397.586.png,rule,"{""anchor_concept"": ""table"", ""anchor_object_index"": 4, ""answer_concept"": ""cabinet"", ""answer_object_index"": 3, ""nearest_distance_m"": 0.571, ""second_nearest_distance_m"": 1.352}"
train_000309,43649384/11082.721,43649384,lidar,unknown,train,left_right,,3,Is the cabinet on the left side or the right side of the shelf?,,right,choice,left|right,ARKitScenes/3dod/Training/43649384/43649384_frames/lowres_wide/43649384_11082.721.png,ARKitScenes/3dod/Training/43649384/43649384_frames/lowres_depth/43649384_11082.721.png,rule,"{""a_concept"": ""cabinet"", ""b_concept"": ""shelf"", ""a_centroid_x"": 243.12707515467562, ""b_centroid_x"": 197.56673321977453, ""horizontal_gap_px"": 45.56034193490109, ""image_width"": 256}"
train_000310,47334615/385597.242,47334615,lidar,unknown,train,existence,positive,5,Is there any cabinet visible in the image?,,yes,yes_no,yes|no,ARKitScenes/3dod/Training/47334615/47334615_frames/lowres_wide/47334615_385597.242.png,ARKitScenes/3dod/Training/47334615/47334615_frames/lowres_depth/47334615_385597.242.png,rule,"{""concept"": ""cabinet"", ""object_index"": 12, ""area_frac"": 0.02556673174224093}"
train_000311,42898756/64626.246,42898756,lidar,unknown,train,left_right,,4,"Which side of the cabinet is the bed on, left or right?",,left,choice,left|right,ARKitScenes/3dod/Training/42898756/42898756_frames/lowres_wide/42898756_64626.246.png,ARKitScenes/3dod/Training/42898756/42898756_frames/lowres_depth/42898756_64626.246.png,rule,"{""a_concept"": ""bed"", ""b_concept"": ""cabinet"", ""a_centroid_x"": 26.61122228669242, ""b_centroid_x"": 141.16346855785557, ""horizontal_gap_px"": 114.55224627116314, ""image_width"": 256}"
train_000312,42897771/127020.207,42897771,lidar,unknown,train,existence,positive,0,Is there a television in this room?,,yes,yes_no,yes|no,ARKitScenes/3dod/Training/42897771/42897771_frames/lowres_wide/42897771_127020.207.png,ARKitScenes/3dod/Training/42897771/42897771_frames/lowres_depth/42897771_127020.207.png,rule,"{""concept"": ""television"", ""object_index"": 7, ""area_frac"": 0.031193507339954712}"
train_000313,42897512/472867.321,42897512,lidar,unknown,train,existence,positive,5,Is there any television visible in the image?,,yes,yes_no,yes|no,ARKitScenes/3dod/Training/42897512/42897512_frames/lowres_wide/42897512_472867.321.png,ARKitScenes/3dod/Training/42897512/42897512_frames/lowres_depth/42897512_472867.321.png,rule,"{""concept"": ""television"", ""object_index"": 11, ""area_frac"": 0.02769464984447932}"
train_000314,47669984/28904.821,47669984,lidar,unknown,train,identify_superlative,closest_camera,4,"Not counting the room's walls, floor, or ceiling, which object is closest to us in this image?",,cabinet,object,,ARKitScenes/3dod/Training/47669984/47669984_frames/lowres_wide/47669984_28904.821.png,ARKitScenes/3dod/Training/47669984/47669984_frames/lowres_depth/47669984_28904.821.png,rule,"{""winner_concept"": ""cabinet"", ""winner_object_index"": 2, ""winner_area_frac"": 0.16026976396288506, ""winner_depth_m"": 2.3350000381469727, ""runner_up_concept"": ""table"", ""runner_up_area_frac"": 0.056633140960295224, ""runner_up_depth_m"": 4.5229997634887695}"
train_000315,43828328/77694.295,43828328,lidar,unknown,train,nearest_object,,5,Which object is closest in distance to the cabinet?,,television,object,,ARKitScenes/3dod/Training/43828328/43828328_frames/lowres_wide/43828328_77694.295.png,ARKitScenes/3dod/Training/43828328/43828328_frames/lowres_depth/43828328_77694.295.png,rule,"{""anchor_concept"": ""cabinet"", ""anchor_object_index"": 3, ""answer_concept"": ""television"", ""answer_object_index"": 4, ""nearest_distance_m"": 0.572, ""second_nearest_distance_m"": 1.108}"
train_000316,47895678/370096.577,47895678,lidar,unknown,train,existence,positive,1,Do you see a shelf here?,,yes,yes_no,yes|no,ARKitScenes/3dod/Training/47895678/47895678_frames/lowres_wide/47895678_370096.577.png,ARKitScenes/3dod/Training/47895678/47895678_frames/lowres_depth/47895678_370096.577.png,rule,"{""concept"": ""shelf"", ""object_index"": 8, ""area_frac"": 0.09544554723975358}"
train_000317,48458766/142234.054,48458766,lidar,unknown,train,existence,negative,1,Do you see a cabinet here?,,no,yes_no,yes|no,ARKitScenes/3dod/Training/48458766/48458766_frames/lowres_wide/48458766_142234.054.png,ARKitScenes/3dod/Training/48458766/48458766_frames/lowres_depth/48458766_142234.054.png,rule,"{""concept"": ""cabinet"", ""reason"": ""category_or_scene_type_plausible""}"
train_000318,41159687/46512.865,41159687,lidar,unknown,train,relative_depth,farther,5,"Which one is farther, the fireplace or the shelf?",,shelf,choice,fireplace|shelf,ARKitScenes/3dod/Training/41159687/41159687_frames/lowres_wide/41159687_46512.865.png,ARKitScenes/3dod/Training/41159687/41159687_frames/lowres_depth/41159687_46512.865.png,rule,"{""a_concept"": ""fireplace"", ""a_depth_m"": 1.7569999694824219, ""b_concept"": ""shelf"", ""b_depth_m"": 2.630000114440918, ""comparative"": ""farther"", ""answer_concept"": ""shelf""}"
train_000319,41126458/4592.779,41126458,lidar,unknown,train,existence,negative,1,Do you see a shelf here?,,no,yes_no,yes|no,ARKitScenes/3dod/Training/41126458/41126458_frames/lowres_wide/41126458_4592.779.png,ARKitScenes/3dod/Training/41126458/41126458_frames/lowres_depth/41126458_4592.779.png,rule,"{""concept"": ""shelf"", ""reason"": ""category_or_scene_type_plausible""}"
train_000320,43649452/12874.568,43649452,lidar,unknown,train,nearest_object,,5,Which object is closest in distance to the table?,,cabinet,object,,ARKitScenes/3dod/Training/43649452/43649452_frames/lowres_wide/43649452_12874.568.png,ARKitScenes/3dod/Training/43649452/43649452_frames/lowres_depth/43649452_12874.568.png,rule,"{""anchor_concept"": ""table"", ""anchor_object_index"": 8, ""answer_concept"": ""cabinet"", ""answer_object_index"": 6, ""nearest_distance_m"": 0.017, ""second_nearest_distance_m"": 0.231}"
train_000321,47332025/202689.913,47332025,lidar,unknown,train,identify_superlative,farthest_camera,0,"Not counting the walls, floor, or ceiling, which object is farthest from the camera?",,table,object,,ARKitScenes/3dod/Training/47332025/47332025_frames/lowres_wide/47332025_202689.913.png,ARKitScenes/3dod/Training/47332025/47332025_frames/lowres_depth/47332025_202689.913.png,rule,"{""winner_concept"": ""table"", ""winner_object_index"": 21, ""winner_area_frac"": 0.017365254151990767, ""winner_depth_m"": 1.871999979019165, ""runner_up_concept"": null, ""runner_up_area_frac"": null, ""runner_up_depth_m"": null}"
train_000322,42898089/129494.593,42898089,lidar,unknown,train,relative_depth,closer,5,"Which one is closer, the sofa or the stool?",,stool,choice,sofa|stool,ARKitScenes/3dod/Training/42898089/42898089_frames/lowres_wide/42898089_129494.593.png,ARKitScenes/3dod/Training/42898089/42898089_frames/lowres_depth/42898089_129494.593.png,rule,"{""a_concept"": ""stool"", ""a_depth_m"": 1.965999960899353, ""b_concept"": ""sofa"", ""b_depth_m"": 2.515000104904175, ""comparative"": ""closer"", ""answer_concept"": ""stool""}"
train_000323,43896365/19872.160,43896365,lidar,unknown,train,relative_depth,farther,5,"Which one is farther, the refrigerator or the stove?",,stove,choice,refrigerator|stove,ARKitScenes/3dod/Training/43896365/43896365_frames/lowres_wide/43896365_19872.160.png,ARKitScenes/3dod/Training/43896365/43896365_frames/lowres_depth/43896365_19872.160.png,rule,"{""a_concept"": ""refrigerator"", ""a_depth_m"": 1.3980000019073486, ""b_concept"": ""stove"", ""b_depth_m"": 2.256999969482422, ""comparative"": ""farther"", ""answer_concept"": ""stove""}"
train_000324,47895871/489486.700,47895871,lidar,unknown,train,existence,positive,5,Is there any cabinet visible in the image?,,yes,yes_no,yes|no,ARKitScenes/3dod/Training/47895871/47895871_frames/lowres_wide/47895871_489486.700.png,ARKitScenes/3dod/Training/47895871/47895871_frames/lowres_depth/47895871_489486.700.png,rule,"{""concept"": ""cabinet"", ""object_index"": 1, ""area_frac"": 0.21748945796730645}"
train_000325,41159823/86654.081,41159823,lidar,unknown,train,nearest_object,,5,Which object is closest in distance to the sink?,,toilet,object,,ARKitScenes/3dod/Training/41159823/41159823_frames/lowres_wide/41159823_86654.081.png,ARKitScenes/3dod/Training/41159823/41159823_frames/lowres_depth/41159823_86654.081.png,rule,"{""anchor_concept"": ""sink"", ""anchor_object_index"": 1, ""answer_concept"": ""toilet"", ""answer_object_index"": 0, ""nearest_distance_m"": 0.574, ""second_nearest_distance_m"": 1.275}"
train_000326,44358661/1193.712,44358661,lidar,unknown,train,relative_depth,farther,1,"Between the fireplace and the table, which one is farther from the camera?",,fireplace,choice,fireplace|table,ARKitScenes/3dod/Training/44358661/44358661_frames/lowres_wide/44358661_1193.712.png,ARKitScenes/3dod/Training/44358661/44358661_frames/lowres_depth/44358661_1193.712.png,rule,"{""a_concept"": ""table"", ""a_depth_m"": 1.871999979019165, ""b_concept"": ""fireplace"", ""b_depth_m"": 2.746000051498413, ""comparative"": ""farther"", ""answer_concept"": ""fireplace""}"
train_000327,44358336/14251.421,44358336,lidar,unknown,train,identify_superlative,closest_camera,3,"Ignoring the walls, floor, and ceiling, what object is nearest the viewer?",,table,object,,ARKitScenes/3dod/Training/44358336/44358336_frames/lowres_wide/44358336_14251.421.png,ARKitScenes/3dod/Training/44358336/44358336_frames/lowres_depth/44358336_14251.421.png,rule,"{""winner_concept"": ""table"", ""winner_object_index"": 7, ""winner_area_frac"": 0.007829491537017775, ""winner_depth_m"": 2.492000102996826, ""runner_up_concept"": ""cabinet"", ""runner_up_area_frac"": 0.02814711120401861, ""runner_up_depth_m"": 5.808000087738037}"
train_000328,47330996/177042.804,47330996,lidar,unknown,train,existence,positive,2,Does this room contain a shelf?,,yes,yes_no,yes|no,ARKitScenes/3dod/Training/47330996/47330996_frames/lowres_wide/47330996_177042.804.png,ARKitScenes/3dod/Training/47330996/47330996_frames/lowres_depth/47330996_177042.804.png,rule,"{""concept"": ""shelf"", ""object_index"": 19, ""area_frac"": 0.13518391156811566}"
train_000329,42446068/80646.492,42446068,lidar,unknown,train,identify_superlative,farthest_camera,0,"Not counting the walls, floor, or ceiling, which object is farthest from the camera?",,bathtub,object,,ARKitScenes/3dod/Training/42446068/42446068_frames/lowres_wide/42446068_80646.492.png,ARKitScenes/3dod/Training/42446068/42446068_frames/lowres_depth/42446068_80646.492.png,rule,"{""winner_concept"": ""bathtub"", ""winner_object_index"": 0, ""winner_area_frac"": 0.019383541571176124, ""winner_depth_m"": 1.1410000324249268, ""runner_up_concept"": ""cabinet"", ""runner_up_area_frac"": 0.5485375558027042, ""runner_up_depth_m"": 0.8199999928474426}"
train_000330,42898160/143104.369,42898160,lidar,unknown,train,left_right,,2,"Looking at the refrigerator, is the stool positioned on its left or right?",,right,choice,left|right,ARKitScenes/3dod/Training/42898160/42898160_frames/lowres_wide/42898160_143104.369.png,ARKitScenes/3dod/Training/42898160/42898160_frames/lowres_depth/42898160_143104.369.png,rule,"{""a_concept"": ""stool"", ""b_concept"": ""refrigerator"", ""a_centroid_x"": 230.1651214623448, ""b_centroid_x"": 187.61425246829802, ""horizontal_gap_px"": 42.550868994046795, ""image_width"": 256}"
train_000331,45261251/12632.319,45261251,lidar,unknown,train,left_right,,3,Is the chair on the left side or the right side of the table?,,left,choice,left|right,ARKitScenes/3dod/Training/45261251/45261251_frames/lowres_wide/45261251_12632.319.png,ARKitScenes/3dod/Training/45261251/45261251_frames/lowres_depth/45261251_12632.319.png,rule,"{""a_concept"": ""chair"", ""b_concept"": ""table"", ""a_centroid_x"": 156.63039001817543, ""b_centroid_x"": 214.90931465258245, ""horizontal_gap_px"": 58.27892463440702, ""image_width"": 256}"
train_000332,41048071/4469.317,41048071,lidar,unknown,train,nearest_object,,2,What sits closest to the cabinet?,,chair,object,,ARKitScenes/3dod/Training/41048071/41048071_frames/lowres_wide/41048071_4469.317.png,ARKitScenes/3dod/Training/41048071/41048071_frames/lowres_depth/41048071_4469.317.png,rule,"{""anchor_concept"": ""cabinet"", ""anchor_object_index"": 3, ""answer_concept"": ""chair"", ""answer_object_index"": 6, ""nearest_distance_m"": 1.679, ""second_nearest_distance_m"": 2.378}"
train_000333,48018771/14022.187,48018771,lidar,unknown,train,identify_superlative,farthest_camera,1,"Excluding the walls, floor, and ceiling, what is the most distant object from the camera?",,chair,object,,ARKitScenes/3dod/Training/48018771/48018771_frames/lowres_wide/48018771_14022.187.png,ARKitScenes/3dod/Training/48018771/48018771_frames/lowres_depth/48018771_14022.187.png,rule,"{""winner_concept"": ""chair"", ""winner_object_index"": 3, ""winner_area_frac"": 0.06919408539902412, ""winner_depth_m"": 2.135999917984009, ""runner_up_concept"": ""chair"", ""runner_up_area_frac"": 0.15365219556539333, ""runner_up_depth_m"": 1.6069999933242798}"
train_000334,47332705/109838.230,47332705,lidar,unknown,train,identify_superlative,closest_camera,5,"Excluding the walls, floor, and ceiling, what is the closest visible object to the camera?",,cabinet,object,,ARKitScenes/3dod/Training/47332705/47332705_frames/lowres_wide/47332705_109838.230.png,ARKitScenes/3dod/Training/47332705/47332705_frames/lowres_depth/47332705_109838.230.png,rule,"{""winner_concept"": ""cabinet"", ""winner_object_index"": 9, ""winner_area_frac"": 0.028840530330903696, ""winner_depth_m"": 2.875, ""runner_up_concept"": null, ""runner_up_area_frac"": null, ""runner_up_depth_m"": null}"
train_000335,44358634/3024.658,44358634,lidar,unknown,train,left_right,,2,"Looking at the cabinet, is the table positioned on its left or right?",,right,choice,left|right,ARKitScenes/3dod/Training/44358634/44358634_frames/lowres_wide/44358634_3024.658.png,ARKitScenes/3dod/Training/44358634/44358634_frames/lowres_depth/44358634_3024.658.png,rule,"{""a_concept"": ""table"", ""b_concept"": ""cabinet"", ""a_centroid_x"": 241.8496367967881, ""b_centroid_x"": 179.40782722873695, ""horizontal_gap_px"": 62.441809568051156, ""image_width"": 256}"
train_000336,47204786/27288.704,47204786,lidar,unknown,train,nearest_object,,4,What is right next to the television?,,stool,object,,ARKitScenes/3dod/Training/47204786/47204786_frames/lowres_wide/47204786_27288.704.png,ARKitScenes/3dod/Training/47204786/47204786_frames/lowres_depth/47204786_27288.704.png,rule,"{""anchor_concept"": ""television"", ""anchor_object_index"": 5, ""answer_concept"": ""stool"", ""answer_object_index"": 6, ""nearest_distance_m"": 1.192, ""second_nearest_distance_m"": 2.087}"
train_000337,47430154/50912.628,47430154,lidar,unknown,train,identify_superlative,farthest_camera,2,"Among the furniture and items in the room, not the walls, floor, or ceiling, which is farthest from where the picture was taken?",,shelf,object,,ARKitScenes/3dod/Training/47430154/47430154_frames/lowres_wide/47430154_50912.628.png,ARKitScenes/3dod/Training/47430154/47430154_frames/lowres_depth/47430154_50912.628.png,rule,"{""winner_concept"": ""shelf"", ""winner_object_index"": 4, ""winner_area_frac"": 0.7761788172606306, ""winner_depth_m"": 1.315999984741211, ""runner_up_concept"": null, ""runner_up_area_frac"": null, ""runner_up_depth_m"": null}"
train_000338,47331527/191796.013,47331527,lidar,unknown,train,existence,negative,0,Is there a cabinet in this room?,,no,yes_no,yes|no,ARKitScenes/3dod/Training/47331527/47331527_frames/lowres_wide/47331527_191796.013.png,ARKitScenes/3dod/Training/47331527/47331527_frames/lowres_depth/47331527_191796.013.png,rule,"{""concept"": ""cabinet"", ""reason"": ""category_or_scene_type_plausible""}"
train_000339,42898350/511466.283,42898350,lidar,unknown,train,relative_depth,farther,3,"Which object is farther from the camera, the cabinet or the sofa?",,cabinet,choice,cabinet|sofa,ARKitScenes/3dod/Training/42898350/42898350_frames/lowres_wide/42898350_511466.283.png,ARKitScenes/3dod/Training/42898350/42898350_frames/lowres_depth/42898350_511466.283.png,rule,"{""a_concept"": ""cabinet"", ""a_depth_m"": 5.364999771118164, ""b_concept"": ""sofa"", ""b_depth_m"": 1.9240000247955322, ""comparative"": ""farther"", ""answer_concept"": ""cabinet""}"
train_000340,43649452/12874.568,43649452,lidar,unknown,train,left_right,,4,"Which side of the chair is the table on, left or right?",,left,choice,left|right,ARKitScenes/3dod/Training/43649452/43649452_frames/lowres_wide/43649452_12874.568.png,ARKitScenes/3dod/Training/43649452/43649452_frames/lowres_depth/43649452_12874.568.png,rule,"{""a_concept"": ""table"", ""b_concept"": ""chair"", ""a_centroid_x"": 28.923214920993058, ""b_centroid_x"": 122.1986142061973, ""horizontal_gap_px"": 93.27539928520424, ""image_width"": 256}"
train_000341,47204585/583.735,47204585,lidar,unknown,train,left_right,,4,"Which side of the sink is the washer on, left or right?",,left,choice,left|right,ARKitScenes/3dod/Training/47204585/47204585_frames/lowres_wide/47204585_583.735.png,ARKitScenes/3dod/Training/47204585/47204585_frames/lowres_depth/47204585_583.735.png,rule,"{""a_concept"": ""washer"", ""b_concept"": ""sink"", ""a_centroid_x"": 77.03182276873456, ""b_centroid_x"": 104.57796631322665, ""horizontal_gap_px"": 27.546143544492097, ""image_width"": 256}"
train_000342,42898903/817071.760,42898903,lidar,unknown,train,existence,negative,5,Is there any television visible in the image?,,no,yes_no,yes|no,ARKitScenes/3dod/Training/42898903/42898903_frames/lowres_wide/42898903_817071.760.png,ARKitScenes/3dod/Training/42898903/42898903_frames/lowres_depth/42898903_817071.760.png,rule,"{""concept"": ""television"", ""reason"": ""category_or_scene_type_plausible""}"
train_000343,47332080/251438.149,47332080,lidar,unknown,train,identify_superlative,farthest_camera,5,"Excluding the walls, floor, and ceiling, what is the most distant visible object in the scene?",,bathtub,object,,ARKitScenes/3dod/Training/47332080/47332080_frames/lowres_wide/47332080_251438.149.png,ARKitScenes/3dod/Training/47332080/47332080_frames/lowres_depth/47332080_251438.149.png,rule,"{""winner_concept"": ""bathtub"", ""winner_object_index"": 4, ""winner_area_frac"": 0.419703873615827, ""winner_depth_m"": 1.0099999904632568, ""runner_up_concept"": null, ""runner_up_area_frac"": null, ""runner_up_depth_m"": null}"
train_000344,44358121/62410.214,44358121,lidar,unknown,train,nearest_object,,0,What is the closest object to the cabinet?,,television,object,,ARKitScenes/3dod/Training/44358121/44358121_frames/lowres_wide/44358121_62410.214.png,ARKitScenes/3dod/Training/44358121/44358121_frames/lowres_depth/44358121_62410.214.png,rule,"{""anchor_concept"": ""cabinet"", ""anchor_object_index"": 0, ""answer_concept"": ""television"", ""answer_object_index"": 1, ""nearest_distance_m"": 0.652, ""second_nearest_distance_m"": 0.929}"
train_000345,47115309/552.779,47115309,lidar,unknown,train,existence,negative,0,Is there a cabinet in this room?,,no,yes_no,yes|no,ARKitScenes/3dod/Training/47115309/47115309_frames/lowres_wide/47115309_552.779.png,ARKitScenes/3dod/Training/47115309/47115309_frames/lowres_depth/47115309_552.779.png,rule,"{""concept"": ""cabinet"", ""reason"": ""category_or_scene_type_plausible""}"
train_000346,47334001/51151.452,47334001,lidar,unknown,train,nearest_object,,3,Which item is positioned nearest to the cabinet?,,stool,object,,ARKitScenes/3dod/Training/47334001/47334001_frames/lowres_wide/47334001_51151.452.png,ARKitScenes/3dod/Training/47334001/47334001_frames/lowres_depth/47334001_51151.452.png,rule,"{""anchor_concept"": ""cabinet"", ""anchor_object_index"": 6, ""answer_concept"": ""stool"", ""answer_object_index"": 4, ""nearest_distance_m"": 0.318, ""second_nearest_distance_m"": 0.589}"
train_000347,44796257/4253.773,44796257,lidar,unknown,train,relative_depth,farther,5,"Which one is farther, the stool or the sofa?",,sofa,choice,stool|sofa,ARKitScenes/3dod/Training/44796257/44796257_frames/lowres_wide/44796257_4253.773.png,ARKitScenes/3dod/Training/44796257/44796257_frames/lowres_depth/44796257_4253.773.png,rule,"{""a_concept"": ""stool"", ""a_depth_m"": 1.9919999837875366, ""b_concept"": ""sofa"", ""b_depth_m"": 3.3959999084472656, ""comparative"": ""farther"", ""answer_concept"": ""sofa""}"
train_000348,47331947/165325.235,47331947,lidar,unknown,train,left_right,,1,"Relative to the toilet, is the washer on the left or the right?",,right,choice,left|right,ARKitScenes/3dod/Training/47331947/47331947_frames/lowres_wide/47331947_165325.235.png,ARKitScenes/3dod/Training/47331947/47331947_frames/lowres_depth/47331947_165325.235.png,rule,"{""a_concept"": ""washer"", ""b_concept"": ""toilet"", ""a_centroid_x"": 122.21465124601417, ""b_centroid_x"": 15.148143965505398, ""horizontal_gap_px"": 107.06650728050877, ""image_width"": 256}"
train_000349,42897829/337777.877,42897829,lidar,unknown,train,existence,positive,4,Is a cabinet present in this scene?,,yes,yes_no,yes|no,ARKitScenes/3dod/Training/42897829/42897829_frames/lowres_wide/42897829_337777.877.png,ARKitScenes/3dod/Training/42897829/42897829_frames/lowres_depth/42897829_337777.877.png,rule,"{""concept"": ""cabinet"", ""object_index"": 7, ""area_frac"": 0.16069763985338067}"
train_000350,40958756/1643.175,40958756,lidar,unknown,train,relative_depth,farther,5,"Which one is farther, the sink or the toilet?",,sink,choice,sink|toilet,ARKitScenes/3dod/Training/40958756/40958756_frames/lowres_wide/40958756_1643.175.png,ARKitScenes/3dod/Training/40958756/40958756_frames/lowres_depth/40958756_1643.175.png,rule,"{""a_concept"": ""toilet"", ""a_depth_m"": 0.8519999980926514, ""b_concept"": ""sink"", ""b_depth_m"": 1.244499921798706, ""comparative"": ""farther"", ""answer_concept"": ""sink""}"
train_000351,42444997/45186.770,42444997,lidar,unknown,train,identify_superlative,closest_camera,5,"Excluding the walls, floor, and ceiling, what is the closest visible object to the camera?",,fireplace,object,,ARKitScenes/3dod/Training/42444997/42444997_frames/lowres_wide/42444997_45186.770.png,ARKitScenes/3dod/Training/42444997/42444997_frames/lowres_depth/42444997_45186.770.png,rule,"{""winner_concept"": ""fireplace"", ""winner_object_index"": 4, ""winner_area_frac"": 0.31649382962433786, ""winner_depth_m"": 1.7769999504089355, ""runner_up_concept"": ""table"", ""runner_up_area_frac"": 0.09326368802610104, ""runner_up_depth_m"": 2.678999900817871}"
train_000352,47332025/202629.921,47332025,lidar,unknown,train,left_right,,5,"From the sink, which direction is the cabinet in, left or right?",,right,choice,left|right,ARKitScenes/3dod/Training/47332025/47332025_frames/lowres_wide/47332025_202629.921.png,ARKitScenes/3dod/Training/47332025/47332025_frames/lowres_depth/47332025_202629.921.png,rule,"{""a_concept"": ""cabinet"", ""b_concept"": ""sink"", ""a_centroid_x"": 227.94377835357992, ""b_centroid_x"": 146.46773490854457, ""horizontal_gap_px"": 81.47604344503534, ""image_width"": 256}"
train_000353,47334615/385659.433,47334615,lidar,unknown,train,relative_depth,farther,4,"Of the table and the shelf, which is farther?",,shelf,choice,table|shelf,ARKitScenes/3dod/Training/47334615/47334615_frames/lowres_wide/47334615_385659.433.png,ARKitScenes/3dod/Training/47334615/47334615_frames/lowres_depth/47334615_385659.433.png,rule,"{""a_concept"": ""table"", ""a_depth_m"": 1.2860000133514404, ""b_concept"": ""shelf"", ""b_depth_m"": 2.2320001125335693, ""comparative"": ""farther"", ""answer_concept"": ""shelf""}"
train_000354,42898216/695063.239,42898216,lidar,unknown,train,relative_depth,farther,5,"Which one is farther, the table or the cabinet?",,cabinet,choice,table|cabinet,ARKitScenes/3dod/Training/42898216/42898216_frames/lowres_wide/42898216_695063.239.png,ARKitScenes/3dod/Training/42898216/42898216_frames/lowres_depth/42898216_695063.239.png,rule,"{""a_concept"": ""table"", ""a_depth_m"": 1.0329999923706055, ""b_concept"": ""cabinet"", ""b_depth_m"": 2.2119998931884766, ""comparative"": ""farther"", ""answer_concept"": ""cabinet""}"
train_000355,44358634/3050.347,44358634,lidar,unknown,train,relative_depth,closer,5,"Which one is closer, the sink or the chair?",,sink,choice,sink|chair,ARKitScenes/3dod/Training/44358634/44358634_frames/lowres_wide/44358634_3050.347.png,ARKitScenes/3dod/Training/44358634/44358634_frames/lowres_depth/44358634_3050.347.png,rule,"{""a_concept"": ""sink"", ""a_depth_m"": 1.3530000448226929, ""b_concept"": ""chair"", ""b_depth_m"": 1.7084999084472656, ""comparative"": ""closer"", ""answer_concept"": ""sink""}"
train_000356,42899432/188675.147,42899432,lidar,unknown,train,left_right,,2,"Looking at the sink, is the toilet positioned on its left or right?",,left,choice,left|right,ARKitScenes/3dod/Training/42899432/42899432_frames/lowres_wide/42899432_188675.147.png,ARKitScenes/3dod/Training/42899432/42899432_frames/lowres_depth/42899432_188675.147.png,rule,"{""a_concept"": ""toilet"", ""b_concept"": ""sink"", ""a_centroid_x"": 186.76852885478823, ""b_centroid_x"": 247.34171471062805, ""horizontal_gap_px"": 60.573185855839824, ""image_width"": 256}"
train_000357,47670124/41662.298,47670124,lidar,unknown,train,relative_depth,closer,1,"Between the cabinet and the sofa, which one is closer to the camera?",,sofa,choice,cabinet|sofa,ARKitScenes/3dod/Training/47670124/47670124_frames/lowres_wide/47670124_41662.298.png,ARKitScenes/3dod/Training/47670124/47670124_frames/lowres_depth/47670124_41662.298.png,rule,"{""a_concept"": ""sofa"", ""a_depth_m"": 1.777999997138977, ""b_concept"": ""cabinet"", ""b_depth_m"": 4.636000156402588, ""comparative"": ""closer"", ""answer_concept"": ""sofa""}"
train_000358,47330996/177051.900,47330996,lidar,unknown,train,left_right,,3,Is the cabinet on the left side or the right side of the table?,,right,choice,left|right,ARKitScenes/3dod/Training/47330996/47330996_frames/lowres_wide/47330996_177051.900.png,ARKitScenes/3dod/Training/47330996/47330996_frames/lowres_depth/47330996_177051.900.png,rule,"{""a_concept"": ""cabinet"", ""b_concept"": ""table"", ""a_centroid_x"": 244.3022561828094, ""b_centroid_x"": 70.17239134190947, ""horizontal_gap_px"": 174.12986484089993, ""image_width"": 256}"
train_000359,42899432/188675.147,42899432,lidar,unknown,train,existence,negative,2,Does this room contain a chair?,,no,yes_no,yes|no,ARKitScenes/3dod/Training/42899432/42899432_frames/lowres_wide/42899432_188675.147.png,ARKitScenes/3dod/Training/42899432/42899432_frames/lowres_depth/42899432_188675.147.png,rule,"{""concept"": ""chair"", ""reason"": ""category_or_scene_type_plausible""}"
train_000360,42444998/45382.471,42444998,lidar,unknown,train,identify_superlative,farthest_camera,3,"Ignoring the walls, floor, and ceiling, what object is farthest from the viewer?",,fireplace,object,,ARKitScenes/3dod/Training/42444998/42444998_frames/lowres_wide/42444998_45382.471.png,ARKitScenes/3dod/Training/42444998/42444998_frames/lowres_depth/42444998_45382.471.png,rule,"{""winner_concept"": ""fireplace"", ""winner_object_index"": 3, ""winner_area_frac"": 0.006992145166163785, ""winner_depth_m"": 3.0749998092651367, ""runner_up_concept"": ""table"", ""runner_up_area_frac"": 0.06061452015247315, ""runner_up_depth_m"": 1.1790000200271606}"
train_000361,42899065/648869.646,42899065,lidar,unknown,train,existence,positive,4,Is a bathtub present in this scene?,,yes,yes_no,yes|no,ARKitScenes/3dod/Training/42899065/42899065_frames/lowres_wide/42899065_648869.646.png,ARKitScenes/3dod/Training/42899065/42899065_frames/lowres_depth/42899065_648869.646.png,rule,"{""concept"": ""bathtub"", ""object_index"": 0, ""area_frac"": 0.5082129994293965}"
train_000362,47430608/315202.139,47430608,lidar,unknown,train,existence,negative,3,Can you spot a table in the picture?,,no,yes_no,yes|no,ARKitScenes/3dod/Training/47430608/47430608_frames/lowres_wide/47430608_315202.139.png,ARKitScenes/3dod/Training/47430608/47430608_frames/lowres_depth/47430608_315202.139.png,rule,"{""concept"": ""table"", ""reason"": ""category_or_scene_type_plausible""}"
train_000363,48018286/799410.627,48018286,lidar,unknown,train,relative_depth,closer,1,"Between the table and the sofa, which one is closer to the camera?",,table,choice,table|sofa,ARKitScenes/3dod/Training/48018286/48018286_frames/lowres_wide/48018286_799410.627.png,ARKitScenes/3dod/Training/48018286/48018286_frames/lowres_depth/48018286_799410.627.png,rule,"{""a_concept"": ""sofa"", ""a_depth_m"": 2.6730000972747803, ""b_concept"": ""table"", ""b_depth_m"": 2.052000045776367, ""comparative"": ""closer"", ""answer_concept"": ""table""}"
train_000364,48018760/15085.976,48018760,lidar,unknown,train,left_right,,3,Is the table on the left side or the right side of the cabinet?,,left,choice,left|right,ARKitScenes/3dod/Training/48018760/48018760_frames/lowres_wide/48018760_15085.976.png,ARKitScenes/3dod/Training/48018760/48018760_frames/lowres_depth/48018760_15085.976.png,rule,"{""a_concept"": ""table"", ""b_concept"": ""cabinet"", ""a_centroid_x"": 164.54000908702216, ""b_centroid_x"": 233.233046025213, ""horizontal_gap_px"": 68.69303693819086, ""image_width"": 256}"
train_000365,47333698/48421.848,47333698,lidar,unknown,train,existence,positive,0,Is there a shelf in this room?,,yes,yes_no,yes|no,ARKitScenes/3dod/Training/47333698/47333698_frames/lowres_wide/47333698_48421.848.png,ARKitScenes/3dod/Training/47333698/47333698_frames/lowres_depth/47333698_48421.848.png,rule,"{""concept"": ""shelf"", ""object_index"": 4, ""area_frac"": 0.0286918474464444}"
train_000366,47330996/177033.708,47330996,lidar,unknown,train,existence,positive,3,Can you spot a cabinet in the picture?,,yes,yes_no,yes|no,ARKitScenes/3dod/Training/47330996/47330996_frames/lowres_wide/47330996_177033.708.png,ARKitScenes/3dod/Training/47330996/47330996_frames/lowres_depth/47330996_177033.708.png,rule,"{""concept"": ""cabinet"", ""object_index"": 9, ""area_frac"": 0.023546379024101245}"
train_000367,45261556/75569.888,45261556,lidar,unknown,train,identify_superlative,farthest_camera,5,"Excluding the walls, floor, and ceiling, what is the most distant visible object in the scene?",,cabinet,object,,ARKitScenes/3dod/Training/45261556/45261556_frames/lowres_wide/45261556_75569.888.png,ARKitScenes/3dod/Training/45261556/45261556_frames/lowres_depth/45261556_75569.888.png,rule,"{""winner_concept"": ""cabinet"", ""winner_object_index"": 12, ""winner_area_frac"": 0.3361078554732575, ""winner_depth_m"": 1.3890000581741333, ""runner_up_concept"": null, ""runner_up_area_frac"": null, ""runner_up_depth_m"": null}"
train_000368,41254778/132009.618,41254778,lidar,unknown,train,identify_superlative,closest_camera,5,"Excluding the walls, floor, and ceiling, what is the closest visible object to the camera?",,sofa,object,,ARKitScenes/3dod/Training/41254778/41254778_frames/lowres_wide/41254778_132009.618.png,ARKitScenes/3dod/Training/41254778/41254778_frames/lowres_depth/41254778_132009.618.png,rule,"{""winner_concept"": ""sofa"", ""winner_object_index"": 1, ""winner_area_frac"": 0.4062070175904455, ""winner_depth_m"": 1.2549999952316284, ""runner_up_concept"": null, ""runner_up_area_frac"": null, ""runner_up_depth_m"": null}"
train_000369,48018286/799398.831,48018286,lidar,unknown,train,left_right,,4,"Which side of the oven is the dishwasher on, left or right?",,left,choice,left|right,ARKitScenes/3dod/Training/48018286/48018286_frames/lowres_wide/48018286_799398.831.png,ARKitScenes/3dod/Training/48018286/48018286_frames/lowres_depth/48018286_799398.831.png,rule,"{""a_concept"": ""dishwasher"", ""b_concept"": ""oven"", ""a_centroid_x"": 86.5578094472896, ""b_centroid_x"": 130.66978143083955, ""horizontal_gap_px"": 44.11197198354995, ""image_width"": 256}"
train_000370,48458245/78514.025,48458245,lidar,unknown,train,identify_superlative,closest_camera,1,"Excluding the walls, floor, and ceiling, what is the nearest object to the camera?",,cabinet,object,,ARKitScenes/3dod/Training/48458245/48458245_frames/lowres_wide/48458245_78514.025.png,ARKitScenes/3dod/Training/48458245/48458245_frames/lowres_depth/48458245_78514.025.png,rule,"{""winner_concept"": ""cabinet"", ""winner_object_index"": 10, ""winner_area_frac"": 0.02854007199554615, ""winner_depth_m"": 0.7910000085830688, ""runner_up_concept"": ""sink"", ""runner_up_area_frac"": 0.04703994983076206, ""runner_up_depth_m"": 0.965499997138977}"
train_000371,48018845/649740.336,48018845,lidar,unknown,train,relative_depth,closer,1,"Between the television and the sofa, which one is closer to the camera?",,sofa,choice,television|sofa,ARKitScenes/3dod/Training/48018845/48018845_frames/lowres_wide/48018845_649740.336.png,ARKitScenes/3dod/Training/48018845/48018845_frames/lowres_depth/48018845_649740.336.png,rule,"{""a_concept"": ""sofa"", ""a_depth_m"": 2.9079999923706055, ""b_concept"": ""television"", ""b_depth_m"": 3.6619999408721924, ""comparative"": ""closer"", ""answer_concept"": ""sofa""}"
train_000372,41159823/86654.081,41159823,lidar,unknown,train,left_right,,4,"Which side of the bathtub is the toilet on, left or right?",,right,choice,left|right,ARKitScenes/3dod/Training/41159823/41159823_frames/lowres_wide/41159823_86654.081.png,ARKitScenes/3dod/Training/41159823/41159823_frames/lowres_depth/41159823_86654.081.png,rule,"{""a_concept"": ""toilet"", ""b_concept"": ""bathtub"", ""a_centroid_x"": 234.4842891787195, ""b_centroid_x"": 51.65730440893935, ""horizontal_gap_px"": 182.82698476978015, ""image_width"": 256}"
train_000373,45260947/4579.000,45260947,lidar,unknown,train,left_right,,1,"Relative to the cabinet, is the shelf on the left or the right?",,left,choice,left|right,ARKitScenes/3dod/Training/45260947/45260947_frames/lowres_wide/45260947_4579.000.png,ARKitScenes/3dod/Training/45260947/45260947_frames/lowres_depth/45260947_4579.000.png,rule,"{""a_concept"": ""shelf"", ""b_concept"": ""cabinet"", ""a_centroid_x"": 91.08554024311536, ""b_centroid_x"": 163.99057058614167, ""horizontal_gap_px"": 72.90503034302631, ""image_width"": 256}"
train_000374,42445938/79452.883,42445938,lidar,unknown,train,relative_depth,farther,5,"Which one is farther, the table or the sofa?",,sofa,choice,table|sofa,ARKitScenes/3dod/Training/42445938/42445938_frames/lowres_wide/42445938_79452.883.png,ARKitScenes/3dod/Training/42445938/42445938_frames/lowres_depth/42445938_79452.883.png,rule,"{""a_concept"": ""sofa"", ""a_depth_m"": 2.6619999408721924, ""b_concept"": ""table"", ""b_depth_m"": 1.399999976158142, ""comparative"": ""farther"", ""answer_concept"": ""sofa""}"
train_000375,48018760/15073.181,48018760,lidar,unknown,train,left_right,,3,Is the table on the left side or the right side of the television?,,right,choice,left|right,ARKitScenes/3dod/Training/48018760/48018760_frames/lowres_wide/48018760_15073.181.png,ARKitScenes/3dod/Training/48018760/48018760_frames/lowres_depth/48018760_15073.181.png,rule,"{""a_concept"": ""table"", ""b_concept"": ""television"", ""a_centroid_x"": 227.41437713261837, ""b_centroid_x"": 41.503025575582946, ""horizontal_gap_px"": 185.91135155703543, ""image_width"": 256}"
train_000376,47331002/178671.845,47331002,lidar,unknown,train,relative_depth,farther,3,"Which object is farther from the camera, the chair or the television?",,television,choice,chair|television,ARKitScenes/3dod/Training/47331002/47331002_frames/lowres_wide/47331002_178671.845.png,ARKitScenes/3dod/Training/47331002/47331002_frames/lowres_depth/47331002_178671.845.png,rule,"{""a_concept"": ""television"", ""a_depth_m"": 2.7939999103546143, ""b_concept"": ""chair"", ""b_depth_m"": 2.36899995803833, ""comparative"": ""farther"", ""answer_concept"": ""television""}"
train_000377,43649802/46921.101,43649802,lidar,unknown,train,identify_superlative,closest_camera,0,"Not counting the walls, floor, or ceiling, which object is closest to the camera?",,table,object,,ARKitScenes/3dod/Training/43649802/43649802_frames/lowres_wide/43649802_46921.101.png,ARKitScenes/3dod/Training/43649802/43649802_frames/lowres_depth/43649802_46921.101.png,rule,"{""winner_concept"": ""table"", ""winner_object_index"": 2, ""winner_area_frac"": 0.38764015112860223, ""winner_depth_m"": 1.1619999408721924, ""runner_up_concept"": null, ""runner_up_area_frac"": null, ""runner_up_depth_m"": null}"
train_000378,44358250/6023.764,44358250,lidar,unknown,train,identify_superlative,closest_camera,5,"Excluding the walls, floor, and ceiling, what is the closest visible object to the camera?",,stool,object,,ARKitScenes/3dod/Training/44358250/44358250_frames/lowres_wide/44358250_6023.764.png,ARKitScenes/3dod/Training/44358250/44358250_frames/lowres_depth/44358250_6023.764.png,rule,"{""winner_concept"": ""stool"", ""winner_object_index"": 3, ""winner_area_frac"": 0.09561508835468997, ""winner_depth_m"": 1.5989999771118164, ""runner_up_concept"": ""sofa"", ""runner_up_area_frac"": 0.16626555678737065, ""runner_up_depth_m"": 1.9980000257492065}"
train_000379,47333298/26596.843,47333298,lidar,unknown,train,left_right,,4,"Which side of the table is the cabinet on, left or right?",,left,choice,left|right,ARKitScenes/3dod/Training/47333298/47333298_frames/lowres_wide/47333298_26596.843.png,ARKitScenes/3dod/Training/47333298/47333298_frames/lowres_depth/47333298_26596.843.png,rule,"{""a_concept"": ""cabinet"", ""b_concept"": ""table"", ""a_centroid_x"": 120.27350661742221, ""b_centroid_x"": 248.0632333036189, ""horizontal_gap_px"": 127.78972668619667, ""image_width"": 256}"
train_000380,43896365/19872.160,43896365,lidar,unknown,train,left_right,,0,Is the refrigerator to the left or to the right of the stove?,,right,choice,left|right,ARKitScenes/3dod/Training/43896365/43896365_frames/lowres_wide/43896365_19872.160.png,ARKitScenes/3dod/Training/43896365/43896365_frames/lowres_depth/43896365_19872.160.png,rule,"{""a_concept"": ""refrigerator"", ""b_concept"": ""stove"", ""a_centroid_x"": 214.74946819803324, ""b_centroid_x"": 142.6722979272168, ""horizontal_gap_px"": 72.07717027081645, ""image_width"": 256}"
train_000381,47669917/14106.979,47669917,lidar,unknown,train,left_right,,4,"Which side of the table is the cabinet on, left or right?",,right,choice,left|right,ARKitScenes/3dod/Training/47669917/47669917_frames/lowres_wide/47669917_14106.979.png,ARKitScenes/3dod/Training/47669917/47669917_frames/lowres_depth/47669917_14106.979.png,rule,"{""a_concept"": ""cabinet"", ""b_concept"": ""table"", ""a_centroid_x"": 229.92307012302882, ""b_centroid_x"": 142.5130937069737, ""horizontal_gap_px"": 87.40997641605512, ""image_width"": 256}"
train_000382,45261407/29654.028,45261407,lidar,unknown,train,identify_superlative,closest_camera,0,"Not counting the walls, floor, or ceiling, which object is closest to the camera?",,cabinet,object,,ARKitScenes/3dod/Training/45261407/45261407_frames/lowres_wide/45261407_29654.028.png,ARKitScenes/3dod/Training/45261407/45261407_frames/lowres_depth/45261407_29654.028.png,rule,"{""winner_concept"": ""cabinet"", ""winner_object_index"": 5, ""winner_area_frac"": 0.26685558612954646, ""winner_depth_m"": 1.9639999866485596, ""runner_up_concept"": ""table"", ""runner_up_area_frac"": 0.0714532035975833, ""runner_up_depth_m"": 3.496000051498413}"
train_000383,41048071/4469.317,41048071,lidar,unknown,train,relative_depth,closer,0,"Which is closer to the camera, the chair or the table?",,table,choice,chair|table,ARKitScenes/3dod/Training/41048071/41048071_frames/lowres_wide/41048071_4469.317.png,ARKitScenes/3dod/Training/41048071/41048071_frames/lowres_depth/41048071_4469.317.png,rule,"{""a_concept"": ""table"", ""a_depth_m"": 1.9570000171661377, ""b_concept"": ""chair"", ""b_depth_m"": 3.5290000438690186, ""comparative"": ""closer"", ""answer_concept"": ""table""}"
train_000384,45261317/23568.190,45261317,lidar,unknown,train,existence,positive,3,Can you spot a shelf in the picture?,,yes,yes_no,yes|no,ARKitScenes/3dod/Training/45261317/45261317_frames/lowres_wide/45261317_23568.190.png,ARKitScenes/3dod/Training/45261317/45261317_frames/lowres_depth/45261317_23568.190.png,rule,"{""concept"": ""shelf"", ""object_index"": 0, ""area_frac"": 0.36274233092574754}"
train_000385,45261509/43539.756,45261509,lidar,unknown,train,relative_depth,closer,1,"Between the television and the chair, which one is closer to the camera?",,chair,choice,television|chair,ARKitScenes/3dod/Training/45261509/45261509_frames/lowres_wide/45261509_43539.756.png,ARKitScenes/3dod/Training/45261509/45261509_frames/lowres_depth/45261509_43539.756.png,rule,"{""a_concept"": ""chair"", ""a_depth_m"": 1.253000020980835, ""b_concept"": ""television"", ""b_depth_m"": 2.5390000343322754, ""comparative"": ""closer"", ""answer_concept"": ""chair""}"
train_000386,41098062/2223.403,41098062,lidar,unknown,train,left_right,,2,"Looking at the toilet, is the sink positioned on its left or right?",,left,choice,left|right,ARKitScenes/3dod/Training/41098062/41098062_frames/lowres_wide/41098062_2223.403.png,ARKitScenes/3dod/Training/41098062/41098062_frames/lowres_depth/41098062_2223.403.png,rule,"{""a_concept"": ""sink"", ""b_concept"": ""toilet"", ""a_centroid_x"": 107.4074764933156, ""b_centroid_x"": 164.82633833468142, ""horizontal_gap_px"": 57.418861841365825, ""image_width"": 256}"
train_000387,43896365/19859.682,43896365,lidar,unknown,train,relative_depth,closer,0,"Which is closer to the camera, the refrigerator or the stool?",,refrigerator,choice,refrigerator|stool,ARKitScenes/3dod/Training/43896365/43896365_frames/lowres_wide/43896365_19859.682.png,ARKitScenes/3dod/Training/43896365/43896365_frames/lowres_depth/43896365_19859.682.png,rule,"{""a_concept"": ""refrigerator"", ""a_depth_m"": 1.2710000276565552, ""b_concept"": ""stool"", ""b_depth_m"": 3.134999990463257, ""comparative"": ""closer"", ""answer_concept"": ""refrigerator""}"
train_000388,48018115/368442.550,48018115,lidar,unknown,train,identify_superlative,farthest_camera,3,"Ignoring the walls, floor, and ceiling, what object is farthest from the viewer?",,cabinet,object,,ARKitScenes/3dod/Training/48018115/48018115_frames/lowres_wide/48018115_368442.550.png,ARKitScenes/3dod/Training/48018115/48018115_frames/lowres_depth/48018115_368442.550.png,rule,"{""winner_concept"": ""cabinet"", ""winner_object_index"": 3, ""winner_area_frac"": 0.15162512481426707, ""winner_depth_m"": 1.437000036239624, ""runner_up_concept"": ""refrigerator"", ""runner_up_area_frac"": 0.3528661012620253, ""runner_up_depth_m"": 0.8119999766349792}"
train_000389,47204786/27317.692,47204786,lidar,unknown,train,nearest_object,,3,Which item is positioned nearest to the sofa?,,stool,object,,ARKitScenes/3dod/Training/47204786/47204786_frames/lowres_wide/47204786_27317.692.png,ARKitScenes/3dod/Training/47204786/47204786_frames/lowres_depth/47204786_27317.692.png,rule,"{""anchor_concept"": ""sofa"", ""anchor_object_index"": 7, ""answer_concept"": ""stool"", ""answer_object_index"": 8, ""nearest_distance_m"": 0.398, ""second_nearest_distance_m"": 0.609}"
train_000390,42898089/129481.199,42898089,lidar,unknown,train,left_right,,2,"Looking at the cabinet, is the sofa positioned on its left or right?",,right,choice,left|right,ARKitScenes/3dod/Training/42898089/42898089_frames/lowres_wide/42898089_129481.199.png,ARKitScenes/3dod/Training/42898089/42898089_frames/lowres_depth/42898089_129481.199.png,rule,"{""a_concept"": ""sofa"", ""b_concept"": ""cabinet"", ""a_centroid_x"": 132.02669250213694, ""b_centroid_x"": 31.311503824378914, ""horizontal_gap_px"": 100.71518867775802, ""image_width"": 256}"
train_000391,47333762/55664.944,47333762,lidar,unknown,train,existence,negative,4,Is a cabinet present in this scene?,,no,yes_no,yes|no,ARKitScenes/3dod/Training/47333762/47333762_frames/lowres_wide/47333762_55664.944.png,ARKitScenes/3dod/Training/47333762/47333762_frames/lowres_depth/47333762_55664.944.png,rule,"{""concept"": ""cabinet"", ""reason"": ""category_or_scene_type_plausible""}"
train_000392,41048225/7280.248,41048225,lidar,unknown,train,identify_superlative,farthest_camera,2,"Among the furniture and items in the room, not the walls, floor, or ceiling, which is farthest from where the picture was taken?",,chair,object,,ARKitScenes/3dod/Training/41048225/41048225_frames/lowres_wide/41048225_7280.248.png,ARKitScenes/3dod/Training/41048225/41048225_frames/lowres_depth/41048225_7280.248.png,rule,"{""winner_concept"": ""chair"", ""winner_object_index"": 4, ""winner_area_frac"": 0.022806785731872562, ""winner_depth_m"": 1.190999984741211, ""runner_up_concept"": null, ""runner_up_area_frac"": null, ""runner_up_depth_m"": null}"
train_000393,47670299/63502.550,47670299,lidar,unknown,train,identify_superlative,closest_camera,1,"Excluding the walls, floor, and ceiling, what is the nearest object to the camera?",,shelf,object,,ARKitScenes/3dod/Training/47670299/47670299_frames/lowres_wide/47670299_63502.550.png,ARKitScenes/3dod/Training/47670299/47670299_frames/lowres_depth/47670299_63502.550.png,rule,"{""winner_concept"": ""shelf"", ""winner_object_index"": 5, ""winner_area_frac"": 0.28349340012147534, ""winner_depth_m"": 0.9589999914169312, ""runner_up_concept"": null, ""runner_up_area_frac"": null, ""runner_up_depth_m"": null}"
train_000394,45261089/457.179,45261089,lidar,unknown,train,existence,positive,2,Does this room contain a cabinet?,,yes,yes_no,yes|no,ARKitScenes/3dod/Training/45261089/45261089_frames/lowres_wide/45261089_457.179.png,ARKitScenes/3dod/Training/45261089/45261089_frames/lowres_depth/45261089_457.179.png,rule,"{""concept"": ""cabinet"", ""object_index"": 1, ""area_frac"": 0.2516202916560488}"
train_000395,47332501/342400.330,47332501,lidar,unknown,train,left_right,,2,"Looking at the table, is the stove positioned on its left or right?",,left,choice,left|right,ARKitScenes/3dod/Training/47332501/47332501_frames/lowres_wide/47332501_342400.330.png,ARKitScenes/3dod/Training/47332501/47332501_frames/lowres_depth/47332501_342400.330.png,rule,"{""a_concept"": ""stove"", ""b_concept"": ""table"", ""a_centroid_x"": 122.82643874169045, ""b_centroid_x"": 192.16109474852482, ""horizontal_gap_px"": 69.33465600683436, ""image_width"": 256}"
train_000396,44358121/62398.702,44358121,lidar,unknown,train,identify_superlative,farthest_camera,1,"Excluding the walls, floor, and ceiling, what is the most distant object from the camera?",,cabinet,object,,ARKitScenes/3dod/Training/44358121/44358121_frames/lowres_wide/44358121_62398.702.png,ARKitScenes/3dod/Training/44358121/44358121_frames/lowres_depth/44358121_62398.702.png,rule,"{""winner_concept"": ""cabinet"", ""winner_object_index"": 4, ""winner_area_frac"": 0.036136903693474616, ""winner_depth_m"": 2.4100000858306885, ""runner_up_concept"": ""sofa"", ""runner_up_area_frac"": 0.4461921752045506, ""runner_up_depth_m"": 1.930999994277954}"
train_000397,47895830/1221813.029,47895830,lidar,unknown,train,existence,negative,2,Does this room contain a cabinet?,,no,yes_no,yes|no,ARKitScenes/3dod/Training/47895830/47895830_frames/lowres_wide/47895830_1221813.029.png,ARKitScenes/3dod/Training/47895830/47895830_frames/lowres_depth/47895830_1221813.029.png,rule,"{""concept"": ""cabinet"", ""reason"": ""category_or_scene_type_plausible""}"
train_000398,47670158/40702.456,47670158,lidar,unknown,train,relative_depth,farther,2,Is the stool or the sofa farther from the camera?,,stool,choice,stool|sofa,ARKitScenes/3dod/Training/47670158/47670158_frames/lowres_wide/47670158_40702.456.png,ARKitScenes/3dod/Training/47670158/47670158_frames/lowres_depth/47670158_40702.456.png,rule,"{""a_concept"": ""sofa"", ""a_depth_m"": 4.105000019073486, ""b_concept"": ""stool"", ""b_depth_m"": 5.886000156402588, ""comparative"": ""farther"", ""answer_concept"": ""stool""}"
train_000399,45261502/42579.399,45261502,lidar,unknown,train,relative_depth,closer,4,"Of the bed and the cabinet, which is closer?",,bed,choice,bed|cabinet,ARKitScenes/3dod/Training/45261502/45261502_frames/lowres_wide/45261502_42579.399.png,ARKitScenes/3dod/Training/45261502/45261502_frames/lowres_depth/45261502_42579.399.png,rule,"{""a_concept"": ""bed"", ""a_depth_m"": 2.7300000190734863, ""b_concept"": ""cabinet"", ""b_depth_m"": 3.378000020980835, ""comparative"": ""closer"", ""answer_concept"": ""bed""}"
train_000400,47332197/263649.854,47332197,lidar,unknown,train,left_right,,4,"Which side of the table is the sink on, left or right?",,right,choice,left|right,ARKitScenes/3dod/Training/47332197/47332197_frames/lowres_wide/47332197_263649.854.png,ARKitScenes/3dod/Training/47332197/47332197_frames/lowres_depth/47332197_263649.854.png,rule,"{""a_concept"": ""sink"", ""b_concept"": ""table"", ""a_centroid_x"": 235.30201586840897, ""b_centroid_x"": 103.05978108651644, ""horizontal_gap_px"": 132.24223478189253, ""image_width"": 256}"
train_000401,47895871/489475.504,47895871,lidar,unknown,train,left_right,,1,"Relative to the chair, is the cabinet on the left or the right?",,left,choice,left|right,ARKitScenes/3dod/Training/47895871/47895871_frames/lowres_wide/47895871_489475.504.png,ARKitScenes/3dod/Training/47895871/47895871_frames/lowres_depth/47895871_489475.504.png,rule,"{""a_concept"": ""cabinet"", ""b_concept"": ""chair"", ""a_centroid_x"": 61.89690870011984, ""b_centroid_x"": 127.19497959610723, ""horizontal_gap_px"": 65.2980708959874, ""image_width"": 256}"
train_000402,47204524/1580.798,47204524,lidar,unknown,train,existence,negative,2,Does this room contain a cabinet?,,no,yes_no,yes|no,ARKitScenes/3dod/Training/47204524/47204524_frames/lowres_wide/47204524_1580.798.png,ARKitScenes/3dod/Training/47204524/47204524_frames/lowres_depth/47204524_1580.798.png,rule,"{""concept"": ""cabinet"", ""reason"": ""category_or_scene_type_plausible""}"
train_000403,45261066/14513.723,45261066,lidar,unknown,train,nearest_object,,0,What is the closest object to the cabinet?,,television,object,,ARKitScenes/3dod/Training/45261066/45261066_frames/lowres_wide/45261066_14513.723.png,ARKitScenes/3dod/Training/45261066/45261066_frames/lowres_depth/45261066_14513.723.png,rule,"{""anchor_concept"": ""cabinet"", ""anchor_object_index"": 6, ""answer_concept"": ""television"", ""answer_object_index"": 7, ""nearest_distance_m"": 0.27, ""second_nearest_distance_m"": 0.853}"
train_000404,47334552/67946.748,47334552,lidar,unknown,train,existence,positive,1,Do you see a table here?,,yes,yes_no,yes|no,ARKitScenes/3dod/Training/47334552/47334552_frames/lowres_wide/47334552_67946.748.png,ARKitScenes/3dod/Training/47334552/47334552_frames/lowres_depth/47334552_67946.748.png,rule,"{""concept"": ""table"", ""object_index"": 12, ""area_frac"": 0.021615676324904336}"
train_000405,45261527/45678.357,45261527,lidar,unknown,train,relative_depth,farther,4,"Of the shelf and the cabinet, which is farther?",,shelf,choice,shelf|cabinet,ARKitScenes/3dod/Training/45261527/45261527_frames/lowres_wide/45261527_45678.357.png,ARKitScenes/3dod/Training/45261527/45261527_frames/lowres_depth/45261527_45678.357.png,rule,"{""a_concept"": ""shelf"", ""a_depth_m"": 1.9490000009536743, ""b_concept"": ""cabinet"", ""b_depth_m"": 1.3600000143051147, ""comparative"": ""farther"", ""answer_concept"": ""shelf""}"
train_000406,42898711/581564.432,42898711,lidar,unknown,train,left_right,,3,Is the bed on the left side or the right side of the toilet?,,left,choice,left|right,ARKitScenes/3dod/Training/42898711/42898711_frames/lowres_wide/42898711_581564.432.png,ARKitScenes/3dod/Training/42898711/42898711_frames/lowres_depth/42898711_581564.432.png,rule,"{""a_concept"": ""bed"", ""b_concept"": ""toilet"", ""a_centroid_x"": 14.571018387777524, ""b_centroid_x"": 237.9271101853473, ""horizontal_gap_px"": 223.35609179756977, ""image_width"": 256}"
train_000407,43649452/12874.568,43649452,lidar,unknown,train,identify_superlative,closest_camera,0,"Not counting the walls, floor, or ceiling, which object is closest to the camera?",,chair,object,,ARKitScenes/3dod/Training/43649452/43649452_frames/lowres_wide/43649452_12874.568.png,ARKitScenes/3dod/Training/43649452/43649452_frames/lowres_depth/43649452_12874.568.png,rule,"{""winner_concept"": ""chair"", ""winner_object_index"": 11, ""winner_area_frac"": 0.2436667560093999, ""winner_depth_m"": 1.3079999685287476, ""runner_up_concept"": ""cabinet"", ""runner_up_area_frac"": 0.018360718538757172, ""runner_up_depth_m"": 2.0320000648498535}"
train_000408,48018286/799446.029,48018286,lidar,unknown,train,nearest_object,,5,Which object is closest in distance to the table?,,chair,object,,ARKitScenes/3dod/Training/48018286/48018286_frames/lowres_wide/48018286_799446.029.png,ARKitScenes/3dod/Training/48018286/48018286_frames/lowres_depth/48018286_799446.029.png,rule,"{""anchor_concept"": ""table"", ""anchor_object_index"": 25, ""answer_concept"": ""chair"", ""answer_object_index"": 30, ""nearest_distance_m"": 0.117, ""second_nearest_distance_m"": 0.178}"
train_000409,42445670/60953.225,42445670,lidar,unknown,train,existence,negative,4,Is a cabinet present in this scene?,,no,yes_no,yes|no,ARKitScenes/3dod/Training/42445670/42445670_frames/lowres_wide/42445670_60953.225.png,ARKitScenes/3dod/Training/42445670/42445670_frames/lowres_depth/42445670_60953.225.png,rule,"{""concept"": ""cabinet"", ""reason"": ""category_or_scene_type_plausible""}"
train_000410,45662829/15185.112,45662829,lidar,unknown,train,left_right,,0,Is the cabinet to the left or to the right of the table?,,left,choice,left|right,ARKitScenes/3dod/Training/45662829/45662829_frames/lowres_wide/45662829_15185.112.png,ARKitScenes/3dod/Training/45662829/45662829_frames/lowres_depth/45662829_15185.112.png,rule,"{""a_concept"": ""cabinet"", ""b_concept"": ""table"", ""a_centroid_x"": 116.6452022657552, ""b_centroid_x"": 240.304392376481, ""horizontal_gap_px"": 123.65919011072579, ""image_width"": 256}"
train_000411,42446068/80618.204,42446068,lidar,unknown,train,relative_depth,closer,4,"Of the cabinet and the bathtub, which is closer?",,cabinet,choice,cabinet|bathtub,ARKitScenes/3dod/Training/42446068/42446068_frames/lowres_wide/42446068_80618.204.png,ARKitScenes/3dod/Training/42446068/42446068_frames/lowres_depth/42446068_80618.204.png,rule,"{""a_concept"": ""bathtub"", ""a_depth_m"": 2.938999891281128, ""b_concept"": ""cabinet"", ""b_depth_m"": 2.437000036239624, ""comparative"": ""closer"", ""answer_concept"": ""cabinet""}"
train_000412,42445476/152276.707,42445476,lidar,unknown,train,existence,negative,5,Is there any shelf visible in the image?,,no,yes_no,yes|no,ARKitScenes/3dod/Training/42445476/42445476_frames/lowres_wide/42445476_152276.707.png,ARKitScenes/3dod/Training/42445476/42445476_frames/lowres_depth/42445476_152276.707.png,rule,"{""concept"": ""shelf"", ""reason"": ""category_or_scene_type_plausible""}"
train_000413,48458626/127644.500,48458626,lidar,unknown,train,left_right,,1,"Relative to the cabinet, is the fireplace on the left or the right?",,right,choice,left|right,ARKitScenes/3dod/Training/48458626/48458626_frames/lowres_wide/48458626_127644.500.png,ARKitScenes/3dod/Training/48458626/48458626_frames/lowres_depth/48458626_127644.500.png,rule,"{""a_concept"": ""fireplace"", ""b_concept"": ""cabinet"", ""a_centroid_x"": 227.09360447725186, ""b_centroid_x"": 160.07415339992164, ""horizontal_gap_px"": 67.01945107733022, ""image_width"": 256}"
train_000414,42898756/64591.844,42898756,lidar,unknown,train,left_right,,1,"Relative to the television, is the table on the left or the right?",,left,choice,left|right,ARKitScenes/3dod/Training/42898756/42898756_frames/lowres_wide/42898756_64591.844.png,ARKitScenes/3dod/Training/42898756/42898756_frames/lowres_depth/42898756_64591.844.png,rule,"{""a_concept"": ""table"", ""b_concept"": ""television"", ""a_centroid_x"": 5.861462999784369, ""b_centroid_x"": 95.68357883249169, ""horizontal_gap_px"": 89.82211583270733, ""image_width"": 256}"
train_000415,43828402/88452.497,43828402,lidar,unknown,train,left_right,,5,"From the cabinet, which direction is the bed in, left or right?",,right,choice,left|right,ARKitScenes/3dod/Training/43828402/43828402_frames/lowres_wide/43828402_88452.497.png,ARKitScenes/3dod/Training/43828402/43828402_frames/lowres_depth/43828402_88452.497.png,rule,"{""a_concept"": ""bed"", ""b_concept"": ""cabinet"", ""a_centroid_x"": 230.43256736638503, ""b_centroid_x"": 153.1306899658682, ""horizontal_gap_px"": 77.30187740051682, ""image_width"": 256}"
train_000416,47669917/14106.979,47669917,lidar,unknown,train,nearest_object,,3,Which item is positioned nearest to the table?,,television,object,,ARKitScenes/3dod/Training/47669917/47669917_frames/lowres_wide/47669917_14106.979.png,ARKitScenes/3dod/Training/47669917/47669917_frames/lowres_depth/47669917_14106.979.png,rule,"{""anchor_concept"": ""table"", ""anchor_object_index"": 10, ""answer_concept"": ""television"", ""answer_object_index"": 11, ""nearest_distance_m"": 0.401, ""second_nearest_distance_m"": 1.143}"
train_000417,47895614/470420.514,47895614,lidar,unknown,train,existence,positive,2,Does this room contain a sink?,,yes,yes_no,yes|no,ARKitScenes/3dod/Training/47895614/47895614_frames/lowres_wide/47895614_470420.514.png,ARKitScenes/3dod/Training/47895614/47895614_frames/lowres_depth/47895614_470420.514.png,rule,"{""concept"": ""sink"", ""object_index"": 3, ""area_frac"": 0.3093327513288016}"
train_000418,45261499/42652.586,45261499,lidar,unknown,train,identify_superlative,closest_camera,1,"Excluding the walls, floor, and ceiling, what is the nearest object to the camera?",,bed,object,,ARKitScenes/3dod/Training/45261499/45261499_frames/lowres_wide/45261499_42652.586.png,ARKitScenes/3dod/Training/45261499/45261499_frames/lowres_depth/45261499_42652.586.png,rule,"{""winner_concept"": ""bed"", ""winner_object_index"": 0, ""winner_area_frac"": 0.18274509612093195, ""winner_depth_m"": 1.7209999561309814, ""runner_up_concept"": null, ""runner_up_area_frac"": null, ""runner_up_depth_m"": null}"
train_000419,42445938/79486.086,42445938,lidar,unknown,train,identify_superlative,closest_camera,5,"Excluding the walls, floor, and ceiling, what is the closest visible object to the camera?",,cabinet,object,,ARKitScenes/3dod/Training/42445938/42445938_frames/lowres_wide/42445938_79486.086.png,ARKitScenes/3dod/Training/42445938/42445938_frames/lowres_depth/42445938_79486.086.png,rule,"{""winner_concept"": ""cabinet"", ""winner_object_index"": 14, ""winner_area_frac"": 0.47070987302218903, ""winner_depth_m"": 1.5549999475479126, ""runner_up_concept"": null, ""runner_up_area_frac"": null, ""runner_up_depth_m"": null}"
train_000420,43828520/102887.504,43828520,lidar,unknown,train,left_right,,2,"Looking at the table, is the sofa positioned on its left or right?",,right,choice,left|right,ARKitScenes/3dod/Training/43828520/43828520_frames/lowres_wide/43828520_102887.504.png,ARKitScenes/3dod/Training/43828520/43828520_frames/lowres_depth/43828520_102887.504.png,rule,"{""a_concept"": ""sofa"", ""b_concept"": ""table"", ""a_centroid_x"": 124.81797824287308, ""b_centroid_x"": 60.717471957183, ""horizontal_gap_px"": 64.10050628569007, ""image_width"": 256}"
train_000421,47334589/165877.242,47334589,lidar,unknown,train,relative_depth,closer,1,"Between the cabinet and the sink, which one is closer to the camera?",,sink,choice,cabinet|sink,ARKitScenes/3dod/Training/47334589/47334589_frames/lowres_wide/47334589_165877.242.png,ARKitScenes/3dod/Training/47334589/47334589_frames/lowres_depth/47334589_165877.242.png,rule,"{""a_concept"": ""sink"", ""a_depth_m"": 1.2615000009536743, ""b_concept"": ""cabinet"", ""b_depth_m"": 3.0950000286102295, ""comparative"": ""closer"", ""answer_concept"": ""sink""}"
train_000422,41126383/4962.958,41126383,lidar,unknown,train,identify_superlative,closest_camera,1,"Excluding the walls, floor, and ceiling, what is the nearest object to the camera?",,bathtub,object,,ARKitScenes/3dod/Training/41126383/41126383_frames/lowres_wide/41126383_4962.958.png,ARKitScenes/3dod/Training/41126383/41126383_frames/lowres_depth/41126383_4962.958.png,rule,"{""winner_concept"": ""bathtub"", ""winner_object_index"": 2, ""winner_area_frac"": 0.6721602905846457, ""winner_depth_m"": 1.0880000591278076, ""runner_up_concept"": null, ""runner_up_area_frac"": null, ""runner_up_depth_m"": null}"
train_000423,41159448/502.506,41159448,lidar,unknown,train,identify_superlative,closest_camera,2,"Among the furniture and items in the room, not the walls, floor, or ceiling, which is closest to where the picture was taken from?",,chair,object,,ARKitScenes/3dod/Training/41159448/41159448_frames/lowres_wide/41159448_502.506.png,ARKitScenes/3dod/Training/41159448/41159448_frames/lowres_depth/41159448_502.506.png,rule,"{""winner_concept"": ""chair"", ""winner_object_index"": 3, ""winner_area_frac"": 0.1891893879231945, ""winner_depth_m"": 1.125, ""runner_up_concept"": null, ""runner_up_area_frac"": null, ""runner_up_depth_m"": null}"
train_000424,47115309/554.062,47115309,lidar,unknown,train,relative_depth,closer,5,"Which one is closer, the chair or the table?",,chair,choice,chair|table,ARKitScenes/3dod/Training/47115309/47115309_frames/lowres_wide/47115309_554.062.png,ARKitScenes/3dod/Training/47115309/47115309_frames/lowres_depth/47115309_554.062.png,rule,"{""a_concept"": ""chair"", ""a_depth_m"": 2.299999952316284, ""b_concept"": ""table"", ""b_depth_m"": 3.992000102996826, ""comparative"": ""closer"", ""answer_concept"": ""chair""}"
train_000425,42897890/345003.425,42897890,lidar,unknown,train,existence,positive,5,Is there any television visible in the image?,,yes,yes_no,yes|no,ARKitScenes/3dod/Training/42897890/42897890_frames/lowres_wide/42897890_345003.425.png,ARKitScenes/3dod/Training/42897890/42897890_frames/lowres_depth/42897890_345003.425.png,rule,"{""concept"": ""television"", ""object_index"": 9, ""area_frac"": 0.09778166230307339}"
train_000426,42897462/470203.581,42897462,lidar,unknown,train,identify_superlative,farthest_camera,5,"Excluding the walls, floor, and ceiling, what is the most distant visible object in the scene?",,chair,object,,ARKitScenes/3dod/Training/42897462/42897462_frames/lowres_wide/42897462_470203.581.png,ARKitScenes/3dod/Training/42897462/42897462_frames/lowres_depth/42897462_470203.581.png,rule,"{""winner_concept"": ""chair"", ""winner_object_index"": 2, ""winner_area_frac"": 0.038750877262265664, ""winner_depth_m"": 3.818000078201294, ""runner_up_concept"": ""sofa"", ""runner_up_area_frac"": 0.2979025785433446, ""runner_up_depth_m"": 1.8880000114440918}"
train_000427,48018549/830128.645,48018549,lidar,unknown,train,left_right,,1,"Relative to the shelf, is the cabinet on the left or the right?",,right,choice,left|right,ARKitScenes/3dod/Training/48018549/48018549_frames/lowres_wide/48018549_830128.645.png,ARKitScenes/3dod/Training/48018549/48018549_frames/lowres_depth/48018549_830128.645.png,rule,"{""a_concept"": ""cabinet"", ""b_concept"": ""shelf"", ""a_centroid_x"": 200.4790012413427, ""b_centroid_x"": 54.63235170806488, ""horizontal_gap_px"": 145.84664953327783, ""image_width"": 256}"
train_000428,42898160/143098.172,42898160,lidar,unknown,train,identify_superlative,farthest_camera,4,"Not counting the room's walls, floor, or ceiling, which object is farthest away in this image?",,cabinet,object,,ARKitScenes/3dod/Training/42898160/42898160_frames/lowres_wide/42898160_143098.172.png,ARKitScenes/3dod/Training/42898160/42898160_frames/lowres_depth/42898160_143098.172.png,rule,"{""winner_concept"": ""cabinet"", ""winner_object_index"": 0, ""winner_area_frac"": 0.23564268597357776, ""winner_depth_m"": 1.4950000047683716, ""runner_up_concept"": null, ""runner_up_area_frac"": null, ""runner_up_depth_m"": null}"
train_000429,47333698/48422.047,47333698,lidar,unknown,train,relative_depth,closer,0,"Which is closer to the camera, the cabinet or the shelf?",,cabinet,choice,cabinet|shelf,ARKitScenes/3dod/Training/47333698/47333698_frames/lowres_wide/47333698_48422.047.png,ARKitScenes/3dod/Training/47333698/47333698_frames/lowres_depth/47333698_48422.047.png,rule,"{""a_concept"": ""shelf"", ""a_depth_m"": 2.99399995803833, ""b_concept"": ""cabinet"", ""b_depth_m"": 2.303999900817871, ""comparative"": ""closer"", ""answer_concept"": ""cabinet""}"
train_000430,42897771/127020.207,42897771,lidar,unknown,train,nearest_object,,2,What sits closest to the television?,,fireplace,object,,ARKitScenes/3dod/Training/42897771/42897771_frames/lowres_wide/42897771_127020.207.png,ARKitScenes/3dod/Training/42897771/42897771_frames/lowres_depth/42897771_127020.207.png,rule,"{""anchor_concept"": ""television"", ""anchor_object_index"": 7, ""answer_concept"": ""fireplace"", ""answer_object_index"": 3, ""nearest_distance_m"": 2.544, ""second_nearest_distance_m"": 3.507}"
train_000431,47332063/247547.274,47332063,lidar,unknown,train,identify_superlative,farthest_camera,2,"Among the furniture and items in the room, not the walls, floor, or ceiling, which is farthest from where the picture was taken?",,cabinet,object,,ARKitScenes/3dod/Training/47332063/47332063_frames/lowres_wide/47332063_247547.274.png,ARKitScenes/3dod/Training/47332063/47332063_frames/lowres_depth/47332063_247547.274.png,rule,"{""winner_concept"": ""cabinet"", ""winner_object_index"": 3, ""winner_area_frac"": 0.028374354625870856, ""winner_depth_m"": 1.055999994277954, ""runner_up_concept"": null, ""runner_up_area_frac"": null, ""runner_up_depth_m"": null}"
train_000432,43649586/35269.551,43649586,lidar,unknown,train,relative_depth,closer,1,"Between the shelf and the oven, which one is closer to the camera?",,shelf,choice,shelf|oven,ARKitScenes/3dod/Training/43649586/43649586_frames/lowres_wide/43649586_35269.551.png,ARKitScenes/3dod/Training/43649586/43649586_frames/lowres_depth/43649586_35269.551.png,rule,"{""a_concept"": ""oven"", ""a_depth_m"": 2.5230000019073486, ""b_concept"": ""shelf"", ""b_depth_m"": 0.8840000033378601, ""comparative"": ""closer"", ""answer_concept"": ""shelf""}"
train_000433,47204800/24089.547,47204800,lidar,unknown,train,identify_superlative,closest_camera,2,"Among the furniture and items in the room, not the walls, floor, or ceiling, which is closest to where the picture was taken from?",,television,object,,ARKitScenes/3dod/Training/47204800/47204800_frames/lowres_wide/47204800_24089.547.png,ARKitScenes/3dod/Training/47204800/47204800_frames/lowres_depth/47204800_24089.547.png,rule,"{""winner_concept"": ""television"", ""winner_object_index"": 12, ""winner_area_frac"": 0.03742530002916477, ""winner_depth_m"": 1.620500087738037, ""runner_up_concept"": ""cabinet"", ""runner_up_area_frac"": 0.059081662557254895, ""runner_up_depth_m"": 2.9499998092651367}"
train_000434,47332508/343912.390,47332508,lidar,unknown,train,left_right,,4,"Which side of the table is the shelf on, left or right?",,left,choice,left|right,ARKitScenes/3dod/Training/47332508/47332508_frames/lowres_wide/47332508_343912.390.png,ARKitScenes/3dod/Training/47332508/47332508_frames/lowres_depth/47332508_343912.390.png,rule,"{""a_concept"": ""shelf"", ""b_concept"": ""table"", ""a_centroid_x"": 7.283963639876636, ""b_centroid_x"": 159.10175187447336, ""horizontal_gap_px"": 151.81778823459672, ""image_width"": 256}"
train_000435,47334938/663162.703,47334938,lidar,unknown,train,relative_depth,farther,2,Is the table or the sink farther from the camera?,,sink,choice,table|sink,ARKitScenes/3dod/Training/47334938/47334938_frames/lowres_wide/47334938_663162.703.png,ARKitScenes/3dod/Training/47334938/47334938_frames/lowres_depth/47334938_663162.703.png,rule,"{""a_concept"": ""sink"", ""a_depth_m"": 2.9760000705718994, ""b_concept"": ""table"", ""b_depth_m"": 1.8680000305175781, ""comparative"": ""farther"", ""answer_concept"": ""sink""}"
train_000436,43828404/88382.309,43828404,lidar,unknown,train,relative_depth,closer,3,"Which object is closer to the camera, the bed or the cabinet?",,bed,choice,bed|cabinet,ARKitScenes/3dod/Training/43828404/43828404_frames/lowres_wide/43828404_88382.309.png,ARKitScenes/3dod/Training/43828404/43828404_frames/lowres_depth/43828404_88382.309.png,rule,"{""a_concept"": ""bed"", ""a_depth_m"": 1.9780000448226929, ""b_concept"": ""cabinet"", ""b_depth_m"": 2.378000020980835, ""comparative"": ""closer"", ""answer_concept"": ""bed""}"
train_000437,42898427/1105.759,42898427,lidar,unknown,train,left_right,,3,Is the sofa on the left side or the right side of the stool?,,right,choice,left|right,ARKitScenes/3dod/Training/42898427/42898427_frames/lowres_wide/42898427_1105.759.png,ARKitScenes/3dod/Training/42898427/42898427_frames/lowres_depth/42898427_1105.759.png,rule,"{""a_concept"": ""sofa"", ""b_concept"": ""stool"", ""a_centroid_x"": 171.09517491766883, ""b_centroid_x"": 112.1397275629262, ""horizontal_gap_px"": 58.95544735474263, ""image_width"": 256}"
train_000438,41126779/4643.353,41126779,lidar,unknown,train,identify_superlative,closest_camera,3,"Ignoring the walls, floor, and ceiling, what object is nearest the viewer?",,chair,object,,ARKitScenes/3dod/Training/41126779/41126779_frames/lowres_wide/41126779_4643.353.png,ARKitScenes/3dod/Training/41126779/41126779_frames/lowres_depth/41126779_4643.353.png,rule,"{""winner_concept"": ""chair"", ""winner_object_index"": 11, ""winner_area_frac"": 0.0512888416428432, ""winner_depth_m"": 1.930999994277954, ""runner_up_concept"": ""refrigerator"", ""runner_up_area_frac"": 0.049744784052691025, ""runner_up_depth_m"": 2.388000011444092}"
train_000439,42898089/129481.199,42898089,lidar,unknown,train,relative_depth,closer,3,"Which object is closer to the camera, the sofa or the cabinet?",,cabinet,choice,sofa|cabinet,ARKitScenes/3dod/Training/42898089/42898089_frames/lowres_wide/42898089_129481.199.png,ARKitScenes/3dod/Training/42898089/42898089_frames/lowres_depth/42898089_129481.199.png,rule,"{""a_concept"": ""sofa"", ""a_depth_m"": 4.308000087738037, ""b_concept"": ""cabinet"", ""b_depth_m"": 1.1230000257492065, ""comparative"": ""closer"", ""answer_concept"": ""cabinet""}"
train_000440,44796303/3297.554,44796303,lidar,unknown,train,existence,positive,1,Do you see a bathtub here?,,yes,yes_no,yes|no,ARKitScenes/3dod/Training/44796303/44796303_frames/lowres_wide/44796303_3297.554.png,ARKitScenes/3dod/Training/44796303/44796303_frames/lowres_depth/44796303_3297.554.png,rule,"{""concept"": ""bathtub"", ""object_index"": 2, ""area_frac"": 0.027191731948406312}"
train_000441,42897890/345048.923,42897890,lidar,unknown,train,nearest_object,,0,What is the closest object to the cabinet?,,television,object,,ARKitScenes/3dod/Training/42897890/42897890_frames/lowres_wide/42897890_345048.923.png,ARKitScenes/3dod/Training/42897890/42897890_frames/lowres_depth/42897890_345048.923.png,rule,"{""anchor_concept"": ""cabinet"", ""anchor_object_index"": 6, ""answer_concept"": ""television"", ""answer_object_index"": 8, ""nearest_distance_m"": 0.911, ""second_nearest_distance_m"": 1.225}"
train_000442,47334883/622629.812,47334883,lidar,unknown,train,identify_superlative,closest_camera,3,"Ignoring the walls, floor, and ceiling, what object is nearest the viewer?",,cabinet,object,,ARKitScenes/3dod/Training/47334883/47334883_frames/lowres_wide/47334883_622629.812.png,ARKitScenes/3dod/Training/47334883/47334883_frames/lowres_depth/47334883_622629.812.png,rule,"{""winner_concept"": ""cabinet"", ""winner_object_index"": 3, ""winner_area_frac"": 0.07985922238808202, ""winner_depth_m"": 1.2649999856948853, ""runner_up_concept"": null, ""runner_up_area_frac"": null, ""runner_up_depth_m"": null}"
train_000443,47331705/9720.353,47331705,lidar,unknown,train,left_right,,0,Is the table to the left or to the right of the sofa?,,left,choice,left|right,ARKitScenes/3dod/Training/47331705/47331705_frames/lowres_wide/47331705_9720.353.png,ARKitScenes/3dod/Training/47331705/47331705_frames/lowres_depth/47331705_9720.353.png,rule,"{""a_concept"": ""table"", ""b_concept"": ""sofa"", ""a_centroid_x"": 48.69639472832589, ""b_centroid_x"": 152.16768307832487, ""horizontal_gap_px"": 103.47128834999899, ""image_width"": 256}"
train_000444,41126546/4796.633,41126546,lidar,unknown,train,existence,positive,4,Is a cabinet present in this scene?,,yes,yes_no,yes|no,ARKitScenes/3dod/Training/41126546/41126546_frames/lowres_wide/41126546_4796.633.png,ARKitScenes/3dod/Training/41126546/41126546_frames/lowres_depth/41126546_4796.633.png,rule,"{""concept"": ""cabinet"", ""object_index"": 1, ""area_frac"": 0.1288956558498151}"
train_000445,47430637/322959.097,47430637,lidar,unknown,train,existence,negative,5,Is there any shelf visible in the image?,,no,yes_no,yes|no,ARKitScenes/3dod/Training/47430637/47430637_frames/lowres_wide/47430637_322959.097.png,ARKitScenes/3dod/Training/47430637/47430637_frames/lowres_depth/47430637_322959.097.png,rule,"{""concept"": ""shelf"", ""reason"": ""category_or_scene_type_plausible""}"
train_000446,47333175/44100.882,47333175,lidar,unknown,train,existence,negative,2,Does this room contain a shelf?,,no,yes_no,yes|no,ARKitScenes/3dod/Training/47333175/47333175_frames/lowres_wide/47333175_44100.882.png,ARKitScenes/3dod/Training/47333175/47333175_frames/lowres_depth/47333175_44100.882.png,rule,"{""concept"": ""shelf"", ""reason"": ""category_or_scene_type_plausible""}"
train_000447,47895824/1219909.892,47895824,lidar,unknown,train,relative_depth,farther,3,"Which object is farther from the camera, the cabinet or the table?",,table,choice,cabinet|table,ARKitScenes/3dod/Training/47895824/47895824_frames/lowres_wide/47895824_1219909.892.png,ARKitScenes/3dod/Training/47895824/47895824_frames/lowres_depth/47895824_1219909.892.png,rule,"{""a_concept"": ""cabinet"", ""a_depth_m"": 1.2100000381469727, ""b_concept"": ""table"", ""b_depth_m"": 2.1700000762939453, ""comparative"": ""farther"", ""answer_concept"": ""table""}"
train_000448,48018426/395675.219,48018426,lidar,unknown,train,nearest_object,,2,What sits closest to the cabinet?,,shelf,object,,ARKitScenes/3dod/Training/48018426/48018426_frames/lowres_wide/48018426_395675.219.png,ARKitScenes/3dod/Training/48018426/48018426_frames/lowres_depth/48018426_395675.219.png,rule,"{""anchor_concept"": ""cabinet"", ""anchor_object_index"": 2, ""answer_concept"": ""shelf"", ""answer_object_index"": 3, ""nearest_distance_m"": 0.992, ""second_nearest_distance_m"": 1.429}"
train_000449,43828402/88423.109,43828402,lidar,unknown,train,identify_superlative,farthest_camera,2,"Among the furniture and items in the room, not the walls, floor, or ceiling, which is farthest from where the picture was taken?",,cabinet,object,,ARKitScenes/3dod/Training/43828402/43828402_frames/lowres_wide/43828402_88423.109.png,ARKitScenes/3dod/Training/43828402/43828402_frames/lowres_depth/43828402_88423.109.png,rule,"{""winner_concept"": ""cabinet"", ""winner_object_index"": 3, ""winner_area_frac"": 0.1121346083377089, ""winner_depth_m"": 1.8309999704360962, ""runner_up_concept"": null, ""runner_up_area_frac"": null, ""runner_up_depth_m"": null}"
train_000450,47330996/177051.900,47330996,lidar,unknown,train,nearest_object,,2,What sits closest to the oven?,,shelf,object,,ARKitScenes/3dod/Training/47330996/47330996_frames/lowres_wide/47330996_177051.900.png,ARKitScenes/3dod/Training/47330996/47330996_frames/lowres_depth/47330996_177051.900.png,rule,"{""anchor_concept"": ""oven"", ""anchor_object_index"": 16, ""answer_concept"": ""shelf"", ""answer_object_index"": 19, ""nearest_distance_m"": 0.11, ""second_nearest_distance_m"": 0.388}"
train_000451,44796236/3173.034,44796236,lidar,unknown,train,nearest_object,,5,Which object is closest in distance to the table?,,cabinet,object,,ARKitScenes/3dod/Training/44796236/44796236_frames/lowres_wide/44796236_3173.034.png,ARKitScenes/3dod/Training/44796236/44796236_frames/lowres_depth/44796236_3173.034.png,rule,"{""anchor_concept"": ""table"", ""anchor_object_index"": 0, ""answer_concept"": ""cabinet"", ""answer_object_index"": 7, ""nearest_distance_m"": 0.435, ""second_nearest_distance_m"": 1.018}"
train_000452,47332197/263671.362,47332197,lidar,unknown,train,nearest_object,,1,Which object is nearest to the stool?,,toilet,object,,ARKitScenes/3dod/Training/47332197/47332197_frames/lowres_wide/47332197_263671.362.png,ARKitScenes/3dod/Training/47332197/47332197_frames/lowres_depth/47332197_263671.362.png,rule,"{""anchor_concept"": ""stool"", ""anchor_object_index"": 3, ""answer_concept"": ""toilet"", ""answer_object_index"": 2, ""nearest_distance_m"": 0.183, ""second_nearest_distance_m"": 1.011}"
train_000453,47204786/27303.198,47204786,lidar,unknown,train,left_right,,1,"Relative to the television, is the shelf on the left or the right?",,right,choice,left|right,ARKitScenes/3dod/Training/47204786/47204786_frames/lowres_wide/47204786_27303.198.png,ARKitScenes/3dod/Training/47204786/47204786_frames/lowres_depth/47204786_27303.198.png,rule,"{""a_concept"": ""shelf"", ""b_concept"": ""television"", ""a_centroid_x"": 174.0797858363689, ""b_centroid_x"": 70.50742065090932, ""horizontal_gap_px"": 103.57236518545957, ""image_width"": 256}"
train_000454,45261061/14560.021,45261061,lidar,unknown,train,nearest_object,,3,Which item is positioned nearest to the sofa?,,fireplace,object,,ARKitScenes/3dod/Training/45261061/45261061_frames/lowres_wide/45261061_14560.021.png,ARKitScenes/3dod/Training/45261061/45261061_frames/lowres_depth/45261061_14560.021.png,rule,"{""anchor_concept"": ""sofa"", ""anchor_object_index"": 1, ""answer_concept"": ""fireplace"", ""answer_object_index"": 4, ""nearest_distance_m"": 1.727, ""second_nearest_distance_m"": 2.709}"
train_000455,45261066/14520.820,45261066,lidar,unknown,train,identify_superlative,farthest_camera,2,"Among the furniture and items in the room, not the walls, floor, or ceiling, which is farthest from where the picture was taken?",,sofa,object,,ARKitScenes/3dod/Training/45261066/45261066_frames/lowres_wide/45261066_14520.820.png,ARKitScenes/3dod/Training/45261066/45261066_frames/lowres_depth/45261066_14520.820.png,rule,"{""winner_concept"": ""sofa"", ""winner_object_index"": 2, ""winner_area_frac"": 0.19335920002804682, ""winner_depth_m"": 2.578000068664551, ""runner_up_concept"": null, ""runner_up_area_frac"": null, ""runner_up_depth_m"": null}"
train_000456,48018542/829017.513,48018542,lidar,unknown,train,left_right,,2,"Looking at the toilet, is the sink positioned on its left or right?",,left,choice,left|right,ARKitScenes/3dod/Training/48018542/48018542_frames/lowres_wide/48018542_829017.513.png,ARKitScenes/3dod/Training/48018542/48018542_frames/lowres_depth/48018542_829017.513.png,rule,"{""a_concept"": ""sink"", ""b_concept"": ""toilet"", ""a_centroid_x"": 3.0338019592667296, ""b_centroid_x"": 114.17512046197442, ""horizontal_gap_px"": 111.14131850270769, ""image_width"": 256}"
train_000457,45261527/45678.357,45261527,lidar,unknown,train,left_right,,4,"Which side of the cabinet is the shelf on, left or right?",,right,choice,left|right,ARKitScenes/3dod/Training/45261527/45261527_frames/lowres_wide/45261527_45678.357.png,ARKitScenes/3dod/Training/45261527/45261527_frames/lowres_depth/45261527_45678.357.png,rule,"{""a_concept"": ""shelf"", ""b_concept"": ""cabinet"", ""a_centroid_x"": 107.58376288457711, ""b_centroid_x"": 30.765554240922995, ""horizontal_gap_px"": 76.81820864365412, ""image_width"": 256}"
train_000458,42445670/60968.135,42445670,lidar,unknown,train,existence,positive,3,Can you spot a shelf in the picture?,,yes,yes_no,yes|no,ARKitScenes/3dod/Training/42445670/42445670_frames/lowres_wide/42445670_60968.135.png,ARKitScenes/3dod/Training/42445670/42445670_frames/lowres_depth/42445670_60968.135.png,rule,"{""concept"": ""shelf"", ""object_index"": 6, ""area_frac"": 0.2837649639869005}"
train_000459,45662791/12795.792,45662791,lidar,unknown,train,existence,negative,3,Can you spot a bathtub in the picture?,,no,yes_no,yes|no,ARKitScenes/3dod/Training/45662791/45662791_frames/lowres_wide/45662791_12795.792.png,ARKitScenes/3dod/Training/45662791/45662791_frames/lowres_depth/45662791_12795.792.png,rule,"{""concept"": ""bathtub"", ""reason"": ""category_or_scene_type_plausible""}"
train_000460,48018412/394260.747,48018412,lidar,unknown,train,relative_depth,farther,0,"Which is farther from the camera, the sink or the stove?",,stove,choice,sink|stove,ARKitScenes/3dod/Training/48018412/48018412_frames/lowres_wide/48018412_394260.747.png,ARKitScenes/3dod/Training/48018412/48018412_frames/lowres_depth/48018412_394260.747.png,rule,"{""a_concept"": ""stove"", ""a_depth_m"": 1.562000036239624, ""b_concept"": ""sink"", ""b_depth_m"": 0.9010000228881836, ""comparative"": ""farther"", ""answer_concept"": ""stove""}"
train_000461,47430452/1938.661,47430452,lidar,unknown,train,nearest_object,,3,Which item is positioned nearest to the television?,,table,object,,ARKitScenes/3dod/Training/47430452/47430452_frames/lowres_wide/47430452_1938.661.png,ARKitScenes/3dod/Training/47430452/47430452_frames/lowres_depth/47430452_1938.661.png,rule,"{""anchor_concept"": ""television"", ""anchor_object_index"": 6, ""answer_concept"": ""table"", ""answer_object_index"": 5, ""nearest_distance_m"": 0.544, ""second_nearest_distance_m"": 0.986}"
train_000462,47331705/9710.557,47331705,lidar,unknown,train,existence,negative,3,Can you spot a cabinet in the picture?,,no,yes_no,yes|no,ARKitScenes/3dod/Training/47331705/47331705_frames/lowres_wide/47331705_9710.557.png,ARKitScenes/3dod/Training/47331705/47331705_frames/lowres_depth/47331705_9710.557.png,rule,"{""concept"": ""cabinet"", ""reason"": ""category_or_scene_type_plausible""}"
train_000463,42899305/218488.149,42899305,lidar,unknown,train,identify_superlative,closest_camera,1,"Excluding the walls, floor, and ceiling, what is the nearest object to the camera?",,sofa,object,,ARKitScenes/3dod/Training/42899305/42899305_frames/lowres_wide/42899305_218488.149.png,ARKitScenes/3dod/Training/42899305/42899305_frames/lowres_depth/42899305_218488.149.png,rule,"{""winner_concept"": ""sofa"", ""winner_object_index"": 1, ""winner_area_frac"": 0.21836392494965837, ""winner_depth_m"": 1.6690000295639038, ""runner_up_concept"": null, ""runner_up_area_frac"": null, ""runner_up_depth_m"": null}"
train_000464,48458260/74323.070,48458260,lidar,unknown,train,left_right,,5,"From the chair, which direction is the shelf in, left or right?",,left,choice,left|right,ARKitScenes/3dod/Training/48458260/48458260_frames/lowres_wide/48458260_74323.070.png,ARKitScenes/3dod/Training/48458260/48458260_frames/lowres_depth/48458260_74323.070.png,rule,"{""a_concept"": ""shelf"", ""b_concept"": ""chair"", ""a_centroid_x"": 158.56605728059316, ""b_centroid_x"": 252.31593255928652, ""horizontal_gap_px"": 93.74987527869337, ""image_width"": 256}"
train_000465,42897890/345003.425,42897890,lidar,unknown,train,nearest_object,,3,Which item is positioned nearest to the table?,,television,object,,ARKitScenes/3dod/Training/42897890/42897890_frames/lowres_wide/42897890_345003.425.png,ARKitScenes/3dod/Training/42897890/42897890_frames/lowres_depth/42897890_345003.425.png,rule,"{""anchor_concept"": ""table"", ""anchor_object_index"": 7, ""answer_concept"": ""television"", ""answer_object_index"": 9, ""nearest_distance_m"": 0.299, ""second_nearest_distance_m"": 0.39}"
train_000466,47331491/153112.128,47331491,lidar,unknown,train,identify_superlative,closest_camera,0,"Not counting the walls, floor, or ceiling, which object is closest to the camera?",,table,object,,ARKitScenes/3dod/Training/47331491/47331491_frames/lowres_wide/47331491_153112.128.png,ARKitScenes/3dod/Training/47331491/47331491_frames/lowres_depth/47331491_153112.128.png,rule,"{""winner_concept"": ""table"", ""winner_object_index"": 6, ""winner_area_frac"": 0.2462225698802215, ""winner_depth_m"": 0.9890000224113464, ""runner_up_concept"": ""sofa"", ""runner_up_area_frac"": 0.6416586332798625, ""runner_up_depth_m"": 1.843999981880188}"
train_000467,42898041/222082.239,42898041,lidar,unknown,train,identify_superlative,farthest_camera,1,"Excluding the walls, floor, and ceiling, what is the most distant object from the camera?",,cabinet,object,,ARKitScenes/3dod/Training/42898041/42898041_frames/lowres_wide/42898041_222082.239.png,ARKitScenes/3dod/Training/42898041/42898041_frames/lowres_depth/42898041_222082.239.png,rule,"{""winner_concept"": ""cabinet"", ""winner_object_index"": 8, ""winner_area_frac"": 0.2807056742655425, ""winner_depth_m"": 1.5700000524520874, ""runner_up_concept"": null, ""runner_up_area_frac"": null, ""runner_up_depth_m"": null}"
train_000468,47333771/58105.270,47333771,lidar,unknown,train,left_right,,0,Is the bed to the left or to the right of the cabinet?,,left,choice,left|right,ARKitScenes/3dod/Training/47333771/47333771_frames/lowres_wide/47333771_58105.270.png,ARKitScenes/3dod/Training/47333771/47333771_frames/lowres_depth/47333771_58105.270.png,rule,"{""a_concept"": ""bed"", ""b_concept"": ""cabinet"", ""a_centroid_x"": 77.75135486698862, ""b_centroid_x"": 173.22054173259306, ""horizontal_gap_px"": 95.46918686560444, ""image_width"": 256}"
train_000469,48018412/394260.747,48018412,lidar,unknown,train,left_right,,0,Is the stove to the left or to the right of the sink?,,left,choice,left|right,ARKitScenes/3dod/Training/48018412/48018412_frames/lowres_wide/48018412_394260.747.png,ARKitScenes/3dod/Training/48018412/48018412_frames/lowres_depth/48018412_394260.747.png,rule,"{""a_concept"": ""stove"", ""b_concept"": ""sink"", ""a_centroid_x"": 149.22740842478765, ""b_centroid_x"": 229.68486981415114, ""horizontal_gap_px"": 80.45746138936349, ""image_width"": 256}"
train_000470,47430328/271278.322,47430328,lidar,unknown,train,nearest_object,,1,Which object is nearest to the cabinet?,,sink,object,,ARKitScenes/3dod/Training/47430328/47430328_frames/lowres_wide/47430328_271278.322.png,ARKitScenes/3dod/Training/47430328/47430328_frames/lowres_depth/47430328_271278.322.png,rule,"{""anchor_concept"": ""cabinet"", ""anchor_object_index"": 1, ""answer_concept"": ""sink"", ""answer_object_index"": 2, ""nearest_distance_m"": 0.056, ""second_nearest_distance_m"": 1.076}"
train_000471,42446068/80646.492,42446068,lidar,unknown,train,left_right,,3,Is the bathtub on the left side or the right side of the cabinet?,,right,choice,left|right,ARKitScenes/3dod/Training/42446068/42446068_frames/lowres_wide/42446068_80646.492.png,ARKitScenes/3dod/Training/42446068/42446068_frames/lowres_depth/42446068_80646.492.png,rule,"{""a_concept"": ""bathtub"", ""b_concept"": ""cabinet"", ""a_centroid_x"": 241.95660898605354, ""b_centroid_x"": 124.07861158741741, ""horizontal_gap_px"": 117.87799739863613, ""image_width"": 256}"
train_000472,47895206/40030.764,47895206,lidar,unknown,train,left_right,,0,Is the stove to the left or to the right of the oven?,,left,choice,left|right,ARKitScenes/3dod/Training/47895206/47895206_frames/lowres_wide/47895206_40030.764.png,ARKitScenes/3dod/Training/47895206/47895206_frames/lowres_depth/47895206_40030.764.png,rule,"{""a_concept"": ""stove"", ""b_concept"": ""oven"", ""a_centroid_x"": 27.390529203900254, ""b_centroid_x"": 112.34126801156074, ""horizontal_gap_px"": 84.95073880766049, ""image_width"": 256}"
train_000473,45663322/77602.285,45663322,lidar,unknown,train,existence,negative,0,Is there a sofa in this room?,,no,yes_no,yes|no,ARKitScenes/3dod/Training/45663322/45663322_frames/lowres_wide/45663322_77602.285.png,ARKitScenes/3dod/Training/45663322/45663322_frames/lowres_depth/45663322_77602.285.png,rule,"{""concept"": ""sofa"", ""reason"": ""category_or_scene_type_plausible""}"
train_000474,47332081/251803.991,47332081,lidar,unknown,train,identify_superlative,farthest_camera,1,"Excluding the walls, floor, and ceiling, what is the most distant object from the camera?",,sofa,object,,ARKitScenes/3dod/Training/47332081/47332081_frames/lowres_wide/47332081_251803.991.png,ARKitScenes/3dod/Training/47332081/47332081_frames/lowres_depth/47332081_251803.991.png,rule,"{""winner_concept"": ""sofa"", ""winner_object_index"": 2, ""winner_area_frac"": 0.41564940613957163, ""winner_depth_m"": 1.1710000038146973, ""runner_up_concept"": null, ""runner_up_area_frac"": null, ""runner_up_depth_m"": null}"
train_000475,42445677/61052.134,42445677,lidar,unknown,train,existence,positive,2,Does this room contain a shelf?,,yes,yes_no,yes|no,ARKitScenes/3dod/Training/42445677/42445677_frames/lowres_wide/42445677_61052.134.png,ARKitScenes/3dod/Training/42445677/42445677_frames/lowres_depth/42445677_61052.134.png,rule,"{""concept"": ""shelf"", ""object_index"": 6, ""area_frac"": 0.48690447498652073}"
train_000476,45663064/38437.903,45663064,lidar,unknown,train,relative_depth,closer,1,"Between the cabinet and the chair, which one is closer to the camera?",,chair,choice,cabinet|chair,ARKitScenes/3dod/Training/45663064/45663064_frames/lowres_wide/45663064_38437.903.png,ARKitScenes/3dod/Training/45663064/45663064_frames/lowres_depth/45663064_38437.903.png,rule,"{""a_concept"": ""cabinet"", ""a_depth_m"": 2.1579999923706055, ""b_concept"": ""chair"", ""b_depth_m"": 1.7235000133514404, ""comparative"": ""closer"", ""answer_concept"": ""chair""}"
train_000477,42899111/128752.996,42899111,lidar,unknown,train,identify_superlative,farthest_camera,1,"Excluding the walls, floor, and ceiling, what is the most distant object from the camera?",,table,object,,ARKitScenes/3dod/Training/42899111/42899111_frames/lowres_wide/42899111_128752.996.png,ARKitScenes/3dod/Training/42899111/42899111_frames/lowres_depth/42899111_128752.996.png,rule,"{""winner_concept"": ""table"", ""winner_object_index"": 15, ""winner_area_frac"": 0.11605690848031969, ""winner_depth_m"": 0.890999972820282, ""runner_up_concept"": null, ""runner_up_area_frac"": null, ""runner_up_depth_m"": null}"
train_000478,47115260/115049.781,47115260,lidar,unknown,train,left_right,,5,"From the chair, which direction is the cabinet in, left or right?",,left,choice,left|right,ARKitScenes/3dod/Training/47115260/47115260_frames/lowres_wide/47115260_115049.781.png,ARKitScenes/3dod/Training/47115260/47115260_frames/lowres_depth/47115260_115049.781.png,rule,"{""a_concept"": ""cabinet"", ""b_concept"": ""chair"", ""a_centroid_x"": 66.49557510259741, ""b_centroid_x"": 133.45316429146865, ""horizontal_gap_px"": 66.95758918887124, ""image_width"": 256}"
train_000479,42446068/80625.184,42446068,lidar,unknown,train,relative_depth,farther,1,"Between the cabinet and the bathtub, which one is farther from the camera?",,bathtub,choice,cabinet|bathtub,ARKitScenes/3dod/Training/42446068/42446068_frames/lowres_wide/42446068_80625.184.png,ARKitScenes/3dod/Training/42446068/42446068_frames/lowres_depth/42446068_80625.184.png,rule,"{""a_concept"": ""bathtub"", ""a_depth_m"": 2.938999891281128, ""b_concept"": ""cabinet"", ""b_depth_m"": 2.1519999504089355, ""comparative"": ""farther"", ""answer_concept"": ""bathtub""}"
train_000480,47430248/182334.699,47430248,lidar,unknown,train,left_right,,1,"Relative to the sofa, is the chair on the left or the right?",,left,choice,left|right,ARKitScenes/3dod/Training/47430248/47430248_frames/lowres_wide/47430248_182334.699.png,ARKitScenes/3dod/Training/47430248/47430248_frames/lowres_depth/47430248_182334.699.png,rule,"{""a_concept"": ""chair"", ""b_concept"": ""sofa"", ""a_centroid_x"": 107.1790775182986, ""b_centroid_x"": 220.550472093101, ""horizontal_gap_px"": 113.37139457480241, ""image_width"": 256}"
train_000481,41048247/4187.167,41048247,lidar,unknown,train,left_right,,4,"Which side of the bathtub is the toilet on, left or right?",,right,choice,left|right,ARKitScenes/3dod/Training/41048247/41048247_frames/lowres_wide/41048247_4187.167.png,ARKitScenes/3dod/Training/41048247/41048247_frames/lowres_depth/41048247_4187.167.png,rule,"{""a_concept"": ""toilet"", ""b_concept"": ""bathtub"", ""a_centroid_x"": 106.91963883750238, ""b_centroid_x"": 66.9136964470815, ""horizontal_gap_px"": 40.00594239042087, ""image_width"": 256}"
train_000482,47204377/18057.836,47204377,lidar,unknown,train,identify_superlative,farthest_camera,1,"Excluding the walls, floor, and ceiling, what is the most distant object from the camera?",,sofa,object,,ARKitScenes/3dod/Training/47204377/47204377_frames/lowres_wide/47204377_18057.836.png,ARKitScenes/3dod/Training/47204377/47204377_frames/lowres_depth/47204377_18057.836.png,rule,"{""winner_concept"": ""sofa"", ""winner_object_index"": 0, ""winner_area_frac"": 0.021740079807956864, ""winner_depth_m"": 2.4100000858306885, ""runner_up_concept"": null, ""runner_up_area_frac"": null, ""runner_up_depth_m"": null}"
train_000483,45261329/24130.142,45261329,lidar,unknown,train,identify_superlative,closest_camera,0,"Not counting the walls, floor, or ceiling, which object is closest to the camera?",,sink,object,,ARKitScenes/3dod/Training/45261329/45261329_frames/lowres_wide/45261329_24130.142.png,ARKitScenes/3dod/Training/45261329/45261329_frames/lowres_depth/45261329_24130.142.png,rule,"{""winner_concept"": ""sink"", ""winner_object_index"": 0, ""winner_area_frac"": 0.12605103485291638, ""winner_depth_m"": 1.0199999809265137, ""runner_up_concept"": null, ""runner_up_area_frac"": null, ""runner_up_depth_m"": null}"
train_000484,45261407/29675.119,45261407,lidar,unknown,train,existence,positive,2,Does this room contain a cabinet?,,yes,yes_no,yes|no,ARKitScenes/3dod/Training/45261407/45261407_frames/lowres_wide/45261407_29675.119.png,ARKitScenes/3dod/Training/45261407/45261407_frames/lowres_depth/45261407_29675.119.png,rule,"{""concept"": ""cabinet"", ""object_index"": 5, ""area_frac"": 0.33118372715040356}"
train_000485,44358306/17419.240,44358306,lidar,unknown,train,left_right,,2,"Looking at the shelf, is the cabinet positioned on its left or right?",,right,choice,left|right,ARKitScenes/3dod/Training/44358306/44358306_frames/lowres_wide/44358306_17419.240.png,ARKitScenes/3dod/Training/44358306/44358306_frames/lowres_depth/44358306_17419.240.png,rule,"{""a_concept"": ""cabinet"", ""b_concept"": ""shelf"", ""a_centroid_x"": 158.84469893140945, ""b_centroid_x"": 61.31485347870592, ""horizontal_gap_px"": 97.52984545270354, ""image_width"": 256}"
train_000486,42445927/77965.579,42445927,lidar,unknown,train,identify_superlative,closest_camera,4,"Not counting the room's walls, floor, or ceiling, which object is closest to us in this image?",,bathtub,object,,ARKitScenes/3dod/Training/42445927/42445927_frames/lowres_wide/42445927_77965.579.png,ARKitScenes/3dod/Training/42445927/42445927_frames/lowres_depth/42445927_77965.579.png,rule,"{""winner_concept"": ""bathtub"", ""winner_object_index"": 0, ""winner_area_frac"": 0.07104260449528746, ""winner_depth_m"": 2.0420000553131104, ""runner_up_concept"": null, ""runner_up_area_frac"": null, ""runner_up_depth_m"": null}"
train_000487,47430213/688605.261,47430213,lidar,unknown,train,identify_superlative,farthest_camera,5,"Excluding the walls, floor, and ceiling, what is the most distant visible object in the scene?",,sink,object,,ARKitScenes/3dod/Training/47430213/47430213_frames/lowres_wide/47430213_688605.261.png,ARKitScenes/3dod/Training/47430213/47430213_frames/lowres_depth/47430213_688605.261.png,rule,"{""winner_concept"": ""sink"", ""winner_object_index"": 12, ""winner_area_frac"": 0.008909640447787765, ""winner_depth_m"": 1.1959999799728394, ""runner_up_concept"": null, ""runner_up_area_frac"": null, ""runner_up_depth_m"": null}"
train_000488,42898444/2737.165,42898444,lidar,unknown,train,identify_superlative,farthest_camera,2,"Among the furniture and items in the room, not the walls, floor, or ceiling, which is farthest from where the picture was taken?",,table,object,,ARKitScenes/3dod/Training/42898444/42898444_frames/lowres_wide/42898444_2737.165.png,ARKitScenes/3dod/Training/42898444/42898444_frames/lowres_depth/42898444_2737.165.png,rule,"{""winner_concept"": ""table"", ""winner_object_index"": 5, ""winner_area_frac"": 0.12371415815469744, ""winner_depth_m"": 1.5820000171661377, ""runner_up_concept"": null, ""runner_up_area_frac"": null, ""runner_up_depth_m"": null}"
train_000489,42898236/167719.046,42898236,lidar,unknown,train,left_right,,1,"Relative to the fireplace, is the sofa on the left or the right?",,right,choice,left|right,ARKitScenes/3dod/Training/42898236/42898236_frames/lowres_wide/42898236_167719.046.png,ARKitScenes/3dod/Training/42898236/42898236_frames/lowres_depth/42898236_167719.046.png,rule,"{""a_concept"": ""sofa"", ""b_concept"": ""fireplace"", ""a_centroid_x"": 110.51861029416331, ""b_centroid_x"": 76.69194606802809, ""horizontal_gap_px"": 33.82666422613522, ""image_width"": 256}"
train_000490,42899430/188144.851,42899430,lidar,unknown,train,left_right,,0,Is the chair to the left or to the right of the stool?,,left,choice,left|right,ARKitScenes/3dod/Training/42899430/42899430_frames/lowres_wide/42899430_188144.851.png,ARKitScenes/3dod/Training/42899430/42899430_frames/lowres_depth/42899430_188144.851.png,rule,"{""a_concept"": ""chair"", ""b_concept"": ""stool"", ""a_centroid_x"": 22.55459863092876, ""b_centroid_x"": 130.5490419896532, ""horizontal_gap_px"": 107.99444335872445, ""image_width"": 256}"
train_000491,47115227/95921.254,47115227,lidar,unknown,train,relative_depth,farther,2,Is the cabinet or the fireplace farther from the camera?,,fireplace,choice,cabinet|fireplace,ARKitScenes/3dod/Training/47115227/47115227_frames/lowres_wide/47115227_95921.254.png,ARKitScenes/3dod/Training/47115227/47115227_frames/lowres_depth/47115227_95921.254.png,rule,"{""a_concept"": ""cabinet"", ""a_depth_m"": 1.4420000314712524, ""b_concept"": ""fireplace"", ""b_depth_m"": 2.375, ""comparative"": ""farther"", ""answer_concept"": ""fireplace""}"
train_000492,44796464/3512.740,44796464,lidar,unknown,train,identify_superlative,farthest_camera,1,"Excluding the walls, floor, and ceiling, what is the most distant object from the camera?",,sink,object,,ARKitScenes/3dod/Training/44796464/44796464_frames/lowres_wide/44796464_3512.740.png,ARKitScenes/3dod/Training/44796464/44796464_frames/lowres_depth/44796464_3512.740.png,rule,"{""winner_concept"": ""sink"", ""winner_object_index"": 2, ""winner_area_frac"": 0.030948138885039448, ""winner_depth_m"": 2.7890000343322754, ""runner_up_concept"": null, ""runner_up_area_frac"": null, ""runner_up_depth_m"": null}"
train_000493,47204786/27390.295,47204786,lidar,unknown,train,existence,positive,4,Is a shelf present in this scene?,,yes,yes_no,yes|no,ARKitScenes/3dod/Training/47204786/47204786_frames/lowres_wide/47204786_27390.295.png,ARKitScenes/3dod/Training/47204786/47204786_frames/lowres_depth/47204786_27390.295.png,rule,"{""concept"": ""shelf"", ""object_index"": 11, ""area_frac"": 0.2994921526785485}"
train_000494,47332241/756816.527,47332241,lidar,unknown,train,existence,positive,4,Is a cabinet present in this scene?,,yes,yes_no,yes|no,ARKitScenes/3dod/Training/47332241/47332241_frames/lowres_wide/47332241_756816.527.png,ARKitScenes/3dod/Training/47332241/47332241_frames/lowres_depth/47332241_756816.527.png,rule,"{""concept"": ""cabinet"", ""object_index"": 11, ""area_frac"": 0.019758866690452872}"
train_000495,41159823/86643.802,41159823,lidar,unknown,train,relative_depth,farther,2,Is the sink or the toilet farther from the camera?,,sink,choice,sink|toilet,ARKitScenes/3dod/Training/41159823/41159823_frames/lowres_wide/41159823_86643.802.png,ARKitScenes/3dod/Training/41159823/41159823_frames/lowres_depth/41159823_86643.802.png,rule,"{""a_concept"": ""toilet"", ""a_depth_m"": 2.180999994277954, ""b_concept"": ""sink"", ""b_depth_m"": 2.756999969482422, ""comparative"": ""farther"", ""answer_concept"": ""sink""}"
train_000496,42898427/1133.547,42898427,lidar,unknown,train,identify_superlative,closest_camera,0,"Not counting the walls, floor, or ceiling, which object is closest to the camera?",,sofa,object,,ARKitScenes/3dod/Training/42898427/42898427_frames/lowres_wide/42898427_1133.547.png,ARKitScenes/3dod/Training/42898427/42898427_frames/lowres_depth/42898427_1133.547.png,rule,"{""winner_concept"": ""sofa"", ""winner_object_index"": 0, ""winner_area_frac"": 0.12674537249708082, ""winner_depth_m"": 2.0369999408721924, ""runner_up_concept"": null, ""runner_up_area_frac"": null, ""runner_up_depth_m"": null}"
train_000497,41126744/2995.414,41126744,lidar,unknown,train,relative_depth,closer,4,"Of the sink and the toilet, which is closer?",,sink,choice,sink|toilet,ARKitScenes/3dod/Training/41126744/41126744_frames/lowres_wide/41126744_2995.414.png,ARKitScenes/3dod/Training/41126744/41126744_frames/lowres_depth/41126744_2995.414.png,rule,"{""a_concept"": ""sink"", ""a_depth_m"": 0.9824999570846558, ""b_concept"": ""toilet"", ""b_depth_m"": 1.3109999895095825, ""comparative"": ""closer"", ""answer_concept"": ""sink""}"
train_000498,43895917/111338.458,43895917,lidar,unknown,train,nearest_object,,3,Which item is positioned nearest to the table?,,bathtub,object,,ARKitScenes/3dod/Training/43895917/43895917_frames/lowres_wide/43895917_111338.458.png,ARKitScenes/3dod/Training/43895917/43895917_frames/lowres_depth/43895917_111338.458.png,rule,"{""anchor_concept"": ""table"", ""anchor_object_index"": 2, ""answer_concept"": ""bathtub"", ""answer_object_index"": 0, ""nearest_distance_m"": 0.119, ""second_nearest_distance_m"": 1.343}"
train_000499,42444855/94901.624,42444855,lidar,unknown,train,relative_depth,closer,5,"Which one is closer, the television or the chair?",,television,choice,television|chair,ARKitScenes/3dod/Training/42444855/42444855_frames/lowres_wide/42444855_94901.624.png,ARKitScenes/3dod/Training/42444855/42444855_frames/lowres_depth/42444855_94901.624.png,rule,"{""a_concept"": ""television"", ""a_depth_m"": 1.6929999589920044, ""b_concept"": ""chair"", ""b_depth_m"": 2.1710000038146973, ""comparative"": ""closer"", ""answer_concept"": ""television""}"
train_000500,45261397/29174.671,45261397,lidar,unknown,train,existence,positive,0,Is there a shelf in this room?,,yes,yes_no,yes|no,ARKitScenes/3dod/Training/45261397/45261397_frames/lowres_wide/45261397_29174.671.png,ARKitScenes/3dod/Training/45261397/45261397_frames/lowres_depth/45261397_29174.671.png,rule,"{""concept"": ""shelf"", ""object_index"": 2, ""area_frac"": 0.37627715690294466}"
train_000501,47334267/156755.894,47334267,lidar,unknown,train,identify_superlative,farthest_camera,4,"Not counting the room's walls, floor, or ceiling, which object is farthest away in this image?",,chair,object,,ARKitScenes/3dod/Training/47334267/47334267_frames/lowres_wide/47334267_156755.894.png,ARKitScenes/3dod/Training/47334267/47334267_frames/lowres_depth/47334267_156755.894.png,rule,"{""winner_concept"": ""chair"", ""winner_object_index"": 25, ""winner_area_frac"": 0.05060463051842831, ""winner_depth_m"": 4.421000003814697, ""runner_up_concept"": null, ""runner_up_area_frac"": null, ""runner_up_depth_m"": null}"
train_000502,41159623/55593.231,41159623,lidar,unknown,train,left_right,,2,"Looking at the television, is the fireplace positioned on its left or right?",,right,choice,left|right,ARKitScenes/3dod/Training/41159623/41159623_frames/lowres_wide/41159623_55593.231.png,ARKitScenes/3dod/Training/41159623/41159623_frames/lowres_depth/41159623_55593.231.png,rule,"{""a_concept"": ""fireplace"", ""b_concept"": ""television"", ""a_centroid_x"": 141.1449668372066, ""b_centroid_x"": 41.87346061883663, ""horizontal_gap_px"": 99.27150621836996, ""image_width"": 256}"
train_000503,42898689/577273.127,42898689,lidar,unknown,train,identify_superlative,farthest_camera,2,"Among the furniture and items in the room, not the walls, floor, or ceiling, which is farthest from where the picture was taken?",,shelf,object,,ARKitScenes/3dod/Training/42898689/42898689_frames/lowres_wide/42898689_577273.127.png,ARKitScenes/3dod/Training/42898689/42898689_frames/lowres_depth/42898689_577273.127.png,rule,"{""winner_concept"": ""shelf"", ""winner_object_index"": 3, ""winner_area_frac"": 0.13839797729808392, ""winner_depth_m"": 1.2100000381469727, ""runner_up_concept"": null, ""runner_up_area_frac"": null, ""runner_up_depth_m"": null}"
train_000504,45261407/29675.119,45261407,lidar,unknown,train,relative_depth,farther,0,"Which is farther from the camera, the sofa or the cabinet?",,cabinet,choice,sofa|cabinet,ARKitScenes/3dod/Training/45261407/45261407_frames/lowres_wide/45261407_29675.119.png,ARKitScenes/3dod/Training/45261407/45261407_frames/lowres_depth/45261407_29675.119.png,rule,"{""a_concept"": ""sofa"", ""a_depth_m"": 1.3300000429153442, ""b_concept"": ""cabinet"", ""b_depth_m"": 1.6349999904632568, ""comparative"": ""farther"", ""answer_concept"": ""cabinet""}"
train_000505,48458762/141727.864,48458762,lidar,unknown,train,nearest_object,,4,What is right next to the table?,,cabinet,object,,ARKitScenes/3dod/Training/48458762/48458762_frames/lowres_wide/48458762_141727.864.png,ARKitScenes/3dod/Training/48458762/48458762_frames/lowres_depth/48458762_141727.864.png,rule,"{""anchor_concept"": ""table"", ""anchor_object_index"": 5, ""answer_concept"": ""cabinet"", ""answer_object_index"": 6, ""nearest_distance_m"": 0.407, ""second_nearest_distance_m"": 0.556}"
train_000506,41098000/9317.693,41098000,lidar,unknown,train,existence,negative,4,Is a cabinet present in this scene?,,no,yes_no,yes|no,ARKitScenes/3dod/Training/41098000/41098000_frames/lowres_wide/41098000_9317.693.png,ARKitScenes/3dod/Training/41098000/41098000_frames/lowres_depth/41098000_9317.693.png,rule,"{""concept"": ""cabinet"", ""reason"": ""category_or_scene_type_plausible""}"
train_000507,44358661/1091.003,44358661,lidar,unknown,train,existence,negative,2,Does this room contain a cabinet?,,no,yes_no,yes|no,ARKitScenes/3dod/Training/44358661/44358661_frames/lowres_wide/44358661_1091.003.png,ARKitScenes/3dod/Training/44358661/44358661_frames/lowres_depth/44358661_1091.003.png,rule,"{""concept"": ""cabinet"", ""reason"": ""category_or_scene_type_plausible""}"
train_000508,48018291/800064.728,48018291,lidar,unknown,train,identify_superlative,farthest_camera,4,"Not counting the room's walls, floor, or ceiling, which object is farthest away in this image?",,washer,object,,ARKitScenes/3dod/Training/48018291/48018291_frames/lowres_wide/48018291_800064.728.png,ARKitScenes/3dod/Training/48018291/48018291_frames/lowres_depth/48018291_800064.728.png,rule,"{""winner_concept"": ""washer"", ""winner_object_index"": 4, ""winner_area_frac"": 0.09207287464093171, ""winner_depth_m"": 2.0460000038146973, ""runner_up_concept"": null, ""runner_up_area_frac"": null, ""runner_up_depth_m"": null}"
train_000509,47895320/92475.111,47895320,lidar,unknown,train,left_right,,1,"Relative to the stool, is the cabinet on the left or the right?",,right,choice,left|right,ARKitScenes/3dod/Training/47895320/47895320_frames/lowres_wide/47895320_92475.111.png,ARKitScenes/3dod/Training/47895320/47895320_frames/lowres_depth/47895320_92475.111.png,rule,"{""a_concept"": ""cabinet"", ""b_concept"": ""stool"", ""a_centroid_x"": 199.1462590881518, ""b_centroid_x"": 72.08271047039563, ""horizontal_gap_px"": 127.06354861775617, ""image_width"": 256}"
train_000510,44358661/1176.602,44358661,lidar,unknown,train,nearest_object,,4,What is right next to the cabinet?,,shelf,object,,ARKitScenes/3dod/Training/44358661/44358661_frames/lowres_wide/44358661_1176.602.png,ARKitScenes/3dod/Training/44358661/44358661_frames/lowres_depth/44358661_1176.602.png,rule,"{""anchor_concept"": ""cabinet"", ""anchor_object_index"": 14, ""answer_concept"": ""shelf"", ""answer_object_index"": 33, ""nearest_distance_m"": 0.155, ""second_nearest_distance_m"": 3.21}"
train_000511,42898438/2157.960,42898438,lidar,unknown,train,existence,negative,4,Is a television present in this scene?,,no,yes_no,yes|no,ARKitScenes/3dod/Training/42898438/42898438_frames/lowres_wide/42898438_2157.960.png,ARKitScenes/3dod/Training/42898438/42898438_frames/lowres_depth/42898438_2157.960.png,rule,"{""concept"": ""television"", ""reason"": ""category_or_scene_type_plausible""}"
train_000512,47669917/14135.785,47669917,lidar,unknown,train,left_right,,4,"Which side of the chair is the television on, left or right?",,right,choice,left|right,ARKitScenes/3dod/Training/47669917/47669917_frames/lowres_wide/47669917_14135.785.png,ARKitScenes/3dod/Training/47669917/47669917_frames/lowres_depth/47669917_14135.785.png,rule,"{""a_concept"": ""television"", ""b_concept"": ""chair"", ""a_centroid_x"": 165.38206490910312, ""b_centroid_x"": 123.42409144750003, ""horizontal_gap_px"": 41.95797346160309, ""image_width"": 256}"
train_000513,47115137/85884.346,47115137,lidar,unknown,train,left_right,,3,Is the toilet on the left side or the right side of the sink?,,left,choice,left|right,ARKitScenes/3dod/Training/47115137/47115137_frames/lowres_wide/47115137_85884.346.png,ARKitScenes/3dod/Training/47115137/47115137_frames/lowres_depth/47115137_85884.346.png,rule,"{""a_concept"": ""toilet"", ""b_concept"": ""sink"", ""a_centroid_x"": 52.01943815596694, ""b_centroid_x"": 151.52878045293218, ""horizontal_gap_px"": 99.50934229696524, ""image_width"": 256}"
train_000514,47204800/24089.547,47204800,lidar,unknown,train,existence,positive,0,Is there a television in this room?,,yes,yes_no,yes|no,ARKitScenes/3dod/Training/47204800/47204800_frames/lowres_wide/47204800_24089.547.png,ARKitScenes/3dod/Training/47204800/47204800_frames/lowres_depth/47204800_24089.547.png,rule,"{""concept"": ""television"", ""object_index"": 12, ""area_frac"": 0.03742530002916477}"
train_000515,45261407/29654.028,45261407,lidar,unknown,train,left_right,,3,Is the television on the left side or the right side of the cabinet?,,left,choice,left|right,ARKitScenes/3dod/Training/45261407/45261407_frames/lowres_wide/45261407_29654.028.png,ARKitScenes/3dod/Training/45261407/45261407_frames/lowres_depth/45261407_29654.028.png,rule,"{""a_concept"": ""television"", ""b_concept"": ""cabinet"", ""a_centroid_x"": 24.43350424376138, ""b_centroid_x"": 81.08971820013416, ""horizontal_gap_px"": 56.65621395637278, ""image_width"": 256}"
train_000516,47895476/132657.439,47895476,lidar,unknown,train,left_right,,3,Is the table on the left side or the right side of the cabinet?,,right,choice,left|right,ARKitScenes/3dod/Training/47895476/47895476_frames/lowres_wide/47895476_132657.439.png,ARKitScenes/3dod/Training/47895476/47895476_frames/lowres_depth/47895476_132657.439.png,rule,"{""a_concept"": ""table"", ""b_concept"": ""cabinet"", ""a_centroid_x"": 238.58323132763658, ""b_centroid_x"": 210.43735574752682, ""horizontal_gap_px"": 28.14587558010976, ""image_width"": 256}"
train_000517,42444998/45494.558,42444998,lidar,unknown,train,existence,positive,5,Is there any television visible in the image?,,yes,yes_no,yes|no,ARKitScenes/3dod/Training/42444998/42444998_frames/lowres_wide/42444998_45494.558.png,ARKitScenes/3dod/Training/42444998/42444998_frames/lowres_depth/42444998_45494.558.png,rule,"{""concept"": ""television"", ""object_index"": 5, ""area_frac"": 0.21955487243256008}"
train_000518,47115150/86890.920,47115150,lidar,unknown,train,existence,negative,5,Is there any cabinet visible in the image?,,no,yes_no,yes|no,ARKitScenes/3dod/Training/47115150/47115150_frames/lowres_wide/47115150_86890.920.png,ARKitScenes/3dod/Training/47115150/47115150_frames/lowres_depth/47115150_86890.920.png,rule,"{""concept"": ""cabinet"", ""reason"": ""category_or_scene_type_plausible""}"
train_000519,41098151/1191.025,41098151,lidar,unknown,train,existence,negative,5,Is there any television visible in the image?,,no,yes_no,yes|no,ARKitScenes/3dod/Training/41098151/41098151_frames/lowres_wide/41098151_1191.025.png,ARKitScenes/3dod/Training/41098151/41098151_frames/lowres_depth/41098151_1191.025.png,rule,"{""concept"": ""television"", ""reason"": ""category_or_scene_type_plausible""}"
train_000520,47895824/1219909.892,47895824,lidar,unknown,train,nearest_object,,4,What is right next to the table?,,television,object,,ARKitScenes/3dod/Training/47895824/47895824_frames/lowres_wide/47895824_1219909.892.png,ARKitScenes/3dod/Training/47895824/47895824_frames/lowres_depth/47895824_1219909.892.png,rule,"{""anchor_concept"": ""table"", ""anchor_object_index"": 1, ""answer_concept"": ""television"", ""answer_object_index"": 2, ""nearest_distance_m"": 0.427, ""second_nearest_distance_m"": 1.071}"
train_000521,48018697/544898.965,48018697,lidar,unknown,train,relative_depth,farther,2,Is the chair or the cabinet farther from the camera?,,chair,choice,chair|cabinet,ARKitScenes/3dod/Training/48018697/48018697_frames/lowres_wide/48018697_544898.965.png,ARKitScenes/3dod/Training/48018697/48018697_frames/lowres_depth/48018697_544898.965.png,rule,"{""a_concept"": ""chair"", ""a_depth_m"": 2.8450000286102295, ""b_concept"": ""cabinet"", ""b_depth_m"": 2.256999969482422, ""comparative"": ""farther"", ""answer_concept"": ""chair""}"
train_000522,42898216/694927.045,42898216,lidar,unknown,train,left_right,,4,"Which side of the television is the cabinet on, left or right?",,right,choice,left|right,ARKitScenes/3dod/Training/42898216/42898216_frames/lowres_wide/42898216_694927.045.png,ARKitScenes/3dod/Training/42898216/42898216_frames/lowres_depth/42898216_694927.045.png,rule,"{""a_concept"": ""cabinet"", ""b_concept"": ""television"", ""a_centroid_x"": 147.00594384544584, ""b_centroid_x"": 73.5749659998174, ""horizontal_gap_px"": 73.43097784562845, ""image_width"": 256}"
train_000523,47333746/54835.974,47333746,lidar,unknown,train,left_right,,0,Is the cabinet to the left or to the right of the stove?,,right,choice,left|right,ARKitScenes/3dod/Training/47333746/47333746_frames/lowres_wide/47333746_54835.974.png,ARKitScenes/3dod/Training/47333746/47333746_frames/lowres_depth/47333746_54835.974.png,rule,"{""a_concept"": ""cabinet"", ""b_concept"": ""stove"", ""a_centroid_x"": 186.83889245936655, ""b_centroid_x"": 87.79473495537906, ""horizontal_gap_px"": 99.04415750398749, ""image_width"": 256}"
train_000524,42898405/369775.283,42898405,lidar,unknown,train,relative_depth,closer,2,Is the toilet or the sink closer to the camera?,,sink,choice,toilet|sink,ARKitScenes/3dod/Training/42898405/42898405_frames/lowres_wide/42898405_369775.283.png,ARKitScenes/3dod/Training/42898405/42898405_frames/lowres_depth/42898405_369775.283.png,rule,"{""a_concept"": ""sink"", ""a_depth_m"": 1.4859999418258667, ""b_concept"": ""toilet"", ""b_depth_m"": 2.187000036239624, ""comparative"": ""closer"", ""answer_concept"": ""sink""}"
train_000525,48017887/80063.517,48017887,lidar,unknown,train,existence,positive,2,Does this room contain a chair?,,yes,yes_no,yes|no,ARKitScenes/3dod/Training/48017887/48017887_frames/lowres_wide/48017887_80063.517.png,ARKitScenes/3dod/Training/48017887/48017887_frames/lowres_depth/48017887_80063.517.png,rule,"{""concept"": ""chair"", ""object_index"": 4, ""area_frac"": 0.20414550335732154}"
train_000526,47332177/262485.236,47332177,lidar,unknown,train,left_right,,1,"Relative to the cabinet, is the bed on the left or the right?",,left,choice,left|right,ARKitScenes/3dod/Training/47332177/47332177_frames/lowres_wide/47332177_262485.236.png,ARKitScenes/3dod/Training/47332177/47332177_frames/lowres_depth/47332177_262485.236.png,rule,"{""a_concept"": ""bed"", ""b_concept"": ""cabinet"", ""a_centroid_x"": 38.91514032640957, ""b_centroid_x"": 106.43637593185193, ""horizontal_gap_px"": 67.52123560544236, ""image_width"": 256}"
train_000527,47334883/622614.201,47334883,lidar,unknown,train,existence,positive,2,Does this room contain a cabinet?,,yes,yes_no,yes|no,ARKitScenes/3dod/Training/47334883/47334883_frames/lowres_wide/47334883_622614.201.png,ARKitScenes/3dod/Training/47334883/47334883_frames/lowres_depth/47334883_622614.201.png,rule,"{""concept"": ""cabinet"", ""object_index"": 1, ""area_frac"": 0.025385898703308443}"
train_000528,43828162/74475.233,43828162,lidar,unknown,train,identify_superlative,closest_camera,3,"Ignoring the walls, floor, and ceiling, what object is nearest the viewer?",,chair,object,,ARKitScenes/3dod/Training/43828162/43828162_frames/lowres_wide/43828162_74475.233.png,ARKitScenes/3dod/Training/43828162/43828162_frames/lowres_depth/43828162_74475.233.png,rule,"{""winner_concept"": ""chair"", ""winner_object_index"": 3, ""winner_area_frac"": 0.060575501158404266, ""winner_depth_m"": 2.2260000705718994, ""runner_up_concept"": ""sofa"", ""runner_up_area_frac"": 0.10777582063772069, ""runner_up_depth_m"": 3.7239999771118164}"
train_000529,47430074/27311.899,47430074,lidar,unknown,train,existence,negative,4,Is a cabinet present in this scene?,,no,yes_no,yes|no,ARKitScenes/3dod/Training/47430074/47430074_frames/lowres_wide/47430074_27311.899.png,ARKitScenes/3dod/Training/47430074/47430074_frames/lowres_depth/47430074_27311.899.png,rule,"{""concept"": ""cabinet"", ""reason"": ""category_or_scene_type_plausible""}"
train_000530,42899265/214323.840,42899265,lidar,unknown,train,nearest_object,,5,Which object is closest in distance to the table?,,shelf,object,,ARKitScenes/3dod/Training/42899265/42899265_frames/lowres_wide/42899265_214323.840.png,ARKitScenes/3dod/Training/42899265/42899265_frames/lowres_depth/42899265_214323.840.png,rule,"{""anchor_concept"": ""table"", ""anchor_object_index"": 9, ""answer_concept"": ""shelf"", ""answer_object_index"": 8, ""nearest_distance_m"": 0.796, ""second_nearest_distance_m"": 2.97}"
train_000531,42446068/80639.395,42446068,lidar,unknown,train,left_right,,4,"Which side of the toilet is the bathtub on, left or right?",,left,choice,left|right,ARKitScenes/3dod/Training/42446068/42446068_frames/lowres_wide/42446068_80639.395.png,ARKitScenes/3dod/Training/42446068/42446068_frames/lowres_depth/42446068_80639.395.png,rule,"{""a_concept"": ""bathtub"", ""b_concept"": ""toilet"", ""a_centroid_x"": 178.88870409171022, ""b_centroid_x"": 222.23333777779254, ""horizontal_gap_px"": 43.34463368608232, ""image_width"": 256}"
train_000532,45261061/14627.628,45261061,lidar,unknown,train,identify_superlative,farthest_camera,3,"Ignoring the walls, floor, and ceiling, what object is farthest from the viewer?",,cabinet,object,,ARKitScenes/3dod/Training/45261061/45261061_frames/lowres_wide/45261061_14627.628.png,ARKitScenes/3dod/Training/45261061/45261061_frames/lowres_depth/45261061_14627.628.png,rule,"{""winner_concept"": ""cabinet"", ""winner_object_index"": 5, ""winner_area_frac"": 0.4030430471264877, ""winner_depth_m"": 0.9819999933242798, ""runner_up_concept"": null, ""runner_up_area_frac"": null, ""runner_up_depth_m"": null}"
train_000533,41254778/131939.329,41254778,lidar,unknown,train,identify_superlative,farthest_camera,5,"Excluding the walls, floor, and ceiling, what is the most distant visible object in the scene?",,shelf,object,,ARKitScenes/3dod/Training/41254778/41254778_frames/lowres_wide/41254778_131939.329.png,ARKitScenes/3dod/Training/41254778/41254778_frames/lowres_depth/41254778_131939.329.png,rule,"{""winner_concept"": ""shelf"", ""winner_object_index"": 5, ""winner_area_frac"": 0.020927347026116788, ""winner_depth_m"": 2.5869998931884766, ""runner_up_concept"": null, ""runner_up_area_frac"": null, ""runner_up_depth_m"": null}"
train_000534,42899111/128784.300,42899111,lidar,unknown,train,existence,positive,1,Do you see a cabinet here?,,yes,yes_no,yes|no,ARKitScenes/3dod/Training/42899111/42899111_frames/lowres_wide/42899111_128784.300.png,ARKitScenes/3dod/Training/42899111/42899111_frames/lowres_depth/42899111_128784.300.png,rule,"{""concept"": ""cabinet"", ""object_index"": 14, ""area_frac"": 0.09698473071964409}"
train_000535,43896365/19909.961,43896365,lidar,unknown,train,existence,negative,1,Do you see a television here?,,no,yes_no,yes|no,ARKitScenes/3dod/Training/43896365/43896365_frames/lowres_wide/43896365_19909.961.png,ARKitScenes/3dod/Training/43896365/43896365_frames/lowres_depth/43896365_19909.961.png,rule,"{""concept"": ""television"", ""reason"": ""category_or_scene_type_plausible""}"
train_000536,47204921/3702.308,47204921,lidar,unknown,train,identify_superlative,closest_camera,3,"Ignoring the walls, floor, and ceiling, what object is nearest the viewer?",,bed,object,,ARKitScenes/3dod/Training/47204921/47204921_frames/lowres_wide/47204921_3702.308.png,ARKitScenes/3dod/Training/47204921/47204921_frames/lowres_depth/47204921_3702.308.png,rule,"{""winner_concept"": ""bed"", ""winner_object_index"": 0, ""winner_area_frac"": 0.07531242589302162, ""winner_depth_m"": 0.878000020980835, ""runner_up_concept"": ""cabinet"", ""runner_up_area_frac"": 0.10168825514738045, ""runner_up_depth_m"": 2.1670000553131104}"
train_000537,42899305/218494.547,42899305,lidar,unknown,train,identify_superlative,farthest_camera,1,"Excluding the walls, floor, and ceiling, what is the most distant object from the camera?",,sofa,object,,ARKitScenes/3dod/Training/42899305/42899305_frames/lowres_wide/42899305_218494.547.png,ARKitScenes/3dod/Training/42899305/42899305_frames/lowres_depth/42899305_218494.547.png,rule,"{""winner_concept"": ""sofa"", ""winner_object_index"": 1, ""winner_area_frac"": 0.41676865825823467, ""winner_depth_m"": 1.7259999513626099, ""runner_up_concept"": null, ""runner_up_area_frac"": null, ""runner_up_depth_m"": null}"
train_000538,43895987/136312.053,43895987,lidar,unknown,train,existence,positive,4,Is a shelf present in this scene?,,yes,yes_no,yes|no,ARKitScenes/3dod/Training/43895987/43895987_frames/lowres_wide/43895987_136312.053.png,ARKitScenes/3dod/Training/43895987/43895987_frames/lowres_depth/43895987_136312.053.png,rule,"{""concept"": ""shelf"", ""object_index"": 14, ""area_frac"": 0.07753270064558221}"
train_000539,45663317/76517.890,45663317,lidar,unknown,train,identify_superlative,closest_camera,2,"Among the furniture and items in the room, not the walls, floor, or ceiling, which is closest to where the picture was taken from?",,cabinet,object,,ARKitScenes/3dod/Training/45663317/45663317_frames/lowres_wide/45663317_76517.890.png,ARKitScenes/3dod/Training/45663317/45663317_frames/lowres_depth/45663317_76517.890.png,rule,"{""winner_concept"": ""cabinet"", ""winner_object_index"": 5, ""winner_area_frac"": 0.2008340555851307, ""winner_depth_m"": 1.6200000047683716, ""runner_up_concept"": null, ""runner_up_area_frac"": null, ""runner_up_depth_m"": null}"
train_000540,47334938/663130.016,47334938,lidar,unknown,train,identify_superlative,closest_camera,3,"Ignoring the walls, floor, and ceiling, what object is nearest the viewer?",,chair,object,,ARKitScenes/3dod/Training/47334938/47334938_frames/lowres_wide/47334938_663130.016.png,ARKitScenes/3dod/Training/47334938/47334938_frames/lowres_depth/47334938_663130.016.png,rule,"{""winner_concept"": ""chair"", ""winner_object_index"": 20, ""winner_area_frac"": 0.6294929428345774, ""winner_depth_m"": 1.2280000448226929, ""runner_up_concept"": null, ""runner_up_area_frac"": null, ""runner_up_depth_m"": null}"
train_000541,47895493/450860.687,47895493,lidar,unknown,train,left_right,,4,"Which side of the stool is the shelf on, left or right?",,left,choice,left|right,ARKitScenes/3dod/Training/47895493/47895493_frames/lowres_wide/47895493_450860.687.png,ARKitScenes/3dod/Training/47895493/47895493_frames/lowres_depth/47895493_450860.687.png,rule,"{""a_concept"": ""shelf"", ""b_concept"": ""stool"", ""a_centroid_x"": 149.48843831937475, ""b_centroid_x"": 216.5016539007685, ""horizontal_gap_px"": 67.01321558139375, ""image_width"": 256}"
train_000542,47333298/26671.846,47333298,lidar,unknown,train,existence,negative,4,Is a bathtub present in this scene?,,no,yes_no,yes|no,ARKitScenes/3dod/Training/47333298/47333298_frames/lowres_wide/47333298_26671.846.png,ARKitScenes/3dod/Training/47333298/47333298_frames/lowres_depth/47333298_26671.846.png,rule,"{""concept"": ""bathtub"", ""reason"": ""category_or_scene_type_plausible""}"
train_000543,47115260/115049.781,47115260,lidar,unknown,train,relative_depth,farther,4,"Of the cabinet and the chair, which is farther?",,cabinet,choice,cabinet|chair,ARKitScenes/3dod/Training/47115260/47115260_frames/lowres_wide/47115260_115049.781.png,ARKitScenes/3dod/Training/47115260/47115260_frames/lowres_depth/47115260_115049.781.png,rule,"{""a_concept"": ""cabinet"", ""a_depth_m"": 2.4189999103546143, ""b_concept"": ""chair"", ""b_depth_m"": 1.8229999542236328, ""comparative"": ""farther"", ""answer_concept"": ""cabinet""}"
train_000544,43828272/84630.509,43828272,lidar,unknown,train,identify_superlative,closest_camera,5,"Excluding the walls, floor, and ceiling, what is the closest visible object to the camera?",,chair,object,,ARKitScenes/3dod/Training/43828272/43828272_frames/lowres_wide/43828272_84630.509.png,ARKitScenes/3dod/Training/43828272/43828272_frames/lowres_depth/43828272_84630.509.png,rule,"{""winner_concept"": ""chair"", ""winner_object_index"": 10, ""winner_area_frac"": 0.407712740081322, ""winner_depth_m"": 1.2165000438690186, ""runner_up_concept"": ""chair"", ""runner_up_area_frac"": 0.1881892767084474, ""runner_up_depth_m"": 1.6069999933242798}"
train_000545,48017892/80801.174,48017892,lidar,unknown,train,identify_superlative,closest_camera,0,"Not counting the walls, floor, or ceiling, which object is closest to the camera?",,cabinet,object,,ARKitScenes/3dod/Training/48017892/48017892_frames/lowres_wide/48017892_80801.174.png,ARKitScenes/3dod/Training/48017892/48017892_frames/lowres_depth/48017892_80801.174.png,rule,"{""winner_concept"": ""cabinet"", ""winner_object_index"": 0, ""winner_area_frac"": 0.018721252839857074, ""winner_depth_m"": 1.3229999542236328, ""runner_up_concept"": null, ""runner_up_area_frac"": null, ""runner_up_depth_m"": null}"
train_000546,47333493/62579.719,47333493,lidar,unknown,train,identify_superlative,closest_camera,5,"Excluding the walls, floor, and ceiling, what is the closest visible object to the camera?",,cabinet,object,,ARKitScenes/3dod/Training/47333493/47333493_frames/lowres_wide/47333493_62579.719.png,ARKitScenes/3dod/Training/47333493/47333493_frames/lowres_depth/47333493_62579.719.png,rule,"{""winner_concept"": ""cabinet"", ""winner_object_index"": 23, ""winner_area_frac"": 0.014155724750435547, ""winner_depth_m"": 0.9520000219345093, ""runner_up_concept"": ""table"", ""runner_up_area_frac"": 0.15598558708078597, ""runner_up_depth_m"": 1.2289999723434448}"
train_000547,47204350/15540.847,47204350,lidar,unknown,train,nearest_object,,5,Which object is closest in distance to the cabinet?,,sink,object,,ARKitScenes/3dod/Training/47204350/47204350_frames/lowres_wide/47204350_15540.847.png,ARKitScenes/3dod/Training/47204350/47204350_frames/lowres_depth/47204350_15540.847.png,rule,"{""anchor_concept"": ""cabinet"", ""anchor_object_index"": 22, ""answer_concept"": ""sink"", ""answer_object_index"": 29, ""nearest_distance_m"": 0.364, ""second_nearest_distance_m"": 1.466}"
train_000548,41127074/1000.015,41127074,lidar,unknown,train,identify_superlative,farthest_camera,1,"Excluding the walls, floor, and ceiling, what is the most distant object from the camera?",,bathtub,object,,ARKitScenes/3dod/Training/41127074/41127074_frames/lowres_wide/41127074_1000.015.png,ARKitScenes/3dod/Training/41127074/41127074_frames/lowres_depth/41127074_1000.015.png,rule,"{""winner_concept"": ""bathtub"", ""winner_object_index"": 0, ""winner_area_frac"": 0.4387170518837964, ""winner_depth_m"": 1.3329999446868896, ""runner_up_concept"": ""cabinet"", ""runner_up_area_frac"": 0.34448950759410696, ""runner_up_depth_m"": 1.0609999895095825}"
train_000549,42446072/80503.385,42446072,lidar,unknown,train,relative_depth,farther,0,"Which is farther from the camera, the sink or the toilet?",,toilet,choice,sink|toilet,ARKitScenes/3dod/Training/42446072/42446072_frames/lowres_wide/42446072_80503.385.png,ARKitScenes/3dod/Training/42446072/42446072_frames/lowres_depth/42446072_80503.385.png,rule,"{""a_concept"": ""sink"", ""a_depth_m"": 0.9079999923706055, ""b_concept"": ""toilet"", ""b_depth_m"": 1.4539999961853027, ""comparative"": ""farther"", ""answer_concept"": ""toilet""}"
train_000550,41126742/3044.511,41126742,lidar,unknown,train,left_right,,5,"From the toilet, which direction is the sink in, left or right?",,left,choice,left|right,ARKitScenes/3dod/Training/41126742/41126742_frames/lowres_wide/41126742_3044.511.png,ARKitScenes/3dod/Training/41126742/41126742_frames/lowres_depth/41126742_3044.511.png,rule,"{""a_concept"": ""sink"", ""b_concept"": ""toilet"", ""a_centroid_x"": 42.23084517925303, ""b_centroid_x"": 130.34197203125092, ""horizontal_gap_px"": 88.11112685199788, ""image_width"": 256}"
train_000551,47332778/44661.365,47332778,lidar,unknown,train,nearest_object,,3,Which item is positioned nearest to the cabinet?,,television,object,,ARKitScenes/3dod/Training/47332778/47332778_frames/lowres_wide/47332778_44661.365.png,ARKitScenes/3dod/Training/47332778/47332778_frames/lowres_depth/47332778_44661.365.png,rule,"{""anchor_concept"": ""cabinet"", ""anchor_object_index"": 0, ""answer_concept"": ""television"", ""answer_object_index"": 1, ""nearest_distance_m"": 1.129, ""second_nearest_distance_m"": 2.367}"
train_000552,41126645/733.842,41126645,lidar,unknown,train,existence,positive,2,Does this room contain a cabinet?,,yes,yes_no,yes|no,ARKitScenes/3dod/Training/41126645/41126645_frames/lowres_wide/41126645_733.842.png,ARKitScenes/3dod/Training/41126645/41126645_frames/lowres_depth/41126645_733.842.png,rule,"{""concept"": ""cabinet"", ""object_index"": 2, ""area_frac"": 0.35342056019285056}"
train_000553,42897600/135632.536,42897600,lidar,unknown,train,existence,positive,5,Is there any sofa visible in the image?,,yes,yes_no,yes|no,ARKitScenes/3dod/Training/42897600/42897600_frames/lowres_wide/42897600_135632.536.png,ARKitScenes/3dod/Training/42897600/42897600_frames/lowres_depth/42897600_135632.536.png,rule,"{""concept"": ""sofa"", ""object_index"": 11, ""area_frac"": 0.29567450550758156}"
train_000554,44358336/14251.421,44358336,lidar,unknown,train,relative_depth,farther,3,"Which object is farther from the camera, the cabinet or the table?",,cabinet,choice,cabinet|table,ARKitScenes/3dod/Training/44358336/44358336_frames/lowres_wide/44358336_14251.421.png,ARKitScenes/3dod/Training/44358336/44358336_frames/lowres_depth/44358336_14251.421.png,rule,"{""a_concept"": ""cabinet"", ""a_depth_m"": 5.808000087738037, ""b_concept"": ""table"", ""b_depth_m"": 2.492000102996826, ""comparative"": ""farther"", ""answer_concept"": ""cabinet""}"
train_000555,47895871/489419.394,47895871,lidar,unknown,train,nearest_object,,0,What is the closest object to the cabinet?,,refrigerator,object,,ARKitScenes/3dod/Training/47895871/47895871_frames/lowres_wide/47895871_489419.394.png,ARKitScenes/3dod/Training/47895871/47895871_frames/lowres_depth/47895871_489419.394.png,rule,"{""anchor_concept"": ""cabinet"", ""anchor_object_index"": 15, ""answer_concept"": ""refrigerator"", ""answer_object_index"": 14, ""nearest_distance_m"": 0.236, ""second_nearest_distance_m"": 0.302}"
train_000556,47334912/1089916.797,47334912,lidar,unknown,train,relative_depth,closer,3,"Which object is closer to the camera, the refrigerator or the stool?",,stool,choice,refrigerator|stool,ARKitScenes/3dod/Training/47334912/47334912_frames/lowres_wide/47334912_1089916.797.png,ARKitScenes/3dod/Training/47334912/47334912_frames/lowres_depth/47334912_1089916.797.png,rule,"{""a_concept"": ""refrigerator"", ""a_depth_m"": 1.555999994277954, ""b_concept"": ""stool"", ""b_depth_m"": 1.1610000133514404, ""comparative"": ""closer"", ""answer_concept"": ""stool""}"
train_000557,47333746/54753.774,47333746,lidar,unknown,train,nearest_object,,1,Which object is nearest to the cabinet?,,chair,object,,ARKitScenes/3dod/Training/47333746/47333746_frames/lowres_wide/47333746_54753.774.png,ARKitScenes/3dod/Training/47333746/47333746_frames/lowres_depth/47333746_54753.774.png,rule,"{""anchor_concept"": ""cabinet"", ""anchor_object_index"": 21, ""answer_concept"": ""chair"", ""answer_object_index"": 34, ""nearest_distance_m"": 0.121, ""second_nearest_distance_m"": 0.832}"
train_000558,44358661/1159.509,44358661,lidar,unknown,train,identify_superlative,farthest_camera,2,"Among the furniture and items in the room, not the walls, floor, or ceiling, which is farthest from where the picture was taken?",,television,object,,ARKitScenes/3dod/Training/44358661/44358661_frames/lowres_wide/44358661_1159.509.png,ARKitScenes/3dod/Training/44358661/44358661_frames/lowres_depth/44358661_1159.509.png,rule,"{""winner_concept"": ""television"", ""winner_object_index"": 29, ""winner_area_frac"": 0.005612130189720323, ""winner_depth_m"": 4.72599983215332, ""runner_up_concept"": ""cabinet"", ""runner_up_area_frac"": 0.04140258276790685, ""runner_up_depth_m"": 3.694000005722046}"
train_000559,43649451/12714.065,43649451,lidar,unknown,train,identify_superlative,farthest_camera,2,"Among the furniture and items in the room, not the walls, floor, or ceiling, which is farthest from where the picture was taken?",,shelf,object,,ARKitScenes/3dod/Training/43649451/43649451_frames/lowres_wide/43649451_12714.065.png,ARKitScenes/3dod/Training/43649451/43649451_frames/lowres_depth/43649451_12714.065.png,rule,"{""winner_concept"": ""shelf"", ""winner_object_index"": 8, ""winner_area_frac"": 0.1199085010517163, ""winner_depth_m"": 2.063999891281128, ""runner_up_concept"": null, ""runner_up_area_frac"": null, ""runner_up_depth_m"": null}"
train_000560,42898655/572864.461,42898655,lidar,unknown,train,relative_depth,closer,0,"Which is closer to the camera, the table or the cabinet?",,table,choice,table|cabinet,ARKitScenes/3dod/Training/42898655/42898655_frames/lowres_wide/42898655_572864.461.png,ARKitScenes/3dod/Training/42898655/42898655_frames/lowres_depth/42898655_572864.461.png,rule,"{""a_concept"": ""table"", ""a_depth_m"": 1.3389999866485596, ""b_concept"": ""cabinet"", ""b_depth_m"": 2.265000104904175, ""comparative"": ""closer"", ""answer_concept"": ""table""}"
train_000561,42899799/252810.675,42899799,lidar,unknown,train,left_right,,5,"From the toilet, which direction is the cabinet in, left or right?",,right,choice,left|right,ARKitScenes/3dod/Training/42899799/42899799_frames/lowres_wide/42899799_252810.675.png,ARKitScenes/3dod/Training/42899799/42899799_frames/lowres_depth/42899799_252810.675.png,rule,"{""a_concept"": ""cabinet"", ""b_concept"": ""toilet"", ""a_centroid_x"": 234.83433476144464, ""b_centroid_x"": 145.15212315792007, ""horizontal_gap_px"": 89.68221160352456, ""image_width"": 256}"
train_000562,42446072/80496.387,42446072,lidar,unknown,train,relative_depth,farther,0,"Which is farther from the camera, the bathtub or the cabinet?",,bathtub,choice,bathtub|cabinet,ARKitScenes/3dod/Training/42446072/42446072_frames/lowres_wide/42446072_80496.387.png,ARKitScenes/3dod/Training/42446072/42446072_frames/lowres_depth/42446072_80496.387.png,rule,"{""a_concept"": ""bathtub"", ""a_depth_m"": 3.125999927520752, ""b_concept"": ""cabinet"", ""b_depth_m"": 2.385999917984009, ""comparative"": ""farther"", ""answer_concept"": ""bathtub""}"
train_000563,45663258/77858.095,45663258,lidar,unknown,train,existence,negative,1,Do you see a television here?,,no,yes_no,yes|no,ARKitScenes/3dod/Training/45663258/45663258_frames/lowres_wide/45663258_77858.095.png,ARKitScenes/3dod/Training/45663258/45663258_frames/lowres_depth/45663258_77858.095.png,rule,"{""concept"": ""television"", ""reason"": ""category_or_scene_type_plausible""}"
train_000564,47334837/613741.266,47334837,lidar,unknown,train,left_right,,0,Is the sofa to the left or to the right of the table?,,right,choice,left|right,ARKitScenes/3dod/Training/47334837/47334837_frames/lowres_wide/47334837_613741.266.png,ARKitScenes/3dod/Training/47334837/47334837_frames/lowres_depth/47334837_613741.266.png,rule,"{""a_concept"": ""sofa"", ""b_concept"": ""table"", ""a_centroid_x"": 247.5166060914233, ""b_centroid_x"": 166.30185246165806, ""horizontal_gap_px"": 81.21475362976526, ""image_width"": 256}"
train_000565,42897769/127413.301,42897769,lidar,unknown,train,relative_depth,closer,0,"Which is closer to the camera, the table or the cabinet?",,cabinet,choice,table|cabinet,ARKitScenes/3dod/Training/42897769/42897769_frames/lowres_wide/42897769_127413.301.png,ARKitScenes/3dod/Training/42897769/42897769_frames/lowres_depth/42897769_127413.301.png,rule,"{""a_concept"": ""cabinet"", ""a_depth_m"": 3.4165000915527344, ""b_concept"": ""table"", ""b_depth_m"": 5.9720001220703125, ""comparative"": ""closer"", ""answer_concept"": ""cabinet""}"
train_000566,41098157/2716.639,41098157,lidar,unknown,train,identify_superlative,farthest_camera,2,"Among the furniture and items in the room, not the walls, floor, or ceiling, which is farthest from where the picture was taken?",,cabinet,object,,ARKitScenes/3dod/Training/41098157/41098157_frames/lowres_wide/41098157_2716.639.png,ARKitScenes/3dod/Training/41098157/41098157_frames/lowres_depth/41098157_2716.639.png,rule,"{""winner_concept"": ""cabinet"", ""winner_object_index"": 0, ""winner_area_frac"": 0.015236882276370585, ""winner_depth_m"": 1.5670000314712524, ""runner_up_concept"": null, ""runner_up_area_frac"": null, ""runner_up_depth_m"": null}"
train_000567,45261509/43516.948,45261509,lidar,unknown,train,identify_superlative,farthest_camera,5,"Excluding the walls, floor, and ceiling, what is the most distant visible object in the scene?",,cabinet,object,,ARKitScenes/3dod/Training/45261509/45261509_frames/lowres_wide/45261509_43516.948.png,ARKitScenes/3dod/Training/45261509/45261509_frames/lowres_depth/45261509_43516.948.png,rule,"{""winner_concept"": ""cabinet"", ""winner_object_index"": 20, ""winner_area_frac"": 0.018844848238929696, ""winner_depth_m"": 4.144000053405762, ""runner_up_concept"": ""cabinet"", ""runner_up_area_frac"": 0.07388481193266366, ""runner_up_depth_m"": 2.0869998931884766}"
train_000568,43896223/4961.008,43896223,lidar,unknown,train,identify_superlative,farthest_camera,2,"Among the furniture and items in the room, not the walls, floor, or ceiling, which is farthest from where the picture was taken?",,cabinet,object,,ARKitScenes/3dod/Training/43896223/43896223_frames/lowres_wide/43896223_4961.008.png,ARKitScenes/3dod/Training/43896223/43896223_frames/lowres_depth/43896223_4961.008.png,rule,"{""winner_concept"": ""cabinet"", ""winner_object_index"": 4, ""winner_area_frac"": 0.03264212321915325, ""winner_depth_m"": 1.3270000219345093, ""runner_up_concept"": null, ""runner_up_area_frac"": null, ""runner_up_depth_m"": null}"
train_000569,42898089/129494.593,42898089,lidar,unknown,train,nearest_object,,3,Which item is positioned nearest to the stool?,,bed,object,,ARKitScenes/3dod/Training/42898089/42898089_frames/lowres_wide/42898089_129494.593.png,ARKitScenes/3dod/Training/42898089/42898089_frames/lowres_depth/42898089_129494.593.png,rule,"{""anchor_concept"": ""stool"", ""anchor_object_index"": 1, ""answer_concept"": ""bed"", ""answer_object_index"": 0, ""nearest_distance_m"": 0.206, ""second_nearest_distance_m"": 1.136}"
train_000570,47334552/67961.642,47334552,lidar,unknown,train,identify_superlative,closest_camera,2,"Among the furniture and items in the room, not the walls, floor, or ceiling, which is closest to where the picture was taken from?",,table,object,,ARKitScenes/3dod/Training/47334552/47334552_frames/lowres_wide/47334552_67961.642.png,ARKitScenes/3dod/Training/47334552/47334552_frames/lowres_depth/47334552_67961.642.png,rule,"{""winner_concept"": ""table"", ""winner_object_index"": 10, ""winner_area_frac"": 0.4153127782581502, ""winner_depth_m"": 1.2740000486373901, ""runner_up_concept"": null, ""runner_up_area_frac"": null, ""runner_up_depth_m"": null}"
train_000571,47430679/326488.797,47430679,lidar,unknown,train,nearest_object,,0,What is the closest object to the stool?,,table,object,,ARKitScenes/3dod/Training/47430679/47430679_frames/lowres_wide/47430679_326488.797.png,ARKitScenes/3dod/Training/47430679/47430679_frames/lowres_depth/47430679_326488.797.png,rule,"{""anchor_concept"": ""stool"", ""anchor_object_index"": 5, ""answer_concept"": ""table"", ""answer_object_index"": 4, ""nearest_distance_m"": 0.409, ""second_nearest_distance_m"": 0.789}"
train_000572,42446485/355862.674,42446485,lidar,unknown,train,nearest_object,,3,Which item is positioned nearest to the cabinet?,,sofa,object,,ARKitScenes/3dod/Training/42446485/42446485_frames/lowres_wide/42446485_355862.674.png,ARKitScenes/3dod/Training/42446485/42446485_frames/lowres_depth/42446485_355862.674.png,rule,"{""anchor_concept"": ""cabinet"", ""anchor_object_index"": 10, ""answer_concept"": ""sofa"", ""answer_object_index"": 13, ""nearest_distance_m"": 0.697, ""second_nearest_distance_m"": 1.858}"
train_000573,41254893/159209.938,41254893,lidar,unknown,train,identify_superlative,farthest_camera,2,"Among the furniture and items in the room, not the walls, floor, or ceiling, which is farthest from where the picture was taken?",,cabinet,object,,ARKitScenes/3dod/Training/41254893/41254893_frames/lowres_wide/41254893_159209.938.png,ARKitScenes/3dod/Training/41254893/41254893_frames/lowres_depth/41254893_159209.938.png,rule,"{""winner_concept"": ""cabinet"", ""winner_object_index"": 12, ""winner_area_frac"": 0.4126147987412585, ""winner_depth_m"": 1.3029999732971191, ""runner_up_concept"": null, ""runner_up_area_frac"": null, ""runner_up_depth_m"": null}"
train_000574,45261522/45783.765,45261522,lidar,unknown,train,left_right,,4,"Which side of the cabinet is the shelf on, left or right?",,right,choice,left|right,ARKitScenes/3dod/Training/45261522/45261522_frames/lowres_wide/45261522_45783.765.png,ARKitScenes/3dod/Training/45261522/45261522_frames/lowres_depth/45261522_45783.765.png,rule,"{""a_concept"": ""shelf"", ""b_concept"": ""cabinet"", ""a_centroid_x"": 242.9340049693486, ""b_centroid_x"": 139.96579536128675, ""horizontal_gap_px"": 102.96820960806184, ""image_width"": 256}"
train_000575,44358243/10428.836,44358243,lidar,unknown,train,identify_superlative,farthest_camera,0,"Not counting the walls, floor, or ceiling, which object is farthest from the camera?",,cabinet,object,,ARKitScenes/3dod/Training/44358243/44358243_frames/lowres_wide/44358243_10428.836.png,ARKitScenes/3dod/Training/44358243/44358243_frames/lowres_depth/44358243_10428.836.png,rule,"{""winner_concept"": ""cabinet"", ""winner_object_index"": 4, ""winner_area_frac"": 0.091308828135732, ""winner_depth_m"": 2.5269999504089355, ""runner_up_concept"": null, ""runner_up_area_frac"": null, ""runner_up_depth_m"": null}"
train_000576,45260951/6161.213,45260951,lidar,unknown,train,identify_superlative,farthest_camera,0,"Not counting the walls, floor, or ceiling, which object is farthest from the camera?",,cabinet,object,,ARKitScenes/3dod/Training/45260951/45260951_frames/lowres_wide/45260951_6161.213.png,ARKitScenes/3dod/Training/45260951/45260951_frames/lowres_depth/45260951_6161.213.png,rule,"{""winner_concept"": ""cabinet"", ""winner_object_index"": 1, ""winner_area_frac"": 0.008776580093694865, ""winner_depth_m"": 2.371000051498413, ""runner_up_concept"": null, ""runner_up_area_frac"": null, ""runner_up_depth_m"": null}"
train_000577,45662829/15213.017,45662829,lidar,unknown,train,nearest_object,,3,Which item is positioned nearest to the cabinet?,,chair,object,,ARKitScenes/3dod/Training/45662829/45662829_frames/lowres_wide/45662829_15213.017.png,ARKitScenes/3dod/Training/45662829/45662829_frames/lowres_depth/45662829_15213.017.png,rule,"{""anchor_concept"": ""cabinet"", ""anchor_object_index"": 17, ""answer_concept"": ""chair"", ""answer_object_index"": 13, ""nearest_distance_m"": 0.879, ""second_nearest_distance_m"": 1.161}"
train_000578,43828368/92165.544,43828368,lidar,unknown,train,relative_depth,farther,2,Is the sink or the cabinet farther from the camera?,,sink,choice,sink|cabinet,ARKitScenes/3dod/Training/43828368/43828368_frames/lowres_wide/43828368_92165.544.png,ARKitScenes/3dod/Training/43828368/43828368_frames/lowres_depth/43828368_92165.544.png,rule,"{""a_concept"": ""cabinet"", ""a_depth_m"": 2.384000062942505, ""b_concept"": ""sink"", ""b_depth_m"": 2.799999952316284, ""comparative"": ""farther"", ""answer_concept"": ""sink""}"
train_000579,47895571/1153749.463,47895571,lidar,unknown,train,left_right,,3,Is the refrigerator on the left side or the right side of the cabinet?,,right,choice,left|right,ARKitScenes/3dod/Training/47895571/47895571_frames/lowres_wide/47895571_1153749.463.png,ARKitScenes/3dod/Training/47895571/47895571_frames/lowres_depth/47895571_1153749.463.png,rule,"{""a_concept"": ""refrigerator"", ""b_concept"": ""cabinet"", ""a_centroid_x"": 103.62570817638922, ""b_centroid_x"": 61.0916799632583, ""horizontal_gap_px"": 42.534028213130924, ""image_width"": 256}"
train_000580,47895672/369307.985,47895672,lidar,unknown,train,relative_depth,farther,5,"Which one is farther, the shelf or the table?",,shelf,choice,shelf|table,ARKitScenes/3dod/Training/47895672/47895672_frames/lowres_wide/47895672_369307.985.png,ARKitScenes/3dod/Training/47895672/47895672_frames/lowres_depth/47895672_369307.985.png,rule,"{""a_concept"": ""shelf"", ""a_depth_m"": 1.6030000448226929, ""b_concept"": ""table"", ""b_depth_m"": 0.722000002861023, ""comparative"": ""farther"", ""answer_concept"": ""shelf""}"
train_000581,47430751/336942.153,47430751,lidar,unknown,train,existence,positive,4,Is a cabinet present in this scene?,,yes,yes_no,yes|no,ARKitScenes/3dod/Training/47430751/47430751_frames/lowres_wide/47430751_336942.153.png,ARKitScenes/3dod/Training/47430751/47430751_frames/lowres_depth/47430751_336942.153.png,rule,"{""concept"": ""cabinet"", ""object_index"": 5, ""area_frac"": 0.0637846730133904}"
train_000582,47204426/25776.470,47204426,lidar,unknown,train,nearest_object,,2,What sits closest to the television?,,cabinet,object,,ARKitScenes/3dod/Training/47204426/47204426_frames/lowres_wide/47204426_25776.470.png,ARKitScenes/3dod/Training/47204426/47204426_frames/lowres_depth/47204426_25776.470.png,rule,"{""anchor_concept"": ""television"", ""anchor_object_index"": 1, ""answer_concept"": ""cabinet"", ""answer_object_index"": 4, ""nearest_distance_m"": 0.917, ""second_nearest_distance_m"": 1.293}"
train_000583,42444513/3435.059,42444513,lidar,unknown,train,left_right,,5,"From the toilet, which direction is the cabinet in, left or right?",,right,choice,left|right,ARKitScenes/3dod/Training/42444513/42444513_frames/lowres_wide/42444513_3435.059.png,ARKitScenes/3dod/Training/42444513/42444513_frames/lowres_depth/42444513_3435.059.png,rule,"{""a_concept"": ""cabinet"", ""b_concept"": ""toilet"", ""a_centroid_x"": 226.52699582766238, ""b_centroid_x"": 159.07444678733253, ""horizontal_gap_px"": 67.45254904032984, ""image_width"": 256}"
train_000584,45662829/15213.017,45662829,lidar,unknown,train,relative_depth,farther,4,"Of the table and the chair, which is farther?",,chair,choice,table|chair,ARKitScenes/3dod/Training/45662829/45662829_frames/lowres_wide/45662829_15213.017.png,ARKitScenes/3dod/Training/45662829/45662829_frames/lowres_depth/45662829_15213.017.png,rule,"{""a_concept"": ""table"", ""a_depth_m"": 1.3300000429153442, ""b_concept"": ""chair"", ""b_depth_m"": 1.7380000352859497, ""comparative"": ""farther"", ""answer_concept"": ""chair""}"
train_000585,47115135/85847.161,47115135,lidar,unknown,train,left_right,,0,Is the toilet to the left or to the right of the sink?,,left,choice,left|right,ARKitScenes/3dod/Training/47115135/47115135_frames/lowres_wide/47115135_85847.161.png,ARKitScenes/3dod/Training/47115135/47115135_frames/lowres_depth/47115135_85847.161.png,rule,"{""a_concept"": ""toilet"", ""b_concept"": ""sink"", ""a_centroid_x"": 86.04470630008227, ""b_centroid_x"": 197.52936449014186, ""horizontal_gap_px"": 111.48465819005959, ""image_width"": 256}"
train_000586,47332837/32902.133,47332837,lidar,unknown,train,identify_superlative,closest_camera,0,"Not counting the walls, floor, or ceiling, which object is closest to the camera?",,cabinet,object,,ARKitScenes/3dod/Training/47332837/47332837_frames/lowres_wide/47332837_32902.133.png,ARKitScenes/3dod/Training/47332837/47332837_frames/lowres_depth/47332837_32902.133.png,rule,"{""winner_concept"": ""cabinet"", ""winner_object_index"": 1, ""winner_area_frac"": 0.3641731646167318, ""winner_depth_m"": 1.1660000085830688, ""runner_up_concept"": null, ""runner_up_area_frac"": null, ""runner_up_depth_m"": null}"
train_000587,48458626/127657.995,48458626,lidar,unknown,train,existence,positive,2,Does this room contain a sofa?,,yes,yes_no,yes|no,ARKitScenes/3dod/Training/48458626/48458626_frames/lowres_wide/48458626_127657.995.png,ARKitScenes/3dod/Training/48458626/48458626_frames/lowres_depth/48458626_127657.995.png,rule,"{""concept"": ""sofa"", ""object_index"": 0, ""area_frac"": 0.14093830838698737}"
train_000588,41126811/8350.138,41126811,lidar,unknown,train,left_right,,4,"Which side of the stove is the cabinet on, left or right?",,right,choice,left|right,ARKitScenes/3dod/Training/41126811/41126811_frames/lowres_wide/41126811_8350.138.png,ARKitScenes/3dod/Training/41126811/41126811_frames/lowres_depth/41126811_8350.138.png,rule,"{""a_concept"": ""cabinet"", ""b_concept"": ""stove"", ""a_centroid_x"": 171.0501933851055, ""b_centroid_x"": 79.92908364383734, ""horizontal_gap_px"": 91.12110974126816, ""image_width"": 256}"
train_000589,47115137/85876.349,47115137,lidar,unknown,train,left_right,,2,"Looking at the sink, is the toilet positioned on its left or right?",,left,choice,left|right,ARKitScenes/3dod/Training/47115137/47115137_frames/lowres_wide/47115137_85876.349.png,ARKitScenes/3dod/Training/47115137/47115137_frames/lowres_depth/47115137_85876.349.png,rule,"{""a_concept"": ""toilet"", ""b_concept"": ""sink"", ""a_centroid_x"": 214.12333750087635, ""b_centroid_x"": 242.4206369078616, ""horizontal_gap_px"": 28.297299406985246, ""image_width"": 256}"
train_000590,47333698/48422.547,47333698,lidar,unknown,train,nearest_object,,5,Which object is closest in distance to the cabinet?,,shelf,object,,ARKitScenes/3dod/Training/47333698/47333698_frames/lowres_wide/47333698_48422.547.png,ARKitScenes/3dod/Training/47333698/47333698_frames/lowres_depth/47333698_48422.547.png,rule,"{""anchor_concept"": ""cabinet"", ""anchor_object_index"": 6, ""answer_concept"": ""shelf"", ""answer_object_index"": 4, ""nearest_distance_m"": 0.39, ""second_nearest_distance_m"": 1.249}"
train_000591,42445670/60945.728,42445670,lidar,unknown,train,relative_depth,farther,3,"Which object is farther from the camera, the cabinet or the television?",,television,choice,cabinet|television,ARKitScenes/3dod/Training/42445670/42445670_frames/lowres_wide/42445670_60945.728.png,ARKitScenes/3dod/Training/42445670/42445670_frames/lowres_depth/42445670_60945.728.png,rule,"{""a_concept"": ""cabinet"", ""a_depth_m"": 1.9550000429153442, ""b_concept"": ""television"", ""b_depth_m"": 2.256999969482422, ""comparative"": ""farther"", ""answer_concept"": ""television""}"
train_000592,47115260/115028.790,47115260,lidar,unknown,train,relative_depth,closer,2,Is the cabinet or the bed closer to the camera?,,bed,choice,cabinet|bed,ARKitScenes/3dod/Training/47115260/47115260_frames/lowres_wide/47115260_115028.790.png,ARKitScenes/3dod/Training/47115260/47115260_frames/lowres_depth/47115260_115028.790.png,rule,"{""a_concept"": ""bed"", ""a_depth_m"": 1.6660000085830688, ""b_concept"": ""cabinet"", ""b_depth_m"": 2.1640000343322754, ""comparative"": ""closer"", ""answer_concept"": ""bed""}"
train_000593,48018426/395675.219,48018426,lidar,unknown,train,relative_depth,closer,3,"Which object is closer to the camera, the cabinet or the sofa?",,sofa,choice,cabinet|sofa,ARKitScenes/3dod/Training/48018426/48018426_frames/lowres_wide/48018426_395675.219.png,ARKitScenes/3dod/Training/48018426/48018426_frames/lowres_depth/48018426_395675.219.png,rule,"{""a_concept"": ""sofa"", ""a_depth_m"": 1.6480000019073486, ""b_concept"": ""cabinet"", ""b_depth_m"": 2.2339999675750732, ""comparative"": ""closer"", ""answer_concept"": ""sofa""}"
train_000594,42897890/345021.617,42897890,lidar,unknown,train,nearest_object,,1,Which object is nearest to the cabinet?,,television,object,,ARKitScenes/3dod/Training/42897890/42897890_frames/lowres_wide/42897890_345021.617.png,ARKitScenes/3dod/Training/42897890/42897890_frames/lowres_depth/42897890_345021.617.png,rule,"{""anchor_concept"": ""cabinet"", ""anchor_object_index"": 6, ""answer_concept"": ""television"", ""answer_object_index"": 5, ""nearest_distance_m"": 1.153, ""second_nearest_distance_m"": 1.542}"
train_000595,43895917/111315.467,43895917,lidar,unknown,train,existence,positive,5,Is there any shelf visible in the image?,,yes,yes_no,yes|no,ARKitScenes/3dod/Training/43895917/43895917_frames/lowres_wide/43895917_111315.467.png,ARKitScenes/3dod/Training/43895917/43895917_frames/lowres_depth/43895917_111315.467.png,rule,"{""concept"": ""shelf"", ""object_index"": 4, ""area_frac"": 0.1648073335872338}"
train_000596,48458301/77373.026,48458301,lidar,unknown,train,existence,positive,0,Is there a television in this room?,,yes,yes_no,yes|no,ARKitScenes/3dod/Training/48458301/48458301_frames/lowres_wide/48458301_77373.026.png,ARKitScenes/3dod/Training/48458301/48458301_frames/lowres_depth/48458301_77373.026.png,rule,"{""concept"": ""television"", ""object_index"": 5, ""area_frac"": 0.042776962650793456}"
train_000597,47331508/155189.036,47331508,lidar,unknown,train,identify_superlative,closest_camera,2,"Among the furniture and items in the room, not the walls, floor, or ceiling, which is closest to where the picture was taken from?",,cabinet,object,,ARKitScenes/3dod/Training/47331508/47331508_frames/lowres_wide/47331508_155189.036.png,ARKitScenes/3dod/Training/47331508/47331508_frames/lowres_depth/47331508_155189.036.png,rule,"{""winner_concept"": ""cabinet"", ""winner_object_index"": 4, ""winner_area_frac"": 0.09504012261434687, ""winner_depth_m"": 2.943000078201294, ""runner_up_concept"": null, ""runner_up_area_frac"": null, ""runner_up_depth_m"": null}"
train_000598,41159448/514.801,41159448,lidar,unknown,train,relative_depth,farther,0,"Which is farther from the camera, the sofa or the table?",,sofa,choice,sofa|table,ARKitScenes/3dod/Training/41159448/41159448_frames/lowres_wide/41159448_514.801.png,ARKitScenes/3dod/Training/41159448/41159448_frames/lowres_depth/41159448_514.801.png,rule,"{""a_concept"": ""sofa"", ""a_depth_m"": 4.370999813079834, ""b_concept"": ""table"", ""b_depth_m"": 3.4000000953674316, ""comparative"": ""farther"", ""answer_concept"": ""sofa""}"
train_000599,42897512/472826.821,42897512,lidar,unknown,train,left_right,,5,"From the shelf, which direction is the stool in, left or right?",,right,choice,left|right,ARKitScenes/3dod/Training/42897512/42897512_frames/lowres_wide/42897512_472826.821.png,ARKitScenes/3dod/Training/42897512/42897512_frames/lowres_depth/42897512_472826.821.png,rule,"{""a_concept"": ""stool"", ""b_concept"": ""shelf"", ""a_centroid_x"": 177.48709653296888, ""b_centroid_x"": 71.75227133295355, ""horizontal_gap_px"": 105.73482520001532, ""image_width"": 256}"
train_000600,41126689/2736.367,41126689,lidar,unknown,train,identify_superlative,farthest_camera,4,"Not counting the room's walls, floor, or ceiling, which object is farthest away in this image?",,cabinet,object,,ARKitScenes/3dod/Training/41126689/41126689_frames/lowres_wide/41126689_2736.367.png,ARKitScenes/3dod/Training/41126689/41126689_frames/lowres_depth/41126689_2736.367.png,rule,"{""winner_concept"": ""cabinet"", ""winner_object_index"": 2, ""winner_area_frac"": 0.039155922829669884, ""winner_depth_m"": 1.7790000438690186, ""runner_up_concept"": null, ""runner_up_area_frac"": null, ""runner_up_depth_m"": null}"
train_000601,47332508/343863.710,47332508,lidar,unknown,train,existence,positive,3,Can you spot a cabinet in the picture?,,yes,yes_no,yes|no,ARKitScenes/3dod/Training/47332508/47332508_frames/lowres_wide/47332508_343863.710.png,ARKitScenes/3dod/Training/47332508/47332508_frames/lowres_depth/47332508_343863.710.png,rule,"{""concept"": ""cabinet"", ""object_index"": 12, ""area_frac"": 0.12325643874148107}"
train_000602,42446017/134585.617,42446017,lidar,unknown,train,nearest_object,,5,Which object is closest in distance to the table?,,sofa,object,,ARKitScenes/3dod/Training/42446017/42446017_frames/lowres_wide/42446017_134585.617.png,ARKitScenes/3dod/Training/42446017/42446017_frames/lowres_depth/42446017_134585.617.png,rule,"{""anchor_concept"": ""table"", ""anchor_object_index"": 2, ""answer_concept"": ""sofa"", ""answer_object_index"": 1, ""nearest_distance_m"": 0.602, ""second_nearest_distance_m"": 0.907}"
train_000603,43895917/111344.255,43895917,lidar,unknown,train,left_right,,4,"Which side of the sink is the table on, left or right?",,right,choice,left|right,ARKitScenes/3dod/Training/43895917/43895917_frames/lowres_wide/43895917_111344.255.png,ARKitScenes/3dod/Training/43895917/43895917_frames/lowres_depth/43895917_111344.255.png,rule,"{""a_concept"": ""table"", ""b_concept"": ""sink"", ""a_centroid_x"": 108.96866263410918, ""b_centroid_x"": 32.388218703546585, ""horizontal_gap_px"": 76.5804439305626, ""image_width"": 256}"
train_000604,47430221/180210.216,47430221,lidar,unknown,train,existence,negative,0,Is there a cabinet in this room?,,no,yes_no,yes|no,ARKitScenes/3dod/Training/47430221/47430221_frames/lowres_wide/47430221_180210.216.png,ARKitScenes/3dod/Training/47430221/47430221_frames/lowres_depth/47430221_180210.216.png,rule,"{""concept"": ""cabinet"", ""reason"": ""category_or_scene_type_plausible""}"
train_000605,45260957/5950.712,45260957,lidar,unknown,train,identify_superlative,closest_camera,0,"Not counting the walls, floor, or ceiling, which object is closest to the camera?",,cabinet,object,,ARKitScenes/3dod/Training/45260957/45260957_frames/lowres_wide/45260957_5950.712.png,ARKitScenes/3dod/Training/45260957/45260957_frames/lowres_depth/45260957_5950.712.png,rule,"{""winner_concept"": ""cabinet"", ""winner_object_index"": 7, ""winner_area_frac"": 0.055297438339834915, ""winner_depth_m"": 1.5959999561309814, ""runner_up_concept"": ""chair"", ""runner_up_area_frac"": 0.019824793876824388, ""runner_up_depth_m"": 2.760999917984009}"
train_000606,47332025/202659.909,47332025,lidar,unknown,train,relative_depth,farther,5,"Which one is farther, the shelf or the table?",,shelf,choice,shelf|table,ARKitScenes/3dod/Training/47332025/47332025_frames/lowres_wide/47332025_202659.909.png,ARKitScenes/3dod/Training/47332025/47332025_frames/lowres_depth/47332025_202659.909.png,rule,"{""a_concept"": ""table"", ""a_depth_m"": 1.7615000009536743, ""b_concept"": ""shelf"", ""b_depth_m"": 3.4619998931884766, ""comparative"": ""farther"", ""answer_concept"": ""shelf""}"
train_000607,47332501/342400.330,47332501,lidar,unknown,train,nearest_object,,0,What is the closest object to the cabinet?,,stove,object,,ARKitScenes/3dod/Training/47332501/47332501_frames/lowres_wide/47332501_342400.330.png,ARKitScenes/3dod/Training/47332501/47332501_frames/lowres_depth/47332501_342400.330.png,rule,"{""anchor_concept"": ""cabinet"", ""anchor_object_index"": 11, ""answer_concept"": ""stove"", ""answer_object_index"": 12, ""nearest_distance_m"": 0.24, ""second_nearest_distance_m"": 0.393}"
train_000608,42898689/577257.817,42898689,lidar,unknown,train,identify_superlative,farthest_camera,3,"Ignoring the walls, floor, and ceiling, what object is farthest from the viewer?",,shelf,object,,ARKitScenes/3dod/Training/42898689/42898689_frames/lowres_wide/42898689_577257.817.png,ARKitScenes/3dod/Training/42898689/42898689_frames/lowres_depth/42898689_577257.817.png,rule,"{""winner_concept"": ""shelf"", ""winner_object_index"": 3, ""winner_area_frac"": 0.13567630898310604, ""winner_depth_m"": 3.049999952316284, ""runner_up_concept"": null, ""runner_up_area_frac"": null, ""runner_up_depth_m"": null}"
train_000609,43896224/4905.115,43896224,lidar,unknown,train,relative_depth,farther,0,"Which is farther from the camera, the toilet or the bathtub?",,toilet,choice,toilet|bathtub,ARKitScenes/3dod/Training/43896224/43896224_frames/lowres_wide/43896224_4905.115.png,ARKitScenes/3dod/Training/43896224/43896224_frames/lowres_depth/43896224_4905.115.png,rule,"{""a_concept"": ""bathtub"", ""a_depth_m"": 1.2920000553131104, ""b_concept"": ""toilet"", ""b_depth_m"": 1.6729999780654907, ""comparative"": ""farther"", ""answer_concept"": ""toilet""}"
train_000610,41126744/3004.010,41126744,lidar,unknown,train,existence,negative,4,Is a bathtub present in this scene?,,no,yes_no,yes|no,ARKitScenes/3dod/Training/41126744/41126744_frames/lowres_wide/41126744_3004.010.png,ARKitScenes/3dod/Training/41126744/41126744_frames/lowres_depth/41126744_3004.010.png,rule,"{""concept"": ""bathtub"", ""reason"": ""category_or_scene_type_plausible""}"
train_000611,47115518/13324.488,47115518,lidar,unknown,train,left_right,,0,Is the sink to the left or to the right of the toilet?,,left,choice,left|right,ARKitScenes/3dod/Training/47115518/47115518_frames/lowres_wide/47115518_13324.488.png,ARKitScenes/3dod/Training/47115518/47115518_frames/lowres_depth/47115518_13324.488.png,rule,"{""a_concept"": ""sink"", ""b_concept"": ""toilet"", ""a_centroid_x"": 102.80033591410233, ""b_centroid_x"": 174.9122939085981, ""horizontal_gap_px"": 72.11195799449575, ""image_width"": 256}"
train_000612,48458245/78528.119,48458245,lidar,unknown,train,existence,positive,3,Can you spot a cabinet in the picture?,,yes,yes_no,yes|no,ARKitScenes/3dod/Training/48458245/48458245_frames/lowres_wide/48458245_78528.119.png,ARKitScenes/3dod/Training/48458245/48458245_frames/lowres_depth/48458245_78528.119.png,rule,"{""concept"": ""cabinet"", ""object_index"": 10, ""area_frac"": 0.18781117962595098}"
train_000613,45260984/20783.603,45260984,lidar,unknown,train,existence,positive,0,Is there a cabinet in this room?,,yes,yes_no,yes|no,ARKitScenes/3dod/Training/45260984/45260984_frames/lowres_wide/45260984_20783.603.png,ARKitScenes/3dod/Training/45260984/45260984_frames/lowres_depth/45260984_20783.603.png,rule,"{""concept"": ""cabinet"", ""object_index"": 5, ""area_frac"": 0.17390969425967942}"
train_000614,44796236/3113.942,44796236,lidar,unknown,train,nearest_object,,2,What sits closest to the table?,,cabinet,object,,ARKitScenes/3dod/Training/44796236/44796236_frames/lowres_wide/44796236_3113.942.png,ARKitScenes/3dod/Training/44796236/44796236_frames/lowres_depth/44796236_3113.942.png,rule,"{""anchor_concept"": ""table"", ""anchor_object_index"": 0, ""answer_concept"": ""cabinet"", ""answer_object_index"": 7, ""nearest_distance_m"": 0.382, ""second_nearest_distance_m"": 0.64}"
train_000615,47331536/4457.797,47331536,lidar,unknown,train,nearest_object,,3,Which item is positioned nearest to the table?,,television,object,,ARKitScenes/3dod/Training/47331536/47331536_frames/lowres_wide/47331536_4457.797.png,ARKitScenes/3dod/Training/47331536/47331536_frames/lowres_depth/47331536_4457.797.png,rule,"{""anchor_concept"": ""table"", ""anchor_object_index"": 4, ""answer_concept"": ""television"", ""answer_object_index"": 5, ""nearest_distance_m"": 0.364, ""second_nearest_distance_m"": 0.795}"
train_000616,41254551/136552.730,41254551,lidar,unknown,train,nearest_object,,1,Which object is nearest to the table?,,stool,object,,ARKitScenes/3dod/Training/41254551/41254551_frames/lowres_wide/41254551_136552.730.png,ARKitScenes/3dod/Training/41254551/41254551_frames/lowres_depth/41254551_136552.730.png,rule,"{""anchor_concept"": ""table"", ""anchor_object_index"": 2, ""answer_concept"": ""stool"", ""answer_object_index"": 4, ""nearest_distance_m"": 0.038, ""second_nearest_distance_m"": 0.839}"
train_000617,43828390/94779.021,43828390,lidar,unknown,train,identify_superlative,closest_camera,5,"Excluding the walls, floor, and ceiling, what is the closest visible object to the camera?",,toilet,object,,ARKitScenes/3dod/Training/43828390/43828390_frames/lowres_wide/43828390_94779.021.png,ARKitScenes/3dod/Training/43828390/43828390_frames/lowres_depth/43828390_94779.021.png,rule,"{""winner_concept"": ""toilet"", ""winner_object_index"": 5, ""winner_area_frac"": 0.3039372481329199, ""winner_depth_m"": 1.187000036239624, ""runner_up_concept"": null, ""runner_up_area_frac"": null, ""runner_up_depth_m"": null}"
train_000618,41125512/2920.060,41125512,lidar,unknown,train,left_right,,0,Is the shelf to the left or to the right of the chair?,,right,choice,left|right,ARKitScenes/3dod/Training/41125512/41125512_frames/lowres_wide/41125512_2920.060.png,ARKitScenes/3dod/Training/41125512/41125512_frames/lowres_depth/41125512_2920.060.png,rule,"{""a_concept"": ""shelf"", ""b_concept"": ""chair"", ""a_centroid_x"": 170.0732708046621, ""b_centroid_x"": 105.76327077533463, ""horizontal_gap_px"": 64.31000002932745, ""image_width"": 256}"
train_000619,44358306/17412.643,44358306,lidar,unknown,train,relative_depth,farther,0,"Which is farther from the camera, the television or the fireplace?",,fireplace,choice,television|fireplace,ARKitScenes/3dod/Training/44358306/44358306_frames/lowres_wide/44358306_17412.643.png,ARKitScenes/3dod/Training/44358306/44358306_frames/lowres_depth/44358306_17412.643.png,rule,"{""a_concept"": ""fireplace"", ""a_depth_m"": 1.9989999532699585, ""b_concept"": ""television"", ""b_depth_m"": 1.6349999904632568, ""comparative"": ""farther"", ""answer_concept"": ""fireplace""}"
train_000620,48018791/18065.268,48018791,lidar,unknown,train,left_right,,3,Is the cabinet on the left side or the right side of the television?,,left,choice,left|right,ARKitScenes/3dod/Training/48018791/48018791_frames/lowres_wide/48018791_18065.268.png,ARKitScenes/3dod/Training/48018791/48018791_frames/lowres_depth/48018791_18065.268.png,rule,"{""a_concept"": ""cabinet"", ""b_concept"": ""television"", ""a_centroid_x"": 45.24643376686388, ""b_centroid_x"": 97.10967530468919, ""horizontal_gap_px"": 51.86324153782531, ""image_width"": 256}"
train_000621,41098062/2183.419,41098062,lidar,unknown,train,left_right,,1,"Relative to the toilet, is the sink on the left or the right?",,left,choice,left|right,ARKitScenes/3dod/Training/41098062/41098062_frames/lowres_wide/41098062_2183.419.png,ARKitScenes/3dod/Training/41098062/41098062_frames/lowres_depth/41098062_2183.419.png,rule,"{""a_concept"": ""sink"", ""b_concept"": ""toilet"", ""a_centroid_x"": 125.95279672675032, ""b_centroid_x"": 208.69353715290478, ""horizontal_gap_px"": 82.74074042615446, ""image_width"": 256}"
train_000622,48018760/15060.369,48018760,lidar,unknown,train,existence,negative,4,Is a television present in this scene?,,no,yes_no,yes|no,ARKitScenes/3dod/Training/48018760/48018760_frames/lowres_wide/48018760_15060.369.png,ARKitScenes/3dod/Training/48018760/48018760_frames/lowres_depth/48018760_15060.369.png,rule,"{""concept"": ""television"", ""reason"": ""category_or_scene_type_plausible""}"
train_000623,42898236/167732.341,42898236,lidar,unknown,train,identify_superlative,farthest_camera,4,"Not counting the room's walls, floor, or ceiling, which object is farthest away in this image?",,sofa,object,,ARKitScenes/3dod/Training/42898236/42898236_frames/lowres_wide/42898236_167732.341.png,ARKitScenes/3dod/Training/42898236/42898236_frames/lowres_depth/42898236_167732.341.png,rule,"{""winner_concept"": ""sofa"", ""winner_object_index"": 0, ""winner_area_frac"": 0.13922845135144737, ""winner_depth_m"": 2.0350000858306885, ""runner_up_concept"": ""sofa"", ""runner_up_area_frac"": 0.4239993711826475, ""runner_up_depth_m"": 1.593000054359436}"
train_000624,41254551/136552.730,41254551,lidar,unknown,train,relative_depth,closer,2,Is the sofa or the stool closer to the camera?,,sofa,choice,sofa|stool,ARKitScenes/3dod/Training/41254551/41254551_frames/lowres_wide/41254551_136552.730.png,ARKitScenes/3dod/Training/41254551/41254551_frames/lowres_depth/41254551_136552.730.png,rule,"{""a_concept"": ""sofa"", ""a_depth_m"": 3.7300000190734863, ""b_concept"": ""stool"", ""b_depth_m"": 4.4720001220703125, ""comparative"": ""closer"", ""answer_concept"": ""sofa""}"
train_000625,42898350/511466.283,42898350,lidar,unknown,train,left_right,,2,"Looking at the sofa, is the cabinet positioned on its left or right?",,left,choice,left|right,ARKitScenes/3dod/Training/42898350/42898350_frames/lowres_wide/42898350_511466.283.png,ARKitScenes/3dod/Training/42898350/42898350_frames/lowres_depth/42898350_511466.283.png,rule,"{""a_concept"": ""cabinet"", ""b_concept"": ""sofa"", ""a_centroid_x"": 10.996446065050828, ""b_centroid_x"": 75.9634381816291, ""horizontal_gap_px"": 64.96699211657827, ""image_width"": 256}"
train_000626,42899432/188686.742,42899432,lidar,unknown,train,nearest_object,,2,What sits closest to the table?,,sink,object,,ARKitScenes/3dod/Training/42899432/42899432_frames/lowres_wide/42899432_188686.742.png,ARKitScenes/3dod/Training/42899432/42899432_frames/lowres_depth/42899432_188686.742.png,rule,"{""anchor_concept"": ""table"", ""anchor_object_index"": 4, ""answer_concept"": ""sink"", ""answer_object_index"": 2, ""nearest_distance_m"": 0.158, ""second_nearest_distance_m"": 0.25}"
train_000627,44358121/62467.507,44358121,lidar,unknown,train,existence,negative,1,Do you see a cabinet here?,,no,yes_no,yes|no,ARKitScenes/3dod/Training/44358121/44358121_frames/lowres_wide/44358121_62467.507.png,ARKitScenes/3dod/Training/44358121/44358121_frames/lowres_depth/44358121_62467.507.png,rule,"{""concept"": ""cabinet"", ""reason"": ""category_or_scene_type_plausible""}"
train_000628,48018791/18065.268,48018791,lidar,unknown,train,relative_depth,farther,2,Is the television or the cabinet farther from the camera?,,cabinet,choice,television|cabinet,ARKitScenes/3dod/Training/48018791/48018791_frames/lowres_wide/48018791_18065.268.png,ARKitScenes/3dod/Training/48018791/48018791_frames/lowres_depth/48018791_18065.268.png,rule,"{""a_concept"": ""cabinet"", ""a_depth_m"": 1.5785000324249268, ""b_concept"": ""television"", ""b_depth_m"": 1.0529999732971191, ""comparative"": ""farther"", ""answer_concept"": ""cabinet""}"
train_000629,41125512/2930.073,41125512,lidar,unknown,train,left_right,,1,"Relative to the chair, is the shelf on the left or the right?",,left,choice,left|right,ARKitScenes/3dod/Training/41125512/41125512_frames/lowres_wide/41125512_2930.073.png,ARKitScenes/3dod/Training/41125512/41125512_frames/lowres_depth/41125512_2930.073.png,rule,"{""a_concept"": ""shelf"", ""b_concept"": ""chair"", ""a_centroid_x"": 37.986753552481275, ""b_centroid_x"": 63.90460214067386, ""horizontal_gap_px"": 25.917848588192584, ""image_width"": 256}"
train_000630,42898366/366002.771,42898366,lidar,unknown,train,relative_depth,closer,1,"Between the stove and the sink, which one is closer to the camera?",,stove,choice,stove|sink,ARKitScenes/3dod/Training/42898366/42898366_frames/lowres_wide/42898366_366002.771.png,ARKitScenes/3dod/Training/42898366/42898366_frames/lowres_depth/42898366_366002.771.png,rule,"{""a_concept"": ""stove"", ""a_depth_m"": 2.2109999656677246, ""b_concept"": ""sink"", ""b_depth_m"": 3.6750001907348633, ""comparative"": ""closer"", ""answer_concept"": ""stove""}"
train_000631,41098000/9246.105,41098000,lidar,unknown,train,existence,negative,5,Is there any cabinet visible in the image?,,no,yes_no,yes|no,ARKitScenes/3dod/Training/41098000/41098000_frames/lowres_wide/41098000_9246.105.png,ARKitScenes/3dod/Training/41098000/41098000_frames/lowres_depth/41098000_9246.105.png,rule,"{""concept"": ""cabinet"", ""reason"": ""category_or_scene_type_plausible""}"
train_000632,47204680/13272.591,47204680,lidar,unknown,train,existence,positive,4,Is a cabinet present in this scene?,,yes,yes_no,yes|no,ARKitScenes/3dod/Training/47204680/47204680_frames/lowres_wide/47204680_13272.591.png,ARKitScenes/3dod/Training/47204680/47204680_frames/lowres_depth/47204680_13272.591.png,rule,"{""concept"": ""cabinet"", ""object_index"": 0, ""area_frac"": 0.04422589478850391}"
train_000633,45261507/43446.959,45261507,lidar,unknown,train,existence,positive,0,Is there a cabinet in this room?,,yes,yes_no,yes|no,ARKitScenes/3dod/Training/45261507/45261507_frames/lowres_wide/45261507_43446.959.png,ARKitScenes/3dod/Training/45261507/45261507_frames/lowres_depth/45261507_43446.959.png,rule,"{""concept"": ""cabinet"", ""object_index"": 4, ""area_frac"": 0.6589926334999282}"
train_000634,47332025/202614.911,47332025,lidar,unknown,train,left_right,,1,"Relative to the sink, is the oven on the left or the right?",,right,choice,left|right,ARKitScenes/3dod/Training/47332025/47332025_frames/lowres_wide/47332025_202614.911.png,ARKitScenes/3dod/Training/47332025/47332025_frames/lowres_depth/47332025_202614.911.png,rule,"{""a_concept"": ""oven"", ""b_concept"": ""sink"", ""a_centroid_x"": 174.74156717721945, ""b_centroid_x"": 36.4167893713206, ""horizontal_gap_px"": 138.32477780589886, ""image_width"": 256}"
train_000635,42897512/472826.821,42897512,lidar,unknown,train,relative_depth,farther,3,"Which object is farther from the camera, the shelf or the stool?",,shelf,choice,shelf|stool,ARKitScenes/3dod/Training/42897512/42897512_frames/lowres_wide/42897512_472826.821.png,ARKitScenes/3dod/Training/42897512/42897512_frames/lowres_depth/42897512_472826.821.png,rule,"{""a_concept"": ""stool"", ""a_depth_m"": 1.5429999828338623, ""b_concept"": ""shelf"", ""b_depth_m"": 2.1619999408721924, ""comparative"": ""farther"", ""answer_concept"": ""shelf""}"
train_000636,45261509/43532.159,45261509,lidar,unknown,train,nearest_object,,5,Which object is closest in distance to the television?,,chair,object,,ARKitScenes/3dod/Training/45261509/45261509_frames/lowres_wide/45261509_43532.159.png,ARKitScenes/3dod/Training/45261509/45261509_frames/lowres_depth/45261509_43532.159.png,rule,"{""anchor_concept"": ""television"", ""anchor_object_index"": 19, ""answer_concept"": ""chair"", ""answer_object_index"": 13, ""nearest_distance_m"": 0.237, ""second_nearest_distance_m"": 0.488}"
train_000637,47334912/1089916.797,47334912,lidar,unknown,train,existence,negative,4,Is a television present in this scene?,,no,yes_no,yes|no,ARKitScenes/3dod/Training/47334912/47334912_frames/lowres_wide/47334912_1089916.797.png,ARKitScenes/3dod/Training/47334912/47334912_frames/lowres_depth/47334912_1089916.797.png,rule,"{""concept"": ""television"", ""reason"": ""category_or_scene_type_plausible""}"
train_000638,47895656/368592.185,47895656,lidar,unknown,train,left_right,,3,Is the shelf on the left side or the right side of the cabinet?,,left,choice,left|right,ARKitScenes/3dod/Training/47895656/47895656_frames/lowres_wide/47895656_368592.185.png,ARKitScenes/3dod/Training/47895656/47895656_frames/lowres_depth/47895656_368592.185.png,rule,"{""a_concept"": ""shelf"", ""b_concept"": ""cabinet"", ""a_centroid_x"": 12.629273028129068, ""b_centroid_x"": 52.582982358057045, ""horizontal_gap_px"": 39.953709329927975, ""image_width"": 256}"
train_000639,48458245/78514.025,48458245,lidar,unknown,train,nearest_object,,0,What is the closest object to the oven?,,cabinet,object,,ARKitScenes/3dod/Training/48458245/48458245_frames/lowres_wide/48458245_78514.025.png,ARKitScenes/3dod/Training/48458245/48458245_frames/lowres_depth/48458245_78514.025.png,rule,"{""anchor_concept"": ""oven"", ""anchor_object_index"": 5, ""answer_concept"": ""cabinet"", ""answer_object_index"": 6, ""nearest_distance_m"": 0.568, ""second_nearest_distance_m"": 1.24}"
train_000640,47430402/126563.511,47430402,lidar,unknown,train,identify_superlative,farthest_camera,1,"Excluding the walls, floor, and ceiling, what is the most distant object from the camera?",,cabinet,object,,ARKitScenes/3dod/Training/47430402/47430402_frames/lowres_wide/47430402_126563.511.png,ARKitScenes/3dod/Training/47430402/47430402_frames/lowres_depth/47430402_126563.511.png,rule,"{""winner_concept"": ""cabinet"", ""winner_object_index"": 3, ""winner_area_frac"": 0.273047574491801, ""winner_depth_m"": 1.1759999990463257, ""runner_up_concept"": ""sink"", ""runner_up_area_frac"": 0.03269105301677717, ""runner_up_depth_m"": 0.9350000023841858}"
train_000641,43828517/102984.413,43828517,lidar,unknown,train,identify_superlative,farthest_camera,1,"Excluding the walls, floor, and ceiling, what is the most distant object from the camera?",,sofa,object,,ARKitScenes/3dod/Training/43828517/43828517_frames/lowres_wide/43828517_102984.413.png,ARKitScenes/3dod/Training/43828517/43828517_frames/lowres_depth/43828517_102984.413.png,rule,"{""winner_concept"": ""sofa"", ""winner_object_index"": 5, ""winner_area_frac"": 0.2722445680346828, ""winner_depth_m"": 1.7410000562667847, ""runner_up_concept"": null, ""runner_up_area_frac"": null, ""runner_up_depth_m"": null}"
train_000642,47333653/126299.340,47333653,lidar,unknown,train,existence,positive,1,Do you see a television here?,,yes,yes_no,yes|no,ARKitScenes/3dod/Training/47333653/47333653_frames/lowres_wide/47333653_126299.340.png,ARKitScenes/3dod/Training/47333653/47333653_frames/lowres_depth/47333653_126299.340.png,rule,"{""concept"": ""television"", ""object_index"": 10, ""area_frac"": 0.13029854041075895}"
train_000643,47334482/103390.827,47334482,lidar,unknown,train,existence,positive,4,Is a cabinet present in this scene?,,yes,yes_no,yes|no,ARKitScenes/3dod/Training/47334482/47334482_frames/lowres_wide/47334482_103390.827.png,ARKitScenes/3dod/Training/47334482/47334482_frames/lowres_depth/47334482_103390.827.png,rule,"{""concept"": ""cabinet"", ""object_index"": 5, ""area_frac"": 0.4508690968763626}"
train_000644,47334589/165869.829,47334589,lidar,unknown,train,left_right,,1,"Relative to the shelf, is the toilet on the left or the right?",,right,choice,left|right,ARKitScenes/3dod/Training/47334589/47334589_frames/lowres_wide/47334589_165869.829.png,ARKitScenes/3dod/Training/47334589/47334589_frames/lowres_depth/47334589_165869.829.png,rule,"{""a_concept"": ""toilet"", ""b_concept"": ""shelf"", ""a_centroid_x"": 105.61443106034136, ""b_centroid_x"": 39.68581502504254, ""horizontal_gap_px"": 65.92861603529883, ""image_width"": 256}"
train_000645,42444735/77904.719,42444735,lidar,unknown,train,relative_depth,closer,3,"Which object is closer to the camera, the shelf or the table?",,table,choice,shelf|table,ARKitScenes/3dod/Training/42444735/42444735_frames/lowres_wide/42444735_77904.719.png,ARKitScenes/3dod/Training/42444735/42444735_frames/lowres_depth/42444735_77904.719.png,rule,"{""a_concept"": ""table"", ""a_depth_m"": 1.6540000438690186, ""b_concept"": ""shelf"", ""b_depth_m"": 2.7079999446868896, ""comparative"": ""closer"", ""answer_concept"": ""table""}"
train_000646,44358599/58380.830,44358599,lidar,unknown,train,identify_superlative,closest_camera,4,"Not counting the room's walls, floor, or ceiling, which object is closest to us in this image?",,table,object,,ARKitScenes/3dod/Training/44358599/44358599_frames/lowres_wide/44358599_58380.830.png,ARKitScenes/3dod/Training/44358599/44358599_frames/lowres_depth/44358599_58380.830.png,rule,"{""winner_concept"": ""table"", ""winner_object_index"": 2, ""winner_area_frac"": 0.39762743570971204, ""winner_depth_m"": 1.3229999542236328, ""runner_up_concept"": null, ""runner_up_area_frac"": null, ""runner_up_depth_m"": null}"
train_000647,47430449/1705.355,47430449,lidar,unknown,train,existence,negative,1,Do you see a sofa here?,,no,yes_no,yes|no,ARKitScenes/3dod/Training/47430449/47430449_frames/lowres_wide/47430449_1705.355.png,ARKitScenes/3dod/Training/47430449/47430449_frames/lowres_depth/47430449_1705.355.png,rule,"{""concept"": ""sofa"", ""reason"": ""category_or_scene_type_plausible""}"
train_000648,42898160/143104.369,42898160,lidar,unknown,train,relative_depth,closer,0,"Which is closer to the camera, the refrigerator or the stool?",,stool,choice,refrigerator|stool,ARKitScenes/3dod/Training/42898160/42898160_frames/lowres_wide/42898160_143104.369.png,ARKitScenes/3dod/Training/42898160/42898160_frames/lowres_depth/42898160_143104.369.png,rule,"{""a_concept"": ""stool"", ""a_depth_m"": 2.328000068664551, ""b_concept"": ""refrigerator"", ""b_depth_m"": 2.683000087738037, ""comparative"": ""closer"", ""answer_concept"": ""stool""}"
train_000649,42446485/355943.674,42446485,lidar,unknown,train,left_right,,4,"Which side of the cabinet is the sofa on, left or right?",,right,choice,left|right,ARKitScenes/3dod/Training/42446485/42446485_frames/lowres_wide/42446485_355943.674.png,ARKitScenes/3dod/Training/42446485/42446485_frames/lowres_depth/42446485_355943.674.png,rule,"{""a_concept"": ""sofa"", ""b_concept"": ""cabinet"", ""a_centroid_x"": 159.34219577214114, ""b_centroid_x"": 43.854569894127, ""horizontal_gap_px"": 115.48762587801414, ""image_width"": 256}"
train_000650,47334938/663119.104,47334938,lidar,unknown,train,nearest_object,,3,Which item is positioned nearest to the cabinet?,,sofa,object,,ARKitScenes/3dod/Training/47334938/47334938_frames/lowres_wide/47334938_663119.104.png,ARKitScenes/3dod/Training/47334938/47334938_frames/lowres_depth/47334938_663119.104.png,rule,"{""anchor_concept"": ""cabinet"", ""anchor_object_index"": 14, ""answer_concept"": ""sofa"", ""answer_object_index"": 16, ""nearest_distance_m"": 0.345, ""second_nearest_distance_m"": 1.101}"
train_000651,48018932/554660.011,48018932,lidar,unknown,train,existence,positive,0,Is there a cabinet in this room?,,yes,yes_no,yes|no,ARKitScenes/3dod/Training/48018932/48018932_frames/lowres_wide/48018932_554660.011.png,ARKitScenes/3dod/Training/48018932/48018932_frames/lowres_depth/48018932_554660.011.png,rule,"{""concept"": ""cabinet"", ""object_index"": 0, ""area_frac"": 0.10119861356365238}"
train_000652,42898943/819562.095,42898943,lidar,unknown,train,existence,positive,1,Do you see a cabinet here?,,yes,yes_no,yes|no,ARKitScenes/3dod/Training/42898943/42898943_frames/lowres_wide/42898943_819562.095.png,ARKitScenes/3dod/Training/42898943/42898943_frames/lowres_depth/42898943_819562.095.png,rule,"{""concept"": ""cabinet"", ""object_index"": 1, ""area_frac"": 0.4939513133851861}"
train_000653,47333175/44100.882,47333175,lidar,unknown,train,left_right,,0,Is the chair to the left or to the right of the cabinet?,,right,choice,left|right,ARKitScenes/3dod/Training/47333175/47333175_frames/lowres_wide/47333175_44100.882.png,ARKitScenes/3dod/Training/47333175/47333175_frames/lowres_depth/47333175_44100.882.png,rule,"{""a_concept"": ""chair"", ""b_concept"": ""cabinet"", ""a_centroid_x"": 241.22882913992547, ""b_centroid_x"": 31.0255681309037, ""horizontal_gap_px"": 210.20326100902176, ""image_width"": 256}"
train_000654,47670116/41774.101,47670116,lidar,unknown,train,left_right,,1,"Relative to the chair, is the table on the left or the right?",,right,choice,left|right,ARKitScenes/3dod/Training/47670116/47670116_frames/lowres_wide/47670116_41774.101.png,ARKitScenes/3dod/Training/47670116/47670116_frames/lowres_depth/47670116_41774.101.png,rule,"{""a_concept"": ""table"", ""b_concept"": ""chair"", ""a_centroid_x"": 204.98019725071944, ""b_centroid_x"": 52.07203360082167, ""horizontal_gap_px"": 152.90816364989777, ""image_width"": 256}"
train_000655,47334938/663173.615,47334938,lidar,unknown,train,relative_depth,closer,3,"Which object is closer to the camera, the dishwasher or the chair?",,dishwasher,choice,dishwasher|chair,ARKitScenes/3dod/Training/47334938/47334938_frames/lowres_wide/47334938_663173.615.png,ARKitScenes/3dod/Training/47334938/47334938_frames/lowres_depth/47334938_663173.615.png,rule,"{""a_concept"": ""dishwasher"", ""a_depth_m"": 0.8690000176429749, ""b_concept"": ""chair"", ""b_depth_m"": 1.5820000171661377, ""comparative"": ""closer"", ""answer_concept"": ""dishwasher""}"
train_000656,47333699/48855.930,47333699,lidar,unknown,train,left_right,,1,"Relative to the stove, is the cabinet on the left or the right?",,left,choice,left|right,ARKitScenes/3dod/Training/47333699/47333699_frames/lowres_wide/47333699_48855.930.png,ARKitScenes/3dod/Training/47333699/47333699_frames/lowres_depth/47333699_48855.930.png,rule,"{""a_concept"": ""cabinet"", ""b_concept"": ""stove"", ""a_centroid_x"": 33.93500145725783, ""b_centroid_x"": 110.30130449170183, ""horizontal_gap_px"": 76.366303034444, ""image_width"": 256}"
train_000657,47333846/74871.251,47333846,lidar,unknown,train,relative_depth,closer,5,"Which one is closer, the cabinet or the sofa?",,cabinet,choice,cabinet|sofa,ARKitScenes/3dod/Training/47333846/47333846_frames/lowres_wide/47333846_74871.251.png,ARKitScenes/3dod/Training/47333846/47333846_frames/lowres_depth/47333846_74871.251.png,rule,"{""a_concept"": ""sofa"", ""a_depth_m"": 1.8630000352859497, ""b_concept"": ""cabinet"", ""b_depth_m"": 1.253999948501587, ""comparative"": ""closer"", ""answer_concept"": ""cabinet""}"
train_000658,45662829/15157.124,45662829,lidar,unknown,train,existence,negative,1,Do you see a shelf here?,,no,yes_no,yes|no,ARKitScenes/3dod/Training/45662829/45662829_frames/lowres_wide/45662829_15157.124.png,ARKitScenes/3dod/Training/45662829/45662829_frames/lowres_depth/45662829_15157.124.png,rule,"{""concept"": ""shelf"", ""reason"": ""category_or_scene_type_plausible""}"
train_000659,48018486/529042.885,48018486,lidar,unknown,train,identify_superlative,closest_camera,4,"Not counting the room's walls, floor, or ceiling, which object is closest to us in this image?",,sofa,object,,ARKitScenes/3dod/Training/48018486/48018486_frames/lowres_wide/48018486_529042.885.png,ARKitScenes/3dod/Training/48018486/48018486_frames/lowres_depth/48018486_529042.885.png,rule,"{""winner_concept"": ""sofa"", ""winner_object_index"": 9, ""winner_area_frac"": 0.2013965928629203, ""winner_depth_m"": 1.3179999589920044, ""runner_up_concept"": ""chair"", ""runner_up_area_frac"": 0.12503005118531083, ""runner_up_depth_m"": 1.875499963760376}"
train_000660,42897890/345003.425,42897890,lidar,unknown,train,identify_superlative,closest_camera,0,"Not counting the walls, floor, or ceiling, which object is closest to the camera?",,television,object,,ARKitScenes/3dod/Training/42897890/42897890_frames/lowres_wide/42897890_345003.425.png,ARKitScenes/3dod/Training/42897890/42897890_frames/lowres_depth/42897890_345003.425.png,rule,"{""winner_concept"": ""television"", ""winner_object_index"": 8, ""winner_area_frac"": 0.13850927352774708, ""winner_depth_m"": 0.8700000047683716, ""runner_up_concept"": ""table"", ""runner_up_area_frac"": 0.2530175520479049, ""runner_up_depth_m"": 1.1410000324249268}"
train_000661,47331527/191812.506,47331527,lidar,unknown,train,existence,positive,4,Is a bathtub present in this scene?,,yes,yes_no,yes|no,ARKitScenes/3dod/Training/47331527/47331527_frames/lowres_wide/47331527_191812.506.png,ARKitScenes/3dod/Training/47331527/47331527_frames/lowres_depth/47331527_191812.506.png,rule,"{""concept"": ""bathtub"", ""object_index"": 0, ""area_frac"": 0.4957759730777133}"
train_000662,41098157/2739.746,41098157,lidar,unknown,train,identify_superlative,closest_camera,4,"Not counting the room's walls, floor, or ceiling, which object is closest to us in this image?",,bed,object,,ARKitScenes/3dod/Training/41098157/41098157_frames/lowres_wide/41098157_2739.746.png,ARKitScenes/3dod/Training/41098157/41098157_frames/lowres_depth/41098157_2739.746.png,rule,"{""winner_concept"": ""bed"", ""winner_object_index"": 1, ""winner_area_frac"": 0.49700955660295243, ""winner_depth_m"": 1.0460000038146973, ""runner_up_concept"": null, ""runner_up_area_frac"": null, ""runner_up_depth_m"": null}"
train_000663,47895320/92475.111,47895320,lidar,unknown,train,nearest_object,,3,Which item is positioned nearest to the cabinet?,,table,object,,ARKitScenes/3dod/Training/47895320/47895320_frames/lowres_wide/47895320_92475.111.png,ARKitScenes/3dod/Training/47895320/47895320_frames/lowres_depth/47895320_92475.111.png,rule,"{""anchor_concept"": ""cabinet"", ""anchor_object_index"": 2, ""answer_concept"": ""table"", ""answer_object_index"": 1, ""nearest_distance_m"": 0.564, ""second_nearest_distance_m"": 1.034}"
train_000664,43828555/101381.327,43828555,lidar,unknown,train,existence,negative,5,Is there any television visible in the image?,,no,yes_no,yes|no,ARKitScenes/3dod/Training/43828555/43828555_frames/lowres_wide/43828555_101381.327.png,ARKitScenes/3dod/Training/43828555/43828555_frames/lowres_depth/43828555_101381.327.png,rule,"{""concept"": ""television"", ""reason"": ""category_or_scene_type_plausible""}"
train_000665,48458766/142219.459,48458766,lidar,unknown,train,existence,positive,1,Do you see a shelf here?,,yes,yes_no,yes|no,ARKitScenes/3dod/Training/48458766/48458766_frames/lowres_wide/48458766_142219.459.png,ARKitScenes/3dod/Training/48458766/48458766_frames/lowres_depth/48458766_142219.459.png,rule,"{""concept"": ""shelf"", ""object_index"": 3, ""area_frac"": 0.055222999187942524}"
train_000666,42898903/817071.760,42898903,lidar,unknown,train,nearest_object,,2,What sits closest to the cabinet?,,stool,object,,ARKitScenes/3dod/Training/42898903/42898903_frames/lowres_wide/42898903_817071.760.png,ARKitScenes/3dod/Training/42898903/42898903_frames/lowres_depth/42898903_817071.760.png,rule,"{""anchor_concept"": ""cabinet"", ""anchor_object_index"": 15, ""answer_concept"": ""stool"", ""answer_object_index"": 14, ""nearest_distance_m"": 0.894, ""second_nearest_distance_m"": 2.614}"
train_000667,44796226/2514.540,44796226,lidar,unknown,train,identify_superlative,closest_camera,5,"Excluding the walls, floor, and ceiling, what is the closest visible object to the camera?",,table,object,,ARKitScenes/3dod/Training/44796226/44796226_frames/lowres_wide/44796226_2514.540.png,ARKitScenes/3dod/Training/44796226/44796226_frames/lowres_depth/44796226_2514.540.png,rule,"{""winner_concept"": ""table"", ""winner_object_index"": 3, ""winner_area_frac"": 0.08511745097552297, ""winner_depth_m"": 2.4820001125335693, ""runner_up_concept"": null, ""runner_up_area_frac"": null, ""runner_up_depth_m"": null}"
train_000668,41048225/7359.431,41048225,lidar,unknown,train,identify_superlative,closest_camera,1,"Excluding the walls, floor, and ceiling, what is the nearest object to the camera?",,cabinet,object,,ARKitScenes/3dod/Training/41048225/41048225_frames/lowres_wide/41048225_7359.431.png,ARKitScenes/3dod/Training/41048225/41048225_frames/lowres_depth/41048225_7359.431.png,rule,"{""winner_concept"": ""cabinet"", ""winner_object_index"": 18, ""winner_area_frac"": 0.05508229214168544, ""winner_depth_m"": 0.8960000276565552, ""runner_up_concept"": ""stove"", ""runner_up_area_frac"": 0.010573656285407075, ""runner_up_depth_m"": 1.093500018119812}"
train_000669,47430314/264804.461,47430314,lidar,unknown,train,existence,positive,1,Do you see a television here?,,yes,yes_no,yes|no,ARKitScenes/3dod/Training/47430314/47430314_frames/lowres_wide/47430314_264804.461.png,ARKitScenes/3dod/Training/47430314/47430314_frames/lowres_depth/47430314_264804.461.png,rule,"{""concept"": ""television"", ""object_index"": 7, ""area_frac"": 0.11357661978326133}"
train_000670,48018549/830128.645,48018549,lidar,unknown,train,relative_depth,closer,1,"Between the cabinet and the shelf, which one is closer to the camera?",,shelf,choice,cabinet|shelf,ARKitScenes/3dod/Training/48018549/48018549_frames/lowres_wide/48018549_830128.645.png,ARKitScenes/3dod/Training/48018549/48018549_frames/lowres_depth/48018549_830128.645.png,rule,"{""a_concept"": ""cabinet"", ""a_depth_m"": 2.437000036239624, ""b_concept"": ""shelf"", ""b_depth_m"": 1.184000015258789, ""comparative"": ""closer"", ""answer_concept"": ""shelf""}"
train_000671,47895946/404944.685,47895946,lidar,unknown,train,relative_depth,farther,0,"Which is farther from the camera, the shelf or the washer?",,washer,choice,shelf|washer,ARKitScenes/3dod/Training/47895946/47895946_frames/lowres_wide/47895946_404944.685.png,ARKitScenes/3dod/Training/47895946/47895946_frames/lowres_depth/47895946_404944.685.png,rule,"{""a_concept"": ""washer"", ""a_depth_m"": 2.828000068664551, ""b_concept"": ""shelf"", ""b_depth_m"": 1.815000057220459, ""comparative"": ""farther"", ""answer_concept"": ""washer""}"
train_000672,42899799/252807.476,42899799,lidar,unknown,train,left_right,,4,"Which side of the toilet is the sink on, left or right?",,right,choice,left|right,ARKitScenes/3dod/Training/42899799/42899799_frames/lowres_wide/42899799_252807.476.png,ARKitScenes/3dod/Training/42899799/42899799_frames/lowres_depth/42899799_252807.476.png,rule,"{""a_concept"": ""sink"", ""b_concept"": ""toilet"", ""a_centroid_x"": 56.16670652604669, ""b_centroid_x"": 19.490291895709245, ""horizontal_gap_px"": 36.67641463033745, ""image_width"": 256}"
train_000673,47333110/108837.097,47333110,lidar,unknown,train,relative_depth,closer,3,"Which object is closer to the camera, the television or the table?",,table,choice,television|table,ARKitScenes/3dod/Training/47333110/47333110_frames/lowres_wide/47333110_108837.097.png,ARKitScenes/3dod/Training/47333110/47333110_frames/lowres_depth/47333110_108837.097.png,rule,"{""a_concept"": ""table"", ""a_depth_m"": 1.312000036239624, ""b_concept"": ""television"", ""b_depth_m"": 2.6089999675750732, ""comparative"": ""closer"", ""answer_concept"": ""table""}"
train_000674,47332508/343884.485,47332508,lidar,unknown,train,relative_depth,closer,1,"Between the cabinet and the sofa, which one is closer to the camera?",,sofa,choice,cabinet|sofa,ARKitScenes/3dod/Training/47332508/47332508_frames/lowres_wide/47332508_343884.485.png,ARKitScenes/3dod/Training/47332508/47332508_frames/lowres_depth/47332508_343884.485.png,rule,"{""a_concept"": ""sofa"", ""a_depth_m"": 1.215000033378601, ""b_concept"": ""cabinet"", ""b_depth_m"": 2.1480000019073486, ""comparative"": ""closer"", ""answer_concept"": ""sofa""}"
train_000675,42898247/167673.047,42898247,lidar,unknown,train,left_right,,3,Is the sofa on the left side or the right side of the television?,,right,choice,left|right,ARKitScenes/3dod/Training/42898247/42898247_frames/lowres_wide/42898247_167673.047.png,ARKitScenes/3dod/Training/42898247/42898247_frames/lowres_depth/42898247_167673.047.png,rule,"{""a_concept"": ""sofa"", ""b_concept"": ""television"", ""a_centroid_x"": 227.80664454175096, ""b_centroid_x"": 184.30978244717636, ""horizontal_gap_px"": 43.496862094574595, ""image_width"": 256}"
train_000676,45663218/65595.316,45663218,lidar,unknown,train,relative_depth,closer,1,"Between the chair and the cabinet, which one is closer to the camera?",,chair,choice,chair|cabinet,ARKitScenes/3dod/Training/45663218/45663218_frames/lowres_wide/45663218_65595.316.png,ARKitScenes/3dod/Training/45663218/45663218_frames/lowres_depth/45663218_65595.316.png,rule,"{""a_concept"": ""chair"", ""a_depth_m"": 1.9170000553131104, ""b_concept"": ""cabinet"", ""b_depth_m"": 3.821000099182129, ""comparative"": ""closer"", ""answer_concept"": ""chair""}"
train_000677,42898454/156506.810,42898454,lidar,unknown,train,identify_superlative,closest_camera,5,"Excluding the walls, floor, and ceiling, what is the closest visible object to the camera?",,cabinet,object,,ARKitScenes/3dod/Training/42898454/42898454_frames/lowres_wide/42898454_156506.810.png,ARKitScenes/3dod/Training/42898454/42898454_frames/lowres_depth/42898454_156506.810.png,rule,"{""winner_concept"": ""cabinet"", ""winner_object_index"": 8, ""winner_area_frac"": 0.19914444342879187, ""winner_depth_m"": 1.6380000114440918, ""runner_up_concept"": null, ""runner_up_area_frac"": null, ""runner_up_depth_m"": null}"
train_000678,42899750/247445.443,42899750,lidar,unknown,train,existence,negative,4,Is a cabinet present in this scene?,,no,yes_no,yes|no,ARKitScenes/3dod/Training/42899750/42899750_frames/lowres_wide/42899750_247445.443.png,ARKitScenes/3dod/Training/42899750/42899750_frames/lowres_depth/42899750_247445.443.png,rule,"{""concept"": ""cabinet"", ""reason"": ""category_or_scene_type_plausible""}"
train_000679,47332653/369044.481,47332653,lidar,unknown,train,left_right,,1,"Relative to the table, is the sofa on the left or the right?",,right,choice,left|right,ARKitScenes/3dod/Training/47332653/47332653_frames/lowres_wide/47332653_369044.481.png,ARKitScenes/3dod/Training/47332653/47332653_frames/lowres_depth/47332653_369044.481.png,rule,"{""a_concept"": ""sofa"", ""b_concept"": ""table"", ""a_centroid_x"": 78.95552495377112, ""b_centroid_x"": 32.192989591498296, ""horizontal_gap_px"": 46.76253536227282, ""image_width"": 256}"
train_000680,45260947/4634.912,45260947,lidar,unknown,train,relative_depth,farther,3,"Which object is farther from the camera, the cabinet or the shelf?",,shelf,choice,cabinet|shelf,ARKitScenes/3dod/Training/45260947/45260947_frames/lowres_wide/45260947_4634.912.png,ARKitScenes/3dod/Training/45260947/45260947_frames/lowres_depth/45260947_4634.912.png,rule,"{""a_concept"": ""cabinet"", ""a_depth_m"": 2.2690000534057617, ""b_concept"": ""shelf"", ""b_depth_m"": 3.1110000610351562, ""comparative"": ""farther"", ""answer_concept"": ""shelf""}"
train_000681,47895206/39978.969,47895206,lidar,unknown,train,identify_superlative,closest_camera,0,"Not counting the walls, floor, or ceiling, which object is closest to the camera?",,cabinet,object,,ARKitScenes/3dod/Training/47895206/47895206_frames/lowres_wide/47895206_39978.969.png,ARKitScenes/3dod/Training/47895206/47895206_frames/lowres_depth/47895206_39978.969.png,rule,"{""winner_concept"": ""cabinet"", ""winner_object_index"": 2, ""winner_area_frac"": 0.12120095690774853, ""winner_depth_m"": 2.313999891281128, ""runner_up_concept"": null, ""runner_up_area_frac"": null, ""runner_up_depth_m"": null}"
train_000682,45663052/36252.083,45663052,lidar,unknown,train,existence,positive,1,Do you see a television here?,,yes,yes_no,yes|no,ARKitScenes/3dod/Training/45663052/45663052_frames/lowres_wide/45663052_36252.083.png,ARKitScenes/3dod/Training/45663052/45663052_frames/lowres_depth/45663052_36252.083.png,rule,"{""concept"": ""television"", ""object_index"": 4, ""area_frac"": 0.16234806015309922}"
train_000683,43828517/102965.904,43828517,lidar,unknown,train,existence,negative,0,Is there a cabinet in this room?,,no,yes_no,yes|no,ARKitScenes/3dod/Training/43828517/43828517_frames/lowres_wide/43828517_102965.904.png,ARKitScenes/3dod/Training/43828517/43828517_frames/lowres_depth/43828517_102965.904.png,rule,"{""concept"": ""cabinet"", ""reason"": ""category_or_scene_type_plausible""}"
train_000684,42445462/151055.348,42445462,lidar,unknown,train,left_right,,4,"Which side of the stove is the cabinet on, left or right?",,right,choice,left|right,ARKitScenes/3dod/Training/42445462/42445462_frames/lowres_wide/42445462_151055.348.png,ARKitScenes/3dod/Training/42445462/42445462_frames/lowres_depth/42445462_151055.348.png,rule,"{""a_concept"": ""cabinet"", ""b_concept"": ""stove"", ""a_centroid_x"": 153.52886380675932, ""b_centroid_x"": 96.70806252289682, ""horizontal_gap_px"": 56.820801283862494, ""image_width"": 256}"
train_000685,47429883/367991.543,47429883,lidar,unknown,train,identify_superlative,farthest_camera,5,"Excluding the walls, floor, and ceiling, what is the most distant visible object in the scene?",,table,object,,ARKitScenes/3dod/Training/47429883/47429883_frames/lowres_wide/47429883_367991.543.png,ARKitScenes/3dod/Training/47429883/47429883_frames/lowres_depth/47429883_367991.543.png,rule,"{""winner_concept"": ""table"", ""winner_object_index"": 8, ""winner_area_frac"": 0.034325796235725965, ""winner_depth_m"": 2.74399995803833, ""runner_up_concept"": null, ""runner_up_area_frac"": null, ""runner_up_depth_m"": null}"
train_000686,48458766/142243.750,48458766,lidar,unknown,train,left_right,,4,"Which side of the cabinet is the bed on, left or right?",,right,choice,left|right,ARKitScenes/3dod/Training/48458766/48458766_frames/lowres_wide/48458766_142243.750.png,ARKitScenes/3dod/Training/48458766/48458766_frames/lowres_depth/48458766_142243.750.png,rule,"{""a_concept"": ""bed"", ""b_concept"": ""cabinet"", ""a_centroid_x"": 226.73144654400778, ""b_centroid_x"": 135.7806652886445, ""horizontal_gap_px"": 90.95078125536327, ""image_width"": 256}"
train_000687,47332819/48893.210,47332819,lidar,unknown,train,relative_depth,closer,1,"Between the shelf and the television, which one is closer to the camera?",,shelf,choice,shelf|television,ARKitScenes/3dod/Training/47332819/47332819_frames/lowres_wide/47332819_48893.210.png,ARKitScenes/3dod/Training/47332819/47332819_frames/lowres_depth/47332819_48893.210.png,rule,"{""a_concept"": ""shelf"", ""a_depth_m"": 1.253999948501587, ""b_concept"": ""television"", ""b_depth_m"": 1.9709999561309814, ""comparative"": ""closer"", ""answer_concept"": ""shelf""}"
train_000688,47332418/407250.489,47332418,lidar,unknown,train,nearest_object,,2,What sits closest to the cabinet?,,sink,object,,ARKitScenes/3dod/Training/47332418/47332418_frames/lowres_wide/47332418_407250.489.png,ARKitScenes/3dod/Training/47332418/47332418_frames/lowres_depth/47332418_407250.489.png,rule,"{""anchor_concept"": ""cabinet"", ""anchor_object_index"": 2, ""answer_concept"": ""sink"", ""answer_object_index"": 3, ""nearest_distance_m"": 0.043, ""second_nearest_distance_m"": 0.881}"
train_000689,47670232/52828.997,47670232,lidar,unknown,train,nearest_object,,1,Which object is nearest to the stool?,,toilet,object,,ARKitScenes/3dod/Training/47670232/47670232_frames/lowres_wide/47670232_52828.997.png,ARKitScenes/3dod/Training/47670232/47670232_frames/lowres_depth/47670232_52828.997.png,rule,"{""anchor_concept"": ""stool"", ""anchor_object_index"": 2, ""answer_concept"": ""toilet"", ""answer_object_index"": 4, ""nearest_distance_m"": 0.57, ""second_nearest_distance_m"": 0.792}"
train_000690,47429830/748515.843,47429830,lidar,unknown,train,existence,negative,0,Is there a cabinet in this room?,,no,yes_no,yes|no,ARKitScenes/3dod/Training/47429830/47429830_frames/lowres_wide/47429830_748515.843.png,ARKitScenes/3dod/Training/47429830/47429830_frames/lowres_depth/47429830_748515.843.png,rule,"{""concept"": ""cabinet"", ""reason"": ""category_or_scene_type_plausible""}"
train_000691,47670158/40642.463,47670158,lidar,unknown,train,nearest_object,,0,What is the closest object to the table?,,sofa,object,,ARKitScenes/3dod/Training/47670158/47670158_frames/lowres_wide/47670158_40642.463.png,ARKitScenes/3dod/Training/47670158/47670158_frames/lowres_depth/47670158_40642.463.png,rule,"{""anchor_concept"": ""table"", ""anchor_object_index"": 16, ""answer_concept"": ""sofa"", ""answer_object_index"": 15, ""nearest_distance_m"": 0.668, ""second_nearest_distance_m"": 0.933}"
train_000692,47333110/108837.097,47333110,lidar,unknown,train,identify_superlative,farthest_camera,2,"Among the furniture and items in the room, not the walls, floor, or ceiling, which is farthest from where the picture was taken?",,television,object,,ARKitScenes/3dod/Training/47333110/47333110_frames/lowres_wide/47333110_108837.097.png,ARKitScenes/3dod/Training/47333110/47333110_frames/lowres_depth/47333110_108837.097.png,rule,"{""winner_concept"": ""television"", ""winner_object_index"": 19, ""winner_area_frac"": 0.020841336744702343, ""winner_depth_m"": 2.6089999675750732, ""runner_up_concept"": ""chair"", ""runner_up_area_frac"": 0.2332190433874259, ""runner_up_depth_m"": 1.5110000371932983}"
train_000693,43828455/92088.559,43828455,lidar,unknown,train,existence,negative,1,Do you see a bathtub here?,,no,yes_no,yes|no,ARKitScenes/3dod/Training/43828455/43828455_frames/lowres_wide/43828455_92088.559.png,ARKitScenes/3dod/Training/43828455/43828455_frames/lowres_depth/43828455_92088.559.png,rule,"{""concept"": ""bathtub"", ""reason"": ""category_or_scene_type_plausible""}"
train_000694,43896330/8930.976,43896330,lidar,unknown,train,left_right,,5,"From the stove, which direction is the television in, left or right?",,left,choice,left|right,ARKitScenes/3dod/Training/43896330/43896330_frames/lowres_wide/43896330_8930.976.png,ARKitScenes/3dod/Training/43896330/43896330_frames/lowres_depth/43896330_8930.976.png,rule,"{""a_concept"": ""television"", ""b_concept"": ""stove"", ""a_centroid_x"": 197.40530773900778, ""b_centroid_x"": 243.18786223427892, ""horizontal_gap_px"": 45.78255449527114, ""image_width"": 256}"
train_000695,44358336/14324.026,44358336,lidar,unknown,train,relative_depth,farther,4,"Of the table and the sofa, which is farther?",,table,choice,table|sofa,ARKitScenes/3dod/Training/44358336/44358336_frames/lowres_wide/44358336_14324.026.png,ARKitScenes/3dod/Training/44358336/44358336_frames/lowres_depth/44358336_14324.026.png,rule,"{""a_concept"": ""sofa"", ""a_depth_m"": 3.4860000610351562, ""b_concept"": ""table"", ""b_depth_m"": 4.698999881744385, ""comparative"": ""farther"", ""answer_concept"": ""table""}"
train_000696,47331294/14786.773,47331294,lidar,unknown,train,identify_superlative,closest_camera,2,"Among the furniture and items in the room, not the walls, floor, or ceiling, which is closest to where the picture was taken from?",,cabinet,object,,ARKitScenes/3dod/Training/47331294/47331294_frames/lowres_wide/47331294_14786.773.png,ARKitScenes/3dod/Training/47331294/47331294_frames/lowres_depth/47331294_14786.773.png,rule,"{""winner_concept"": ""cabinet"", ""winner_object_index"": 5, ""winner_area_frac"": 0.005352597386672943, ""winner_depth_m"": 0.8019999861717224, ""runner_up_concept"": ""table"", ""runner_up_area_frac"": 0.20774299558387122, ""runner_up_depth_m"": 1.2549999952316284}"
train_000697,41126678/1461.688,41126678,lidar,unknown,train,existence,negative,0,Is there a cabinet in this room?,,no,yes_no,yes|no,ARKitScenes/3dod/Training/41126678/41126678_frames/lowres_wide/41126678_1461.688.png,ARKitScenes/3dod/Training/41126678/41126678_frames/lowres_depth/41126678_1461.688.png,rule,"{""concept"": ""cabinet"", ""reason"": ""category_or_scene_type_plausible""}"
train_000698,47204921/3702.308,47204921,lidar,unknown,train,nearest_object,,4,What is right next to the cabinet?,,television,object,,ARKitScenes/3dod/Training/47204921/47204921_frames/lowres_wide/47204921_3702.308.png,ARKitScenes/3dod/Training/47204921/47204921_frames/lowres_depth/47204921_3702.308.png,rule,"{""anchor_concept"": ""cabinet"", ""anchor_object_index"": 3, ""answer_concept"": ""television"", ""answer_object_index"": 4, ""nearest_distance_m"": 0.6, ""second_nearest_distance_m"": 0.815}"
train_000699,48018542/829017.513,48018542,lidar,unknown,train,relative_depth,closer,2,Is the toilet or the sink closer to the camera?,,sink,choice,toilet|sink,ARKitScenes/3dod/Training/48018542/48018542_frames/lowres_wide/48018542_829017.513.png,ARKitScenes/3dod/Training/48018542/48018542_frames/lowres_depth/48018542_829017.513.png,rule,"{""a_concept"": ""sink"", ""a_depth_m"": 1.0579999685287476, ""b_concept"": ""toilet"", ""b_depth_m"": 1.4160000085830688, ""comparative"": ""closer"", ""answer_concept"": ""sink""}"
train_000700,45260877/7402.875,45260877,lidar,unknown,train,left_right,,0,Is the sofa to the left or to the right of the shelf?,,right,choice,left|right,ARKitScenes/3dod/Training/45260877/45260877_frames/lowres_wide/45260877_7402.875.png,ARKitScenes/3dod/Training/45260877/45260877_frames/lowres_depth/45260877_7402.875.png,rule,"{""a_concept"": ""sofa"", ""b_concept"": ""shelf"", ""a_centroid_x"": 156.6736261043058, ""b_centroid_x"": 99.92355736882371, ""horizontal_gap_px"": 56.7500687354821, ""image_width"": 256}"
train_000701,44358250/6017.167,44358250,lidar,unknown,train,nearest_object,,2,What sits closest to the stool?,,sofa,object,,ARKitScenes/3dod/Training/44358250/44358250_frames/lowres_wide/44358250_6017.167.png,ARKitScenes/3dod/Training/44358250/44358250_frames/lowres_depth/44358250_6017.167.png,rule,"{""anchor_concept"": ""stool"", ""anchor_object_index"": 3, ""answer_concept"": ""sofa"", ""answer_object_index"": 2, ""nearest_distance_m"": 0.808, ""second_nearest_distance_m"": 1.072}"
train_000702,43828328/77669.488,43828328,lidar,unknown,train,identify_superlative,closest_camera,1,"Excluding the walls, floor, and ceiling, what is the nearest object to the camera?",,cabinet,object,,ARKitScenes/3dod/Training/43828328/43828328_frames/lowres_wide/43828328_77669.488.png,ARKitScenes/3dod/Training/43828328/43828328_frames/lowres_depth/43828328_77669.488.png,rule,"{""winner_concept"": ""cabinet"", ""winner_object_index"": 1, ""winner_area_frac"": 0.1023556425145639, ""winner_depth_m"": 1.434000015258789, ""runner_up_concept"": ""chair"", ""runner_up_area_frac"": 0.1460874174903949, ""runner_up_depth_m"": 1.725000023841858}"
train_000703,47430221/180199.821,47430221,lidar,unknown,train,existence,positive,3,Can you spot a television in the picture?,,yes,yes_no,yes|no,ARKitScenes/3dod/Training/47430221/47430221_frames/lowres_wide/47430221_180199.821.png,ARKitScenes/3dod/Training/47430221/47430221_frames/lowres_depth/47430221_180199.821.png,rule,"{""concept"": ""television"", ""object_index"": 8, ""area_frac"": 0.017611873502863872}"
train_000704,47334938/663119.104,47334938,lidar,unknown,train,identify_superlative,farthest_camera,3,"Ignoring the walls, floor, and ceiling, what object is farthest from the viewer?",,television,object,,ARKitScenes/3dod/Training/47334938/47334938_frames/lowres_wide/47334938_663119.104.png,ARKitScenes/3dod/Training/47334938/47334938_frames/lowres_depth/47334938_663119.104.png,rule,"{""winner_concept"": ""television"", ""winner_object_index"": 15, ""winner_area_frac"": 0.014339911488064993, ""winner_depth_m"": 3.2260000705718994, ""runner_up_concept"": ""sofa"", ""runner_up_area_frac"": 0.14832237674080057, ""runner_up_depth_m"": 2.497999906539917}"
train_000705,41254551/136552.730,41254551,lidar,unknown,train,existence,negative,0,Is there a cabinet in this room?,,no,yes_no,yes|no,ARKitScenes/3dod/Training/41254551/41254551_frames/lowres_wide/41254551_136552.730.png,ARKitScenes/3dod/Training/41254551/41254551_frames/lowres_depth/41254551_136552.730.png,rule,"{""concept"": ""cabinet"", ""reason"": ""category_or_scene_type_plausible""}"
train_000706,42898350/511443.693,42898350,lidar,unknown,train,existence,negative,4,Is a cabinet present in this scene?,,no,yes_no,yes|no,ARKitScenes/3dod/Training/42898350/42898350_frames/lowres_wide/42898350_511443.693.png,ARKitScenes/3dod/Training/42898350/42898350_frames/lowres_depth/42898350_511443.693.png,rule,"{""concept"": ""cabinet"", ""reason"": ""category_or_scene_type_plausible""}"
train_000707,42446072/80489.507,42446072,lidar,unknown,train,relative_depth,closer,5,"Which one is closer, the bathtub or the cabinet?",,cabinet,choice,bathtub|cabinet,ARKitScenes/3dod/Training/42446072/42446072_frames/lowres_wide/42446072_80489.507.png,ARKitScenes/3dod/Training/42446072/42446072_frames/lowres_depth/42446072_80489.507.png,rule,"{""a_concept"": ""bathtub"", ""a_depth_m"": 2.940999984741211, ""b_concept"": ""cabinet"", ""b_depth_m"": 2.503000020980835, ""comparative"": ""closer"", ""answer_concept"": ""cabinet""}"
train_000708,47669917/14106.979,47669917,lidar,unknown,train,existence,positive,4,Is a television present in this scene?,,yes,yes_no,yes|no,ARKitScenes/3dod/Training/47669917/47669917_frames/lowres_wide/47669917_14106.979.png,ARKitScenes/3dod/Training/47669917/47669917_frames/lowres_depth/47669917_14106.979.png,rule,"{""concept"": ""television"", ""object_index"": 11, ""area_frac"": 0.017089479099369437}"
train_000709,41126783/4715.940,41126783,lidar,unknown,train,nearest_object,,0,What is the closest object to the stool?,,chair,object,,ARKitScenes/3dod/Training/41126783/41126783_frames/lowres_wide/41126783_4715.940.png,ARKitScenes/3dod/Training/41126783/41126783_frames/lowres_depth/41126783_4715.940.png,rule,"{""anchor_concept"": ""stool"", ""anchor_object_index"": 24, ""answer_concept"": ""chair"", ""answer_object_index"": 26, ""nearest_distance_m"": 0.685, ""second_nearest_distance_m"": 1.009}"
train_000710,42898247/167698.237,42898247,lidar,unknown,train,relative_depth,closer,1,"Between the table and the cabinet, which one is closer to the camera?",,table,choice,table|cabinet,ARKitScenes/3dod/Training/42898247/42898247_frames/lowres_wide/42898247_167698.237.png,ARKitScenes/3dod/Training/42898247/42898247_frames/lowres_depth/42898247_167698.237.png,rule,"{""a_concept"": ""table"", ""a_depth_m"": 1.6080000400543213, ""b_concept"": ""cabinet"", ""b_depth_m"": 2.8469998836517334, ""comparative"": ""closer"", ""answer_concept"": ""table""}"
train_000711,41127082/1071.319,41127082,lidar,unknown,train,identify_superlative,farthest_camera,1,"Excluding the walls, floor, and ceiling, what is the most distant object from the camera?",,bathtub,object,,ARKitScenes/3dod/Training/41127082/41127082_frames/lowres_wide/41127082_1071.319.png,ARKitScenes/3dod/Training/41127082/41127082_frames/lowres_depth/41127082_1071.319.png,rule,"{""winner_concept"": ""bathtub"", ""winner_object_index"": 0, ""winner_area_frac"": 0.39109366403284035, ""winner_depth_m"": 1.159999966621399, ""runner_up_concept"": null, ""runner_up_area_frac"": null, ""runner_up_depth_m"": null}"
train_000712,45261522/45770.170,45261522,lidar,unknown,train,existence,positive,5,Is there any shelf visible in the image?,,yes,yes_no,yes|no,ARKitScenes/3dod/Training/45261522/45261522_frames/lowres_wide/45261522_45770.170.png,ARKitScenes/3dod/Training/45261522/45261522_frames/lowres_depth/45261522_45770.170.png,rule,"{""concept"": ""shelf"", ""object_index"": 3, ""area_frac"": 0.23362843649408793}"
train_000713,47115649/4902.259,47115649,lidar,unknown,train,relative_depth,closer,5,"Which one is closer, the table or the sofa?",,sofa,choice,table|sofa,ARKitScenes/3dod/Training/47115649/47115649_frames/lowres_wide/47115649_4902.259.png,ARKitScenes/3dod/Training/47115649/47115649_frames/lowres_depth/47115649_4902.259.png,rule,"{""a_concept"": ""sofa"", ""a_depth_m"": 1.1094999313354492, ""b_concept"": ""table"", ""b_depth_m"": 2.7079999446868896, ""comparative"": ""closer"", ""answer_concept"": ""sofa""}"
train_000714,43828162/74475.233,43828162,lidar,unknown,train,left_right,,0,Is the chair to the left or to the right of the cabinet?,,right,choice,left|right,ARKitScenes/3dod/Training/43828162/43828162_frames/lowres_wide/43828162_74475.233.png,ARKitScenes/3dod/Training/43828162/43828162_frames/lowres_depth/43828162_74475.233.png,rule,"{""a_concept"": ""chair"", ""b_concept"": ""cabinet"", ""a_centroid_x"": 222.07953257177724, ""b_centroid_x"": 155.24434871797695, ""horizontal_gap_px"": 66.83518385380029, ""image_width"": 256}"
train_000715,43896330/8953.867,43896330,lidar,unknown,train,left_right,,4,"Which side of the table is the sofa on, left or right?",,left,choice,left|right,ARKitScenes/3dod/Training/43896330/43896330_frames/lowres_wide/43896330_8953.867.png,ARKitScenes/3dod/Training/43896330/43896330_frames/lowres_depth/43896330_8953.867.png,rule,"{""a_concept"": ""sofa"", ""b_concept"": ""table"", ""a_centroid_x"": 74.90221714101683, ""b_centroid_x"": 196.61417182308693, ""horizontal_gap_px"": 121.7119546820701, ""image_width"": 256}"
train_000716,45261407/29654.028,45261407,lidar,unknown,train,relative_depth,closer,0,"Which is closer to the camera, the table or the cabinet?",,cabinet,choice,table|cabinet,ARKitScenes/3dod/Training/45261407/45261407_frames/lowres_wide/45261407_29654.028.png,ARKitScenes/3dod/Training/45261407/45261407_frames/lowres_depth/45261407_29654.028.png,rule,"{""a_concept"": ""table"", ""a_depth_m"": 3.496000051498413, ""b_concept"": ""cabinet"", ""b_depth_m"": 1.9639999866485596, ""comparative"": ""closer"", ""answer_concept"": ""cabinet""}"
train_000717,42445498/154785.080,42445498,lidar,unknown,train,left_right,,0,Is the sink to the left or to the right of the toilet?,,right,choice,left|right,ARKitScenes/3dod/Training/42445498/42445498_frames/lowres_wide/42445498_154785.080.png,ARKitScenes/3dod/Training/42445498/42445498_frames/lowres_depth/42445498_154785.080.png,rule,"{""a_concept"": ""sink"", ""b_concept"": ""toilet"", ""a_centroid_x"": 142.2806108046733, ""b_centroid_x"": 21.414031436387596, ""horizontal_gap_px"": 120.8665793682857, ""image_width"": 256}"
train_000718,43828435/90473.663,43828435,lidar,unknown,train,existence,positive,2,Does this room contain a cabinet?,,yes,yes_no,yes|no,ARKitScenes/3dod/Training/43828435/43828435_frames/lowres_wide/43828435_90473.663.png,ARKitScenes/3dod/Training/43828435/43828435_frames/lowres_depth/43828435_90473.663.png,rule,"{""concept"": ""cabinet"", ""object_index"": 8, ""area_frac"": 0.05472301532425424}"
train_000719,41097992/8632.317,41097992,lidar,unknown,train,existence,positive,5,Is there any sink visible in the image?,,yes,yes_no,yes|no,ARKitScenes/3dod/Training/41097992/41097992_frames/lowres_wide/41097992_8632.317.png,ARKitScenes/3dod/Training/41097992/41097992_frames/lowres_depth/41097992_8632.317.png,rule,"{""concept"": ""sink"", ""object_index"": 2, ""area_frac"": 0.16706363291462403}"
train_000720,47334566/68534.541,47334566,lidar,unknown,train,existence,positive,3,Can you spot a television in the picture?,,yes,yes_no,yes|no,ARKitScenes/3dod/Training/47334566/47334566_frames/lowres_wide/47334566_68534.541.png,ARKitScenes/3dod/Training/47334566/47334566_frames/lowres_depth/47334566_68534.541.png,rule,"{""concept"": ""television"", ""object_index"": 8, ""area_frac"": 0.06447099103748045}"
train_000721,42445670/60938.231,42445670,lidar,unknown,train,relative_depth,farther,1,"Between the cabinet and the shelf, which one is farther from the camera?",,cabinet,choice,cabinet|shelf,ARKitScenes/3dod/Training/42445670/42445670_frames/lowres_wide/42445670_60938.231.png,ARKitScenes/3dod/Training/42445670/42445670_frames/lowres_depth/42445670_60938.231.png,rule,"{""a_concept"": ""cabinet"", ""a_depth_m"": 3.6989998817443848, ""b_concept"": ""shelf"", ""b_depth_m"": 2.9860000610351562, ""comparative"": ""farther"", ""answer_concept"": ""cabinet""}"
train_000722,47333815/52048.674,47333815,lidar,unknown,train,existence,positive,4,Is a television present in this scene?,,yes,yes_no,yes|no,ARKitScenes/3dod/Training/47333815/47333815_frames/lowres_wide/47333815_52048.674.png,ARKitScenes/3dod/Training/47333815/47333815_frames/lowres_depth/47333815_52048.674.png,rule,"{""concept"": ""television"", ""object_index"": 9, ""area_frac"": 0.020347354938875392}"
train_000723,47334052/85618.454,47334052,lidar,unknown,train,relative_depth,closer,3,"Which object is closer to the camera, the cabinet or the sink?",,sink,choice,cabinet|sink,ARKitScenes/3dod/Training/47334052/47334052_frames/lowres_wide/47334052_85618.454.png,ARKitScenes/3dod/Training/47334052/47334052_frames/lowres_depth/47334052_85618.454.png,rule,"{""a_concept"": ""cabinet"", ""a_depth_m"": 1.2970000505447388, ""b_concept"": ""sink"", ""b_depth_m"": 0.8420000076293945, ""comparative"": ""closer"", ""answer_concept"": ""sink""}"
train_000724,47332837/32902.133,47332837,lidar,unknown,train,existence,positive,2,Does this room contain a cabinet?,,yes,yes_no,yes|no,ARKitScenes/3dod/Training/47332837/47332837_frames/lowres_wide/47332837_32902.133.png,ARKitScenes/3dod/Training/47332837/47332837_frames/lowres_depth/47332837_32902.133.png,rule,"{""concept"": ""cabinet"", ""object_index"": 1, ""area_frac"": 0.3641731646167318}"
train_000725,42898247/167667.949,42898247,lidar,unknown,train,relative_depth,closer,1,"Between the table and the sofa, which one is closer to the camera?",,table,choice,table|sofa,ARKitScenes/3dod/Training/42898247/42898247_frames/lowres_wide/42898247_167667.949.png,ARKitScenes/3dod/Training/42898247/42898247_frames/lowres_depth/42898247_167667.949.png,rule,"{""a_concept"": ""sofa"", ""a_depth_m"": 2.447000026702881, ""b_concept"": ""table"", ""b_depth_m"": 1.371999979019165, ""comparative"": ""closer"", ""answer_concept"": ""table""}"
train_000726,47204506/649.586,47204506,lidar,unknown,train,nearest_object,,2,What sits closest to the shelf?,,cabinet,object,,ARKitScenes/3dod/Training/47204506/47204506_frames/lowres_wide/47204506_649.586.png,ARKitScenes/3dod/Training/47204506/47204506_frames/lowres_depth/47204506_649.586.png,rule,"{""anchor_concept"": ""shelf"", ""anchor_object_index"": 16, ""answer_concept"": ""cabinet"", ""answer_object_index"": 15, ""nearest_distance_m"": 0.459, ""second_nearest_distance_m"": 1.317}"
train_000727,41126744/2995.414,41126744,lidar,unknown,train,left_right,,0,Is the sink to the left or to the right of the toilet?,,left,choice,left|right,ARKitScenes/3dod/Training/41126744/41126744_frames/lowres_wide/41126744_2995.414.png,ARKitScenes/3dod/Training/41126744/41126744_frames/lowres_depth/41126744_2995.414.png,rule,"{""a_concept"": ""sink"", ""b_concept"": ""toilet"", ""a_centroid_x"": 40.67061731923032, ""b_centroid_x"": 93.0686703228045, ""horizontal_gap_px"": 52.39805300357418, ""image_width"": 256}"
train_000728,41098100/3412.030,41098100,lidar,unknown,train,existence,positive,3,Can you spot a sink in the picture?,,yes,yes_no,yes|no,ARKitScenes/3dod/Training/41098100/41098100_frames/lowres_wide/41098100_3412.030.png,ARKitScenes/3dod/Training/41098100/41098100_frames/lowres_depth/41098100_3412.030.png,rule,"{""concept"": ""sink"", ""object_index"": 1, ""area_frac"": 0.05188179797360252}"
train_000729,45261509/43524.545,45261509,lidar,unknown,train,left_right,,1,"Relative to the television, is the chair on the left or the right?",,right,choice,left|right,ARKitScenes/3dod/Training/45261509/45261509_frames/lowres_wide/45261509_43524.545.png,ARKitScenes/3dod/Training/45261509/45261509_frames/lowres_depth/45261509_43524.545.png,rule,"{""a_concept"": ""chair"", ""b_concept"": ""television"", ""a_centroid_x"": 184.10586220874316, ""b_centroid_x"": 121.18725036411881, ""horizontal_gap_px"": 62.91861184462435, ""image_width"": 256}"
train_000730,42899358/716507.390,42899358,lidar,unknown,train,existence,positive,1,Do you see a cabinet here?,,yes,yes_no,yes|no,ARKitScenes/3dod/Training/42899358/42899358_frames/lowres_wide/42899358_716507.390.png,ARKitScenes/3dod/Training/42899358/42899358_frames/lowres_depth/42899358_716507.390.png,rule,"{""concept"": ""cabinet"", ""object_index"": 1, ""area_frac"": 0.16256663527437565}"
train_000731,42898740/63528.510,42898740,lidar,unknown,train,nearest_object,,3,Which item is positioned nearest to the shelf?,,table,object,,ARKitScenes/3dod/Training/42898740/42898740_frames/lowres_wide/42898740_63528.510.png,ARKitScenes/3dod/Training/42898740/42898740_frames/lowres_depth/42898740_63528.510.png,rule,"{""anchor_concept"": ""shelf"", ""anchor_object_index"": 7, ""answer_concept"": ""table"", ""answer_object_index"": 8, ""nearest_distance_m"": 0.916, ""second_nearest_distance_m"": 1.205}"
train_000732,43896117/146008.136,43896117,lidar,unknown,train,identify_superlative,farthest_camera,4,"Not counting the room's walls, floor, or ceiling, which object is farthest away in this image?",,cabinet,object,,ARKitScenes/3dod/Training/43896117/43896117_frames/lowres_wide/43896117_146008.136.png,ARKitScenes/3dod/Training/43896117/43896117_frames/lowres_depth/43896117_146008.136.png,rule,"{""winner_concept"": ""cabinet"", ""winner_object_index"": 2, ""winner_area_frac"": 0.07219176633420302, ""winner_depth_m"": 1.9769999980926514, ""runner_up_concept"": ""bed"", ""runner_up_area_frac"": 0.3568582372537121, ""runner_up_depth_m"": 1.409000039100647}"
train_000733,42445180/8951.691,42445180,lidar,unknown,train,relative_depth,closer,0,"Which is closer to the camera, the cabinet or the toilet?",,cabinet,choice,cabinet|toilet,ARKitScenes/3dod/Training/42445180/42445180_frames/lowres_wide/42445180_8951.691.png,ARKitScenes/3dod/Training/42445180/42445180_frames/lowres_depth/42445180_8951.691.png,rule,"{""a_concept"": ""cabinet"", ""a_depth_m"": 1.4040000438690186, ""b_concept"": ""toilet"", ""b_depth_m"": 2.4800000190734863, ""comparative"": ""closer"", ""answer_concept"": ""cabinet""}"
train_000734,41159641/58307.396,41159641,lidar,unknown,train,identify_superlative,farthest_camera,3,"Ignoring the walls, floor, and ceiling, what object is farthest from the viewer?",,cabinet,object,,ARKitScenes/3dod/Training/41159641/41159641_frames/lowres_wide/41159641_58307.396.png,ARKitScenes/3dod/Training/41159641/41159641_frames/lowres_depth/41159641_58307.396.png,rule,"{""winner_concept"": ""cabinet"", ""winner_object_index"": 4, ""winner_area_frac"": 0.5469906029039451, ""winner_depth_m"": 1.2760000228881836, ""runner_up_concept"": null, ""runner_up_area_frac"": null, ""runner_up_depth_m"": null}"
train_000735,45663064/38437.903,45663064,lidar,unknown,train,left_right,,2,"Looking at the cabinet, is the table positioned on its left or right?",,right,choice,left|right,ARKitScenes/3dod/Training/45663064/45663064_frames/lowres_wide/45663064_38437.903.png,ARKitScenes/3dod/Training/45663064/45663064_frames/lowres_depth/45663064_38437.903.png,rule,"{""a_concept"": ""table"", ""b_concept"": ""cabinet"", ""a_centroid_x"": 206.19859259042343, ""b_centroid_x"": 172.1357112772441, ""horizontal_gap_px"": 34.06288131317933, ""image_width"": 256}"
train_000736,42899489/197737.170,42899489,lidar,unknown,train,existence,negative,1,Do you see a cabinet here?,,no,yes_no,yes|no,ARKitScenes/3dod/Training/42899489/42899489_frames/lowres_wide/42899489_197737.170.png,ARKitScenes/3dod/Training/42899489/42899489_frames/lowres_depth/42899489_197737.170.png,rule,"{""concept"": ""cabinet"", ""reason"": ""category_or_scene_type_plausible""}"
train_000737,47334837/613731.270,47334837,lidar,unknown,train,identify_superlative,farthest_camera,2,"Among the furniture and items in the room, not the walls, floor, or ceiling, which is farthest from where the picture was taken?",,sofa,object,,ARKitScenes/3dod/Training/47334837/47334837_frames/lowres_wide/47334837_613731.270.png,ARKitScenes/3dod/Training/47334837/47334837_frames/lowres_depth/47334837_613731.270.png,rule,"{""winner_concept"": ""sofa"", ""winner_object_index"": 9, ""winner_area_frac"": 0.04207098992153058, ""winner_depth_m"": 2.5929999351501465, ""runner_up_concept"": null, ""runner_up_area_frac"": null, ""runner_up_depth_m"": null}"
train_000738,47332653/369050.279,47332653,lidar,unknown,train,nearest_object,,5,Which object is closest in distance to the sofa?,,shelf,object,,ARKitScenes/3dod/Training/47332653/47332653_frames/lowres_wide/47332653_369050.279.png,ARKitScenes/3dod/Training/47332653/47332653_frames/lowres_depth/47332653_369050.279.png,rule,"{""anchor_concept"": ""sofa"", ""anchor_object_index"": 4, ""answer_concept"": ""shelf"", ""answer_object_index"": 15, ""nearest_distance_m"": 0.867, ""second_nearest_distance_m"": 2.402}"
train_000739,47334189/354723.077,47334189,lidar,unknown,train,existence,negative,1,Do you see a shelf here?,,no,yes_no,yes|no,ARKitScenes/3dod/Training/47334189/47334189_frames/lowres_wide/47334189_354723.077.png,ARKitScenes/3dod/Training/47334189/47334189_frames/lowres_depth/47334189_354723.077.png,rule,"{""concept"": ""shelf"", ""reason"": ""category_or_scene_type_plausible""}"
train_000740,43896019/138332.406,43896019,lidar,unknown,train,identify_superlative,closest_camera,4,"Not counting the room's walls, floor, or ceiling, which object is closest to us in this image?",,toilet,object,,ARKitScenes/3dod/Training/43896019/43896019_frames/lowres_wide/43896019_138332.406.png,ARKitScenes/3dod/Training/43896019/43896019_frames/lowres_depth/43896019_138332.406.png,rule,"{""winner_concept"": ""toilet"", ""winner_object_index"": 0, ""winner_area_frac"": 0.25698726294979524, ""winner_depth_m"": 1.0679999589920044, ""runner_up_concept"": null, ""runner_up_area_frac"": null, ""runner_up_depth_m"": null}"
train_000741,42897890/345021.617,42897890,lidar,unknown,train,relative_depth,farther,1,"Between the cabinet and the chair, which one is farther from the camera?",,chair,choice,cabinet|chair,ARKitScenes/3dod/Training/42897890/42897890_frames/lowres_wide/42897890_345021.617.png,ARKitScenes/3dod/Training/42897890/42897890_frames/lowres_depth/42897890_345021.617.png,rule,"{""a_concept"": ""chair"", ""a_depth_m"": 2.1419999599456787, ""b_concept"": ""cabinet"", ""b_depth_m"": 1.4570000171661377, ""comparative"": ""farther"", ""answer_concept"": ""chair""}"
train_000742,42446466/355462.471,42446466,lidar,unknown,train,left_right,,2,"Looking at the cabinet, is the chair positioned on its left or right?",,right,choice,left|right,ARKitScenes/3dod/Training/42446466/42446466_frames/lowres_wide/42446466_355462.471.png,ARKitScenes/3dod/Training/42446466/42446466_frames/lowres_depth/42446466_355462.471.png,rule,"{""a_concept"": ""chair"", ""b_concept"": ""cabinet"", ""a_centroid_x"": 205.68340599699326, ""b_centroid_x"": 73.92608370365596, ""horizontal_gap_px"": 131.7573222933373, ""image_width"": 256}"
train_000743,47670116/41774.101,47670116,lidar,unknown,train,existence,negative,1,Do you see a cabinet here?,,no,yes_no,yes|no,ARKitScenes/3dod/Training/47670116/47670116_frames/lowres_wide/47670116_41774.101.png,ARKitScenes/3dod/Training/47670116/47670116_frames/lowres_depth/47670116_41774.101.png,rule,"{""concept"": ""cabinet"", ""reason"": ""category_or_scene_type_plausible""}"
train_000744,43895917/111315.467,43895917,lidar,unknown,train,relative_depth,closer,5,"Which one is closer, the shelf or the toilet?",,toilet,choice,shelf|toilet,ARKitScenes/3dod/Training/43895917/43895917_frames/lowres_wide/43895917_111315.467.png,ARKitScenes/3dod/Training/43895917/43895917_frames/lowres_depth/43895917_111315.467.png,rule,"{""a_concept"": ""toilet"", ""a_depth_m"": 1.8209999799728394, ""b_concept"": ""shelf"", ""b_depth_m"": 2.2850000858306885, ""comparative"": ""closer"", ""answer_concept"": ""toilet""}"
train_000745,47332505/343956.989,47332505,lidar,unknown,train,nearest_object,,0,What is the closest object to the cabinet?,,fireplace,object,,ARKitScenes/3dod/Training/47332505/47332505_frames/lowres_wide/47332505_343956.989.png,ARKitScenes/3dod/Training/47332505/47332505_frames/lowres_depth/47332505_343956.989.png,rule,"{""anchor_concept"": ""cabinet"", ""anchor_object_index"": 13, ""answer_concept"": ""fireplace"", ""answer_object_index"": 15, ""nearest_distance_m"": 0.67, ""second_nearest_distance_m"": 0.942}"
train_000746,41126466/5214.236,41126466,lidar,unknown,train,existence,negative,2,Does this room contain a cabinet?,,no,yes_no,yes|no,ARKitScenes/3dod/Training/41126466/41126466_frames/lowres_wide/41126466_5214.236.png,ARKitScenes/3dod/Training/41126466/41126466_frames/lowres_depth/41126466_5214.236.png,rule,"{""concept"": ""cabinet"", ""reason"": ""category_or_scene_type_plausible""}"
train_000747,48018542/829017.513,48018542,lidar,unknown,train,nearest_object,,4,What is right next to the cabinet?,,sink,object,,ARKitScenes/3dod/Training/48018542/48018542_frames/lowres_wide/48018542_829017.513.png,ARKitScenes/3dod/Training/48018542/48018542_frames/lowres_depth/48018542_829017.513.png,rule,"{""anchor_concept"": ""cabinet"", ""anchor_object_index"": 1, ""answer_concept"": ""sink"", ""answer_object_index"": 2, ""nearest_distance_m"": 0.369, ""second_nearest_distance_m"": 0.595}"
train_000748,47670124/41677.708,47670124,lidar,unknown,train,relative_depth,farther,4,"Of the television and the table, which is farther?",,television,choice,television|table,ARKitScenes/3dod/Training/47670124/47670124_frames/lowres_wide/47670124_41677.708.png,ARKitScenes/3dod/Training/47670124/47670124_frames/lowres_depth/47670124_41677.708.png,rule,"{""a_concept"": ""television"", ""a_depth_m"": 3.8919999599456787, ""b_concept"": ""table"", ""b_depth_m"": 1.3539999723434448, ""comparative"": ""farther"", ""answer_concept"": ""television""}"
train_000749,42899265/214323.840,42899265,lidar,unknown,train,relative_depth,closer,1,"Between the shelf and the table, which one is closer to the camera?",,shelf,choice,shelf|table,ARKitScenes/3dod/Training/42899265/42899265_frames/lowres_wide/42899265_214323.840.png,ARKitScenes/3dod/Training/42899265/42899265_frames/lowres_depth/42899265_214323.840.png,rule,"{""a_concept"": ""shelf"", ""a_depth_m"": 4.639999866485596, ""b_concept"": ""table"", ""b_depth_m"": 5.428999900817871, ""comparative"": ""closer"", ""answer_concept"": ""shelf""}"
train_000750,47333698/48422.547,47333698,lidar,unknown,train,identify_superlative,closest_camera,5,"Excluding the walls, floor, and ceiling, what is the closest visible object to the camera?",,stove,object,,ARKitScenes/3dod/Training/47333698/47333698_frames/lowres_wide/47333698_48422.547.png,ARKitScenes/3dod/Training/47333698/47333698_frames/lowres_depth/47333698_48422.547.png,rule,"{""winner_concept"": ""stove"", ""winner_object_index"": 2, ""winner_area_frac"": 0.030209031880406526, ""winner_depth_m"": 1.9220000505447388, ""runner_up_concept"": ""cabinet"", ""runner_up_area_frac"": 0.032078853607059504, ""runner_up_depth_m"": 2.4170000553131104}"
train_000751,47334608/384988.668,47334608,lidar,unknown,train,relative_depth,farther,4,"Of the chair and the cabinet, which is farther?",,chair,choice,chair|cabinet,ARKitScenes/3dod/Training/47334608/47334608_frames/lowres_wide/47334608_384988.668.png,ARKitScenes/3dod/Training/47334608/47334608_frames/lowres_depth/47334608_384988.668.png,rule,"{""a_concept"": ""cabinet"", ""a_depth_m"": 1.0410000085830688, ""b_concept"": ""chair"", ""b_depth_m"": 3.746000051498413, ""comparative"": ""farther"", ""answer_concept"": ""chair""}"
train_000752,47430248/182334.699,47430248,lidar,unknown,train,relative_depth,farther,5,"Which one is farther, the sofa or the television?",,television,choice,sofa|television,ARKitScenes/3dod/Training/47430248/47430248_frames/lowres_wide/47430248_182334.699.png,ARKitScenes/3dod/Training/47430248/47430248_frames/lowres_depth/47430248_182334.699.png,rule,"{""a_concept"": ""television"", ""a_depth_m"": 1.3639999628067017, ""b_concept"": ""sofa"", ""b_depth_m"": 1.0410000085830688, ""comparative"": ""farther"", ""answer_concept"": ""television""}"
train_000753,47204506/659.782,47204506,lidar,unknown,train,relative_depth,closer,2,Is the shelf or the sink closer to the camera?,,sink,choice,shelf|sink,ARKitScenes/3dod/Training/47204506/47204506_frames/lowres_wide/47204506_659.782.png,ARKitScenes/3dod/Training/47204506/47204506_frames/lowres_depth/47204506_659.782.png,rule,"{""a_concept"": ""sink"", ""a_depth_m"": 2.052000045776367, ""b_concept"": ""shelf"", ""b_depth_m"": 2.9600000381469727, ""comparative"": ""closer"", ""answer_concept"": ""sink""}"
train_000754,43649474/14695.757,43649474,lidar,unknown,train,relative_depth,farther,0,"Which is farther from the camera, the table or the stool?",,stool,choice,table|stool,ARKitScenes/3dod/Training/43649474/43649474_frames/lowres_wide/43649474_14695.757.png,ARKitScenes/3dod/Training/43649474/43649474_frames/lowres_depth/43649474_14695.757.png,rule,"{""a_concept"": ""stool"", ""a_depth_m"": 1.597000002861023, ""b_concept"": ""table"", ""b_depth_m"": 0.9279999732971191, ""comparative"": ""farther"", ""answer_concept"": ""stool""}"
train_000755,41126744/2978.021,41126744,lidar,unknown,train,existence,positive,0,Is there a bathtub in this room?,,yes,yes_no,yes|no,ARKitScenes/3dod/Training/41126744/41126744_frames/lowres_wide/41126744_2978.021.png,ARKitScenes/3dod/Training/41126744/41126744_frames/lowres_depth/41126744_2978.021.png,rule,"{""concept"": ""bathtub"", ""object_index"": 2, ""area_frac"": 0.16597199373518604}"
train_000756,47334655/389716.268,47334655,lidar,unknown,train,identify_superlative,farthest_camera,4,"Not counting the room's walls, floor, or ceiling, which object is farthest away in this image?",,washer,object,,ARKitScenes/3dod/Training/47334655/47334655_frames/lowres_wide/47334655_389716.268.png,ARKitScenes/3dod/Training/47334655/47334655_frames/lowres_depth/47334655_389716.268.png,rule,"{""winner_concept"": ""washer"", ""winner_object_index"": 1, ""winner_area_frac"": 0.03111739311601257, ""winner_depth_m"": 1.125, ""runner_up_concept"": null, ""runner_up_area_frac"": null, ""runner_up_depth_m"": null}"
train_000757,47115227/95971.966,47115227,lidar,unknown,train,relative_depth,closer,0,"Which is closer to the camera, the table or the fireplace?",,table,choice,table|fireplace,ARKitScenes/3dod/Training/47115227/47115227_frames/lowres_wide/47115227_95971.966.png,ARKitScenes/3dod/Training/47115227/47115227_frames/lowres_depth/47115227_95971.966.png,rule,"{""a_concept"": ""fireplace"", ""a_depth_m"": 2.4639999866485596, ""b_concept"": ""table"", ""b_depth_m"": 1.2489999532699585, ""comparative"": ""closer"", ""answer_concept"": ""table""}"
train_000758,47331705/9739.944,47331705,lidar,unknown,train,left_right,,2,"Looking at the table, is the sofa positioned on its left or right?",,left,choice,left|right,ARKitScenes/3dod/Training/47331705/47331705_frames/lowres_wide/47331705_9739.944.png,ARKitScenes/3dod/Training/47331705/47331705_frames/lowres_depth/47331705_9739.944.png,rule,"{""a_concept"": ""sofa"", ""b_concept"": ""table"", ""a_centroid_x"": 29.110895926193507, ""b_centroid_x"": 185.29171790197333, ""horizontal_gap_px"": 156.18082197577982, ""image_width"": 256}"
train_000759,47204506/680.273,47204506,lidar,unknown,train,nearest_object,,0,What is the closest object to the cabinet?,,shelf,object,,ARKitScenes/3dod/Training/47204506/47204506_frames/lowres_wide/47204506_680.273.png,ARKitScenes/3dod/Training/47204506/47204506_frames/lowres_depth/47204506_680.273.png,rule,"{""anchor_concept"": ""cabinet"", ""anchor_object_index"": 1, ""answer_concept"": ""shelf"", ""answer_object_index"": 16, ""nearest_distance_m"": 2.017, ""second_nearest_distance_m"": 2.582}"
train_000760,41126779/4643.353,41126779,lidar,unknown,train,relative_depth,closer,1,"Between the refrigerator and the chair, which one is closer to the camera?",,chair,choice,refrigerator|chair,ARKitScenes/3dod/Training/41126779/41126779_frames/lowres_wide/41126779_4643.353.png,ARKitScenes/3dod/Training/41126779/41126779_frames/lowres_depth/41126779_4643.353.png,rule,"{""a_concept"": ""refrigerator"", ""a_depth_m"": 2.388000011444092, ""b_concept"": ""chair"", ""b_depth_m"": 1.930999994277954, ""comparative"": ""closer"", ""answer_concept"": ""chair""}"
train_000761,42898427/1116.854,42898427,lidar,unknown,train,relative_depth,farther,4,"Of the television and the fireplace, which is farther?",,television,choice,television|fireplace,ARKitScenes/3dod/Training/42898427/42898427_frames/lowres_wide/42898427_1116.854.png,ARKitScenes/3dod/Training/42898427/42898427_frames/lowres_depth/42898427_1116.854.png,rule,"{""a_concept"": ""television"", ""a_depth_m"": 2.2160000801086426, ""b_concept"": ""fireplace"", ""b_depth_m"": 1.4869999885559082, ""comparative"": ""farther"", ""answer_concept"": ""television""}"
train_000762,47895871/489419.394,47895871,lidar,unknown,train,existence,negative,4,Is a television present in this scene?,,no,yes_no,yes|no,ARKitScenes/3dod/Training/47895871/47895871_frames/lowres_wide/47895871_489419.394.png,ARKitScenes/3dod/Training/47895871/47895871_frames/lowres_depth/47895871_489419.394.png,rule,"{""concept"": ""television"", ""reason"": ""category_or_scene_type_plausible""}"
train_000763,48018286/799457.841,48018286,lidar,unknown,train,left_right,,2,"Looking at the television, is the sofa positioned on its left or right?",,right,choice,left|right,ARKitScenes/3dod/Training/48018286/48018286_frames/lowres_wide/48018286_799457.841.png,ARKitScenes/3dod/Training/48018286/48018286_frames/lowres_depth/48018286_799457.841.png,rule,"{""a_concept"": ""sofa"", ""b_concept"": ""television"", ""a_centroid_x"": 198.61929342363698, ""b_centroid_x"": 14.323146343521758, ""horizontal_gap_px"": 184.29614708011522, ""image_width"": 256}"
train_000764,43828435/90466.167,43828435,lidar,unknown,train,existence,negative,1,Do you see a television here?,,no,yes_no,yes|no,ARKitScenes/3dod/Training/43828435/43828435_frames/lowres_wide/43828435_90466.167.png,ARKitScenes/3dod/Training/43828435/43828435_frames/lowres_depth/43828435_90466.167.png,rule,"{""concept"": ""television"", ""reason"": ""category_or_scene_type_plausible""}"
train_000765,43895917/111344.255,43895917,lidar,unknown,train,relative_depth,farther,1,"Between the sink and the table, which one is farther from the camera?",,sink,choice,sink|table,ARKitScenes/3dod/Training/43895917/43895917_frames/lowres_wide/43895917_111344.255.png,ARKitScenes/3dod/Training/43895917/43895917_frames/lowres_depth/43895917_111344.255.png,rule,"{""a_concept"": ""table"", ""a_depth_m"": 1.1134999990463257, ""b_concept"": ""sink"", ""b_depth_m"": 1.8530000448226929, ""comparative"": ""farther"", ""answer_concept"": ""sink""}"
train_000766,48018845/649740.336,48018845,lidar,unknown,train,identify_superlative,closest_camera,5,"Excluding the walls, floor, and ceiling, what is the closest visible object to the camera?",,chair,object,,ARKitScenes/3dod/Training/48018845/48018845_frames/lowres_wide/48018845_649740.336.png,ARKitScenes/3dod/Training/48018845/48018845_frames/lowres_depth/48018845_649740.336.png,rule,"{""winner_concept"": ""chair"", ""winner_object_index"": 16, ""winner_area_frac"": 0.1742792158137958, ""winner_depth_m"": 0.9620000123977661, ""runner_up_concept"": ""chair"", ""runner_up_area_frac"": 0.14669633940076998, ""runner_up_depth_m"": 1.1549999713897705}"
train_000767,41098140/886.335,41098140,lidar,unknown,train,nearest_object,,0,What is the closest object to the cabinet?,,washer,object,,ARKitScenes/3dod/Training/41098140/41098140_frames/lowres_wide/41098140_886.335.png,ARKitScenes/3dod/Training/41098140/41098140_frames/lowres_depth/41098140_886.335.png,rule,"{""anchor_concept"": ""cabinet"", ""anchor_object_index"": 0, ""answer_concept"": ""washer"", ""answer_object_index"": 1, ""nearest_distance_m"": 0.396, ""second_nearest_distance_m"": 1.35}"
train_000768,45261509/43539.756,45261509,lidar,unknown,train,left_right,,4,"Which side of the television is the chair on, left or right?",,right,choice,left|right,ARKitScenes/3dod/Training/45261509/45261509_frames/lowres_wide/45261509_43539.756.png,ARKitScenes/3dod/Training/45261509/45261509_frames/lowres_depth/45261509_43539.756.png,rule,"{""a_concept"": ""chair"", ""b_concept"": ""television"", ""a_centroid_x"": 101.6803728957104, ""b_centroid_x"": 11.982011078057061, ""horizontal_gap_px"": 89.69836181765335, ""image_width"": 256}"
train_000769,42445670/60938.231,42445670,lidar,unknown,train,nearest_object,,0,What is the closest object to the cabinet?,,shelf,object,,ARKitScenes/3dod/Training/42445670/42445670_frames/lowres_wide/42445670_60938.231.png,ARKitScenes/3dod/Training/42445670/42445670_frames/lowres_depth/42445670_60938.231.png,rule,"{""anchor_concept"": ""cabinet"", ""anchor_object_index"": 4, ""answer_concept"": ""shelf"", ""answer_object_index"": 6, ""nearest_distance_m"": 0.861, ""second_nearest_distance_m"": 2.495}"
train_000770,47430248/182319.405,47430248,lidar,unknown,train,existence,negative,1,Do you see a cabinet here?,,no,yes_no,yes|no,ARKitScenes/3dod/Training/47430248/47430248_frames/lowres_wide/47430248_182319.405.png,ARKitScenes/3dod/Training/47430248/47430248_frames/lowres_depth/47430248_182319.405.png,rule,"{""concept"": ""cabinet"", ""reason"": ""category_or_scene_type_plausible""}"
train_000771,47431194/360458.892,47431194,lidar,unknown,train,existence,positive,4,Is a cabinet present in this scene?,,yes,yes_no,yes|no,ARKitScenes/3dod/Training/47431194/47431194_frames/lowres_wide/47431194_360458.892.png,ARKitScenes/3dod/Training/47431194/47431194_frames/lowres_depth/47431194_360458.892.png,rule,"{""concept"": ""cabinet"", ""object_index"": 25, ""area_frac"": 0.015782059129966924}"
train_000772,47333493/62579.719,47333493,lidar,unknown,train,left_right,,0,Is the chair to the left or to the right of the table?,,left,choice,left|right,ARKitScenes/3dod/Training/47333493/47333493_frames/lowres_wide/47333493_62579.719.png,ARKitScenes/3dod/Training/47333493/47333493_frames/lowres_depth/47333493_62579.719.png,rule,"{""a_concept"": ""chair"", ""b_concept"": ""table"", ""a_centroid_x"": 39.17469295780117, ""b_centroid_x"": 82.52619592153002, ""horizontal_gap_px"": 43.35150296372885, ""image_width"": 256}"
train_000773,42898236/167732.341,42898236,lidar,unknown,train,nearest_object,,0,What is the closest object to the table?,,sofa,object,,ARKitScenes/3dod/Training/42898236/42898236_frames/lowres_wide/42898236_167732.341.png,ARKitScenes/3dod/Training/42898236/42898236_frames/lowres_depth/42898236_167732.341.png,rule,"{""anchor_concept"": ""table"", ""anchor_object_index"": 3, ""answer_concept"": ""sofa"", ""answer_object_index"": 1, ""nearest_distance_m"": 0.782, ""second_nearest_distance_m"": 1.116}"
train_000774,44796236/3113.942,44796236,lidar,unknown,train,left_right,,0,Is the table to the left or to the right of the stool?,,left,choice,left|right,ARKitScenes/3dod/Training/44796236/44796236_frames/lowres_wide/44796236_3113.942.png,ARKitScenes/3dod/Training/44796236/44796236_frames/lowres_depth/44796236_3113.942.png,rule,"{""a_concept"": ""table"", ""b_concept"": ""stool"", ""a_centroid_x"": 46.573351402074174, ""b_centroid_x"": 98.26427944023989, ""horizontal_gap_px"": 51.690928038165715, ""image_width"": 256}"
train_000775,47895816/685917.660,47895816,lidar,unknown,train,left_right,,3,Is the washer on the left side or the right side of the table?,,left,choice,left|right,ARKitScenes/3dod/Training/47895816/47895816_frames/lowres_wide/47895816_685917.660.png,ARKitScenes/3dod/Training/47895816/47895816_frames/lowres_depth/47895816_685917.660.png,rule,"{""a_concept"": ""washer"", ""b_concept"": ""table"", ""a_centroid_x"": 29.64004765157562, ""b_centroid_x"": 217.05386363741448, ""horizontal_gap_px"": 187.41381598583885, ""image_width"": 256}"
train_000776,44358631/1380.372,44358631,lidar,unknown,train,left_right,,4,"Which side of the chair is the table on, left or right?",,right,choice,left|right,ARKitScenes/3dod/Training/44358631/44358631_frames/lowres_wide/44358631_1380.372.png,ARKitScenes/3dod/Training/44358631/44358631_frames/lowres_depth/44358631_1380.372.png,rule,"{""a_concept"": ""table"", ""b_concept"": ""chair"", ""a_centroid_x"": 233.26251717836766, ""b_centroid_x"": 133.12842987863493, ""horizontal_gap_px"": 100.13408729973273, ""image_width"": 256}"
train_000777,47332384/398610.632,47332384,lidar,unknown,train,left_right,,3,Is the table on the left side or the right side of the cabinet?,,left,choice,left|right,ARKitScenes/3dod/Training/47332384/47332384_frames/lowres_wide/47332384_398610.632.png,ARKitScenes/3dod/Training/47332384/47332384_frames/lowres_depth/47332384_398610.632.png,rule,"{""a_concept"": ""table"", ""b_concept"": ""cabinet"", ""a_centroid_x"": 49.38915654507685, ""b_centroid_x"": 196.83744241592748, ""horizontal_gap_px"": 147.44828587085064, ""image_width"": 256}"
train_000778,44358426/41427.787,44358426,lidar,unknown,train,identify_superlative,closest_camera,4,"Not counting the room's walls, floor, or ceiling, which object is closest to us in this image?",,sink,object,,ARKitScenes/3dod/Training/44358426/44358426_frames/lowres_wide/44358426_41427.787.png,ARKitScenes/3dod/Training/44358426/44358426_frames/lowres_depth/44358426_41427.787.png,rule,"{""winner_concept"": ""sink"", ""winner_object_index"": 2, ""winner_area_frac"": 0.09680713541846338, ""winner_depth_m"": 1.3890000581741333, ""runner_up_concept"": ""toilet"", ""runner_up_area_frac"": 0.11067199088666922, ""runner_up_depth_m"": 2.058000087738037}"
train_000779,47430328/271271.608,47430328,lidar,unknown,train,nearest_object,,4,What is right next to the stool?,,cabinet,object,,ARKitScenes/3dod/Training/47430328/47430328_frames/lowres_wide/47430328_271271.608.png,ARKitScenes/3dod/Training/47430328/47430328_frames/lowres_depth/47430328_271271.608.png,rule,"{""anchor_concept"": ""stool"", ""anchor_object_index"": 6, ""answer_concept"": ""cabinet"", ""answer_object_index"": 1, ""nearest_distance_m"": 0.195, ""second_nearest_distance_m"": 0.576}"
train_000780,43896224/4899.317,43896224,lidar,unknown,train,left_right,,2,"Looking at the sink, is the bathtub positioned on its left or right?",,right,choice,left|right,ARKitScenes/3dod/Training/43896224/43896224_frames/lowres_wide/43896224_4899.317.png,ARKitScenes/3dod/Training/43896224/43896224_frames/lowres_depth/43896224_4899.317.png,rule,"{""a_concept"": ""bathtub"", ""b_concept"": ""sink"", ""a_centroid_x"": 150.06768253715833, ""b_centroid_x"": 122.5409573681146, ""horizontal_gap_px"": 27.52672516904373, ""image_width"": 256}"
train_000781,41159873/81838.768,41159873,lidar,unknown,train,identify_superlative,farthest_camera,5,"Excluding the walls, floor, and ceiling, what is the most distant visible object in the scene?",,table,object,,ARKitScenes/3dod/Training/41159873/41159873_frames/lowres_wide/41159873_81838.768.png,ARKitScenes/3dod/Training/41159873/41159873_frames/lowres_depth/41159873_81838.768.png,rule,"{""winner_concept"": ""table"", ""winner_object_index"": 2, ""winner_area_frac"": 0.03245497118036045, ""winner_depth_m"": 3.1640000343322754, ""runner_up_concept"": ""chair"", ""runner_up_area_frac"": 0.21580623080220854, ""runner_up_depth_m"": 1.4579999446868896}"
train_000782,47333061/60775.187,47333061,lidar,unknown,train,left_right,,5,"From the sink, which direction is the bathtub in, left or right?",,right,choice,left|right,ARKitScenes/3dod/Training/47333061/47333061_frames/lowres_wide/47333061_60775.187.png,ARKitScenes/3dod/Training/47333061/47333061_frames/lowres_depth/47333061_60775.187.png,rule,"{""a_concept"": ""bathtub"", ""b_concept"": ""sink"", ""a_centroid_x"": 245.15050655038473, ""b_centroid_x"": 212.37690815541055, ""horizontal_gap_px"": 32.77359839497419, ""image_width"": 256}"
train_000783,47334189/354687.175,47334189,lidar,unknown,train,nearest_object,,1,Which object is nearest to the oven?,,stove,object,,ARKitScenes/3dod/Training/47334189/47334189_frames/lowres_wide/47334189_354687.175.png,ARKitScenes/3dod/Training/47334189/47334189_frames/lowres_depth/47334189_354687.175.png,rule,"{""anchor_concept"": ""oven"", ""anchor_object_index"": 5, ""answer_concept"": ""stove"", ""answer_object_index"": 6, ""nearest_distance_m"": 0.121, ""second_nearest_distance_m"": 0.867}"
train_000784,47333133/39369.587,47333133,lidar,unknown,train,existence,positive,4,Is a cabinet present in this scene?,,yes,yes_no,yes|no,ARKitScenes/3dod/Training/47333133/47333133_frames/lowres_wide/47333133_39369.587.png,ARKitScenes/3dod/Training/47333133/47333133_frames/lowres_depth/47333133_39369.587.png,rule,"{""concept"": ""cabinet"", ""object_index"": 15, ""area_frac"": 0.0439700389018062}"
train_000785,47115648/4796.068,47115648,lidar,unknown,train,relative_depth,closer,1,"Between the chair and the sofa, which one is closer to the camera?",,sofa,choice,chair|sofa,ARKitScenes/3dod/Training/47115648/47115648_frames/lowres_wide/47115648_4796.068.png,ARKitScenes/3dod/Training/47115648/47115648_frames/lowres_depth/47115648_4796.068.png,rule,"{""a_concept"": ""sofa"", ""a_depth_m"": 1.2730000019073486, ""b_concept"": ""chair"", ""b_depth_m"": 2.1579999923706055, ""comparative"": ""closer"", ""answer_concept"": ""sofa""}"
train_000786,47430688/326913.547,47430688,lidar,unknown,train,identify_superlative,closest_camera,4,"Not counting the room's walls, floor, or ceiling, which object is closest to us in this image?",,cabinet,object,,ARKitScenes/3dod/Training/47430688/47430688_frames/lowres_wide/47430688_326913.547.png,ARKitScenes/3dod/Training/47430688/47430688_frames/lowres_depth/47430688_326913.547.png,rule,"{""winner_concept"": ""cabinet"", ""winner_object_index"": 9, ""winner_area_frac"": 0.04318184025452965, ""winner_depth_m"": 0.6759999990463257, ""runner_up_concept"": null, ""runner_up_area_frac"": null, ""runner_up_depth_m"": null}"
train_000787,47670158/40682.447,47670158,lidar,unknown,train,existence,negative,5,Is there any cabinet visible in the image?,,no,yes_no,yes|no,ARKitScenes/3dod/Training/47670158/47670158_frames/lowres_wide/47670158_40682.447.png,ARKitScenes/3dod/Training/47670158/47670158_frames/lowres_depth/47670158_40682.447.png,rule,"{""concept"": ""cabinet"", ""reason"": ""category_or_scene_type_plausible""}"
train_000788,41126811/8363.733,41126811,lidar,unknown,train,existence,positive,4,Is a cabinet present in this scene?,,yes,yes_no,yes|no,ARKitScenes/3dod/Training/41126811/41126811_frames/lowres_wide/41126811_8363.733.png,ARKitScenes/3dod/Training/41126811/41126811_frames/lowres_depth/41126811_8363.733.png,rule,"{""concept"": ""cabinet"", ""object_index"": 9, ""area_frac"": 0.0924543194714726}"
train_000789,47332653/369044.481,47332653,lidar,unknown,train,relative_depth,farther,1,"Between the table and the sofa, which one is farther from the camera?",,table,choice,table|sofa,ARKitScenes/3dod/Training/47332653/47332653_frames/lowres_wide/47332653_369044.481.png,ARKitScenes/3dod/Training/47332653/47332653_frames/lowres_depth/47332653_369044.481.png,rule,"{""a_concept"": ""sofa"", ""a_depth_m"": 0.9670000076293945, ""b_concept"": ""table"", ""b_depth_m"": 1.2985000610351562, ""comparative"": ""farther"", ""answer_concept"": ""table""}"
train_000790,47204888/923.097,47204888,lidar,unknown,train,left_right,,1,"Relative to the sink, is the washer on the left or the right?",,left,choice,left|right,ARKitScenes/3dod/Training/47204888/47204888_frames/lowres_wide/47204888_923.097.png,ARKitScenes/3dod/Training/47204888/47204888_frames/lowres_depth/47204888_923.097.png,rule,"{""a_concept"": ""washer"", ""b_concept"": ""sink"", ""a_centroid_x"": 170.53112988579642, ""b_centroid_x"": 231.58318653821698, ""horizontal_gap_px"": 61.05205665242056, ""image_width"": 256}"
train_000791,47895672/369300.488,47895672,lidar,unknown,train,existence,positive,0,Is there a shelf in this room?,,yes,yes_no,yes|no,ARKitScenes/3dod/Training/47895672/47895672_frames/lowres_wide/47895672_369300.488.png,ARKitScenes/3dod/Training/47895672/47895672_frames/lowres_depth/47895672_369300.488.png,rule,"{""concept"": ""shelf"", ""object_index"": 2, ""area_frac"": 0.11729551204294542}"
train_000792,48018791/18086.660,48018791,lidar,unknown,train,nearest_object,,5,Which object is closest in distance to the table?,,chair,object,,ARKitScenes/3dod/Training/48018791/48018791_frames/lowres_wide/48018791_18086.660.png,ARKitScenes/3dod/Training/48018791/48018791_frames/lowres_depth/48018791_18086.660.png,rule,"{""anchor_concept"": ""table"", ""anchor_object_index"": 0, ""answer_concept"": ""chair"", ""answer_object_index"": 4, ""nearest_distance_m"": 0.632, ""second_nearest_distance_m"": 0.817}"
train_000793,41069076/3118.824,41069076,lidar,unknown,train,relative_depth,closer,1,"Between the sink and the cabinet, which one is closer to the camera?",,sink,choice,sink|cabinet,ARKitScenes/3dod/Training/41069076/41069076_frames/lowres_wide/41069076_3118.824.png,ARKitScenes/3dod/Training/41069076/41069076_frames/lowres_depth/41069076_3118.824.png,rule,"{""a_concept"": ""sink"", ""a_depth_m"": 1.1440000534057617, ""b_concept"": ""cabinet"", ""b_depth_m"": 2.3299999237060547, ""comparative"": ""closer"", ""answer_concept"": ""sink""}"
train_000794,44358631/1380.372,44358631,lidar,unknown,train,relative_depth,closer,0,"Which is closer to the camera, the table or the chair?",,table,choice,table|chair,ARKitScenes/3dod/Training/44358631/44358631_frames/lowres_wide/44358631_1380.372.png,ARKitScenes/3dod/Training/44358631/44358631_frames/lowres_depth/44358631_1380.372.png,rule,"{""a_concept"": ""table"", ""a_depth_m"": 2.0820000171661377, ""b_concept"": ""chair"", ""b_depth_m"": 4.006999969482422, ""comparative"": ""closer"", ""answer_concept"": ""table""}"
train_000795,41159873/81822.574,41159873,lidar,unknown,train,existence,negative,3,Can you spot a cabinet in the picture?,,no,yes_no,yes|no,ARKitScenes/3dod/Training/41159873/41159873_frames/lowres_wide/41159873_81822.574.png,ARKitScenes/3dod/Training/41159873/41159873_frames/lowres_depth/41159873_81822.574.png,rule,"{""concept"": ""cabinet"", ""reason"": ""category_or_scene_type_plausible""}"
train_000796,42898427/1122.452,42898427,lidar,unknown,train,relative_depth,closer,1,"Between the table and the stool, which one is closer to the camera?",,stool,choice,table|stool,ARKitScenes/3dod/Training/42898427/42898427_frames/lowres_wide/42898427_1122.452.png,ARKitScenes/3dod/Training/42898427/42898427_frames/lowres_depth/42898427_1122.452.png,rule,"{""a_concept"": ""table"", ""a_depth_m"": 1.8669999837875366, ""b_concept"": ""stool"", ""b_depth_m"": 1.4270000457763672, ""comparative"": ""closer"", ""answer_concept"": ""stool""}"
train_000797,47331598/17029.588,47331598,lidar,unknown,train,identify_superlative,farthest_camera,3,"Ignoring the walls, floor, and ceiling, what object is farthest from the viewer?",,sink,object,,ARKitScenes/3dod/Training/47331598/47331598_frames/lowres_wide/47331598_17029.588.png,ARKitScenes/3dod/Training/47331598/47331598_frames/lowres_depth/47331598_17029.588.png,rule,"{""winner_concept"": ""sink"", ""winner_object_index"": 6, ""winner_area_frac"": 0.007929232469863427, ""winner_depth_m"": 1.5509999990463257, ""runner_up_concept"": ""sink"", ""runner_up_area_frac"": 0.03851318002627754, ""runner_up_depth_m"": 1.2200000286102295}"
train_000798,42898392/369338.740,42898392,lidar,unknown,train,identify_superlative,closest_camera,1,"Excluding the walls, floor, and ceiling, what is the nearest object to the camera?",,cabinet,object,,ARKitScenes/3dod/Training/42898392/42898392_frames/lowres_wide/42898392_369338.740.png,ARKitScenes/3dod/Training/42898392/42898392_frames/lowres_depth/42898392_369338.740.png,rule,"{""winner_concept"": ""cabinet"", ""winner_object_index"": 1, ""winner_area_frac"": 0.11662839851317743, ""winner_depth_m"": 1.6720000505447388, ""runner_up_concept"": null, ""runner_up_area_frac"": null, ""runner_up_depth_m"": null}"
train_000799,47331397/200228.627,47331397,lidar,unknown,train,existence,negative,2,Does this room contain a cabinet?,,no,yes_no,yes|no,ARKitScenes/3dod/Training/47331397/47331397_frames/lowres_wide/47331397_200228.627.png,ARKitScenes/3dod/Training/47331397/47331397_frames/lowres_depth/47331397_200228.627.png,rule,"{""concept"": ""cabinet"", ""reason"": ""category_or_scene_type_plausible""}"
train_000800,42898711/581571.529,42898711,lidar,unknown,train,existence,positive,3,Can you spot a cabinet in the picture?,,yes,yes_no,yes|no,ARKitScenes/3dod/Training/42898711/42898711_frames/lowres_wide/42898711_581571.529.png,ARKitScenes/3dod/Training/42898711/42898711_frames/lowres_depth/42898711_581571.529.png,rule,"{""concept"": ""cabinet"", ""object_index"": 3, ""area_frac"": 0.0498900002076226}"
train_000801,45260984/20762.911,45260984,lidar,unknown,train,nearest_object,,5,Which object is closest in distance to the table?,,chair,object,,ARKitScenes/3dod/Training/45260984/45260984_frames/lowres_wide/45260984_20762.911.png,ARKitScenes/3dod/Training/45260984/45260984_frames/lowres_depth/45260984_20762.911.png,rule,"{""anchor_concept"": ""table"", ""anchor_object_index"": 12, ""answer_concept"": ""chair"", ""answer_object_index"": 14, ""nearest_distance_m"": 0.222, ""second_nearest_distance_m"": 0.551}"
train_000802,47115265/115180.580,47115265,lidar,unknown,train,existence,negative,1,Do you see a cabinet here?,,no,yes_no,yes|no,ARKitScenes/3dod/Training/47115265/47115265_frames/lowres_wide/47115265_115180.580.png,ARKitScenes/3dod/Training/47115265/47115265_frames/lowres_depth/47115265_115180.580.png,rule,"{""concept"": ""cabinet"", ""reason"": ""category_or_scene_type_plausible""}"
train_000803,42899358/716459.194,42899358,lidar,unknown,train,existence,negative,0,Is there a shelf in this room?,,no,yes_no,yes|no,ARKitScenes/3dod/Training/42899358/42899358_frames/lowres_wide/42899358_716459.194.png,ARKitScenes/3dod/Training/42899358/42899358_frames/lowres_depth/42899358_716459.194.png,rule,"{""concept"": ""shelf"", ""reason"": ""category_or_scene_type_plausible""}"
train_000804,42898728/583442.298,42898728,lidar,unknown,train,existence,negative,3,Can you spot a bathtub in the picture?,,no,yes_no,yes|no,ARKitScenes/3dod/Training/42898728/42898728_frames/lowres_wide/42898728_583442.298.png,ARKitScenes/3dod/Training/42898728/42898728_frames/lowres_depth/42898728_583442.298.png,rule,"{""concept"": ""bathtub"", ""reason"": ""category_or_scene_type_plausible""}"
train_000805,47333133/39362.790,47333133,lidar,unknown,train,identify_superlative,farthest_camera,3,"Ignoring the walls, floor, and ceiling, what object is farthest from the viewer?",,cabinet,object,,ARKitScenes/3dod/Training/47333133/47333133_frames/lowres_wide/47333133_39362.790.png,ARKitScenes/3dod/Training/47333133/47333133_frames/lowres_depth/47333133_39362.790.png,rule,"{""winner_concept"": ""cabinet"", ""winner_object_index"": 15, ""winner_area_frac"": 0.023277281200457065, ""winner_depth_m"": 2.183000087738037, ""runner_up_concept"": null, ""runner_up_area_frac"": null, ""runner_up_depth_m"": null}"
train_000806,41126466/5195.443,41126466,lidar,unknown,train,existence,positive,5,Is there any cabinet visible in the image?,,yes,yes_no,yes|no,ARKitScenes/3dod/Training/41126466/41126466_frames/lowres_wide/41126466_5195.443.png,ARKitScenes/3dod/Training/41126466/41126466_frames/lowres_depth/41126466_5195.443.png,rule,"{""concept"": ""cabinet"", ""object_index"": 1, ""area_frac"": 0.05691912409310457}"
train_000807,47333840/54049.888,47333840,lidar,unknown,train,existence,negative,5,Is there any cabinet visible in the image?,,no,yes_no,yes|no,ARKitScenes/3dod/Training/47333840/47333840_frames/lowres_wide/47333840_54049.888.png,ARKitScenes/3dod/Training/47333840/47333840_frames/lowres_depth/47333840_54049.888.png,rule,"{""concept"": ""cabinet"", ""reason"": ""category_or_scene_type_plausible""}"
train_000808,47331705/9769.349,47331705,lidar,unknown,train,relative_depth,closer,0,"Which is closer to the camera, the cabinet or the table?",,table,choice,cabinet|table,ARKitScenes/3dod/Training/47331705/47331705_frames/lowres_wide/47331705_9769.349.png,ARKitScenes/3dod/Training/47331705/47331705_frames/lowres_depth/47331705_9769.349.png,rule,"{""a_concept"": ""table"", ""a_depth_m"": 2.9549999237060547, ""b_concept"": ""cabinet"", ""b_depth_m"": 4.386000156402588, ""comparative"": ""closer"", ""answer_concept"": ""table""}"
train_000809,42898728/583490.978,42898728,lidar,unknown,train,identify_superlative,closest_camera,0,"Not counting the walls, floor, or ceiling, which object is closest to the camera?",,toilet,object,,ARKitScenes/3dod/Training/42898728/42898728_frames/lowres_wide/42898728_583490.978.png,ARKitScenes/3dod/Training/42898728/42898728_frames/lowres_depth/42898728_583490.978.png,rule,"{""winner_concept"": ""toilet"", ""winner_object_index"": 0, ""winner_area_frac"": 0.11090491554974191, ""winner_depth_m"": 1.4600000381469727, ""runner_up_concept"": null, ""runner_up_area_frac"": null, ""runner_up_depth_m"": null}"
train_000810,47430314/264815.257,47430314,lidar,unknown,train,relative_depth,farther,4,"Of the table and the shelf, which is farther?",,table,choice,table|shelf,ARKitScenes/3dod/Training/47430314/47430314_frames/lowres_wide/47430314_264815.257.png,ARKitScenes/3dod/Training/47430314/47430314_frames/lowres_depth/47430314_264815.257.png,rule,"{""a_concept"": ""shelf"", ""a_depth_m"": 1.7949999570846558, ""b_concept"": ""table"", ""b_depth_m"": 2.246000051498413, ""comparative"": ""farther"", ""answer_concept"": ""table""}"
train_000811,43649451/12739.355,43649451,lidar,unknown,train,existence,positive,5,Is there any stool visible in the image?,,yes,yes_no,yes|no,ARKitScenes/3dod/Training/43649451/43649451_frames/lowres_wide/43649451_12739.355.png,ARKitScenes/3dod/Training/43649451/43649451_frames/lowres_depth/43649451_12739.355.png,rule,"{""concept"": ""stool"", ""object_index"": 4, ""area_frac"": 0.024123073431249517}"
train_000812,47333175/44124.889,47333175,lidar,unknown,train,nearest_object,,3,Which item is positioned nearest to the cabinet?,,sink,object,,ARKitScenes/3dod/Training/47333175/47333175_frames/lowres_wide/47333175_44124.889.png,ARKitScenes/3dod/Training/47333175/47333175_frames/lowres_depth/47333175_44124.889.png,rule,"{""anchor_concept"": ""cabinet"", ""anchor_object_index"": 7, ""answer_concept"": ""sink"", ""answer_object_index"": 8, ""nearest_distance_m"": 0.151, ""second_nearest_distance_m"": 0.21}"
train_000813,44796226/2536.531,44796226,lidar,unknown,train,existence,negative,0,Is there a cabinet in this room?,,no,yes_no,yes|no,ARKitScenes/3dod/Training/44796226/44796226_frames/lowres_wide/44796226_2536.531.png,ARKitScenes/3dod/Training/44796226/44796226_frames/lowres_depth/44796226_2536.531.png,rule,"{""concept"": ""cabinet"", ""reason"": ""category_or_scene_type_plausible""}"
train_000814,48018760/15060.369,48018760,lidar,unknown,train,left_right,,1,"Relative to the chair, is the cabinet on the left or the right?",,left,choice,left|right,ARKitScenes/3dod/Training/48018760/48018760_frames/lowres_wide/48018760_15060.369.png,ARKitScenes/3dod/Training/48018760/48018760_frames/lowres_depth/48018760_15060.369.png,rule,"{""a_concept"": ""cabinet"", ""b_concept"": ""chair"", ""a_centroid_x"": 108.52792257087772, ""b_centroid_x"": 230.80820459476877, ""horizontal_gap_px"": 122.28028202389105, ""image_width"": 256}"
train_000815,47895476/132674.232,47895476,lidar,unknown,train,left_right,,2,"Looking at the television, is the cabinet positioned on its left or right?",,right,choice,left|right,ARKitScenes/3dod/Training/47895476/47895476_frames/lowres_wide/47895476_132674.232.png,ARKitScenes/3dod/Training/47895476/47895476_frames/lowres_depth/47895476_132674.232.png,rule,"{""a_concept"": ""cabinet"", ""b_concept"": ""television"", ""a_centroid_x"": 236.59522472281378, ""b_centroid_x"": 175.9302579691585, ""horizontal_gap_px"": 60.66496675365528, ""image_width"": 256}"
train_000816,47334167/349299.489,47334167,lidar,unknown,train,identify_superlative,farthest_camera,1,"Excluding the walls, floor, and ceiling, what is the most distant object from the camera?",,bathtub,object,,ARKitScenes/3dod/Training/47334167/47334167_frames/lowres_wide/47334167_349299.489.png,ARKitScenes/3dod/Training/47334167/47334167_frames/lowres_depth/47334167_349299.489.png,rule,"{""winner_concept"": ""bathtub"", ""winner_object_index"": 0, ""winner_area_frac"": 0.26986168946535155, ""winner_depth_m"": 1.0720000267028809, ""runner_up_concept"": null, ""runner_up_area_frac"": null, ""runner_up_depth_m"": null}"
train_000817,47330996/177051.900,47330996,lidar,unknown,train,relative_depth,closer,0,"Which is closer to the camera, the cabinet or the table?",,table,choice,cabinet|table,ARKitScenes/3dod/Training/47330996/47330996_frames/lowres_wide/47330996_177051.900.png,ARKitScenes/3dod/Training/47330996/47330996_frames/lowres_depth/47330996_177051.900.png,rule,"{""a_concept"": ""cabinet"", ""a_depth_m"": 1.8739999532699585, ""b_concept"": ""table"", ""b_depth_m"": 1.5199999809265137, ""comparative"": ""closer"", ""answer_concept"": ""table""}"
train_000818,42899822/256574.155,42899822,lidar,unknown,train,existence,negative,2,Does this room contain a cabinet?,,no,yes_no,yes|no,ARKitScenes/3dod/Training/42899822/42899822_frames/lowres_wide/42899822_256574.155.png,ARKitScenes/3dod/Training/42899822/42899822_frames/lowres_depth/42899822_256574.155.png,rule,"{""concept"": ""cabinet"", ""reason"": ""category_or_scene_type_plausible""}"
train_000819,41126779/4643.353,41126779,lidar,unknown,train,nearest_object,,0,What is the closest object to the cabinet?,,refrigerator,object,,ARKitScenes/3dod/Training/41126779/41126779_frames/lowres_wide/41126779_4643.353.png,ARKitScenes/3dod/Training/41126779/41126779_frames/lowres_depth/41126779_4643.353.png,rule,"{""anchor_concept"": ""cabinet"", ""anchor_object_index"": 0, ""answer_concept"": ""refrigerator"", ""answer_object_index"": 8, ""nearest_distance_m"": 0.781, ""second_nearest_distance_m"": 1.851}"
train_000820,43828243/81905.208,43828243,lidar,unknown,train,existence,positive,2,Does this room contain a cabinet?,,yes,yes_no,yes|no,ARKitScenes/3dod/Training/43828243/43828243_frames/lowres_wide/43828243_81905.208.png,ARKitScenes/3dod/Training/43828243/43828243_frames/lowres_depth/43828243_81905.208.png,rule,"{""concept"": ""cabinet"", ""object_index"": 3, ""area_frac"": 0.4260480341187409}"
train_000821,47895233/73797.008,47895233,lidar,unknown,train,identify_superlative,closest_camera,1,"Excluding the walls, floor, and ceiling, what is the nearest object to the camera?",,sink,object,,ARKitScenes/3dod/Training/47895233/47895233_frames/lowres_wide/47895233_73797.008.png,ARKitScenes/3dod/Training/47895233/47895233_frames/lowres_depth/47895233_73797.008.png,rule,"{""winner_concept"": ""sink"", ""winner_object_index"": 5, ""winner_area_frac"": 0.027900365400497007, ""winner_depth_m"": 0.6129999756813049, ""runner_up_concept"": null, ""runner_up_area_frac"": null, ""runner_up_depth_m"": null}"
train_000822,48018286/799434.234,48018286,lidar,unknown,train,left_right,,1,"Relative to the television, is the chair on the left or the right?",,right,choice,left|right,ARKitScenes/3dod/Training/48018286/48018286_frames/lowres_wide/48018286_799434.234.png,ARKitScenes/3dod/Training/48018286/48018286_frames/lowres_depth/48018286_799434.234.png,rule,"{""a_concept"": ""chair"", ""b_concept"": ""television"", ""a_centroid_x"": 151.55643556474823, ""b_centroid_x"": 54.75553635096742, ""horizontal_gap_px"": 96.80089921378081, ""image_width"": 256}"
train_000823,43828517/102956.708,43828517,lidar,unknown,train,existence,negative,3,Can you spot a cabinet in the picture?,,no,yes_no,yes|no,ARKitScenes/3dod/Training/43828517/43828517_frames/lowres_wide/43828517_102956.708.png,ARKitScenes/3dod/Training/43828517/43828517_frames/lowres_depth/43828517_102956.708.png,rule,"{""concept"": ""cabinet"", ""reason"": ""category_or_scene_type_plausible""}"
train_000824,47430689/326890.540,47430689,lidar,unknown,train,identify_superlative,farthest_camera,5,"Excluding the walls, floor, and ceiling, what is the most distant visible object in the scene?",,cabinet,object,,ARKitScenes/3dod/Training/47430689/47430689_frames/lowres_wide/47430689_326890.540.png,ARKitScenes/3dod/Training/47430689/47430689_frames/lowres_depth/47430689_326890.540.png,rule,"{""winner_concept"": ""cabinet"", ""winner_object_index"": 7, ""winner_area_frac"": 0.39366813212006174, ""winner_depth_m"": 1.0889999866485596, ""runner_up_concept"": null, ""runner_up_area_frac"": null, ""runner_up_depth_m"": null}"
train_000825,45663387/93587.792,45663387,lidar,unknown,train,existence,positive,5,Is there any cabinet visible in the image?,,yes,yes_no,yes|no,ARKitScenes/3dod/Training/45663387/45663387_frames/lowres_wide/45663387_93587.792.png,ARKitScenes/3dod/Training/45663387/45663387_frames/lowres_depth/45663387_93587.792.png,rule,"{""concept"": ""cabinet"", ""object_index"": 6, ""area_frac"": 0.015337732133668213}"
train_000826,47332232/755603.552,47332232,lidar,unknown,train,nearest_object,,0,What is the closest object to the cabinet?,,sink,object,,ARKitScenes/3dod/Training/47332232/47332232_frames/lowres_wide/47332232_755603.552.png,ARKitScenes/3dod/Training/47332232/47332232_frames/lowres_depth/47332232_755603.552.png,rule,"{""anchor_concept"": ""cabinet"", ""anchor_object_index"": 1, ""answer_concept"": ""sink"", ""answer_object_index"": 2, ""nearest_distance_m"": 0.103, ""second_nearest_distance_m"": 0.437}"
train_000827,43896223/4949.913,43896223,lidar,unknown,train,left_right,,0,Is the bathtub to the left or to the right of the toilet?,,right,choice,left|right,ARKitScenes/3dod/Training/43896223/43896223_frames/lowres_wide/43896223_4949.913.png,ARKitScenes/3dod/Training/43896223/43896223_frames/lowres_depth/43896223_4949.913.png,rule,"{""a_concept"": ""bathtub"", ""b_concept"": ""toilet"", ""a_centroid_x"": 89.4177876059253, ""b_centroid_x"": 52.71528201350674, ""horizontal_gap_px"": 36.70250559241856, ""image_width"": 256}"
train_000828,42899071/650748.387,42899071,lidar,unknown,train,left_right,,4,"Which side of the cabinet is the bed on, left or right?",,right,choice,left|right,ARKitScenes/3dod/Training/42899071/42899071_frames/lowres_wide/42899071_650748.387.png,ARKitScenes/3dod/Training/42899071/42899071_frames/lowres_depth/42899071_650748.387.png,rule,"{""a_concept"": ""bed"", ""b_concept"": ""cabinet"", ""a_centroid_x"": 197.6812046757187, ""b_centroid_x"": 67.29075271885502, ""horizontal_gap_px"": 130.39045195686367, ""image_width"": 256}"
train_000829,45260877/7343.983,45260877,lidar,unknown,train,nearest_object,,0,What is the closest object to the cabinet?,,chair,object,,ARKitScenes/3dod/Training/45260877/45260877_frames/lowres_wide/45260877_7343.983.png,ARKitScenes/3dod/Training/45260877/45260877_frames/lowres_depth/45260877_7343.983.png,rule,"{""anchor_concept"": ""cabinet"", ""anchor_object_index"": 9, ""answer_concept"": ""chair"", ""answer_object_index"": 15, ""nearest_distance_m"": 1.49, ""second_nearest_distance_m"": 2.063}"
train_000830,47332177/262499.330,47332177,lidar,unknown,train,nearest_object,,3,Which item is positioned nearest to the cabinet?,,shelf,object,,ARKitScenes/3dod/Training/47332177/47332177_frames/lowres_wide/47332177_262499.330.png,ARKitScenes/3dod/Training/47332177/47332177_frames/lowres_depth/47332177_262499.330.png,rule,"{""anchor_concept"": ""cabinet"", ""anchor_object_index"": 6, ""answer_concept"": ""shelf"", ""answer_object_index"": 3, ""nearest_distance_m"": 0.811, ""second_nearest_distance_m"": 1.73}"
train_000831,44796745/28672.896,44796745,lidar,unknown,train,relative_depth,farther,1,"Between the stool and the sofa, which one is farther from the camera?",,stool,choice,stool|sofa,ARKitScenes/3dod/Training/44796745/44796745_frames/lowres_wide/44796745_28672.896.png,ARKitScenes/3dod/Training/44796745/44796745_frames/lowres_depth/44796745_28672.896.png,rule,"{""a_concept"": ""sofa"", ""a_depth_m"": 2.315999984741211, ""b_concept"": ""stool"", ""b_depth_m"": 4.808000087738037, ""comparative"": ""farther"", ""answer_concept"": ""stool""}"
train_000832,48018486/529042.885,48018486,lidar,unknown,train,relative_depth,farther,3,"Which object is farther from the camera, the chair or the shelf?",,shelf,choice,chair|shelf,ARKitScenes/3dod/Training/48018486/48018486_frames/lowres_wide/48018486_529042.885.png,ARKitScenes/3dod/Training/48018486/48018486_frames/lowres_depth/48018486_529042.885.png,rule,"{""a_concept"": ""chair"", ""a_depth_m"": 1.875499963760376, ""b_concept"": ""shelf"", ""b_depth_m"": 2.572000026702881, ""comparative"": ""farther"", ""answer_concept"": ""shelf""}"
train_000833,47331084/133876.605,47331084,lidar,unknown,train,existence,negative,2,Does this room contain a cabinet?,,no,yes_no,yes|no,ARKitScenes/3dod/Training/47331084/47331084_frames/lowres_wide/47331084_133876.605.png,ARKitScenes/3dod/Training/47331084/47331084_frames/lowres_depth/47331084_133876.605.png,rule,"{""concept"": ""cabinet"", ""reason"": ""category_or_scene_type_plausible""}"
train_000834,47895206/40020.469,47895206,lidar,unknown,train,relative_depth,farther,2,Is the cabinet or the sink farther from the camera?,,cabinet,choice,cabinet|sink,ARKitScenes/3dod/Training/47895206/47895206_frames/lowres_wide/47895206_40020.469.png,ARKitScenes/3dod/Training/47895206/47895206_frames/lowres_depth/47895206_40020.469.png,rule,"{""a_concept"": ""cabinet"", ""a_depth_m"": 1.3954999446868896, ""b_concept"": ""sink"", ""b_depth_m"": 0.7570000290870667, ""comparative"": ""farther"", ""answer_concept"": ""cabinet""}"
train_000835,47332241/756783.324,47332241,lidar,unknown,train,identify_superlative,farthest_camera,4,"Not counting the room's walls, floor, or ceiling, which object is farthest away in this image?",,chair,object,,ARKitScenes/3dod/Training/47332241/47332241_frames/lowres_wide/47332241_756783.324.png,ARKitScenes/3dod/Training/47332241/47332241_frames/lowres_depth/47332241_756783.324.png,rule,"{""winner_concept"": ""chair"", ""winner_object_index"": 14, ""winner_area_frac"": 0.04376191584810427, ""winner_depth_m"": 1.875, ""runner_up_concept"": ""chair"", ""runner_up_area_frac"": 0.29861188152028917, ""runner_up_depth_m"": 1.1829999685287476}"
train_000836,47334647/388896.192,47334647,lidar,unknown,train,identify_superlative,closest_camera,0,"Not counting the walls, floor, or ceiling, which object is closest to the camera?",,cabinet,object,,ARKitScenes/3dod/Training/47334647/47334647_frames/lowres_wide/47334647_388896.192.png,ARKitScenes/3dod/Training/47334647/47334647_frames/lowres_depth/47334647_388896.192.png,rule,"{""winner_concept"": ""cabinet"", ""winner_object_index"": 3, ""winner_area_frac"": 0.09937132429982061, ""winner_depth_m"": 1.3569999933242798, ""runner_up_concept"": null, ""runner_up_area_frac"": null, ""runner_up_depth_m"": null}"
train_000837,47430402/126553.115,47430402,lidar,unknown,train,identify_superlative,closest_camera,5,"Excluding the walls, floor, and ceiling, what is the closest visible object to the camera?",,cabinet,object,,ARKitScenes/3dod/Training/47430402/47430402_frames/lowres_wide/47430402_126553.115.png,ARKitScenes/3dod/Training/47430402/47430402_frames/lowres_depth/47430402_126553.115.png,rule,"{""winner_concept"": ""cabinet"", ""winner_object_index"": 2, ""winner_area_frac"": 0.009588381483276565, ""winner_depth_m"": 0.6764999628067017, ""runner_up_concept"": null, ""runner_up_area_frac"": null, ""runner_up_depth_m"": null}"
train_000838,41249057/2039.461,41249057,lidar,unknown,train,existence,positive,5,Is there any cabinet visible in the image?,,yes,yes_no,yes|no,ARKitScenes/3dod/Training/41249057/41249057_frames/lowres_wide/41249057_2039.461.png,ARKitScenes/3dod/Training/41249057/41249057_frames/lowres_depth/41249057_2039.461.png,rule,"{""concept"": ""cabinet"", ""object_index"": 6, ""area_frac"": 0.21072121215121076}"
train_000839,42899247/881848.941,42899247,lidar,unknown,train,left_right,,2,"Looking at the washer, is the refrigerator positioned on its left or right?",,right,choice,left|right,ARKitScenes/3dod/Training/42899247/42899247_frames/lowres_wide/42899247_881848.941.png,ARKitScenes/3dod/Training/42899247/42899247_frames/lowres_depth/42899247_881848.941.png,rule,"{""a_concept"": ""refrigerator"", ""b_concept"": ""washer"", ""a_centroid_x"": 227.82494212744825, ""b_centroid_x"": 113.67405290547362, ""horizontal_gap_px"": 114.15088922197464, ""image_width"": 256}"
train_000840,47429830/748515.843,47429830,lidar,unknown,train,identify_superlative,closest_camera,4,"Not counting the room's walls, floor, or ceiling, which object is closest to us in this image?",,table,object,,ARKitScenes/3dod/Training/47429830/47429830_frames/lowres_wide/47429830_748515.843.png,ARKitScenes/3dod/Training/47429830/47429830_frames/lowres_depth/47429830_748515.843.png,rule,"{""winner_concept"": ""table"", ""winner_object_index"": 0, ""winner_area_frac"": 0.03815402153299393, ""winner_depth_m"": 2.4719998836517334, ""runner_up_concept"": null, ""runner_up_area_frac"": null, ""runner_up_depth_m"": null}"
train_000841,41159623/55566.826,41159623,lidar,unknown,train,relative_depth,closer,4,"Of the fireplace and the table, which is closer?",,table,choice,fireplace|table,ARKitScenes/3dod/Training/41159623/41159623_frames/lowres_wide/41159623_55566.826.png,ARKitScenes/3dod/Training/41159623/41159623_frames/lowres_depth/41159623_55566.826.png,rule,"{""a_concept"": ""table"", ""a_depth_m"": 1.8370000123977661, ""b_concept"": ""fireplace"", ""b_depth_m"": 5.034999847412109, ""comparative"": ""closer"", ""answer_concept"": ""table""}"
train_000842,47332819/48893.210,47332819,lidar,unknown,train,nearest_object,,5,Which object is closest in distance to the cabinet?,,shelf,object,,ARKitScenes/3dod/Training/47332819/47332819_frames/lowres_wide/47332819_48893.210.png,ARKitScenes/3dod/Training/47332819/47332819_frames/lowres_depth/47332819_48893.210.png,rule,"{""anchor_concept"": ""cabinet"", ""anchor_object_index"": 18, ""answer_concept"": ""shelf"", ""answer_object_index"": 5, ""nearest_distance_m"": 0.546, ""second_nearest_distance_m"": 1.192}"
train_000843,43649807/46793.401,43649807,lidar,unknown,train,relative_depth,closer,3,"Which object is closer to the camera, the television or the stool?",,television,choice,television|stool,ARKitScenes/3dod/Training/43649807/43649807_frames/lowres_wide/43649807_46793.401.png,ARKitScenes/3dod/Training/43649807/43649807_frames/lowres_depth/43649807_46793.401.png,rule,"{""a_concept"": ""television"", ""a_depth_m"": 1.6469999551773071, ""b_concept"": ""stool"", ""b_depth_m"": 2.174999952316284, ""comparative"": ""closer"", ""answer_concept"": ""television""}"
train_000844,47332326/810185.567,47332326,lidar,unknown,train,relative_depth,closer,3,"Which object is closer to the camera, the bathtub or the washer?",,washer,choice,bathtub|washer,ARKitScenes/3dod/Training/47332326/47332326_frames/lowres_wide/47332326_810185.567.png,ARKitScenes/3dod/Training/47332326/47332326_frames/lowres_depth/47332326_810185.567.png,rule,"{""a_concept"": ""bathtub"", ""a_depth_m"": 1.5410000085830688, ""b_concept"": ""washer"", ""b_depth_m"": 0.9200000166893005, ""comparative"": ""closer"", ""answer_concept"": ""washer""}"
train_000845,47331705/9759.553,47331705,lidar,unknown,train,left_right,,1,"Relative to the table, is the sofa on the left or the right?",,left,choice,left|right,ARKitScenes/3dod/Training/47331705/47331705_frames/lowres_wide/47331705_9759.553.png,ARKitScenes/3dod/Training/47331705/47331705_frames/lowres_depth/47331705_9759.553.png,rule,"{""a_concept"": ""sofa"", ""b_concept"": ""table"", ""a_centroid_x"": 148.15081549749362, ""b_centroid_x"": 202.9870684649867, ""horizontal_gap_px"": 54.83625296749307, ""image_width"": 256}"
train_000846,42898803/69033.015,42898803,lidar,unknown,train,relative_depth,farther,5,"Which one is farther, the cabinet or the bed?",,cabinet,choice,cabinet|bed,ARKitScenes/3dod/Training/42898803/42898803_frames/lowres_wide/42898803_69033.015.png,ARKitScenes/3dod/Training/42898803/42898803_frames/lowres_depth/42898803_69033.015.png,rule,"{""a_concept"": ""cabinet"", ""a_depth_m"": 2.5369999408721924, ""b_concept"": ""bed"", ""b_depth_m"": 1.6009999513626099, ""comparative"": ""farther"", ""answer_concept"": ""cabinet""}"
train_000847,48458766/142243.750,48458766,lidar,unknown,train,relative_depth,closer,5,"Which one is closer, the cabinet or the bed?",,bed,choice,cabinet|bed,ARKitScenes/3dod/Training/48458766/48458766_frames/lowres_wide/48458766_142243.750.png,ARKitScenes/3dod/Training/48458766/48458766_frames/lowres_depth/48458766_142243.750.png,rule,"{""a_concept"": ""bed"", ""a_depth_m"": 2.2119998931884766, ""b_concept"": ""cabinet"", ""b_depth_m"": 3.1500000953674316, ""comparative"": ""closer"", ""answer_concept"": ""bed""}"
train_000848,47332177/262485.236,47332177,lidar,unknown,train,existence,positive,1,Do you see a cabinet here?,,yes,yes_no,yes|no,ARKitScenes/3dod/Training/47332177/47332177_frames/lowres_wide/47332177_262485.236.png,ARKitScenes/3dod/Training/47332177/47332177_frames/lowres_depth/47332177_262485.236.png,rule,"{""concept"": ""cabinet"", ""object_index"": 1, ""area_frac"": 0.05373315124336812}"
train_000849,47895571/1153714.460,47895571,lidar,unknown,train,existence,negative,3,Can you spot a shelf in the picture?,,no,yes_no,yes|no,ARKitScenes/3dod/Training/47895571/47895571_frames/lowres_wide/47895571_1153714.460.png,ARKitScenes/3dod/Training/47895571/47895571_frames/lowres_depth/47895571_1153714.460.png,rule,"{""concept"": ""shelf"", ""reason"": ""category_or_scene_type_plausible""}"
train_000850,42446068/80646.492,42446068,lidar,unknown,train,relative_depth,closer,1,"Between the bathtub and the cabinet, which one is closer to the camera?",,cabinet,choice,bathtub|cabinet,ARKitScenes/3dod/Training/42446068/42446068_frames/lowres_wide/42446068_80646.492.png,ARKitScenes/3dod/Training/42446068/42446068_frames/lowres_depth/42446068_80646.492.png,rule,"{""a_concept"": ""bathtub"", ""a_depth_m"": 1.1410000324249268, ""b_concept"": ""cabinet"", ""b_depth_m"": 0.8199999928474426, ""comparative"": ""closer"", ""answer_concept"": ""cabinet""}"
train_000851,42898655/572864.461,42898655,lidar,unknown,train,left_right,,2,"Looking at the cabinet, is the table positioned on its left or right?",,left,choice,left|right,ARKitScenes/3dod/Training/42898655/42898655_frames/lowres_wide/42898655_572864.461.png,ARKitScenes/3dod/Training/42898655/42898655_frames/lowres_depth/42898655_572864.461.png,rule,"{""a_concept"": ""table"", ""b_concept"": ""cabinet"", ""a_centroid_x"": 141.21745831132796, ""b_centroid_x"": 250.31436491211855, ""horizontal_gap_px"": 109.09690660079059, ""image_width"": 256}"
train_000852,43895987/136312.053,43895987,lidar,unknown,train,relative_depth,farther,1,"Between the cabinet and the sofa, which one is farther from the camera?",,sofa,choice,cabinet|sofa,ARKitScenes/3dod/Training/43895987/43895987_frames/lowres_wide/43895987_136312.053.png,ARKitScenes/3dod/Training/43895987/43895987_frames/lowres_depth/43895987_136312.053.png,rule,"{""a_concept"": ""sofa"", ""a_depth_m"": 3.497999906539917, ""b_concept"": ""cabinet"", ""b_depth_m"": 1.090000033378601, ""comparative"": ""farther"", ""answer_concept"": ""sofa""}"
train_000853,48018760/15073.181,48018760,lidar,unknown,train,nearest_object,,1,Which object is nearest to the cabinet?,,television,object,,ARKitScenes/3dod/Training/48018760/48018760_frames/lowres_wide/48018760_15073.181.png,ARKitScenes/3dod/Training/48018760/48018760_frames/lowres_depth/48018760_15073.181.png,rule,"{""anchor_concept"": ""cabinet"", ""anchor_object_index"": 8, ""answer_concept"": ""television"", ""answer_object_index"": 9, ""nearest_distance_m"": 0.327, ""second_nearest_distance_m"": 1.584}"
train_000854,48018900/655479.693,48018900,lidar,unknown,train,identify_superlative,closest_camera,3,"Ignoring the walls, floor, and ceiling, what object is nearest the viewer?",,table,object,,ARKitScenes/3dod/Training/48018900/48018900_frames/lowres_wide/48018900_655479.693.png,ARKitScenes/3dod/Training/48018900/48018900_frames/lowres_depth/48018900_655479.693.png,rule,"{""winner_concept"": ""table"", ""winner_object_index"": 5, ""winner_area_frac"": 0.29708921521859305, ""winner_depth_m"": 1.3320000171661377, ""runner_up_concept"": null, ""runner_up_area_frac"": null, ""runner_up_depth_m"": null}"
train_000855,47334883/622619.416,47334883,lidar,unknown,train,relative_depth,farther,4,"Of the cabinet and the bed, which is farther?",,bed,choice,cabinet|bed,ARKitScenes/3dod/Training/47334883/47334883_frames/lowres_wide/47334883_622619.416.png,ARKitScenes/3dod/Training/47334883/47334883_frames/lowres_depth/47334883_622619.416.png,rule,"{""a_concept"": ""bed"", ""a_depth_m"": 1.1759999990463257, ""b_concept"": ""cabinet"", ""b_depth_m"": 0.7509999871253967, ""comparative"": ""farther"", ""answer_concept"": ""bed""}"
train_000856,43649802/46877.701,43649802,lidar,unknown,train,left_right,,4,"Which side of the television is the cabinet on, left or right?",,right,choice,left|right,ARKitScenes/3dod/Training/43649802/43649802_frames/lowres_wide/43649802_46877.701.png,ARKitScenes/3dod/Training/43649802/43649802_frames/lowres_depth/43649802_46877.701.png,rule,"{""a_concept"": ""cabinet"", ""b_concept"": ""television"", ""a_centroid_x"": 195.47352671696365, ""b_centroid_x"": 122.8988428799697, ""horizontal_gap_px"": 72.57468383699394, ""image_width"": 256}"
train_000857,44358306/17406.062,44358306,lidar,unknown,train,existence,negative,1,Do you see a shelf here?,,no,yes_no,yes|no,ARKitScenes/3dod/Training/44358306/44358306_frames/lowres_wide/44358306_17406.062.png,ARKitScenes/3dod/Training/44358306/44358306_frames/lowres_depth/44358306_17406.062.png,rule,"{""concept"": ""shelf"", ""reason"": ""category_or_scene_type_plausible""}"
train_000858,48018760/15098.771,48018760,lidar,unknown,train,relative_depth,closer,5,"Which one is closer, the dishwasher or the chair?",,chair,choice,dishwasher|chair,ARKitScenes/3dod/Training/48018760/48018760_frames/lowres_wide/48018760_15098.771.png,ARKitScenes/3dod/Training/48018760/48018760_frames/lowres_depth/48018760_15098.771.png,rule,"{""a_concept"": ""dishwasher"", ""a_depth_m"": 3.385999917984009, ""b_concept"": ""chair"", ""b_depth_m"": 2.246999979019165, ""comparative"": ""closer"", ""answer_concept"": ""chair""}"
train_000859,47331294/14770.962,47331294,lidar,unknown,train,relative_depth,farther,3,"Which object is farther from the camera, the table or the chair?",,chair,choice,table|chair,ARKitScenes/3dod/Training/47331294/47331294_frames/lowres_wide/47331294_14770.962.png,ARKitScenes/3dod/Training/47331294/47331294_frames/lowres_depth/47331294_14770.962.png,rule,"{""a_concept"": ""table"", ""a_depth_m"": 1.9850000143051147, ""b_concept"": ""chair"", ""b_depth_m"": 2.6600000858306885, ""comparative"": ""farther"", ""answer_concept"": ""chair""}"
train_000860,47332454/883542.227,47332454,lidar,unknown,train,left_right,,5,"From the stool, which direction is the cabinet in, left or right?",,right,choice,left|right,ARKitScenes/3dod/Training/47332454/47332454_frames/lowres_wide/47332454_883542.227.png,ARKitScenes/3dod/Training/47332454/47332454_frames/lowres_depth/47332454_883542.227.png,rule,"{""a_concept"": ""cabinet"", ""b_concept"": ""stool"", ""a_centroid_x"": 226.35630428437563, ""b_centroid_x"": 23.823691179367795, ""horizontal_gap_px"": 202.53261310500784, ""image_width"": 256}"
train_000861,41097992/8625.620,41097992,lidar,unknown,train,existence,positive,1,Do you see a bathtub here?,,yes,yes_no,yes|no,ARKitScenes/3dod/Training/41097992/41097992_frames/lowres_wide/41097992_8625.620.png,ARKitScenes/3dod/Training/41097992/41097992_frames/lowres_depth/41097992_8625.620.png,rule,"{""concept"": ""bathtub"", ""object_index"": 0, ""area_frac"": 0.4892034071984328}"
train_000862,48018286/799457.841,48018286,lidar,unknown,train,relative_depth,closer,2,Is the television or the chair closer to the camera?,,television,choice,television|chair,ARKitScenes/3dod/Training/48018286/48018286_frames/lowres_wide/48018286_799457.841.png,ARKitScenes/3dod/Training/48018286/48018286_frames/lowres_depth/48018286_799457.841.png,rule,"{""a_concept"": ""chair"", ""a_depth_m"": 2.630000114440918, ""b_concept"": ""television"", ""b_depth_m"": 1.88100004196167, ""comparative"": ""closer"", ""answer_concept"": ""television""}"
train_000863,47204786/27332.186,47204786,lidar,unknown,train,left_right,,3,Is the sofa on the left side or the right side of the shelf?,,right,choice,left|right,ARKitScenes/3dod/Training/47204786/47204786_frames/lowres_wide/47204786_27332.186.png,ARKitScenes/3dod/Training/47204786/47204786_frames/lowres_depth/47204786_27332.186.png,rule,"{""a_concept"": ""sofa"", ""b_concept"": ""shelf"", ""a_centroid_x"": 247.1151407346762, ""b_centroid_x"": 77.50372916474313, ""horizontal_gap_px"": 169.61141156993307, ""image_width"": 256}"
train_000864,47333357/32126.598,47333357,lidar,unknown,train,identify_superlative,closest_camera,0,"Not counting the walls, floor, or ceiling, which object is closest to the camera?",,cabinet,object,,ARKitScenes/3dod/Training/47333357/47333357_frames/lowres_wide/47333357_32126.598.png,ARKitScenes/3dod/Training/47333357/47333357_frames/lowres_depth/47333357_32126.598.png,rule,"{""winner_concept"": ""cabinet"", ""winner_object_index"": 6, ""winner_area_frac"": 0.4593896888264239, ""winner_depth_m"": 0.9039999842643738, ""runner_up_concept"": null, ""runner_up_area_frac"": null, ""runner_up_depth_m"": null}"
train_000865,47670201/53329.221,47670201,lidar,unknown,train,relative_depth,farther,4,"Of the sofa and the table, which is farther?",,sofa,choice,sofa|table,ARKitScenes/3dod/Training/47670201/47670201_frames/lowres_wide/47670201_53329.221.png,ARKitScenes/3dod/Training/47670201/47670201_frames/lowres_depth/47670201_53329.221.png,rule,"{""a_concept"": ""sofa"", ""a_depth_m"": 2.0350000858306885, ""b_concept"": ""table"", ""b_depth_m"": 1.5885000228881836, ""comparative"": ""farther"", ""answer_concept"": ""sofa""}"
train_000866,47334883/622619.416,47334883,lidar,unknown,train,left_right,,2,"Looking at the cabinet, is the bed positioned on its left or right?",,right,choice,left|right,ARKitScenes/3dod/Training/47334883/47334883_frames/lowres_wide/47334883_622619.416.png,ARKitScenes/3dod/Training/47334883/47334883_frames/lowres_depth/47334883_622619.416.png,rule,"{""a_concept"": ""bed"", ""b_concept"": ""cabinet"", ""a_centroid_x"": 179.64766212177383, ""b_centroid_x"": 57.858669760591994, ""horizontal_gap_px"": 121.78899236118184, ""image_width"": 256}"
train_000867,42898089/129494.593,42898089,lidar,unknown,train,left_right,,1,"Relative to the television, is the stool on the left or the right?",,left,choice,left|right,ARKitScenes/3dod/Training/42898089/42898089_frames/lowres_wide/42898089_129494.593.png,ARKitScenes/3dod/Training/42898089/42898089_frames/lowres_depth/42898089_129494.593.png,rule,"{""a_concept"": ""stool"", ""b_concept"": ""television"", ""a_centroid_x"": 31.519596030516755, ""b_centroid_x"": 208.6569176707293, ""horizontal_gap_px"": 177.13732164021255, ""image_width"": 256}"
train_000868,47332505/343956.989,47332505,lidar,unknown,train,relative_depth,closer,1,"Between the television and the cabinet, which one is closer to the camera?",,television,choice,television|cabinet,ARKitScenes/3dod/Training/47332505/47332505_frames/lowres_wide/47332505_343956.989.png,ARKitScenes/3dod/Training/47332505/47332505_frames/lowres_depth/47332505_343956.989.png,rule,"{""a_concept"": ""cabinet"", ""a_depth_m"": 2.1730000972747803, ""b_concept"": ""television"", ""b_depth_m"": 1.715000033378601, ""comparative"": ""closer"", ""answer_concept"": ""television""}"
train_000869,41124839/5190.348,41124839,lidar,unknown,train,identify_superlative,farthest_camera,0,"Not counting the walls, floor, or ceiling, which object is farthest from the camera?",,toilet,object,,ARKitScenes/3dod/Training/41124839/41124839_frames/lowres_wide/41124839_5190.348.png,ARKitScenes/3dod/Training/41124839/41124839_frames/lowres_depth/41124839_5190.348.png,rule,"{""winner_concept"": ""toilet"", ""winner_object_index"": 5, ""winner_area_frac"": 0.03329067111307626, ""winner_depth_m"": 1.8639999628067017, ""runner_up_concept"": null, ""runner_up_area_frac"": null, ""runner_up_depth_m"": null}"
train_000870,47430213/688574.074,47430213,lidar,unknown,train,identify_superlative,closest_camera,2,"Among the furniture and items in the room, not the walls, floor, or ceiling, which is closest to where the picture was taken from?",,table,object,,ARKitScenes/3dod/Training/47430213/47430213_frames/lowres_wide/47430213_688574.074.png,ARKitScenes/3dod/Training/47430213/47430213_frames/lowres_depth/47430213_688574.074.png,rule,"{""winner_concept"": ""table"", ""winner_object_index"": 1, ""winner_area_frac"": 0.19664244568724068, ""winner_depth_m"": 0.8330000042915344, ""runner_up_concept"": null, ""runner_up_area_frac"": null, ""runner_up_depth_m"": null}"
train_000871,43828555/101354.638,43828555,lidar,unknown,train,identify_superlative,closest_camera,3,"Ignoring the walls, floor, and ceiling, what object is nearest the viewer?",,dishwasher,object,,ARKitScenes/3dod/Training/43828555/43828555_frames/lowres_wide/43828555_101354.638.png,ARKitScenes/3dod/Training/43828555/43828555_frames/lowres_depth/43828555_101354.638.png,rule,"{""winner_concept"": ""dishwasher"", ""winner_object_index"": 16, ""winner_area_frac"": 0.22074204690531532, ""winner_depth_m"": 0.8550000190734863, ""runner_up_concept"": ""cabinet"", ""runner_up_area_frac"": 0.17633053825465247, ""runner_up_depth_m"": 2.3350000381469727}"
train_000872,41125011/6776.658,41125011,lidar,unknown,train,existence,negative,2,Does this room contain a cabinet?,,no,yes_no,yes|no,ARKitScenes/3dod/Training/41125011/41125011_frames/lowres_wide/41125011_6776.658.png,ARKitScenes/3dod/Training/41125011/41125011_frames/lowres_depth/41125011_6776.658.png,rule,"{""concept"": ""cabinet"", ""reason"": ""category_or_scene_type_plausible""}"
train_000873,47895493/450851.374,47895493,lidar,unknown,train,nearest_object,,1,Which object is nearest to the sofa?,,chair,object,,ARKitScenes/3dod/Training/47895493/47895493_frames/lowres_wide/47895493_450851.374.png,ARKitScenes/3dod/Training/47895493/47895493_frames/lowres_depth/47895493_450851.374.png,rule,"{""anchor_concept"": ""sofa"", ""anchor_object_index"": 0, ""answer_concept"": ""chair"", ""answer_object_index"": 5, ""nearest_distance_m"": 0.365, ""second_nearest_distance_m"": 1.056}"
train_000874,47204887/813.690,47204887,lidar,unknown,train,relative_depth,farther,1,"Between the sink and the washer, which one is farther from the camera?",,sink,choice,sink|washer,ARKitScenes/3dod/Training/47204887/47204887_frames/lowres_wide/47204887_813.690.png,ARKitScenes/3dod/Training/47204887/47204887_frames/lowres_depth/47204887_813.690.png,rule,"{""a_concept"": ""washer"", ""a_depth_m"": 1.5579999685287476, ""b_concept"": ""sink"", ""b_depth_m"": 1.9320000410079956, ""comparative"": ""farther"", ""answer_concept"": ""sink""}"
train_000875,48018845/649740.336,48018845,lidar,unknown,train,left_right,,5,"From the television, which direction is the table in, left or right?",,right,choice,left|right,ARKitScenes/3dod/Training/48018845/48018845_frames/lowres_wide/48018845_649740.336.png,ARKitScenes/3dod/Training/48018845/48018845_frames/lowres_depth/48018845_649740.336.png,rule,"{""a_concept"": ""table"", ""b_concept"": ""television"", ""a_centroid_x"": 122.0586126621379, ""b_centroid_x"": 91.3351988396556, ""horizontal_gap_px"": 30.7234138224823, ""image_width"": 256}"
train_000876,42898236/167732.341,42898236,lidar,unknown,train,existence,negative,0,Is there a cabinet in this room?,,no,yes_no,yes|no,ARKitScenes/3dod/Training/42898236/42898236_frames/lowres_wide/42898236_167732.341.png,ARKitScenes/3dod/Training/42898236/42898236_frames/lowres_depth/42898236_167732.341.png,rule,"{""concept"": ""cabinet"", ""reason"": ""category_or_scene_type_plausible""}"
train_000877,41098140/877.939,41098140,lidar,unknown,train,relative_depth,closer,3,"Which object is closer to the camera, the chair or the refrigerator?",,chair,choice,chair|refrigerator,ARKitScenes/3dod/Training/41098140/41098140_frames/lowres_wide/41098140_877.939.png,ARKitScenes/3dod/Training/41098140/41098140_frames/lowres_depth/41098140_877.939.png,rule,"{""a_concept"": ""refrigerator"", ""a_depth_m"": 1.934000015258789, ""b_concept"": ""chair"", ""b_depth_m"": 1.1890000104904175, ""comparative"": ""closer"", ""answer_concept"": ""chair""}"
train_000878,48018089/103979.438,48018089,lidar,unknown,train,relative_depth,closer,2,Is the sink or the stool closer to the camera?,,sink,choice,sink|stool,ARKitScenes/3dod/Training/48018089/48018089_frames/lowres_wide/48018089_103979.438.png,ARKitScenes/3dod/Training/48018089/48018089_frames/lowres_depth/48018089_103979.438.png,rule,"{""a_concept"": ""sink"", ""a_depth_m"": 1.319000005722046, ""b_concept"": ""stool"", ""b_depth_m"": 1.715999960899353, ""comparative"": ""closer"", ""answer_concept"": ""sink""}"
train_000879,43828517/102947.412,43828517,lidar,unknown,train,left_right,,3,Is the fireplace on the left side or the right side of the sofa?,,left,choice,left|right,ARKitScenes/3dod/Training/43828517/43828517_frames/lowres_wide/43828517_102947.412.png,ARKitScenes/3dod/Training/43828517/43828517_frames/lowres_depth/43828517_102947.412.png,rule,"{""a_concept"": ""fireplace"", ""b_concept"": ""sofa"", ""a_centroid_x"": 76.04973804038333, ""b_centroid_x"": 153.4314284264681, ""horizontal_gap_px"": 77.38169038608477, ""image_width"": 256}"
train_000880,47332705/109838.230,47332705,lidar,unknown,train,existence,positive,3,Can you spot a cabinet in the picture?,,yes,yes_no,yes|no,ARKitScenes/3dod/Training/47332705/47332705_frames/lowres_wide/47332705_109838.230.png,ARKitScenes/3dod/Training/47332705/47332705_frames/lowres_depth/47332705_109838.230.png,rule,"{""concept"": ""cabinet"", ""object_index"": 9, ""area_frac"": 0.028840530330903696}"
train_000881,47669917/14141.483,47669917,lidar,unknown,train,nearest_object,,4,What is right next to the sofa?,,table,object,,ARKitScenes/3dod/Training/47669917/47669917_frames/lowres_wide/47669917_14141.483.png,ARKitScenes/3dod/Training/47669917/47669917_frames/lowres_depth/47669917_14141.483.png,rule,"{""anchor_concept"": ""sofa"", ""anchor_object_index"": 1, ""answer_concept"": ""table"", ""answer_object_index"": 3, ""nearest_distance_m"": 1.066, ""second_nearest_distance_m"": 1.609}"
train_000882,47331522/190763.197,47331522,lidar,unknown,train,existence,negative,2,Does this room contain a television?,,no,yes_no,yes|no,ARKitScenes/3dod/Training/47331522/47331522_frames/lowres_wide/47331522_190763.197.png,ARKitScenes/3dod/Training/47331522/47331522_frames/lowres_depth/47331522_190763.197.png,rule,"{""concept"": ""television"", ""reason"": ""category_or_scene_type_plausible""}"
train_000883,47115649/4902.259,47115649,lidar,unknown,train,left_right,,0,Is the sofa to the left or to the right of the table?,,right,choice,left|right,ARKitScenes/3dod/Training/47115649/47115649_frames/lowres_wide/47115649_4902.259.png,ARKitScenes/3dod/Training/47115649/47115649_frames/lowres_depth/47115649_4902.259.png,rule,"{""a_concept"": ""sofa"", ""b_concept"": ""table"", ""a_centroid_x"": 210.36274364469037, ""b_centroid_x"": 159.46085167659126, ""horizontal_gap_px"": 50.90189196809911, ""image_width"": 256}"
train_000884,48018079/103500.741,48018079,lidar,unknown,train,existence,positive,4,Is a television present in this scene?,,yes,yes_no,yes|no,ARKitScenes/3dod/Training/48018079/48018079_frames/lowres_wide/48018079_103500.741.png,ARKitScenes/3dod/Training/48018079/48018079_frames/lowres_depth/48018079_103500.741.png,rule,"{""concept"": ""television"", ""object_index"": 4, ""area_frac"": 0.016226354898091905}"
train_000885,45261066/14485.317,45261066,lidar,unknown,train,identify_superlative,farthest_camera,0,"Not counting the walls, floor, or ceiling, which object is farthest from the camera?",,sofa,object,,ARKitScenes/3dod/Training/45261066/45261066_frames/lowres_wide/45261066_14485.317.png,ARKitScenes/3dod/Training/45261066/45261066_frames/lowres_depth/45261066_14485.317.png,rule,"{""winner_concept"": ""sofa"", ""winner_object_index"": 8, ""winner_area_frac"": 0.024053161553655254, ""winner_depth_m"": 3.8259999752044678, ""runner_up_concept"": ""television"", ""runner_up_area_frac"": 0.03726327016370816, ""runner_up_depth_m"": 2.9489998817443848}"
train_000886,47204377/18085.642,47204377,lidar,unknown,train,identify_superlative,closest_camera,2,"Among the furniture and items in the room, not the walls, floor, or ceiling, which is closest to where the picture was taken from?",,sofa,object,,ARKitScenes/3dod/Training/47204377/47204377_frames/lowres_wide/47204377_18085.642.png,ARKitScenes/3dod/Training/47204377/47204377_frames/lowres_depth/47204377_18085.642.png,rule,"{""winner_concept"": ""sofa"", ""winner_object_index"": 0, ""winner_area_frac"": 0.2197240829407522, ""winner_depth_m"": 2.434999942779541, ""runner_up_concept"": null, ""runner_up_area_frac"": null, ""runner_up_depth_m"": null}"
train_000887,47430213/688574.074,47430213,lidar,unknown,train,existence,negative,4,Is a shelf present in this scene?,,no,yes_no,yes|no,ARKitScenes/3dod/Training/47430213/47430213_frames/lowres_wide/47430213_688574.074.png,ARKitScenes/3dod/Training/47430213/47430213_frames/lowres_depth/47430213_688574.074.png,rule,"{""concept"": ""shelf"", ""reason"": ""category_or_scene_type_plausible""}"
train_000888,44796745/28688.090,44796745,lidar,unknown,train,relative_depth,farther,4,"Of the television and the fireplace, which is farther?",,fireplace,choice,television|fireplace,ARKitScenes/3dod/Training/44796745/44796745_frames/lowres_wide/44796745_28688.090.png,ARKitScenes/3dod/Training/44796745/44796745_frames/lowres_depth/44796745_28688.090.png,rule,"{""a_concept"": ""fireplace"", ""a_depth_m"": 1.7280000448226929, ""b_concept"": ""television"", ""b_depth_m"": 1.1890000104904175, ""comparative"": ""farther"", ""answer_concept"": ""fireplace""}"
train_000889,44358661/1159.509,44358661,lidar,unknown,train,nearest_object,,4,What is right next to the television?,,cabinet,object,,ARKitScenes/3dod/Training/44358661/44358661_frames/lowres_wide/44358661_1159.509.png,ARKitScenes/3dod/Training/44358661/44358661_frames/lowres_depth/44358661_1159.509.png,rule,"{""anchor_concept"": ""television"", ""anchor_object_index"": 29, ""answer_concept"": ""cabinet"", ""answer_object_index"": 23, ""nearest_distance_m"": 3.768, ""second_nearest_distance_m"": 4.957}"
train_000890,43649452/12799.181,43649452,lidar,unknown,train,relative_depth,farther,3,"Which object is farther from the camera, the cabinet or the chair?",,cabinet,choice,cabinet|chair,ARKitScenes/3dod/Training/43649452/43649452_frames/lowres_wide/43649452_12799.181.png,ARKitScenes/3dod/Training/43649452/43649452_frames/lowres_depth/43649452_12799.181.png,rule,"{""a_concept"": ""cabinet"", ""a_depth_m"": 4.389999866485596, ""b_concept"": ""chair"", ""b_depth_m"": 2.7850000858306885, ""comparative"": ""farther"", ""answer_concept"": ""cabinet""}"
train_000891,43896365/19859.682,43896365,lidar,unknown,train,left_right,,1,"Relative to the stool, is the refrigerator on the left or the right?",,right,choice,left|right,ARKitScenes/3dod/Training/43896365/43896365_frames/lowres_wide/43896365_19859.682.png,ARKitScenes/3dod/Training/43896365/43896365_frames/lowres_depth/43896365_19859.682.png,rule,"{""a_concept"": ""refrigerator"", ""b_concept"": ""stool"", ""a_centroid_x"": 178.4392260706452, ""b_centroid_x"": 117.02959409102668, ""horizontal_gap_px"": 61.40963197961851, ""image_width"": 256}"
train_000892,47331028/474720.439,47331028,lidar,unknown,train,left_right,,1,"Relative to the table, is the sofa on the left or the right?",,right,choice,left|right,ARKitScenes/3dod/Training/47331028/47331028_frames/lowres_wide/47331028_474720.439.png,ARKitScenes/3dod/Training/47331028/47331028_frames/lowres_depth/47331028_474720.439.png,rule,"{""a_concept"": ""sofa"", ""b_concept"": ""table"", ""a_centroid_x"": 132.4107760629028, ""b_centroid_x"": 12.62387041289083, ""horizontal_gap_px"": 119.78690565001199, ""image_width"": 256}"
train_000893,41048247/4187.167,41048247,lidar,unknown,train,relative_depth,farther,2,Is the bathtub or the toilet farther from the camera?,,bathtub,choice,bathtub|toilet,ARKitScenes/3dod/Training/41048247/41048247_frames/lowres_wide/41048247_4187.167.png,ARKitScenes/3dod/Training/41048247/41048247_frames/lowres_depth/41048247_4187.167.png,rule,"{""a_concept"": ""toilet"", ""a_depth_m"": 1.159000039100647, ""b_concept"": ""bathtub"", ""b_depth_m"": 1.5679999589920044, ""comparative"": ""farther"", ""answer_concept"": ""bathtub""}"
train_000894,47334482/103395.741,47334482,lidar,unknown,train,identify_superlative,farthest_camera,3,"Ignoring the walls, floor, and ceiling, what object is farthest from the viewer?",,bathtub,object,,ARKitScenes/3dod/Training/47334482/47334482_frames/lowres_wide/47334482_103395.741.png,ARKitScenes/3dod/Training/47334482/47334482_frames/lowres_depth/47334482_103395.741.png,rule,"{""winner_concept"": ""bathtub"", ""winner_object_index"": 3, ""winner_area_frac"": 0.3853356425038978, ""winner_depth_m"": 1.0570000410079956, ""runner_up_concept"": null, ""runner_up_area_frac"": null, ""runner_up_depth_m"": null}"
train_000895,43896365/19922.556,43896365,lidar,unknown,train,identify_superlative,farthest_camera,5,"Excluding the walls, floor, and ceiling, what is the most distant visible object in the scene?",,stool,object,,ARKitScenes/3dod/Training/43896365/43896365_frames/lowres_wide/43896365_19922.556.png,ARKitScenes/3dod/Training/43896365/43896365_frames/lowres_depth/43896365_19922.556.png,rule,"{""winner_concept"": ""stool"", ""winner_object_index"": 16, ""winner_area_frac"": 0.06050552725348048, ""winner_depth_m"": 1.0255000591278076, ""runner_up_concept"": null, ""runner_up_area_frac"": null, ""runner_up_depth_m"": null}"
train_000896,42898236/167725.743,42898236,lidar,unknown,train,existence,negative,3,Can you spot a cabinet in the picture?,,no,yes_no,yes|no,ARKitScenes/3dod/Training/42898236/42898236_frames/lowres_wide/42898236_167725.743.png,ARKitScenes/3dod/Training/42898236/42898236_frames/lowres_depth/42898236_167725.743.png,rule,"{""concept"": ""cabinet"", ""reason"": ""category_or_scene_type_plausible""}"
train_000897,43895865/107635.680,43895865,lidar,unknown,train,left_right,,0,Is the table to the left or to the right of the shelf?,,right,choice,left|right,ARKitScenes/3dod/Training/43895865/43895865_frames/lowres_wide/43895865_107635.680.png,ARKitScenes/3dod/Training/43895865/43895865_frames/lowres_depth/43895865_107635.680.png,rule,"{""a_concept"": ""table"", ""b_concept"": ""shelf"", ""a_centroid_x"": 183.88754810232004, ""b_centroid_x"": 49.12293448429237, ""horizontal_gap_px"": 134.76461361802768, ""image_width"": 256}"
train_000898,44358250/6050.170,44358250,lidar,unknown,train,relative_depth,closer,2,Is the sofa or the stool closer to the camera?,,stool,choice,sofa|stool,ARKitScenes/3dod/Training/44358250/44358250_frames/lowres_wide/44358250_6050.170.png,ARKitScenes/3dod/Training/44358250/44358250_frames/lowres_depth/44358250_6050.170.png,rule,"{""a_concept"": ""sofa"", ""a_depth_m"": 1.1510000228881836, ""b_concept"": ""stool"", ""b_depth_m"": 0.8320000171661377, ""comparative"": ""closer"", ""answer_concept"": ""stool""}"
train_000899,42898089/129487.896,42898089,lidar,unknown,train,left_right,,3,Is the television on the left side or the right side of the sofa?,,right,choice,left|right,ARKitScenes/3dod/Training/42898089/42898089_frames/lowres_wide/42898089_129487.896.png,ARKitScenes/3dod/Training/42898089/42898089_frames/lowres_depth/42898089_129487.896.png,rule,"{""a_concept"": ""television"", ""b_concept"": ""sofa"", ""a_centroid_x"": 125.13046832078898, ""b_centroid_x"": 62.95798422257285, ""horizontal_gap_px"": 62.17248409821613, ""image_width"": 256}"
train_000900,47333493/62503.116,47333493,lidar,unknown,train,relative_depth,farther,5,"Which one is farther, the sofa or the cabinet?",,sofa,choice,sofa|cabinet,ARKitScenes/3dod/Training/47333493/47333493_frames/lowres_wide/47333493_62503.116.png,ARKitScenes/3dod/Training/47333493/47333493_frames/lowres_depth/47333493_62503.116.png,rule,"{""a_concept"": ""cabinet"", ""a_depth_m"": 1.1959999799728394, ""b_concept"": ""sofa"", ""b_depth_m"": 1.7309999465942383, ""comparative"": ""farther"", ""answer_concept"": ""sofa""}"
train_000901,47115518/13307.994,47115518,lidar,unknown,train,identify_superlative,farthest_camera,4,"Not counting the room's walls, floor, or ceiling, which object is farthest away in this image?",,cabinet,object,,ARKitScenes/3dod/Training/47115518/47115518_frames/lowres_wide/47115518_13307.994.png,ARKitScenes/3dod/Training/47115518/47115518_frames/lowres_depth/47115518_13307.994.png,rule,"{""winner_concept"": ""cabinet"", ""winner_object_index"": 2, ""winner_area_frac"": 0.03240014905780914, ""winner_depth_m"": 0.9120000004768372, ""runner_up_concept"": null, ""runner_up_area_frac"": null, ""runner_up_depth_m"": null}"
train_000902,47430739/336558.648,47430739,lidar,unknown,train,left_right,,5,"From the table, which direction is the sofa in, left or right?",,left,choice,left|right,ARKitScenes/3dod/Training/47430739/47430739_frames/lowres_wide/47430739_336558.648.png,ARKitScenes/3dod/Training/47430739/47430739_frames/lowres_depth/47430739_336558.648.png,rule,"{""a_concept"": ""sofa"", ""b_concept"": ""table"", ""a_centroid_x"": 54.58124835427159, ""b_centroid_x"": 214.5738262678071, ""horizontal_gap_px"": 159.9925779135355, ""image_width"": 256}"
train_000903,47669984/28904.821,47669984,lidar,unknown,train,left_right,,5,"From the chair, which direction is the cabinet in, left or right?",,right,choice,left|right,ARKitScenes/3dod/Training/47669984/47669984_frames/lowres_wide/47669984_28904.821.png,ARKitScenes/3dod/Training/47669984/47669984_frames/lowres_depth/47669984_28904.821.png,rule,"{""a_concept"": ""cabinet"", ""b_concept"": ""chair"", ""a_centroid_x"": 157.16872192879754, ""b_centroid_x"": 107.8419660990646, ""horizontal_gap_px"": 49.32675582973293, ""image_width"": 256}"
train_000904,47430862/74302.516,47430862,lidar,unknown,train,existence,positive,5,Is there any cabinet visible in the image?,,yes,yes_no,yes|no,ARKitScenes/3dod/Training/47430862/47430862_frames/lowres_wide/47430862_74302.516.png,ARKitScenes/3dod/Training/47430862/47430862_frames/lowres_depth/47430862_74302.516.png,rule,"{""concept"": ""cabinet"", ""object_index"": 5, ""area_frac"": 0.5012223441515603}"
train_000905,41159643/58376.300,41159643,lidar,unknown,train,identify_superlative,closest_camera,4,"Not counting the room's walls, floor, or ceiling, which object is closest to us in this image?",,cabinet,object,,ARKitScenes/3dod/Training/41159643/41159643_frames/lowres_wide/41159643_58376.300.png,ARKitScenes/3dod/Training/41159643/41159643_frames/lowres_depth/41159643_58376.300.png,rule,"{""winner_concept"": ""cabinet"", ""winner_object_index"": 4, ""winner_area_frac"": 0.4988677517367404, ""winner_depth_m"": 2.0799999237060547, ""runner_up_concept"": null, ""runner_up_area_frac"": null, ""runner_up_depth_m"": null}"
train_000906,45663317/76531.684,45663317,lidar,unknown,train,left_right,,1,"Relative to the cabinet, is the sink on the left or the right?",,right,choice,left|right,ARKitScenes/3dod/Training/45663317/45663317_frames/lowres_wide/45663317_76531.684.png,ARKitScenes/3dod/Training/45663317/45663317_frames/lowres_depth/45663317_76531.684.png,rule,"{""a_concept"": ""sink"", ""b_concept"": ""cabinet"", ""a_centroid_x"": 252.13136414945146, ""b_centroid_x"": 105.27461334873841, ""horizontal_gap_px"": 146.85675080071303, ""image_width"": 256}"
train_000907,41254778/131921.720,41254778,lidar,unknown,train,relative_depth,closer,4,"Of the table and the stool, which is closer?",,stool,choice,table|stool,ARKitScenes/3dod/Training/41254778/41254778_frames/lowres_wide/41254778_131921.720.png,ARKitScenes/3dod/Training/41254778/41254778_frames/lowres_depth/41254778_131921.720.png,rule,"{""a_concept"": ""table"", ""a_depth_m"": 2.8889999389648438, ""b_concept"": ""stool"", ""b_depth_m"": 1.5379999876022339, ""comparative"": ""closer"", ""answer_concept"": ""stool""}"
train_000908,47895571/1153705.764,47895571,lidar,unknown,train,identify_superlative,closest_camera,5,"Excluding the walls, floor, and ceiling, what is the closest visible object to the camera?",,refrigerator,object,,ARKitScenes/3dod/Training/47895571/47895571_frames/lowres_wide/47895571_1153705.764.png,ARKitScenes/3dod/Training/47895571/47895571_frames/lowres_depth/47895571_1153705.764.png,rule,"{""winner_concept"": ""refrigerator"", ""winner_object_index"": 8, ""winner_area_frac"": 0.42171908125043006, ""winner_depth_m"": 0.9399999976158142, ""runner_up_concept"": ""stove"", ""runner_up_area_frac"": 0.07160653017988731, ""runner_up_depth_m"": 1.3480000495910645}"
train_000909,42898803/69041.112,42898803,lidar,unknown,train,identify_superlative,closest_camera,2,"Among the furniture and items in the room, not the walls, floor, or ceiling, which is closest to where the picture was taken from?",,television,object,,ARKitScenes/3dod/Training/42898803/42898803_frames/lowres_wide/42898803_69041.112.png,ARKitScenes/3dod/Training/42898803/42898803_frames/lowres_depth/42898803_69041.112.png,rule,"{""winner_concept"": ""television"", ""winner_object_index"": 6, ""winner_area_frac"": 0.00775509925222679, ""winner_depth_m"": 1.5049999952316284, ""runner_up_concept"": null, ""runner_up_area_frac"": null, ""runner_up_depth_m"": null}"
train_000910,44796752/29815.773,44796752,lidar,unknown,train,existence,negative,5,Is there any cabinet visible in the image?,,no,yes_no,yes|no,ARKitScenes/3dod/Training/44796752/44796752_frames/lowres_wide/44796752_29815.773.png,ARKitScenes/3dod/Training/44796752/44796752_frames/lowres_depth/44796752_29815.773.png,rule,"{""concept"": ""cabinet"", ""reason"": ""category_or_scene_type_plausible""}"
train_000911,42444855/94915.019,42444855,lidar,unknown,train,left_right,,0,Is the cabinet to the left or to the right of the chair?,,left,choice,left|right,ARKitScenes/3dod/Training/42444855/42444855_frames/lowres_wide/42444855_94915.019.png,ARKitScenes/3dod/Training/42444855/42444855_frames/lowres_depth/42444855_94915.019.png,rule,"{""a_concept"": ""cabinet"", ""b_concept"": ""chair"", ""a_centroid_x"": 43.73852973018049, ""b_centroid_x"": 125.71453052345994, ""horizontal_gap_px"": 81.97600079327945, ""image_width"": 256}"
train_000912,47333462/57360.285,47333462,lidar,unknown,train,identify_superlative,farthest_camera,0,"Not counting the walls, floor, or ceiling, which object is farthest from the camera?",,cabinet,object,,ARKitScenes/3dod/Training/47333462/47333462_frames/lowres_wide/47333462_57360.285.png,ARKitScenes/3dod/Training/47333462/47333462_frames/lowres_depth/47333462_57360.285.png,rule,"{""winner_concept"": ""cabinet"", ""winner_object_index"": 0, ""winner_area_frac"": 0.5659412963449105, ""winner_depth_m"": 0.6140000224113464, ""runner_up_concept"": null, ""runner_up_area_frac"": null, ""runner_up_depth_m"": null}"
train_000913,43649807/46793.401,43649807,lidar,unknown,train,identify_superlative,farthest_camera,5,"Excluding the walls, floor, and ceiling, what is the most distant visible object in the scene?",,stool,object,,ARKitScenes/3dod/Training/43649807/43649807_frames/lowres_wide/43649807_46793.401.png,ARKitScenes/3dod/Training/43649807/43649807_frames/lowres_depth/43649807_46793.401.png,rule,"{""winner_concept"": ""stool"", ""winner_object_index"": 7, ""winner_area_frac"": 0.06870423577299516, ""winner_depth_m"": 2.174999952316284, ""runner_up_concept"": ""television"", ""runner_up_area_frac"": 0.035096436574200134, ""runner_up_depth_m"": 1.6469999551773071}"
train_000914,41159623/55593.231,41159623,lidar,unknown,train,relative_depth,farther,0,"Which is farther from the camera, the fireplace or the television?",,television,choice,fireplace|television,ARKitScenes/3dod/Training/41159623/41159623_frames/lowres_wide/41159623_55593.231.png,ARKitScenes/3dod/Training/41159623/41159623_frames/lowres_depth/41159623_55593.231.png,rule,"{""a_concept"": ""fireplace"", ""a_depth_m"": 1.8739999532699585, ""b_concept"": ""television"", ""b_depth_m"": 2.384000062942505, ""comparative"": ""farther"", ""answer_concept"": ""television""}"
train_000915,47430679/326493.895,47430679,lidar,unknown,train,nearest_object,,1,Which object is nearest to the cabinet?,,shelf,object,,ARKitScenes/3dod/Training/47430679/47430679_frames/lowres_wide/47430679_326493.895.png,ARKitScenes/3dod/Training/47430679/47430679_frames/lowres_depth/47430679_326493.895.png,rule,"{""anchor_concept"": ""cabinet"", ""anchor_object_index"": 12, ""answer_concept"": ""shelf"", ""answer_object_index"": 13, ""nearest_distance_m"": 0.35, ""second_nearest_distance_m"": 0.531}"
train_000916,47333746/54753.774,47333746,lidar,unknown,train,existence,positive,2,Does this room contain a cabinet?,,yes,yes_no,yes|no,ARKitScenes/3dod/Training/47333746/47333746_frames/lowres_wide/47333746_54753.774.png,ARKitScenes/3dod/Training/47333746/47333746_frames/lowres_depth/47333746_54753.774.png,rule,"{""concept"": ""cabinet"", ""object_index"": 21, ""area_frac"": 0.06814561743713836}"
train_000917,41159623/55593.231,41159623,lidar,unknown,train,existence,negative,3,Can you spot a bathtub in the picture?,,no,yes_no,yes|no,ARKitScenes/3dod/Training/41159623/41159623_frames/lowres_wide/41159623_55593.231.png,ARKitScenes/3dod/Training/41159623/41159623_frames/lowres_depth/41159623_55593.231.png,rule,"{""concept"": ""bathtub"", ""reason"": ""category_or_scene_type_plausible""}"
train_000918,42898166/693584.439,42898166,lidar,unknown,train,left_right,,3,Is the stove on the left side or the right side of the cabinet?,,right,choice,left|right,ARKitScenes/3dod/Training/42898166/42898166_frames/lowres_wide/42898166_693584.439.png,ARKitScenes/3dod/Training/42898166/42898166_frames/lowres_depth/42898166_693584.439.png,rule,"{""a_concept"": ""stove"", ""b_concept"": ""cabinet"", ""a_centroid_x"": 168.98782256280626, ""b_centroid_x"": 38.31109205592754, ""horizontal_gap_px"": 130.67673050687873, ""image_width"": 256}"
train_000919,47115150/86918.292,47115150,lidar,unknown,train,identify_superlative,farthest_camera,3,"Ignoring the walls, floor, and ceiling, what object is farthest from the viewer?",,cabinet,object,,ARKitScenes/3dod/Training/47115150/47115150_frames/lowres_wide/47115150_86918.292.png,ARKitScenes/3dod/Training/47115150/47115150_frames/lowres_depth/47115150_86918.292.png,rule,"{""winner_concept"": ""cabinet"", ""winner_object_index"": 7, ""winner_area_frac"": 0.22738484264970413, ""winner_depth_m"": 1.4850000143051147, ""runner_up_concept"": null, ""runner_up_area_frac"": null, ""runner_up_depth_m"": null}"
train_000920,47895871/489475.504,47895871,lidar,unknown,train,relative_depth,farther,4,"Of the chair and the sofa, which is farther?",,chair,choice,chair|sofa,ARKitScenes/3dod/Training/47895871/47895871_frames/lowres_wide/47895871_489475.504.png,ARKitScenes/3dod/Training/47895871/47895871_frames/lowres_depth/47895871_489475.504.png,rule,"{""a_concept"": ""sofa"", ""a_depth_m"": 1.5829999446868896, ""b_concept"": ""chair"", ""b_depth_m"": 2.2065000534057617, ""comparative"": ""farther"", ""answer_concept"": ""chair""}"
train_000921,42445938/79452.883,42445938,lidar,unknown,train,existence,negative,4,Is a cabinet present in this scene?,,no,yes_no,yes|no,ARKitScenes/3dod/Training/42445938/42445938_frames/lowres_wide/42445938_79452.883.png,ARKitScenes/3dod/Training/42445938/42445938_frames/lowres_depth/42445938_79452.883.png,rule,"{""concept"": ""cabinet"", ""reason"": ""category_or_scene_type_plausible""}"
train_000922,48018771/14031.183,48018771,lidar,unknown,train,left_right,,4,"Which side of the table is the cabinet on, left or right?",,left,choice,left|right,ARKitScenes/3dod/Training/48018771/48018771_frames/lowres_wide/48018771_14031.183.png,ARKitScenes/3dod/Training/48018771/48018771_frames/lowres_depth/48018771_14031.183.png,rule,"{""a_concept"": ""cabinet"", ""b_concept"": ""table"", ""a_centroid_x"": 129.1001776736118, ""b_centroid_x"": 241.61154825130137, ""horizontal_gap_px"": 112.51137057768958, ""image_width"": 256}"
train_000923,47333493/62579.719,47333493,lidar,unknown,train,existence,positive,4,Is a cabinet present in this scene?,,yes,yes_no,yes|no,ARKitScenes/3dod/Training/47333493/47333493_frames/lowres_wide/47333493_62579.719.png,ARKitScenes/3dod/Training/47333493/47333493_frames/lowres_depth/47333493_62579.719.png,rule,"{""concept"": ""cabinet"", ""object_index"": 23, ""area_frac"": 0.014155724750435547}"
train_000924,43895917/111303.972,43895917,lidar,unknown,train,identify_superlative,farthest_camera,2,"Among the furniture and items in the room, not the walls, floor, or ceiling, which is farthest from where the picture was taken?",,table,object,,ARKitScenes/3dod/Training/43895917/43895917_frames/lowres_wide/43895917_111303.972.png,ARKitScenes/3dod/Training/43895917/43895917_frames/lowres_depth/43895917_111303.972.png,rule,"{""winner_concept"": ""table"", ""winner_object_index"": 2, ""winner_area_frac"": 0.04312008396001604, ""winner_depth_m"": 2.9820001125335693, ""runner_up_concept"": null, ""runner_up_area_frac"": null, ""runner_up_depth_m"": null}"
train_000925,44358386/19230.766,44358386,lidar,unknown,train,relative_depth,closer,4,"Of the fireplace and the television, which is closer?",,television,choice,fireplace|television,ARKitScenes/3dod/Training/44358386/44358386_frames/lowres_wide/44358386_19230.766.png,ARKitScenes/3dod/Training/44358386/44358386_frames/lowres_depth/44358386_19230.766.png,rule,"{""a_concept"": ""television"", ""a_depth_m"": 3.6480000019073486, ""b_concept"": ""fireplace"", ""b_depth_m"": 5.561999797821045, ""comparative"": ""closer"", ""answer_concept"": ""television""}"
train_000926,47334938/663173.615,47334938,lidar,unknown,train,existence,negative,1,Do you see a television here?,,no,yes_no,yes|no,ARKitScenes/3dod/Training/47334938/47334938_frames/lowres_wide/47334938_663173.615.png,ARKitScenes/3dod/Training/47334938/47334938_frames/lowres_depth/47334938_663173.615.png,rule,"{""concept"": ""television"", ""reason"": ""category_or_scene_type_plausible""}"
train_000927,44358426/41427.787,44358426,lidar,unknown,train,relative_depth,closer,0,"Which is closer to the camera, the toilet or the sink?",,sink,choice,toilet|sink,ARKitScenes/3dod/Training/44358426/44358426_frames/lowres_wide/44358426_41427.787.png,ARKitScenes/3dod/Training/44358426/44358426_frames/lowres_depth/44358426_41427.787.png,rule,"{""a_concept"": ""sink"", ""a_depth_m"": 1.3890000581741333, ""b_concept"": ""toilet"", ""b_depth_m"": 2.058000087738037, ""comparative"": ""closer"", ""answer_concept"": ""sink""}"
train_000928,41125272/4891.471,41125272,lidar,unknown,train,identify_superlative,closest_camera,3,"Ignoring the walls, floor, and ceiling, what object is nearest the viewer?",,cabinet,object,,ARKitScenes/3dod/Training/41125272/41125272_frames/lowres_wide/41125272_4891.471.png,ARKitScenes/3dod/Training/41125272/41125272_frames/lowres_depth/41125272_4891.471.png,rule,"{""winner_concept"": ""cabinet"", ""winner_object_index"": 3, ""winner_area_frac"": 0.014611722472834777, ""winner_depth_m"": 1.8370000123977661, ""runner_up_concept"": null, ""runner_up_area_frac"": null, ""runner_up_depth_m"": null}"
train_000929,48018713/546144.852,48018713,lidar,unknown,train,existence,negative,0,Is there a cabinet in this room?,,no,yes_no,yes|no,ARKitScenes/3dod/Training/48018713/48018713_frames/lowres_wide/48018713_546144.852.png,ARKitScenes/3dod/Training/48018713/48018713_frames/lowres_depth/48018713_546144.852.png,rule,"{""concept"": ""cabinet"", ""reason"": ""category_or_scene_type_plausible""}"
train_000930,43828162/74446.229,43828162,lidar,unknown,train,identify_superlative,closest_camera,2,"Among the furniture and items in the room, not the walls, floor, or ceiling, which is closest to where the picture was taken from?",,cabinet,object,,ARKitScenes/3dod/Training/43828162/43828162_frames/lowres_wide/43828162_74446.229.png,ARKitScenes/3dod/Training/43828162/43828162_frames/lowres_depth/43828162_74446.229.png,rule,"{""winner_concept"": ""cabinet"", ""winner_object_index"": 24, ""winner_area_frac"": 0.2647412943874016, ""winner_depth_m"": 1.2325000762939453, ""runner_up_concept"": null, ""runner_up_area_frac"": null, ""runner_up_depth_m"": null}"
train_000931,42444859/96531.967,42444859,lidar,unknown,train,nearest_object,,3,Which item is positioned nearest to the cabinet?,,sink,object,,ARKitScenes/3dod/Training/42444859/42444859_frames/lowres_wide/42444859_96531.967.png,ARKitScenes/3dod/Training/42444859/42444859_frames/lowres_depth/42444859_96531.967.png,rule,"{""anchor_concept"": ""cabinet"", ""anchor_object_index"": 0, ""answer_concept"": ""sink"", ""answer_object_index"": 1, ""nearest_distance_m"": 0.354, ""second_nearest_distance_m"": 0.883}"
train_000932,47334957/667449.799,47334957,lidar,unknown,train,identify_superlative,farthest_camera,5,"Excluding the walls, floor, and ceiling, what is the most distant visible object in the scene?",,shelf,object,,ARKitScenes/3dod/Training/47334957/47334957_frames/lowres_wide/47334957_667449.799.png,ARKitScenes/3dod/Training/47334957/47334957_frames/lowres_depth/47334957_667449.799.png,rule,"{""winner_concept"": ""shelf"", ""winner_object_index"": 6, ""winner_area_frac"": 0.14528979026888836, ""winner_depth_m"": 1.0499999523162842, ""runner_up_concept"": null, ""runner_up_area_frac"": null, ""runner_up_depth_m"": null}"
train_000933,43896330/8953.867,43896330,lidar,unknown,train,relative_depth,closer,2,Is the sofa or the table closer to the camera?,,table,choice,sofa|table,ARKitScenes/3dod/Training/43896330/43896330_frames/lowres_wide/43896330_8953.867.png,ARKitScenes/3dod/Training/43896330/43896330_frames/lowres_depth/43896330_8953.867.png,rule,"{""a_concept"": ""sofa"", ""a_depth_m"": 1.9279999732971191, ""b_concept"": ""table"", ""b_depth_m"": 1.3559999465942383, ""comparative"": ""closer"", ""answer_concept"": ""table""}"
train_000934,42444474/1383.774,42444474,lidar,unknown,train,existence,negative,3,Can you spot a cabinet in the picture?,,no,yes_no,yes|no,ARKitScenes/3dod/Training/42444474/42444474_frames/lowres_wide/42444474_1383.774.png,ARKitScenes/3dod/Training/42444474/42444474_frames/lowres_depth/42444474_1383.774.png,rule,"{""concept"": ""cabinet"", ""reason"": ""category_or_scene_type_plausible""}"
train_000935,41159448/514.801,41159448,lidar,unknown,train,left_right,,2,"Looking at the chair, is the table positioned on its left or right?",,left,choice,left|right,ARKitScenes/3dod/Training/41159448/41159448_frames/lowres_wide/41159448_514.801.png,ARKitScenes/3dod/Training/41159448/41159448_frames/lowres_depth/41159448_514.801.png,rule,"{""a_concept"": ""table"", ""b_concept"": ""chair"", ""a_centroid_x"": 137.69594280715455, ""b_centroid_x"": 213.38028553701562, ""horizontal_gap_px"": 75.68434272986107, ""image_width"": 256}"
train_000936,45261317/23568.190,45261317,lidar,unknown,train,identify_superlative,closest_camera,1,"Excluding the walls, floor, and ceiling, what is the nearest object to the camera?",,shelf,object,,ARKitScenes/3dod/Training/45261317/45261317_frames/lowres_wide/45261317_23568.190.png,ARKitScenes/3dod/Training/45261317/45261317_frames/lowres_depth/45261317_23568.190.png,rule,"{""winner_concept"": ""shelf"", ""winner_object_index"": 0, ""winner_area_frac"": 0.36274233092574754, ""winner_depth_m"": 1.753999948501587, ""runner_up_concept"": null, ""runner_up_area_frac"": null, ""runner_up_depth_m"": null}"
train_000937,47333493/62560.610,47333493,lidar,unknown,train,relative_depth,farther,1,"Between the cabinet and the table, which one is farther from the camera?",,cabinet,choice,cabinet|table,ARKitScenes/3dod/Training/47333493/47333493_frames/lowres_wide/47333493_62560.610.png,ARKitScenes/3dod/Training/47333493/47333493_frames/lowres_depth/47333493_62560.610.png,rule,"{""a_concept"": ""table"", ""a_depth_m"": 0.9340000152587891, ""b_concept"": ""cabinet"", ""b_depth_m"": 1.4160000085830688, ""comparative"": ""farther"", ""answer_concept"": ""cabinet""}"
train_000938,42897771/126932.909,42897771,lidar,unknown,train,existence,negative,3,Can you spot a cabinet in the picture?,,no,yes_no,yes|no,ARKitScenes/3dod/Training/42897771/42897771_frames/lowres_wide/42897771_126932.909.png,ARKitScenes/3dod/Training/42897771/42897771_frames/lowres_depth/42897771_126932.909.png,rule,"{""concept"": ""cabinet"", ""reason"": ""category_or_scene_type_plausible""}"
train_000939,41126779/4657.747,41126779,lidar,unknown,train,left_right,,2,"Looking at the cabinet, is the shelf positioned on its left or right?",,right,choice,left|right,ARKitScenes/3dod/Training/41126779/41126779_frames/lowres_wide/41126779_4657.747.png,ARKitScenes/3dod/Training/41126779/41126779_frames/lowres_depth/41126779_4657.747.png,rule,"{""a_concept"": ""shelf"", ""b_concept"": ""cabinet"", ""a_centroid_x"": 250.66671860938138, ""b_centroid_x"": 138.98979270326535, ""horizontal_gap_px"": 111.67692590611603, ""image_width"": 256}"
train_000940,42897462/470256.976,42897462,lidar,unknown,train,nearest_object,,5,Which object is closest in distance to the cabinet?,,oven,object,,ARKitScenes/3dod/Training/42897462/42897462_frames/lowres_wide/42897462_470256.976.png,ARKitScenes/3dod/Training/42897462/42897462_frames/lowres_depth/42897462_470256.976.png,rule,"{""anchor_concept"": ""cabinet"", ""anchor_object_index"": 19, ""answer_concept"": ""oven"", ""answer_object_index"": 18, ""nearest_distance_m"": 1.219, ""second_nearest_distance_m"": 4.802}"
train_000941,47204800/24089.547,47204800,lidar,unknown,train,left_right,,2,"Looking at the television, is the dishwasher positioned on its left or right?",,left,choice,left|right,ARKitScenes/3dod/Training/47204800/47204800_frames/lowres_wide/47204800_24089.547.png,ARKitScenes/3dod/Training/47204800/47204800_frames/lowres_depth/47204800_24089.547.png,rule,"{""a_concept"": ""dishwasher"", ""b_concept"": ""television"", ""a_centroid_x"": 43.68471474933296, ""b_centroid_x"": 208.37798074502535, ""horizontal_gap_px"": 164.6932659956924, ""image_width"": 256}"
train_000942,42899071/650738.575,42899071,lidar,unknown,train,identify_superlative,farthest_camera,4,"Not counting the room's walls, floor, or ceiling, which object is farthest away in this image?",,stool,object,,ARKitScenes/3dod/Training/42899071/42899071_frames/lowres_wide/42899071_650738.575.png,ARKitScenes/3dod/Training/42899071/42899071_frames/lowres_depth/42899071_650738.575.png,rule,"{""winner_concept"": ""stool"", ""winner_object_index"": 1, ""winner_area_frac"": 0.2861034815750904, ""winner_depth_m"": 1.3229999542236328, ""runner_up_concept"": null, ""runner_up_area_frac"": null, ""runner_up_depth_m"": null}"
train_000943,47333840/54100.684,47333840,lidar,unknown,train,existence,negative,3,Can you spot a shelf in the picture?,,no,yes_no,yes|no,ARKitScenes/3dod/Training/47333840/47333840_frames/lowres_wide/47333840_54100.684.png,ARKitScenes/3dod/Training/47333840/47333840_frames/lowres_depth/47333840_54100.684.png,rule,"{""concept"": ""shelf"", ""reason"": ""category_or_scene_type_plausible""}"
train_000944,47333964/47384.975,47333964,lidar,unknown,train,nearest_object,,1,Which object is nearest to the table?,,chair,object,,ARKitScenes/3dod/Training/47333964/47333964_frames/lowres_wide/47333964_47384.975.png,ARKitScenes/3dod/Training/47333964/47333964_frames/lowres_depth/47333964_47384.975.png,rule,"{""anchor_concept"": ""table"", ""anchor_object_index"": 2, ""answer_concept"": ""chair"", ""answer_object_index"": 4, ""nearest_distance_m"": 0.102, ""second_nearest_distance_m"": 0.282}"
train_000945,45261066/14478.220,45261066,lidar,unknown,train,identify_superlative,closest_camera,1,"Excluding the walls, floor, and ceiling, what is the nearest object to the camera?",,sofa,object,,ARKitScenes/3dod/Training/45261066/45261066_frames/lowres_wide/45261066_14478.220.png,ARKitScenes/3dod/Training/45261066/45261066_frames/lowres_depth/45261066_14478.220.png,rule,"{""winner_concept"": ""sofa"", ""winner_object_index"": 2, ""winner_area_frac"": 0.09342624868916259, ""winner_depth_m"": 2.9230000972747803, ""runner_up_concept"": ""fireplace"", ""runner_up_area_frac"": 0.044309699899102155, ""runner_up_depth_m"": 3.5869998931884766}"
train_000946,42444928/221442.197,42444928,lidar,unknown,train,nearest_object,,4,What is right next to the table?,,cabinet,object,,ARKitScenes/3dod/Training/42444928/42444928_frames/lowres_wide/42444928_221442.197.png,ARKitScenes/3dod/Training/42444928/42444928_frames/lowres_depth/42444928_221442.197.png,rule,"{""anchor_concept"": ""table"", ""anchor_object_index"": 8, ""answer_concept"": ""cabinet"", ""answer_object_index"": 3, ""nearest_distance_m"": 0.229, ""second_nearest_distance_m"": 0.844}"
train_000947,43828402/88415.695,43828402,lidar,unknown,train,left_right,,2,"Looking at the cabinet, is the bed positioned on its left or right?",,right,choice,left|right,ARKitScenes/3dod/Training/43828402/43828402_frames/lowres_wide/43828402_88415.695.png,ARKitScenes/3dod/Training/43828402/43828402_frames/lowres_depth/43828402_88415.695.png,rule,"{""a_concept"": ""bed"", ""b_concept"": ""cabinet"", ""a_centroid_x"": 110.67193510030492, ""b_centroid_x"": 67.02100369412919, ""horizontal_gap_px"": 43.65093140617573, ""image_width"": 256}"
train_000948,47330996/177042.804,47330996,lidar,unknown,train,nearest_object,,1,Which object is nearest to the cabinet?,,shelf,object,,ARKitScenes/3dod/Training/47330996/47330996_frames/lowres_wide/47330996_177042.804.png,ARKitScenes/3dod/Training/47330996/47330996_frames/lowres_depth/47330996_177042.804.png,rule,"{""anchor_concept"": ""cabinet"", ""anchor_object_index"": 17, ""answer_concept"": ""shelf"", ""answer_object_index"": 19, ""nearest_distance_m"": 0.499, ""second_nearest_distance_m"": 2.075}"
train_000949,45260947/4616.302,45260947,lidar,unknown,train,relative_depth,closer,4,"Of the television and the shelf, which is closer?",,television,choice,television|shelf,ARKitScenes/3dod/Training/45260947/45260947_frames/lowres_wide/45260947_4616.302.png,ARKitScenes/3dod/Training/45260947/45260947_frames/lowres_depth/45260947_4616.302.png,rule,"{""a_concept"": ""shelf"", ""a_depth_m"": 2.3410000801086426, ""b_concept"": ""television"", ""b_depth_m"": 1.850000023841858, ""comparative"": ""closer"", ""answer_concept"": ""television""}"
train_000950,42445938/79469.476,42445938,lidar,unknown,train,relative_depth,closer,5,"Which one is closer, the cabinet or the table?",,table,choice,cabinet|table,ARKitScenes/3dod/Training/42445938/42445938_frames/lowres_wide/42445938_79469.476.png,ARKitScenes/3dod/Training/42445938/42445938_frames/lowres_depth/42445938_79469.476.png,rule,"{""a_concept"": ""table"", ""a_depth_m"": 1.2100000381469727, ""b_concept"": ""cabinet"", ""b_depth_m"": 2.265000104904175, ""comparative"": ""closer"", ""answer_concept"": ""table""}"
train_000951,48018089/103979.438,48018089,lidar,unknown,train,nearest_object,,0,What is the closest object to the cabinet?,,sink,object,,ARKitScenes/3dod/Training/48018089/48018089_frames/lowres_wide/48018089_103979.438.png,ARKitScenes/3dod/Training/48018089/48018089_frames/lowres_depth/48018089_103979.438.png,rule,"{""anchor_concept"": ""cabinet"", ""anchor_object_index"": 0, ""answer_concept"": ""sink"", ""answer_object_index"": 1, ""nearest_distance_m"": 0.07, ""second_nearest_distance_m"": 1.345}"
train_000952,42446485/355862.674,42446485,lidar,unknown,train,relative_depth,farther,4,"Of the sofa and the table, which is farther?",,table,choice,sofa|table,ARKitScenes/3dod/Training/42446485/42446485_frames/lowres_wide/42446485_355862.674.png,ARKitScenes/3dod/Training/42446485/42446485_frames/lowres_depth/42446485_355862.674.png,rule,"{""a_concept"": ""sofa"", ""a_depth_m"": 1.003000020980835, ""b_concept"": ""table"", ""b_depth_m"": 1.8589999675750732, ""comparative"": ""farther"", ""answer_concept"": ""table""}"
train_000953,42444998/45363.879,42444998,lidar,unknown,train,identify_superlative,farthest_camera,2,"Among the furniture and items in the room, not the walls, floor, or ceiling, which is farthest from where the picture was taken?",,table,object,,ARKitScenes/3dod/Training/42444998/42444998_frames/lowres_wide/42444998_45363.879.png,ARKitScenes/3dod/Training/42444998/42444998_frames/lowres_depth/42444998_45363.879.png,rule,"{""winner_concept"": ""table"", ""winner_object_index"": 1, ""winner_area_frac"": 0.06445879669660574, ""winner_depth_m"": 1.6829999685287476, ""runner_up_concept"": null, ""runner_up_area_frac"": null, ""runner_up_depth_m"": null}"
train_000954,45663052/36226.177,45663052,lidar,unknown,train,existence,positive,5,Is there any cabinet visible in the image?,,yes,yes_no,yes|no,ARKitScenes/3dod/Training/45663052/45663052_frames/lowres_wide/45663052_36226.177.png,ARKitScenes/3dod/Training/45663052/45663052_frames/lowres_depth/45663052_36226.177.png,rule,"{""concept"": ""cabinet"", ""object_index"": 5, ""area_frac"": 0.04419996269293497}"
train_000955,47332197/263671.362,47332197,lidar,unknown,train,left_right,,2,"Looking at the toilet, is the sink positioned on its left or right?",,left,choice,left|right,ARKitScenes/3dod/Training/47332197/47332197_frames/lowres_wide/47332197_263671.362.png,ARKitScenes/3dod/Training/47332197/47332197_frames/lowres_depth/47332197_263671.362.png,rule,"{""a_concept"": ""sink"", ""b_concept"": ""toilet"", ""a_centroid_x"": 72.59225848776339, ""b_centroid_x"": 190.67712219458545, ""horizontal_gap_px"": 118.08486370682206, ""image_width"": 256}"
train_000956,47115361/856.687,47115361,lidar,unknown,train,left_right,,2,"Looking at the chair, is the sofa positioned on its left or right?",,left,choice,left|right,ARKitScenes/3dod/Training/47115361/47115361_frames/lowres_wide/47115361_856.687.png,ARKitScenes/3dod/Training/47115361/47115361_frames/lowres_depth/47115361_856.687.png,rule,"{""a_concept"": ""sofa"", ""b_concept"": ""chair"", ""a_centroid_x"": 22.738671359809956, ""b_centroid_x"": 149.87505986994194, ""horizontal_gap_px"": 127.13638851013198, ""image_width"": 256}"
train_000957,47895206/40030.764,47895206,lidar,unknown,train,existence,negative,0,Is there a television in this room?,,no,yes_no,yes|no,ARKitScenes/3dod/Training/47895206/47895206_frames/lowres_wide/47895206_40030.764.png,ARKitScenes/3dod/Training/47895206/47895206_frames/lowres_depth/47895206_40030.764.png,rule,"{""concept"": ""television"", ""reason"": ""category_or_scene_type_plausible""}"
train_000958,47431190/360341.390,47431190,lidar,unknown,train,left_right,,5,"From the chair, which direction is the cabinet in, left or right?",,right,choice,left|right,ARKitScenes/3dod/Training/47431190/47431190_frames/lowres_wide/47431190_360341.390.png,ARKitScenes/3dod/Training/47431190/47431190_frames/lowres_depth/47431190_360341.390.png,rule,"{""a_concept"": ""cabinet"", ""b_concept"": ""chair"", ""a_centroid_x"": 186.1162426328539, ""b_centroid_x"": 120.31487929244263, ""horizontal_gap_px"": 65.80136334041127, ""image_width"": 256}"
train_000959,45260947/4634.912,45260947,lidar,unknown,train,nearest_object,,3,Which item is positioned nearest to the cabinet?,,sofa,object,,ARKitScenes/3dod/Training/45260947/45260947_frames/lowres_wide/45260947_4634.912.png,ARKitScenes/3dod/Training/45260947/45260947_frames/lowres_depth/45260947_4634.912.png,rule,"{""anchor_concept"": ""cabinet"", ""anchor_object_index"": 7, ""answer_concept"": ""sofa"", ""answer_object_index"": 8, ""nearest_distance_m"": 0.734, ""second_nearest_distance_m"": 1.631}"
train_000960,47334001/51156.450,47334001,lidar,unknown,train,existence,negative,2,Does this room contain a cabinet?,,no,yes_no,yes|no,ARKitScenes/3dod/Training/47334001/47334001_frames/lowres_wide/47334001_51156.450.png,ARKitScenes/3dod/Training/47334001/47334001_frames/lowres_depth/47334001_51156.450.png,rule,"{""concept"": ""cabinet"", ""reason"": ""category_or_scene_type_plausible""}"
train_000961,47115227/95955.056,47115227,lidar,unknown,train,identify_superlative,farthest_camera,3,"Ignoring the walls, floor, and ceiling, what object is farthest from the viewer?",,table,object,,ARKitScenes/3dod/Training/47115227/47115227_frames/lowres_wide/47115227_95955.056.png,ARKitScenes/3dod/Training/47115227/47115227_frames/lowres_depth/47115227_95955.056.png,rule,"{""winner_concept"": ""table"", ""winner_object_index"": 5, ""winner_area_frac"": 0.3786319563660408, ""winner_depth_m"": 1.0609999895095825, ""runner_up_concept"": null, ""runner_up_area_frac"": null, ""runner_up_depth_m"": null}"
train_000962,43828162/74504.238,43828162,lidar,unknown,train,nearest_object,,1,Which object is nearest to the table?,,fireplace,object,,ARKitScenes/3dod/Training/43828162/43828162_frames/lowres_wide/43828162_74504.238.png,ARKitScenes/3dod/Training/43828162/43828162_frames/lowres_depth/43828162_74504.238.png,rule,"{""anchor_concept"": ""table"", ""anchor_object_index"": 5, ""answer_concept"": ""fireplace"", ""answer_object_index"": 7, ""nearest_distance_m"": 1.392, ""second_nearest_distance_m"": 1.872}"
train_000963,48018697/544898.965,48018697,lidar,unknown,train,identify_superlative,farthest_camera,3,"Ignoring the walls, floor, and ceiling, what object is farthest from the viewer?",,chair,object,,ARKitScenes/3dod/Training/48018697/48018697_frames/lowres_wide/48018697_544898.965.png,ARKitScenes/3dod/Training/48018697/48018697_frames/lowres_depth/48018697_544898.965.png,rule,"{""winner_concept"": ""chair"", ""winner_object_index"": 23, ""winner_area_frac"": 0.0068798218609815364, ""winner_depth_m"": 2.8450000286102295, ""runner_up_concept"": ""cabinet"", ""runner_up_area_frac"": 0.04732968762286493, ""runner_up_depth_m"": 2.256999969482422}"
train_000964,47334589/165866.130,47334589,lidar,unknown,train,left_right,,2,"Looking at the shelf, is the toilet positioned on its left or right?",,right,choice,left|right,ARKitScenes/3dod/Training/47334589/47334589_frames/lowres_wide/47334589_165866.130.png,ARKitScenes/3dod/Training/47334589/47334589_frames/lowres_depth/47334589_165866.130.png,rule,"{""a_concept"": ""toilet"", ""b_concept"": ""shelf"", ""a_centroid_x"": 101.5224896110014, ""b_centroid_x"": 64.33538209693977, ""horizontal_gap_px"": 37.18710751406164, ""image_width"": 256}"
train_000965,47331294/14786.773,47331294,lidar,unknown,train,nearest_object,,0,What is the closest object to the cabinet?,,chair,object,,ARKitScenes/3dod/Training/47331294/47331294_frames/lowres_wide/47331294_14786.773.png,ARKitScenes/3dod/Training/47331294/47331294_frames/lowres_depth/47331294_14786.773.png,rule,"{""anchor_concept"": ""cabinet"", ""anchor_object_index"": 5, ""answer_concept"": ""chair"", ""answer_object_index"": 4, ""nearest_distance_m"": 0.5, ""second_nearest_distance_m"": 1.095}"
train_000966,47670201/53335.818,47670201,lidar,unknown,train,relative_depth,farther,5,"Which one is farther, the cabinet or the sofa?",,cabinet,choice,cabinet|sofa,ARKitScenes/3dod/Training/47670201/47670201_frames/lowres_wide/47670201_53335.818.png,ARKitScenes/3dod/Training/47670201/47670201_frames/lowres_depth/47670201_53335.818.png,rule,"{""a_concept"": ""sofa"", ""a_depth_m"": 1.7719999551773071, ""b_concept"": ""cabinet"", ""b_depth_m"": 2.1029999256134033, ""comparative"": ""farther"", ""answer_concept"": ""cabinet""}"
train_000967,47429883/368011.351,47429883,lidar,unknown,train,identify_superlative,farthest_camera,0,"Not counting the walls, floor, or ceiling, which object is farthest from the camera?",,table,object,,ARKitScenes/3dod/Training/47429883/47429883_frames/lowres_wide/47429883_368011.351.png,ARKitScenes/3dod/Training/47429883/47429883_frames/lowres_depth/47429883_368011.351.png,rule,"{""winner_concept"": ""table"", ""winner_object_index"": 11, ""winner_area_frac"": 0.024120413212706762, ""winner_depth_m"": 2.6480000019073486, ""runner_up_concept"": ""table"", ""runner_up_area_frac"": 0.045447252733178144, ""runner_up_depth_m"": 1.1605000495910645}"
train_000968,43649807/46793.401,43649807,lidar,unknown,train,left_right,,2,"Looking at the stool, is the television positioned on its left or right?",,left,choice,left|right,ARKitScenes/3dod/Training/43649807/43649807_frames/lowres_wide/43649807_46793.401.png,ARKitScenes/3dod/Training/43649807/43649807_frames/lowres_depth/43649807_46793.401.png,rule,"{""a_concept"": ""television"", ""b_concept"": ""stool"", ""a_centroid_x"": 129.7151357044442, ""b_centroid_x"": 229.82693890436596, ""horizontal_gap_px"": 100.11180319992175, ""image_width"": 256}"
train_000969,42897462/470256.976,42897462,lidar,unknown,train,relative_depth,closer,3,"Which object is closer to the camera, the cabinet or the sofa?",,sofa,choice,cabinet|sofa,ARKitScenes/3dod/Training/42897462/42897462_frames/lowres_wide/42897462_470256.976.png,ARKitScenes/3dod/Training/42897462/42897462_frames/lowres_depth/42897462_470256.976.png,rule,"{""a_concept"": ""sofa"", ""a_depth_m"": 1.5379999876022339, ""b_concept"": ""cabinet"", ""b_depth_m"": 5.61299991607666, ""comparative"": ""closer"", ""answer_concept"": ""sofa""}"
train_000970,42899307/885771.148,42899307,lidar,unknown,train,existence,negative,4,Is a shelf present in this scene?,,no,yes_no,yes|no,ARKitScenes/3dod/Training/42899307/42899307_frames/lowres_wide/42899307_885771.148.png,ARKitScenes/3dod/Training/42899307/42899307_frames/lowres_depth/42899307_885771.148.png,rule,"{""concept"": ""shelf"", ""reason"": ""category_or_scene_type_plausible""}"
train_000971,42898437/2093.053,42898437,lidar,unknown,train,left_right,,3,Is the stove on the left side or the right side of the sink?,,left,choice,left|right,ARKitScenes/3dod/Training/42898437/42898437_frames/lowres_wide/42898437_2093.053.png,ARKitScenes/3dod/Training/42898437/42898437_frames/lowres_depth/42898437_2093.053.png,rule,"{""a_concept"": ""stove"", ""b_concept"": ""sink"", ""a_centroid_x"": 18.906594521455983, ""b_centroid_x"": 238.72437804523028, ""horizontal_gap_px"": 219.8177835237743, ""image_width"": 256}"
train_000972,47204506/680.273,47204506,lidar,unknown,train,left_right,,5,"From the television, which direction is the cabinet in, left or right?",,right,choice,left|right,ARKitScenes/3dod/Training/47204506/47204506_frames/lowres_wide/47204506_680.273.png,ARKitScenes/3dod/Training/47204506/47204506_frames/lowres_depth/47204506_680.273.png,rule,"{""a_concept"": ""cabinet"", ""b_concept"": ""television"", ""a_centroid_x"": 201.5050019230314, ""b_centroid_x"": 83.10003793131169, ""horizontal_gap_px"": 118.4049639917197, ""image_width"": 256}"
train_000973,42898500/159968.510,42898500,lidar,unknown,train,left_right,,1,"Relative to the table, is the cabinet on the left or the right?",,left,choice,left|right,ARKitScenes/3dod/Training/42898500/42898500_frames/lowres_wide/42898500_159968.510.png,ARKitScenes/3dod/Training/42898500/42898500_frames/lowres_depth/42898500_159968.510.png,rule,"{""a_concept"": ""cabinet"", ""b_concept"": ""table"", ""a_centroid_x"": 120.47510954190547, ""b_centroid_x"": 230.83355753498026, ""horizontal_gap_px"": 110.35844799307479, ""image_width"": 256}"
train_000974,47204377/18094.938,47204377,lidar,unknown,train,nearest_object,,1,Which object is nearest to the cabinet?,,television,object,,ARKitScenes/3dod/Training/47204377/47204377_frames/lowres_wide/47204377_18094.938.png,ARKitScenes/3dod/Training/47204377/47204377_frames/lowres_depth/47204377_18094.938.png,rule,"{""anchor_concept"": ""cabinet"", ""anchor_object_index"": 6, ""answer_concept"": ""television"", ""answer_object_index"": 7, ""nearest_distance_m"": 0.482, ""second_nearest_distance_m"": 1.447}"
train_000975,42898216/695063.239,42898216,lidar,unknown,train,nearest_object,,1,Which object is nearest to the table?,,stool,object,,ARKitScenes/3dod/Training/42898216/42898216_frames/lowres_wide/42898216_695063.239.png,ARKitScenes/3dod/Training/42898216/42898216_frames/lowres_depth/42898216_695063.239.png,rule,"{""anchor_concept"": ""table"", ""anchor_object_index"": 4, ""answer_concept"": ""stool"", ""answer_object_index"": 3, ""nearest_distance_m"": 0.573, ""second_nearest_distance_m"": 1.856}"
train_000976,43828456/92187.153,43828456,lidar,unknown,train,left_right,,2,"Looking at the toilet, is the sink positioned on its left or right?",,right,choice,left|right,ARKitScenes/3dod/Training/43828456/43828456_frames/lowres_wide/43828456_92187.153.png,ARKitScenes/3dod/Training/43828456/43828456_frames/lowres_depth/43828456_92187.153.png,rule,"{""a_concept"": ""sink"", ""b_concept"": ""toilet"", ""a_centroid_x"": 106.69752374476555, ""b_centroid_x"": 36.47516163463121, ""horizontal_gap_px"": 70.22236211013433, ""image_width"": 256}"
train_000977,42898216/695063.239,42898216,lidar,unknown,train,left_right,,4,"Which side of the table is the stool on, left or right?",,left,choice,left|right,ARKitScenes/3dod/Training/42898216/42898216_frames/lowres_wide/42898216_695063.239.png,ARKitScenes/3dod/Training/42898216/42898216_frames/lowres_depth/42898216_695063.239.png,rule,"{""a_concept"": ""stool"", ""b_concept"": ""table"", ""a_centroid_x"": 99.75129296833293, ""b_centroid_x"": 166.45611877451717, ""horizontal_gap_px"": 66.70482580618423, ""image_width"": 256}"
train_000978,41098140/869.526,41098140,lidar,unknown,train,nearest_object,,5,Which object is closest in distance to the sofa?,,refrigerator,object,,ARKitScenes/3dod/Training/41098140/41098140_frames/lowres_wide/41098140_869.526.png,ARKitScenes/3dod/Training/41098140/41098140_frames/lowres_depth/41098140_869.526.png,rule,"{""anchor_concept"": ""sofa"", ""anchor_object_index"": 14, ""answer_concept"": ""refrigerator"", ""answer_object_index"": 13, ""nearest_distance_m"": 0.458, ""second_nearest_distance_m"": 1.328}"
train_000979,47334883/622619.416,47334883,lidar,unknown,train,existence,positive,0,Is there a cabinet in this room?,,yes,yes_no,yes|no,ARKitScenes/3dod/Training/47334883/47334883_frames/lowres_wide/47334883_622619.416.png,ARKitScenes/3dod/Training/47334883/47334883_frames/lowres_depth/47334883_622619.416.png,rule,"{""concept"": ""cabinet"", ""object_index"": 1, ""area_frac"": 0.31001374660643655}"
train_000980,47430449/1749.054,47430449,lidar,unknown,train,identify_superlative,farthest_camera,2,"Among the furniture and items in the room, not the walls, floor, or ceiling, which is farthest from where the picture was taken?",,cabinet,object,,ARKitScenes/3dod/Training/47430449/47430449_frames/lowres_wide/47430449_1749.054.png,ARKitScenes/3dod/Training/47430449/47430449_frames/lowres_depth/47430449_1749.054.png,rule,"{""winner_concept"": ""cabinet"", ""winner_object_index"": 8, ""winner_area_frac"": 0.061942263310866746, ""winner_depth_m"": 3.8550000190734863, ""runner_up_concept"": null, ""runner_up_area_frac"": null, ""runner_up_depth_m"": null}"
train_000981,44796303/3309.566,44796303,lidar,unknown,train,existence,negative,0,Is there a sink in this room?,,no,yes_no,yes|no,ARKitScenes/3dod/Training/44796303/44796303_frames/lowres_wide/44796303_3309.566.png,ARKitScenes/3dod/Training/44796303/44796303_frames/lowres_depth/44796303_3309.566.png,rule,"{""concept"": ""sink"", ""reason"": ""category_or_scene_type_plausible""}"
train_000982,42898740/63505.819,42898740,lidar,unknown,train,identify_superlative,closest_camera,0,"Not counting the walls, floor, or ceiling, which object is closest to the camera?",,stool,object,,ARKitScenes/3dod/Training/42898740/42898740_frames/lowres_wide/42898740_63505.819.png,ARKitScenes/3dod/Training/42898740/42898740_frames/lowres_depth/42898740_63505.819.png,rule,"{""winner_concept"": ""stool"", ""winner_object_index"": 1, ""winner_area_frac"": 0.06094605530003903, ""winner_depth_m"": 2.0230000019073486, ""runner_up_concept"": ""sofa"", ""runner_up_area_frac"": 0.12178627625383337, ""runner_up_depth_m"": 2.447000026702881}"
train_000983,41126792/6181.137,41126792,lidar,unknown,train,relative_depth,farther,5,"Which one is farther, the bathtub or the cabinet?",,bathtub,choice,bathtub|cabinet,ARKitScenes/3dod/Training/41126792/41126792_frames/lowres_wide/41126792_6181.137.png,ARKitScenes/3dod/Training/41126792/41126792_frames/lowres_depth/41126792_6181.137.png,rule,"{""a_concept"": ""bathtub"", ""a_depth_m"": 2.0869998931884766, ""b_concept"": ""cabinet"", ""b_depth_m"": 1.003000020980835, ""comparative"": ""farther"", ""answer_concept"": ""bathtub""}"
train_000984,42898171/693856.428,42898171,lidar,unknown,train,identify_superlative,farthest_camera,4,"Not counting the room's walls, floor, or ceiling, which object is farthest away in this image?",,cabinet,object,,ARKitScenes/3dod/Training/42898171/42898171_frames/lowres_wide/42898171_693856.428.png,ARKitScenes/3dod/Training/42898171/42898171_frames/lowres_depth/42898171_693856.428.png,rule,"{""winner_concept"": ""cabinet"", ""winner_object_index"": 14, ""winner_area_frac"": 0.07190910935860742, ""winner_depth_m"": 1.2269999980926514, ""runner_up_concept"": null, ""runner_up_area_frac"": null, ""runner_up_depth_m"": null}"
train_000985,48017887/80083.325,48017887,lidar,unknown,train,relative_depth,farther,3,"Which object is farther from the camera, the chair or the cabinet?",,cabinet,choice,chair|cabinet,ARKitScenes/3dod/Training/48017887/48017887_frames/lowres_wide/48017887_80083.325.png,ARKitScenes/3dod/Training/48017887/48017887_frames/lowres_depth/48017887_80083.325.png,rule,"{""a_concept"": ""cabinet"", ""a_depth_m"": 2.742000102996826, ""b_concept"": ""chair"", ""b_depth_m"": 2.2179999351501465, ""comparative"": ""farther"", ""answer_concept"": ""cabinet""}"
train_000986,47333846/74842.046,47333846,lidar,unknown,train,left_right,,2,"Looking at the stool, is the sofa positioned on its left or right?",,right,choice,left|right,ARKitScenes/3dod/Training/47333846/47333846_frames/lowres_wide/47333846_74842.046.png,ARKitScenes/3dod/Training/47333846/47333846_frames/lowres_depth/47333846_74842.046.png,rule,"{""a_concept"": ""sofa"", ""b_concept"": ""stool"", ""a_centroid_x"": 189.79357239647524, ""b_centroid_x"": 151.69326159710974, ""horizontal_gap_px"": 38.1003107993655, ""image_width"": 256}"
train_000987,45662829/15185.112,45662829,lidar,unknown,train,nearest_object,,4,What is right next to the cabinet?,,television,object,,ARKitScenes/3dod/Training/45662829/45662829_frames/lowres_wide/45662829_15185.112.png,ARKitScenes/3dod/Training/45662829/45662829_frames/lowres_depth/45662829_15185.112.png,rule,"{""anchor_concept"": ""cabinet"", ""anchor_object_index"": 2, ""answer_concept"": ""television"", ""answer_object_index"": 3, ""nearest_distance_m"": 0.89, ""second_nearest_distance_m"": 1.71}"
train_000988,47430862/74322.008,47430862,lidar,unknown,train,identify_superlative,farthest_camera,2,"Among the furniture and items in the room, not the walls, floor, or ceiling, which is farthest from where the picture was taken?",,cabinet,object,,ARKitScenes/3dod/Training/47430862/47430862_frames/lowres_wide/47430862_74322.008.png,ARKitScenes/3dod/Training/47430862/47430862_frames/lowres_depth/47430862_74322.008.png,rule,"{""winner_concept"": ""cabinet"", ""winner_object_index"": 3, ""winner_area_frac"": 0.05818615853892325, ""winner_depth_m"": 1.3899999856948853, ""runner_up_concept"": null, ""runner_up_area_frac"": null, ""runner_up_depth_m"": null}"
train_000989,42445180/8951.691,42445180,lidar,unknown,train,left_right,,3,Is the cabinet on the left side or the right side of the toilet?,,right,choice,left|right,ARKitScenes/3dod/Training/42445180/42445180_frames/lowres_wide/42445180_8951.691.png,ARKitScenes/3dod/Training/42445180/42445180_frames/lowres_depth/42445180_8951.691.png,rule,"{""a_concept"": ""cabinet"", ""b_concept"": ""toilet"", ""a_centroid_x"": 169.90188924413118, ""b_centroid_x"": 113.10544370783917, ""horizontal_gap_px"": 56.79644553629201, ""image_width"": 256}"
train_000990,44358121/62387.323,44358121,lidar,unknown,train,identify_superlative,farthest_camera,1,"Excluding the walls, floor, and ceiling, what is the most distant object from the camera?",,sofa,object,,ARKitScenes/3dod/Training/44358121/44358121_frames/lowres_wide/44358121_62387.323.png,ARKitScenes/3dod/Training/44358121/44358121_frames/lowres_depth/44358121_62387.323.png,rule,"{""winner_concept"": ""sofa"", ""winner_object_index"": 3, ""winner_area_frac"": 0.007107281815483514, ""winner_depth_m"": 4.73799991607666, ""runner_up_concept"": ""cabinet"", ""runner_up_area_frac"": 0.11530154945326998, ""runner_up_depth_m"": 1.1260000467300415}"
train_000991,42444998/45494.558,42444998,lidar,unknown,train,left_right,,0,Is the table to the left or to the right of the television?,,right,choice,left|right,ARKitScenes/3dod/Training/42444998/42444998_frames/lowres_wide/42444998_45494.558.png,ARKitScenes/3dod/Training/42444998/42444998_frames/lowres_depth/42444998_45494.558.png,rule,"{""a_concept"": ""table"", ""b_concept"": ""television"", ""a_centroid_x"": 110.40796876196156, ""b_centroid_x"": 45.388752473216684, ""horizontal_gap_px"": 65.01921628874487, ""image_width"": 256}"
train_000992,45260877/7356.378,45260877,lidar,unknown,train,nearest_object,,0,What is the closest object to the cabinet?,,oven,object,,ARKitScenes/3dod/Training/45260877/45260877_frames/lowres_wide/45260877_7356.378.png,ARKitScenes/3dod/Training/45260877/45260877_frames/lowres_depth/45260877_7356.378.png,rule,"{""anchor_concept"": ""cabinet"", ""anchor_object_index"": 24, ""answer_concept"": ""oven"", ""answer_object_index"": 25, ""nearest_distance_m"": 0.276, ""second_nearest_distance_m"": 1.971}"
train_000993,47332819/48926.613,47332819,lidar,unknown,train,nearest_object,,3,Which item is positioned nearest to the table?,,sofa,object,,ARKitScenes/3dod/Training/47332819/47332819_frames/lowres_wide/47332819_48926.613.png,ARKitScenes/3dod/Training/47332819/47332819_frames/lowres_depth/47332819_48926.613.png,rule,"{""anchor_concept"": ""table"", ""anchor_object_index"": 2, ""answer_concept"": ""sofa"", ""answer_object_index"": 1, ""nearest_distance_m"": 0.761, ""second_nearest_distance_m"": 1.353}"
train_000994,47204350/15557.341,47204350,lidar,unknown,train,left_right,,3,Is the chair on the left side or the right side of the television?,,right,choice,left|right,ARKitScenes/3dod/Training/47204350/47204350_frames/lowres_wide/47204350_15557.341.png,ARKitScenes/3dod/Training/47204350/47204350_frames/lowres_depth/47204350_15557.341.png,rule,"{""a_concept"": ""chair"", ""b_concept"": ""television"", ""a_centroid_x"": 97.51762755132992, ""b_centroid_x"": 6.3693412846616, ""horizontal_gap_px"": 91.14828626666832, ""image_width"": 256}"
train_000995,47334837/613746.280,47334837,lidar,unknown,train,identify_superlative,farthest_camera,5,"Excluding the walls, floor, and ceiling, what is the most distant visible object in the scene?",,cabinet,object,,ARKitScenes/3dod/Training/47334837/47334837_frames/lowres_wide/47334837_613746.280.png,ARKitScenes/3dod/Training/47334837/47334837_frames/lowres_depth/47334837_613746.280.png,rule,"{""winner_concept"": ""cabinet"", ""winner_object_index"": 0, ""winner_area_frac"": 0.04039196394351575, ""winner_depth_m"": 1.9950000047683716, ""runner_up_concept"": null, ""runner_up_area_frac"": null, ""runner_up_depth_m"": null}"
train_000996,41126779/4614.448,41126779,lidar,unknown,train,relative_depth,closer,5,"Which one is closer, the table or the chair?",,chair,choice,table|chair,ARKitScenes/3dod/Training/41126779/41126779_frames/lowres_wide/41126779_4614.448.png,ARKitScenes/3dod/Training/41126779/41126779_frames/lowres_depth/41126779_4614.448.png,rule,"{""a_concept"": ""table"", ""a_depth_m"": 2.6419999599456787, ""b_concept"": ""chair"", ""b_depth_m"": 2.2639999389648438, ""comparative"": ""closer"", ""answer_concept"": ""chair""}"
train_000997,41254893/159138.234,41254893,lidar,unknown,train,relative_depth,closer,1,"Between the cabinet and the table, which one is closer to the camera?",,table,choice,cabinet|table,ARKitScenes/3dod/Training/41254893/41254893_frames/lowres_wide/41254893_159138.234.png,ARKitScenes/3dod/Training/41254893/41254893_frames/lowres_depth/41254893_159138.234.png,rule,"{""a_concept"": ""cabinet"", ""a_depth_m"": 2.197000026702881, ""b_concept"": ""table"", ""b_depth_m"": 1.8559999465942383, ""comparative"": ""closer"", ""answer_concept"": ""table""}"
train_000998,41126779/4614.448,41126779,lidar,unknown,train,left_right,,5,"From the table, which direction is the stool in, left or right?",,right,choice,left|right,ARKitScenes/3dod/Training/41126779/41126779_frames/lowres_wide/41126779_4614.448.png,ARKitScenes/3dod/Training/41126779/41126779_frames/lowres_depth/41126779_4614.448.png,rule,"{""a_concept"": ""stool"", ""b_concept"": ""table"", ""a_centroid_x"": 227.08013157166496, ""b_centroid_x"": 185.07313322591722, ""horizontal_gap_px"": 42.006998345747746, ""image_width"": 256}"
train_000999,47431190/360336.492,47431190,lidar,unknown,train,relative_depth,farther,4,"Of the shelf and the cabinet, which is farther?",,cabinet,choice,shelf|cabinet,ARKitScenes/3dod/Training/47431190/47431190_frames/lowres_wide/47431190_360336.492.png,ARKitScenes/3dod/Training/47431190/47431190_frames/lowres_depth/47431190_360336.492.png,rule,"{""a_concept"": ""shelf"", ""a_depth_m"": 1.2769999504089355, ""b_concept"": ""cabinet"", ""b_depth_m"": 2.23799991607666, ""comparative"": ""farther"", ""answer_concept"": ""cabinet""}"
train_001000,43649474/14665.053,43649474,lidar,unknown,train,relative_depth,closer,3,"Which object is closer to the camera, the shelf or the table?",,table,choice,shelf|table,ARKitScenes/3dod/Training/43649474/43649474_frames/lowres_wide/43649474_14665.053.png,ARKitScenes/3dod/Training/43649474/43649474_frames/lowres_depth/43649474_14665.053.png,rule,"{""a_concept"": ""shelf"", ""a_depth_m"": 3.3309998512268066, ""b_concept"": ""table"", ""b_depth_m"": 2.250999927520752, ""comparative"": ""closer"", ""answer_concept"": ""table""}"
train_001001,45662829/15185.112,45662829,lidar,unknown,train,identify_superlative,farthest_camera,0,"Not counting the walls, floor, or ceiling, which object is farthest from the camera?",,television,object,,ARKitScenes/3dod/Training/45662829/45662829_frames/lowres_wide/45662829_15185.112.png,ARKitScenes/3dod/Training/45662829/45662829_frames/lowres_depth/45662829_15185.112.png,rule,"{""winner_concept"": ""television"", ""winner_object_index"": 3, ""winner_area_frac"": 0.016848026344145735, ""winner_depth_m"": 2.944999933242798, ""runner_up_concept"": ""chair"", ""runner_up_area_frac"": 0.08104849337591714, ""runner_up_depth_m"": 2.424999952316284}"
train_001002,41126667/1409.576,41126667,lidar,unknown,train,identify_superlative,closest_camera,4,"Not counting the room's walls, floor, or ceiling, which object is closest to us in this image?",,sink,object,,ARKitScenes/3dod/Training/41126667/41126667_frames/lowres_wide/41126667_1409.576.png,ARKitScenes/3dod/Training/41126667/41126667_frames/lowres_depth/41126667_1409.576.png,rule,"{""winner_concept"": ""sink"", ""winner_object_index"": 1, ""winner_area_frac"": 0.38527982394144783, ""winner_depth_m"": 0.8830000162124634, ""runner_up_concept"": null, ""runner_up_area_frac"": null, ""runner_up_depth_m"": null}"
train_001003,47334589/165877.242,47334589,lidar,unknown,train,left_right,,0,Is the sink to the left or to the right of the cabinet?,,right,choice,left|right,ARKitScenes/3dod/Training/47334589/47334589_frames/lowres_wide/47334589_165877.242.png,ARKitScenes/3dod/Training/47334589/47334589_frames/lowres_depth/47334589_165877.242.png,rule,"{""a_concept"": ""sink"", ""b_concept"": ""cabinet"", ""a_centroid_x"": 199.47534737427713, ""b_centroid_x"": 78.35649130665858, ""horizontal_gap_px"": 121.11885606761855, ""image_width"": 256}"
train_001004,47430314/264836.964,47430314,lidar,unknown,train,nearest_object,,4,What is right next to the cabinet?,,stove,object,,ARKitScenes/3dod/Training/47430314/47430314_frames/lowres_wide/47430314_264836.964.png,ARKitScenes/3dod/Training/47430314/47430314_frames/lowres_depth/47430314_264836.964.png,rule,"{""anchor_concept"": ""cabinet"", ""anchor_object_index"": 15, ""answer_concept"": ""stove"", ""answer_object_index"": 17, ""nearest_distance_m"": 0.406, ""second_nearest_distance_m"": 1.18}"
train_001005,47331573/13631.576,47331573,lidar,unknown,train,identify_superlative,farthest_camera,1,"Excluding the walls, floor, and ceiling, what is the most distant object from the camera?",,cabinet,object,,ARKitScenes/3dod/Training/47331573/47331573_frames/lowres_wide/47331573_13631.576.png,ARKitScenes/3dod/Training/47331573/47331573_frames/lowres_depth/47331573_13631.576.png,rule,"{""winner_concept"": ""cabinet"", ""winner_object_index"": 1, ""winner_area_frac"": 0.6205627558525356, ""winner_depth_m"": 0.9100000262260437, ""runner_up_concept"": null, ""runner_up_area_frac"": null, ""runner_up_depth_m"": null}"
train_001006,42444997/45171.659,42444997,lidar,unknown,train,existence,negative,0,Is there a sink in this room?,,no,yes_no,yes|no,ARKitScenes/3dod/Training/42444997/42444997_frames/lowres_wide/42444997_45171.659.png,ARKitScenes/3dod/Training/42444997/42444997_frames/lowres_depth/42444997_45171.659.png,rule,"{""concept"": ""sink"", ""reason"": ""category_or_scene_type_plausible""}"
train_001007,42899532/957242.343,42899532,lidar,unknown,train,existence,negative,0,Is there a cabinet in this room?,,no,yes_no,yes|no,ARKitScenes/3dod/Training/42899532/42899532_frames/lowres_wide/42899532_957242.343.png,ARKitScenes/3dod/Training/42899532/42899532_frames/lowres_depth/42899532_957242.343.png,rule,"{""concept"": ""cabinet"", ""reason"": ""category_or_scene_type_plausible""}"
train_001008,43828520/102861.631,43828520,lidar,unknown,train,existence,negative,4,Is a cabinet present in this scene?,,no,yes_no,yes|no,ARKitScenes/3dod/Training/43828520/43828520_frames/lowres_wide/43828520_102861.631.png,ARKitScenes/3dod/Training/43828520/43828520_frames/lowres_depth/43828520_102861.631.png,rule,"{""concept"": ""cabinet"", ""reason"": ""category_or_scene_type_plausible""}"
train_001009,48018426/395630.620,48018426,lidar,unknown,train,left_right,,5,"From the cabinet, which direction is the table in, left or right?",,right,choice,left|right,ARKitScenes/3dod/Training/48018426/48018426_frames/lowres_wide/48018426_395630.620.png,ARKitScenes/3dod/Training/48018426/48018426_frames/lowres_depth/48018426_395630.620.png,rule,"{""a_concept"": ""table"", ""b_concept"": ""cabinet"", ""a_centroid_x"": 209.32675839266983, ""b_centroid_x"": 182.8731498638987, ""horizontal_gap_px"": 26.453608528771127, ""image_width"": 256}"
train_001010,41159687/46551.966,41159687,lidar,unknown,train,relative_depth,closer,0,"Which is closer to the camera, the table or the stool?",,table,choice,table|stool,ARKitScenes/3dod/Training/41159687/41159687_frames/lowres_wide/41159687_46551.966.png,ARKitScenes/3dod/Training/41159687/41159687_frames/lowres_depth/41159687_46551.966.png,rule,"{""a_concept"": ""table"", ""a_depth_m"": 3.1559998989105225, ""b_concept"": ""stool"", ""b_depth_m"": 5.220000267028809, ""comparative"": ""closer"", ""answer_concept"": ""table""}"
train_001011,47430633/322700.937,47430633,lidar,unknown,train,identify_superlative,farthest_camera,1,"Excluding the walls, floor, and ceiling, what is the most distant object from the camera?",,stool,object,,ARKitScenes/3dod/Training/47430633/47430633_frames/lowres_wide/47430633_322700.937.png,ARKitScenes/3dod/Training/47430633/47430633_frames/lowres_depth/47430633_322700.937.png,rule,"{""winner_concept"": ""stool"", ""winner_object_index"": 6, ""winner_area_frac"": 0.046202794913671935, ""winner_depth_m"": 0.9959999918937683, ""runner_up_concept"": null, ""runner_up_area_frac"": null, ""runner_up_depth_m"": null}"
train_001012,42898977/823333.745,42898977,lidar,unknown,train,identify_superlative,closest_camera,4,"Not counting the room's walls, floor, or ceiling, which object is closest to us in this image?",,bathtub,object,,ARKitScenes/3dod/Training/42898977/42898977_frames/lowres_wide/42898977_823333.745.png,ARKitScenes/3dod/Training/42898977/42898977_frames/lowres_depth/42898977_823333.745.png,rule,"{""winner_concept"": ""bathtub"", ""winner_object_index"": 2, ""winner_area_frac"": 0.08103711565815068, ""winner_depth_m"": 0.7739999890327454, ""runner_up_concept"": null, ""runner_up_area_frac"": null, ""runner_up_depth_m"": null}"
train_001013,41126667/1425.286,41126667,lidar,unknown,train,identify_superlative,closest_camera,2,"Among the furniture and items in the room, not the walls, floor, or ceiling, which is closest to where the picture was taken from?",,toilet,object,,ARKitScenes/3dod/Training/41126667/41126667_frames/lowres_wide/41126667_1425.286.png,ARKitScenes/3dod/Training/41126667/41126667_frames/lowres_depth/41126667_1425.286.png,rule,"{""winner_concept"": ""toilet"", ""winner_object_index"": 0, ""winner_area_frac"": 0.28822441084894346, ""winner_depth_m"": 1.3174999952316284, ""runner_up_concept"": null, ""runner_up_area_frac"": null, ""runner_up_depth_m"": null}"
train_001014,42898350/511477.595,42898350,lidar,unknown,train,identify_superlative,farthest_camera,3,"Ignoring the walls, floor, and ceiling, what object is farthest from the viewer?",,shelf,object,,ARKitScenes/3dod/Training/42898350/42898350_frames/lowres_wide/42898350_511477.595.png,ARKitScenes/3dod/Training/42898350/42898350_frames/lowres_depth/42898350_511477.595.png,rule,"{""winner_concept"": ""shelf"", ""winner_object_index"": 1, ""winner_area_frac"": 0.04614846730653304, ""winner_depth_m"": 1.8240000009536743, ""runner_up_concept"": ""chair"", ""runner_up_area_frac"": 0.26166144261447605, ""runner_up_depth_m"": 1.3880000114440918}"
train_001015,47331536/4457.797,47331536,lidar,unknown,train,relative_depth,farther,0,"Which is farther from the camera, the cabinet or the table?",,table,choice,cabinet|table,ARKitScenes/3dod/Training/47331536/47331536_frames/lowres_wide/47331536_4457.797.png,ARKitScenes/3dod/Training/47331536/47331536_frames/lowres_depth/47331536_4457.797.png,rule,"{""a_concept"": ""cabinet"", ""a_depth_m"": 1.4589999914169312, ""b_concept"": ""table"", ""b_depth_m"": 1.8739999532699585, ""comparative"": ""farther"", ""answer_concept"": ""table""}"
train_001016,47334615/385622.148,47334615,lidar,unknown,train,left_right,,5,"From the table, which direction is the chair in, left or right?",,right,choice,left|right,ARKitScenes/3dod/Training/47334615/47334615_frames/lowres_wide/47334615_385622.148.png,ARKitScenes/3dod/Training/47334615/47334615_frames/lowres_depth/47334615_385622.148.png,rule,"{""a_concept"": ""chair"", ""b_concept"": ""table"", ""a_centroid_x"": 206.91535840935808, ""b_centroid_x"": 12.82150653525615, ""horizontal_gap_px"": 194.09385187410192, ""image_width"": 256}"
train_001017,42899875/1023069.683,42899875,lidar,unknown,train,existence,positive,0,Is there a cabinet in this room?,,yes,yes_no,yes|no,ARKitScenes/3dod/Training/42899875/42899875_frames/lowres_wide/42899875_1023069.683.png,ARKitScenes/3dod/Training/42899875/42899875_frames/lowres_depth/42899875_1023069.683.png,rule,"{""concept"": ""cabinet"", ""object_index"": 3, ""area_frac"": 0.15245609497536575}"
train_001018,42899799/252807.476,42899799,lidar,unknown,train,relative_depth,closer,5,"Which one is closer, the bathtub or the sink?",,sink,choice,bathtub|sink,ARKitScenes/3dod/Training/42899799/42899799_frames/lowres_wide/42899799_252807.476.png,ARKitScenes/3dod/Training/42899799/42899799_frames/lowres_depth/42899799_252807.476.png,rule,"{""a_concept"": ""bathtub"", ""a_depth_m"": 1.1670000553131104, ""b_concept"": ""sink"", ""b_depth_m"": 0.8230000138282776, ""comparative"": ""closer"", ""answer_concept"": ""sink""}"
train_001019,42446017/134613.223,42446017,lidar,unknown,train,identify_superlative,closest_camera,2,"Among the furniture and items in the room, not the walls, floor, or ceiling, which is closest to where the picture was taken from?",,cabinet,object,,ARKitScenes/3dod/Training/42446017/42446017_frames/lowres_wide/42446017_134613.223.png,ARKitScenes/3dod/Training/42446017/42446017_frames/lowres_depth/42446017_134613.223.png,rule,"{""winner_concept"": ""cabinet"", ""winner_object_index"": 0, ""winner_area_frac"": 0.42264020407570896, ""winner_depth_m"": 0.9150000214576721, ""runner_up_concept"": null, ""runner_up_area_frac"": null, ""runner_up_depth_m"": null}"
train_001020,45260951/6112.315,45260951,lidar,unknown,train,existence,positive,1,Do you see a cabinet here?,,yes,yes_no,yes|no,ARKitScenes/3dod/Training/45260951/45260951_frames/lowres_wide/45260951_6112.315.png,ARKitScenes/3dod/Training/45260951/45260951_frames/lowres_depth/45260951_6112.315.png,rule,"{""concept"": ""cabinet"", ""object_index"": 7, ""area_frac"": 0.4542689537480526}"
train_001021,47331273/12887.163,47331273,lidar,unknown,train,left_right,,2,"Looking at the chair, is the shelf positioned on its left or right?",,left,choice,left|right,ARKitScenes/3dod/Training/47331273/47331273_frames/lowres_wide/47331273_12887.163.png,ARKitScenes/3dod/Training/47331273/47331273_frames/lowres_depth/47331273_12887.163.png,rule,"{""a_concept"": ""shelf"", ""b_concept"": ""chair"", ""a_centroid_x"": 110.6199368979047, ""b_centroid_x"": 165.79301729342794, ""horizontal_gap_px"": 55.17308039552324, ""image_width"": 256}"
train_001022,47430452/2012.464,47430452,lidar,unknown,train,existence,positive,4,Is a cabinet present in this scene?,,yes,yes_no,yes|no,ARKitScenes/3dod/Training/47430452/47430452_frames/lowres_wide/47430452_2012.464.png,ARKitScenes/3dod/Training/47430452/47430452_frames/lowres_depth/47430452_2012.464.png,rule,"{""concept"": ""cabinet"", ""object_index"": 2, ""area_frac"": 0.47359438833607087}"
train_001023,48018291/800071.025,48018291,lidar,unknown,train,nearest_object,,2,What sits closest to the cabinet?,,sink,object,,ARKitScenes/3dod/Training/48018291/48018291_frames/lowres_wide/48018291_800071.025.png,ARKitScenes/3dod/Training/48018291/48018291_frames/lowres_depth/48018291_800071.025.png,rule,"{""anchor_concept"": ""cabinet"", ""anchor_object_index"": 2, ""answer_concept"": ""sink"", ""answer_object_index"": 3, ""nearest_distance_m"": 0.315, ""second_nearest_distance_m"": 0.731}"
train_001024,44358631/1374.575,44358631,lidar,unknown,train,left_right,,1,"Relative to the fireplace, is the television on the left or the right?",,left,choice,left|right,ARKitScenes/3dod/Training/44358631/44358631_frames/lowres_wide/44358631_1374.575.png,ARKitScenes/3dod/Training/44358631/44358631_frames/lowres_depth/44358631_1374.575.png,rule,"{""a_concept"": ""television"", ""b_concept"": ""fireplace"", ""a_centroid_x"": 166.17354802060882, ""b_centroid_x"": 230.54756482849749, ""horizontal_gap_px"": 64.37401680788867, ""image_width"": 256}"
train_001025,47331220/282469.933,47331220,lidar,unknown,train,nearest_object,,1,Which object is nearest to the table?,,stool,object,,ARKitScenes/3dod/Training/47331220/47331220_frames/lowres_wide/47331220_282469.933.png,ARKitScenes/3dod/Training/47331220/47331220_frames/lowres_depth/47331220_282469.933.png,rule,"{""anchor_concept"": ""table"", ""anchor_object_index"": 15, ""answer_concept"": ""stool"", ""answer_object_index"": 17, ""nearest_distance_m"": 0.114, ""second_nearest_distance_m"": 0.403}"
train_001026,47333698/48422.147,47333698,lidar,unknown,train,relative_depth,closer,2,Is the cabinet or the shelf closer to the camera?,,cabinet,choice,cabinet|shelf,ARKitScenes/3dod/Training/47333698/47333698_frames/lowres_wide/47333698_48422.147.png,ARKitScenes/3dod/Training/47333698/47333698_frames/lowres_depth/47333698_48422.147.png,rule,"{""a_concept"": ""shelf"", ""a_depth_m"": 2.9719998836517334, ""b_concept"": ""cabinet"", ""b_depth_m"": 2.2809998989105225, ""comparative"": ""closer"", ""answer_concept"": ""cabinet""}"
train_001027,42446068/80667.683,42446068,lidar,unknown,train,identify_superlative,farthest_camera,4,"Not counting the room's walls, floor, or ceiling, which object is farthest away in this image?",,television,object,,ARKitScenes/3dod/Training/42446068/42446068_frames/lowres_wide/42446068_80667.683.png,ARKitScenes/3dod/Training/42446068/42446068_frames/lowres_depth/42446068_80667.683.png,rule,"{""winner_concept"": ""television"", ""winner_object_index"": 5, ""winner_area_frac"": 0.07727386870767626, ""winner_depth_m"": 1.2369999885559082, ""runner_up_concept"": null, ""runner_up_area_frac"": null, ""runner_up_depth_m"": null}"
train_001028,47332454/883542.227,47332454,lidar,unknown,train,nearest_object,,0,What is the closest object to the cabinet?,,table,object,,ARKitScenes/3dod/Training/47332454/47332454_frames/lowres_wide/47332454_883542.227.png,ARKitScenes/3dod/Training/47332454/47332454_frames/lowres_depth/47332454_883542.227.png,rule,"{""anchor_concept"": ""cabinet"", ""anchor_object_index"": 3, ""answer_concept"": ""table"", ""answer_object_index"": 4, ""nearest_distance_m"": 0.302, ""second_nearest_distance_m"": 0.811}"
train_001029,42898655/572864.461,42898655,lidar,unknown,train,identify_superlative,farthest_camera,4,"Not counting the room's walls, floor, or ceiling, which object is farthest away in this image?",,cabinet,object,,ARKitScenes/3dod/Training/42898655/42898655_frames/lowres_wide/42898655_572864.461.png,ARKitScenes/3dod/Training/42898655/42898655_frames/lowres_depth/42898655_572864.461.png,rule,"{""winner_concept"": ""cabinet"", ""winner_object_index"": 4, ""winner_area_frac"": 0.00867790631940252, ""winner_depth_m"": 2.265000104904175, ""runner_up_concept"": ""table"", ""runner_up_area_frac"": 0.6020679616590666, ""runner_up_depth_m"": 1.3389999866485596}"
train_001030,47669880/11201.215,47669880,lidar,unknown,train,relative_depth,closer,5,"Which one is closer, the table or the refrigerator?",,refrigerator,choice,table|refrigerator,ARKitScenes/3dod/Training/47669880/47669880_frames/lowres_wide/47669880_11201.215.png,ARKitScenes/3dod/Training/47669880/47669880_frames/lowres_depth/47669880_11201.215.png,rule,"{""a_concept"": ""refrigerator"", ""a_depth_m"": 2.947000026702881, ""b_concept"": ""table"", ""b_depth_m"": 5.894000053405762, ""comparative"": ""closer"", ""answer_concept"": ""refrigerator""}"
train_001031,41126744/3004.010,41126744,lidar,unknown,train,left_right,,3,Is the sink on the left side or the right side of the toilet?,,left,choice,left|right,ARKitScenes/3dod/Training/41126744/41126744_frames/lowres_wide/41126744_3004.010.png,ARKitScenes/3dod/Training/41126744/41126744_frames/lowres_depth/41126744_3004.010.png,rule,"{""a_concept"": ""sink"", ""b_concept"": ""toilet"", ""a_centroid_x"": 89.78098081939652, ""b_centroid_x"": 209.04514154949004, ""horizontal_gap_px"": 119.26416073009352, ""image_width"": 256}"
train_001032,42445938/79494.383,42445938,lidar,unknown,train,existence,positive,2,Does this room contain a cabinet?,,yes,yes_no,yes|no,ARKitScenes/3dod/Training/42445938/42445938_frames/lowres_wide/42445938_79494.383.png,ARKitScenes/3dod/Training/42445938/42445938_frames/lowres_depth/42445938_79494.383.png,rule,"{""concept"": ""cabinet"", ""object_index"": 17, ""area_frac"": 0.07237034660949884}"
train_001033,47334868/620635.539,47334868,lidar,unknown,train,nearest_object,,4,What is right next to the oven?,,dishwasher,object,,ARKitScenes/3dod/Training/47334868/47334868_frames/lowres_wide/47334868_620635.539.png,ARKitScenes/3dod/Training/47334868/47334868_frames/lowres_depth/47334868_620635.539.png,rule,"{""anchor_concept"": ""oven"", ""anchor_object_index"": 4, ""answer_concept"": ""dishwasher"", ""answer_object_index"": 3, ""nearest_distance_m"": 0.332, ""second_nearest_distance_m"": 0.568}"
train_001034,43828520/102887.504,43828520,lidar,unknown,train,identify_superlative,closest_camera,1,"Excluding the walls, floor, and ceiling, what is the nearest object to the camera?",,sofa,object,,ARKitScenes/3dod/Training/43828520/43828520_frames/lowres_wide/43828520_102887.504.png,ARKitScenes/3dod/Training/43828520/43828520_frames/lowres_depth/43828520_102887.504.png,rule,"{""winner_concept"": ""sofa"", ""winner_object_index"": 5, ""winner_area_frac"": 0.24519697245882643, ""winner_depth_m"": 2.131999969482422, ""runner_up_concept"": ""chair"", ""runner_up_area_frac"": 0.023281731531404146, ""runner_up_depth_m"": 4.284999847412109}"
train_001035,47333624/77102.385,47333624,lidar,unknown,train,existence,positive,5,Is there any chair visible in the image?,,yes,yes_no,yes|no,ARKitScenes/3dod/Training/47333624/47333624_frames/lowres_wide/47333624_77102.385.png,ARKitScenes/3dod/Training/47333624/47333624_frames/lowres_depth/47333624_77102.385.png,rule,"{""concept"": ""chair"", ""object_index"": 9, ""area_frac"": 0.11046354608216628}"
train_001036,43896223/4938.817,43896223,lidar,unknown,train,identify_superlative,farthest_camera,3,"Ignoring the walls, floor, and ceiling, what object is farthest from the viewer?",,stool,object,,ARKitScenes/3dod/Training/43896223/43896223_frames/lowres_wide/43896223_4938.817.png,ARKitScenes/3dod/Training/43896223/43896223_frames/lowres_depth/43896223_4938.817.png,rule,"{""winner_concept"": ""stool"", ""winner_object_index"": 5, ""winner_area_frac"": 0.020605396299130548, ""winner_depth_m"": 2.078000068664551, ""runner_up_concept"": ""bathtub"", ""runner_up_area_frac"": 0.05509272650683201, ""runner_up_depth_m"": 1.5504999160766602}"
train_001037,45261507/43483.545,45261507,lidar,unknown,train,relative_depth,closer,0,"Which is closer to the camera, the television or the chair?",,chair,choice,television|chair,ARKitScenes/3dod/Training/45261507/45261507_frames/lowres_wide/45261507_43483.545.png,ARKitScenes/3dod/Training/45261507/45261507_frames/lowres_depth/45261507_43483.545.png,rule,"{""a_concept"": ""chair"", ""a_depth_m"": 1.0479999780654907, ""b_concept"": ""television"", ""b_depth_m"": 1.593000054359436, ""comparative"": ""closer"", ""answer_concept"": ""chair""}"
train_001038,43828162/74504.238,43828162,lidar,unknown,train,relative_depth,closer,0,"Which is closer to the camera, the shelf or the table?",,table,choice,shelf|table,ARKitScenes/3dod/Training/43828162/43828162_frames/lowres_wide/43828162_74504.238.png,ARKitScenes/3dod/Training/43828162/43828162_frames/lowres_depth/43828162_74504.238.png,rule,"{""a_concept"": ""table"", ""a_depth_m"": 2.4570000171661377, ""b_concept"": ""shelf"", ""b_depth_m"": 3.8940000534057617, ""comparative"": ""closer"", ""answer_concept"": ""table""}"
train_001039,47333846/74842.046,47333846,lidar,unknown,train,relative_depth,closer,1,"Between the sofa and the stool, which one is closer to the camera?",,stool,choice,sofa|stool,ARKitScenes/3dod/Training/47333846/47333846_frames/lowres_wide/47333846_74842.046.png,ARKitScenes/3dod/Training/47333846/47333846_frames/lowres_depth/47333846_74842.046.png,rule,"{""a_concept"": ""sofa"", ""a_depth_m"": 2.2300000190734863, ""b_concept"": ""stool"", ""b_depth_m"": 1.4359999895095825, ""comparative"": ""closer"", ""answer_concept"": ""stool""}"
train_001040,42444997/45186.770,42444997,lidar,unknown,train,relative_depth,farther,0,"Which is farther from the camera, the fireplace or the table?",,table,choice,fireplace|table,ARKitScenes/3dod/Training/42444997/42444997_frames/lowres_wide/42444997_45186.770.png,ARKitScenes/3dod/Training/42444997/42444997_frames/lowres_depth/42444997_45186.770.png,rule,"{""a_concept"": ""fireplace"", ""a_depth_m"": 1.7769999504089355, ""b_concept"": ""table"", ""b_depth_m"": 2.678999900817871, ""comparative"": ""farther"", ""answer_concept"": ""table""}"
train_001041,47115260/115070.790,47115260,lidar,unknown,train,identify_superlative,farthest_camera,3,"Ignoring the walls, floor, and ceiling, what object is farthest from the viewer?",,chair,object,,ARKitScenes/3dod/Training/47115260/47115260_frames/lowres_wide/47115260_115070.790.png,ARKitScenes/3dod/Training/47115260/47115260_frames/lowres_depth/47115260_115070.790.png,rule,"{""winner_concept"": ""chair"", ""winner_object_index"": 5, ""winner_area_frac"": 0.5258660239654449, ""winner_depth_m"": 1.0399999618530273, ""runner_up_concept"": null, ""runner_up_area_frac"": null, ""runner_up_depth_m"": null}"
train_001042,47204680/13293.399,47204680,lidar,unknown,train,left_right,,0,Is the cabinet to the left or to the right of the toilet?,,left,choice,left|right,ARKitScenes/3dod/Training/47204680/47204680_frames/lowres_wide/47204680_13293.399.png,ARKitScenes/3dod/Training/47204680/47204680_frames/lowres_depth/47204680_13293.399.png,rule,"{""a_concept"": ""cabinet"", ""b_concept"": ""toilet"", ""a_centroid_x"": 164.23967920753836, ""b_centroid_x"": 247.32630734968802, ""horizontal_gap_px"": 83.08662814214966, ""image_width"": 256}"
train_001043,47332177/262499.330,47332177,lidar,unknown,train,relative_depth,farther,3,"Which object is farther from the camera, the shelf or the table?",,shelf,choice,shelf|table,ARKitScenes/3dod/Training/47332177/47332177_frames/lowres_wide/47332177_262499.330.png,ARKitScenes/3dod/Training/47332177/47332177_frames/lowres_depth/47332177_262499.330.png,rule,"{""a_concept"": ""shelf"", ""a_depth_m"": 2.433000087738037, ""b_concept"": ""table"", ""b_depth_m"": 0.7699999809265137, ""comparative"": ""farther"", ""answer_concept"": ""shelf""}"
train_001044,40958756/1639.077,40958756,lidar,unknown,train,left_right,,0,Is the toilet to the left or to the right of the sink?,,right,choice,left|right,ARKitScenes/3dod/Training/40958756/40958756_frames/lowres_wide/40958756_1639.077.png,ARKitScenes/3dod/Training/40958756/40958756_frames/lowres_depth/40958756_1639.077.png,rule,"{""a_concept"": ""toilet"", ""b_concept"": ""sink"", ""a_centroid_x"": 242.59949839062688, ""b_centroid_x"": 175.51073011808933, ""horizontal_gap_px"": 67.08876827253755, ""image_width"": 256}"
train_001045,47895320/92475.111,47895320,lidar,unknown,train,relative_depth,farther,0,"Which is farther from the camera, the table or the stool?",,table,choice,table|stool,ARKitScenes/3dod/Training/47895320/47895320_frames/lowres_wide/47895320_92475.111.png,ARKitScenes/3dod/Training/47895320/47895320_frames/lowres_depth/47895320_92475.111.png,rule,"{""a_concept"": ""table"", ""a_depth_m"": 1.7230000495910645, ""b_concept"": ""stool"", ""b_depth_m"": 1.0490000247955322, ""comparative"": ""farther"", ""answer_concept"": ""table""}"
train_001046,42898160/143122.878,42898160,lidar,unknown,train,existence,negative,5,Is there any cabinet visible in the image?,,no,yes_no,yes|no,ARKitScenes/3dod/Training/42898160/42898160_frames/lowres_wide/42898160_143122.878.png,ARKitScenes/3dod/Training/42898160/42898160_frames/lowres_depth/42898160_143122.878.png,rule,"{""concept"": ""cabinet"", ""reason"": ""category_or_scene_type_plausible""}"
train_001047,45261089/431.173,45261089,lidar,unknown,train,identify_superlative,farthest_camera,4,"Not counting the room's walls, floor, or ceiling, which object is farthest away in this image?",,shelf,object,,ARKitScenes/3dod/Training/45261089/45261089_frames/lowres_wide/45261089_431.173.png,ARKitScenes/3dod/Training/45261089/45261089_frames/lowres_depth/45261089_431.173.png,rule,"{""winner_concept"": ""shelf"", ""winner_object_index"": 6, ""winner_area_frac"": 0.33639349962456255, ""winner_depth_m"": 1.5240000486373901, ""runner_up_concept"": null, ""runner_up_area_frac"": null, ""runner_up_depth_m"": null}"
train_001048,42897600/135632.536,42897600,lidar,unknown,train,identify_superlative,farthest_camera,2,"Among the furniture and items in the room, not the walls, floor, or ceiling, which is farthest from where the picture was taken?",,sofa,object,,ARKitScenes/3dod/Training/42897600/42897600_frames/lowres_wide/42897600_135632.536.png,ARKitScenes/3dod/Training/42897600/42897600_frames/lowres_depth/42897600_135632.536.png,rule,"{""winner_concept"": ""sofa"", ""winner_object_index"": 11, ""winner_area_frac"": 0.29567450550758156, ""winner_depth_m"": 2.8450000286102295, ""runner_up_concept"": ""sofa"", ""runner_up_area_frac"": 0.07707165311201003, ""runner_up_depth_m"": 2.236999988555908}"
train_001049,43649609/36555.832,43649609,lidar,unknown,train,identify_superlative,closest_camera,3,"Ignoring the walls, floor, and ceiling, what object is nearest the viewer?",,television,object,,ARKitScenes/3dod/Training/43649609/43649609_frames/lowres_wide/43649609_36555.832.png,ARKitScenes/3dod/Training/43649609/43649609_frames/lowres_depth/43649609_36555.832.png,rule,"{""winner_concept"": ""television"", ""winner_object_index"": 7, ""winner_area_frac"": 0.0298012428309764, ""winner_depth_m"": 1.6449999809265137, ""runner_up_concept"": null, ""runner_up_area_frac"": null, ""runner_up_depth_m"": null}"
train_001050,41126779/4614.448,41126779,lidar,unknown,train,nearest_object,,2,What sits closest to the chair?,,stool,object,,ARKitScenes/3dod/Training/41126779/41126779_frames/lowres_wide/41126779_4614.448.png,ARKitScenes/3dod/Training/41126779/41126779_frames/lowres_depth/41126779_4614.448.png,rule,"{""anchor_concept"": ""chair"", ""anchor_object_index"": 20, ""answer_concept"": ""stool"", ""answer_object_index"": 17, ""nearest_distance_m"": 0.731, ""second_nearest_distance_m"": 1.95}"
train_001051,47669880/11201.215,47669880,lidar,unknown,train,nearest_object,,4,What is right next to the cabinet?,,refrigerator,object,,ARKitScenes/3dod/Training/47669880/47669880_frames/lowres_wide/47669880_11201.215.png,ARKitScenes/3dod/Training/47669880/47669880_frames/lowres_depth/47669880_11201.215.png,rule,"{""anchor_concept"": ""cabinet"", ""anchor_object_index"": 21, ""answer_concept"": ""refrigerator"", ""answer_object_index"": 22, ""nearest_distance_m"": 0.415, ""second_nearest_distance_m"": 3.092}"
train_001052,47204786/27303.198,47204786,lidar,unknown,train,nearest_object,,5,Which object is closest in distance to the stool?,,shelf,object,,ARKitScenes/3dod/Training/47204786/47204786_frames/lowres_wide/47204786_27303.198.png,ARKitScenes/3dod/Training/47204786/47204786_frames/lowres_depth/47204786_27303.198.png,rule,"{""anchor_concept"": ""stool"", ""anchor_object_index"": 6, ""answer_concept"": ""shelf"", ""answer_object_index"": 4, ""nearest_distance_m"": 0.402, ""second_nearest_distance_m"": 1.093}"
train_001053,45261066/14485.317,45261066,lidar,unknown,train,relative_depth,farther,2,Is the television or the sofa farther from the camera?,,sofa,choice,television|sofa,ARKitScenes/3dod/Training/45261066/45261066_frames/lowres_wide/45261066_14485.317.png,ARKitScenes/3dod/Training/45261066/45261066_frames/lowres_depth/45261066_14485.317.png,rule,"{""a_concept"": ""television"", ""a_depth_m"": 2.9489998817443848, ""b_concept"": ""sofa"", ""b_depth_m"": 3.8259999752044678, ""comparative"": ""farther"", ""answer_concept"": ""sofa""}"
train_001054,44358631/1362.763,44358631,lidar,unknown,train,existence,negative,2,Does this room contain a cabinet?,,no,yes_no,yes|no,ARKitScenes/3dod/Training/44358631/44358631_frames/lowres_wide/44358631_1362.763.png,ARKitScenes/3dod/Training/44358631/44358631_frames/lowres_depth/44358631_1362.763.png,rule,"{""concept"": ""cabinet"", ""reason"": ""category_or_scene_type_plausible""}"
train_001055,47332384/398616.946,47332384,lidar,unknown,train,identify_superlative,farthest_camera,5,"Excluding the walls, floor, and ceiling, what is the most distant visible object in the scene?",,television,object,,ARKitScenes/3dod/Training/47332384/47332384_frames/lowres_wide/47332384_398616.946.png,ARKitScenes/3dod/Training/47332384/47332384_frames/lowres_depth/47332384_398616.946.png,rule,"{""winner_concept"": ""television"", ""winner_object_index"": 7, ""winner_area_frac"": 0.3454715031139836, ""winner_depth_m"": 0.9670000076293945, ""runner_up_concept"": null, ""runner_up_area_frac"": null, ""runner_up_depth_m"": null}"
train_001056,43896330/8930.976,43896330,lidar,unknown,train,relative_depth,farther,4,"Of the stove and the television, which is farther?",,television,choice,stove|television,ARKitScenes/3dod/Training/43896330/43896330_frames/lowres_wide/43896330_8930.976.png,ARKitScenes/3dod/Training/43896330/43896330_frames/lowres_depth/43896330_8930.976.png,rule,"{""a_concept"": ""television"", ""a_depth_m"": 3.9639999866485596, ""b_concept"": ""stove"", ""b_depth_m"": 2.9100000858306885, ""comparative"": ""farther"", ""answer_concept"": ""television""}"
train_001057,47895476/132657.439,47895476,lidar,unknown,train,existence,positive,3,Can you spot a cabinet in the picture?,,yes,yes_no,yes|no,ARKitScenes/3dod/Training/47895476/47895476_frames/lowres_wide/47895476_132657.439.png,ARKitScenes/3dod/Training/47895476/47895476_frames/lowres_depth/47895476_132657.439.png,rule,"{""concept"": ""cabinet"", ""object_index"": 22, ""area_frac"": 0.05526320269302299}"
train_001058,43828272/84540.197,43828272,lidar,unknown,train,nearest_object,,2,What sits closest to the shelf?,,chair,object,,ARKitScenes/3dod/Training/43828272/43828272_frames/lowres_wide/43828272_84540.197.png,ARKitScenes/3dod/Training/43828272/43828272_frames/lowres_depth/43828272_84540.197.png,rule,"{""anchor_concept"": ""shelf"", ""anchor_object_index"": 2, ""answer_concept"": ""chair"", ""answer_object_index"": 16, ""nearest_distance_m"": 1.091, ""second_nearest_distance_m"": 2.869}"
train_001059,42898089/129487.896,42898089,lidar,unknown,train,relative_depth,closer,0,"Which is closer to the camera, the sofa or the television?",,television,choice,sofa|television,ARKitScenes/3dod/Training/42898089/42898089_frames/lowres_wide/42898089_129487.896.png,ARKitScenes/3dod/Training/42898089/42898089_frames/lowres_depth/42898089_129487.896.png,rule,"{""a_concept"": ""television"", ""a_depth_m"": 1.909000039100647, ""b_concept"": ""sofa"", ""b_depth_m"": 2.5460000038146973, ""comparative"": ""closer"", ""answer_concept"": ""television""}"
train_001060,47431138/351192.088,47431138,lidar,unknown,train,identify_superlative,closest_camera,2,"Among the furniture and items in the room, not the walls, floor, or ceiling, which is closest to where the picture was taken from?",,cabinet,object,,ARKitScenes/3dod/Training/47431138/47431138_frames/lowres_wide/47431138_351192.088.png,ARKitScenes/3dod/Training/47431138/47431138_frames/lowres_depth/47431138_351192.088.png,rule,"{""winner_concept"": ""cabinet"", ""winner_object_index"": 4, ""winner_area_frac"": 0.12478770457446137, ""winner_depth_m"": 1.9830000400543213, ""runner_up_concept"": null, ""runner_up_area_frac"": null, ""runner_up_depth_m"": null}"
train_001061,43828272/84450.017,43828272,lidar,unknown,train,relative_depth,farther,0,"Which is farther from the camera, the shelf or the chair?",,shelf,choice,shelf|chair,ARKitScenes/3dod/Training/43828272/43828272_frames/lowres_wide/43828272_84450.017.png,ARKitScenes/3dod/Training/43828272/43828272_frames/lowres_depth/43828272_84450.017.png,rule,"{""a_concept"": ""shelf"", ""a_depth_m"": 3.888000011444092, ""b_concept"": ""chair"", ""b_depth_m"": 3.0950000286102295, ""comparative"": ""farther"", ""answer_concept"": ""shelf""}"
train_001062,47204275/12628.487,47204275,lidar,unknown,train,left_right,,0,Is the toilet to the left or to the right of the sink?,,left,choice,left|right,ARKitScenes/3dod/Training/47204275/47204275_frames/lowres_wide/47204275_12628.487.png,ARKitScenes/3dod/Training/47204275/47204275_frames/lowres_depth/47204275_12628.487.png,rule,"{""a_concept"": ""toilet"", ""b_concept"": ""sink"", ""a_centroid_x"": 94.02488403495327, ""b_centroid_x"": 130.13556330855542, ""horizontal_gap_px"": 36.110679273602145, ""image_width"": 256}"
train_001063,45663397/95089.825,45663397,lidar,unknown,train,nearest_object,,0,What is the closest object to the sofa?,,table,object,,ARKitScenes/3dod/Training/45663397/45663397_frames/lowres_wide/45663397_95089.825.png,ARKitScenes/3dod/Training/45663397/45663397_frames/lowres_depth/45663397_95089.825.png,rule,"{""anchor_concept"": ""sofa"", ""anchor_object_index"": 3, ""answer_concept"": ""table"", ""answer_object_index"": 2, ""nearest_distance_m"": 0.624, ""second_nearest_distance_m"": 0.932}"
train_001064,47334311/66140.726,47334311,lidar,unknown,train,existence,positive,2,Does this room contain a cabinet?,,yes,yes_no,yes|no,ARKitScenes/3dod/Training/47334311/47334311_frames/lowres_wide/47334311_66140.726.png,ARKitScenes/3dod/Training/47334311/47334311_frames/lowres_depth/47334311_66140.726.png,rule,"{""concept"": ""cabinet"", ""object_index"": 4, ""area_frac"": 0.08170903203898372}"
train_001065,43896223/4949.913,43896223,lidar,unknown,train,relative_depth,closer,3,"Which object is closer to the camera, the bathtub or the toilet?",,bathtub,choice,bathtub|toilet,ARKitScenes/3dod/Training/43896223/43896223_frames/lowres_wide/43896223_4949.913.png,ARKitScenes/3dod/Training/43896223/43896223_frames/lowres_depth/43896223_4949.913.png,rule,"{""a_concept"": ""bathtub"", ""a_depth_m"": 1.1670000553131104, ""b_concept"": ""toilet"", ""b_depth_m"": 1.7029999494552612, ""comparative"": ""closer"", ""answer_concept"": ""bathtub""}"
train_001066,48018697/544898.965,48018697,lidar,unknown,train,nearest_object,,1,Which object is nearest to the table?,,sofa,object,,ARKitScenes/3dod/Training/48018697/48018697_frames/lowres_wide/48018697_544898.965.png,ARKitScenes/3dod/Training/48018697/48018697_frames/lowres_depth/48018697_544898.965.png,rule,"{""anchor_concept"": ""table"", ""anchor_object_index"": 22, ""answer_concept"": ""sofa"", ""answer_object_index"": 21, ""nearest_distance_m"": 0.982, ""second_nearest_distance_m"": 1.518}"
train_001067,43896038/130010.161,43896038,lidar,unknown,train,existence,positive,3,Can you spot a bathtub in the picture?,,yes,yes_no,yes|no,ARKitScenes/3dod/Training/43896038/43896038_frames/lowres_wide/43896038_130010.161.png,ARKitScenes/3dod/Training/43896038/43896038_frames/lowres_depth/43896038_130010.161.png,rule,"{""concept"": ""bathtub"", ""object_index"": 0, ""area_frac"": 0.016099368616412684}"
train_001068,48017892/80801.174,48017892,lidar,unknown,train,existence,positive,0,Is there a cabinet in this room?,,yes,yes_no,yes|no,ARKitScenes/3dod/Training/48017892/48017892_frames/lowres_wide/48017892_80801.174.png,ARKitScenes/3dod/Training/48017892/48017892_frames/lowres_depth/48017892_80801.174.png,rule,"{""concept"": ""cabinet"", ""object_index"": 0, ""area_frac"": 0.018721252839857074}"
train_001069,48017887/80063.517,48017887,lidar,unknown,train,relative_depth,closer,4,"Of the chair and the cabinet, which is closer?",,cabinet,choice,chair|cabinet,ARKitScenes/3dod/Training/48017887/48017887_frames/lowres_wide/48017887_80063.517.png,ARKitScenes/3dod/Training/48017887/48017887_frames/lowres_depth/48017887_80063.517.png,rule,"{""a_concept"": ""cabinet"", ""a_depth_m"": 1.2489999532699585, ""b_concept"": ""chair"", ""b_depth_m"": 1.7309999465942383, ""comparative"": ""closer"", ""answer_concept"": ""cabinet""}"
train_001070,44358250/6023.764,44358250,lidar,unknown,train,left_right,,2,"Looking at the cabinet, is the stool positioned on its left or right?",,left,choice,left|right,ARKitScenes/3dod/Training/44358250/44358250_frames/lowres_wide/44358250_6023.764.png,ARKitScenes/3dod/Training/44358250/44358250_frames/lowres_depth/44358250_6023.764.png,rule,"{""a_concept"": ""stool"", ""b_concept"": ""cabinet"", ""a_centroid_x"": 116.56366242133382, ""b_centroid_x"": 222.75831090581875, ""horizontal_gap_px"": 106.19464848448493, ""image_width"": 256}"
train_001071,43649451/12739.355,43649451,lidar,unknown,train,relative_depth,farther,1,"Between the fireplace and the sink, which one is farther from the camera?",,fireplace,choice,fireplace|sink,ARKitScenes/3dod/Training/43649451/43649451_frames/lowres_wide/43649451_12739.355.png,ARKitScenes/3dod/Training/43649451/43649451_frames/lowres_depth/43649451_12739.355.png,rule,"{""a_concept"": ""fireplace"", ""a_depth_m"": 4.041999816894531, ""b_concept"": ""sink"", ""b_depth_m"": 1.1670000553131104, ""comparative"": ""farther"", ""answer_concept"": ""fireplace""}"
train_001072,47331294/14786.773,47331294,lidar,unknown,train,left_right,,4,"Which side of the cabinet is the chair on, left or right?",,right,choice,left|right,ARKitScenes/3dod/Training/47331294/47331294_frames/lowres_wide/47331294_14786.773.png,ARKitScenes/3dod/Training/47331294/47331294_frames/lowres_depth/47331294_14786.773.png,rule,"{""a_concept"": ""chair"", ""b_concept"": ""cabinet"", ""a_centroid_x"": 68.04110576801202, ""b_centroid_x"": 4.020023153433912, ""horizontal_gap_px"": 64.0210826145781, ""image_width"": 256}"
train_001073,48458301/77378.441,48458301,lidar,unknown,train,left_right,,1,"Relative to the television, is the cabinet on the left or the right?",,right,choice,left|right,ARKitScenes/3dod/Training/48458301/48458301_frames/lowres_wide/48458301_77378.441.png,ARKitScenes/3dod/Training/48458301/48458301_frames/lowres_depth/48458301_77378.441.png,rule,"{""a_concept"": ""cabinet"", ""b_concept"": ""television"", ""a_centroid_x"": 188.82799950658253, ""b_centroid_x"": 93.20819684982061, ""horizontal_gap_px"": 95.61980265676192, ""image_width"": 256}"
train_001074,45261066/14492.431,45261066,lidar,unknown,train,relative_depth,farther,2,Is the sofa or the cabinet farther from the camera?,,cabinet,choice,sofa|cabinet,ARKitScenes/3dod/Training/45261066/45261066_frames/lowres_wide/45261066_14492.431.png,ARKitScenes/3dod/Training/45261066/45261066_frames/lowres_depth/45261066_14492.431.png,rule,"{""a_concept"": ""sofa"", ""a_depth_m"": 1.6660000085830688, ""b_concept"": ""cabinet"", ""b_depth_m"": 2.2070000171661377, ""comparative"": ""farther"", ""answer_concept"": ""cabinet""}"
train_001075,40958756/1643.175,40958756,lidar,unknown,train,left_right,,1,"Relative to the sink, is the toilet on the left or the right?",,right,choice,left|right,ARKitScenes/3dod/Training/40958756/40958756_frames/lowres_wide/40958756_1643.175.png,ARKitScenes/3dod/Training/40958756/40958756_frames/lowres_depth/40958756_1643.175.png,rule,"{""a_concept"": ""toilet"", ""b_concept"": ""sink"", ""a_centroid_x"": 201.99900220471181, ""b_centroid_x"": 78.34931885177527, ""horizontal_gap_px"": 123.64968335293655, ""image_width"": 256}"
train_001076,42899358/716447.099,42899358,lidar,unknown,train,relative_depth,closer,3,"Which object is closer to the camera, the bed or the cabinet?",,bed,choice,bed|cabinet,ARKitScenes/3dod/Training/42899358/42899358_frames/lowres_wide/42899358_716447.099.png,ARKitScenes/3dod/Training/42899358/42899358_frames/lowres_depth/42899358_716447.099.png,rule,"{""a_concept"": ""bed"", ""a_depth_m"": 1.5820000171661377, ""b_concept"": ""cabinet"", ""b_depth_m"": 2.308000087738037, ""comparative"": ""closer"", ""answer_concept"": ""bed""}"
train_001077,47331558/9804.150,47331558,lidar,unknown,train,left_right,,0,Is the bathtub to the left or to the right of the toilet?,,left,choice,left|right,ARKitScenes/3dod/Training/47331558/47331558_frames/lowres_wide/47331558_9804.150.png,ARKitScenes/3dod/Training/47331558/47331558_frames/lowres_depth/47331558_9804.150.png,rule,"{""a_concept"": ""bathtub"", ""b_concept"": ""toilet"", ""a_centroid_x"": 82.15884809178188, ""b_centroid_x"": 110.5139425597193, ""horizontal_gap_px"": 28.35509446793742, ""image_width"": 256}"
train_001078,42898740/63517.215,42898740,lidar,unknown,train,left_right,,1,"Relative to the cabinet, is the table on the left or the right?",,left,choice,left|right,ARKitScenes/3dod/Training/42898740/42898740_frames/lowres_wide/42898740_63517.215.png,ARKitScenes/3dod/Training/42898740/42898740_frames/lowres_depth/42898740_63517.215.png,rule,"{""a_concept"": ""table"", ""b_concept"": ""cabinet"", ""a_centroid_x"": 35.063880436406485, ""b_centroid_x"": 247.3219119323487, ""horizontal_gap_px"": 212.25803149594222, ""image_width"": 256}"
train_001079,42899307/885764.051,42899307,lidar,unknown,train,relative_depth,farther,0,"Which is farther from the camera, the shelf or the table?",,table,choice,shelf|table,ARKitScenes/3dod/Training/42899307/42899307_frames/lowres_wide/42899307_885764.051.png,ARKitScenes/3dod/Training/42899307/42899307_frames/lowres_depth/42899307_885764.051.png,rule,"{""a_concept"": ""shelf"", ""a_depth_m"": 1.5570000410079956, ""b_concept"": ""table"", ""b_depth_m"": 2.013000011444092, ""comparative"": ""farther"", ""answer_concept"": ""table""}"
train_001080,40958756/1643.175,40958756,lidar,unknown,train,identify_superlative,farthest_camera,4,"Not counting the room's walls, floor, or ceiling, which object is farthest away in this image?",,sink,object,,ARKitScenes/3dod/Training/40958756/40958756_frames/lowres_wide/40958756_1643.175.png,ARKitScenes/3dod/Training/40958756/40958756_frames/lowres_depth/40958756_1643.175.png,rule,"{""winner_concept"": ""sink"", ""winner_object_index"": 1, ""winner_area_frac"": 0.07224330818641468, ""winner_depth_m"": 1.244499921798706, ""runner_up_concept"": ""toilet"", ""runner_up_area_frac"": 0.2573943385192542, ""runner_up_depth_m"": 0.8519999980926514}"
train_001081,42898454/156487.601,42898454,lidar,unknown,train,nearest_object,,0,What is the closest object to the sink?,,washer,object,,ARKitScenes/3dod/Training/42898454/42898454_frames/lowres_wide/42898454_156487.601.png,ARKitScenes/3dod/Training/42898454/42898454_frames/lowres_depth/42898454_156487.601.png,rule,"{""anchor_concept"": ""sink"", ""anchor_object_index"": 9, ""answer_concept"": ""washer"", ""answer_object_index"": 14, ""nearest_distance_m"": 0.353, ""second_nearest_distance_m"": 1.978}"
train_001082,47115227/95971.966,47115227,lidar,unknown,train,nearest_object,,1,Which object is nearest to the shelf?,,fireplace,object,,ARKitScenes/3dod/Training/47115227/47115227_frames/lowres_wide/47115227_95971.966.png,ARKitScenes/3dod/Training/47115227/47115227_frames/lowres_depth/47115227_95971.966.png,rule,"{""anchor_concept"": ""shelf"", ""anchor_object_index"": 4, ""answer_concept"": ""fireplace"", ""answer_object_index"": 2, ""nearest_distance_m"": 0.813, ""second_nearest_distance_m"": 1.942}"
train_001083,42444735/77912.516,42444735,lidar,unknown,train,relative_depth,closer,1,"Between the television and the cabinet, which one is closer to the camera?",,cabinet,choice,television|cabinet,ARKitScenes/3dod/Training/42444735/42444735_frames/lowres_wide/42444735_77912.516.png,ARKitScenes/3dod/Training/42444735/42444735_frames/lowres_depth/42444735_77912.516.png,rule,"{""a_concept"": ""cabinet"", ""a_depth_m"": 1.6619999408721924, ""b_concept"": ""television"", ""b_depth_m"": 3.927000045776367, ""comparative"": ""closer"", ""answer_concept"": ""cabinet""}"
train_001084,45261329/24169.142,45261329,lidar,unknown,train,identify_superlative,closest_camera,3,"Ignoring the walls, floor, and ceiling, what object is nearest the viewer?",,bed,object,,ARKitScenes/3dod/Training/45261329/45261329_frames/lowres_wide/45261329_24169.142.png,ARKitScenes/3dod/Training/45261329/45261329_frames/lowres_depth/45261329_24169.142.png,rule,"{""winner_concept"": ""bed"", ""winner_object_index"": 3, ""winner_area_frac"": 0.035726782861414924, ""winner_depth_m"": 3.759000062942505, ""runner_up_concept"": null, ""runner_up_area_frac"": null, ""runner_up_depth_m"": null}"
train_001085,42445891/72990.603,42445891,lidar,unknown,train,existence,negative,5,Is there any bathtub visible in the image?,,no,yes_no,yes|no,ARKitScenes/3dod/Training/42445891/42445891_frames/lowres_wide/42445891_72990.603.png,ARKitScenes/3dod/Training/42445891/42445891_frames/lowres_depth/42445891_72990.603.png,rule,"{""concept"": ""bathtub"", ""reason"": ""category_or_scene_type_plausible""}"
train_001086,45261527/45663.762,45261527,lidar,unknown,train,existence,negative,4,Is a cabinet present in this scene?,,no,yes_no,yes|no,ARKitScenes/3dod/Training/45261527/45261527_frames/lowres_wide/45261527_45663.762.png,ARKitScenes/3dod/Training/45261527/45261527_frames/lowres_depth/45261527_45663.762.png,rule,"{""concept"": ""cabinet"", ""reason"": ""category_or_scene_type_plausible""}"
train_001087,42898247/167698.237,42898247,lidar,unknown,train,nearest_object,,4,What is right next to the cabinet?,,sofa,object,,ARKitScenes/3dod/Training/42898247/42898247_frames/lowres_wide/42898247_167698.237.png,ARKitScenes/3dod/Training/42898247/42898247_frames/lowres_depth/42898247_167698.237.png,rule,"{""anchor_concept"": ""cabinet"", ""anchor_object_index"": 8, ""answer_concept"": ""sofa"", ""answer_object_index"": 1, ""nearest_distance_m"": 1.057, ""second_nearest_distance_m"": 1.403}"
train_001088,42897890/344985.232,42897890,lidar,unknown,train,identify_superlative,farthest_camera,1,"Excluding the walls, floor, and ceiling, what is the most distant object from the camera?",,chair,object,,ARKitScenes/3dod/Training/42897890/42897890_frames/lowres_wide/42897890_344985.232.png,ARKitScenes/3dod/Training/42897890/42897890_frames/lowres_depth/42897890_344985.232.png,rule,"{""winner_concept"": ""chair"", ""winner_object_index"": 12, ""winner_area_frac"": 0.07530303278000042, ""winner_depth_m"": 3.328000068664551, ""runner_up_concept"": null, ""runner_up_area_frac"": null, ""runner_up_depth_m"": null}"
train_001089,48458766/142224.357,48458766,lidar,unknown,train,identify_superlative,closest_camera,0,"Not counting the walls, floor, or ceiling, which object is closest to the camera?",,shelf,object,,ARKitScenes/3dod/Training/48458766/48458766_frames/lowres_wide/48458766_142224.357.png,ARKitScenes/3dod/Training/48458766/48458766_frames/lowres_depth/48458766_142224.357.png,rule,"{""winner_concept"": ""shelf"", ""winner_object_index"": 3, ""winner_area_frac"": 0.07742607970640324, ""winner_depth_m"": 3.443000078201294, ""runner_up_concept"": null, ""runner_up_area_frac"": null, ""runner_up_depth_m"": null}"
train_001090,47332505/343952.791,47332505,lidar,unknown,train,left_right,,5,"From the television, which direction is the sofa in, left or right?",,right,choice,left|right,ARKitScenes/3dod/Training/47332505/47332505_frames/lowres_wide/47332505_343952.791.png,ARKitScenes/3dod/Training/47332505/47332505_frames/lowres_depth/47332505_343952.791.png,rule,"{""a_concept"": ""sofa"", ""b_concept"": ""television"", ""a_centroid_x"": 226.37031983831406, ""b_centroid_x"": 51.12308439859973, ""horizontal_gap_px"": 175.24723543971433, ""image_width"": 256}"
train_001091,48458766/142243.750,48458766,lidar,unknown,train,nearest_object,,0,What is the closest object to the cabinet?,,shelf,object,,ARKitScenes/3dod/Training/48458766/48458766_frames/lowres_wide/48458766_142243.750.png,ARKitScenes/3dod/Training/48458766/48458766_frames/lowres_depth/48458766_142243.750.png,rule,"{""anchor_concept"": ""cabinet"", ""anchor_object_index"": 7, ""answer_concept"": ""shelf"", ""answer_object_index"": 6, ""nearest_distance_m"": 0.891, ""second_nearest_distance_m"": 1.329}"
train_001092,47332508/343884.485,47332508,lidar,unknown,train,nearest_object,,3,Which item is positioned nearest to the table?,,sofa,object,,ARKitScenes/3dod/Training/47332508/47332508_frames/lowres_wide/47332508_343884.485.png,ARKitScenes/3dod/Training/47332508/47332508_frames/lowres_depth/47332508_343884.485.png,rule,"{""anchor_concept"": ""table"", ""anchor_object_index"": 1, ""answer_concept"": ""sofa"", ""answer_object_index"": 0, ""nearest_distance_m"": 0.512, ""second_nearest_distance_m"": 1.482}"
train_001093,47334655/389734.061,47334655,lidar,unknown,train,identify_superlative,closest_camera,2,"Among the furniture and items in the room, not the walls, floor, or ceiling, which is closest to where the picture was taken from?",,cabinet,object,,ARKitScenes/3dod/Training/47334655/47334655_frames/lowres_wide/47334655_389734.061.png,ARKitScenes/3dod/Training/47334655/47334655_frames/lowres_depth/47334655_389734.061.png,rule,"{""winner_concept"": ""cabinet"", ""winner_object_index"": 3, ""winner_area_frac"": 0.1347739768682142, ""winner_depth_m"": 0.8299999833106995, ""runner_up_concept"": ""toilet"", ""runner_up_area_frac"": 0.4378769186359084, ""runner_up_depth_m"": 1.0180000066757202}"
train_001094,48018115/368450.747,48018115,lidar,unknown,train,left_right,,5,"From the stool, which direction is the table in, left or right?",,right,choice,left|right,ARKitScenes/3dod/Training/48018115/48018115_frames/lowres_wide/48018115_368450.747.png,ARKitScenes/3dod/Training/48018115/48018115_frames/lowres_depth/48018115_368450.747.png,rule,"{""a_concept"": ""table"", ""b_concept"": ""stool"", ""a_centroid_x"": 167.89644055218844, ""b_centroid_x"": 43.039140093847315, ""horizontal_gap_px"": 124.85730045834111, ""image_width"": 256}"
train_001095,47204786/27317.692,47204786,lidar,unknown,train,relative_depth,closer,2,Is the stool or the shelf closer to the camera?,,stool,choice,stool|shelf,ARKitScenes/3dod/Training/47204786/47204786_frames/lowres_wide/47204786_27317.692.png,ARKitScenes/3dod/Training/47204786/47204786_frames/lowres_depth/47204786_27317.692.png,rule,"{""a_concept"": ""shelf"", ""a_depth_m"": 1.565999984741211, ""b_concept"": ""stool"", ""b_depth_m"": 1.2510000467300415, ""comparative"": ""closer"", ""answer_concept"": ""stool""}"
train_001096,41127101/1540.276,41127101,lidar,unknown,train,identify_superlative,farthest_camera,3,"Ignoring the walls, floor, and ceiling, what object is farthest from the viewer?",,cabinet,object,,ARKitScenes/3dod/Training/41127101/41127101_frames/lowres_wide/41127101_1540.276.png,ARKitScenes/3dod/Training/41127101/41127101_frames/lowres_depth/41127101_1540.276.png,rule,"{""winner_concept"": ""cabinet"", ""winner_object_index"": 1, ""winner_area_frac"": 0.06872477105690251, ""winner_depth_m"": 1.1670000553131104, ""runner_up_concept"": null, ""runner_up_area_frac"": null, ""runner_up_depth_m"": null}"
train_001097,45260877/7426.082,45260877,lidar,unknown,train,identify_superlative,farthest_camera,1,"Excluding the walls, floor, and ceiling, what is the most distant object from the camera?",,table,object,,ARKitScenes/3dod/Training/45260877/45260877_frames/lowres_wide/45260877_7426.082.png,ARKitScenes/3dod/Training/45260877/45260877_frames/lowres_depth/45260877_7426.082.png,rule,"{""winner_concept"": ""table"", ""winner_object_index"": 0, ""winner_area_frac"": 0.02175041204985779, ""winner_depth_m"": 1.4299999475479126, ""runner_up_concept"": null, ""runner_up_area_frac"": null, ""runner_up_depth_m"": null}"
train_001098,42899822/256574.155,42899822,lidar,unknown,train,left_right,,0,Is the bed to the left or to the right of the table?,,left,choice,left|right,ARKitScenes/3dod/Training/42899822/42899822_frames/lowres_wide/42899822_256574.155.png,ARKitScenes/3dod/Training/42899822/42899822_frames/lowres_depth/42899822_256574.155.png,rule,"{""a_concept"": ""bed"", ""b_concept"": ""table"", ""a_centroid_x"": 68.66353219952491, ""b_centroid_x"": 114.71008982320603, ""horizontal_gap_px"": 46.046557623681124, ""image_width"": 256}"
train_001099,43649609/36555.832,43649609,lidar,unknown,train,existence,positive,5,Is there any television visible in the image?,,yes,yes_no,yes|no,ARKitScenes/3dod/Training/43649609/43649609_frames/lowres_wide/43649609_36555.832.png,ARKitScenes/3dod/Training/43649609/43649609_frames/lowres_depth/43649609_36555.832.png,rule,"{""concept"": ""television"", ""object_index"": 7, ""area_frac"": 0.0298012428309764}"
train_001100,43896371/19806.987,43896371,lidar,unknown,train,existence,negative,5,Is there any television visible in the image?,,no,yes_no,yes|no,ARKitScenes/3dod/Training/43896371/43896371_frames/lowres_wide/43896371_19806.987.png,ARKitScenes/3dod/Training/43896371/43896371_frames/lowres_depth/43896371_19806.987.png,rule,"{""concept"": ""television"", ""reason"": ""category_or_scene_type_plausible""}"
train_001101,47430074/27352.699,47430074,lidar,unknown,train,existence,negative,0,Is there a cabinet in this room?,,no,yes_no,yes|no,ARKitScenes/3dod/Training/47430074/47430074_frames/lowres_wide/47430074_27352.699.png,ARKitScenes/3dod/Training/47430074/47430074_frames/lowres_depth/47430074_27352.699.png,rule,"{""concept"": ""cabinet"", ""reason"": ""category_or_scene_type_plausible""}"
train_001102,44358295/15785.072,44358295,lidar,unknown,train,nearest_object,,2,What sits closest to the table?,,chair,object,,ARKitScenes/3dod/Training/44358295/44358295_frames/lowres_wide/44358295_15785.072.png,ARKitScenes/3dod/Training/44358295/44358295_frames/lowres_depth/44358295_15785.072.png,rule,"{""anchor_concept"": ""table"", ""anchor_object_index"": 7, ""answer_concept"": ""chair"", ""answer_object_index"": 0, ""nearest_distance_m"": 1.338, ""second_nearest_distance_m"": 3.867}"
train_001103,45261571/76486.752,45261571,lidar,unknown,train,existence,positive,4,Is a cabinet present in this scene?,,yes,yes_no,yes|no,ARKitScenes/3dod/Training/45261571/45261571_frames/lowres_wide/45261571_76486.752.png,ARKitScenes/3dod/Training/45261571/45261571_frames/lowres_depth/45261571_76486.752.png,rule,"{""concept"": ""cabinet"", ""object_index"": 1, ""area_frac"": 0.01565700104212587}"
train_001104,43828517/102956.708,43828517,lidar,unknown,train,left_right,,4,"Which side of the fireplace is the chair on, left or right?",,left,choice,left|right,ARKitScenes/3dod/Training/43828517/43828517_frames/lowres_wide/43828517_102956.708.png,ARKitScenes/3dod/Training/43828517/43828517_frames/lowres_depth/43828517_102956.708.png,rule,"{""a_concept"": ""chair"", ""b_concept"": ""fireplace"", ""a_centroid_x"": 30.332368330982845, ""b_centroid_x"": 57.53708824860699, ""horizontal_gap_px"": 27.204719917624146, ""image_width"": 256}"
train_001105,42444998/45438.565,42444998,lidar,unknown,train,existence,negative,0,Is there a cabinet in this room?,,no,yes_no,yes|no,ARKitScenes/3dod/Training/42444998/42444998_frames/lowres_wide/42444998_45438.565.png,ARKitScenes/3dod/Training/42444998/42444998_frames/lowres_depth/42444998_45438.565.png,rule,"{""concept"": ""cabinet"", ""reason"": ""category_or_scene_type_plausible""}"
train_001106,47430328/271271.608,47430328,lidar,unknown,train,left_right,,0,Is the toilet to the left or to the right of the stool?,,right,choice,left|right,ARKitScenes/3dod/Training/47430328/47430328_frames/lowres_wide/47430328_271271.608.png,ARKitScenes/3dod/Training/47430328/47430328_frames/lowres_depth/47430328_271271.608.png,rule,"{""a_concept"": ""toilet"", ""b_concept"": ""stool"", ""a_centroid_x"": 131.63374452866273, ""b_centroid_x"": 39.01274411990763, ""horizontal_gap_px"": 92.6210004087551, ""image_width"": 256}"
train_001107,47333670/133968.977,47333670,lidar,unknown,train,relative_depth,farther,0,"Which is farther from the camera, the shelf or the chair?",,shelf,choice,shelf|chair,ARKitScenes/3dod/Training/47333670/47333670_frames/lowres_wide/47333670_133968.977.png,ARKitScenes/3dod/Training/47333670/47333670_frames/lowres_depth/47333670_133968.977.png,rule,"{""a_concept"": ""shelf"", ""a_depth_m"": 1.6349999904632568, ""b_concept"": ""chair"", ""b_depth_m"": 1.3020000457763672, ""comparative"": ""farther"", ""answer_concept"": ""shelf""}"
train_001108,43828517/103002.906,43828517,lidar,unknown,train,identify_superlative,farthest_camera,3,"Ignoring the walls, floor, and ceiling, what object is farthest from the viewer?",,sofa,object,,ARKitScenes/3dod/Training/43828517/43828517_frames/lowres_wide/43828517_103002.906.png,ARKitScenes/3dod/Training/43828517/43828517_frames/lowres_depth/43828517_103002.906.png,rule,"{""winner_concept"": ""sofa"", ""winner_object_index"": 3, ""winner_area_frac"": 0.07481709237168623, ""winner_depth_m"": 1.8600000143051147, ""runner_up_concept"": null, ""runner_up_area_frac"": null, ""runner_up_depth_m"": null}"
train_001109,47115265/115124.585,47115265,lidar,unknown,train,identify_superlative,closest_camera,2,"Among the furniture and items in the room, not the walls, floor, or ceiling, which is closest to where the picture was taken from?",,cabinet,object,,ARKitScenes/3dod/Training/47115265/47115265_frames/lowres_wide/47115265_115124.585.png,ARKitScenes/3dod/Training/47115265/47115265_frames/lowres_depth/47115265_115124.585.png,rule,"{""winner_concept"": ""cabinet"", ""winner_object_index"": 3, ""winner_area_frac"": 0.5878720028233101, ""winner_depth_m"": 1.1339999437332153, ""runner_up_concept"": null, ""runner_up_area_frac"": null, ""runner_up_depth_m"": null}"
train_001110,42898427/1116.854,42898427,lidar,unknown,train,nearest_object,,3,Which item is positioned nearest to the table?,,television,object,,ARKitScenes/3dod/Training/42898427/42898427_frames/lowres_wide/42898427_1116.854.png,ARKitScenes/3dod/Training/42898427/42898427_frames/lowres_depth/42898427_1116.854.png,rule,"{""anchor_concept"": ""table"", ""anchor_object_index"": 8, ""answer_concept"": ""television"", ""answer_object_index"": 9, ""nearest_distance_m"": 0.495, ""second_nearest_distance_m"": 0.957}"
train_001111,42898437/2081.458,42898437,lidar,unknown,train,nearest_object,,5,Which object is closest in distance to the shelf?,,cabinet,object,,ARKitScenes/3dod/Training/42898437/42898437_frames/lowres_wide/42898437_2081.458.png,ARKitScenes/3dod/Training/42898437/42898437_frames/lowres_depth/42898437_2081.458.png,rule,"{""anchor_concept"": ""shelf"", ""anchor_object_index"": 12, ""answer_concept"": ""cabinet"", ""answer_object_index"": 11, ""nearest_distance_m"": 0.482, ""second_nearest_distance_m"": 0.901}"
train_001112,47115135/85835.966,47115135,lidar,unknown,train,identify_superlative,farthest_camera,1,"Excluding the walls, floor, and ceiling, what is the most distant object from the camera?",,toilet,object,,ARKitScenes/3dod/Training/47115135/47115135_frames/lowres_wide/47115135_85835.966.png,ARKitScenes/3dod/Training/47115135/47115135_frames/lowres_depth/47115135_85835.966.png,rule,"{""winner_concept"": ""toilet"", ""winner_object_index"": 1, ""winner_area_frac"": 0.04985766121847695, ""winner_depth_m"": 2.6410000324249268, ""runner_up_concept"": null, ""runner_up_area_frac"": null, ""runner_up_depth_m"": null}"
train_001113,48018486/529038.786,48018486,lidar,unknown,train,left_right,,2,"Looking at the table, is the chair positioned on its left or right?",,left,choice,left|right,ARKitScenes/3dod/Training/48018486/48018486_frames/lowres_wide/48018486_529038.786.png,ARKitScenes/3dod/Training/48018486/48018486_frames/lowres_depth/48018486_529038.786.png,rule,"{""a_concept"": ""chair"", ""b_concept"": ""table"", ""a_centroid_x"": 148.03106729869975, ""b_centroid_x"": 195.65991265437188, ""horizontal_gap_px"": 47.62884535567213, ""image_width"": 256}"
train_001114,47429883/368090.736,47429883,lidar,unknown,train,identify_superlative,closest_camera,5,"Excluding the walls, floor, and ceiling, what is the closest visible object to the camera?",,table,object,,ARKitScenes/3dod/Training/47429883/47429883_frames/lowres_wide/47429883_368090.736.png,ARKitScenes/3dod/Training/47429883/47429883_frames/lowres_depth/47429883_368090.736.png,rule,"{""winner_concept"": ""table"", ""winner_object_index"": 4, ""winner_area_frac"": 0.0665530780421386, ""winner_depth_m"": 0.8650000095367432, ""runner_up_concept"": null, ""runner_up_area_frac"": null, ""runner_up_depth_m"": null}"
train_001115,47332418/407250.489,47332418,lidar,unknown,train,left_right,,2,"Looking at the cabinet, is the stool positioned on its left or right?",,left,choice,left|right,ARKitScenes/3dod/Training/47332418/47332418_frames/lowres_wide/47332418_407250.489.png,ARKitScenes/3dod/Training/47332418/47332418_frames/lowres_depth/47332418_407250.489.png,rule,"{""a_concept"": ""stool"", ""b_concept"": ""cabinet"", ""a_centroid_x"": 67.35537628115263, ""b_centroid_x"": 218.87844255129988, ""horizontal_gap_px"": 151.52306627014724, ""image_width"": 256}"
train_001116,43649452/12874.568,43649452,lidar,unknown,train,relative_depth,farther,2,Is the chair or the table farther from the camera?,,table,choice,chair|table,ARKitScenes/3dod/Training/43649452/43649452_frames/lowres_wide/43649452_12874.568.png,ARKitScenes/3dod/Training/43649452/43649452_frames/lowres_depth/43649452_12874.568.png,rule,"{""a_concept"": ""table"", ""a_depth_m"": 2.260999917984009, ""b_concept"": ""chair"", ""b_depth_m"": 1.3079999685287476, ""comparative"": ""farther"", ""answer_concept"": ""table""}"
train_001117,47895871/489441.801,47895871,lidar,unknown,train,left_right,,0,Is the sink to the left or to the right of the stove?,,right,choice,left|right,ARKitScenes/3dod/Training/47895871/47895871_frames/lowres_wide/47895871_489441.801.png,ARKitScenes/3dod/Training/47895871/47895871_frames/lowres_depth/47895871_489441.801.png,rule,"{""a_concept"": ""sink"", ""b_concept"": ""stove"", ""a_centroid_x"": 77.75824587996283, ""b_centroid_x"": 44.34139634653037, ""horizontal_gap_px"": 33.41684953343246, ""image_width"": 256}"
train_001118,47334615/385647.038,47334615,lidar,unknown,train,nearest_object,,1,Which object is nearest to the sink?,,chair,object,,ARKitScenes/3dod/Training/47334615/47334615_frames/lowres_wide/47334615_385647.038.png,ARKitScenes/3dod/Training/47334615/47334615_frames/lowres_depth/47334615_385647.038.png,rule,"{""anchor_concept"": ""sink"", ""anchor_object_index"": 4, ""answer_concept"": ""chair"", ""answer_object_index"": 8, ""nearest_distance_m"": 0.991, ""second_nearest_distance_m"": 1.25}"
train_001119,43896371/19806.987,43896371,lidar,unknown,train,nearest_object,,3,Which item is positioned nearest to the table?,,stool,object,,ARKitScenes/3dod/Training/43896371/43896371_frames/lowres_wide/43896371_19806.987.png,ARKitScenes/3dod/Training/43896371/43896371_frames/lowres_depth/43896371_19806.987.png,rule,"{""anchor_concept"": ""table"", ""anchor_object_index"": 3, ""answer_concept"": ""stool"", ""answer_object_index"": 0, ""nearest_distance_m"": 0.315, ""second_nearest_distance_m"": 2.086}"
train_001120,43896365/19935.167,43896365,lidar,unknown,train,left_right,,0,Is the table to the left or to the right of the chair?,,right,choice,left|right,ARKitScenes/3dod/Training/43896365/43896365_frames/lowres_wide/43896365_19935.167.png,ARKitScenes/3dod/Training/43896365/43896365_frames/lowres_depth/43896365_19935.167.png,rule,"{""a_concept"": ""table"", ""b_concept"": ""chair"", ""a_centroid_x"": 104.8224568991852, ""b_centroid_x"": 59.00162280003324, ""horizontal_gap_px"": 45.82083409915196, ""image_width"": 256}"
train_001121,47333674/134215.377,47333674,lidar,unknown,train,identify_superlative,farthest_camera,3,"Ignoring the walls, floor, and ceiling, what object is farthest from the viewer?",,shelf,object,,ARKitScenes/3dod/Training/47333674/47333674_frames/lowres_wide/47333674_134215.377.png,ARKitScenes/3dod/Training/47333674/47333674_frames/lowres_depth/47333674_134215.377.png,rule,"{""winner_concept"": ""shelf"", ""winner_object_index"": 4, ""winner_area_frac"": 0.1875483654962096, ""winner_depth_m"": 1.5980000495910645, ""runner_up_concept"": ""table"", ""runner_up_area_frac"": 0.4768659208944603, ""runner_up_depth_m"": 1.0729999542236328}"
train_001122,48018127/369143.866,48018127,lidar,unknown,train,relative_depth,farther,0,"Which is farther from the camera, the cabinet or the sofa?",,sofa,choice,cabinet|sofa,ARKitScenes/3dod/Training/48018127/48018127_frames/lowres_wide/48018127_369143.866.png,ARKitScenes/3dod/Training/48018127/48018127_frames/lowres_depth/48018127_369143.866.png,rule,"{""a_concept"": ""sofa"", ""a_depth_m"": 2.568000078201294, ""b_concept"": ""cabinet"", ""b_depth_m"": 1.5099999904632568, ""comparative"": ""farther"", ""answer_concept"": ""sofa""}"
train_001123,43828162/74475.233,43828162,lidar,unknown,train,relative_depth,farther,4,"Of the chair and the cabinet, which is farther?",,cabinet,choice,chair|cabinet,ARKitScenes/3dod/Training/43828162/43828162_frames/lowres_wide/43828162_74475.233.png,ARKitScenes/3dod/Training/43828162/43828162_frames/lowres_depth/43828162_74475.233.png,rule,"{""a_concept"": ""chair"", ""a_depth_m"": 2.2260000705718994, ""b_concept"": ""cabinet"", ""b_depth_m"": 5.6519999504089355, ""comparative"": ""farther"", ""answer_concept"": ""cabinet""}"
train_001124,48018079/103529.429,48018079,lidar,unknown,train,identify_superlative,farthest_camera,4,"Not counting the room's walls, floor, or ceiling, which object is farthest away in this image?",,cabinet,object,,ARKitScenes/3dod/Training/48018079/48018079_frames/lowres_wide/48018079_103529.429.png,ARKitScenes/3dod/Training/48018079/48018079_frames/lowres_depth/48018079_103529.429.png,rule,"{""winner_concept"": ""cabinet"", ""winner_object_index"": 1, ""winner_area_frac"": 0.015278293285212595, ""winner_depth_m"": 2.443000078201294, ""runner_up_concept"": null, ""runner_up_area_frac"": null, ""runner_up_depth_m"": null}"
train_001125,42899307/885756.954,42899307,lidar,unknown,train,relative_depth,closer,3,"Which object is closer to the camera, the table or the television?",,television,choice,table|television,ARKitScenes/3dod/Training/42899307/42899307_frames/lowres_wide/42899307_885756.954.png,ARKitScenes/3dod/Training/42899307/42899307_frames/lowres_depth/42899307_885756.954.png,rule,"{""a_concept"": ""table"", ""a_depth_m"": 3.305999994277954, ""b_concept"": ""television"", ""b_depth_m"": 2.0209999084472656, ""comparative"": ""closer"", ""answer_concept"": ""television""}"
train_001126,47204921/3702.308,47204921,lidar,unknown,train,left_right,,5,"From the cabinet, which direction is the bed in, left or right?",,right,choice,left|right,ARKitScenes/3dod/Training/47204921/47204921_frames/lowres_wide/47204921_3702.308.png,ARKitScenes/3dod/Training/47204921/47204921_frames/lowres_depth/47204921_3702.308.png,rule,"{""a_concept"": ""bed"", ""b_concept"": ""cabinet"", ""a_centroid_x"": 221.25032446166142, ""b_centroid_x"": 153.3109185928886, ""horizontal_gap_px"": 67.93940586877281, ""image_width"": 256}"
train_001127,44358250/6010.569,44358250,lidar,unknown,train,relative_depth,farther,0,"Which is farther from the camera, the television or the sofa?",,television,choice,television|sofa,ARKitScenes/3dod/Training/44358250/44358250_frames/lowres_wide/44358250_6010.569.png,ARKitScenes/3dod/Training/44358250/44358250_frames/lowres_depth/44358250_6010.569.png,rule,"{""a_concept"": ""sofa"", ""a_depth_m"": 1.1805000305175781, ""b_concept"": ""television"", ""b_depth_m"": 3.5439999103546143, ""comparative"": ""farther"", ""answer_concept"": ""television""}"
train_001128,47895824/1219938.397,47895824,lidar,unknown,train,existence,negative,0,Is there a cabinet in this room?,,no,yes_no,yes|no,ARKitScenes/3dod/Training/47895824/47895824_frames/lowres_wide/47895824_1219938.397.png,ARKitScenes/3dod/Training/47895824/47895824_frames/lowres_depth/47895824_1219938.397.png,rule,"{""concept"": ""cabinet"", ""reason"": ""category_or_scene_type_plausible""}"
train_001129,47895830/1221813.029,47895830,lidar,unknown,train,left_right,,2,"Looking at the chair, is the table positioned on its left or right?",,left,choice,left|right,ARKitScenes/3dod/Training/47895830/47895830_frames/lowres_wide/47895830_1221813.029.png,ARKitScenes/3dod/Training/47895830/47895830_frames/lowres_depth/47895830_1221813.029.png,rule,"{""a_concept"": ""table"", ""b_concept"": ""chair"", ""a_centroid_x"": 160.3533267997752, ""b_centroid_x"": 207.81940669502868, ""horizontal_gap_px"": 47.46607989525347, ""image_width"": 256}"
train_001130,42898438/2157.960,42898438,lidar,unknown,train,left_right,,1,"Relative to the cabinet, is the stove on the left or the right?",,right,choice,left|right,ARKitScenes/3dod/Training/42898438/42898438_frames/lowres_wide/42898438_2157.960.png,ARKitScenes/3dod/Training/42898438/42898438_frames/lowres_depth/42898438_2157.960.png,rule,"{""a_concept"": ""stove"", ""b_concept"": ""cabinet"", ""a_centroid_x"": 173.1662897915023, ""b_centroid_x"": 30.49295636026396, ""horizontal_gap_px"": 142.67333343123835, ""image_width"": 256}"
train_001131,48018760/15060.369,48018760,lidar,unknown,train,identify_superlative,farthest_camera,1,"Excluding the walls, floor, and ceiling, what is the most distant object from the camera?",,chair,object,,ARKitScenes/3dod/Training/48018760/48018760_frames/lowres_wide/48018760_15060.369.png,ARKitScenes/3dod/Training/48018760/48018760_frames/lowres_depth/48018760_15060.369.png,rule,"{""winner_concept"": ""chair"", ""winner_object_index"": 23, ""winner_area_frac"": 0.14500637142428927, ""winner_depth_m"": 2.197000026702881, ""runner_up_concept"": ""cabinet"", ""runner_up_area_frac"": 0.076615514649821, ""runner_up_depth_m"": 1.7419999837875366}"
train_001132,47204680/13297.497,47204680,lidar,unknown,train,left_right,,4,"Which side of the toilet is the cabinet on, left or right?",,left,choice,left|right,ARKitScenes/3dod/Training/47204680/47204680_frames/lowres_wide/47204680_13297.497.png,ARKitScenes/3dod/Training/47204680/47204680_frames/lowres_depth/47204680_13297.497.png,rule,"{""a_concept"": ""cabinet"", ""b_concept"": ""toilet"", ""a_centroid_x"": 38.21087012815055, ""b_centroid_x"": 147.65146493546177, ""horizontal_gap_px"": 109.44059480731121, ""image_width"": 256}"
train_001133,41098140/861.229,41098140,lidar,unknown,train,left_right,,3,Is the refrigerator on the left side or the right side of the sink?,,right,choice,left|right,ARKitScenes/3dod/Training/41098140/41098140_frames/lowres_wide/41098140_861.229.png,ARKitScenes/3dod/Training/41098140/41098140_frames/lowres_depth/41098140_861.229.png,rule,"{""a_concept"": ""refrigerator"", ""b_concept"": ""sink"", ""a_centroid_x"": 148.78882965836615, ""b_centroid_x"": 115.58291762378497, ""horizontal_gap_px"": 33.20591203458119, ""image_width"": 256}"
train_001134,42444997/45141.388,42444997,lidar,unknown,train,existence,negative,3,Can you spot a cabinet in the picture?,,no,yes_no,yes|no,ARKitScenes/3dod/Training/42444997/42444997_frames/lowres_wide/42444997_45141.388.png,ARKitScenes/3dod/Training/42444997/42444997_frames/lowres_depth/42444997_45141.388.png,rule,"{""concept"": ""cabinet"", ""reason"": ""category_or_scene_type_plausible""}"
train_001135,42899065/648846.455,42899065,lidar,unknown,train,left_right,,2,"Looking at the toilet, is the cabinet positioned on its left or right?",,right,choice,left|right,ARKitScenes/3dod/Training/42899065/42899065_frames/lowres_wide/42899065_648846.455.png,ARKitScenes/3dod/Training/42899065/42899065_frames/lowres_depth/42899065_648846.455.png,rule,"{""a_concept"": ""cabinet"", ""b_concept"": ""toilet"", ""a_centroid_x"": 224.08672572336073, ""b_centroid_x"": 104.50476682910214, ""horizontal_gap_px"": 119.58195889425859, ""image_width"": 256}"
train_001136,48458762/141736.160,48458762,lidar,unknown,train,identify_superlative,farthest_camera,2,"Among the furniture and items in the room, not the walls, floor, or ceiling, which is farthest from where the picture was taken?",,cabinet,object,,ARKitScenes/3dod/Training/48458762/48458762_frames/lowres_wide/48458762_141736.160.png,ARKitScenes/3dod/Training/48458762/48458762_frames/lowres_depth/48458762_141736.160.png,rule,"{""winner_concept"": ""cabinet"", ""winner_object_index"": 3, ""winner_area_frac"": 0.1976647285496714, ""winner_depth_m"": 1.3140000104904175, ""runner_up_concept"": null, ""runner_up_area_frac"": null, ""runner_up_depth_m"": null}"
train_001137,47334837/613741.266,47334837,lidar,unknown,train,existence,negative,1,Do you see a cabinet here?,,no,yes_no,yes|no,ARKitScenes/3dod/Training/47334837/47334837_frames/lowres_wide/47334837_613741.266.png,ARKitScenes/3dod/Training/47334837/47334837_frames/lowres_depth/47334837_613741.266.png,rule,"{""concept"": ""cabinet"", ""reason"": ""category_or_scene_type_plausible""}"
train_001138,48018900/655485.108,48018900,lidar,unknown,train,nearest_object,,2,What sits closest to the sofa?,,cabinet,object,,ARKitScenes/3dod/Training/48018900/48018900_frames/lowres_wide/48018900_655485.108.png,ARKitScenes/3dod/Training/48018900/48018900_frames/lowres_depth/48018900_655485.108.png,rule,"{""anchor_concept"": ""sofa"", ""anchor_object_index"": 4, ""answer_concept"": ""cabinet"", ""answer_object_index"": 6, ""nearest_distance_m"": 1.408, ""second_nearest_distance_m"": 1.903}"
train_001139,45663064/38466.409,45663064,lidar,unknown,train,relative_depth,farther,5,"Which one is farther, the cabinet or the chair?",,cabinet,choice,cabinet|chair,ARKitScenes/3dod/Training/45663064/45663064_frames/lowres_wide/45663064_38466.409.png,ARKitScenes/3dod/Training/45663064/45663064_frames/lowres_depth/45663064_38466.409.png,rule,"{""a_concept"": ""chair"", ""a_depth_m"": 1.8279999494552612, ""b_concept"": ""cabinet"", ""b_depth_m"": 3.0910000801086426, ""comparative"": ""farther"", ""answer_concept"": ""cabinet""}"
train_001140,48018771/14031.183,48018771,lidar,unknown,train,relative_depth,closer,5,"Which one is closer, the cabinet or the table?",,table,choice,cabinet|table,ARKitScenes/3dod/Training/48018771/48018771_frames/lowres_wide/48018771_14031.183.png,ARKitScenes/3dod/Training/48018771/48018771_frames/lowres_depth/48018771_14031.183.png,rule,"{""a_concept"": ""cabinet"", ""a_depth_m"": 3.3309998512268066, ""b_concept"": ""table"", ""b_depth_m"": 1.7660000324249268, ""comparative"": ""closer"", ""answer_concept"": ""table""}"
train_001141,47334052/85605.159,47334052,lidar,unknown,train,identify_superlative,farthest_camera,2,"Among the furniture and items in the room, not the walls, floor, or ceiling, which is farthest from where the picture was taken?",,cabinet,object,,ARKitScenes/3dod/Training/47334052/47334052_frames/lowres_wide/47334052_85605.159.png,ARKitScenes/3dod/Training/47334052/47334052_frames/lowres_depth/47334052_85605.159.png,rule,"{""winner_concept"": ""cabinet"", ""winner_object_index"": 1, ""winner_area_frac"": 0.005281906842590196, ""winner_depth_m"": 1.6410000324249268, ""runner_up_concept"": null, ""runner_up_area_frac"": null, ""runner_up_depth_m"": null}"
train_001142,47204524/1597.791,47204524,lidar,unknown,train,relative_depth,farther,5,"Which one is farther, the chair or the cabinet?",,cabinet,choice,chair|cabinet,ARKitScenes/3dod/Training/47204524/47204524_frames/lowres_wide/47204524_1597.791.png,ARKitScenes/3dod/Training/47204524/47204524_frames/lowres_depth/47204524_1597.791.png,rule,"{""a_concept"": ""cabinet"", ""a_depth_m"": 2.203000068664551, ""b_concept"": ""chair"", ""b_depth_m"": 1.0420000553131104, ""comparative"": ""farther"", ""answer_concept"": ""cabinet""}"
train_001143,45261502/42579.399,45261502,lidar,unknown,train,existence,positive,2,Does this room contain a cabinet?,,yes,yes_no,yes|no,ARKitScenes/3dod/Training/45261502/45261502_frames/lowres_wide/45261502_42579.399.png,ARKitScenes/3dod/Training/45261502/45261502_frames/lowres_depth/45261502_42579.399.png,rule,"{""concept"": ""cabinet"", ""object_index"": 2, ""area_frac"": 0.030814933763443627}"
train_001144,42899139/131271.786,42899139,lidar,unknown,train,identify_superlative,farthest_camera,4,"Not counting the room's walls, floor, or ceiling, which object is farthest away in this image?",,table,object,,ARKitScenes/3dod/Training/42899139/42899139_frames/lowres_wide/42899139_131271.786.png,ARKitScenes/3dod/Training/42899139/42899139_frames/lowres_depth/42899139_131271.786.png,rule,"{""winner_concept"": ""table"", ""winner_object_index"": 7, ""winner_area_frac"": 0.08220771287302898, ""winner_depth_m"": 0.6690000295639038, ""runner_up_concept"": null, ""runner_up_area_frac"": null, ""runner_up_depth_m"": null}"
train_001145,47332063/247507.774,47332063,lidar,unknown,train,left_right,,1,"Relative to the television, is the table on the left or the right?",,right,choice,left|right,ARKitScenes/3dod/Training/47332063/47332063_frames/lowres_wide/47332063_247507.774.png,ARKitScenes/3dod/Training/47332063/47332063_frames/lowres_depth/47332063_247507.774.png,rule,"{""a_concept"": ""table"", ""b_concept"": ""television"", ""a_centroid_x"": 146.02932426874125, ""b_centroid_x"": 114.30006896394308, ""horizontal_gap_px"": 31.729255304798173, ""image_width"": 256}"
train_001146,48018845/649740.336,48018845,lidar,unknown,train,nearest_object,,2,What sits closest to the table?,,television,object,,ARKitScenes/3dod/Training/48018845/48018845_frames/lowres_wide/48018845_649740.336.png,ARKitScenes/3dod/Training/48018845/48018845_frames/lowres_depth/48018845_649740.336.png,rule,"{""anchor_concept"": ""table"", ""anchor_object_index"": 19, ""answer_concept"": ""television"", ""answer_object_index"": 20, ""nearest_distance_m"": 0.549, ""second_nearest_distance_m"": 0.96}"
train_001147,47430248/182350.093,47430248,lidar,unknown,train,nearest_object,,4,What is right next to the cabinet?,,television,object,,ARKitScenes/3dod/Training/47430248/47430248_frames/lowres_wide/47430248_182350.093.png,ARKitScenes/3dod/Training/47430248/47430248_frames/lowres_depth/47430248_182350.093.png,rule,"{""anchor_concept"": ""cabinet"", ""anchor_object_index"": 7, ""answer_concept"": ""television"", ""answer_object_index"": 9, ""nearest_distance_m"": 0.314, ""second_nearest_distance_m"": 0.522}"
train_001148,41125478/2067.472,41125478,lidar,unknown,train,identify_superlative,farthest_camera,1,"Excluding the walls, floor, and ceiling, what is the most distant object from the camera?",,cabinet,object,,ARKitScenes/3dod/Training/41125478/41125478_frames/lowres_wide/41125478_2067.472.png,ARKitScenes/3dod/Training/41125478/41125478_frames/lowres_depth/41125478_2067.472.png,rule,"{""winner_concept"": ""cabinet"", ""winner_object_index"": 4, ""winner_area_frac"": 0.46615279164636503, ""winner_depth_m"": 2.065999984741211, ""runner_up_concept"": null, ""runner_up_area_frac"": null, ""runner_up_depth_m"": null}"
train_001149,47334938/663173.615,47334938,lidar,unknown,train,left_right,,5,"From the chair, which direction is the dishwasher in, left or right?",,right,choice,left|right,ARKitScenes/3dod/Training/47334938/47334938_frames/lowres_wide/47334938_663173.615.png,ARKitScenes/3dod/Training/47334938/47334938_frames/lowres_depth/47334938_663173.615.png,rule,"{""a_concept"": ""dishwasher"", ""b_concept"": ""chair"", ""a_centroid_x"": 218.6881611570822, ""b_centroid_x"": 9.321419195434768, ""horizontal_gap_px"": 209.36674196164742, ""image_width"": 256}"
train_001150,48018286/799446.029,48018286,lidar,unknown,train,existence,positive,4,Is a sofa present in this scene?,,yes,yes_no,yes|no,ARKitScenes/3dod/Training/48018286/48018286_frames/lowres_wide/48018286_799446.029.png,ARKitScenes/3dod/Training/48018286/48018286_frames/lowres_depth/48018286_799446.029.png,rule,"{""concept"": ""sofa"", ""object_index"": 24, ""area_frac"": 0.02046222262450415}"
train_001151,48018760/15085.976,48018760,lidar,unknown,train,relative_depth,closer,5,"Which one is closer, the cabinet or the table?",,cabinet,choice,cabinet|table,ARKitScenes/3dod/Training/48018760/48018760_frames/lowres_wide/48018760_15085.976.png,ARKitScenes/3dod/Training/48018760/48018760_frames/lowres_depth/48018760_15085.976.png,rule,"{""a_concept"": ""table"", ""a_depth_m"": 2.760999917984009, ""b_concept"": ""cabinet"", ""b_depth_m"": 2.2869999408721924, ""comparative"": ""closer"", ""answer_concept"": ""cabinet""}"
train_001152,48458245/78503.546,48458245,lidar,unknown,train,left_right,,5,"From the washer, which direction is the refrigerator in, left or right?",,right,choice,left|right,ARKitScenes/3dod/Training/48458245/48458245_frames/lowres_wide/48458245_78503.546.png,ARKitScenes/3dod/Training/48458245/48458245_frames/lowres_depth/48458245_78503.546.png,rule,"{""a_concept"": ""refrigerator"", ""b_concept"": ""washer"", ""a_centroid_x"": 113.37046224070185, ""b_centroid_x"": 66.2922047471362, ""horizontal_gap_px"": 47.07825749356566, ""image_width"": 256}"
train_001153,47331631/20001.460,47331631,lidar,unknown,train,identify_superlative,farthest_camera,3,"Ignoring the walls, floor, and ceiling, what object is farthest from the viewer?",,cabinet,object,,ARKitScenes/3dod/Training/47331631/47331631_frames/lowres_wide/47331631_20001.460.png,ARKitScenes/3dod/Training/47331631/47331631_frames/lowres_depth/47331631_20001.460.png,rule,"{""winner_concept"": ""cabinet"", ""winner_object_index"": 8, ""winner_area_frac"": 0.4353231761289981, ""winner_depth_m"": 0.9599999785423279, ""runner_up_concept"": null, ""runner_up_area_frac"": null, ""runner_up_depth_m"": null}"
train_001154,47895871/489475.504,47895871,lidar,unknown,train,nearest_object,,5,Which object is closest in distance to the cabinet?,,chair,object,,ARKitScenes/3dod/Training/47895871/47895871_frames/lowres_wide/47895871_489475.504.png,ARKitScenes/3dod/Training/47895871/47895871_frames/lowres_depth/47895871_489475.504.png,rule,"{""anchor_concept"": ""cabinet"", ""anchor_object_index"": 4, ""answer_concept"": ""chair"", ""answer_object_index"": 19, ""nearest_distance_m"": 0.732, ""second_nearest_distance_m"": 1.624}"
train_001155,47670124/41667.395,47670124,lidar,unknown,train,left_right,,1,"Relative to the table, is the cabinet on the left or the right?",,left,choice,left|right,ARKitScenes/3dod/Training/47670124/47670124_frames/lowres_wide/47670124_41667.395.png,ARKitScenes/3dod/Training/47670124/47670124_frames/lowres_depth/47670124_41667.395.png,rule,"{""a_concept"": ""cabinet"", ""b_concept"": ""table"", ""a_centroid_x"": 161.61096481724357, ""b_centroid_x"": 242.28263236305844, ""horizontal_gap_px"": 80.67166754581487, ""image_width"": 256}"
train_001156,44358306/17412.643,44358306,lidar,unknown,train,nearest_object,,3,Which item is positioned nearest to the chair?,,fireplace,object,,ARKitScenes/3dod/Training/44358306/44358306_frames/lowres_wide/44358306_17412.643.png,ARKitScenes/3dod/Training/44358306/44358306_frames/lowres_depth/44358306_17412.643.png,rule,"{""anchor_concept"": ""chair"", ""anchor_object_index"": 7, ""answer_concept"": ""fireplace"", ""answer_object_index"": 5, ""nearest_distance_m"": 1.093, ""second_nearest_distance_m"": 1.49}"
train_001157,48018791/18065.268,48018791,lidar,unknown,train,existence,positive,5,Is there any television visible in the image?,,yes,yes_no,yes|no,ARKitScenes/3dod/Training/48018791/48018791_frames/lowres_wide/48018791_18065.268.png,ARKitScenes/3dod/Training/48018791/48018791_frames/lowres_depth/48018791_18065.268.png,rule,"{""concept"": ""television"", ""object_index"": 11, ""area_frac"": 0.03450212254293666}"
train_001158,43828555/101372.431,43828555,lidar,unknown,train,nearest_object,,2,What sits closest to the cabinet?,,sink,object,,ARKitScenes/3dod/Training/43828555/43828555_frames/lowres_wide/43828555_101372.431.png,ARKitScenes/3dod/Training/43828555/43828555_frames/lowres_depth/43828555_101372.431.png,rule,"{""anchor_concept"": ""cabinet"", ""anchor_object_index"": 8, ""answer_concept"": ""sink"", ""answer_object_index"": 9, ""nearest_distance_m"": 0.145, ""second_nearest_distance_m"": 0.266}"
train_001159,47670124/41677.708,47670124,lidar,unknown,train,nearest_object,,4,What is right next to the table?,,sofa,object,,ARKitScenes/3dod/Training/47670124/47670124_frames/lowres_wide/47670124_41677.708.png,ARKitScenes/3dod/Training/47670124/47670124_frames/lowres_depth/47670124_41677.708.png,rule,"{""anchor_concept"": ""table"", ""anchor_object_index"": 11, ""answer_concept"": ""sofa"", ""answer_object_index"": 6, ""nearest_distance_m"": 0.566, ""second_nearest_distance_m"": 2.676}"
train_001160,47333698/48421.848,47333698,lidar,unknown,train,identify_superlative,closest_camera,2,"Among the furniture and items in the room, not the walls, floor, or ceiling, which is closest to where the picture was taken from?",,cabinet,object,,ARKitScenes/3dod/Training/47333698/47333698_frames/lowres_wide/47333698_48421.848.png,ARKitScenes/3dod/Training/47333698/47333698_frames/lowres_depth/47333698_48421.848.png,rule,"{""winner_concept"": ""cabinet"", ""winner_object_index"": 6, ""winner_area_frac"": 0.043622805518961194, ""winner_depth_m"": 2.2790000438690186, ""runner_up_concept"": ""shelf"", ""runner_up_area_frac"": 0.0286918474464444, ""runner_up_depth_m"": 2.884000062942505}"
train_001161,43896038/130000.165,43896038,lidar,unknown,train,identify_superlative,farthest_camera,2,"Among the furniture and items in the room, not the walls, floor, or ceiling, which is farthest from where the picture was taken?",,sink,object,,ARKitScenes/3dod/Training/43896038/43896038_frames/lowres_wide/43896038_130000.165.png,ARKitScenes/3dod/Training/43896038/43896038_frames/lowres_depth/43896038_130000.165.png,rule,"{""winner_concept"": ""sink"", ""winner_object_index"": 2, ""winner_area_frac"": 0.07566521875231307, ""winner_depth_m"": 1.4509999752044678, ""runner_up_concept"": null, ""runner_up_area_frac"": null, ""runner_up_depth_m"": null}"
train_001162,43896223/4938.817,43896223,lidar,unknown,train,left_right,,0,Is the cabinet to the left or to the right of the stool?,,right,choice,left|right,ARKitScenes/3dod/Training/43896223/43896223_frames/lowres_wide/43896223_4938.817.png,ARKitScenes/3dod/Training/43896223/43896223_frames/lowres_depth/43896223_4938.817.png,rule,"{""a_concept"": ""cabinet"", ""b_concept"": ""stool"", ""a_centroid_x"": 38.84373916139382, ""b_centroid_x"": 11.943956464572873, ""horizontal_gap_px"": 26.89978269682095, ""image_width"": 256}"
train_001163,45261397/29157.661,45261397,lidar,unknown,train,nearest_object,,4,What is right next to the chair?,,shelf,object,,ARKitScenes/3dod/Training/45261397/45261397_frames/lowres_wide/45261397_29157.661.png,ARKitScenes/3dod/Training/45261397/45261397_frames/lowres_depth/45261397_29157.661.png,rule,"{""anchor_concept"": ""chair"", ""anchor_object_index"": 1, ""answer_concept"": ""shelf"", ""answer_object_index"": 2, ""nearest_distance_m"": 0.256, ""second_nearest_distance_m"": 1.408}"
train_001164,47669851/12549.173,47669851,lidar,unknown,train,relative_depth,farther,3,"Which object is farther from the camera, the table or the fireplace?",,table,choice,table|fireplace,ARKitScenes/3dod/Training/47669851/47669851_frames/lowres_wide/47669851_12549.173.png,ARKitScenes/3dod/Training/47669851/47669851_frames/lowres_depth/47669851_12549.173.png,rule,"{""a_concept"": ""fireplace"", ""a_depth_m"": 3.265000104904175, ""b_concept"": ""table"", ""b_depth_m"": 5.242000102996826, ""comparative"": ""farther"", ""answer_concept"": ""table""}"
train_001165,45260947/4616.302,45260947,lidar,unknown,train,nearest_object,,5,Which object is closest in distance to the shelf?,,television,object,,ARKitScenes/3dod/Training/45260947/45260947_frames/lowres_wide/45260947_4616.302.png,ARKitScenes/3dod/Training/45260947/45260947_frames/lowres_depth/45260947_4616.302.png,rule,"{""anchor_concept"": ""shelf"", ""anchor_object_index"": 0, ""answer_concept"": ""television"", ""answer_object_index"": 1, ""nearest_distance_m"": 1.366, ""second_nearest_distance_m"": 1.855}"
train_001166,47332197/263649.854,47332197,lidar,unknown,train,relative_depth,closer,5,"Which one is closer, the table or the toilet?",,table,choice,table|toilet,ARKitScenes/3dod/Training/47332197/47332197_frames/lowres_wide/47332197_263649.854.png,ARKitScenes/3dod/Training/47332197/47332197_frames/lowres_depth/47332197_263649.854.png,rule,"{""a_concept"": ""toilet"", ""a_depth_m"": 1.968000054359436, ""b_concept"": ""table"", ""b_depth_m"": 1.315000057220459, ""comparative"": ""closer"", ""answer_concept"": ""table""}"
train_001167,41127074/1000.015,41127074,lidar,unknown,train,left_right,,0,Is the bathtub to the left or to the right of the sink?,,left,choice,left|right,ARKitScenes/3dod/Training/41127074/41127074_frames/lowres_wide/41127074_1000.015.png,ARKitScenes/3dod/Training/41127074/41127074_frames/lowres_depth/41127074_1000.015.png,rule,"{""a_concept"": ""bathtub"", ""b_concept"": ""sink"", ""a_centroid_x"": 71.40767707442055, ""b_centroid_x"": 200.0667281082986, ""horizontal_gap_px"": 128.65905103387806, ""image_width"": 256}"
train_001168,47332063/247507.774,47332063,lidar,unknown,train,nearest_object,,2,What sits closest to the chair?,,table,object,,ARKitScenes/3dod/Training/47332063/47332063_frames/lowres_wide/47332063_247507.774.png,ARKitScenes/3dod/Training/47332063/47332063_frames/lowres_depth/47332063_247507.774.png,rule,"{""anchor_concept"": ""chair"", ""anchor_object_index"": 2, ""answer_concept"": ""table"", ""answer_object_index"": 1, ""nearest_distance_m"": 0.252, ""second_nearest_distance_m"": 0.67}"
train_001169,47331705/9739.944,47331705,lidar,unknown,train,nearest_object,,2,What sits closest to the table?,,sofa,object,,ARKitScenes/3dod/Training/47331705/47331705_frames/lowres_wide/47331705_9739.944.png,ARKitScenes/3dod/Training/47331705/47331705_frames/lowres_depth/47331705_9739.944.png,rule,"{""anchor_concept"": ""table"", ""anchor_object_index"": 3, ""answer_concept"": ""sofa"", ""answer_object_index"": 0, ""nearest_distance_m"": 1.796, ""second_nearest_distance_m"": 2.859}"
train_001170,43828250/81631.705,43828250,lidar,unknown,train,existence,positive,2,Does this room contain a cabinet?,,yes,yes_no,yes|no,ARKitScenes/3dod/Training/43828250/43828250_frames/lowres_wide/43828250_81631.705.png,ARKitScenes/3dod/Training/43828250/43828250_frames/lowres_depth/43828250_81631.705.png,rule,"{""concept"": ""cabinet"", ""object_index"": 4, ""area_frac"": 0.214795363939847}"
train_001171,47895816/685917.660,47895816,lidar,unknown,train,relative_depth,farther,0,"Which is farther from the camera, the table or the bathtub?",,bathtub,choice,table|bathtub,ARKitScenes/3dod/Training/47895816/47895816_frames/lowres_wide/47895816_685917.660.png,ARKitScenes/3dod/Training/47895816/47895816_frames/lowres_depth/47895816_685917.660.png,rule,"{""a_concept"": ""bathtub"", ""a_depth_m"": 1.597000002861023, ""b_concept"": ""table"", ""b_depth_m"": 1.1929999589920044, ""comparative"": ""farther"", ""answer_concept"": ""bathtub""}"
train_001172,43896019/138313.930,43896019,lidar,unknown,train,left_right,,5,"From the sink, which direction is the cabinet in, left or right?",,right,choice,left|right,ARKitScenes/3dod/Training/43896019/43896019_frames/lowres_wide/43896019_138313.930.png,ARKitScenes/3dod/Training/43896019/43896019_frames/lowres_depth/43896019_138313.930.png,rule,"{""a_concept"": ""cabinet"", ""b_concept"": ""sink"", ""a_centroid_x"": 99.5324612320005, ""b_centroid_x"": 61.114858358399644, ""horizontal_gap_px"": 38.417602873600856, ""image_width"": 256}"
train_001173,42446466/355422.571,42446466,lidar,unknown,train,nearest_object,,5,Which object is closest in distance to the cabinet?,,stool,object,,ARKitScenes/3dod/Training/42446466/42446466_frames/lowres_wide/42446466_355422.571.png,ARKitScenes/3dod/Training/42446466/42446466_frames/lowres_depth/42446466_355422.571.png,rule,"{""anchor_concept"": ""cabinet"", ""anchor_object_index"": 21, ""answer_concept"": ""stool"", ""answer_object_index"": 19, ""nearest_distance_m"": 0.528, ""second_nearest_distance_m"": 0.75}"
train_001174,41254720/128239.109,41254720,lidar,unknown,train,identify_superlative,farthest_camera,2,"Among the furniture and items in the room, not the walls, floor, or ceiling, which is farthest from where the picture was taken?",,cabinet,object,,ARKitScenes/3dod/Training/41254720/41254720_frames/lowres_wide/41254720_128239.109.png,ARKitScenes/3dod/Training/41254720/41254720_frames/lowres_depth/41254720_128239.109.png,rule,"{""winner_concept"": ""cabinet"", ""winner_object_index"": 6, ""winner_area_frac"": 0.014349745859330751, ""winner_depth_m"": 2.578000068664551, ""runner_up_concept"": null, ""runner_up_area_frac"": null, ""runner_up_depth_m"": null}"
train_001175,44358336/14215.136,44358336,lidar,unknown,train,existence,negative,1,Do you see a sofa here?,,no,yes_no,yes|no,ARKitScenes/3dod/Training/44358336/44358336_frames/lowres_wide/44358336_14215.136.png,ARKitScenes/3dod/Training/44358336/44358336_frames/lowres_depth/44358336_14215.136.png,rule,"{""concept"": ""sofa"", ""reason"": ""category_or_scene_type_plausible""}"
train_001176,47430313/264694.155,47430313,lidar,unknown,train,identify_superlative,farthest_camera,5,"Excluding the walls, floor, and ceiling, what is the most distant visible object in the scene?",,sink,object,,ARKitScenes/3dod/Training/47430313/47430313_frames/lowres_wide/47430313_264694.155.png,ARKitScenes/3dod/Training/47430313/47430313_frames/lowres_depth/47430313_264694.155.png,rule,"{""winner_concept"": ""sink"", ""winner_object_index"": 2, ""winner_area_frac"": 0.0673365752253393, ""winner_depth_m"": 1.3339999914169312, ""runner_up_concept"": ""cabinet"", ""runner_up_area_frac"": 0.13349380578765424, ""runner_up_depth_m"": 1.0420000553131104}"
train_001177,41126792/6181.137,41126792,lidar,unknown,train,left_right,,1,"Relative to the toilet, is the cabinet on the left or the right?",,right,choice,left|right,ARKitScenes/3dod/Training/41126792/41126792_frames/lowres_wide/41126792_6181.137.png,ARKitScenes/3dod/Training/41126792/41126792_frames/lowres_depth/41126792_6181.137.png,rule,"{""a_concept"": ""cabinet"", ""b_concept"": ""toilet"", ""a_centroid_x"": 246.82059747764515, ""b_centroid_x"": 216.48644541629065, ""horizontal_gap_px"": 30.3341520613545, ""image_width"": 256}"
train_001178,42923203/1502.664,42923203,lidar,unknown,train,identify_superlative,closest_camera,3,"Ignoring the walls, floor, and ceiling, what object is nearest the viewer?",,sink,object,,ARKitScenes/3dod/Training/42923203/42923203_frames/lowres_wide/42923203_1502.664.png,ARKitScenes/3dod/Training/42923203/42923203_frames/lowres_depth/42923203_1502.664.png,rule,"{""winner_concept"": ""sink"", ""winner_object_index"": 1, ""winner_area_frac"": 0.01462655017846041, ""winner_depth_m"": 2.0460000038146973, ""runner_up_concept"": null, ""runner_up_area_frac"": null, ""runner_up_depth_m"": null}"
train_001179,47333653/126339.640,47333653,lidar,unknown,train,left_right,,5,"From the table, which direction is the sofa in, left or right?",,right,choice,left|right,ARKitScenes/3dod/Training/47333653/47333653_frames/lowres_wide/47333653_126339.640.png,ARKitScenes/3dod/Training/47333653/47333653_frames/lowres_depth/47333653_126339.640.png,rule,"{""a_concept"": ""sofa"", ""b_concept"": ""table"", ""a_centroid_x"": 143.7262771398269, ""b_centroid_x"": 31.830850150259096, ""horizontal_gap_px"": 111.8954269895678, ""image_width"": 256}"
train_001180,48018531/823403.695,48018531,lidar,unknown,train,identify_superlative,closest_camera,4,"Not counting the room's walls, floor, or ceiling, which object is closest to us in this image?",,television,object,,ARKitScenes/3dod/Training/48018531/48018531_frames/lowres_wide/48018531_823403.695.png,ARKitScenes/3dod/Training/48018531/48018531_frames/lowres_depth/48018531_823403.695.png,rule,"{""winner_concept"": ""television"", ""winner_object_index"": 1, ""winner_area_frac"": 0.02128741449005762, ""winner_depth_m"": 1.8489999771118164, ""runner_up_concept"": null, ""runner_up_area_frac"": null, ""runner_up_depth_m"": null}"
train_001181,47431190/360346.288,47431190,lidar,unknown,train,nearest_object,,4,What is right next to the table?,,sofa,object,,ARKitScenes/3dod/Training/47431190/47431190_frames/lowres_wide/47431190_360346.288.png,ARKitScenes/3dod/Training/47431190/47431190_frames/lowres_depth/47431190_360346.288.png,rule,"{""anchor_concept"": ""table"", ""anchor_object_index"": 12, ""answer_concept"": ""sofa"", ""answer_object_index"": 27, ""nearest_distance_m"": 1.27, ""second_nearest_distance_m"": 1.656}"
train_001182,47332519/415977.167,47332519,lidar,unknown,train,existence,positive,2,Does this room contain a television?,,yes,yes_no,yes|no,ARKitScenes/3dod/Training/47332519/47332519_frames/lowres_wide/47332519_415977.167.png,ARKitScenes/3dod/Training/47332519/47332519_frames/lowres_depth/47332519_415977.167.png,rule,"{""concept"": ""television"", ""object_index"": 1, ""area_frac"": 0.018047724061777865}"
train_001183,42446068/80660.586,42446068,lidar,unknown,train,left_right,,4,"Which side of the sink is the toilet on, left or right?",,right,choice,left|right,ARKitScenes/3dod/Training/42446068/42446068_frames/lowres_wide/42446068_80660.586.png,ARKitScenes/3dod/Training/42446068/42446068_frames/lowres_depth/42446068_80660.586.png,rule,"{""a_concept"": ""toilet"", ""b_concept"": ""sink"", ""a_centroid_x"": 218.58517333197642, ""b_centroid_x"": 38.75029616118857, ""horizontal_gap_px"": 179.83487717078785, ""image_width"": 256}"
train_001184,41159623/55593.231,41159623,lidar,unknown,train,nearest_object,,1,Which object is nearest to the table?,,television,object,,ARKitScenes/3dod/Training/41159623/41159623_frames/lowres_wide/41159623_55593.231.png,ARKitScenes/3dod/Training/41159623/41159623_frames/lowres_depth/41159623_55593.231.png,rule,"{""anchor_concept"": ""table"", ""anchor_object_index"": 14, ""answer_concept"": ""television"", ""answer_object_index"": 15, ""nearest_distance_m"": 0.47, ""second_nearest_distance_m"": 1.366}"
train_001185,47334001/51171.261,47334001,lidar,unknown,train,identify_superlative,farthest_camera,3,"Ignoring the walls, floor, and ceiling, what object is farthest from the viewer?",,bed,object,,ARKitScenes/3dod/Training/47334001/47334001_frames/lowres_wide/47334001_51171.261.png,ARKitScenes/3dod/Training/47334001/47334001_frames/lowres_depth/47334001_51171.261.png,rule,"{""winner_concept"": ""bed"", ""winner_object_index"": 0, ""winner_area_frac"": 0.17407796308255893, ""winner_depth_m"": 1.1299999952316284, ""runner_up_concept"": null, ""runner_up_area_frac"": null, ""runner_up_depth_m"": null}"
train_001186,47334655/389722.165,47334655,lidar,unknown,train,existence,negative,3,Can you spot a television in the picture?,,no,yes_no,yes|no,ARKitScenes/3dod/Training/47334655/47334655_frames/lowres_wide/47334655_389722.165.png,ARKitScenes/3dod/Training/47334655/47334655_frames/lowres_depth/47334655_389722.165.png,rule,"{""concept"": ""television"", ""reason"": ""category_or_scene_type_plausible""}"
train_001187,45260877/7379.568,45260877,lidar,unknown,train,relative_depth,farther,4,"Of the sofa and the shelf, which is farther?",,sofa,choice,sofa|shelf,ARKitScenes/3dod/Training/45260877/45260877_frames/lowres_wide/45260877_7379.568.png,ARKitScenes/3dod/Training/45260877/45260877_frames/lowres_depth/45260877_7379.568.png,rule,"{""a_concept"": ""sofa"", ""a_depth_m"": 2.7360000610351562, ""b_concept"": ""shelf"", ""b_depth_m"": 1.2109999656677246, ""comparative"": ""farther"", ""answer_concept"": ""sofa""}"
train_001188,48018115/368401.451,48018115,lidar,unknown,train,left_right,,2,"Looking at the stool, is the table positioned on its left or right?",,left,choice,left|right,ARKitScenes/3dod/Training/48018115/48018115_frames/lowres_wide/48018115_368401.451.png,ARKitScenes/3dod/Training/48018115/48018115_frames/lowres_depth/48018115_368401.451.png,rule,"{""a_concept"": ""table"", ""b_concept"": ""stool"", ""a_centroid_x"": 33.88901758926137, ""b_centroid_x"": 224.09279422594898, ""horizontal_gap_px"": 190.20377663668762, ""image_width"": 256}"
train_001189,47204350/15582.048,47204350,lidar,unknown,train,relative_depth,farther,1,"Between the cabinet and the sofa, which one is farther from the camera?",,sofa,choice,cabinet|sofa,ARKitScenes/3dod/Training/47204350/47204350_frames/lowres_wide/47204350_15582.048.png,ARKitScenes/3dod/Training/47204350/47204350_frames/lowres_depth/47204350_15582.048.png,rule,"{""a_concept"": ""sofa"", ""a_depth_m"": 3.990000009536743, ""b_concept"": ""cabinet"", ""b_depth_m"": 2.5390000343322754, ""comparative"": ""farther"", ""answer_concept"": ""sofa""}"
train_001190,43828435/90488.558,43828435,lidar,unknown,train,identify_superlative,farthest_camera,3,"Ignoring the walls, floor, and ceiling, what object is farthest from the viewer?",,cabinet,object,,ARKitScenes/3dod/Training/43828435/43828435_frames/lowres_wide/43828435_90488.558.png,ARKitScenes/3dod/Training/43828435/43828435_frames/lowres_depth/43828435_90488.558.png,rule,"{""winner_concept"": ""cabinet"", ""winner_object_index"": 0, ""winner_area_frac"": 0.017482753191501003, ""winner_depth_m"": 3.7109999656677246, ""runner_up_concept"": null, ""runner_up_area_frac"": null, ""runner_up_depth_m"": null}"
train_001191,42899875/1023118.979,42899875,lidar,unknown,train,left_right,,5,"From the table, which direction is the bed in, left or right?",,left,choice,left|right,ARKitScenes/3dod/Training/42899875/42899875_frames/lowres_wide/42899875_1023118.979.png,ARKitScenes/3dod/Training/42899875/42899875_frames/lowres_depth/42899875_1023118.979.png,rule,"{""a_concept"": ""bed"", ""b_concept"": ""table"", ""a_centroid_x"": 55.67261814022562, ""b_centroid_x"": 148.61525251423015, ""horizontal_gap_px"": 92.94263437400453, ""image_width"": 256}"
train_001192,47204506/649.586,47204506,lidar,unknown,train,identify_superlative,closest_camera,3,"Ignoring the walls, floor, and ceiling, what object is nearest the viewer?",,cabinet,object,,ARKitScenes/3dod/Training/47204506/47204506_frames/lowres_wide/47204506_649.586.png,ARKitScenes/3dod/Training/47204506/47204506_frames/lowres_depth/47204506_649.586.png,rule,"{""winner_concept"": ""cabinet"", ""winner_object_index"": 0, ""winner_area_frac"": 0.010429993163380809, ""winner_depth_m"": 1.1139999628067017, ""runner_up_concept"": ""cabinet"", ""runner_up_area_frac"": 0.16332674753870846, ""runner_up_depth_m"": 2.828000068664551}"
train_001193,43828328/77694.295,43828328,lidar,unknown,train,existence,positive,1,Do you see a television here?,,yes,yes_no,yes|no,ARKitScenes/3dod/Training/43828328/43828328_frames/lowres_wide/43828328_77694.295.png,ARKitScenes/3dod/Training/43828328/43828328_frames/lowres_depth/43828328_77694.295.png,rule,"{""concept"": ""television"", ""object_index"": 4, ""area_frac"": 0.015484525696361629}"
train_001194,41126792/6188.134,41126792,lidar,unknown,train,identify_superlative,closest_camera,3,"Ignoring the walls, floor, and ceiling, what object is nearest the viewer?",,toilet,object,,ARKitScenes/3dod/Training/41126792/41126792_frames/lowres_wide/41126792_6188.134.png,ARKitScenes/3dod/Training/41126792/41126792_frames/lowres_depth/41126792_6188.134.png,rule,"{""winner_concept"": ""toilet"", ""winner_object_index"": 3, ""winner_area_frac"": 0.03934721343982287, ""winner_depth_m"": 1.815000057220459, ""runner_up_concept"": null, ""runner_up_area_frac"": null, ""runner_up_depth_m"": null}"
train_001195,42897954/533696.346,42897954,lidar,unknown,train,identify_superlative,farthest_camera,3,"Ignoring the walls, floor, and ceiling, what object is farthest from the viewer?",,table,object,,ARKitScenes/3dod/Training/42897954/42897954_frames/lowres_wide/42897954_533696.346.png,ARKitScenes/3dod/Training/42897954/42897954_frames/lowres_depth/42897954_533696.346.png,rule,"{""winner_concept"": ""table"", ""winner_object_index"": 3, ""winner_area_frac"": 0.17970272219312586, ""winner_depth_m"": 1.1080000400543213, ""runner_up_concept"": null, ""runner_up_area_frac"": null, ""runner_up_depth_m"": null}"
train_001196,47429806/739370.017,47429806,lidar,unknown,train,relative_depth,closer,1,"Between the sink and the toilet, which one is closer to the camera?",,sink,choice,sink|toilet,ARKitScenes/3dod/Training/47429806/47429806_frames/lowres_wide/47429806_739370.017.png,ARKitScenes/3dod/Training/47429806/47429806_frames/lowres_depth/47429806_739370.017.png,rule,"{""a_concept"": ""toilet"", ""a_depth_m"": 2.2079999446868896, ""b_concept"": ""sink"", ""b_depth_m"": 1.8880000114440918, ""comparative"": ""closer"", ""answer_concept"": ""sink""}"
train_001197,47895320/92493.920,47895320,lidar,unknown,train,relative_depth,farther,3,"Which object is farther from the camera, the table or the television?",,table,choice,table|television,ARKitScenes/3dod/Training/47895320/47895320_frames/lowres_wide/47895320_92493.920.png,ARKitScenes/3dod/Training/47895320/47895320_frames/lowres_depth/47895320_92493.920.png,rule,"{""a_concept"": ""table"", ""a_depth_m"": 1.3769999742507935, ""b_concept"": ""television"", ""b_depth_m"": 0.8519999980926514, ""comparative"": ""farther"", ""answer_concept"": ""table""}"
train_001198,45663317/76513.292,45663317,lidar,unknown,train,left_right,,5,"From the toilet, which direction is the sink in, left or right?",,left,choice,left|right,ARKitScenes/3dod/Training/45663317/45663317_frames/lowres_wide/45663317_76513.292.png,ARKitScenes/3dod/Training/45663317/45663317_frames/lowres_depth/45663317_76513.292.png,rule,"{""a_concept"": ""sink"", ""b_concept"": ""toilet"", ""a_centroid_x"": 96.83817606166228, ""b_centroid_x"": 191.8656018115374, ""horizontal_gap_px"": 95.02742574987512, ""image_width"": 256}"
train_001199,42897771/127020.207,42897771,lidar,unknown,train,relative_depth,farther,1,"Between the sofa and the fireplace, which one is farther from the camera?",,fireplace,choice,sofa|fireplace,ARKitScenes/3dod/Training/42897771/42897771_frames/lowres_wide/42897771_127020.207.png,ARKitScenes/3dod/Training/42897771/42897771_frames/lowres_depth/42897771_127020.207.png,rule,"{""a_concept"": ""sofa"", ""a_depth_m"": 4.531000137329102, ""b_concept"": ""fireplace"", ""b_depth_m"": 6.701000213623047, ""comparative"": ""farther"", ""answer_concept"": ""fireplace""}"
train_001200,43828455/92102.354,43828455,lidar,unknown,train,nearest_object,,2,What sits closest to the sink?,,bathtub,object,,ARKitScenes/3dod/Training/43828455/43828455_frames/lowres_wide/43828455_92102.354.png,ARKitScenes/3dod/Training/43828455/43828455_frames/lowres_depth/43828455_92102.354.png,rule,"{""anchor_concept"": ""sink"", ""anchor_object_index"": 1, ""answer_concept"": ""bathtub"", ""answer_object_index"": 2, ""nearest_distance_m"": 0.282, ""second_nearest_distance_m"": 0.616}"
train_001201,47334837/613741.266,47334837,lidar,unknown,train,relative_depth,farther,0,"Which is farther from the camera, the sofa or the table?",,sofa,choice,sofa|table,ARKitScenes/3dod/Training/47334837/47334837_frames/lowres_wide/47334837_613741.266.png,ARKitScenes/3dod/Training/47334837/47334837_frames/lowres_depth/47334837_613741.266.png,rule,"{""a_concept"": ""sofa"", ""a_depth_m"": 2.2750000953674316, ""b_concept"": ""table"", ""b_depth_m"": 1.8020000457763672, ""comparative"": ""farther"", ""answer_concept"": ""sofa""}"
train_001202,47115649/4890.164,47115649,lidar,unknown,train,nearest_object,,4,What is right next to the chair?,,sofa,object,,ARKitScenes/3dod/Training/47115649/47115649_frames/lowres_wide/47115649_4890.164.png,ARKitScenes/3dod/Training/47115649/47115649_frames/lowres_depth/47115649_4890.164.png,rule,"{""anchor_concept"": ""chair"", ""anchor_object_index"": 5, ""answer_concept"": ""sofa"", ""answer_object_index"": 6, ""nearest_distance_m"": 2.269, ""second_nearest_distance_m"": 4.602}"
train_001203,47333698/48422.547,47333698,lidar,unknown,train,relative_depth,closer,1,"Between the cabinet and the stove, which one is closer to the camera?",,stove,choice,cabinet|stove,ARKitScenes/3dod/Training/47333698/47333698_frames/lowres_wide/47333698_48422.547.png,ARKitScenes/3dod/Training/47333698/47333698_frames/lowres_depth/47333698_48422.547.png,rule,"{""a_concept"": ""stove"", ""a_depth_m"": 1.9220000505447388, ""b_concept"": ""cabinet"", ""b_depth_m"": 2.4170000553131104, ""comparative"": ""closer"", ""answer_concept"": ""stove""}"
train_001204,47333698/48421.848,47333698,lidar,unknown,train,relative_depth,farther,1,"Between the shelf and the cabinet, which one is farther from the camera?",,shelf,choice,shelf|cabinet,ARKitScenes/3dod/Training/47333698/47333698_frames/lowres_wide/47333698_48421.848.png,ARKitScenes/3dod/Training/47333698/47333698_frames/lowres_depth/47333698_48421.848.png,rule,"{""a_concept"": ""shelf"", ""a_depth_m"": 2.884000062942505, ""b_concept"": ""cabinet"", ""b_depth_m"": 2.2790000438690186, ""comparative"": ""farther"", ""answer_concept"": ""shelf""}"
train_001205,47334267/156777.585,47334267,lidar,unknown,train,relative_depth,farther,1,"Between the television and the cabinet, which one is farther from the camera?",,cabinet,choice,television|cabinet,ARKitScenes/3dod/Training/47334267/47334267_frames/lowres_wide/47334267_156777.585.png,ARKitScenes/3dod/Training/47334267/47334267_frames/lowres_depth/47334267_156777.585.png,rule,"{""a_concept"": ""cabinet"", ""a_depth_m"": 2.250499963760376, ""b_concept"": ""television"", ""b_depth_m"": 1.8450000286102295, ""comparative"": ""farther"", ""answer_concept"": ""cabinet""}"
train_001206,47331273/12887.163,47331273,lidar,unknown,train,relative_depth,farther,2,Is the cabinet or the chair farther from the camera?,,chair,choice,cabinet|chair,ARKitScenes/3dod/Training/47331273/47331273_frames/lowres_wide/47331273_12887.163.png,ARKitScenes/3dod/Training/47331273/47331273_frames/lowres_depth/47331273_12887.163.png,rule,"{""a_concept"": ""cabinet"", ""a_depth_m"": 1.0379999876022339, ""b_concept"": ""chair"", ""b_depth_m"": 1.5509999990463257, ""comparative"": ""farther"", ""answer_concept"": ""chair""}"
train_001207,44358631/1392.168,44358631,lidar,unknown,train,identify_superlative,closest_camera,1,"Excluding the walls, floor, and ceiling, what is the nearest object to the camera?",,table,object,,ARKitScenes/3dod/Training/44358631/44358631_frames/lowres_wide/44358631_1392.168.png,ARKitScenes/3dod/Training/44358631/44358631_frames/lowres_depth/44358631_1392.168.png,rule,"{""winner_concept"": ""table"", ""winner_object_index"": 6, ""winner_area_frac"": 0.36512822169529646, ""winner_depth_m"": 1.3559999465942383, ""runner_up_concept"": ""sofa"", ""runner_up_area_frac"": 0.014630958807065358, ""runner_up_depth_m"": 2.866000175476074}"
train_001208,47332819/48882.015,47332819,lidar,unknown,train,relative_depth,farther,5,"Which one is farther, the cabinet or the refrigerator?",,cabinet,choice,cabinet|refrigerator,ARKitScenes/3dod/Training/47332819/47332819_frames/lowres_wide/47332819_48882.015.png,ARKitScenes/3dod/Training/47332819/47332819_frames/lowres_depth/47332819_48882.015.png,rule,"{""a_concept"": ""refrigerator"", ""a_depth_m"": 2.055999994277954, ""b_concept"": ""cabinet"", ""b_depth_m"": 4.867000102996826, ""comparative"": ""farther"", ""answer_concept"": ""cabinet""}"
train_001209,42446068/80625.184,42446068,lidar,unknown,train,existence,positive,1,Do you see a bathtub here?,,yes,yes_no,yes|no,ARKitScenes/3dod/Training/42446068/42446068_frames/lowres_wide/42446068_80625.184.png,ARKitScenes/3dod/Training/42446068/42446068_frames/lowres_depth/42446068_80625.184.png,rule,"{""concept"": ""bathtub"", ""object_index"": 0, ""area_frac"": 0.15076578838909802}"
train_001210,41126811/8356.936,41126811,lidar,unknown,train,left_right,,0,Is the sink to the left or to the right of the cabinet?,,right,choice,left|right,ARKitScenes/3dod/Training/41126811/41126811_frames/lowres_wide/41126811_8356.936.png,ARKitScenes/3dod/Training/41126811/41126811_frames/lowres_depth/41126811_8356.936.png,rule,"{""a_concept"": ""sink"", ""b_concept"": ""cabinet"", ""a_centroid_x"": 150.90701325680246, ""b_centroid_x"": 35.64676528988416, ""horizontal_gap_px"": 115.2602479669183, ""image_width"": 256}"
train_001211,42446068/80618.204,42446068,lidar,unknown,train,existence,positive,2,Does this room contain a bathtub?,,yes,yes_no,yes|no,ARKitScenes/3dod/Training/42446068/42446068_frames/lowres_wide/42446068_80618.204.png,ARKitScenes/3dod/Training/42446068/42446068_frames/lowres_depth/42446068_80618.204.png,rule,"{""concept"": ""bathtub"", ""object_index"": 0, ""area_frac"": 0.07416281803227348}"
train_001212,44358295/15790.169,44358295,lidar,unknown,train,identify_superlative,farthest_camera,4,"Not counting the room's walls, floor, or ceiling, which object is farthest away in this image?",,chair,object,,ARKitScenes/3dod/Training/44358295/44358295_frames/lowres_wide/44358295_15790.169.png,ARKitScenes/3dod/Training/44358295/44358295_frames/lowres_depth/44358295_15790.169.png,rule,"{""winner_concept"": ""chair"", ""winner_object_index"": 2, ""winner_area_frac"": 0.043261023292124424, ""winner_depth_m"": 3.5190000534057617, ""runner_up_concept"": ""chair"", ""runner_up_area_frac"": 0.052277099933230965, ""runner_up_depth_m"": 2.7750000953674316}"
train_001213,42898247/167673.047,42898247,lidar,unknown,train,existence,negative,3,Can you spot a bathtub in the picture?,,no,yes_no,yes|no,ARKitScenes/3dod/Training/42898247/42898247_frames/lowres_wide/42898247_167673.047.png,ARKitScenes/3dod/Training/42898247/42898247_frames/lowres_depth/42898247_167673.047.png,rule,"{""concept"": ""bathtub"", ""reason"": ""category_or_scene_type_plausible""}"
train_001214,47670124/41662.298,47670124,lidar,unknown,train,nearest_object,,3,Which item is positioned nearest to the cabinet?,,toilet,object,,ARKitScenes/3dod/Training/47670124/47670124_frames/lowres_wide/47670124_41662.298.png,ARKitScenes/3dod/Training/47670124/47670124_frames/lowres_depth/47670124_41662.298.png,rule,"{""anchor_concept"": ""cabinet"", ""anchor_object_index"": 12, ""answer_concept"": ""toilet"", ""answer_object_index"": 8, ""nearest_distance_m"": 0.908, ""second_nearest_distance_m"": 3.063}"
train_001215,42897829/337799.085,42897829,lidar,unknown,train,identify_superlative,farthest_camera,3,"Ignoring the walls, floor, and ceiling, what object is farthest from the viewer?",,cabinet,object,,ARKitScenes/3dod/Training/42897829/42897829_frames/lowres_wide/42897829_337799.085.png,ARKitScenes/3dod/Training/42897829/42897829_frames/lowres_depth/42897829_337799.085.png,rule,"{""winner_concept"": ""cabinet"", ""winner_object_index"": 0, ""winner_area_frac"": 0.04765888706650492, ""winner_depth_m"": 2.0950000286102295, ""runner_up_concept"": ""cabinet"", ""runner_up_area_frac"": 0.10385597975533617, ""runner_up_depth_m"": 1.6990000009536743}"
train_001216,48018900/655474.296,48018900,lidar,unknown,train,existence,negative,5,Is there any cabinet visible in the image?,,no,yes_no,yes|no,ARKitScenes/3dod/Training/48018900/48018900_frames/lowres_wide/48018900_655474.296.png,ARKitScenes/3dod/Training/48018900/48018900_frames/lowres_depth/48018900_655474.296.png,rule,"{""concept"": ""cabinet"", ""reason"": ""category_or_scene_type_plausible""}"
train_001217,47895320/92475.111,47895320,lidar,unknown,train,identify_superlative,closest_camera,2,"Among the furniture and items in the room, not the walls, floor, or ceiling, which is closest to where the picture was taken from?",,stool,object,,ARKitScenes/3dod/Training/47895320/47895320_frames/lowres_wide/47895320_92475.111.png,ARKitScenes/3dod/Training/47895320/47895320_frames/lowres_depth/47895320_92475.111.png,rule,"{""winner_concept"": ""stool"", ""winner_object_index"": 5, ""winner_area_frac"": 0.26229315196450825, ""winner_depth_m"": 1.0490000247955322, ""runner_up_concept"": ""cabinet"", ""runner_up_area_frac"": 0.15065675702720352, ""runner_up_depth_m"": 1.5779999494552612}"
train_001218,42445445/149672.621,42445445,lidar,unknown,train,existence,positive,5,Is there any cabinet visible in the image?,,yes,yes_no,yes|no,ARKitScenes/3dod/Training/42445445/42445445_frames/lowres_wide/42445445_149672.621.png,ARKitScenes/3dod/Training/42445445/42445445_frames/lowres_depth/42445445_149672.621.png,rule,"{""concept"": ""cabinet"", ""object_index"": 1, ""area_frac"": 0.2862729890414301}"
train_001219,47430328/271278.322,47430328,lidar,unknown,train,left_right,,5,"From the bathtub, which direction is the sink in, left or right?",,right,choice,left|right,ARKitScenes/3dod/Training/47430328/47430328_frames/lowres_wide/47430328_271278.322.png,ARKitScenes/3dod/Training/47430328/47430328_frames/lowres_depth/47430328_271278.322.png,rule,"{""a_concept"": ""sink"", ""b_concept"": ""bathtub"", ""a_centroid_x"": 68.02530355242476, ""b_centroid_x"": 20.72152729492248, ""horizontal_gap_px"": 47.30377625750228, ""image_width"": 256}"
train_001220,42899305/218481.735,42899305,lidar,unknown,train,relative_depth,farther,5,"Which one is farther, the sofa or the table?",,table,choice,sofa|table,ARKitScenes/3dod/Training/42899305/42899305_frames/lowres_wide/42899305_218481.735.png,ARKitScenes/3dod/Training/42899305/42899305_frames/lowres_depth/42899305_218481.735.png,rule,"{""a_concept"": ""table"", ""a_depth_m"": 2.005000114440918, ""b_concept"": ""sofa"", ""b_depth_m"": 1.5959999561309814, ""comparative"": ""farther"", ""answer_concept"": ""table""}"
train_001221,43896223/4966.606,43896223,lidar,unknown,train,nearest_object,,0,What is the closest object to the stool?,,bathtub,object,,ARKitScenes/3dod/Training/43896223/43896223_frames/lowres_wide/43896223_4966.606.png,ARKitScenes/3dod/Training/43896223/43896223_frames/lowres_depth/43896223_4966.606.png,rule,"{""anchor_concept"": ""stool"", ""anchor_object_index"": 5, ""answer_concept"": ""bathtub"", ""answer_object_index"": 0, ""nearest_distance_m"": 0.339, ""second_nearest_distance_m"": 0.638}"
train_001222,47332025/202659.909,47332025,lidar,unknown,train,left_right,,4,"Which side of the shelf is the table on, left or right?",,left,choice,left|right,ARKitScenes/3dod/Training/47332025/47332025_frames/lowres_wide/47332025_202659.909.png,ARKitScenes/3dod/Training/47332025/47332025_frames/lowres_depth/47332025_202659.909.png,rule,"{""a_concept"": ""table"", ""b_concept"": ""shelf"", ""a_centroid_x"": 123.64164020111238, ""b_centroid_x"": 203.68158825781174, ""horizontal_gap_px"": 80.03994805669936, ""image_width"": 256}"
train_001223,47204377/18048.640,47204377,lidar,unknown,train,left_right,,3,Is the table on the left side or the right side of the television?,,right,choice,left|right,ARKitScenes/3dod/Training/47204377/47204377_frames/lowres_wide/47204377_18048.640.png,ARKitScenes/3dod/Training/47204377/47204377_frames/lowres_depth/47204377_18048.640.png,rule,"{""a_concept"": ""table"", ""b_concept"": ""television"", ""a_centroid_x"": 243.70256114360825, ""b_centroid_x"": 178.78368354354245, ""horizontal_gap_px"": 64.9188776000658, ""image_width"": 256}"
train_001224,47430688/326941.136,47430688,lidar,unknown,train,left_right,,2,"Looking at the oven, is the cabinet positioned on its left or right?",,left,choice,left|right,ARKitScenes/3dod/Training/47430688/47430688_frames/lowres_wide/47430688_326941.136.png,ARKitScenes/3dod/Training/47430688/47430688_frames/lowres_depth/47430688_326941.136.png,rule,"{""a_concept"": ""cabinet"", ""b_concept"": ""oven"", ""a_centroid_x"": 134.05580819863226, ""b_centroid_x"": 226.62147867311452, ""horizontal_gap_px"": 92.56567047448226, ""image_width"": 256}"
train_001225,42898711/581564.432,42898711,lidar,unknown,train,nearest_object,,2,What sits closest to the cabinet?,,bed,object,,ARKitScenes/3dod/Training/42898711/42898711_frames/lowres_wide/42898711_581564.432.png,ARKitScenes/3dod/Training/42898711/42898711_frames/lowres_depth/42898711_581564.432.png,rule,"{""anchor_concept"": ""cabinet"", ""anchor_object_index"": 4, ""answer_concept"": ""bed"", ""answer_object_index"": 0, ""nearest_distance_m"": 1.216, ""second_nearest_distance_m"": 1.543}"
train_001226,42898041/222047.336,42898041,lidar,unknown,train,existence,negative,2,Does this room contain a sofa?,,no,yes_no,yes|no,ARKitScenes/3dod/Training/42898041/42898041_frames/lowres_wide/42898041_222047.336.png,ARKitScenes/3dod/Training/42898041/42898041_frames/lowres_depth/42898041_222047.336.png,rule,"{""concept"": ""sofa"", ""reason"": ""category_or_scene_type_plausible""}"
train_001227,44796745/28718.495,44796745,lidar,unknown,train,existence,positive,5,Is there any cabinet visible in the image?,,yes,yes_no,yes|no,ARKitScenes/3dod/Training/44796745/44796745_frames/lowres_wide/44796745_28718.495.png,ARKitScenes/3dod/Training/44796745/44796745_frames/lowres_depth/44796745_28718.495.png,rule,"{""concept"": ""cabinet"", ""object_index"": 2, ""area_frac"": 0.11502456611372631}"
train_001228,47334052/85631.748,47334052,lidar,unknown,train,existence,negative,5,Is there any television visible in the image?,,no,yes_no,yes|no,ARKitScenes/3dod/Training/47334052/47334052_frames/lowres_wide/47334052_85631.748.png,ARKitScenes/3dod/Training/47334052/47334052_frames/lowres_depth/47334052_85631.748.png,rule,"{""concept"": ""television"", ""reason"": ""category_or_scene_type_plausible""}"
train_001229,41159623/55566.826,41159623,lidar,unknown,train,nearest_object,,1,Which object is nearest to the television?,,fireplace,object,,ARKitScenes/3dod/Training/41159623/41159623_frames/lowres_wide/41159623_55566.826.png,ARKitScenes/3dod/Training/41159623/41159623_frames/lowres_depth/41159623_55566.826.png,rule,"{""anchor_concept"": ""television"", ""anchor_object_index"": 15, ""answer_concept"": ""fireplace"", ""answer_object_index"": 13, ""nearest_distance_m"": 1.823, ""second_nearest_distance_m"": 3.521}"
train_001230,41098157/2774.448,41098157,lidar,unknown,train,identify_superlative,closest_camera,1,"Excluding the walls, floor, and ceiling, what is the nearest object to the camera?",,table,object,,ARKitScenes/3dod/Training/41098157/41098157_frames/lowres_wide/41098157_2774.448.png,ARKitScenes/3dod/Training/41098157/41098157_frames/lowres_depth/41098157_2774.448.png,rule,"{""winner_concept"": ""table"", ""winner_object_index"": 4, ""winner_area_frac"": 0.15349109036427636, ""winner_depth_m"": 1.0390000343322754, ""runner_up_concept"": null, ""runner_up_area_frac"": null, ""runner_up_depth_m"": null}"
train_001231,45260951/6079.728,45260951,lidar,unknown,train,left_right,,4,"Which side of the chair is the sofa on, left or right?",,left,choice,left|right,ARKitScenes/3dod/Training/45260951/45260951_frames/lowres_wide/45260951_6079.728.png,ARKitScenes/3dod/Training/45260951/45260951_frames/lowres_depth/45260951_6079.728.png,rule,"{""a_concept"": ""sofa"", ""b_concept"": ""chair"", ""a_centroid_x"": 124.55872925808099, ""b_centroid_x"": 164.56954001931027, ""horizontal_gap_px"": 40.01081076122928, ""image_width"": 256}"
train_001232,47334052/85618.454,47334052,lidar,unknown,train,left_right,,5,"From the sink, which direction is the cabinet in, left or right?",,left,choice,left|right,ARKitScenes/3dod/Training/47334052/47334052_frames/lowres_wide/47334052_85618.454.png,ARKitScenes/3dod/Training/47334052/47334052_frames/lowres_depth/47334052_85618.454.png,rule,"{""a_concept"": ""cabinet"", ""b_concept"": ""sink"", ""a_centroid_x"": 170.24569774262469, ""b_centroid_x"": 198.46141690904258, ""horizontal_gap_px"": 28.215719166417898, ""image_width"": 256}"
train_001233,47670201/53335.818,47670201,lidar,unknown,train,nearest_object,,2,What sits closest to the cabinet?,,sofa,object,,ARKitScenes/3dod/Training/47670201/47670201_frames/lowres_wide/47670201_53335.818.png,ARKitScenes/3dod/Training/47670201/47670201_frames/lowres_depth/47670201_53335.818.png,rule,"{""anchor_concept"": ""cabinet"", ""anchor_object_index"": 4, ""answer_concept"": ""sofa"", ""answer_object_index"": 3, ""nearest_distance_m"": 0.802, ""second_nearest_distance_m"": 1.07}"
train_001234,42898710/581498.543,42898710,lidar,unknown,train,identify_superlative,closest_camera,4,"Not counting the room's walls, floor, or ceiling, which object is closest to us in this image?",,cabinet,object,,ARKitScenes/3dod/Training/42898710/42898710_frames/lowres_wide/42898710_581498.543.png,ARKitScenes/3dod/Training/42898710/42898710_frames/lowres_depth/42898710_581498.543.png,rule,"{""winner_concept"": ""cabinet"", ""winner_object_index"": 3, ""winner_area_frac"": 0.013642232810204569, ""winner_depth_m"": 2.503000020980835, ""runner_up_concept"": null, ""runner_up_area_frac"": null, ""runner_up_depth_m"": null}"
train_001235,47333670/133980.972,47333670,lidar,unknown,train,identify_superlative,farthest_camera,2,"Among the furniture and items in the room, not the walls, floor, or ceiling, which is farthest from where the picture was taken?",,cabinet,object,,ARKitScenes/3dod/Training/47333670/47333670_frames/lowres_wide/47333670_133980.972.png,ARKitScenes/3dod/Training/47333670/47333670_frames/lowres_depth/47333670_133980.972.png,rule,"{""winner_concept"": ""cabinet"", ""winner_object_index"": 1, ""winner_area_frac"": 0.11158052415420898, ""winner_depth_m"": 1.7380000352859497, ""runner_up_concept"": null, ""runner_up_area_frac"": null, ""runner_up_depth_m"": null}"
train_001236,47670124/41672.610,47670124,lidar,unknown,train,relative_depth,farther,0,"Which is farther from the camera, the sofa or the cabinet?",,sofa,choice,sofa|cabinet,ARKitScenes/3dod/Training/47670124/47670124_frames/lowres_wide/47670124_41672.610.png,ARKitScenes/3dod/Training/47670124/47670124_frames/lowres_depth/47670124_41672.610.png,rule,"{""a_concept"": ""sofa"", ""a_depth_m"": 1.968999981880188, ""b_concept"": ""cabinet"", ""b_depth_m"": 1.1890000104904175, ""comparative"": ""farther"", ""answer_concept"": ""sofa""}"
train_001237,48018286/799422.439,48018286,lidar,unknown,train,left_right,,3,Is the table on the left side or the right side of the sofa?,,right,choice,left|right,ARKitScenes/3dod/Training/48018286/48018286_frames/lowres_wide/48018286_799422.439.png,ARKitScenes/3dod/Training/48018286/48018286_frames/lowres_depth/48018286_799422.439.png,rule,"{""a_concept"": ""table"", ""b_concept"": ""sofa"", ""a_centroid_x"": 194.1463586967844, ""b_centroid_x"": 114.28260529442807, ""horizontal_gap_px"": 79.86375340235634, ""image_width"": 256}"
train_001238,47429774/360103.843,47429774,lidar,unknown,train,left_right,,3,Is the cabinet on the left side or the right side of the chair?,,right,choice,left|right,ARKitScenes/3dod/Training/47429774/47429774_frames/lowres_wide/47429774_360103.843.png,ARKitScenes/3dod/Training/47429774/47429774_frames/lowres_depth/47429774_360103.843.png,rule,"{""a_concept"": ""cabinet"", ""b_concept"": ""chair"", ""a_centroid_x"": 141.71139522071297, ""b_centroid_x"": 95.7792573851721, ""horizontal_gap_px"": 45.93213783554087, ""image_width"": 256}"
train_001239,45260947/4625.615,45260947,lidar,unknown,train,nearest_object,,0,What is the closest object to the table?,,cabinet,object,,ARKitScenes/3dod/Training/45260947/45260947_frames/lowres_wide/45260947_4625.615.png,ARKitScenes/3dod/Training/45260947/45260947_frames/lowres_depth/45260947_4625.615.png,rule,"{""anchor_concept"": ""table"", ""anchor_object_index"": 15, ""answer_concept"": ""cabinet"", ""answer_object_index"": 7, ""nearest_distance_m"": 2.684, ""second_nearest_distance_m"": 4.703}"
train_001240,41098176/924.574,41098176,lidar,unknown,train,left_right,,0,Is the table to the left or to the right of the television?,,right,choice,left|right,ARKitScenes/3dod/Training/41098176/41098176_frames/lowres_wide/41098176_924.574.png,ARKitScenes/3dod/Training/41098176/41098176_frames/lowres_depth/41098176_924.574.png,rule,"{""a_concept"": ""table"", ""b_concept"": ""television"", ""a_centroid_x"": 173.8386123321577, ""b_centroid_x"": 98.3370549099988, ""horizontal_gap_px"": 75.50155742215891, ""image_width"": 256}"
train_001241,44796745/28718.495,44796745,lidar,unknown,train,relative_depth,closer,0,"Which is closer to the camera, the cabinet or the sofa?",,cabinet,choice,cabinet|sofa,ARKitScenes/3dod/Training/44796745/44796745_frames/lowres_wide/44796745_28718.495.png,ARKitScenes/3dod/Training/44796745/44796745_frames/lowres_depth/44796745_28718.495.png,rule,"{""a_concept"": ""cabinet"", ""a_depth_m"": 3.3259999752044678, ""b_concept"": ""sofa"", ""b_depth_m"": 3.8529999256134033, ""comparative"": ""closer"", ""answer_concept"": ""cabinet""}"
train_001242,48018115/368450.747,48018115,lidar,unknown,train,relative_depth,closer,3,"Which object is closer to the camera, the table or the stool?",,table,choice,table|stool,ARKitScenes/3dod/Training/48018115/48018115_frames/lowres_wide/48018115_368450.747.png,ARKitScenes/3dod/Training/48018115/48018115_frames/lowres_depth/48018115_368450.747.png,rule,"{""a_concept"": ""table"", ""a_depth_m"": 1.0889999866485596, ""b_concept"": ""stool"", ""b_depth_m"": 3.430999994277954, ""comparative"": ""closer"", ""answer_concept"": ""table""}"
train_001243,43896224/4899.317,43896224,lidar,unknown,train,relative_depth,closer,5,"Which one is closer, the sink or the cabinet?",,sink,choice,sink|cabinet,ARKitScenes/3dod/Training/43896224/43896224_frames/lowres_wide/43896224_4899.317.png,ARKitScenes/3dod/Training/43896224/43896224_frames/lowres_depth/43896224_4899.317.png,rule,"{""a_concept"": ""sink"", ""a_depth_m"": 1.2450000047683716, ""b_concept"": ""cabinet"", ""b_depth_m"": 2.443000078201294, ""comparative"": ""closer"", ""answer_concept"": ""sink""}"
train_001244,47670116/41774.101,47670116,lidar,unknown,train,identify_superlative,closest_camera,1,"Excluding the walls, floor, and ceiling, what is the nearest object to the camera?",,table,object,,ARKitScenes/3dod/Training/47670116/47670116_frames/lowres_wide/47670116_41774.101.png,ARKitScenes/3dod/Training/47670116/47670116_frames/lowres_depth/47670116_41774.101.png,rule,"{""winner_concept"": ""table"", ""winner_object_index"": 2, ""winner_area_frac"": 0.3094391939893267, ""winner_depth_m"": 0.8619999885559082, ""runner_up_concept"": ""chair"", ""runner_up_area_frac"": 0.04573541556875093, ""runner_up_depth_m"": 2.99399995803833}"
train_001245,47333699/48855.930,47333699,lidar,unknown,train,nearest_object,,1,Which object is nearest to the cabinet?,,sink,object,,ARKitScenes/3dod/Training/47333699/47333699_frames/lowres_wide/47333699_48855.930.png,ARKitScenes/3dod/Training/47333699/47333699_frames/lowres_depth/47333699_48855.930.png,rule,"{""anchor_concept"": ""cabinet"", ""anchor_object_index"": 0, ""answer_concept"": ""sink"", ""answer_object_index"": 2, ""nearest_distance_m"": 0.165, ""second_nearest_distance_m"": 0.352}"
train_001246,47204888/899.706,47204888,lidar,unknown,train,existence,negative,0,Is there a television in this room?,,no,yes_no,yes|no,ARKitScenes/3dod/Training/47204888/47204888_frames/lowres_wide/47204888_899.706.png,ARKitScenes/3dod/Training/47204888/47204888_frames/lowres_depth/47204888_899.706.png,rule,"{""concept"": ""television"", ""reason"": ""category_or_scene_type_plausible""}"
train_001247,43896223/4938.817,43896223,lidar,unknown,train,existence,positive,0,Is there a bathtub in this room?,,yes,yes_no,yes|no,ARKitScenes/3dod/Training/43896223/43896223_frames/lowres_wide/43896223_4938.817.png,ARKitScenes/3dod/Training/43896223/43896223_frames/lowres_depth/43896223_4938.817.png,rule,"{""concept"": ""bathtub"", ""object_index"": 0, ""area_frac"": 0.05509272650683201}"
train_001248,47332792/47346.823,47332792,lidar,unknown,train,identify_superlative,closest_camera,0,"Not counting the walls, floor, or ceiling, which object is closest to the camera?",,shelf,object,,ARKitScenes/3dod/Training/47332792/47332792_frames/lowres_wide/47332792_47346.823.png,ARKitScenes/3dod/Training/47332792/47332792_frames/lowres_depth/47332792_47346.823.png,rule,"{""winner_concept"": ""shelf"", ""winner_object_index"": 3, ""winner_area_frac"": 0.06838002225749108, ""winner_depth_m"": 0.906000018119812, ""runner_up_concept"": ""shelf"", ""runner_up_area_frac"": 0.21379487540050093, ""runner_up_depth_m"": 1.1299999952316284}"
train_001249,45261507/43476.247,45261507,lidar,unknown,train,identify_superlative,closest_camera,0,"Not counting the walls, floor, or ceiling, which object is closest to the camera?",,chair,object,,ARKitScenes/3dod/Training/45261507/45261507_frames/lowres_wide/45261507_43476.247.png,ARKitScenes/3dod/Training/45261507/45261507_frames/lowres_depth/45261507_43476.247.png,rule,"{""winner_concept"": ""chair"", ""winner_object_index"": 19, ""winner_area_frac"": 0.27220568577906734, ""winner_depth_m"": 0.9150000214576721, ""runner_up_concept"": null, ""runner_up_area_frac"": null, ""runner_up_depth_m"": null}"
train_001250,47204350/15573.851,47204350,lidar,unknown,train,identify_superlative,closest_camera,5,"Excluding the walls, floor, and ceiling, what is the closest visible object to the camera?",,chair,object,,ARKitScenes/3dod/Training/47204350/47204350_frames/lowres_wide/47204350_15573.851.png,ARKitScenes/3dod/Training/47204350/47204350_frames/lowres_depth/47204350_15573.851.png,rule,"{""winner_concept"": ""chair"", ""winner_object_index"": 14, ""winner_area_frac"": 0.13258910249141928, ""winner_depth_m"": 1.6729999780654907, ""runner_up_concept"": null, ""runner_up_area_frac"": null, ""runner_up_depth_m"": null}"
train_001251,45261317/23535.004,45261317,lidar,unknown,train,left_right,,0,Is the shelf to the left or to the right of the cabinet?,,right,choice,left|right,ARKitScenes/3dod/Training/45261317/45261317_frames/lowres_wide/45261317_23535.004.png,ARKitScenes/3dod/Training/45261317/45261317_frames/lowres_depth/45261317_23535.004.png,rule,"{""a_concept"": ""shelf"", ""b_concept"": ""cabinet"", ""a_centroid_x"": 233.76034155995143, ""b_centroid_x"": 133.48200103125163, ""horizontal_gap_px"": 100.2783405286998, ""image_width"": 256}"
train_001252,47115649/4890.164,47115649,lidar,unknown,train,identify_superlative,farthest_camera,0,"Not counting the walls, floor, or ceiling, which object is farthest from the camera?",,chair,object,,ARKitScenes/3dod/Training/47115649/47115649_frames/lowres_wide/47115649_4890.164.png,ARKitScenes/3dod/Training/47115649/47115649_frames/lowres_depth/47115649_4890.164.png,rule,"{""winner_concept"": ""chair"", ""winner_object_index"": 5, ""winner_area_frac"": 0.029982141329671, ""winner_depth_m"": 5.644000053405762, ""runner_up_concept"": ""sofa"", ""runner_up_area_frac"": 0.09804311931943761, ""runner_up_depth_m"": 3.9570000171661377}"
train_001253,47333762/55657.763,47333762,lidar,unknown,train,identify_superlative,farthest_camera,5,"Excluding the walls, floor, and ceiling, what is the most distant visible object in the scene?",,table,object,,ARKitScenes/3dod/Training/47333762/47333762_frames/lowres_wide/47333762_55657.763.png,ARKitScenes/3dod/Training/47333762/47333762_frames/lowres_depth/47333762_55657.763.png,rule,"{""winner_concept"": ""table"", ""winner_object_index"": 0, ""winner_area_frac"": 0.05082595785082227, ""winner_depth_m"": 1.1150000095367432, ""runner_up_concept"": null, ""runner_up_area_frac"": null, ""runner_up_depth_m"": null}"
train_001254,42899795/251990.924,42899795,lidar,unknown,train,identify_superlative,closest_camera,1,"Excluding the walls, floor, and ceiling, what is the nearest object to the camera?",,table,object,,ARKitScenes/3dod/Training/42899795/42899795_frames/lowres_wide/42899795_251990.924.png,ARKitScenes/3dod/Training/42899795/42899795_frames/lowres_depth/42899795_251990.924.png,rule,"{""winner_concept"": ""table"", ""winner_object_index"": 5, ""winner_area_frac"": 0.515828831055667, ""winner_depth_m"": 1.0, ""runner_up_concept"": null, ""runner_up_area_frac"": null, ""runner_up_depth_m"": null}"
train_001255,43649451/12764.662,43649451,lidar,unknown,train,left_right,,1,"Relative to the table, is the shelf on the left or the right?",,left,choice,left|right,ARKitScenes/3dod/Training/43649451/43649451_frames/lowres_wide/43649451_12764.662.png,ARKitScenes/3dod/Training/43649451/43649451_frames/lowres_depth/43649451_12764.662.png,rule,"{""a_concept"": ""shelf"", ""b_concept"": ""table"", ""a_centroid_x"": 25.212679041460976, ""b_centroid_x"": 234.5804495146832, ""horizontal_gap_px"": 209.36777047322224, ""image_width"": 256}"
train_001256,44358243/10409.244,44358243,lidar,unknown,train,identify_superlative,closest_camera,1,"Excluding the walls, floor, and ceiling, what is the nearest object to the camera?",,sink,object,,ARKitScenes/3dod/Training/44358243/44358243_frames/lowres_wide/44358243_10409.244.png,ARKitScenes/3dod/Training/44358243/44358243_frames/lowres_depth/44358243_10409.244.png,rule,"{""winner_concept"": ""sink"", ""winner_object_index"": 0, ""winner_area_frac"": 0.06906017435819166, ""winner_depth_m"": 1.4484999179840088, ""runner_up_concept"": ""bathtub"", ""runner_up_area_frac"": 0.10095827387606482, ""runner_up_depth_m"": 1.9830000400543213}"
train_001257,44796257/4260.870,44796257,lidar,unknown,train,identify_superlative,farthest_camera,0,"Not counting the walls, floor, or ceiling, which object is farthest from the camera?",,fireplace,object,,ARKitScenes/3dod/Training/44796257/44796257_frames/lowres_wide/44796257_4260.870.png,ARKitScenes/3dod/Training/44796257/44796257_frames/lowres_depth/44796257_4260.870.png,rule,"{""winner_concept"": ""fireplace"", ""winner_object_index"": 4, ""winner_area_frac"": 0.4098090067715688, ""winner_depth_m"": 2.1459999084472656, ""runner_up_concept"": null, ""runner_up_area_frac"": null, ""runner_up_depth_m"": null}"
train_001258,47115361/856.687,47115361,lidar,unknown,train,existence,negative,0,Is there a cabinet in this room?,,no,yes_no,yes|no,ARKitScenes/3dod/Training/47115361/47115361_frames/lowres_wide/47115361_856.687.png,ARKitScenes/3dod/Training/47115361/47115361_frames/lowres_depth/47115361_856.687.png,rule,"{""concept"": ""cabinet"", ""reason"": ""category_or_scene_type_plausible""}"
train_001259,43828520/102922.106,43828520,lidar,unknown,train,relative_depth,closer,5,"Which one is closer, the sofa or the fireplace?",,fireplace,choice,sofa|fireplace,ARKitScenes/3dod/Training/43828520/43828520_frames/lowres_wide/43828520_102922.106.png,ARKitScenes/3dod/Training/43828520/43828520_frames/lowres_depth/43828520_102922.106.png,rule,"{""a_concept"": ""fireplace"", ""a_depth_m"": 2.246000051498413, ""b_concept"": ""sofa"", ""b_depth_m"": 3.0980000495910645, ""comparative"": ""closer"", ""answer_concept"": ""fireplace""}"
train_001260,47332197/263642.656,47332197,lidar,unknown,train,left_right,,4,"Which side of the table is the toilet on, left or right?",,right,choice,left|right,ARKitScenes/3dod/Training/47332197/47332197_frames/lowres_wide/47332197_263642.656.png,ARKitScenes/3dod/Training/47332197/47332197_frames/lowres_depth/47332197_263642.656.png,rule,"{""a_concept"": ""toilet"", ""b_concept"": ""table"", ""a_centroid_x"": 168.42067710589487, ""b_centroid_x"": 30.000902929840073, ""horizontal_gap_px"": 138.4197741760548, ""image_width"": 256}"
train_001261,47333133/39369.587,47333133,lidar,unknown,train,nearest_object,,2,What sits closest to the table?,,cabinet,object,,ARKitScenes/3dod/Training/47333133/47333133_frames/lowres_wide/47333133_39369.587.png,ARKitScenes/3dod/Training/47333133/47333133_frames/lowres_depth/47333133_39369.587.png,rule,"{""anchor_concept"": ""table"", ""anchor_object_index"": 3, ""answer_concept"": ""cabinet"", ""answer_object_index"": 17, ""nearest_distance_m"": 0.493, ""second_nearest_distance_m"": 0.629}"
train_001262,42897771/127063.907,42897771,lidar,unknown,train,relative_depth,closer,0,"Which is closer to the camera, the fireplace or the table?",,fireplace,choice,fireplace|table,ARKitScenes/3dod/Training/42897771/42897771_frames/lowres_wide/42897771_127063.907.png,ARKitScenes/3dod/Training/42897771/42897771_frames/lowres_depth/42897771_127063.907.png,rule,"{""a_concept"": ""fireplace"", ""a_depth_m"": 3.2790000438690186, ""b_concept"": ""table"", ""b_depth_m"": 3.810999870300293, ""comparative"": ""closer"", ""answer_concept"": ""fireplace""}"
train_001263,41159873/81838.768,41159873,lidar,unknown,train,relative_depth,closer,3,"Which object is closer to the camera, the table or the chair?",,chair,choice,table|chair,ARKitScenes/3dod/Training/41159873/41159873_frames/lowres_wide/41159873_81838.768.png,ARKitScenes/3dod/Training/41159873/41159873_frames/lowres_depth/41159873_81838.768.png,rule,"{""a_concept"": ""table"", ""a_depth_m"": 3.1640000343322754, ""b_concept"": ""chair"", ""b_depth_m"": 1.4579999446868896, ""comparative"": ""closer"", ""answer_concept"": ""chair""}"
train_001264,45663052/36217.580,45663052,lidar,unknown,train,existence,positive,0,Is there a cabinet in this room?,,yes,yes_no,yes|no,ARKitScenes/3dod/Training/45663052/45663052_frames/lowres_wide/45663052_36217.580.png,ARKitScenes/3dod/Training/45663052/45663052_frames/lowres_depth/45663052_36217.580.png,rule,"{""concept"": ""cabinet"", ""object_index"": 1, ""area_frac"": 0.12663100543425823}"
train_001265,47334938/663162.703,47334938,lidar,unknown,train,left_right,,1,"Relative to the table, is the sink on the left or the right?",,right,choice,left|right,ARKitScenes/3dod/Training/47334938/47334938_frames/lowres_wide/47334938_663162.703.png,ARKitScenes/3dod/Training/47334938/47334938_frames/lowres_depth/47334938_663162.703.png,rule,"{""a_concept"": ""sink"", ""b_concept"": ""table"", ""a_centroid_x"": 230.73184983448837, ""b_centroid_x"": 90.04078558404584, ""horizontal_gap_px"": 140.69106425044254, ""image_width"": 256}"
train_001266,43828250/81661.909,43828250,lidar,unknown,train,existence,negative,2,Does this room contain a shelf?,,no,yes_no,yes|no,ARKitScenes/3dod/Training/43828250/43828250_frames/lowres_wide/43828250_81661.909.png,ARKitScenes/3dod/Training/43828250/43828250_frames/lowres_depth/43828250_81661.909.png,rule,"{""concept"": ""shelf"", ""reason"": ""category_or_scene_type_plausible""}"
train_001267,48018900/655463.500,48018900,lidar,unknown,train,existence,positive,0,Is there a cabinet in this room?,,yes,yes_no,yes|no,ARKitScenes/3dod/Training/48018900/48018900_frames/lowres_wide/48018900_655463.500.png,ARKitScenes/3dod/Training/48018900/48018900_frames/lowres_depth/48018900_655463.500.png,rule,"{""concept"": ""cabinet"", ""object_index"": 3, ""area_frac"": 0.09284174661985807}"
train_001268,42898929/818175.299,42898929,lidar,unknown,train,identify_superlative,farthest_camera,5,"Excluding the walls, floor, and ceiling, what is the most distant visible object in the scene?",,cabinet,object,,ARKitScenes/3dod/Training/42898929/42898929_frames/lowres_wide/42898929_818175.299.png,ARKitScenes/3dod/Training/42898929/42898929_frames/lowres_depth/42898929_818175.299.png,rule,"{""winner_concept"": ""cabinet"", ""winner_object_index"": 3, ""winner_area_frac"": 0.3000652594792996, ""winner_depth_m"": 1.2280000448226929, ""runner_up_concept"": null, ""runner_up_area_frac"": null, ""runner_up_depth_m"": null}"
train_001269,48018286/799398.831,48018286,lidar,unknown,train,relative_depth,farther,2,Is the stove or the dishwasher farther from the camera?,,stove,choice,stove|dishwasher,ARKitScenes/3dod/Training/48018286/48018286_frames/lowres_wide/48018286_799398.831.png,ARKitScenes/3dod/Training/48018286/48018286_frames/lowres_depth/48018286_799398.831.png,rule,"{""a_concept"": ""dishwasher"", ""a_depth_m"": 2.381999969482422, ""b_concept"": ""stove"", ""b_depth_m"": 2.765000104904175, ""comparative"": ""farther"", ""answer_concept"": ""stove""}"
train_001270,43895917/111326.962,43895917,lidar,unknown,train,left_right,,5,"From the table, which direction is the bathtub in, left or right?",,right,choice,left|right,ARKitScenes/3dod/Training/43895917/43895917_frames/lowres_wide/43895917_111326.962.png,ARKitScenes/3dod/Training/43895917/43895917_frames/lowres_depth/43895917_111326.962.png,rule,"{""a_concept"": ""bathtub"", ""b_concept"": ""table"", ""a_centroid_x"": 159.00207373365194, ""b_centroid_x"": 67.6645692398883, ""horizontal_gap_px"": 91.33750449376365, ""image_width"": 256}"
train_001271,45663218/65609.110,45663218,lidar,unknown,train,relative_depth,closer,2,Is the stool or the table closer to the camera?,,stool,choice,stool|table,ARKitScenes/3dod/Training/45663218/45663218_frames/lowres_wide/45663218_65609.110.png,ARKitScenes/3dod/Training/45663218/45663218_frames/lowres_depth/45663218_65609.110.png,rule,"{""a_concept"": ""table"", ""a_depth_m"": 2.4800000190734863, ""b_concept"": ""stool"", ""b_depth_m"": 1.346500039100647, ""comparative"": ""closer"", ""answer_concept"": ""stool""}"
train_001272,41254893/159281.641,41254893,lidar,unknown,train,existence,positive,0,Is there a cabinet in this room?,,yes,yes_no,yes|no,ARKitScenes/3dod/Training/41254893/41254893_frames/lowres_wide/41254893_159281.641.png,ARKitScenes/3dod/Training/41254893/41254893_frames/lowres_depth/41254893_159281.641.png,rule,"{""concept"": ""cabinet"", ""object_index"": 1, ""area_frac"": 0.5202151322423644}"
train_001273,48018845/649729.423,48018845,lidar,unknown,train,existence,negative,0,Is there a cabinet in this room?,,no,yes_no,yes|no,ARKitScenes/3dod/Training/48018845/48018845_frames/lowres_wide/48018845_649729.423.png,ARKitScenes/3dod/Training/48018845/48018845_frames/lowres_depth/48018845_649729.423.png,rule,"{""concept"": ""cabinet"", ""reason"": ""category_or_scene_type_plausible""}"
train_001274,47115518/13329.986,47115518,lidar,unknown,train,identify_superlative,closest_camera,3,"Ignoring the walls, floor, and ceiling, what object is nearest the viewer?",,sink,object,,ARKitScenes/3dod/Training/47115518/47115518_frames/lowres_wide/47115518_13329.986.png,ARKitScenes/3dod/Training/47115518/47115518_frames/lowres_depth/47115518_13329.986.png,rule,"{""winner_concept"": ""sink"", ""winner_object_index"": 0, ""winner_area_frac"": 0.007804273490660132, ""winner_depth_m"": 2.078000068664551, ""runner_up_concept"": null, ""runner_up_area_frac"": null, ""runner_up_depth_m"": null}"
train_001275,48018238/469341.070,48018238,lidar,unknown,train,existence,positive,0,Is there a cabinet in this room?,,yes,yes_no,yes|no,ARKitScenes/3dod/Training/48018238/48018238_frames/lowres_wide/48018238_469341.070.png,ARKitScenes/3dod/Training/48018238/48018238_frames/lowres_depth/48018238_469341.070.png,rule,"{""concept"": ""cabinet"", ""object_index"": 2, ""area_frac"": 0.09397086820868072}"
train_001276,43896371/19806.987,43896371,lidar,unknown,train,relative_depth,farther,1,"Between the stool and the refrigerator, which one is farther from the camera?",,stool,choice,stool|refrigerator,ARKitScenes/3dod/Training/43896371/43896371_frames/lowres_wide/43896371_19806.987.png,ARKitScenes/3dod/Training/43896371/43896371_frames/lowres_depth/43896371_19806.987.png,rule,"{""a_concept"": ""stool"", ""a_depth_m"": 3.174999952316284, ""b_concept"": ""refrigerator"", ""b_depth_m"": 1.319000005722046, ""comparative"": ""farther"", ""answer_concept"": ""stool""}"
train_001277,42444872/98071.806,42444872,lidar,unknown,train,identify_superlative,closest_camera,3,"Ignoring the walls, floor, and ceiling, what object is nearest the viewer?",,chair,object,,ARKitScenes/3dod/Training/42444872/42444872_frames/lowres_wide/42444872_98071.806.png,ARKitScenes/3dod/Training/42444872/42444872_frames/lowres_depth/42444872_98071.806.png,rule,"{""winner_concept"": ""chair"", ""winner_object_index"": 7, ""winner_area_frac"": 0.054470502800894154, ""winner_depth_m"": 0.9350000023841858, ""runner_up_concept"": ""chair"", ""runner_up_area_frac"": 0.30057549883925266, ""runner_up_depth_m"": 1.3890000581741333}"
train_001278,45261397/29157.661,45261397,lidar,unknown,train,relative_depth,farther,2,Is the chair or the table farther from the camera?,,chair,choice,chair|table,ARKitScenes/3dod/Training/45261397/45261397_frames/lowres_wide/45261397_29157.661.png,ARKitScenes/3dod/Training/45261397/45261397_frames/lowres_depth/45261397_29157.661.png,rule,"{""a_concept"": ""table"", ""a_depth_m"": 0.75, ""b_concept"": ""chair"", ""b_depth_m"": 1.746999979019165, ""comparative"": ""farther"", ""answer_concept"": ""chair""}"
train_001279,42897931/349937.589,42897931,lidar,unknown,train,existence,negative,3,Can you spot a bathtub in the picture?,,no,yes_no,yes|no,ARKitScenes/3dod/Training/42897931/42897931_frames/lowres_wide/42897931_349937.589.png,ARKitScenes/3dod/Training/42897931/42897931_frames/lowres_depth/42897931_349937.589.png,rule,"{""concept"": ""bathtub"", ""reason"": ""category_or_scene_type_plausible""}"
train_001280,47333624/77102.385,47333624,lidar,unknown,train,relative_depth,closer,3,"Which object is closer to the camera, the cabinet or the table?",,table,choice,cabinet|table,ARKitScenes/3dod/Training/47333624/47333624_frames/lowres_wide/47333624_77102.385.png,ARKitScenes/3dod/Training/47333624/47333624_frames/lowres_depth/47333624_77102.385.png,rule,"{""a_concept"": ""cabinet"", ""a_depth_m"": 1.753000020980835, ""b_concept"": ""table"", ""b_depth_m"": 1.2109999656677246, ""comparative"": ""closer"", ""answer_concept"": ""table""}"
train_001281,43649802/46834.319,43649802,lidar,unknown,train,relative_depth,farther,4,"Of the cabinet and the sofa, which is farther?",,cabinet,choice,cabinet|sofa,ARKitScenes/3dod/Training/43649802/43649802_frames/lowres_wide/43649802_46834.319.png,ARKitScenes/3dod/Training/43649802/43649802_frames/lowres_depth/43649802_46834.319.png,rule,"{""a_concept"": ""sofa"", ""a_depth_m"": 3.5369999408721924, ""b_concept"": ""cabinet"", ""b_depth_m"": 4.909999847412109, ""comparative"": ""farther"", ""answer_concept"": ""cabinet""}"
train_001282,45662791/12818.000,45662791,lidar,unknown,train,relative_depth,closer,4,"Of the sofa and the stool, which is closer?",,stool,choice,sofa|stool,ARKitScenes/3dod/Training/45662791/45662791_frames/lowres_wide/45662791_12818.000.png,ARKitScenes/3dod/Training/45662791/45662791_frames/lowres_depth/45662791_12818.000.png,rule,"{""a_concept"": ""sofa"", ""a_depth_m"": 2.3510000705718994, ""b_concept"": ""stool"", ""b_depth_m"": 1.3250000476837158, ""comparative"": ""closer"", ""answer_concept"": ""stool""}"
train_001283,43828162/74504.238,43828162,lidar,unknown,train,left_right,,2,"Looking at the fireplace, is the table positioned on its left or right?",,right,choice,left|right,ARKitScenes/3dod/Training/43828162/43828162_frames/lowres_wide/43828162_74504.238.png,ARKitScenes/3dod/Training/43828162/43828162_frames/lowres_depth/43828162_74504.238.png,rule,"{""a_concept"": ""table"", ""b_concept"": ""fireplace"", ""a_centroid_x"": 249.41933427951807, ""b_centroid_x"": 181.77779885691285, ""horizontal_gap_px"": 67.64153542260522, ""image_width"": 256}"
train_001284,47115265/115087.300,47115265,lidar,unknown,train,relative_depth,farther,3,"Which object is farther from the camera, the bed or the chair?",,chair,choice,bed|chair,ARKitScenes/3dod/Training/47115265/47115265_frames/lowres_wide/47115265_115087.300.png,ARKitScenes/3dod/Training/47115265/47115265_frames/lowres_depth/47115265_115087.300.png,rule,"{""a_concept"": ""bed"", ""a_depth_m"": 2.5230000019073486, ""b_concept"": ""chair"", ""b_depth_m"": 4.8470001220703125, ""comparative"": ""farther"", ""answer_concept"": ""chair""}"
train_001285,47670232/52842.392,47670232,lidar,unknown,train,relative_depth,closer,5,"Which one is closer, the table or the sink?",,sink,choice,table|sink,ARKitScenes/3dod/Training/47670232/47670232_frames/lowres_wide/47670232_52842.392.png,ARKitScenes/3dod/Training/47670232/47670232_frames/lowres_depth/47670232_52842.392.png,rule,"{""a_concept"": ""sink"", ""a_depth_m"": 1.9299999475479126, ""b_concept"": ""table"", ""b_depth_m"": 4.4720001220703125, ""comparative"": ""closer"", ""answer_concept"": ""sink""}"
train_001286,42446068/80660.586,42446068,lidar,unknown,train,identify_superlative,farthest_camera,3,"Ignoring the walls, floor, and ceiling, what object is farthest from the viewer?",,toilet,object,,ARKitScenes/3dod/Training/42446068/42446068_frames/lowres_wide/42446068_80660.586.png,ARKitScenes/3dod/Training/42446068/42446068_frames/lowres_depth/42446068_80660.586.png,rule,"{""winner_concept"": ""toilet"", ""winner_object_index"": 2, ""winner_area_frac"": 0.017136556677270435, ""winner_depth_m"": 1.1890000104904175, ""runner_up_concept"": ""cabinet"", ""runner_up_area_frac"": 0.31959130642121186, ""runner_up_depth_m"": 0.9739999771118164}"
train_001287,47334001/51151.452,47334001,lidar,unknown,train,left_right,,1,"Relative to the cabinet, is the chair on the left or the right?",,right,choice,left|right,ARKitScenes/3dod/Training/47334001/47334001_frames/lowres_wide/47334001_51151.452.png,ARKitScenes/3dod/Training/47334001/47334001_frames/lowres_depth/47334001_51151.452.png,rule,"{""a_concept"": ""chair"", ""b_concept"": ""cabinet"", ""a_centroid_x"": 145.03294453979666, ""b_centroid_x"": 113.74140313306454, ""horizontal_gap_px"": 31.291541406732122, ""image_width"": 256}"
train_001288,42444855/94901.624,42444855,lidar,unknown,train,existence,positive,0,Is there a television in this room?,,yes,yes_no,yes|no,ARKitScenes/3dod/Training/42444855/42444855_frames/lowres_wide/42444855_94901.624.png,ARKitScenes/3dod/Training/42444855/42444855_frames/lowres_depth/42444855_94901.624.png,rule,"{""concept"": ""television"", ""object_index"": 6, ""area_frac"": 0.05928386102619728}"
train_001289,47332705/109828.934,47332705,lidar,unknown,train,nearest_object,,4,What is right next to the cabinet?,,shelf,object,,ARKitScenes/3dod/Training/47332705/47332705_frames/lowres_wide/47332705_109828.934.png,ARKitScenes/3dod/Training/47332705/47332705_frames/lowres_depth/47332705_109828.934.png,rule,"{""anchor_concept"": ""cabinet"", ""anchor_object_index"": 5, ""answer_concept"": ""shelf"", ""answer_object_index"": 4, ""nearest_distance_m"": 0.209, ""second_nearest_distance_m"": 0.357}"
train_001290,47333133/39349.196,47333133,lidar,unknown,train,existence,negative,2,Does this room contain a cabinet?,,no,yes_no,yes|no,ARKitScenes/3dod/Training/47333133/47333133_frames/lowres_wide/47333133_39349.196.png,ARKitScenes/3dod/Training/47333133/47333133_frames/lowres_depth/47333133_39349.196.png,rule,"{""concept"": ""cabinet"", ""reason"": ""category_or_scene_type_plausible""}"
train_001291,43649474/14588.450,43649474,lidar,unknown,train,relative_depth,closer,3,"Which object is closer to the camera, the cabinet or the shelf?",,cabinet,choice,cabinet|shelf,ARKitScenes/3dod/Training/43649474/43649474_frames/lowres_wide/43649474_14588.450.png,ARKitScenes/3dod/Training/43649474/43649474_frames/lowres_depth/43649474_14588.450.png,rule,"{""a_concept"": ""cabinet"", ""a_depth_m"": 2.8510000705718994, ""b_concept"": ""shelf"", ""b_depth_m"": 4.065999984741211, ""comparative"": ""closer"", ""answer_concept"": ""cabinet""}"
train_001292,47333670/133968.977,47333670,lidar,unknown,train,nearest_object,,2,What sits closest to the chair?,,table,object,,ARKitScenes/3dod/Training/47333670/47333670_frames/lowres_wide/47333670_133968.977.png,ARKitScenes/3dod/Training/47333670/47333670_frames/lowres_depth/47333670_133968.977.png,rule,"{""anchor_concept"": ""chair"", ""anchor_object_index"": 10, ""answer_concept"": ""table"", ""answer_object_index"": 9, ""nearest_distance_m"": 0.223, ""second_nearest_distance_m"": 0.627}"
train_001293,47333110/108837.097,47333110,lidar,unknown,train,left_right,,3,Is the table on the left side or the right side of the television?,,left,choice,left|right,ARKitScenes/3dod/Training/47333110/47333110_frames/lowres_wide/47333110_108837.097.png,ARKitScenes/3dod/Training/47333110/47333110_frames/lowres_depth/47333110_108837.097.png,rule,"{""a_concept"": ""table"", ""b_concept"": ""television"", ""a_centroid_x"": 93.51112493688056, ""b_centroid_x"": 159.78485711820318, ""horizontal_gap_px"": 66.27373218132261, ""image_width"": 256}"
train_001294,47333846/74851.842,47333846,lidar,unknown,train,identify_superlative,closest_camera,3,"Ignoring the walls, floor, and ceiling, what object is nearest the viewer?",,stool,object,,ARKitScenes/3dod/Training/47333846/47333846_frames/lowres_wide/47333846_74851.842.png,ARKitScenes/3dod/Training/47333846/47333846_frames/lowres_depth/47333846_74851.842.png,rule,"{""winner_concept"": ""stool"", ""winner_object_index"": 1, ""winner_area_frac"": 0.07568263140801594, ""winner_depth_m"": 1.5740000009536743, ""runner_up_concept"": null, ""runner_up_area_frac"": null, ""runner_up_depth_m"": null}"
train_001295,42444735/77904.719,42444735,lidar,unknown,train,identify_superlative,farthest_camera,2,"Among the furniture and items in the room, not the walls, floor, or ceiling, which is farthest from where the picture was taken?",,cabinet,object,,ARKitScenes/3dod/Training/42444735/42444735_frames/lowres_wide/42444735_77904.719.png,ARKitScenes/3dod/Training/42444735/42444735_frames/lowres_depth/42444735_77904.719.png,rule,"{""winner_concept"": ""cabinet"", ""winner_object_index"": 2, ""winner_area_frac"": 0.00985259491982061, ""winner_depth_m"": 3.2939999103546143, ""runner_up_concept"": ""shelf"", ""runner_up_area_frac"": 0.08720299800244789, ""runner_up_depth_m"": 2.7079999446868896}"
train_001296,47331573/13663.063,47331573,lidar,unknown,train,identify_superlative,farthest_camera,0,"Not counting the walls, floor, or ceiling, which object is farthest from the camera?",,table,object,,ARKitScenes/3dod/Training/47331573/47331573_frames/lowres_wide/47331573_13663.063.png,ARKitScenes/3dod/Training/47331573/47331573_frames/lowres_depth/47331573_13663.063.png,rule,"{""winner_concept"": ""table"", ""winner_object_index"": 9, ""winner_area_frac"": 0.09436657844242537, ""winner_depth_m"": 0.9160000085830688, ""runner_up_concept"": null, ""runner_up_area_frac"": null, ""runner_up_depth_m"": null}"
train_001297,47331536/4432.490,47331536,lidar,unknown,train,identify_superlative,farthest_camera,3,"Ignoring the walls, floor, and ceiling, what object is farthest from the viewer?",,sofa,object,,ARKitScenes/3dod/Training/47331536/47331536_frames/lowres_wide/47331536_4432.490.png,ARKitScenes/3dod/Training/47331536/47331536_frames/lowres_depth/47331536_4432.490.png,rule,"{""winner_concept"": ""sofa"", ""winner_object_index"": 1, ""winner_area_frac"": 0.293615305305388, ""winner_depth_m"": 1.4819999933242798, ""runner_up_concept"": ""table"", ""runner_up_area_frac"": 0.36618849188766855, ""runner_up_depth_m"": 1.1460000276565552}"
train_001298,47331558/9804.150,47331558,lidar,unknown,train,relative_depth,farther,0,"Which is farther from the camera, the bathtub or the toilet?",,bathtub,choice,bathtub|toilet,ARKitScenes/3dod/Training/47331558/47331558_frames/lowres_wide/47331558_9804.150.png,ARKitScenes/3dod/Training/47331558/47331558_frames/lowres_depth/47331558_9804.150.png,rule,"{""a_concept"": ""bathtub"", ""a_depth_m"": 1.9539999961853027, ""b_concept"": ""toilet"", ""b_depth_m"": 1.621999979019165, ""comparative"": ""farther"", ""answer_concept"": ""bathtub""}"
train_001299,41007591/2644.525,41007591,lidar,unknown,train,left_right,,5,"From the toilet, which direction is the sink in, left or right?",,left,choice,left|right,ARKitScenes/3dod/Training/41007591/41007591_frames/lowres_wide/41007591_2644.525.png,ARKitScenes/3dod/Training/41007591/41007591_frames/lowres_depth/41007591_2644.525.png,rule,"{""a_concept"": ""sink"", ""b_concept"": ""toilet"", ""a_centroid_x"": 84.39430630843206, ""b_centroid_x"": 217.3382054035902, ""horizontal_gap_px"": 132.94389909515814, ""image_width"": 256}"
train_001300,42899430/188144.851,42899430,lidar,unknown,train,nearest_object,,4,What is right next to the stool?,,table,object,,ARKitScenes/3dod/Training/42899430/42899430_frames/lowres_wide/42899430_188144.851.png,ARKitScenes/3dod/Training/42899430/42899430_frames/lowres_depth/42899430_188144.851.png,rule,"{""anchor_concept"": ""stool"", ""anchor_object_index"": 31, ""answer_concept"": ""table"", ""answer_object_index"": 22, ""nearest_distance_m"": 0.428, ""second_nearest_distance_m"": 0.623}"
train_001301,47895672/369307.985,47895672,lidar,unknown,train,left_right,,2,"Looking at the table, is the shelf positioned on its left or right?",,left,choice,left|right,ARKitScenes/3dod/Training/47895672/47895672_frames/lowres_wide/47895672_369307.985.png,ARKitScenes/3dod/Training/47895672/47895672_frames/lowres_depth/47895672_369307.985.png,rule,"{""a_concept"": ""shelf"", ""b_concept"": ""table"", ""a_centroid_x"": 120.37888920942463, ""b_centroid_x"": 184.98974048514833, ""horizontal_gap_px"": 64.6108512757237, ""image_width"": 256}"
train_001302,42444814/54655.105,42444814,lidar,unknown,train,identify_superlative,farthest_camera,5,"Excluding the walls, floor, and ceiling, what is the most distant visible object in the scene?",,table,object,,ARKitScenes/3dod/Training/42444814/42444814_frames/lowres_wide/42444814_54655.105.png,ARKitScenes/3dod/Training/42444814/42444814_frames/lowres_depth/42444814_54655.105.png,rule,"{""winner_concept"": ""table"", ""winner_object_index"": 15, ""winner_area_frac"": 0.2785373523102209, ""winner_depth_m"": 0.9070000052452087, ""runner_up_concept"": null, ""runner_up_area_frac"": null, ""runner_up_depth_m"": null}"
train_001303,48018851/650581.485,48018851,lidar,unknown,train,existence,negative,2,Does this room contain a television?,,no,yes_no,yes|no,ARKitScenes/3dod/Training/48018851/48018851_frames/lowres_wide/48018851_650581.485.png,ARKitScenes/3dod/Training/48018851/48018851_frames/lowres_depth/48018851_650581.485.png,rule,"{""concept"": ""television"", ""reason"": ""category_or_scene_type_plausible""}"
train_001304,42898405/369809.886,42898405,lidar,unknown,train,identify_superlative,farthest_camera,1,"Excluding the walls, floor, and ceiling, what is the most distant object from the camera?",,stool,object,,ARKitScenes/3dod/Training/42898405/42898405_frames/lowres_wide/42898405_369809.886.png,ARKitScenes/3dod/Training/42898405/42898405_frames/lowres_depth/42898405_369809.886.png,rule,"{""winner_concept"": ""stool"", ""winner_object_index"": 5, ""winner_area_frac"": 0.11274663145319892, ""winner_depth_m"": 0.7110000252723694, ""runner_up_concept"": null, ""runner_up_area_frac"": null, ""runner_up_depth_m"": null}"
train_001305,41098100/3376.228,41098100,lidar,unknown,train,existence,positive,0,Is there a sink in this room?,,yes,yes_no,yes|no,ARKitScenes/3dod/Training/41098100/41098100_frames/lowres_wide/41098100_3376.228.png,ARKitScenes/3dod/Training/41098100/41098100_frames/lowres_depth/41098100_3376.228.png,rule,"{""concept"": ""sink"", ""object_index"": 1, ""area_frac"": 0.04326613327257561}"
train_001306,47431194/360458.892,47431194,lidar,unknown,train,identify_superlative,farthest_camera,0,"Not counting the walls, floor, or ceiling, which object is farthest from the camera?",,cabinet,object,,ARKitScenes/3dod/Training/47431194/47431194_frames/lowres_wide/47431194_360458.892.png,ARKitScenes/3dod/Training/47431194/47431194_frames/lowres_depth/47431194_360458.892.png,rule,"{""winner_concept"": ""cabinet"", ""winner_object_index"": 25, ""winner_area_frac"": 0.015782059129966924, ""winner_depth_m"": 2.434999942779541, ""runner_up_concept"": null, ""runner_up_area_frac"": null, ""runner_up_depth_m"": null}"
train_001307,47334629/386372.149,47334629,lidar,unknown,train,relative_depth,farther,4,"Of the bathtub and the sink, which is farther?",,bathtub,choice,bathtub|sink,ARKitScenes/3dod/Training/47334629/47334629_frames/lowres_wide/47334629_386372.149.png,ARKitScenes/3dod/Training/47334629/47334629_frames/lowres_depth/47334629_386372.149.png,rule,"{""a_concept"": ""bathtub"", ""a_depth_m"": 1.402999997138977, ""b_concept"": ""sink"", ""b_depth_m"": 0.7900000214576721, ""comparative"": ""farther"", ""answer_concept"": ""bathtub""}"
train_001308,42899247/881848.941,42899247,lidar,unknown,train,relative_depth,closer,3,"Which object is closer to the camera, the refrigerator or the washer?",,refrigerator,choice,refrigerator|washer,ARKitScenes/3dod/Training/42899247/42899247_frames/lowres_wide/42899247_881848.941.png,ARKitScenes/3dod/Training/42899247/42899247_frames/lowres_depth/42899247_881848.941.png,rule,"{""a_concept"": ""refrigerator"", ""a_depth_m"": 0.7799999713897705, ""b_concept"": ""washer"", ""b_depth_m"": 3.7300000190734863, ""comparative"": ""closer"", ""answer_concept"": ""refrigerator""}"
train_001309,47333493/62618.020,47333493,lidar,unknown,train,identify_superlative,farthest_camera,2,"Among the furniture and items in the room, not the walls, floor, or ceiling, which is farthest from where the picture was taken?",,sofa,object,,ARKitScenes/3dod/Training/47333493/47333493_frames/lowres_wide/47333493_62618.020.png,ARKitScenes/3dod/Training/47333493/47333493_frames/lowres_depth/47333493_62618.020.png,rule,"{""winner_concept"": ""sofa"", ""winner_object_index"": 18, ""winner_area_frac"": 0.03592426275745112, ""winner_depth_m"": 4.445000171661377, ""runner_up_concept"": ""chair"", ""runner_up_area_frac"": 0.12779990069797756, ""runner_up_depth_m"": 1.1469999551773071}"
train_001310,47204921/3696.510,47204921,lidar,unknown,train,existence,positive,2,Does this room contain a cabinet?,,yes,yes_no,yes|no,ARKitScenes/3dod/Training/47204921/47204921_frames/lowres_wide/47204921_3696.510.png,ARKitScenes/3dod/Training/47204921/47204921_frames/lowres_depth/47204921_3696.510.png,rule,"{""concept"": ""cabinet"", ""object_index"": 2, ""area_frac"": 0.0805264424779944}"
train_001311,47204800/24089.547,47204800,lidar,unknown,train,relative_depth,farther,5,"Which one is farther, the television or the dishwasher?",,dishwasher,choice,television|dishwasher,ARKitScenes/3dod/Training/47204800/47204800_frames/lowres_wide/47204800_24089.547.png,ARKitScenes/3dod/Training/47204800/47204800_frames/lowres_depth/47204800_24089.547.png,rule,"{""a_concept"": ""dishwasher"", ""a_depth_m"": 3.890000104904175, ""b_concept"": ""television"", ""b_depth_m"": 1.620500087738037, ""comparative"": ""farther"", ""answer_concept"": ""dishwasher""}"
train_001312,41098176/951.779,41098176,lidar,unknown,train,identify_superlative,closest_camera,1,"Excluding the walls, floor, and ceiling, what is the nearest object to the camera?",,table,object,,ARKitScenes/3dod/Training/41098176/41098176_frames/lowres_wide/41098176_951.779.png,ARKitScenes/3dod/Training/41098176/41098176_frames/lowres_depth/41098176_951.779.png,rule,"{""winner_concept"": ""table"", ""winner_object_index"": 2, ""winner_area_frac"": 0.2977807801035878, ""winner_depth_m"": 1.2209999561309814, ""runner_up_concept"": ""table"", ""runner_up_area_frac"": 0.10916892497708004, ""runner_up_depth_m"": 2.125}"
train_001313,41098140/886.335,41098140,lidar,unknown,train,left_right,,3,Is the cabinet on the left side or the right side of the refrigerator?,,left,choice,left|right,ARKitScenes/3dod/Training/41098140/41098140_frames/lowres_wide/41098140_886.335.png,ARKitScenes/3dod/Training/41098140/41098140_frames/lowres_depth/41098140_886.335.png,rule,"{""a_concept"": ""cabinet"", ""b_concept"": ""refrigerator"", ""a_centroid_x"": 16.87933728605124, ""b_centroid_x"": 54.04160345929343, ""horizontal_gap_px"": 37.16226617324219, ""image_width"": 256}"
train_001314,43828272/84510.109,43828272,lidar,unknown,train,left_right,,2,"Looking at the refrigerator, is the chair positioned on its left or right?",,right,choice,left|right,ARKitScenes/3dod/Training/43828272/43828272_frames/lowres_wide/43828272_84510.109.png,ARKitScenes/3dod/Training/43828272/43828272_frames/lowres_depth/43828272_84510.109.png,rule,"{""a_concept"": ""chair"", ""b_concept"": ""refrigerator"", ""a_centroid_x"": 135.5860607433449, ""b_centroid_x"": 34.40457952614809, ""horizontal_gap_px"": 101.18148121719679, ""image_width"": 256}"
train_001315,45261317/23601.393,45261317,lidar,unknown,train,identify_superlative,farthest_camera,4,"Not counting the room's walls, floor, or ceiling, which object is farthest away in this image?",,cabinet,object,,ARKitScenes/3dod/Training/45261317/45261317_frames/lowres_wide/45261317_23601.393.png,ARKitScenes/3dod/Training/45261317/45261317_frames/lowres_depth/45261317_23601.393.png,rule,"{""winner_concept"": ""cabinet"", ""winner_object_index"": 3, ""winner_area_frac"": 0.19879421676029144, ""winner_depth_m"": 1.0989999771118164, ""runner_up_concept"": null, ""runner_up_area_frac"": null, ""runner_up_depth_m"": null}"
train_001316,42445128/5118.449,42445128,lidar,unknown,train,relative_depth,closer,0,"Which is closer to the camera, the cabinet or the bed?",,bed,choice,cabinet|bed,ARKitScenes/3dod/Training/42445128/42445128_frames/lowres_wide/42445128_5118.449.png,ARKitScenes/3dod/Training/42445128/42445128_frames/lowres_depth/42445128_5118.449.png,rule,"{""a_concept"": ""bed"", ""a_depth_m"": 1.0945000648498535, ""b_concept"": ""cabinet"", ""b_depth_m"": 2.7360000610351562, ""comparative"": ""closer"", ""answer_concept"": ""bed""}"
train_001317,47204350/15549.044,47204350,lidar,unknown,train,relative_depth,farther,3,"Which object is farther from the camera, the television or the table?",,television,choice,television|table,ARKitScenes/3dod/Training/47204350/47204350_frames/lowres_wide/47204350_15549.044.png,ARKitScenes/3dod/Training/47204350/47204350_frames/lowres_depth/47204350_15549.044.png,rule,"{""a_concept"": ""table"", ""a_depth_m"": 2.683000087738037, ""b_concept"": ""television"", ""b_depth_m"": 3.430999994277954, ""comparative"": ""farther"", ""answer_concept"": ""television""}"
train_001318,47333624/77169.691,47333624,lidar,unknown,train,existence,positive,5,Is there any television visible in the image?,,yes,yes_no,yes|no,ARKitScenes/3dod/Training/47333624/47333624_frames/lowres_wide/47333624_77169.691.png,ARKitScenes/3dod/Training/47333624/47333624_frames/lowres_depth/47333624_77169.691.png,rule,"{""concept"": ""television"", ""object_index"": 3, ""area_frac"": 0.17934752515175564}"
train_001319,48018089/103979.438,48018089,lidar,unknown,train,left_right,,3,Is the cabinet on the left side or the right side of the stool?,,right,choice,left|right,ARKitScenes/3dod/Training/48018089/48018089_frames/lowres_wide/48018089_103979.438.png,ARKitScenes/3dod/Training/48018089/48018089_frames/lowres_depth/48018089_103979.438.png,rule,"{""a_concept"": ""cabinet"", ""b_concept"": ""stool"", ""a_centroid_x"": 189.0508029568798, ""b_centroid_x"": 19.282480090575614, ""horizontal_gap_px"": 169.7683228663042, ""image_width"": 256}"
train_001320,48018760/15098.771,48018760,lidar,unknown,train,nearest_object,,4,What is right next to the sink?,,dishwasher,object,,ARKitScenes/3dod/Training/48018760/48018760_frames/lowres_wide/48018760_15098.771.png,ARKitScenes/3dod/Training/48018760/48018760_frames/lowres_depth/48018760_15098.771.png,rule,"{""anchor_concept"": ""sink"", ""anchor_object_index"": 28, ""answer_concept"": ""dishwasher"", ""answer_object_index"": 12, ""nearest_distance_m"": 0.699, ""second_nearest_distance_m"": 2.004}"
train_001321,42898728/583449.178,42898728,lidar,unknown,train,identify_superlative,closest_camera,0,"Not counting the walls, floor, or ceiling, which object is closest to the camera?",,bathtub,object,,ARKitScenes/3dod/Training/42898728/42898728_frames/lowres_wide/42898728_583449.178.png,ARKitScenes/3dod/Training/42898728/42898728_frames/lowres_depth/42898728_583449.178.png,rule,"{""winner_concept"": ""bathtub"", ""winner_object_index"": 1, ""winner_area_frac"": 0.03662083407918003, ""winner_depth_m"": 2.4040000438690186, ""runner_up_concept"": null, ""runner_up_area_frac"": null, ""runner_up_depth_m"": null}"
train_001322,43828517/102956.708,43828517,lidar,unknown,train,relative_depth,closer,3,"Which object is closer to the camera, the chair or the fireplace?",,fireplace,choice,chair|fireplace,ARKitScenes/3dod/Training/43828517/43828517_frames/lowres_wide/43828517_102956.708.png,ARKitScenes/3dod/Training/43828517/43828517_frames/lowres_depth/43828517_102956.708.png,rule,"{""a_concept"": ""chair"", ""a_depth_m"": 3.7279999256134033, ""b_concept"": ""fireplace"", ""b_depth_m"": 1.965499997138977, ""comparative"": ""closer"", ""answer_concept"": ""fireplace""}"
train_001323,43828517/102965.904,43828517,lidar,unknown,train,relative_depth,farther,1,"Between the sofa and the chair, which one is farther from the camera?",,sofa,choice,sofa|chair,ARKitScenes/3dod/Training/43828517/43828517_frames/lowres_wide/43828517_102965.904.png,ARKitScenes/3dod/Training/43828517/43828517_frames/lowres_depth/43828517_102965.904.png,rule,"{""a_concept"": ""chair"", ""a_depth_m"": 2.1050000190734863, ""b_concept"": ""sofa"", ""b_depth_m"": 2.9509999752044678, ""comparative"": ""farther"", ""answer_concept"": ""sofa""}"
train_001324,42897780/129124.646,42897780,lidar,unknown,train,existence,negative,3,Can you spot a cabinet in the picture?,,no,yes_no,yes|no,ARKitScenes/3dod/Training/42897780/42897780_frames/lowres_wide/42897780_129124.646.png,ARKitScenes/3dod/Training/42897780/42897780_frames/lowres_depth/42897780_129124.646.png,rule,"{""concept"": ""cabinet"", ""reason"": ""category_or_scene_type_plausible""}"
train_001325,47332080/251438.149,47332080,lidar,unknown,train,existence,positive,1,Do you see a bathtub here?,,yes,yes_no,yes|no,ARKitScenes/3dod/Training/47332080/47332080_frames/lowres_wide/47332080_251438.149.png,ARKitScenes/3dod/Training/47332080/47332080_frames/lowres_depth/47332080_251438.149.png,rule,"{""concept"": ""bathtub"", ""object_index"": 4, ""area_frac"": 0.419703873615827}"
train_001326,47670299/63482.058,47670299,lidar,unknown,train,relative_depth,farther,2,Is the television or the table farther from the camera?,,television,choice,television|table,ARKitScenes/3dod/Training/47670299/47670299_frames/lowres_wide/47670299_63482.058.png,ARKitScenes/3dod/Training/47670299/47670299_frames/lowres_depth/47670299_63482.058.png,rule,"{""a_concept"": ""table"", ""a_depth_m"": 1.565999984741211, ""b_concept"": ""television"", ""b_depth_m"": 1.9869999885559082, ""comparative"": ""farther"", ""answer_concept"": ""television""}"
train_001327,47204350/15540.847,47204350,lidar,unknown,train,relative_depth,farther,1,"Between the cabinet and the table, which one is farther from the camera?",,table,choice,cabinet|table,ARKitScenes/3dod/Training/47204350/47204350_frames/lowres_wide/47204350_15540.847.png,ARKitScenes/3dod/Training/47204350/47204350_frames/lowres_depth/47204350_15540.847.png,rule,"{""a_concept"": ""table"", ""a_depth_m"": 4.815999984741211, ""b_concept"": ""cabinet"", ""b_depth_m"": 1.6510000228881836, ""comparative"": ""farther"", ""answer_concept"": ""table""}"
train_001328,44358634/3016.178,44358634,lidar,unknown,train,existence,positive,3,Can you spot a cabinet in the picture?,,yes,yes_no,yes|no,ARKitScenes/3dod/Training/44358634/44358634_frames/lowres_wide/44358634_3016.178.png,ARKitScenes/3dod/Training/44358634/44358634_frames/lowres_depth/44358634_3016.178.png,rule,"{""concept"": ""cabinet"", ""object_index"": 10, ""area_frac"": 0.027716652115550147}"
train_001329,44358599/58359.722,44358599,lidar,unknown,train,identify_superlative,closest_camera,5,"Excluding the walls, floor, and ceiling, what is the closest visible object to the camera?",,sofa,object,,ARKitScenes/3dod/Training/44358599/44358599_frames/lowres_wide/44358599_58359.722.png,ARKitScenes/3dod/Training/44358599/44358599_frames/lowres_depth/44358599_58359.722.png,rule,"{""winner_concept"": ""sofa"", ""winner_object_index"": 3, ""winner_area_frac"": 0.21535469937677024, ""winner_depth_m"": 0.8960000276565552, ""runner_up_concept"": ""table"", ""runner_up_area_frac"": 0.22152058228730867, ""runner_up_depth_m"": 1.184999942779541}"
train_001330,41125438/1332.944,41125438,lidar,unknown,train,existence,positive,0,Is there a television in this room?,,yes,yes_no,yes|no,ARKitScenes/3dod/Training/41125438/41125438_frames/lowres_wide/41125438_1332.944.png,ARKitScenes/3dod/Training/41125438/41125438_frames/lowres_depth/41125438_1332.944.png,rule,"{""concept"": ""television"", ""object_index"": 5, ""area_frac"": 0.20381576625162776}"
train_001331,47669851/12499.977,47669851,lidar,unknown,train,relative_depth,closer,5,"Which one is closer, the table or the cabinet?",,cabinet,choice,table|cabinet,ARKitScenes/3dod/Training/47669851/47669851_frames/lowres_wide/47669851_12499.977.png,ARKitScenes/3dod/Training/47669851/47669851_frames/lowres_depth/47669851_12499.977.png,rule,"{""a_concept"": ""cabinet"", ""a_depth_m"": 0.9160000085830688, ""b_concept"": ""table"", ""b_depth_m"": 4.175000190734863, ""comparative"": ""closer"", ""answer_concept"": ""cabinet""}"
train_001332,47115137/85872.367,47115137,lidar,unknown,train,identify_superlative,closest_camera,5,"Excluding the walls, floor, and ceiling, what is the closest visible object to the camera?",,toilet,object,,ARKitScenes/3dod/Training/47115137/47115137_frames/lowres_wide/47115137_85872.367.png,ARKitScenes/3dod/Training/47115137/47115137_frames/lowres_depth/47115137_85872.367.png,rule,"{""winner_concept"": ""toilet"", ""winner_object_index"": 0, ""winner_area_frac"": 0.04415864740818631, ""winner_depth_m"": 2.7809998989105225, ""runner_up_concept"": null, ""runner_up_area_frac"": null, ""runner_up_depth_m"": null}"
train_001333,47334491/104495.837,47334491,lidar,unknown,train,left_right,,2,"Looking at the television, is the cabinet positioned on its left or right?",,right,choice,left|right,ARKitScenes/3dod/Training/47334491/47334491_frames/lowres_wide/47334491_104495.837.png,ARKitScenes/3dod/Training/47334491/47334491_frames/lowres_depth/47334491_104495.837.png,rule,"{""a_concept"": ""cabinet"", ""b_concept"": ""television"", ""a_centroid_x"": 70.06959410370384, ""b_centroid_x"": 40.136295605498596, ""horizontal_gap_px"": 29.93329849820524, ""image_width"": 256}"
train_001334,45662851/12204.350,45662851,lidar,unknown,train,existence,negative,0,Is there a cabinet in this room?,,no,yes_no,yes|no,ARKitScenes/3dod/Training/45662851/45662851_frames/lowres_wide/45662851_12204.350.png,ARKitScenes/3dod/Training/45662851/45662851_frames/lowres_depth/45662851_12204.350.png,rule,"{""concept"": ""cabinet"", ""reason"": ""category_or_scene_type_plausible""}"
train_001335,47334615/385659.433,47334615,lidar,unknown,train,left_right,,5,"From the sofa, which direction is the shelf in, left or right?",,left,choice,left|right,ARKitScenes/3dod/Training/47334615/47334615_frames/lowres_wide/47334615_385659.433.png,ARKitScenes/3dod/Training/47334615/47334615_frames/lowres_depth/47334615_385659.433.png,rule,"{""a_concept"": ""shelf"", ""b_concept"": ""sofa"", ""a_centroid_x"": 5.783406331769649, ""b_centroid_x"": 242.12637748724404, ""horizontal_gap_px"": 236.3429711554744, ""image_width"": 256}"
train_001336,41126811/8363.733,41126811,lidar,unknown,train,identify_superlative,farthest_camera,5,"Excluding the walls, floor, and ceiling, what is the most distant visible object in the scene?",,sink,object,,ARKitScenes/3dod/Training/41126811/41126811_frames/lowres_wide/41126811_8363.733.png,ARKitScenes/3dod/Training/41126811/41126811_frames/lowres_depth/41126811_8363.733.png,rule,"{""winner_concept"": ""sink"", ""winner_object_index"": 5, ""winner_area_frac"": 0.06867523315534875, ""winner_depth_m"": 1.3569999933242798, ""runner_up_concept"": ""cabinet"", ""runner_up_area_frac"": 0.0924543194714726, ""runner_up_depth_m"": 1.0759999752044678}"
train_001337,47895571/1153740.650,47895571,lidar,unknown,train,identify_superlative,farthest_camera,1,"Excluding the walls, floor, and ceiling, what is the most distant object from the camera?",,cabinet,object,,ARKitScenes/3dod/Training/47895571/47895571_frames/lowres_wide/47895571_1153740.650.png,ARKitScenes/3dod/Training/47895571/47895571_frames/lowres_depth/47895571_1153740.650.png,rule,"{""winner_concept"": ""cabinet"", ""winner_object_index"": 7, ""winner_area_frac"": 0.04083806113809006, ""winner_depth_m"": 0.7889999747276306, ""runner_up_concept"": null, ""runner_up_area_frac"": null, ""runner_up_depth_m"": null}"
train_001338,42898427/1122.452,42898427,lidar,unknown,train,nearest_object,,4,What is right next to the table?,,chair,object,,ARKitScenes/3dod/Training/42898427/42898427_frames/lowres_wide/42898427_1122.452.png,ARKitScenes/3dod/Training/42898427/42898427_frames/lowres_depth/42898427_1122.452.png,rule,"{""anchor_concept"": ""table"", ""anchor_object_index"": 2, ""answer_concept"": ""chair"", ""answer_object_index"": 3, ""nearest_distance_m"": 0.025, ""second_nearest_distance_m"": 0.4}"
train_001339,41159704/71305.733,41159704,lidar,unknown,train,left_right,,0,Is the cabinet to the left or to the right of the television?,,right,choice,left|right,ARKitScenes/3dod/Training/41159704/41159704_frames/lowres_wide/41159704_71305.733.png,ARKitScenes/3dod/Training/41159704/41159704_frames/lowres_depth/41159704_71305.733.png,rule,"{""a_concept"": ""cabinet"", ""b_concept"": ""television"", ""a_centroid_x"": 201.0249645869036, ""b_centroid_x"": 169.69434786765459, ""horizontal_gap_px"": 31.330616719249008, ""image_width"": 256}"
train_001340,48018079/103500.741,48018079,lidar,unknown,train,relative_depth,closer,3,"Which object is closer to the camera, the chair or the television?",,chair,choice,chair|television,ARKitScenes/3dod/Training/48018079/48018079_frames/lowres_wide/48018079_103500.741.png,ARKitScenes/3dod/Training/48018079/48018079_frames/lowres_depth/48018079_103500.741.png,rule,"{""a_concept"": ""television"", ""a_depth_m"": 2.9579999446868896, ""b_concept"": ""chair"", ""b_depth_m"": 2.2920000553131104, ""comparative"": ""closer"", ""answer_concept"": ""chair""}"
train_001341,41159846/78058.033,41159846,lidar,unknown,train,identify_superlative,farthest_camera,5,"Excluding the walls, floor, and ceiling, what is the most distant visible object in the scene?",,chair,object,,ARKitScenes/3dod/Training/41159846/41159846_frames/lowres_wide/41159846_78058.033.png,ARKitScenes/3dod/Training/41159846/41159846_frames/lowres_depth/41159846_78058.033.png,rule,"{""winner_concept"": ""chair"", ""winner_object_index"": 15, ""winner_area_frac"": 0.005718121760980861, ""winner_depth_m"": 6.296000003814697, ""runner_up_concept"": ""chair"", ""runner_up_area_frac"": 0.11970926221812699, ""runner_up_depth_m"": 2.23799991607666}"
train_001342,42898350/511466.283,42898350,lidar,unknown,train,nearest_object,,0,What is the closest object to the sofa?,,chair,object,,ARKitScenes/3dod/Training/42898350/42898350_frames/lowres_wide/42898350_511466.283.png,ARKitScenes/3dod/Training/42898350/42898350_frames/lowres_depth/42898350_511466.283.png,rule,"{""anchor_concept"": ""sofa"", ""anchor_object_index"": 11, ""answer_concept"": ""chair"", ""answer_object_index"": 9, ""nearest_distance_m"": 1.007, ""second_nearest_distance_m"": 2.116}"
train_001343,44358243/10405.346,44358243,lidar,unknown,train,relative_depth,farther,3,"Which object is farther from the camera, the sink or the toilet?",,toilet,choice,sink|toilet,ARKitScenes/3dod/Training/44358243/44358243_frames/lowres_wide/44358243_10405.346.png,ARKitScenes/3dod/Training/44358243/44358243_frames/lowres_depth/44358243_10405.346.png,rule,"{""a_concept"": ""sink"", ""a_depth_m"": 1.7929999828338623, ""b_concept"": ""toilet"", ""b_depth_m"": 2.7960000038146973, ""comparative"": ""farther"", ""answer_concept"": ""toilet""}"
train_001344,44358295/15790.169,44358295,lidar,unknown,train,existence,negative,5,Is there any cabinet visible in the image?,,no,yes_no,yes|no,ARKitScenes/3dod/Training/44358295/44358295_frames/lowres_wide/44358295_15790.169.png,ARKitScenes/3dod/Training/44358295/44358295_frames/lowres_depth/44358295_15790.169.png,rule,"{""concept"": ""cabinet"", ""reason"": ""category_or_scene_type_plausible""}"
train_001345,44358599/58254.430,44358599,lidar,unknown,train,relative_depth,closer,2,Is the sofa or the table closer to the camera?,,sofa,choice,sofa|table,ARKitScenes/3dod/Training/44358599/44358599_frames/lowres_wide/44358599_58254.430.png,ARKitScenes/3dod/Training/44358599/44358599_frames/lowres_depth/44358599_58254.430.png,rule,"{""a_concept"": ""sofa"", ""a_depth_m"": 4.716000080108643, ""b_concept"": ""table"", ""b_depth_m"": 6.109000205993652, ""comparative"": ""closer"", ""answer_concept"": ""sofa""}"
train_001346,41159687/46512.865,41159687,lidar,unknown,train,left_right,,4,"Which side of the shelf is the fireplace on, left or right?",,right,choice,left|right,ARKitScenes/3dod/Training/41159687/41159687_frames/lowres_wide/41159687_46512.865.png,ARKitScenes/3dod/Training/41159687/41159687_frames/lowres_depth/41159687_46512.865.png,rule,"{""a_concept"": ""fireplace"", ""b_concept"": ""shelf"", ""a_centroid_x"": 247.31271424592822, ""b_centroid_x"": 144.20514053225895, ""horizontal_gap_px"": 103.10757371366927, ""image_width"": 256}"
train_001347,47331491/153090.937,47331491,lidar,unknown,train,identify_superlative,farthest_camera,4,"Not counting the room's walls, floor, or ceiling, which object is farthest away in this image?",,television,object,,ARKitScenes/3dod/Training/47331491/47331491_frames/lowres_wide/47331491_153090.937.png,ARKitScenes/3dod/Training/47331491/47331491_frames/lowres_depth/47331491_153090.937.png,rule,"{""winner_concept"": ""television"", ""winner_object_index"": 3, ""winner_area_frac"": 0.22189671624183194, ""winner_depth_m"": 0.9789999723434448, ""runner_up_concept"": null, ""runner_up_area_frac"": null, ""runner_up_depth_m"": null}"
train_001348,47669917/14101.282,47669917,lidar,unknown,train,identify_superlative,closest_camera,0,"Not counting the walls, floor, or ceiling, which object is closest to the camera?",,table,object,,ARKitScenes/3dod/Training/47669917/47669917_frames/lowres_wide/47669917_14101.282.png,ARKitScenes/3dod/Training/47669917/47669917_frames/lowres_depth/47669917_14101.282.png,rule,"{""winner_concept"": ""table"", ""winner_object_index"": 10, ""winner_area_frac"": 0.04138217270470992, ""winner_depth_m"": 4.355000019073486, ""runner_up_concept"": null, ""runner_up_area_frac"": null, ""runner_up_depth_m"": null}"
train_001349,42899284/885320.672,42899284,lidar,unknown,train,existence,negative,0,Is there a television in this room?,,no,yes_no,yes|no,ARKitScenes/3dod/Training/42899284/42899284_frames/lowres_wide/42899284_885320.672.png,ARKitScenes/3dod/Training/42899284/42899284_frames/lowres_depth/42899284_885320.672.png,rule,"{""concept"": ""television"", ""reason"": ""category_or_scene_type_plausible""}"
train_001350,42898671/574271.381,42898671,lidar,unknown,train,relative_depth,farther,4,"Of the television and the cabinet, which is farther?",,television,choice,television|cabinet,ARKitScenes/3dod/Training/42898671/42898671_frames/lowres_wide/42898671_574271.381.png,ARKitScenes/3dod/Training/42898671/42898671_frames/lowres_depth/42898671_574271.381.png,rule,"{""a_concept"": ""cabinet"", ""a_depth_m"": 3.5190000534057617, ""b_concept"": ""television"", ""b_depth_m"": 4.251500129699707, ""comparative"": ""farther"", ""answer_concept"": ""television""}"
train_001351,48018127/369143.866,48018127,lidar,unknown,train,left_right,,5,"From the cabinet, which direction is the sofa in, left or right?",,left,choice,left|right,ARKitScenes/3dod/Training/48018127/48018127_frames/lowres_wide/48018127_369143.866.png,ARKitScenes/3dod/Training/48018127/48018127_frames/lowres_depth/48018127_369143.866.png,rule,"{""a_concept"": ""sofa"", ""b_concept"": ""cabinet"", ""a_centroid_x"": 28.93721819417984, ""b_centroid_x"": 212.3721163853141, ""horizontal_gap_px"": 183.43489819113424, ""image_width"": 256}"
train_001352,44358634/3024.658,44358634,lidar,unknown,train,relative_depth,closer,2,Is the cabinet or the table closer to the camera?,,table,choice,cabinet|table,ARKitScenes/3dod/Training/44358634/44358634_frames/lowres_wide/44358634_3024.658.png,ARKitScenes/3dod/Training/44358634/44358634_frames/lowres_depth/44358634_3024.658.png,rule,"{""a_concept"": ""table"", ""a_depth_m"": 2.122999906539917, ""b_concept"": ""cabinet"", ""b_depth_m"": 3.9679999351501465, ""comparative"": ""closer"", ""answer_concept"": ""table""}"
train_001353,42897780/129143.539,42897780,lidar,unknown,train,existence,negative,5,Is there any cabinet visible in the image?,,no,yes_no,yes|no,ARKitScenes/3dod/Training/42897780/42897780_frames/lowres_wide/42897780_129143.539.png,ARKitScenes/3dod/Training/42897780/42897780_frames/lowres_depth/42897780_129143.539.png,rule,"{""concept"": ""cabinet"", ""reason"": ""category_or_scene_type_plausible""}"
train_001354,43828162/74460.739,43828162,lidar,unknown,train,existence,negative,0,Is there a stool in this room?,,no,yes_no,yes|no,ARKitScenes/3dod/Training/43828162/43828162_frames/lowres_wide/43828162_74460.739.png,ARKitScenes/3dod/Training/43828162/43828162_frames/lowres_depth/43828162_74460.739.png,rule,"{""concept"": ""stool"", ""reason"": ""category_or_scene_type_plausible""}"
train_001355,42899362/717585.619,42899362,lidar,unknown,train,existence,negative,4,Is a sink present in this scene?,,no,yes_no,yes|no,ARKitScenes/3dod/Training/42899362/42899362_frames/lowres_wide/42899362_717585.619.png,ARKitScenes/3dod/Training/42899362/42899362_frames/lowres_depth/42899362_717585.619.png,rule,"{""concept"": ""sink"", ""reason"": ""category_or_scene_type_plausible""}"
train_001356,42898236/167752.349,42898236,lidar,unknown,train,left_right,,3,Is the sofa on the left side or the right side of the television?,,right,choice,left|right,ARKitScenes/3dod/Training/42898236/42898236_frames/lowres_wide/42898236_167752.349.png,ARKitScenes/3dod/Training/42898236/42898236_frames/lowres_depth/42898236_167752.349.png,rule,"{""a_concept"": ""sofa"", ""b_concept"": ""television"", ""a_centroid_x"": 173.66208260581914, ""b_centroid_x"": 81.88869240547113, ""horizontal_gap_px"": 91.773390200348, ""image_width"": 256}"
train_001357,41126779/4571.050,41126779,lidar,unknown,train,nearest_object,,4,What is right next to the cabinet?,,shelf,object,,ARKitScenes/3dod/Training/41126779/41126779_frames/lowres_wide/41126779_4571.050.png,ARKitScenes/3dod/Training/41126779/41126779_frames/lowres_depth/41126779_4571.050.png,rule,"{""anchor_concept"": ""cabinet"", ""anchor_object_index"": 26, ""answer_concept"": ""shelf"", ""answer_object_index"": 27, ""nearest_distance_m"": 0.603, ""second_nearest_distance_m"": 1.416}"
train_001358,44796226/2514.540,44796226,lidar,unknown,train,existence,negative,1,Do you see a shelf here?,,no,yes_no,yes|no,ARKitScenes/3dod/Training/44796226/44796226_frames/lowres_wide/44796226_2514.540.png,ARKitScenes/3dod/Training/44796226/44796226_frames/lowres_depth/44796226_2514.540.png,rule,"{""concept"": ""shelf"", ""reason"": ""category_or_scene_type_plausible""}"
train_001359,47332326/810180.869,47332326,lidar,unknown,train,left_right,,5,"From the washer, which direction is the bathtub in, left or right?",,right,choice,left|right,ARKitScenes/3dod/Training/47332326/47332326_frames/lowres_wide/47332326_810180.869.png,ARKitScenes/3dod/Training/47332326/47332326_frames/lowres_depth/47332326_810180.869.png,rule,"{""a_concept"": ""bathtub"", ""b_concept"": ""washer"", ""a_centroid_x"": 223.7813871705743, ""b_centroid_x"": 135.18935413189823, ""horizontal_gap_px"": 88.59203303867608, ""image_width"": 256}"
train_001360,47430862/74314.211,47430862,lidar,unknown,train,relative_depth,farther,1,"Between the table and the bed, which one is farther from the camera?",,table,choice,table|bed,ARKitScenes/3dod/Training/47430862/47430862_frames/lowres_wide/47430862_74314.211.png,ARKitScenes/3dod/Training/47430862/47430862_frames/lowres_depth/47430862_74314.211.png,rule,"{""a_concept"": ""bed"", ""a_depth_m"": 1.284999966621399, ""b_concept"": ""table"", ""b_depth_m"": 1.9040000438690186, ""comparative"": ""farther"", ""answer_concept"": ""table""}"
train_001361,43649586/35282.146,43649586,lidar,unknown,train,existence,negative,5,Is there any shelf visible in the image?,,no,yes_no,yes|no,ARKitScenes/3dod/Training/43649586/43649586_frames/lowres_wide/43649586_35282.146.png,ARKitScenes/3dod/Training/43649586/43649586_frames/lowres_depth/43649586_35282.146.png,rule,"{""concept"": ""shelf"", ""reason"": ""category_or_scene_type_plausible""}"
train_001362,42444711/74074.426,42444711,lidar,unknown,train,relative_depth,farther,0,"Which is farther from the camera, the sink or the toilet?",,toilet,choice,sink|toilet,ARKitScenes/3dod/Training/42444711/42444711_frames/lowres_wide/42444711_74074.426.png,ARKitScenes/3dod/Training/42444711/42444711_frames/lowres_depth/42444711_74074.426.png,rule,"{""a_concept"": ""toilet"", ""a_depth_m"": 3.3320000171661377, ""b_concept"": ""sink"", ""b_depth_m"": 2.693000078201294, ""comparative"": ""farther"", ""answer_concept"": ""toilet""}"
train_001363,43828520/102896.217,43828520,lidar,unknown,train,identify_superlative,closest_camera,1,"Excluding the walls, floor, and ceiling, what is the nearest object to the camera?",,table,object,,ARKitScenes/3dod/Training/43828520/43828520_frames/lowres_wide/43828520_102896.217.png,ARKitScenes/3dod/Training/43828520/43828520_frames/lowres_depth/43828520_102896.217.png,rule,"{""winner_concept"": ""table"", ""winner_object_index"": 8, ""winner_area_frac"": 0.19151569291468196, ""winner_depth_m"": 1.6330000162124634, ""runner_up_concept"": ""sofa"", ""runner_up_area_frac"": 0.03636713552394311, ""runner_up_depth_m"": 3.0}"
train_001364,47332197/263671.362,47332197,lidar,unknown,train,relative_depth,closer,3,"Which object is closer to the camera, the toilet or the sink?",,sink,choice,toilet|sink,ARKitScenes/3dod/Training/47332197/47332197_frames/lowres_wide/47332197_263671.362.png,ARKitScenes/3dod/Training/47332197/47332197_frames/lowres_depth/47332197_263671.362.png,rule,"{""a_concept"": ""sink"", ""a_depth_m"": 0.7319999933242798, ""b_concept"": ""toilet"", ""b_depth_m"": 1.409000039100647, ""comparative"": ""closer"", ""answer_concept"": ""sink""}"
train_001365,43896280/5154.694,43896280,lidar,unknown,train,identify_superlative,closest_camera,2,"Among the furniture and items in the room, not the walls, floor, or ceiling, which is closest to where the picture was taken from?",,stool,object,,ARKitScenes/3dod/Training/43896280/43896280_frames/lowres_wide/43896280_5154.694.png,ARKitScenes/3dod/Training/43896280/43896280_frames/lowres_depth/43896280_5154.694.png,rule,"{""winner_concept"": ""stool"", ""winner_object_index"": 11, ""winner_area_frac"": 0.03158980293456896, ""winner_depth_m"": 1.5529999732971191, ""runner_up_concept"": null, ""runner_up_area_frac"": null, ""runner_up_depth_m"": null}"
train_001366,47431138/351205.199,47431138,lidar,unknown,train,existence,positive,3,Can you spot a television in the picture?,,yes,yes_no,yes|no,ARKitScenes/3dod/Training/47431138/47431138_frames/lowres_wide/47431138_351205.199.png,ARKitScenes/3dod/Training/47431138/47431138_frames/lowres_depth/47431138_351205.199.png,rule,"{""concept"": ""television"", ""object_index"": 5, ""area_frac"": 0.1041397420593026}"
train_001367,47429830/748542.249,47429830,lidar,unknown,train,identify_superlative,closest_camera,1,"Excluding the walls, floor, and ceiling, what is the nearest object to the camera?",,table,object,,ARKitScenes/3dod/Training/47429830/47429830_frames/lowres_wide/47429830_748542.249.png,ARKitScenes/3dod/Training/47429830/47429830_frames/lowres_depth/47429830_748542.249.png,rule,"{""winner_concept"": ""table"", ""winner_object_index"": 1, ""winner_area_frac"": 0.2614087355017311, ""winner_depth_m"": 1.4429999589920044, ""runner_up_concept"": ""chair"", ""runner_up_area_frac"": 0.019841796904776176, ""runner_up_depth_m"": 1.8125}"
train_001368,47333746/54774.365,47333746,lidar,unknown,train,identify_superlative,farthest_camera,5,"Excluding the walls, floor, and ceiling, what is the most distant visible object in the scene?",,oven,object,,ARKitScenes/3dod/Training/47333746/47333746_frames/lowres_wide/47333746_54774.365.png,ARKitScenes/3dod/Training/47333746/47333746_frames/lowres_depth/47333746_54774.365.png,rule,"{""winner_concept"": ""oven"", ""winner_object_index"": 1, ""winner_area_frac"": 0.008164232245157601, ""winner_depth_m"": 4.171000003814697, ""runner_up_concept"": null, ""runner_up_area_frac"": null, ""runner_up_depth_m"": null}"
train_001369,47334837/613736.268,47334837,lidar,unknown,train,left_right,,5,"From the table, which direction is the sofa in, left or right?",,right,choice,left|right,ARKitScenes/3dod/Training/47334837/47334837_frames/lowres_wide/47334837_613736.268.png,ARKitScenes/3dod/Training/47334837/47334837_frames/lowres_depth/47334837_613736.268.png,rule,"{""a_concept"": ""sofa"", ""b_concept"": ""table"", ""a_centroid_x"": 93.03577013789624, ""b_centroid_x"": 16.045316528942475, ""horizontal_gap_px"": 76.99045360895376, ""image_width"": 256}"
train_001370,41254551/136543.034,41254551,lidar,unknown,train,relative_depth,farther,3,"Which object is farther from the camera, the stool or the sofa?",,stool,choice,stool|sofa,ARKitScenes/3dod/Training/41254551/41254551_frames/lowres_wide/41254551_136543.034.png,ARKitScenes/3dod/Training/41254551/41254551_frames/lowres_depth/41254551_136543.034.png,rule,"{""a_concept"": ""sofa"", ""a_depth_m"": 2.943000078201294, ""b_concept"": ""stool"", ""b_depth_m"": 5.414000034332275, ""comparative"": ""farther"", ""answer_concept"": ""stool""}"
train_001371,47331220/282459.521,47331220,lidar,unknown,train,nearest_object,,3,Which item is positioned nearest to the cabinet?,,sink,object,,ARKitScenes/3dod/Training/47331220/47331220_frames/lowres_wide/47331220_282459.521.png,ARKitScenes/3dod/Training/47331220/47331220_frames/lowres_depth/47331220_282459.521.png,rule,"{""anchor_concept"": ""cabinet"", ""anchor_object_index"": 5, ""answer_concept"": ""sink"", ""answer_object_index"": 6, ""nearest_distance_m"": 0.129, ""second_nearest_distance_m"": 0.347}"
train_001372,42445078/5632.038,42445078,lidar,unknown,train,existence,positive,0,Is there a cabinet in this room?,,yes,yes_no,yes|no,ARKitScenes/3dod/Training/42445078/42445078_frames/lowres_wide/42445078_5632.038.png,ARKitScenes/3dod/Training/42445078/42445078_frames/lowres_depth/42445078_5632.038.png,rule,"{""concept"": ""cabinet"", ""object_index"": 4, ""area_frac"": 0.026216783061879162}"
train_001373,44358250/6023.764,44358250,lidar,unknown,train,relative_depth,farther,4,"Of the stool and the cabinet, which is farther?",,cabinet,choice,stool|cabinet,ARKitScenes/3dod/Training/44358250/44358250_frames/lowres_wide/44358250_6023.764.png,ARKitScenes/3dod/Training/44358250/44358250_frames/lowres_depth/44358250_6023.764.png,rule,"{""a_concept"": ""stool"", ""a_depth_m"": 1.5989999771118164, ""b_concept"": ""cabinet"", ""b_depth_m"": 4.644000053405762, ""comparative"": ""farther"", ""answer_concept"": ""cabinet""}"
train_001374,42899799/252810.675,42899799,lidar,unknown,train,existence,negative,1,Do you see a bathtub here?,,no,yes_no,yes|no,ARKitScenes/3dod/Training/42899799/42899799_frames/lowres_wide/42899799_252810.675.png,ARKitScenes/3dod/Training/42899799/42899799_frames/lowres_depth/42899799_252810.675.png,rule,"{""concept"": ""bathtub"", ""reason"": ""category_or_scene_type_plausible""}"
train_001375,42446017/134591.132,42446017,lidar,unknown,train,left_right,,5,"From the cabinet, which direction is the table in, left or right?",,right,choice,left|right,ARKitScenes/3dod/Training/42446017/42446017_frames/lowres_wide/42446017_134591.132.png,ARKitScenes/3dod/Training/42446017/42446017_frames/lowres_depth/42446017_134591.132.png,rule,"{""a_concept"": ""table"", ""b_concept"": ""cabinet"", ""a_centroid_x"": 233.49062041694245, ""b_centroid_x"": 87.27624551600341, ""horizontal_gap_px"": 146.21437490093905, ""image_width"": 256}"
train_001376,45663317/76513.292,45663317,lidar,unknown,train,existence,positive,0,Is there a cabinet in this room?,,yes,yes_no,yes|no,ARKitScenes/3dod/Training/45663317/45663317_frames/lowres_wide/45663317_76513.292.png,ARKitScenes/3dod/Training/45663317/45663317_frames/lowres_depth/45663317_76513.292.png,rule,"{""concept"": ""cabinet"", ""object_index"": 3, ""area_frac"": 0.23476027957936596}"
train_001377,47204680/13297.497,47204680,lidar,unknown,train,identify_superlative,farthest_camera,2,"Among the furniture and items in the room, not the walls, floor, or ceiling, which is farthest from where the picture was taken?",,toilet,object,,ARKitScenes/3dod/Training/47204680/47204680_frames/lowres_wide/47204680_13297.497.png,ARKitScenes/3dod/Training/47204680/47204680_frames/lowres_depth/47204680_13297.497.png,rule,"{""winner_concept"": ""toilet"", ""winner_object_index"": 2, ""winner_area_frac"": 0.20300837272925773, ""winner_depth_m"": 1.468000054359436, ""runner_up_concept"": ""cabinet"", ""runner_up_area_frac"": 0.186743850688201, ""runner_up_depth_m"": 1.1859999895095825}"
train_001378,47431107/348278.893,47431107,lidar,unknown,train,left_right,,0,Is the washer to the left or to the right of the toilet?,,left,choice,left|right,ARKitScenes/3dod/Training/47431107/47431107_frames/lowres_wide/47431107_348278.893.png,ARKitScenes/3dod/Training/47431107/47431107_frames/lowres_depth/47431107_348278.893.png,rule,"{""a_concept"": ""washer"", ""b_concept"": ""toilet"", ""a_centroid_x"": 76.13799493149929, ""b_centroid_x"": 129.34388684556248, ""horizontal_gap_px"": 53.20589191406319, ""image_width"": 256}"
train_001379,47334938/663184.511,47334938,lidar,unknown,train,nearest_object,,4,What is right next to the cabinet?,,shelf,object,,ARKitScenes/3dod/Training/47334938/47334938_frames/lowres_wide/47334938_663184.511.png,ARKitScenes/3dod/Training/47334938/47334938_frames/lowres_depth/47334938_663184.511.png,rule,"{""anchor_concept"": ""cabinet"", ""anchor_object_index"": 21, ""answer_concept"": ""shelf"", ""answer_object_index"": 22, ""nearest_distance_m"": 1.214, ""second_nearest_distance_m"": 2.275}"
train_001380,42898247/167693.239,42898247,lidar,unknown,train,existence,positive,0,Is there a television in this room?,,yes,yes_no,yes|no,ARKitScenes/3dod/Training/42898247/42898247_frames/lowres_wide/42898247_167693.239.png,ARKitScenes/3dod/Training/42898247/42898247_frames/lowres_depth/42898247_167693.239.png,rule,"{""concept"": ""television"", ""object_index"": 11, ""area_frac"": 0.12636381327280868}"
train_001381,43895987/136312.053,43895987,lidar,unknown,train,left_right,,0,Is the cabinet to the left or to the right of the table?,,right,choice,left|right,ARKitScenes/3dod/Training/43895987/43895987_frames/lowres_wide/43895987_136312.053.png,ARKitScenes/3dod/Training/43895987/43895987_frames/lowres_depth/43895987_136312.053.png,rule,"{""a_concept"": ""cabinet"", ""b_concept"": ""table"", ""a_centroid_x"": 101.13632847091395, ""b_centroid_x"": 32.69248309222593, ""horizontal_gap_px"": 68.44384537868802, ""image_width"": 256}"
train_001382,45261556/75569.888,45261556,lidar,unknown,train,existence,positive,5,Is there any cabinet visible in the image?,,yes,yes_no,yes|no,ARKitScenes/3dod/Training/45261556/45261556_frames/lowres_wide/45261556_75569.888.png,ARKitScenes/3dod/Training/45261556/45261556_frames/lowres_depth/45261556_75569.888.png,rule,"{""concept"": ""cabinet"", ""object_index"": 12, ""area_frac"": 0.3361078554732575}"
train_001383,42898236/167719.046,42898236,lidar,unknown,train,nearest_object,,0,What is the closest object to the table?,,stool,object,,ARKitScenes/3dod/Training/42898236/42898236_frames/lowres_wide/42898236_167719.046.png,ARKitScenes/3dod/Training/42898236/42898236_frames/lowres_depth/42898236_167719.046.png,rule,"{""anchor_concept"": ""table"", ""anchor_object_index"": 5, ""answer_concept"": ""stool"", ""answer_object_index"": 6, ""nearest_distance_m"": 0.243, ""second_nearest_distance_m"": 1.26}"
train_001384,45261329/24139.855,45261329,lidar,unknown,train,identify_superlative,farthest_camera,5,"Excluding the walls, floor, and ceiling, what is the most distant visible object in the scene?",,toilet,object,,ARKitScenes/3dod/Training/45261329/45261329_frames/lowres_wide/45261329_24139.855.png,ARKitScenes/3dod/Training/45261329/45261329_frames/lowres_depth/45261329_24139.855.png,rule,"{""winner_concept"": ""toilet"", ""winner_object_index"": 2, ""winner_area_frac"": 0.16093467937751477, ""winner_depth_m"": 1.25, ""runner_up_concept"": null, ""runner_up_area_frac"": null, ""runner_up_depth_m"": null}"
train_001385,47430789/340426.517,47430789,lidar,unknown,train,identify_superlative,closest_camera,2,"Among the furniture and items in the room, not the walls, floor, or ceiling, which is closest to where the picture was taken from?",,stool,object,,ARKitScenes/3dod/Training/47430789/47430789_frames/lowres_wide/47430789_340426.517.png,ARKitScenes/3dod/Training/47430789/47430789_frames/lowres_depth/47430789_340426.517.png,rule,"{""winner_concept"": ""stool"", ""winner_object_index"": 11, ""winner_area_frac"": 0.13040036986464357, ""winner_depth_m"": 0.8190000057220459, ""runner_up_concept"": null, ""runner_up_area_frac"": null, ""runner_up_depth_m"": null}"
train_001386,45261556/75557.693,45261556,lidar,unknown,train,relative_depth,closer,3,"Which object is closer to the camera, the chair or the oven?",,chair,choice,chair|oven,ARKitScenes/3dod/Training/45261556/45261556_frames/lowres_wide/45261556_75557.693.png,ARKitScenes/3dod/Training/45261556/45261556_frames/lowres_depth/45261556_75557.693.png,rule,"{""a_concept"": ""oven"", ""a_depth_m"": 2.7929999828338623, ""b_concept"": ""chair"", ""b_depth_m"": 1.369499921798706, ""comparative"": ""closer"", ""answer_concept"": ""chair""}"
train_001387,48018127/369143.866,48018127,lidar,unknown,train,existence,positive,5,Is there any sofa visible in the image?,,yes,yes_no,yes|no,ARKitScenes/3dod/Training/48018127/48018127_frames/lowres_wide/48018127_369143.866.png,ARKitScenes/3dod/Training/48018127/48018127_frames/lowres_depth/48018127_369143.866.png,rule,"{""concept"": ""sofa"", ""object_index"": 1, ""area_frac"": 0.01647833425635968}"
train_001388,47895206/40030.764,47895206,lidar,unknown,train,relative_depth,closer,5,"Which one is closer, the stool or the sink?",,sink,choice,stool|sink,ARKitScenes/3dod/Training/47895206/47895206_frames/lowres_wide/47895206_40030.764.png,ARKitScenes/3dod/Training/47895206/47895206_frames/lowres_depth/47895206_40030.764.png,rule,"{""a_concept"": ""sink"", ""a_depth_m"": 0.5370000004768372, ""b_concept"": ""stool"", ""b_depth_m"": 1.0369999408721924, ""comparative"": ""closer"", ""answer_concept"": ""sink""}"
train_001389,47670116/41774.101,47670116,lidar,unknown,train,relative_depth,closer,5,"Which one is closer, the chair or the table?",,table,choice,chair|table,ARKitScenes/3dod/Training/47670116/47670116_frames/lowres_wide/47670116_41774.101.png,ARKitScenes/3dod/Training/47670116/47670116_frames/lowres_depth/47670116_41774.101.png,rule,"{""a_concept"": ""table"", ""a_depth_m"": 0.8619999885559082, ""b_concept"": ""chair"", ""b_depth_m"": 2.99399995803833, ""comparative"": ""closer"", ""answer_concept"": ""table""}"
train_001390,48018079/103500.741,48018079,lidar,unknown,train,identify_superlative,closest_camera,5,"Excluding the walls, floor, and ceiling, what is the closest visible object to the camera?",,chair,object,,ARKitScenes/3dod/Training/48018079/48018079_frames/lowres_wide/48018079_103500.741.png,ARKitScenes/3dod/Training/48018079/48018079_frames/lowres_depth/48018079_103500.741.png,rule,"{""winner_concept"": ""chair"", ""winner_object_index"": 5, ""winner_area_frac"": 0.078707557230751, ""winner_depth_m"": 2.2920000553131104, ""runner_up_concept"": ""television"", ""runner_up_area_frac"": 0.016226354898091905, ""runner_up_depth_m"": 2.9579999446868896}"
train_001391,48018713/546149.051,48018713,lidar,unknown,train,existence,negative,2,Does this room contain a cabinet?,,no,yes_no,yes|no,ARKitScenes/3dod/Training/48018713/48018713_frames/lowres_wide/48018713_546149.051.png,ARKitScenes/3dod/Training/48018713/48018713_frames/lowres_depth/48018713_546149.051.png,rule,"{""concept"": ""cabinet"", ""reason"": ""category_or_scene_type_plausible""}"
train_001392,42898444/2752.459,42898444,lidar,unknown,train,identify_superlative,closest_camera,2,"Among the furniture and items in the room, not the walls, floor, or ceiling, which is closest to where the picture was taken from?",,table,object,,ARKitScenes/3dod/Training/42898444/42898444_frames/lowres_wide/42898444_2752.459.png,ARKitScenes/3dod/Training/42898444/42898444_frames/lowres_depth/42898444_2752.459.png,rule,"{""winner_concept"": ""table"", ""winner_object_index"": 4, ""winner_area_frac"": 0.14445850091282483, ""winner_depth_m"": 1.121000051498413, ""runner_up_concept"": null, ""runner_up_area_frac"": null, ""runner_up_depth_m"": null}"
train_001393,47331631/20038.661,47331631,lidar,unknown,train,existence,negative,2,Does this room contain a television?,,no,yes_no,yes|no,ARKitScenes/3dod/Training/47331631/47331631_frames/lowres_wide/47331631_20038.661.png,ARKitScenes/3dod/Training/47331631/47331631_frames/lowres_depth/47331631_20038.661.png,rule,"{""concept"": ""television"", ""reason"": ""category_or_scene_type_plausible""}"
train_001394,47332636/367008.298,47332636,lidar,unknown,train,identify_superlative,farthest_camera,5,"Excluding the walls, floor, and ceiling, what is the most distant visible object in the scene?",,washer,object,,ARKitScenes/3dod/Training/47332636/47332636_frames/lowres_wide/47332636_367008.298.png,ARKitScenes/3dod/Training/47332636/47332636_frames/lowres_depth/47332636_367008.298.png,rule,"{""winner_concept"": ""washer"", ""winner_object_index"": 4, ""winner_area_frac"": 0.10639836447939145, ""winner_depth_m"": 0.8840000033378601, ""runner_up_concept"": null, ""runner_up_area_frac"": null, ""runner_up_depth_m"": null}"
train_001395,42898247/167667.949,42898247,lidar,unknown,train,identify_superlative,closest_camera,0,"Not counting the walls, floor, or ceiling, which object is closest to the camera?",,table,object,,ARKitScenes/3dod/Training/42898247/42898247_frames/lowres_wide/42898247_167667.949.png,ARKitScenes/3dod/Training/42898247/42898247_frames/lowres_depth/42898247_167667.949.png,rule,"{""winner_concept"": ""table"", ""winner_object_index"": 9, ""winner_area_frac"": 0.0330562160877659, ""winner_depth_m"": 1.371999979019165, ""runner_up_concept"": ""sofa"", ""runner_up_area_frac"": 0.2373627147062831, ""runner_up_depth_m"": 2.447000026702881}"
train_001396,48018315/109641.970,48018315,lidar,unknown,train,left_right,,3,Is the washer on the left side or the right side of the sink?,,right,choice,left|right,ARKitScenes/3dod/Training/48018315/48018315_frames/lowres_wide/48018315_109641.970.png,ARKitScenes/3dod/Training/48018315/48018315_frames/lowres_depth/48018315_109641.970.png,rule,"{""a_concept"": ""washer"", ""b_concept"": ""sink"", ""a_centroid_x"": 213.22480179261422, ""b_centroid_x"": 123.60608264260185, ""horizontal_gap_px"": 89.61871915001237, ""image_width"": 256}"
train_001397,44796752/29804.577,44796752,lidar,unknown,train,left_right,,3,Is the sofa on the left side or the right side of the stool?,,left,choice,left|right,ARKitScenes/3dod/Training/44796752/44796752_frames/lowres_wide/44796752_29804.577.png,ARKitScenes/3dod/Training/44796752/44796752_frames/lowres_depth/44796752_29804.577.png,rule,"{""a_concept"": ""sofa"", ""b_concept"": ""stool"", ""a_centroid_x"": 29.67423667173378, ""b_centroid_x"": 198.4938589699984, ""horizontal_gap_px"": 168.81962229826462, ""image_width"": 256}"
train_001398,43895865/107623.302,43895865,lidar,unknown,train,existence,negative,2,Does this room contain a sofa?,,no,yes_no,yes|no,ARKitScenes/3dod/Training/43895865/43895865_frames/lowres_wide/43895865_107623.302.png,ARKitScenes/3dod/Training/43895865/43895865_frames/lowres_depth/43895865_107623.302.png,rule,"{""concept"": ""sofa"", ""reason"": ""category_or_scene_type_plausible""}"
train_001399,41125303/6060.707,41125303,lidar,unknown,train,identify_superlative,closest_camera,3,"Ignoring the walls, floor, and ceiling, what object is nearest the viewer?",,cabinet,object,,ARKitScenes/3dod/Training/41125303/41125303_frames/lowres_wide/41125303_6060.707.png,ARKitScenes/3dod/Training/41125303/41125303_frames/lowres_depth/41125303_6060.707.png,rule,"{""winner_concept"": ""cabinet"", ""winner_object_index"": 1, ""winner_area_frac"": 0.3492207470389685, ""winner_depth_m"": 0.7250000238418579, ""runner_up_concept"": null, ""runner_up_area_frac"": null, ""runner_up_depth_m"": null}"
train_001400,45261066/14478.220,45261066,lidar,unknown,train,relative_depth,farther,5,"Which one is farther, the fireplace or the sofa?",,fireplace,choice,fireplace|sofa,ARKitScenes/3dod/Training/45261066/45261066_frames/lowres_wide/45261066_14478.220.png,ARKitScenes/3dod/Training/45261066/45261066_frames/lowres_depth/45261066_14478.220.png,rule,"{""a_concept"": ""sofa"", ""a_depth_m"": 2.9230000972747803, ""b_concept"": ""fireplace"", ""b_depth_m"": 3.5869998931884766, ""comparative"": ""farther"", ""answer_concept"": ""fireplace""}"
train_001401,42898427/1122.452,42898427,lidar,unknown,train,left_right,,3,Is the table on the left side or the right side of the stool?,,right,choice,left|right,ARKitScenes/3dod/Training/42898427/42898427_frames/lowres_wide/42898427_1122.452.png,ARKitScenes/3dod/Training/42898427/42898427_frames/lowres_depth/42898427_1122.452.png,rule,"{""a_concept"": ""table"", ""b_concept"": ""stool"", ""a_centroid_x"": 178.3078904253909, ""b_centroid_x"": 57.27222398968662, ""horizontal_gap_px"": 121.03566643570427, ""image_width"": 256}"
train_001402,44358631/1362.763,44358631,lidar,unknown,train,identify_superlative,closest_camera,3,"Ignoring the walls, floor, and ceiling, what object is nearest the viewer?",,sofa,object,,ARKitScenes/3dod/Training/44358631/44358631_frames/lowres_wide/44358631_1362.763.png,ARKitScenes/3dod/Training/44358631/44358631_frames/lowres_depth/44358631_1362.763.png,rule,"{""winner_concept"": ""sofa"", ""winner_object_index"": 1, ""winner_area_frac"": 0.14043457129170164, ""winner_depth_m"": 2.7039999961853027, ""runner_up_concept"": ""sofa"", ""runner_up_area_frac"": 0.0923387626640046, ""runner_up_depth_m"": 3.255000114440918}"
train_001403,42899532/957265.533,42899532,lidar,unknown,train,existence,positive,1,Do you see a television here?,,yes,yes_no,yes|no,ARKitScenes/3dod/Training/42899532/42899532_frames/lowres_wide/42899532_957265.533.png,ARKitScenes/3dod/Training/42899532/42899532_frames/lowres_depth/42899532_957265.533.png,rule,"{""concept"": ""television"", ""object_index"": 2, ""area_frac"": 0.08561440800866531}"
train_001404,41126744/2969.408,41126744,lidar,unknown,train,identify_superlative,closest_camera,0,"Not counting the walls, floor, or ceiling, which object is closest to the camera?",,bathtub,object,,ARKitScenes/3dod/Training/41126744/41126744_frames/lowres_wide/41126744_2969.408.png,ARKitScenes/3dod/Training/41126744/41126744_frames/lowres_depth/41126744_2969.408.png,rule,"{""winner_concept"": ""bathtub"", ""winner_object_index"": 2, ""winner_area_frac"": 0.4703200243800609, ""winner_depth_m"": 1.4800000190734863, ""runner_up_concept"": null, ""runner_up_area_frac"": null, ""runner_up_depth_m"": null}"
train_001405,47334482/103415.633,47334482,lidar,unknown,train,existence,negative,0,Is there a shelf in this room?,,no,yes_no,yes|no,ARKitScenes/3dod/Training/47334482/47334482_frames/lowres_wide/47334482_103415.633.png,ARKitScenes/3dod/Training/47334482/47334482_frames/lowres_depth/47334482_103415.633.png,rule,"{""concept"": ""shelf"", ""reason"": ""category_or_scene_type_plausible""}"
train_001406,41126792/6174.157,41126792,lidar,unknown,train,left_right,,5,"From the toilet, which direction is the cabinet in, left or right?",,right,choice,left|right,ARKitScenes/3dod/Training/41126792/41126792_frames/lowres_wide/41126792_6174.157.png,ARKitScenes/3dod/Training/41126792/41126792_frames/lowres_depth/41126792_6174.157.png,rule,"{""a_concept"": ""cabinet"", ""b_concept"": ""toilet"", ""a_centroid_x"": 147.94381333299543, ""b_centroid_x"": 87.10984830526424, ""horizontal_gap_px"": 60.833965027731196, ""image_width"": 256}"
train_001407,47670299/63486.156,47670299,lidar,unknown,train,left_right,,0,Is the table to the left or to the right of the television?,,left,choice,left|right,ARKitScenes/3dod/Training/47670299/47670299_frames/lowres_wide/47670299_63486.156.png,ARKitScenes/3dod/Training/47670299/47670299_frames/lowres_depth/47670299_63486.156.png,rule,"{""a_concept"": ""table"", ""b_concept"": ""television"", ""a_centroid_x"": 66.27626048097889, ""b_centroid_x"": 96.43141295934123, ""horizontal_gap_px"": 30.15515247836234, ""image_width"": 256}"
train_001408,47429806/739370.017,47429806,lidar,unknown,train,left_right,,2,"Looking at the sink, is the toilet positioned on its left or right?",,right,choice,left|right,ARKitScenes/3dod/Training/47429806/47429806_frames/lowres_wide/47429806_739370.017.png,ARKitScenes/3dod/Training/47429806/47429806_frames/lowres_depth/47429806_739370.017.png,rule,"{""a_concept"": ""toilet"", ""b_concept"": ""sink"", ""a_centroid_x"": 253.35683007144556, ""b_centroid_x"": 146.94484242759364, ""horizontal_gap_px"": 106.41198764385192, ""image_width"": 256}"
train_001409,47334938/663173.615,47334938,lidar,unknown,train,identify_superlative,closest_camera,1,"Excluding the walls, floor, and ceiling, what is the nearest object to the camera?",,dishwasher,object,,ARKitScenes/3dod/Training/47334938/47334938_frames/lowres_wide/47334938_663173.615.png,ARKitScenes/3dod/Training/47334938/47334938_frames/lowres_depth/47334938_663173.615.png,rule,"{""winner_concept"": ""dishwasher"", ""winner_object_index"": 2, ""winner_area_frac"": 0.2756390934013517, ""winner_depth_m"": 0.8690000176429749, ""runner_up_concept"": ""chair"", ""runner_up_area_frac"": 0.020765904623999857, ""runner_up_depth_m"": 1.5820000171661377}"
train_001410,47204350/15540.847,47204350,lidar,unknown,train,left_right,,0,Is the table to the left or to the right of the cabinet?,,left,choice,left|right,ARKitScenes/3dod/Training/47204350/47204350_frames/lowres_wide/47204350_15540.847.png,ARKitScenes/3dod/Training/47204350/47204350_frames/lowres_depth/47204350_15540.847.png,rule,"{""a_concept"": ""table"", ""b_concept"": ""cabinet"", ""a_centroid_x"": 96.44530703334654, ""b_centroid_x"": 226.04426090222958, ""horizontal_gap_px"": 129.59895386888303, ""image_width"": 256}"
train_001411,41126742/3044.511,41126742,lidar,unknown,train,relative_depth,closer,4,"Of the sink and the toilet, which is closer?",,sink,choice,sink|toilet,ARKitScenes/3dod/Training/41126742/41126742_frames/lowres_wide/41126742_3044.511.png,ARKitScenes/3dod/Training/41126742/41126742_frames/lowres_depth/41126742_3044.511.png,rule,"{""a_concept"": ""sink"", ""a_depth_m"": 0.9120000004768372, ""b_concept"": ""toilet"", ""b_depth_m"": 1.4010000228881836, ""comparative"": ""closer"", ""answer_concept"": ""sink""}"
train_001412,47204888/946.587,47204888,lidar,unknown,train,left_right,,5,"From the cabinet, which direction is the washer in, left or right?",,left,choice,left|right,ARKitScenes/3dod/Training/47204888/47204888_frames/lowres_wide/47204888_946.587.png,ARKitScenes/3dod/Training/47204888/47204888_frames/lowres_depth/47204888_946.587.png,rule,"{""a_concept"": ""washer"", ""b_concept"": ""cabinet"", ""a_centroid_x"": 189.18801177002692, ""b_centroid_x"": 246.4437389366893, ""horizontal_gap_px"": 57.25572716666238, ""image_width"": 256}"
train_001413,48018291/800077.423,48018291,lidar,unknown,train,existence,negative,0,Is there a television in this room?,,no,yes_no,yes|no,ARKitScenes/3dod/Training/48018291/48018291_frames/lowres_wide/48018291_800077.423.png,ARKitScenes/3dod/Training/48018291/48018291_frames/lowres_depth/48018291_800077.423.png,rule,"{""concept"": ""television"", ""reason"": ""category_or_scene_type_plausible""}"
train_001414,42899432/188686.742,42899432,lidar,unknown,train,left_right,,1,"Relative to the table, is the cabinet on the left or the right?",,right,choice,left|right,ARKitScenes/3dod/Training/42899432/42899432_frames/lowres_wide/42899432_188686.742.png,ARKitScenes/3dod/Training/42899432/42899432_frames/lowres_depth/42899432_188686.742.png,rule,"{""a_concept"": ""cabinet"", ""b_concept"": ""table"", ""a_centroid_x"": 125.98648782959732, ""b_centroid_x"": 70.66030829114469, ""horizontal_gap_px"": 55.326179538452635, ""image_width"": 256}"
train_001415,47669851/12549.173,47669851,lidar,unknown,train,left_right,,3,Is the fireplace on the left side or the right side of the table?,,left,choice,left|right,ARKitScenes/3dod/Training/47669851/47669851_frames/lowres_wide/47669851_12549.173.png,ARKitScenes/3dod/Training/47669851/47669851_frames/lowres_depth/47669851_12549.173.png,rule,"{""a_concept"": ""fireplace"", ""b_concept"": ""table"", ""a_centroid_x"": 18.082679889341122, ""b_centroid_x"": 231.54569916370536, ""horizontal_gap_px"": 213.46301927436423, ""image_width"": 256}"
train_001416,43896223/4944.315,43896223,lidar,unknown,train,relative_depth,closer,5,"Which one is closer, the sink or the stool?",,sink,choice,sink|stool,ARKitScenes/3dod/Training/43896223/43896223_frames/lowres_wide/43896223_4944.315.png,ARKitScenes/3dod/Training/43896223/43896223_frames/lowres_depth/43896223_4944.315.png,rule,"{""a_concept"": ""sink"", ""a_depth_m"": 1.3200000524520874, ""b_concept"": ""stool"", ""b_depth_m"": 2.380000114440918, ""comparative"": ""closer"", ""answer_concept"": ""sink""}"
train_001417,44358306/17445.646,44358306,lidar,unknown,train,left_right,,3,Is the sofa on the left side or the right side of the cabinet?,,left,choice,left|right,ARKitScenes/3dod/Training/44358306/44358306_frames/lowres_wide/44358306_17445.646.png,ARKitScenes/3dod/Training/44358306/44358306_frames/lowres_depth/44358306_17445.646.png,rule,"{""a_concept"": ""sofa"", ""b_concept"": ""cabinet"", ""a_centroid_x"": 104.20857497482163, ""b_centroid_x"": 165.20715442367447, ""horizontal_gap_px"": 60.99857944885284, ""image_width"": 256}"
train_001418,41159704/71396.712,41159704,lidar,unknown,train,relative_depth,farther,1,"Between the sofa and the fireplace, which one is farther from the camera?",,fireplace,choice,sofa|fireplace,ARKitScenes/3dod/Training/41159704/41159704_frames/lowres_wide/41159704_71396.712.png,ARKitScenes/3dod/Training/41159704/41159704_frames/lowres_depth/41159704_71396.712.png,rule,"{""a_concept"": ""sofa"", ""a_depth_m"": 1.99399995803833, ""b_concept"": ""fireplace"", ""b_depth_m"": 2.318000078201294, ""comparative"": ""farther"", ""answer_concept"": ""fireplace""}"
train_001419,45261556/75557.693,45261556,lidar,unknown,train,left_right,,2,"Looking at the chair, is the stove positioned on its left or right?",,left,choice,left|right,ARKitScenes/3dod/Training/45261556/45261556_frames/lowres_wide/45261556_75557.693.png,ARKitScenes/3dod/Training/45261556/45261556_frames/lowres_depth/45261556_75557.693.png,rule,"{""a_concept"": ""stove"", ""b_concept"": ""chair"", ""a_centroid_x"": 143.6669840265835, ""b_centroid_x"": 235.8625550007565, ""horizontal_gap_px"": 92.195570974173, ""image_width"": 256}"
train_001420,47330996/177042.804,47330996,lidar,unknown,train,left_right,,3,Is the cabinet on the left side or the right side of the sofa?,,right,choice,left|right,ARKitScenes/3dod/Training/47330996/47330996_frames/lowres_wide/47330996_177042.804.png,ARKitScenes/3dod/Training/47330996/47330996_frames/lowres_depth/47330996_177042.804.png,rule,"{""a_concept"": ""cabinet"", ""b_concept"": ""sofa"", ""a_centroid_x"": 121.08989101907751, ""b_centroid_x"": 17.939994161291256, ""horizontal_gap_px"": 103.14989685778626, ""image_width"": 256}"
train_001421,47670158/40742.556,47670158,lidar,unknown,train,relative_depth,closer,4,"Of the television and the sofa, which is closer?",,sofa,choice,television|sofa,ARKitScenes/3dod/Training/47670158/47670158_frames/lowres_wide/47670158_40742.556.png,ARKitScenes/3dod/Training/47670158/47670158_frames/lowres_depth/47670158_40742.556.png,rule,"{""a_concept"": ""sofa"", ""a_depth_m"": 2.242000102996826, ""b_concept"": ""television"", ""b_depth_m"": 2.934000015258789, ""comparative"": ""closer"", ""answer_concept"": ""sofa""}"
train_001422,42897509/472321.229,42897509,lidar,unknown,train,relative_depth,closer,1,"Between the chair and the stool, which one is closer to the camera?",,stool,choice,chair|stool,ARKitScenes/3dod/Training/42897509/42897509_frames/lowres_wide/42897509_472321.229.png,ARKitScenes/3dod/Training/42897509/42897509_frames/lowres_depth/42897509_472321.229.png,rule,"{""a_concept"": ""stool"", ""a_depth_m"": 0.8500000238418579, ""b_concept"": ""chair"", ""b_depth_m"": 1.1949999332427979, ""comparative"": ""closer"", ""answer_concept"": ""stool""}"
train_001423,47334629/386372.149,47334629,lidar,unknown,train,nearest_object,,0,What is the closest object to the sink?,,cabinet,object,,ARKitScenes/3dod/Training/47334629/47334629_frames/lowres_wide/47334629_386372.149.png,ARKitScenes/3dod/Training/47334629/47334629_frames/lowres_depth/47334629_386372.149.png,rule,"{""anchor_concept"": ""sink"", ""anchor_object_index"": 2, ""answer_concept"": ""cabinet"", ""answer_object_index"": 1, ""nearest_distance_m"": 0.078, ""second_nearest_distance_m"": 0.651}"
train_001424,47332454/883588.725,47332454,lidar,unknown,train,left_right,,3,Is the chair on the left side or the right side of the cabinet?,,right,choice,left|right,ARKitScenes/3dod/Training/47332454/47332454_frames/lowres_wide/47332454_883588.725.png,ARKitScenes/3dod/Training/47332454/47332454_frames/lowres_depth/47332454_883588.725.png,rule,"{""a_concept"": ""chair"", ""b_concept"": ""cabinet"", ""a_centroid_x"": 81.34412394146538, ""b_centroid_x"": 16.81391878974266, ""horizontal_gap_px"": 64.53020515172273, ""image_width"": 256}"
train_001425,41126792/6174.157,41126792,lidar,unknown,train,identify_superlative,farthest_camera,1,"Excluding the walls, floor, and ceiling, what is the most distant object from the camera?",,toilet,object,,ARKitScenes/3dod/Training/41126792/41126792_frames/lowres_wide/41126792_6174.157.png,ARKitScenes/3dod/Training/41126792/41126792_frames/lowres_depth/41126792_6174.157.png,rule,"{""winner_concept"": ""toilet"", ""winner_object_index"": 3, ""winner_area_frac"": 0.10398134094912753, ""winner_depth_m"": 2.1579999923706055, ""runner_up_concept"": ""cabinet"", ""runner_up_area_frac"": 0.09666914332661293, ""runner_up_depth_m"": 1.093000054359436}"
train_001426,42446485/355822.174,42446485,lidar,unknown,train,left_right,,0,Is the stool to the left or to the right of the sofa?,,right,choice,left|right,ARKitScenes/3dod/Training/42446485/42446485_frames/lowres_wide/42446485_355822.174.png,ARKitScenes/3dod/Training/42446485/42446485_frames/lowres_depth/42446485_355822.174.png,rule,"{""a_concept"": ""stool"", ""b_concept"": ""sofa"", ""a_centroid_x"": 169.072627568503, ""b_centroid_x"": 138.99176394503564, ""horizontal_gap_px"": 30.080863623467366, ""image_width"": 256}"
train_001427,43896365/19884.755,43896365,lidar,unknown,train,existence,negative,3,Can you spot a cabinet in the picture?,,no,yes_no,yes|no,ARKitScenes/3dod/Training/43896365/43896365_frames/lowres_wide/43896365_19884.755.png,ARKitScenes/3dod/Training/43896365/43896365_frames/lowres_depth/43896365_19884.755.png,rule,"{""concept"": ""cabinet"", ""reason"": ""category_or_scene_type_plausible""}"
train_001428,47115309/554.862,47115309,lidar,unknown,train,relative_depth,farther,5,"Which one is farther, the table or the chair?",,table,choice,table|chair,ARKitScenes/3dod/Training/47115309/47115309_frames/lowres_wide/47115309_554.862.png,ARKitScenes/3dod/Training/47115309/47115309_frames/lowres_depth/47115309_554.862.png,rule,"{""a_concept"": ""chair"", ""a_depth_m"": 2.4000000953674316, ""b_concept"": ""table"", ""b_depth_m"": 4.1519999504089355, ""comparative"": ""farther"", ""answer_concept"": ""table""}"
train_001429,47332705/109828.934,47332705,lidar,unknown,train,left_right,,3,Is the cabinet on the left side or the right side of the stool?,,right,choice,left|right,ARKitScenes/3dod/Training/47332705/47332705_frames/lowres_wide/47332705_109828.934.png,ARKitScenes/3dod/Training/47332705/47332705_frames/lowres_depth/47332705_109828.934.png,rule,"{""a_concept"": ""cabinet"", ""b_concept"": ""stool"", ""a_centroid_x"": 223.03703056795572, ""b_centroid_x"": 177.23373635139666, ""horizontal_gap_px"": 45.80329421655907, ""image_width"": 256}"
train_001430,47331536/4432.490,47331536,lidar,unknown,train,relative_depth,closer,3,"Which object is closer to the camera, the sofa or the table?",,table,choice,sofa|table,ARKitScenes/3dod/Training/47331536/47331536_frames/lowres_wide/47331536_4432.490.png,ARKitScenes/3dod/Training/47331536/47331536_frames/lowres_depth/47331536_4432.490.png,rule,"{""a_concept"": ""sofa"", ""a_depth_m"": 1.4819999933242798, ""b_concept"": ""table"", ""b_depth_m"": 1.1460000276565552, ""comparative"": ""closer"", ""answer_concept"": ""table""}"
train_001431,47332705/109824.336,47332705,lidar,unknown,train,left_right,,3,Is the shelf on the left side or the right side of the television?,,left,choice,left|right,ARKitScenes/3dod/Training/47332705/47332705_frames/lowres_wide/47332705_109824.336.png,ARKitScenes/3dod/Training/47332705/47332705_frames/lowres_depth/47332705_109824.336.png,rule,"{""a_concept"": ""shelf"", ""b_concept"": ""television"", ""a_centroid_x"": 26.817392220385475, ""b_centroid_x"": 75.0988315345416, ""horizontal_gap_px"": 48.28143931415613, ""image_width"": 256}"
train_001432,47204377/18076.446,47204377,lidar,unknown,train,nearest_object,,3,Which item is positioned nearest to the stool?,,sofa,object,,ARKitScenes/3dod/Training/47204377/47204377_frames/lowres_wide/47204377_18076.446.png,ARKitScenes/3dod/Training/47204377/47204377_frames/lowres_depth/47204377_18076.446.png,rule,"{""anchor_concept"": ""stool"", ""anchor_object_index"": 4, ""answer_concept"": ""sofa"", ""answer_object_index"": 0, ""nearest_distance_m"": 1.116, ""second_nearest_distance_m"": 1.559}"
train_001433,45260984/20731.807,45260984,lidar,unknown,train,relative_depth,closer,1,"Between the stove and the shelf, which one is closer to the camera?",,stove,choice,stove|shelf,ARKitScenes/3dod/Training/45260984/45260984_frames/lowres_wide/45260984_20731.807.png,ARKitScenes/3dod/Training/45260984/45260984_frames/lowres_depth/45260984_20731.807.png,rule,"{""a_concept"": ""shelf"", ""a_depth_m"": 3.4719998836517334, ""b_concept"": ""stove"", ""b_depth_m"": 2.138000011444092, ""comparative"": ""closer"", ""answer_concept"": ""stove""}"
train_001434,48018455/527094.481,48018455,lidar,unknown,train,identify_superlative,closest_camera,0,"Not counting the walls, floor, or ceiling, which object is closest to the camera?",,bathtub,object,,ARKitScenes/3dod/Training/48018455/48018455_frames/lowres_wide/48018455_527094.481.png,ARKitScenes/3dod/Training/48018455/48018455_frames/lowres_depth/48018455_527094.481.png,rule,"{""winner_concept"": ""bathtub"", ""winner_object_index"": 0, ""winner_area_frac"": 0.08867171780340756, ""winner_depth_m"": 1.1349999904632568, ""runner_up_concept"": ""toilet"", ""runner_up_area_frac"": 0.07514830881934419, ""runner_up_depth_m"": 1.402999997138977}"
train_001435,47331705/9739.944,47331705,lidar,unknown,train,relative_depth,closer,5,"Which one is closer, the cabinet or the table?",,table,choice,cabinet|table,ARKitScenes/3dod/Training/47331705/47331705_frames/lowres_wide/47331705_9739.944.png,ARKitScenes/3dod/Training/47331705/47331705_frames/lowres_depth/47331705_9739.944.png,rule,"{""a_concept"": ""table"", ""a_depth_m"": 1.5950000286102295, ""b_concept"": ""cabinet"", ""b_depth_m"": 3.430999994277954, ""comparative"": ""closer"", ""answer_concept"": ""table""}"
train_001436,42444814/54607.508,42444814,lidar,unknown,train,relative_depth,farther,3,"Which object is farther from the camera, the shelf or the sink?",,shelf,choice,shelf|sink,ARKitScenes/3dod/Training/42444814/42444814_frames/lowres_wide/42444814_54607.508.png,ARKitScenes/3dod/Training/42444814/42444814_frames/lowres_depth/42444814_54607.508.png,rule,"{""a_concept"": ""sink"", ""a_depth_m"": 1.9895000457763672, ""b_concept"": ""shelf"", ""b_depth_m"": 2.9549999237060547, ""comparative"": ""farther"", ""answer_concept"": ""shelf""}"
train_001437,47333698/48422.147,47333698,lidar,unknown,train,identify_superlative,closest_camera,2,"Among the furniture and items in the room, not the walls, floor, or ceiling, which is closest to where the picture was taken from?",,cabinet,object,,ARKitScenes/3dod/Training/47333698/47333698_frames/lowres_wide/47333698_48422.147.png,ARKitScenes/3dod/Training/47333698/47333698_frames/lowres_depth/47333698_48422.147.png,rule,"{""winner_concept"": ""cabinet"", ""winner_object_index"": 6, ""winner_area_frac"": 0.04243307579300609, ""winner_depth_m"": 2.2809998989105225, ""runner_up_concept"": ""shelf"", ""runner_up_area_frac"": 0.027710516138092656, ""runner_up_depth_m"": 2.9719998836517334}"
train_001438,43649802/46892.212,43649802,lidar,unknown,train,nearest_object,,3,Which item is positioned nearest to the cabinet?,,television,object,,ARKitScenes/3dod/Training/43649802/43649802_frames/lowres_wide/43649802_46892.212.png,ARKitScenes/3dod/Training/43649802/43649802_frames/lowres_depth/43649802_46892.212.png,rule,"{""anchor_concept"": ""cabinet"", ""anchor_object_index"": 4, ""answer_concept"": ""television"", ""answer_object_index"": 5, ""nearest_distance_m"": 0.812, ""second_nearest_distance_m"": 1.713}"
train_001439,47334589/165866.130,47334589,lidar,unknown,train,existence,positive,0,Is there a shelf in this room?,,yes,yes_no,yes|no,ARKitScenes/3dod/Training/47334589/47334589_frames/lowres_wide/47334589_165866.130.png,ARKitScenes/3dod/Training/47334589/47334589_frames/lowres_depth/47334589_165866.130.png,rule,"{""concept"": ""shelf"", ""object_index"": 1, ""area_frac"": 0.04230238257937147}"
train_001440,47333674/134215.377,47333674,lidar,unknown,train,relative_depth,farther,3,"Which object is farther from the camera, the table or the shelf?",,shelf,choice,table|shelf,ARKitScenes/3dod/Training/47333674/47333674_frames/lowres_wide/47333674_134215.377.png,ARKitScenes/3dod/Training/47333674/47333674_frames/lowres_depth/47333674_134215.377.png,rule,"{""a_concept"": ""shelf"", ""a_depth_m"": 1.5980000495910645, ""b_concept"": ""table"", ""b_depth_m"": 1.0729999542236328, ""comparative"": ""farther"", ""answer_concept"": ""shelf""}"
train_001441,48018286/799434.234,48018286,lidar,unknown,train,nearest_object,,3,Which item is positioned nearest to the chair?,,cabinet,object,,ARKitScenes/3dod/Training/48018286/48018286_frames/lowres_wide/48018286_799434.234.png,ARKitScenes/3dod/Training/48018286/48018286_frames/lowres_depth/48018286_799434.234.png,rule,"{""anchor_concept"": ""chair"", ""anchor_object_index"": 19, ""answer_concept"": ""cabinet"", ""answer_object_index"": 22, ""nearest_distance_m"": 0.622, ""second_nearest_distance_m"": 1.49}"
train_001442,48018549/830174.943,48018549,lidar,unknown,train,nearest_object,,2,What sits closest to the shelf?,,chair,object,,ARKitScenes/3dod/Training/48018549/48018549_frames/lowres_wide/48018549_830174.943.png,ARKitScenes/3dod/Training/48018549/48018549_frames/lowres_depth/48018549_830174.943.png,rule,"{""anchor_concept"": ""shelf"", ""anchor_object_index"": 7, ""answer_concept"": ""chair"", ""answer_object_index"": 5, ""nearest_distance_m"": 0.977, ""second_nearest_distance_m"": 1.253}"
train_001443,42897890/345021.617,42897890,lidar,unknown,train,left_right,,3,Is the chair on the left side or the right side of the cabinet?,,left,choice,left|right,ARKitScenes/3dod/Training/42897890/42897890_frames/lowres_wide/42897890_345021.617.png,ARKitScenes/3dod/Training/42897890/42897890_frames/lowres_depth/42897890_345021.617.png,rule,"{""a_concept"": ""chair"", ""b_concept"": ""cabinet"", ""a_centroid_x"": 41.13681759471613, ""b_centroid_x"": 178.64335719050507, ""horizontal_gap_px"": 137.50653959578895, ""image_width"": 256}"
train_001444,47204304/15115.400,47204304,lidar,unknown,train,existence,negative,1,Do you see a shelf here?,,no,yes_no,yes|no,ARKitScenes/3dod/Training/47204304/47204304_frames/lowres_wide/47204304_15115.400.png,ARKitScenes/3dod/Training/47204304/47204304_frames/lowres_depth/47204304_15115.400.png,rule,"{""concept"": ""shelf"", ""reason"": ""category_or_scene_type_plausible""}"
train_001445,47204377/18048.640,47204377,lidar,unknown,train,relative_depth,farther,4,"Of the cabinet and the table, which is farther?",,cabinet,choice,cabinet|table,ARKitScenes/3dod/Training/47204377/47204377_frames/lowres_wide/47204377_18048.640.png,ARKitScenes/3dod/Training/47204377/47204377_frames/lowres_depth/47204377_18048.640.png,rule,"{""a_concept"": ""table"", ""a_depth_m"": 2.7160000801086426, ""b_concept"": ""cabinet"", ""b_depth_m"": 3.178999900817871, ""comparative"": ""farther"", ""answer_concept"": ""cabinet""}"
train_001446,42898247/167683.144,42898247,lidar,unknown,train,identify_superlative,closest_camera,3,"Ignoring the walls, floor, and ceiling, what object is nearest the viewer?",,sofa,object,,ARKitScenes/3dod/Training/42898247/42898247_frames/lowres_wide/42898247_167683.144.png,ARKitScenes/3dod/Training/42898247/42898247_frames/lowres_depth/42898247_167683.144.png,rule,"{""winner_concept"": ""sofa"", ""winner_object_index"": 2, ""winner_area_frac"": 0.12668795510491784, ""winner_depth_m"": 2.3489999771118164, ""runner_up_concept"": null, ""runner_up_area_frac"": null, ""runner_up_depth_m"": null}"
train_001447,42899071/650699.391,42899071,lidar,unknown,train,identify_superlative,closest_camera,0,"Not counting the walls, floor, or ceiling, which object is closest to the camera?",,cabinet,object,,ARKitScenes/3dod/Training/42899071/42899071_frames/lowres_wide/42899071_650699.391.png,ARKitScenes/3dod/Training/42899071/42899071_frames/lowres_depth/42899071_650699.391.png,rule,"{""winner_concept"": ""cabinet"", ""winner_object_index"": 4, ""winner_area_frac"": 0.05892944177642521, ""winner_depth_m"": 2.4100000858306885, ""runner_up_concept"": null, ""runner_up_area_frac"": null, ""runner_up_depth_m"": null}"
train_001448,47204680/13272.591,47204680,lidar,unknown,train,left_right,,1,"Relative to the toilet, is the sink on the left or the right?",,left,choice,left|right,ARKitScenes/3dod/Training/47204680/47204680_frames/lowres_wide/47204680_13272.591.png,ARKitScenes/3dod/Training/47204680/47204680_frames/lowres_depth/47204680_13272.591.png,rule,"{""a_concept"": ""sink"", ""b_concept"": ""toilet"", ""a_centroid_x"": 9.065588031020148, ""b_centroid_x"": 68.35206272368798, ""horizontal_gap_px"": 59.28647469266783, ""image_width"": 256}"
train_001449,47430689/326901.336,47430689,lidar,unknown,train,identify_superlative,farthest_camera,3,"Ignoring the walls, floor, and ceiling, what object is farthest from the viewer?",,table,object,,ARKitScenes/3dod/Training/47430689/47430689_frames/lowres_wide/47430689_326901.336.png,ARKitScenes/3dod/Training/47430689/47430689_frames/lowres_depth/47430689_326901.336.png,rule,"{""winner_concept"": ""table"", ""winner_object_index"": 13, ""winner_area_frac"": 0.045412151421997275, ""winner_depth_m"": 1.656499981880188, ""runner_up_concept"": null, ""runner_up_area_frac"": null, ""runner_up_depth_m"": null}"
train_001450,47334868/620635.539,47334868,lidar,unknown,train,relative_depth,farther,1,"Between the refrigerator and the cabinet, which one is farther from the camera?",,refrigerator,choice,refrigerator|cabinet,ARKitScenes/3dod/Training/47334868/47334868_frames/lowres_wide/47334868_620635.539.png,ARKitScenes/3dod/Training/47334868/47334868_frames/lowres_depth/47334868_620635.539.png,rule,"{""a_concept"": ""refrigerator"", ""a_depth_m"": 3.0739998817443848, ""b_concept"": ""cabinet"", ""b_depth_m"": 2.123499870300293, ""comparative"": ""farther"", ""answer_concept"": ""refrigerator""}"
train_001451,47333771/58102.770,47333771,lidar,unknown,train,existence,positive,2,Does this room contain a cabinet?,,yes,yes_no,yes|no,ARKitScenes/3dod/Training/47333771/47333771_frames/lowres_wide/47333771_58102.770.png,ARKitScenes/3dod/Training/47333771/47333771_frames/lowres_depth/47333771_58102.770.png,rule,"{""concept"": ""cabinet"", ""object_index"": 2, ""area_frac"": 0.025604262444050587}"
train_001452,47332653/369032.886,47332653,lidar,unknown,train,nearest_object,,0,What is the closest object to the table?,,chair,object,,ARKitScenes/3dod/Training/47332653/47332653_frames/lowres_wide/47332653_369032.886.png,ARKitScenes/3dod/Training/47332653/47332653_frames/lowres_depth/47332653_369032.886.png,rule,"{""anchor_concept"": ""table"", ""anchor_object_index"": 6, ""answer_concept"": ""chair"", ""answer_object_index"": 8, ""nearest_distance_m"": 0.418, ""second_nearest_distance_m"": 0.692}"
train_001453,47332792/47328.113,47332792,lidar,unknown,train,existence,positive,0,Is there a cabinet in this room?,,yes,yes_no,yes|no,ARKitScenes/3dod/Training/47332792/47332792_frames/lowres_wide/47332792_47328.113.png,ARKitScenes/3dod/Training/47332792/47332792_frames/lowres_depth/47332792_47328.113.png,rule,"{""concept"": ""cabinet"", ""object_index"": 7, ""area_frac"": 0.11970216808999064}"
train_001454,47333493/62560.610,47333493,lidar,unknown,train,left_right,,5,"From the chair, which direction is the table in, left or right?",,right,choice,left|right,ARKitScenes/3dod/Training/47333493/47333493_frames/lowres_wide/47333493_62560.610.png,ARKitScenes/3dod/Training/47333493/47333493_frames/lowres_depth/47333493_62560.610.png,rule,"{""a_concept"": ""table"", ""b_concept"": ""chair"", ""a_centroid_x"": 46.11740752655463, ""b_centroid_x"": 12.678334060334919, ""horizontal_gap_px"": 33.43907346621971, ""image_width"": 256}"
train_001455,42897509/472345.519,42897509,lidar,unknown,train,identify_superlative,closest_camera,4,"Not counting the room's walls, floor, or ceiling, which object is closest to us in this image?",,cabinet,object,,ARKitScenes/3dod/Training/42897509/42897509_frames/lowres_wide/42897509_472345.519.png,ARKitScenes/3dod/Training/42897509/42897509_frames/lowres_depth/42897509_472345.519.png,rule,"{""winner_concept"": ""cabinet"", ""winner_object_index"": 2, ""winner_area_frac"": 0.3287599138351421, ""winner_depth_m"": 1.0479999780654907, ""runner_up_concept"": null, ""runner_up_area_frac"": null, ""runner_up_depth_m"": null}"
train_001456,47204524/1597.791,47204524,lidar,unknown,train,left_right,,0,Is the cabinet to the left or to the right of the chair?,,left,choice,left|right,ARKitScenes/3dod/Training/47204524/47204524_frames/lowres_wide/47204524_1597.791.png,ARKitScenes/3dod/Training/47204524/47204524_frames/lowres_depth/47204524_1597.791.png,rule,"{""a_concept"": ""cabinet"", ""b_concept"": ""chair"", ""a_centroid_x"": 116.63246548984154, ""b_centroid_x"": 213.38446130795717, ""horizontal_gap_px"": 96.75199581811563, ""image_width"": 256}"
train_001457,42899532/957250.039,42899532,lidar,unknown,train,left_right,,2,"Looking at the cabinet, is the chair positioned on its left or right?",,left,choice,left|right,ARKitScenes/3dod/Training/42899532/42899532_frames/lowres_wide/42899532_957250.039.png,ARKitScenes/3dod/Training/42899532/42899532_frames/lowres_depth/42899532_957250.039.png,rule,"{""a_concept"": ""chair"", ""b_concept"": ""cabinet"", ""a_centroid_x"": 171.64661502279353, ""b_centroid_x"": 241.2367187273635, ""horizontal_gap_px"": 69.59010370456997, ""image_width"": 256}"
train_001458,47331491/153112.128,47331491,lidar,unknown,train,left_right,,2,"Looking at the table, is the sofa positioned on its left or right?",,right,choice,left|right,ARKitScenes/3dod/Training/47331491/47331491_frames/lowres_wide/47331491_153112.128.png,ARKitScenes/3dod/Training/47331491/47331491_frames/lowres_depth/47331491_153112.128.png,rule,"{""a_concept"": ""sofa"", ""b_concept"": ""table"", ""a_centroid_x"": 123.00381169898719, ""b_centroid_x"": 70.25495693389766, ""horizontal_gap_px"": 52.74885476508953, ""image_width"": 256}"
train_001459,42899532/957250.039,42899532,lidar,unknown,train,existence,positive,4,Is a cabinet present in this scene?,,yes,yes_no,yes|no,ARKitScenes/3dod/Training/42899532/42899532_frames/lowres_wide/42899532_957250.039.png,ARKitScenes/3dod/Training/42899532/42899532_frames/lowres_depth/42899532_957250.039.png,rule,"{""concept"": ""cabinet"", ""object_index"": 4, ""area_frac"": 0.06749136210401654}"
train_001460,45662791/12818.000,45662791,lidar,unknown,train,left_right,,4,"Which side of the stool is the sofa on, left or right?",,left,choice,left|right,ARKitScenes/3dod/Training/45662791/45662791_frames/lowres_wide/45662791_12818.000.png,ARKitScenes/3dod/Training/45662791/45662791_frames/lowres_depth/45662791_12818.000.png,rule,"{""a_concept"": ""sofa"", ""b_concept"": ""stool"", ""a_centroid_x"": 106.60522447848213, ""b_centroid_x"": 187.4084307785442, ""horizontal_gap_px"": 80.80320630006206, ""image_width"": 256}"
train_001461,44358121/62410.214,44358121,lidar,unknown,train,left_right,,0,Is the cabinet to the left or to the right of the television?,,right,choice,left|right,ARKitScenes/3dod/Training/44358121/44358121_frames/lowres_wide/44358121_62410.214.png,ARKitScenes/3dod/Training/44358121/44358121_frames/lowres_depth/44358121_62410.214.png,rule,"{""a_concept"": ""cabinet"", ""b_concept"": ""television"", ""a_centroid_x"": 153.1832309981353, ""b_centroid_x"": 64.91719065825416, ""horizontal_gap_px"": 88.26604033988113, ""image_width"": 256}"
train_001462,47895233/73838.707,47895233,lidar,unknown,train,existence,positive,4,Is a cabinet present in this scene?,,yes,yes_no,yes|no,ARKitScenes/3dod/Training/47895233/47895233_frames/lowres_wide/47895233_73838.707.png,ARKitScenes/3dod/Training/47895233/47895233_frames/lowres_depth/47895233_73838.707.png,rule,"{""concept"": ""cabinet"", ""object_index"": 11, ""area_frac"": 0.06637096315306447}"
train_001463,42897509/472321.229,42897509,lidar,unknown,train,identify_superlative,farthest_camera,0,"Not counting the walls, floor, or ceiling, which object is farthest from the camera?",,chair,object,,ARKitScenes/3dod/Training/42897509/42897509_frames/lowres_wide/42897509_472321.229.png,ARKitScenes/3dod/Training/42897509/42897509_frames/lowres_depth/42897509_472321.229.png,rule,"{""winner_concept"": ""chair"", ""winner_object_index"": 10, ""winner_area_frac"": 0.0203619560331732, ""winner_depth_m"": 1.1949999332427979, ""runner_up_concept"": ""stool"", ""runner_up_area_frac"": 0.12536500223699834, ""runner_up_depth_m"": 0.8500000238418579}"
train_001464,42898236/167739.038,42898236,lidar,unknown,train,nearest_object,,1,Which object is nearest to the table?,,stool,object,,ARKitScenes/3dod/Training/42898236/42898236_frames/lowres_wide/42898236_167739.038.png,ARKitScenes/3dod/Training/42898236/42898236_frames/lowres_depth/42898236_167739.038.png,rule,"{""anchor_concept"": ""table"", ""anchor_object_index"": 5, ""answer_concept"": ""stool"", ""answer_object_index"": 6, ""nearest_distance_m"": 0.187, ""second_nearest_distance_m"": 0.891}"
train_001465,44358599/58296.530,44358599,lidar,unknown,train,existence,negative,2,Does this room contain a shelf?,,no,yes_no,yes|no,ARKitScenes/3dod/Training/44358599/44358599_frames/lowres_wide/44358599_58296.530.png,ARKitScenes/3dod/Training/44358599/44358599_frames/lowres_depth/44358599_58296.530.png,rule,"{""concept"": ""shelf"", ""reason"": ""category_or_scene_type_plausible""}"
train_001466,42899489/197725.375,42899489,lidar,unknown,train,identify_superlative,farthest_camera,3,"Ignoring the walls, floor, and ceiling, what object is farthest from the viewer?",,chair,object,,ARKitScenes/3dod/Training/42899489/42899489_frames/lowres_wide/42899489_197725.375.png,ARKitScenes/3dod/Training/42899489/42899489_frames/lowres_depth/42899489_197725.375.png,rule,"{""winner_concept"": ""chair"", ""winner_object_index"": 6, ""winner_area_frac"": 0.08436632784098558, ""winner_depth_m"": 2.5820000171661377, ""runner_up_concept"": ""chair"", ""runner_up_area_frac"": 0.1069564736698535, ""runner_up_depth_m"": 2.0230000019073486}"
train_001467,47331491/153112.128,47331491,lidar,unknown,train,relative_depth,farther,0,"Which is farther from the camera, the sofa or the table?",,sofa,choice,sofa|table,ARKitScenes/3dod/Training/47331491/47331491_frames/lowres_wide/47331491_153112.128.png,ARKitScenes/3dod/Training/47331491/47331491_frames/lowres_depth/47331491_153112.128.png,rule,"{""a_concept"": ""sofa"", ""a_depth_m"": 1.843999981880188, ""b_concept"": ""table"", ""b_depth_m"": 0.9890000224113464, ""comparative"": ""farther"", ""answer_concept"": ""sofa""}"
train_001468,47430314/264836.964,47430314,lidar,unknown,train,relative_depth,closer,0,"Which is closer to the camera, the chair or the cabinet?",,cabinet,choice,chair|cabinet,ARKitScenes/3dod/Training/47430314/47430314_frames/lowres_wide/47430314_264836.964.png,ARKitScenes/3dod/Training/47430314/47430314_frames/lowres_depth/47430314_264836.964.png,rule,"{""a_concept"": ""cabinet"", ""a_depth_m"": 0.9679999947547913, ""b_concept"": ""chair"", ""b_depth_m"": 1.4850000143051147, ""comparative"": ""closer"", ""answer_concept"": ""cabinet""}"
train_001469,42444872/98035.404,42444872,lidar,unknown,train,existence,negative,5,Is there any cabinet visible in the image?,,no,yes_no,yes|no,ARKitScenes/3dod/Training/42444872/42444872_frames/lowres_wide/42444872_98035.404.png,ARKitScenes/3dod/Training/42444872/42444872_frames/lowres_depth/42444872_98035.404.png,rule,"{""concept"": ""cabinet"", ""reason"": ""category_or_scene_type_plausible""}"
train_001470,43896371/19822.664,43896371,lidar,unknown,train,left_right,,1,"Relative to the refrigerator, is the oven on the left or the right?",,right,choice,left|right,ARKitScenes/3dod/Training/43896371/43896371_frames/lowres_wide/43896371_19822.664.png,ARKitScenes/3dod/Training/43896371/43896371_frames/lowres_depth/43896371_19822.664.png,rule,"{""a_concept"": ""oven"", ""b_concept"": ""refrigerator"", ""a_centroid_x"": 196.26053202693168, ""b_centroid_x"": 170.37287703564843, ""horizontal_gap_px"": 25.887654991283256, ""image_width"": 256}"
train_001471,48018412/394249.551,48018412,lidar,unknown,train,left_right,,2,"Looking at the table, is the chair positioned on its left or right?",,left,choice,left|right,ARKitScenes/3dod/Training/48018412/48018412_frames/lowres_wide/48018412_394249.551.png,ARKitScenes/3dod/Training/48018412/48018412_frames/lowres_depth/48018412_394249.551.png,rule,"{""a_concept"": ""chair"", ""b_concept"": ""table"", ""a_centroid_x"": 56.604897942852006, ""b_centroid_x"": 218.661396100187, ""horizontal_gap_px"": 162.056498157335, ""image_width"": 256}"
train_001472,44358386/19230.766,44358386,lidar,unknown,train,identify_superlative,closest_camera,3,"Ignoring the walls, floor, and ceiling, what object is nearest the viewer?",,sofa,object,,ARKitScenes/3dod/Training/44358386/44358386_frames/lowres_wide/44358386_19230.766.png,ARKitScenes/3dod/Training/44358386/44358386_frames/lowres_depth/44358386_19230.766.png,rule,"{""winner_concept"": ""sofa"", ""winner_object_index"": 2, ""winner_area_frac"": 0.32641345026578866, ""winner_depth_m"": 1.7879999876022339, ""runner_up_concept"": ""television"", ""runner_up_area_frac"": 0.02394884361157018, ""runner_up_depth_m"": 3.6480000019073486}"
train_001473,47670299/63473.861,47670299,lidar,unknown,train,identify_superlative,farthest_camera,5,"Excluding the walls, floor, and ceiling, what is the most distant visible object in the scene?",,chair,object,,ARKitScenes/3dod/Training/47670299/47670299_frames/lowres_wide/47670299_63473.861.png,ARKitScenes/3dod/Training/47670299/47670299_frames/lowres_depth/47670299_63473.861.png,rule,"{""winner_concept"": ""chair"", ""winner_object_index"": 4, ""winner_area_frac"": 0.06088776457650496, ""winner_depth_m"": 5.23799991607666, ""runner_up_concept"": null, ""runner_up_area_frac"": null, ""runner_up_depth_m"": null}"
train_001474,47430689/326894.139,47430689,lidar,unknown,train,existence,negative,2,Does this room contain a television?,,no,yes_no,yes|no,ARKitScenes/3dod/Training/47430689/47430689_frames/lowres_wide/47430689_326894.139.png,ARKitScenes/3dod/Training/47430689/47430689_frames/lowres_depth/47430689_326894.139.png,rule,"{""concept"": ""television"", ""reason"": ""category_or_scene_type_plausible""}"
train_001475,42898437/2098.851,42898437,lidar,unknown,train,left_right,,2,"Looking at the table, is the oven positioned on its left or right?",,right,choice,left|right,ARKitScenes/3dod/Training/42898437/42898437_frames/lowres_wide/42898437_2098.851.png,ARKitScenes/3dod/Training/42898437/42898437_frames/lowres_depth/42898437_2098.851.png,rule,"{""a_concept"": ""oven"", ""b_concept"": ""table"", ""a_centroid_x"": 198.83497650114472, ""b_centroid_x"": 147.08319914623556, ""horizontal_gap_px"": 51.751777354909166, ""image_width"": 256}"
train_001476,47333175/44088.887,47333175,lidar,unknown,train,existence,positive,3,Can you spot a cabinet in the picture?,,yes,yes_no,yes|no,ARKitScenes/3dod/Training/47333175/47333175_frames/lowres_wide/47333175_44088.887.png,ARKitScenes/3dod/Training/47333175/47333175_frames/lowres_depth/47333175_44088.887.png,rule,"{""concept"": ""cabinet"", ""object_index"": 18, ""area_frac"": 0.06956821609473203}"
train_001477,41124857/6695.686,41124857,lidar,unknown,train,existence,positive,0,Is there a television in this room?,,yes,yes_no,yes|no,ARKitScenes/3dod/Training/41124857/41124857_frames/lowres_wide/41124857_6695.686.png,ARKitScenes/3dod/Training/41124857/41124857_frames/lowres_depth/41124857_6695.686.png,rule,"{""concept"": ""television"", ""object_index"": 1, ""area_frac"": 0.08781156391337619}"
train_001478,43895917/111326.962,43895917,lidar,unknown,train,nearest_object,,1,Which object is nearest to the table?,,bathtub,object,,ARKitScenes/3dod/Training/43895917/43895917_frames/lowres_wide/43895917_111326.962.png,ARKitScenes/3dod/Training/43895917/43895917_frames/lowres_depth/43895917_111326.962.png,rule,"{""anchor_concept"": ""table"", ""anchor_object_index"": 2, ""answer_concept"": ""bathtub"", ""answer_object_index"": 0, ""nearest_distance_m"": 0.771, ""second_nearest_distance_m"": 1.57}"
train_001479,43828250/81631.705,43828250,lidar,unknown,train,identify_superlative,closest_camera,4,"Not counting the room's walls, floor, or ceiling, which object is closest to us in this image?",,cabinet,object,,ARKitScenes/3dod/Training/43828250/43828250_frames/lowres_wide/43828250_81631.705.png,ARKitScenes/3dod/Training/43828250/43828250_frames/lowres_depth/43828250_81631.705.png,rule,"{""winner_concept"": ""cabinet"", ""winner_object_index"": 4, ""winner_area_frac"": 0.214795363939847, ""winner_depth_m"": 2.0250000953674316, ""runner_up_concept"": null, ""runner_up_area_frac"": null, ""runner_up_depth_m"": null}"
train_001480,43896280/5258.486,43896280,lidar,unknown,train,left_right,,3,Is the table on the left side or the right side of the shelf?,,right,choice,left|right,ARKitScenes/3dod/Training/43896280/43896280_frames/lowres_wide/43896280_5258.486.png,ARKitScenes/3dod/Training/43896280/43896280_frames/lowres_depth/43896280_5258.486.png,rule,"{""a_concept"": ""table"", ""b_concept"": ""shelf"", ""a_centroid_x"": 165.93704204287084, ""b_centroid_x"": 96.19000446487081, ""horizontal_gap_px"": 69.74703757800003, ""image_width"": 256}"
train_001481,41254893/159257.734,41254893,lidar,unknown,train,nearest_object,,0,What is the closest object to the sofa?,,table,object,,ARKitScenes/3dod/Training/41254893/41254893_frames/lowres_wide/41254893_159257.734.png,ARKitScenes/3dod/Training/41254893/41254893_frames/lowres_depth/41254893_159257.734.png,rule,"{""anchor_concept"": ""sofa"", ""anchor_object_index"": 2, ""answer_concept"": ""table"", ""answer_object_index"": 11, ""nearest_distance_m"": 1.192, ""second_nearest_distance_m"": 1.684}"
train_001482,48458772/142328.150,48458772,lidar,unknown,train,identify_superlative,farthest_camera,4,"Not counting the room's walls, floor, or ceiling, which object is farthest away in this image?",,cabinet,object,,ARKitScenes/3dod/Training/48458772/48458772_frames/lowres_wide/48458772_142328.150.png,ARKitScenes/3dod/Training/48458772/48458772_frames/lowres_depth/48458772_142328.150.png,rule,"{""winner_concept"": ""cabinet"", ""winner_object_index"": 8, ""winner_area_frac"": 0.05302688006791434, ""winner_depth_m"": 1.6269999742507935, ""runner_up_concept"": null, ""runner_up_area_frac"": null, ""runner_up_depth_m"": null}"
train_001483,42898751/64175.380,42898751,lidar,unknown,train,left_right,,4,"Which side of the sink is the toilet on, left or right?",,right,choice,left|right,ARKitScenes/3dod/Training/42898751/42898751_frames/lowres_wide/42898751_64175.380.png,ARKitScenes/3dod/Training/42898751/42898751_frames/lowres_depth/42898751_64175.380.png,rule,"{""a_concept"": ""toilet"", ""b_concept"": ""sink"", ""a_centroid_x"": 91.54907566848752, ""b_centroid_x"": 38.135889224429185, ""horizontal_gap_px"": 53.41318644405833, ""image_width"": 256}"
train_001484,47115573/2582.022,47115573,lidar,unknown,train,existence,positive,5,Is there any cabinet visible in the image?,,yes,yes_no,yes|no,ARKitScenes/3dod/Training/47115573/47115573_frames/lowres_wide/47115573_2582.022.png,ARKitScenes/3dod/Training/47115573/47115573_frames/lowres_depth/47115573_2582.022.png,rule,"{""concept"": ""cabinet"", ""object_index"": 0, ""area_frac"": 0.16417306481987087}"
train_001485,48018771/14013.274,48018771,lidar,unknown,train,left_right,,5,"From the cabinet, which direction is the shelf in, left or right?",,left,choice,left|right,ARKitScenes/3dod/Training/48018771/48018771_frames/lowres_wide/48018771_14013.274.png,ARKitScenes/3dod/Training/48018771/48018771_frames/lowres_depth/48018771_14013.274.png,rule,"{""a_concept"": ""shelf"", ""b_concept"": ""cabinet"", ""a_centroid_x"": 169.5529318513572, ""b_centroid_x"": 228.73401653870428, ""horizontal_gap_px"": 59.181084687347095, ""image_width"": 256}"
train_001486,42898247/167673.047,42898247,lidar,unknown,train,nearest_object,,4,What is right next to the television?,,table,object,,ARKitScenes/3dod/Training/42898247/42898247_frames/lowres_wide/42898247_167673.047.png,ARKitScenes/3dod/Training/42898247/42898247_frames/lowres_depth/42898247_167673.047.png,rule,"{""anchor_concept"": ""television"", ""anchor_object_index"": 11, ""answer_concept"": ""table"", ""answer_object_index"": 5, ""nearest_distance_m"": 0.586, ""second_nearest_distance_m"": 1.011}"
train_001487,41159687/46551.966,41159687,lidar,unknown,train,nearest_object,,5,Which object is closest in distance to the table?,,chair,object,,ARKitScenes/3dod/Training/41159687/41159687_frames/lowres_wide/41159687_46551.966.png,ARKitScenes/3dod/Training/41159687/41159687_frames/lowres_depth/41159687_46551.966.png,rule,"{""anchor_concept"": ""table"", ""anchor_object_index"": 17, ""answer_concept"": ""chair"", ""answer_object_index"": 21, ""nearest_distance_m"": 0.322, ""second_nearest_distance_m"": 0.974}"
train_001488,43896478/22834.698,43896478,lidar,unknown,train,relative_depth,farther,2,Is the stool or the television farther from the camera?,,television,choice,stool|television,ARKitScenes/3dod/Training/43896478/43896478_frames/lowres_wide/43896478_22834.698.png,ARKitScenes/3dod/Training/43896478/43896478_frames/lowres_depth/43896478_22834.698.png,rule,"{""a_concept"": ""stool"", ""a_depth_m"": 3.424999952316284, ""b_concept"": ""television"", ""b_depth_m"": 4.25, ""comparative"": ""farther"", ""answer_concept"": ""television""}"
train_001489,42899307/885756.954,42899307,lidar,unknown,train,left_right,,3,Is the table on the left side or the right side of the television?,,right,choice,left|right,ARKitScenes/3dod/Training/42899307/42899307_frames/lowres_wide/42899307_885756.954.png,ARKitScenes/3dod/Training/42899307/42899307_frames/lowres_depth/42899307_885756.954.png,rule,"{""a_concept"": ""table"", ""b_concept"": ""television"", ""a_centroid_x"": 96.75520192832698, ""b_centroid_x"": 45.14624738593839, ""horizontal_gap_px"": 51.608954542388595, ""image_width"": 256}"
train_001490,42898740/63539.922,42898740,lidar,unknown,train,left_right,,0,Is the table to the left or to the right of the sofa?,,left,choice,left|right,ARKitScenes/3dod/Training/42898740/42898740_frames/lowres_wide/42898740_63539.922.png,ARKitScenes/3dod/Training/42898740/42898740_frames/lowres_depth/42898740_63539.922.png,rule,"{""a_concept"": ""table"", ""b_concept"": ""sofa"", ""a_centroid_x"": 28.885428761951815, ""b_centroid_x"": 192.95704145811413, ""horizontal_gap_px"": 164.07161269616233, ""image_width"": 256}"
train_001491,47204377/18039.344,47204377,lidar,unknown,train,nearest_object,,4,What is right next to the shelf?,,sofa,object,,ARKitScenes/3dod/Training/47204377/47204377_frames/lowres_wide/47204377_18039.344.png,ARKitScenes/3dod/Training/47204377/47204377_frames/lowres_depth/47204377_18039.344.png,rule,"{""anchor_concept"": ""shelf"", ""anchor_object_index"": 8, ""answer_concept"": ""sofa"", ""answer_object_index"": 2, ""nearest_distance_m"": 0.849, ""second_nearest_distance_m"": 2.188}"
train_001492,42446497/357439.053,42446497,lidar,unknown,train,relative_depth,farther,4,"Of the toilet and the cabinet, which is farther?",,toilet,choice,toilet|cabinet,ARKitScenes/3dod/Training/42446497/42446497_frames/lowres_wide/42446497_357439.053.png,ARKitScenes/3dod/Training/42446497/42446497_frames/lowres_depth/42446497_357439.053.png,rule,"{""a_concept"": ""toilet"", ""a_depth_m"": 1.4839999675750732, ""b_concept"": ""cabinet"", ""b_depth_m"": 0.8009999990463257, ""comparative"": ""farther"", ""answer_concept"": ""toilet""}"
train_001493,42444998/45382.471,42444998,lidar,unknown,train,relative_depth,farther,2,Is the fireplace or the table farther from the camera?,,fireplace,choice,fireplace|table,ARKitScenes/3dod/Training/42444998/42444998_frames/lowres_wide/42444998_45382.471.png,ARKitScenes/3dod/Training/42444998/42444998_frames/lowres_depth/42444998_45382.471.png,rule,"{""a_concept"": ""table"", ""a_depth_m"": 1.1790000200271606, ""b_concept"": ""fireplace"", ""b_depth_m"": 3.0749998092651367, ""comparative"": ""farther"", ""answer_concept"": ""fireplace""}"
train_001494,47332232/755603.552,47332232,lidar,unknown,train,left_right,,2,"Looking at the cabinet, is the washer positioned on its left or right?",,right,choice,left|right,ARKitScenes/3dod/Training/47332232/47332232_frames/lowres_wide/47332232_755603.552.png,ARKitScenes/3dod/Training/47332232/47332232_frames/lowres_depth/47332232_755603.552.png,rule,"{""a_concept"": ""washer"", ""b_concept"": ""cabinet"", ""a_centroid_x"": 100.81369397054873, ""b_centroid_x"": 32.014027660934005, ""horizontal_gap_px"": 68.79966630961472, ""image_width"": 256}"
train_001495,48458301/77373.026,48458301,lidar,unknown,train,identify_superlative,farthest_camera,0,"Not counting the walls, floor, or ceiling, which object is farthest from the camera?",,television,object,,ARKitScenes/3dod/Training/48458301/48458301_frames/lowres_wide/48458301_77373.026.png,ARKitScenes/3dod/Training/48458301/48458301_frames/lowres_depth/48458301_77373.026.png,rule,"{""winner_concept"": ""television"", ""winner_object_index"": 5, ""winner_area_frac"": 0.042776962650793456, ""winner_depth_m"": 1.4819999933242798, ""runner_up_concept"": null, ""runner_up_area_frac"": null, ""runner_up_depth_m"": null}"
train_001496,42898041/222064.846,42898041,lidar,unknown,train,nearest_object,,5,Which object is closest in distance to the cabinet?,,sink,object,,ARKitScenes/3dod/Training/42898041/42898041_frames/lowres_wide/42898041_222064.846.png,ARKitScenes/3dod/Training/42898041/42898041_frames/lowres_depth/42898041_222064.846.png,rule,"{""anchor_concept"": ""cabinet"", ""anchor_object_index"": 7, ""answer_concept"": ""sink"", ""answer_object_index"": 15, ""nearest_distance_m"": 0.339, ""second_nearest_distance_m"": 0.467}"
train_001497,48018845/649762.127,48018845,lidar,unknown,train,nearest_object,,5,Which object is closest in distance to the cabinet?,,chair,object,,ARKitScenes/3dod/Training/48018845/48018845_frames/lowres_wide/48018845_649762.127.png,ARKitScenes/3dod/Training/48018845/48018845_frames/lowres_depth/48018845_649762.127.png,rule,"{""anchor_concept"": ""cabinet"", ""anchor_object_index"": 9, ""answer_concept"": ""chair"", ""answer_object_index"": 13, ""nearest_distance_m"": 1.243, ""second_nearest_distance_m"": 1.622}"
train_001498,44358599/58254.430,44358599,lidar,unknown,train,left_right,,3,Is the table on the left side or the right side of the cabinet?,,right,choice,left|right,ARKitScenes/3dod/Training/44358599/44358599_frames/lowres_wide/44358599_58254.430.png,ARKitScenes/3dod/Training/44358599/44358599_frames/lowres_depth/44358599_58254.430.png,rule,"{""a_concept"": ""table"", ""b_concept"": ""cabinet"", ""a_centroid_x"": 184.2280840306898, ""b_centroid_x"": 140.54401005221354, ""horizontal_gap_px"": 43.68407397847628, ""image_width"": 256}"
train_001499,41098140/886.335,41098140,lidar,unknown,train,existence,negative,1,Do you see a television here?,,no,yes_no,yes|no,ARKitScenes/3dod/Training/41098140/41098140_frames/lowres_wide/41098140_886.335.png,ARKitScenes/3dod/Training/41098140/41098140_frames/lowres_depth/41098140_886.335.png,rule,"{""concept"": ""television"", ""reason"": ""category_or_scene_type_plausible""}"
train_001500,47895476/132657.439,47895476,lidar,unknown,train,relative_depth,closer,5,"Which one is closer, the cabinet or the table?",,table,choice,cabinet|table,ARKitScenes/3dod/Training/47895476/47895476_frames/lowres_wide/47895476_132657.439.png,ARKitScenes/3dod/Training/47895476/47895476_frames/lowres_depth/47895476_132657.439.png,rule,"{""a_concept"": ""table"", ""a_depth_m"": 1.2549999952316284, ""b_concept"": ""cabinet"", ""b_depth_m"": 1.6024999618530273, ""comparative"": ""closer"", ""answer_concept"": ""table""}"
train_001501,47115648/4784.073,47115648,lidar,unknown,train,identify_superlative,farthest_camera,5,"Excluding the walls, floor, and ceiling, what is the most distant visible object in the scene?",,chair,object,,ARKitScenes/3dod/Training/47115648/47115648_frames/lowres_wide/47115648_4784.073.png,ARKitScenes/3dod/Training/47115648/47115648_frames/lowres_depth/47115648_4784.073.png,rule,"{""winner_concept"": ""chair"", ""winner_object_index"": 6, ""winner_area_frac"": 0.032420774305872986, ""winner_depth_m"": 5.586999893188477, ""runner_up_concept"": ""sofa"", ""runner_up_area_frac"": 0.06604722651723938, ""runner_up_depth_m"": 4.303999900817871}"
train_001502,41069087/5158.735,41069087,lidar,unknown,train,identify_superlative,farthest_camera,5,"Excluding the walls, floor, and ceiling, what is the most distant visible object in the scene?",,cabinet,object,,ARKitScenes/3dod/Training/41069087/41069087_frames/lowres_wide/41069087_5158.735.png,ARKitScenes/3dod/Training/41069087/41069087_frames/lowres_depth/41069087_5158.735.png,rule,"{""winner_concept"": ""cabinet"", ""winner_object_index"": 3, ""winner_area_frac"": 0.00817548191147135, ""winner_depth_m"": 1.2139999866485596, ""runner_up_concept"": null, ""runner_up_area_frac"": null, ""runner_up_depth_m"": null}"
train_001503,42445677/61025.828,42445677,lidar,unknown,train,existence,negative,1,Do you see a cabinet here?,,no,yes_no,yes|no,ARKitScenes/3dod/Training/42445677/42445677_frames/lowres_wide/42445677_61025.828.png,ARKitScenes/3dod/Training/42445677/42445677_frames/lowres_depth/42445677_61025.828.png,rule,"{""concept"": ""cabinet"", ""reason"": ""category_or_scene_type_plausible""}"
train_001504,43828390/94766.310,43828390,lidar,unknown,train,existence,negative,1,Do you see a sink here?,,no,yes_no,yes|no,ARKitScenes/3dod/Training/43828390/43828390_frames/lowres_wide/43828390_94766.310.png,ARKitScenes/3dod/Training/43828390/43828390_frames/lowres_depth/43828390_94766.310.png,rule,"{""concept"": ""sink"", ""reason"": ""category_or_scene_type_plausible""}"
train_001505,42897771/126976.508,42897771,lidar,unknown,train,existence,negative,5,Is there any cabinet visible in the image?,,no,yes_no,yes|no,ARKitScenes/3dod/Training/42897771/42897771_frames/lowres_wide/42897771_126976.508.png,ARKitScenes/3dod/Training/42897771/42897771_frames/lowres_depth/42897771_126976.508.png,rule,"{""concept"": ""cabinet"", ""reason"": ""category_or_scene_type_plausible""}"
train_001506,48018286/799422.439,48018286,lidar,unknown,train,existence,negative,1,Do you see a cabinet here?,,no,yes_no,yes|no,ARKitScenes/3dod/Training/48018286/48018286_frames/lowres_wide/48018286_799422.439.png,ARKitScenes/3dod/Training/48018286/48018286_frames/lowres_depth/48018286_799422.439.png,rule,"{""concept"": ""cabinet"", ""reason"": ""category_or_scene_type_plausible""}"
train_001507,47332778/44661.365,47332778,lidar,unknown,train,existence,positive,3,Can you spot a television in the picture?,,yes,yes_no,yes|no,ARKitScenes/3dod/Training/47332778/47332778_frames/lowres_wide/47332778_44661.365.png,ARKitScenes/3dod/Training/47332778/47332778_frames/lowres_depth/47332778_44661.365.png,rule,"{""concept"": ""television"", ""object_index"": 1, ""area_frac"": 0.014314976250514781}"
train_001508,47332326/810185.567,47332326,lidar,unknown,train,left_right,,2,"Looking at the washer, is the bathtub positioned on its left or right?",,right,choice,left|right,ARKitScenes/3dod/Training/47332326/47332326_frames/lowres_wide/47332326_810185.567.png,ARKitScenes/3dod/Training/47332326/47332326_frames/lowres_depth/47332326_810185.567.png,rule,"{""a_concept"": ""bathtub"", ""b_concept"": ""washer"", ""a_centroid_x"": 114.77821244467285, ""b_centroid_x"": 22.780089930619923, ""horizontal_gap_px"": 91.99812251405292, ""image_width"": 256}"
train_001509,47670232/52822.300,47670232,lidar,unknown,train,left_right,,0,Is the bathtub to the left or to the right of the stool?,,left,choice,left|right,ARKitScenes/3dod/Training/47670232/47670232_frames/lowres_wide/47670232_52822.300.png,ARKitScenes/3dod/Training/47670232/47670232_frames/lowres_depth/47670232_52822.300.png,rule,"{""a_concept"": ""bathtub"", ""b_concept"": ""stool"", ""a_centroid_x"": 106.75547325990074, ""b_centroid_x"": 157.68098034324976, ""horizontal_gap_px"": 50.92550708334902, ""image_width"": 256}"
train_001510,42923225/4915.860,42923225,lidar,unknown,train,identify_superlative,farthest_camera,4,"Not counting the room's walls, floor, or ceiling, which object is farthest away in this image?",,table,object,,ARKitScenes/3dod/Training/42923225/42923225_frames/lowres_wide/42923225_4915.860.png,ARKitScenes/3dod/Training/42923225/42923225_frames/lowres_depth/42923225_4915.860.png,rule,"{""winner_concept"": ""table"", ""winner_object_index"": 2, ""winner_area_frac"": 0.022577969022107524, ""winner_depth_m"": 1.1890000104904175, ""runner_up_concept"": null, ""runner_up_area_frac"": null, ""runner_up_depth_m"": null}"
train_001511,47115265/115105.893,47115265,lidar,unknown,train,relative_depth,farther,0,"Which is farther from the camera, the television or the cabinet?",,television,choice,television|cabinet,ARKitScenes/3dod/Training/47115265/47115265_frames/lowres_wide/47115265_115105.893.png,ARKitScenes/3dod/Training/47115265/47115265_frames/lowres_depth/47115265_115105.893.png,rule,"{""a_concept"": ""cabinet"", ""a_depth_m"": 2.0739998817443848, ""b_concept"": ""television"", ""b_depth_m"": 2.5969998836517334, ""comparative"": ""farther"", ""answer_concept"": ""television""}"
train_001512,43896478/22834.698,43896478,lidar,unknown,train,left_right,,2,"Looking at the television, is the stool positioned on its left or right?",,right,choice,left|right,ARKitScenes/3dod/Training/43896478/43896478_frames/lowres_wide/43896478_22834.698.png,ARKitScenes/3dod/Training/43896478/43896478_frames/lowres_depth/43896478_22834.698.png,rule,"{""a_concept"": ""stool"", ""b_concept"": ""television"", ""a_centroid_x"": 121.32482460283832, ""b_centroid_x"": 62.45511449608986, ""horizontal_gap_px"": 58.86971010674846, ""image_width"": 256}"
train_001513,43896280/5223.883,43896280,lidar,unknown,train,identify_superlative,closest_camera,0,"Not counting the walls, floor, or ceiling, which object is closest to the camera?",,table,object,,ARKitScenes/3dod/Training/43896280/43896280_frames/lowres_wide/43896280_5223.883.png,ARKitScenes/3dod/Training/43896280/43896280_frames/lowres_depth/43896280_5223.883.png,rule,"{""winner_concept"": ""table"", ""winner_object_index"": 14, ""winner_area_frac"": 0.11324376744004849, ""winner_depth_m"": 1.062999963760376, ""runner_up_concept"": null, ""runner_up_area_frac"": null, ""runner_up_depth_m"": null}"
train_001514,47204304/15115.400,47204304,lidar,unknown,train,identify_superlative,closest_camera,0,"Not counting the walls, floor, or ceiling, which object is closest to the camera?",,table,object,,ARKitScenes/3dod/Training/47204304/47204304_frames/lowres_wide/47204304_15115.400.png,ARKitScenes/3dod/Training/47204304/47204304_frames/lowres_depth/47204304_15115.400.png,rule,"{""winner_concept"": ""table"", ""winner_object_index"": 14, ""winner_area_frac"": 0.036329750503412896, ""winner_depth_m"": 1.8990000486373901, ""runner_up_concept"": null, ""runner_up_area_frac"": null, ""runner_up_depth_m"": null}"
train_001515,41126792/6209.142,41126792,lidar,unknown,train,existence,positive,2,Does this room contain a cabinet?,,yes,yes_no,yes|no,ARKitScenes/3dod/Training/41126792/41126792_frames/lowres_wide/41126792_6209.142.png,ARKitScenes/3dod/Training/41126792/41126792_frames/lowres_depth/41126792_6209.142.png,rule,"{""concept"": ""cabinet"", ""object_index"": 1, ""area_frac"": 0.4660694860984223}"
train_001516,47331002/178671.845,47331002,lidar,unknown,train,left_right,,3,Is the television on the left side or the right side of the chair?,,left,choice,left|right,ARKitScenes/3dod/Training/47331002/47331002_frames/lowres_wide/47331002_178671.845.png,ARKitScenes/3dod/Training/47331002/47331002_frames/lowres_depth/47331002_178671.845.png,rule,"{""a_concept"": ""television"", ""b_concept"": ""chair"", ""a_centroid_x"": 59.4276608578189, ""b_centroid_x"": 112.33524999806822, ""horizontal_gap_px"": 52.90758914024932, ""image_width"": 256}"
train_001517,42898427/1105.759,42898427,lidar,unknown,train,relative_depth,farther,1,"Between the stool and the sofa, which one is farther from the camera?",,stool,choice,stool|sofa,ARKitScenes/3dod/Training/42898427/42898427_frames/lowres_wide/42898427_1105.759.png,ARKitScenes/3dod/Training/42898427/42898427_frames/lowres_depth/42898427_1105.759.png,rule,"{""a_concept"": ""sofa"", ""a_depth_m"": 3.1100001335144043, ""b_concept"": ""stool"", ""b_depth_m"": 4.492000102996826, ""comparative"": ""farther"", ""answer_concept"": ""stool""}"
train_001518,42899799/252807.476,42899799,lidar,unknown,train,nearest_object,,3,Which item is positioned nearest to the cabinet?,,sink,object,,ARKitScenes/3dod/Training/42899799/42899799_frames/lowres_wide/42899799_252807.476.png,ARKitScenes/3dod/Training/42899799/42899799_frames/lowres_depth/42899799_252807.476.png,rule,"{""anchor_concept"": ""cabinet"", ""anchor_object_index"": 1, ""answer_concept"": ""sink"", ""answer_object_index"": 2, ""nearest_distance_m"": 0.105, ""second_nearest_distance_m"": 0.572}"
train_001519,47895466/130444.622,47895466,lidar,unknown,train,left_right,,4,"Which side of the cabinet is the shelf on, left or right?",,left,choice,left|right,ARKitScenes/3dod/Training/47895466/47895466_frames/lowres_wide/47895466_130444.622.png,ARKitScenes/3dod/Training/47895466/47895466_frames/lowres_depth/47895466_130444.622.png,rule,"{""a_concept"": ""shelf"", ""b_concept"": ""cabinet"", ""a_centroid_x"": 108.18910816786028, ""b_centroid_x"": 198.30826706796668, ""horizontal_gap_px"": 90.1191589001064, ""image_width"": 256}"
train_001520,45663322/77666.675,45663322,lidar,unknown,train,nearest_object,,3,Which item is positioned nearest to the cabinet?,,chair,object,,ARKitScenes/3dod/Training/45663322/45663322_frames/lowres_wide/45663322_77666.675.png,ARKitScenes/3dod/Training/45663322/45663322_frames/lowres_depth/45663322_77666.675.png,rule,"{""anchor_concept"": ""cabinet"", ""anchor_object_index"": 26, ""answer_concept"": ""chair"", ""answer_object_index"": 30, ""nearest_distance_m"": 0.203, ""second_nearest_distance_m"": 0.633}"
train_001521,48018486/529042.885,48018486,lidar,unknown,train,nearest_object,,2,What sits closest to the chair?,,sofa,object,,ARKitScenes/3dod/Training/48018486/48018486_frames/lowres_wide/48018486_529042.885.png,ARKitScenes/3dod/Training/48018486/48018486_frames/lowres_depth/48018486_529042.885.png,rule,"{""anchor_concept"": ""chair"", ""anchor_object_index"": 10, ""answer_concept"": ""sofa"", ""answer_object_index"": 9, ""nearest_distance_m"": 1.064, ""second_nearest_distance_m"": 1.341}"
train_001522,47431190/360356.084,47431190,lidar,unknown,train,identify_superlative,closest_camera,3,"Ignoring the walls, floor, and ceiling, what object is nearest the viewer?",,cabinet,object,,ARKitScenes/3dod/Training/47431190/47431190_frames/lowres_wide/47431190_360356.084.png,ARKitScenes/3dod/Training/47431190/47431190_frames/lowres_depth/47431190_360356.084.png,rule,"{""winner_concept"": ""cabinet"", ""winner_object_index"": 26, ""winner_area_frac"": 0.017977530929285526, ""winner_depth_m"": 0.5109999775886536, ""runner_up_concept"": null, ""runner_up_area_frac"": null, ""runner_up_depth_m"": null}"
train_001523,41159846/78102.032,41159846,lidar,unknown,train,nearest_object,,1,Which object is nearest to the cabinet?,,chair,object,,ARKitScenes/3dod/Training/41159846/41159846_frames/lowres_wide/41159846_78102.032.png,ARKitScenes/3dod/Training/41159846/41159846_frames/lowres_depth/41159846_78102.032.png,rule,"{""anchor_concept"": ""cabinet"", ""anchor_object_index"": 5, ""answer_concept"": ""chair"", ""answer_object_index"": 14, ""nearest_distance_m"": 0.611, ""second_nearest_distance_m"": 0.993}"
train_001524,42897890/345048.923,42897890,lidar,unknown,train,relative_depth,farther,2,Is the chair or the cabinet farther from the camera?,,chair,choice,chair|cabinet,ARKitScenes/3dod/Training/42897890/42897890_frames/lowres_wide/42897890_345048.923.png,ARKitScenes/3dod/Training/42897890/42897890_frames/lowres_depth/42897890_345048.923.png,rule,"{""a_concept"": ""cabinet"", ""a_depth_m"": 1.3420000076293945, ""b_concept"": ""chair"", ""b_depth_m"": 2.1010000705718994, ""comparative"": ""farther"", ""answer_concept"": ""chair""}"
train_001525,43896280/5258.486,43896280,lidar,unknown,train,nearest_object,,2,What sits closest to the table?,,shelf,object,,ARKitScenes/3dod/Training/43896280/43896280_frames/lowres_wide/43896280_5258.486.png,ARKitScenes/3dod/Training/43896280/43896280_frames/lowres_depth/43896280_5258.486.png,rule,"{""anchor_concept"": ""table"", ""anchor_object_index"": 17, ""answer_concept"": ""shelf"", ""answer_object_index"": 18, ""nearest_distance_m"": 0.618, ""second_nearest_distance_m"": 0.946}"
train_001526,47333699/48864.427,47333699,lidar,unknown,train,left_right,,0,Is the cabinet to the left or to the right of the oven?,,left,choice,left|right,ARKitScenes/3dod/Training/47333699/47333699_frames/lowres_wide/47333699_48864.427.png,ARKitScenes/3dod/Training/47333699/47333699_frames/lowres_depth/47333699_48864.427.png,rule,"{""a_concept"": ""cabinet"", ""b_concept"": ""oven"", ""a_centroid_x"": 167.13230028574822, ""b_centroid_x"": 247.05707732156802, ""horizontal_gap_px"": 79.9247770358198, ""image_width"": 256}"
train_001527,42898050/223190.548,42898050,lidar,unknown,train,identify_superlative,farthest_camera,3,"Ignoring the walls, floor, and ceiling, what object is farthest from the viewer?",,cabinet,object,,ARKitScenes/3dod/Training/42898050/42898050_frames/lowres_wide/42898050_223190.548.png,ARKitScenes/3dod/Training/42898050/42898050_frames/lowres_depth/42898050_223190.548.png,rule,"{""winner_concept"": ""cabinet"", ""winner_object_index"": 1, ""winner_area_frac"": 0.13077915638397794, ""winner_depth_m"": 1.781999945640564, ""runner_up_concept"": null, ""runner_up_area_frac"": null, ""runner_up_depth_m"": null}"
train_001528,42899072/650617.692,42899072,lidar,unknown,train,left_right,,3,Is the bed on the left side or the right side of the cabinet?,,left,choice,left|right,ARKitScenes/3dod/Training/42899072/42899072_frames/lowres_wide/42899072_650617.692.png,ARKitScenes/3dod/Training/42899072/42899072_frames/lowres_depth/42899072_650617.692.png,rule,"{""a_concept"": ""bed"", ""b_concept"": ""cabinet"", ""a_centroid_x"": 42.329404409803466, ""b_centroid_x"": 124.19982898811082, ""horizontal_gap_px"": 81.87042457830736, ""image_width"": 256}"
train_001529,44796752/29871.484,44796752,lidar,unknown,train,existence,negative,2,Does this room contain a cabinet?,,no,yes_no,yes|no,ARKitScenes/3dod/Training/44796752/44796752_frames/lowres_wide/44796752_29871.484.png,ARKitScenes/3dod/Training/44796752/44796752_frames/lowres_depth/44796752_29871.484.png,rule,"{""concept"": ""cabinet"", ""reason"": ""category_or_scene_type_plausible""}"
train_001530,47429773/359913.154,47429773,lidar,unknown,train,identify_superlative,closest_camera,1,"Excluding the walls, floor, and ceiling, what is the nearest object to the camera?",,cabinet,object,,ARKitScenes/3dod/Training/47429773/47429773_frames/lowres_wide/47429773_359913.154.png,ARKitScenes/3dod/Training/47429773/47429773_frames/lowres_depth/47429773_359913.154.png,rule,"{""winner_concept"": ""cabinet"", ""winner_object_index"": 5, ""winner_area_frac"": 0.005448126426261374, ""winner_depth_m"": 1.3890000581741333, ""runner_up_concept"": null, ""runner_up_area_frac"": null, ""runner_up_depth_m"": null}"
train_001531,47895493/450865.385,47895493,lidar,unknown,train,identify_superlative,farthest_camera,5,"Excluding the walls, floor, and ceiling, what is the most distant visible object in the scene?",,chair,object,,ARKitScenes/3dod/Training/47895493/47895493_frames/lowres_wide/47895493_450865.385.png,ARKitScenes/3dod/Training/47895493/47895493_frames/lowres_depth/47895493_450865.385.png,rule,"{""winner_concept"": ""chair"", ""winner_object_index"": 4, ""winner_area_frac"": 0.042237396525715655, ""winner_depth_m"": 2.183000087738037, ""runner_up_concept"": null, ""runner_up_area_frac"": null, ""runner_up_depth_m"": null}"
train_001532,47895571/1153705.764,47895571,lidar,unknown,train,relative_depth,closer,1,"Between the refrigerator and the cabinet, which one is closer to the camera?",,refrigerator,choice,refrigerator|cabinet,ARKitScenes/3dod/Training/47895571/47895571_frames/lowres_wide/47895571_1153705.764.png,ARKitScenes/3dod/Training/47895571/47895571_frames/lowres_depth/47895571_1153705.764.png,rule,"{""a_concept"": ""cabinet"", ""a_depth_m"": 1.9479999542236328, ""b_concept"": ""refrigerator"", ""b_depth_m"": 0.9399999976158142, ""comparative"": ""closer"", ""answer_concept"": ""refrigerator""}"
train_001533,45260984/20731.807,45260984,lidar,unknown,train,left_right,,2,"Looking at the stove, is the shelf positioned on its left or right?",,left,choice,left|right,ARKitScenes/3dod/Training/45260984/45260984_frames/lowres_wide/45260984_20731.807.png,ARKitScenes/3dod/Training/45260984/45260984_frames/lowres_depth/45260984_20731.807.png,rule,"{""a_concept"": ""shelf"", ""b_concept"": ""stove"", ""a_centroid_x"": 197.41506307253474, ""b_centroid_x"": 246.59588555543738, ""horizontal_gap_px"": 49.18082248290264, ""image_width"": 256}"
train_001534,47332505/343952.791,47332505,lidar,unknown,train,nearest_object,,4,What is right next to the table?,,television,object,,ARKitScenes/3dod/Training/47332505/47332505_frames/lowres_wide/47332505_343952.791.png,ARKitScenes/3dod/Training/47332505/47332505_frames/lowres_depth/47332505_343952.791.png,rule,"{""anchor_concept"": ""table"", ""anchor_object_index"": 12, ""answer_concept"": ""television"", ""answer_object_index"": 14, ""nearest_distance_m"": 0.85, ""second_nearest_distance_m"": 1.073}"
train_001535,47670299/63486.156,47670299,lidar,unknown,train,identify_superlative,farthest_camera,4,"Not counting the room's walls, floor, or ceiling, which object is farthest away in this image?",,television,object,,ARKitScenes/3dod/Training/47670299/47670299_frames/lowres_wide/47670299_63486.156.png,ARKitScenes/3dod/Training/47670299/47670299_frames/lowres_depth/47670299_63486.156.png,rule,"{""winner_concept"": ""television"", ""winner_object_index"": 3, ""winner_area_frac"": 0.06894883343045012, ""winner_depth_m"": 1.8489999771118164, ""runner_up_concept"": ""table"", ""runner_up_area_frac"": 0.2685638354746221, ""runner_up_depth_m"": 1.4129999876022339}"
train_001536,47204350/15582.048,47204350,lidar,unknown,train,left_right,,3,Is the sofa on the left side or the right side of the cabinet?,,left,choice,left|right,ARKitScenes/3dod/Training/47204350/47204350_frames/lowres_wide/47204350_15582.048.png,ARKitScenes/3dod/Training/47204350/47204350_frames/lowres_depth/47204350_15582.048.png,rule,"{""a_concept"": ""sofa"", ""b_concept"": ""cabinet"", ""a_centroid_x"": 73.21414920299276, ""b_centroid_x"": 242.67508312203373, ""horizontal_gap_px"": 169.46093391904097, ""image_width"": 256}"
train_001537,47331527/191812.506,47331527,lidar,unknown,train,nearest_object,,4,What is right next to the cabinet?,,sink,object,,ARKitScenes/3dod/Training/47331527/47331527_frames/lowres_wide/47331527_191812.506.png,ARKitScenes/3dod/Training/47331527/47331527_frames/lowres_depth/47331527_191812.506.png,rule,"{""anchor_concept"": ""cabinet"", ""anchor_object_index"": 1, ""answer_concept"": ""sink"", ""answer_object_index"": 2, ""nearest_distance_m"": 0.185, ""second_nearest_distance_m"": 0.553}"
train_001538,43828272/84450.017,43828272,lidar,unknown,train,left_right,,4,"Which side of the chair is the shelf on, left or right?",,right,choice,left|right,ARKitScenes/3dod/Training/43828272/43828272_frames/lowres_wide/43828272_84450.017.png,ARKitScenes/3dod/Training/43828272/43828272_frames/lowres_depth/43828272_84450.017.png,rule,"{""a_concept"": ""shelf"", ""b_concept"": ""chair"", ""a_centroid_x"": 122.24598997925084, ""b_centroid_x"": 95.76818442373283, ""horizontal_gap_px"": 26.477805555518003, ""image_width"": 256}"
train_001539,43828517/102938.233,43828517,lidar,unknown,train,existence,negative,3,Can you spot a cabinet in the picture?,,no,yes_no,yes|no,ARKitScenes/3dod/Training/43828517/43828517_frames/lowres_wide/43828517_102938.233.png,ARKitScenes/3dod/Training/43828517/43828517_frames/lowres_depth/43828517_102938.233.png,rule,"{""concept"": ""cabinet"", ""reason"": ""category_or_scene_type_plausible""}"
